# exported with NifSkope

mtllib Sabre.mtl

# l_ChineseOfficerSword:0

g l_ChineseOfficerSword:0
usemtl Material.000001

v 5.2343130111694336 1.1556804180145264 4.0861350498744287e-06
v 5.2344150543212891 1.1570349931716919 0.54357224702835083
v 5.4595198631286621 0.45433661341667175 0.56470417976379395
v 5.459406852722168 0.45285958051681519 1.601174062670907e-06
v 5.02294921875 3.8124620914459229 0.57187646627426147
v 5.0229182243347168 3.8121581077575684 1.3478634173225146e-05
v 3.5531291961669922 3.9875447750091553 0.62656944990158081
v 5.4691071510314941 3.4388892650604248 1.2158869139966555e-05
v 5.4691376686096191 3.4392642974853516 0.57187515497207642
v 5.2425036430358887 2.5471625328063965 0.55584776401519775
v 5.2424430847167969 2.546389102935791 9.0032599473488517e-06
v 5.1734094619750977 1.9032077789306641 6.7291653067513835e-06
v 5.1734910011291504 1.9042869806289673 0.53877073526382446
v 5.7910599708557129 -0.11536423116922379 0.63225674629211426
v 5.7909379005432129 -0.11696339398622513 -4.1354707036589389e-07
v 6.1657881736755371 -0.72366178035736084 0.69241422414779663
v 6.1656651496887207 -0.72533220052719116 -2.5645545065344777e-06
v 6.3464908599853516 -1.3925267457962036 0.73367089033126831
v 6.3463582992553711 -1.3942890167236328 -4.9297823352389969e-06
v 6.2885346412658691 -2.3707172870635986 0.77101975679397583
v 6.2883815765380859 -2.3726627826690674 -8.3890154201071709e-06
v 5.900230884552002 -3.3535382747650146 0.79186511039733887
v 5.9000673294067383 -3.3557488918304443 -1.1864910447911825e-05
v 5.3373231887817383 -4.058685302734375 0.79985952377319336
v 5.3371391296386719 -4.0611705780029297 -1.4359067790792324e-05
v 4.4925084114074707 -4.6124024391174316 0.79985743761062622
v 4.492396354675293 -4.6138272285461426 -1.6313093510689214e-05
v 3.4746603965759277 -4.9673209190368652 0.76679795980453491
v 3.4746298789978027 -4.9677162170410156 -1.7564338122610934e-05
v 2.8839173316955566 -5.0587129592895508 0.72542649507522583
v 2.8839173316955566 -5.058751106262207 -1.7886210116557777e-05
v 1.8663959503173828 -5.1061625480651855 0.60976850986480713
v 1.8663959503173828 -5.1061601638793945 -1.8053835447062738e-05
v 0.94883459806442261 -5.0205440521240234 0.51795864105224609
v 0.9258233904838562 -5.0205421447753906 -1.7751113773556426e-05
v 0.85591256618499756 -5.0118727684020996 0.18414327502250671
v 0.69786363840103149 -4.997124195098877 0.43531832098960876
v 2.3803637027740479 4.1251044273376465 1.4585117241949774e-05
v 2.3803842067718506 4.1254787445068359 0.73046720027923584
v 5.2403111457824707 3.7935817241668701 0.5718764066696167
v 5.240290641784668 3.7933082580566406 1.3411987310973927e-05
v 5.4012980461120605 3.6972122192382813 0.57187604904174805
v 5.4012775421142578 3.6969289779663086 1.307121965510305e-05
v 5.4606003761291504 3.5895614624023438 0.57187569141387939
v 5.4605798721313477 3.5892472267150879 1.2690489711530972e-05
v 2.0041265487670898 4.1776237487792969 1.4770810594200157e-05
v 1.582560658454895 4.2364859580993652 0.65616059303283691
v 0.60898077487945557 -4.9888319969177246 0.52871978282928467
v -0.5975261926651001 4.5779628753662109 0.35197737812995911
v -0.5975261926651001 4.5779309272766113 0.65616178512573242
v -0.45758220553398132 5.641514778137207 0.65616554021835327
v -0.45758220553398132 5.6415162086486816 0.35198113322257996
v 1.6357636451721191 5.7943024635314941 0.31452730298042297
v 1.4596607685089111 6.2915425300598145 0.33159363269805908
v 1.4596607685089111 6.2915410995483398 0.65616780519485474
v 1.6357636451721191 5.7943010330200195 0.65616601705551147
v 1.582560658454895 4.2364363670349121 0.2335541695356369
v 5.02294921875 3.8124620914459229 0.57187646627426147
v 3.5531291961669922 3.9875447750091553 0.62656944990158081
v 3.4618594646453857 3.764256477355957 0.6298224925994873
v 4.9706945419311523 3.5681922435760498 0.58012735843658447
v 2.3803842067718506 4.1254787445068359 0.73046720027923584
v 2.3769466876983643 3.8992228507995605 0.724509596824646
v 1.037554144859314 4.3220534324645996 0.75389730930328369
v 1.0347492694854736 4.0971531867980957 0.75389641523361206
v 1.6241765022277832 4.0037217140197754 0.75389611721038818
v 1.582560658454895 4.2364859580993652 0.75389689207077026
v -0.5975261926651001 4.5779304504394531 0.75389814376831055
v -0.78352314233779907 4.395115852355957 0.75389748811721802
v 0.44532179832458496 4.1905856132507324 0.75389677286148071
v 0.49254781007766724 4.4076313972473145 0.75389754772186279
v -0.5975261926651001 4.5779628753662109 0.35197737812995911
v -0.90690243244171143 4.6262602806091309 0.25128313899040222
v -0.99850857257843018 4.6405181884765625 0.75389838218688965
v -0.5975261926651001 4.5779309272766113 0.65616178512573242
v 0.41484415531158447 6.7530097961425781 0.65616953372955322
v 0.16897320747375488 6.5807642936706543 0.21561048924922943
v 0.070053599774837494 6.5114641189575195 0.3332672119140625
v 0.070053599774837494 6.5114626884460449 0.65616858005523682
v 1.2050892114639282 6.6284680366516113 0.65616899728775024
v 1.2050892114639282 6.6284694671630859 0.22402562201023102
v 0.41484415531158447 6.7530117034912109 0.21551929414272308
v -0.2385575920343399 6.076484203338623 0.65616708993911743
v -0.2385575920343399 6.0764856338500977 0.33326566219329834
v 1.7222802639007568 5.2970514297485352 0.65616428852081299
v 1.582560658454895 4.2364859580993652 0.65616059303283691
v 1.582560658454895 4.2364363670349121 0.2335541695356369
v 1.7222802639007568 5.297053337097168 0.23355790972709656
v 1.3887401819229126 6.3854031562805176 0.26443716883659363
v -1.0179599523544312 4.6444988250732422 1.6421536201960407e-05
v -1.4476655721664429 4.7339015007019043 1.6737638361519203e-05
v -0.99850857257843018 4.6405200958251953 0.14376500248908997
v -1.4476655721664429 4.7339396476745605 0.75389862060546875
v -2.0480375289916992 4.8696503639221191 0.72750157117843628
v -2.0480375289916992 4.8696432113647461 1.721758053463418e-05
v -2.5488064289093018 5.0097684860229492 0.66155916452407837
v -2.5488064289093018 5.0097708702087402 1.7713029592414387e-05
v -3.1653456687927246 5.260709285736084 0.57802200317382813
v -3.1653456687927246 5.260711669921875 1.8600278053781949e-05
v -3.634688138961792 5.608243465423584 0.50897938013076782
v -3.634688138961792 5.6082453727722168 1.9829054508591071e-05
v -3.8383924961090088 5.8656916618347168 0.47064876556396484
v -3.8383924961090088 5.8656935691833496 2.0739313185913488e-05
v -3.9292440414428711 6.1135320663452148 0.41138759255409241
v -3.9292440414428711 6.1135330200195313 2.161559859814588e-05
v -3.9292440414428711 6.1135330200195313 2.161559859814588e-05
v -3.8512446880340576 6.2428998947143555 2.207299621659331e-05
v -3.8512446880340576 6.2428984642028809 0.29511827230453491
v -3.9292440414428711 6.1135320663452148 0.41138759255409241
v -3.7850568294525146 6.2781505584716797 2.2197637008503079e-05
v -3.7850568294525146 6.278139591217041 0.2814197838306427
v -3.6000900268554688 6.2586688995361328 2.2128755517769605e-05
v -3.6000900268554688 6.2586679458618164 0.26416134834289551
v -3.3778011798858643 6.2982039451599121 2.226853757747449e-05
v -3.3778011798858643 6.2982025146484375 0.26416149735450745
v -3.1824305057525635 6.4113831520080566 2.2668707970296964e-05
v -3.1824305057525635 6.411381721496582 0.2641618549823761
v -3.0375497341156006 6.5845489501953125 2.3280967070604675e-05
v -3.0375497341156006 6.5845470428466797 0.26416248083114624
v -2.9606313705444336 6.7968316078186035 2.4031533030210994e-05
v -2.9606313705444336 6.7968301773071289 0.26416322588920593
v -2.9609684944152832 7.022618293762207 2.4829847461660393e-05
v -2.9609684944152832 7.0226168632507324 0.2641640305519104
v -3.0384984016418457 7.2346663475036621 2.5579587600077502e-05
v -3.0384984016418457 7.2346653938293457 0.26416477560997009
v -3.1838788986206055 7.4074234962463379 2.6190400603809394e-05
v -3.1838788986206055 7.4074220657348633 0.26416537165641785
v -3.3795762062072754 7.5200314521789551 2.6588550099404529e-05
v -3.3795762062072754 7.5200304985046387 0.26416575908660889
v -3.601987361907959 7.5589137077331543 2.6726025680545717e-05
v -3.601987361907959 7.5589122772216797 0.26416593790054321
v -3.8242859840393066 7.519378662109375 2.6586241801851429e-05
v -3.8242859840393066 7.5193772315979004 0.26416575908660889
v -4.0196566581726074 7.4061994552612305 2.6186075047007762e-05
v -4.0196566581726074 7.4061980247497559 0.26416537165641785
v -4.1645374298095703 7.2330341339111328 2.5573812308721244e-05
v -4.1645374298095703 7.2330327033996582 0.26416477560997009
v -4.2414455413818359 7.0207514762878418 2.4823249987093732e-05
v -4.2414455413818359 7.0207505226135254 0.2641640305519104
v -4.2418022155761719 6.7930364608764648 2.401811616437044e-05
v -4.2418022155761719 6.7930254936218262 0.2638469934463501
v -4.1529908180236816 6.207618236541748 2.1948255380266346e-05
v -4.1529908180236816 6.2076168060302734 0.39580234885215759
v -4.0162906646728516 6.6677794456481934 0.34977135062217712
v -4.2418022155761719 6.7930254936218262 0.2638469934463501
v -4.1529908180236816 6.2076168060302734 0.39580234885215759
v -4.0162906646728516 6.6677794456481934 0.34977135062217712
v -4.1529908180236816 6.2076168060302734 0.39580234885215759
v -3.9078645706176758 6.5284576416015625 0.34598669409751892
v -3.9292440414428711 6.1135320663452148 0.41138759255409241
v -3.8512446880340576 6.2428984642028809 0.29511827230453491
v -3.7639124393463135 6.4566287994384766 0.34977060556411743
v -3.9292440414428711 6.1135320663452148 0.41138759255409241
v -3.7850568294525146 6.278139591217041 0.2814197838306427
v -3.7639124393463135 6.4566287994384766 0.34977060556411743
v -3.8512446880340576 6.2428984642028809 0.29511827230453491
v -3.6000900268554688 6.2586679458618164 0.26416134834289551
v -3.5993452072143555 6.4278650283813477 0.34977048635482788
v -3.7639124393463135 6.4566287994384766 0.34977060556411743
v -3.7850568294525146 6.278139591217041 0.2814197838306427
v -3.3778011798858643 6.2982025146484375 0.26416149735450745
v -3.4348602294921875 6.4571089744567871 0.34977060556411743
v -3.1824305057525635 6.411381721496582 0.2641618549823761
v -3.2902956008911133 6.5408511161804199 0.3497709333896637
v -3.0375497341156006 6.5845470428466797 0.26416248083114624
v -3.1830933094024658 6.6689934730529785 0.34977135062217712
v -2.9606313705444336 6.7968301773071289 0.26416322588920593
v -3.1261875629425049 6.8260631561279297 0.3497718870639801
v -2.9609684944152832 7.0226168632507324 0.2641640305519104
v -3.1264224052429199 6.993128776550293 0.34977251291275024
v -3.0384984016418457 7.2346653938293457 0.26416477560997009
v -3.1837973594665527 7.1500458717346191 0.34977304935455322
v -3.1838788986206055 7.4074220657348633 0.26416537165641785
v -3.2913665771484375 7.2778615951538086 0.34977349638938904
v -3.3795762062072754 7.5200304985046387 0.26416575908660889
v -3.4361758232116699 7.3611855506896973 0.34977379441261292
v -3.601987361907959 7.5589122772216797 0.26416593790054321
v -3.6007425785064697 7.3899602890014648 0.34977394342422485
v -3.8242859840393066 7.5193772315979004 0.26416575908660889
v -3.7652280330657959 7.3607068061828613 0.34977379441261292
v -4.0196566581726074 7.4061980247497559 0.26416537165641785
v -3.909792423248291 7.2769646644592285 0.34977349638938904
v -4.1645374298095703 7.2330327033996582 0.26416477560997009
v -4.0169944763183594 7.1488213539123535 0.34977304935455322
v -4.2414455413818359 7.0207505226135254 0.2641640305519104
v -4.0739107131958008 6.9917516708374023 0.34977251291275024
v -4.0736656188964844 6.8246860504150391 0.3497718870639801
v -4.0736656188964844 6.8246860504150391 0.3497718870639801
v -3.5999982357025146 6.9082651138305664 0.349558025598526
v -4.0739107131958008 6.9917516708374023 0.34977251291275024
v -3.2913665771484375 7.2778615951538086 0.34977349638938904
v -3.1837973594665527 7.1500458717346191 0.34977304935455322
v -3.5993452072143555 6.4278650283813477 0.34977048635482788
v -3.7639124393463135 6.4566287994384766 0.34977060556411743
v -3.4361758232116699 7.3611855506896973 0.34977379441261292
v -3.4348602294921875 6.4571089744567871 0.34977060556411743
v -3.6007425785064697 7.3899602890014648 0.34977394342422485
v -3.2902956008911133 6.5408511161804199 0.3497709333896637
v -3.7652280330657959 7.3607068061828613 0.34977379441261292
v -3.1830933094024658 6.6689934730529785 0.34977135062217712
v -3.909792423248291 7.2769646644592285 0.34977349638938904
v -3.1261875629425049 6.8260631561279297 0.3497718870639801
v -4.0169944763183594 7.1488213539123535 0.34977304935455322
v -3.1264224052429199 6.993128776550293 0.34977251291275024
v 5.1734910011291504 1.9042869806289673 0.53877073526382446
v 5.2425036430358887 2.5471625328063965 0.55584776401519775
v 5.0093526840209961 2.5984272956848145 0.56392639875411987
v 4.9321079254150391 1.7054176330566406 0.53951460123062134
v 6.2885346412658691 -2.3707172870635986 0.77101975679397583
v 6.3464908599853516 -1.3925267457962036 0.73367089033126831
v 6.0764760971069336 -1.426166296005249 0.73290574550628662
v 6.0040769577026367 -2.1855669021606445 0.77208125591278076
v 6.1657881736755371 -0.72366178035736084 0.69241422414779663
v 5.7910599708557129 -0.11536423116922379 0.63225674629211426
v 5.544189453125 -0.30970481038093567 0.62366765737533569
v 5.9035253524780273 -0.85618025064468384 0.68966996669769287
v 5.4595198631286621 0.45433661341667175 0.56470417976379395
v 5.2344150543212891 1.1570349931716919 0.54357224702835083
v 5.0086078643798828 0.87162888050079346 0.54357129335403442
v 5.2162899971008301 0.22948780655860901 0.56470346450805664
v 5.4691376686096191 3.4392642974853516 0.57187515497207642
v 5.1779794692993164 3.4274935722351074 0.58012688159942627
v 5.900230884552002 -3.3535382747650146 0.79186511039733887
v 5.7025032043457031 -3.0498027801513672 0.80331063270568848
v 5.3373231887817383 -4.058685302734375 0.79985952377319336
v 5.1877708435058594 -3.7923834323883057 0.80330795049667358
v 4.4925084114074707 -4.6124024391174316 0.79985743761062622
v 4.4382038116455078 -4.345059871673584 0.80293887853622437
v 3.4746603965759277 -4.9673209190368652 0.76679795980453491
v 3.4582588672637939 -4.7275390625 0.76370829343795776
v 2.8839173316955566 -5.0587129592895508 0.72542649507522583
v 2.8811123371124268 -4.8174829483032227 0.72184723615646362
v 1.8663959503173828 -5.1061625480651855 0.60976850986480713
v 1.8956800699234009 -4.8624238967895508 0.61775600910186768
v 5.2403111457824707 3.7935817241668701 0.5718764066696167
v 5.145042896270752 3.5319416522979736 0.58012723922729492
v 5.4606003761291504 3.5895614624023438 0.57187569141387939
v 5.1716547012329102 3.4954767227172852 0.58012712001800537
v 5.4012980461120605 3.6972122192382813 0.57187604904174805
v 0.94883459806442261 -5.0205440521240234 0.51795864105224609
v 0.97811883687973022 -4.7768044471740723 0.52594614028930664
v 0.63826495409011841 -4.7450928688049316 0.53671741485595703
v 0.60898077487945557 -4.9888319969177246 0.52871978282928467
v -1.3057427406311035 4.1317954063415527 1.4608775018132292e-05
v -1.305651068687439 4.1317744255065918 0.2067175954580307
v -1.2031205892562866 4.4894685745239258 0.18762445449829102
v -1.2031205892562866 4.489469051361084 1.5873398297117092e-05
v 1.0683377981185913 3.3409268856048584 0.38947838544845581
v 1.4980435371398926 3.2716898918151855 0.27458536624908447
v 1.6183727979660034 3.2489533424377441 0.42785048484802246
v 1.1321491003036499 3.3291149139404297 0.54560971260070801
v 1.0347492694854736 4.0971531867980957 0.75389641523361206
v 0.44532179832458496 4.1905856132507324 0.75389677286148071
v 0.69509941339492798 4.1369547843933105 0.62385678291320801
v 1.2063233852386475 4.0580172538757324 0.52585494518280029
v -0.96115618944168091 2.8053758144378662 0.36102870106697083
v -1.2903918027877808 2.8626499176025391 0.12023752182722092
v -1.4115473031997681 1.8587863445281982 0.12151915580034256
v -1.0368605852127075 1.9411606788635254 0.36439165472984314
v 2.1068713665008545 3.5492219924926758 0.20856174826622009
v 2.1067690849304199 3.5492327213287354 1.2549008715723176e-05
v 2.1029338836669922 3.9217367172241211 1.3866071640222799e-05
v 2.1029338836669922 3.9217360019683838 0.18853025138378143
v 1.7092139720916748 3.6082789897918701 0.44124436378479004
v 2.1068713665008545 3.5492219924926758 0.20856174826622009
v 2.1029338836669922 3.9217360019683838 0.18853025138378143
v 1.7175472974777222 3.9790794849395752 0.40747344493865967
v -1.305651068687439 4.1317744255065918 0.2067175954580307
v -0.97404897212982178 4.0657186508178711 0.43757396936416626
v -0.88200414180755615 4.424870491027832 0.40613886713981628
v -1.2031205892562866 4.4894685745239258 0.18762445449829102
v -0.032874599099159241 3.8988556861877441 0.64841765165328979
v -0.032874599099159241 4.2616496086120605 0.64268642663955688
v -1.2903918027877808 2.8626503944396973 1.0121462764800526e-05
v -1.2903918027877808 2.8626499176025391 0.12023752182722092
v -1.1859335899353027 3.728283166885376 0.11913898587226868
v -1.1859335899353027 3.7282834053039551 1.3182079783291556e-05
v -1.2770401239395142 0.31092536449432373 0.34953469038009644
v -1.6275731325149536 0.29281097650527954 0.11655644327402115
v -1.805991530418396 -1.2731643915176392 0.11160390079021454
v -1.4885166883468628 -1.3193099498748779 0.33467769622802734
v -0.98117876052856445 3.694744348526001 0.4261588454246521
v -0.078825600445270538 3.5336549282073975 0.63117825984954834
v -1.6275731325149536 0.29281097650527954 0.11655644327402115
v -1.6275731325149536 0.29281139373779297 1.0352922572565149e-06
v -1.805991530418396 -1.2731640338897705 -4.501521289057564e-06
v 1.7256666421890259 3.239030122756958 0.11903524398803711
v 1.8482400178909302 3.2214453220367432 1.139005325967446e-05
v 2.0037693977355957 3.1916103363037109 1.1284565516689327e-05
v 2.0037693977355957 3.1916098594665527 0.1885276734828949
v -1.1859335899353027 3.7282834053039551 1.3182079783291556e-05
v -1.1859335899353027 3.728283166885376 0.11913898587226868
v -1.3022849559783936 3.7593419551849365 0.18762189149856567
v -1.3022849559783936 3.7593424320220947 1.3291893083078321e-05
v -0.78352314233779907 4.395115852355957 0.75389748811721802
v -0.88200414180755615 4.424870491027832 0.40613886713981628
v -0.032874599099159241 4.2616496086120605 0.64268642663955688
v 2.3769466876983643 3.8992228507995605 0.724509596824646
v 1.6241765022277832 4.0037217140197754 0.75389611721038818
v 1.7175472974777222 3.9790794849395752 0.40747344493865967
v 2.1029338836669922 3.9217360019683838 0.18853025138378143
v 5.544189453125 -0.30970481038093567 0.62366765737533569
v 5.2162899971008301 0.22948780655860901 0.56470346450805664
v 5.2162899971008301 0.22948980331420898 8.114063234643254e-07
v 5.544189453125 -0.30970257520675659 -1.0950144542221096e-06
v 2.8811123371124268 -4.8174829483032227 0.72184723615646362
v 3.4582588672637939 -4.7275390625 0.76370829343795776
v 3.4582588672637939 -4.727536678314209 -1.6715135643607937e-05
v 2.8811123371124268 -4.8174805641174316 -1.7033147742040455e-05
v 5.7025032043457031 -3.0498027801513672 0.80331063270568848
v 6.0040769577026367 -2.1855669021606445 0.77208125591278076
v 6.0040769577026367 -2.1855640411376953 -7.7274908107938245e-06
v 5.7025032043457031 -3.049799919128418 -1.0783167454064824e-05
v 5.0086078643798828 0.87162888050079346 0.54357129335403442
v 5.0086078643798828 0.87163078784942627 3.081822114836541e-06
v 5.145042896270752 3.5319416522979736 0.58012723922729492
v 4.9706945419311523 3.5681922435760498 0.58012735843658447
v 4.9706945419311523 3.5681946277618408 1.2616053027159069e-05
v 5.145042896270752 3.5319437980651855 1.2487881576817017e-05
v 5.0093526840209961 2.5984272956848145 0.56392639875411987
v 5.1779794692993164 3.4274935722351074 0.58012688159942627
v 5.1779794692993164 3.4274957180023193 1.2118584891140927e-05
v 5.0093526840209961 2.5984294414520264 9.1872580014751293e-06
v 4.4382038116455078 -4.345059871673584 0.80293887853622437
v 4.4382038116455078 -4.3450570106506348 -1.5362802514573559e-05
v 5.1716547012329102 3.4954767227172852 0.58012712001800537
v 5.1716547012329102 3.4954788684844971 1.2358952517388389e-05
v 0.97811883687973022 -4.7768044471740723 0.52594614028930664
v 1.8956800699234009 -4.8624238967895508 0.61775600910186768
v 1.8956800699234009 -4.8624215126037598 -1.7192045561387204e-05
v 1.2615461349487305 -4.8101463317871094 -1.7007219867082313e-05
v 4.9321079254150391 1.7054176330566406 0.53951460123062134
v 4.9321079254150391 1.7054195404052734 6.0298461903585121e-06
v 3.4618594646453857 3.764256477355957 0.6298224925994873
v 5.1877708435058594 -3.7923834323883057 0.80330795049667358
v 5.1877708435058594 -3.7923803329467773 -1.3408705854089931e-05
v 6.0764760971069336 -1.426166296005249 0.73290574550628662
v 6.0764760971069336 -1.426163911819458 -5.0424828259565402e-06
v 2.3769466876983643 3.8992228507995605 0.724509596824646
v 2.3769466876983643 3.8992254734039307 1.3786478120891843e-05
v 5.9035253524780273 -0.85618025064468384 0.68966996669769287
v 5.9035253524780273 -0.85617780685424805 -3.0271846753748832e-06
v -0.10202040523290634 2.6920533180236816 0.56454890966415405
v -0.14041319489479065 1.8551737070083618 0.57179808616638184
v -0.88544160127639771 3.6696014404296875 0.35767599940299988
v -0.98117876052856445 3.694744348526001 0.4261588454246521
v -1.3022849559783936 3.7593419551849365 0.18762189149856567
v 1.6183727979660034 3.2489533424377441 0.42785048484802246
v 2.0037693977355957 3.1916098594665527 0.1885276734828949
v 2.0037693977355957 3.1916098594665527 0.1885276734828949
v 2.0037693977355957 3.1916103363037109 1.1284565516689327e-05
v 1.1321491003036499 3.3291149139404297 0.54560971260070801
v 1.2021616697311401 3.691469669342041 0.55604565143585205
v -1.3022849559783936 3.7593424320220947 1.3291893083078321e-05
v -1.3022849559783936 3.7593419551849365 0.18762189149856567
v 2.1029338836669922 3.9217360019683838 0.18853025138378143
v 2.1029338836669922 3.9217367172241211 1.3866071640222799e-05
v 0.64592522382736206 3.4092864990234375 0.63438063859939575
v 0.69509941339492798 3.774660587310791 0.64468395709991455
v -0.078825600445270538 3.5336549282073975 0.63117825984954834
v -0.066310197114944458 3.528933048248291 0.47251725196838379
v 0.63863211870193481 3.4101641178131104 0.47538307309150696
v 0.64592522382736206 3.4092864990234375 0.63438063859939575
v 0.69509941339492798 4.1369547843933105 0.62385678291320801
v 1.2063233852386475 4.0580172538757324 0.52585494518280029
v -3.1653456687927246 5.260709285736084 0.57802200317382813
v -3.3513424396514893 5.0778946876525879 0.56352716684341431
v -2.7348034381866455 4.8269534111022949 0.647064208984375
v -2.5488064289093018 5.0097684860229492 0.66155916452407837
v -3.634688138961792 5.608243465423584 0.50897938013076782
v -3.8206853866577148 5.4254288673400879 0.49449479579925537
v -3.8383924961090088 5.8656916618347168 0.47064876556396484
v -4.0566930770874023 5.8146510124206543 0.44099715352058411
v -1.4476655721664429 4.7339396476745605 0.75389862060546875
v -1.6336625814437866 4.5511250495910645 0.75389808416366577
v -1.1845054626464844 4.4577031135559082 0.75389772653579712
v -0.99850857257843018 4.6405181884765625 0.75389838218688965
v -2.0480375289916992 4.8696503639221191 0.72750157117843628
v -2.2340347766876221 4.686835765838623 0.71300673484802246
v -3.9292440414428711 6.1135320663452148 0.41138759255409241
v -4.1529908180236816 6.2076168060302734 0.39580234885215759
v -1.2031205892562866 4.4894685745239258 0.18762445449829102
v -1.1845054626464844 4.4577031135559082 0.75389772653579712
v -3.3513424396514893 5.0778946876525879 0.56352716684341431
v -3.3513424396514893 5.0778965950012207 1.7953901988221332e-05
v -2.7348034381866455 4.8269557952880859 1.7066651707864366e-05
v -2.7348034381866455 4.8269534111022949 0.647064208984375
v -2.2340347766876221 4.6868391036987305 1.6571239029872231e-05
v -2.2340347766876221 4.686835765838623 0.71300673484802246
v -4.0566930770874023 5.8146510124206543 0.44099715352058411
v -4.0566930770874023 5.8146529197692871 2.0558847609208897e-05
v -3.8206853866577148 5.4254307746887207 1.9182678443030454e-05
v -3.8206853866577148 5.4254288673400879 0.49449479579925537
v -4.1529908180236816 6.2076168060302734 0.39580234885215759
v -4.1529908180236816 6.207618236541748 2.1948255380266346e-05
v -1.6336625814437866 4.5511274337768555 1.6091405996121466e-05
v -1.6336625814437866 4.5511250495910645 0.75389808416366577
v -1.2031205892562866 4.489469051361084 1.5873398297117092e-05
v -1.5122723579406738 1.1286499500274658 0.11921139061450958
v -1.5122723579406738 1.1286503076553345 3.9905653466121294e-06
v -1.1488463878631592 1.1810567378997803 0.35746321082115173
v -1.5122723579406738 1.1286499500274658 0.11921139061450958
v -1.320063591003418 -3.2629199028015137 0.39432045817375183
v -1.5684336423873901 -3.198190450668335 0.25389730930328369
v -1.2538044452667236 -4.3592057228088379 0.32932218909263611
v -1.0955820083618164 -4.3396224975585938 0.50689405202865601
v -1.6276854276657104 -3.2006175518035889 0.12252128124237061
v -1.6474325656890869 -3.2014229297637939 -1.1319259101583157e-05
v -1.3736238479614258 -4.3892636299133301 -1.5519104636041448e-05
v -1.3436663150787354 -4.3817472457885742 0.16005308926105499
v -0.8605535626411438 -4.3410096168518066 0.61806380748748779
v -0.8832893967628479 -4.7568836212158203 0.53484064340591431
v -0.66612118482589722 -4.6028032302856445 0.64132910966873169
v -1.0178580284118652 -4.8489489555358887 0.37154844403266907
v -1.1111267805099487 -4.9099941253662109 -1.7360249330522493e-05
v -1.0878094434738159 -4.8947358131408691 0.18281768262386322
v -0.47131139039993286 -4.7242445945739746 0.66501313447952271
v -0.60766494274139404 -5.0063762664794922 0.57858753204345703
v -0.20910000801086426 -5.0774188041687012 0.59850782155990601
v -0.19867560267448425 -4.7844347953796387 0.6717754602432251
v -0.70601332187652588 -5.220034122467041 0.19526053965091705
v -0.71813100576400757 -5.2463293075561523 -1.8549428205005825e-05
v -0.20172539353370667 -5.4073357582092285 -1.9118697309750132e-05
v -0.20335739850997925 -5.3725037574768066 0.19891159236431122
v -0.6696503758430481 -5.1411786079406738 0.40505439043045044
v -0.20824320614337921 -5.2679848670959473 0.4196399450302124
v -0.96115618944168091 2.8053758144378662 0.36102870106697083
v -0.10202040523290634 2.6920533180236816 0.56454890966415405
v -0.10363199561834335 2.6920537948608398 0.47976654767990112
v -0.93868553638458252 2.8053762912750244 0.2762463390827179
v 0.43098059296607971 -5.4021344184875488 -1.9100307326880284e-05
v 0.41506859660148621 -5.3669652938842773 0.19526003301143646
v 0.36734282970428467 -5.2614669799804688 0.4050540030002594
v 0.26759698987007141 -5.0311107635498047 0.56513357162475586
v 0.28446781635284424 -4.709627628326416 0.60156917572021484
v 0.99882477521896362 -4.7985496520996094 0.1841440349817276
v 0.99882477521896362 -4.7985491752624512 -1.6966214388958178e-05
v 0.96637856960296631 -4.7985491752624512 -1.6966214388958178e-05
v 0.96637856960296631 -4.7985491752624512 0.099361635744571686
v -0.8605535626411438 -4.3410096168518066 0.61806380748748779
v -0.66612118482589722 -4.6028032302856445 0.64132910966873169
v -0.65192282199859619 -4.6028032302856445 0.55654668807983398
v -0.84090834856033325 -4.3410096168518066 0.53328144550323486
v -0.47131139039993286 -4.7242445945739746 0.66501313447952271
v -0.46256998181343079 -4.7242441177368164 0.580230712890625
v 0.47462642192840576 1.638280987739563 0.56727880239486694
v 0.3753192126750946 1.4781208038330078 0.56450378894805908
v 0.36120238900184631 1.4795491695404053 0.47974181175231934
v 0.45601138472557068 1.6368635892868042 0.48246574401855469
v 0.99882477521896362 -4.7985496520996094 0.1841440349817276
v 0.81958019733428955 -4.7666449546813965 0.40644294023513794
v 0.63826495409011841 -4.7450928688049316 0.53671741485595703
v 0.69648659229278564 -5.2335996627807617 -1.8504420950193889e-05
v 0.66349977254867554 -5.2135677337646484 0.2015845775604248
v 0.53254199028015137 -5.1569371223449707 0.41137835383415222
v 0.85591256618499756 -5.0118727684020996 0.18414327502250671
v 0.69786363840103149 -4.997124195098877 0.43531832098960876
v 0.9258233904838562 -5.0205421447753906 -1.7751113773556426e-05
v 0.69786363840103149 -4.997124195098877 0.43531832098960876
v 0.60898077487945557 -4.9888319969177246 0.52871978282928467
v 0.53254199028015137 -5.1569371223449707 0.41137835383415222
v 0.63826495409011841 -4.7450928688049316 0.53671741485595703
v 0.28446781635284424 -4.709627628326416 0.60156917572021484
v 0.53734618425369263 -4.7450928688049316 0.49698841571807861
v 0.20065440237522125 2.4944999217987061 0.56595587730407715
v 0.53734618425369263 -4.7450928688049316 0.49698841571807861
v 0.81958019733428955 -4.7666449546813965 0.40644294023513794
v 0.79215234518051147 -4.7666444778442383 0.32166054844856262
v 0.51782339811325073 -4.7450923919677734 0.4122060239315033
v 0.99882477521896362 -4.7985491752624512 -1.6966214388958178e-05
v -1.4885166883468628 -1.3193099498748779 0.33467769622802734
v -1.320063591003418 -3.2629199028015137 0.39432045817375183
v -1.2875460386276245 -3.2629196643829346 0.30953803658485413
v -1.4512763023376465 -1.3193097114562988 0.24989533424377441
v 0.28446781635284424 -4.709627628326416 0.60156917572021484
v 0.27203398942947388 -4.709627628326416 0.51678675413131714
v -0.30019620060920715 1.076526403427124 0.56410467624664307
v -1.1488463878631592 1.1810567378997803 0.35746321082115173
v -1.1211227178573608 1.1810569763183594 0.27268078923225403
v -0.29624879360198975 1.0765266418457031 0.47932222485542297
v -1.1488463878631592 1.1810567378997803 0.35746321082115173
v -1.2770401239395142 0.31092536449432373 0.34953469038009644
v -1.2457259893417358 0.31092566251754761 0.26475226879119873
v -1.1211227178573608 1.1810569763183594 0.27268078923225403
v -1.4115473031997681 1.8587868213653564 6.5721055761969183e-06
v -1.4115473031997681 1.8587863445281982 0.12151915580034256
v -0.88544160127639771 3.6696014404296875 0.35767599940299988
v -1.1859335899353027 3.728283166885376 0.11913898587226868
v -0.19867560267448425 -4.7844347953796387 0.6717754602432251
v -0.19757401943206787 -4.7844347953796387 0.58699303865432739
v -0.88544160127639771 3.6696014404296875 0.35767599940299988
v -0.96115618944168091 2.8053758144378662 0.36102870106697083
v -0.93868553638458252 2.8053762912750244 0.2762463390827179
v -0.86510276794433594 3.6696019172668457 0.27288338541984558
v -0.30019620060920715 1.076526403427124 0.56410467624664307
v -0.86510276794433594 3.6696019172668457 0.27288338541984558
v 1.8006162643432617 2.5324456691741943 8.9539607870392501e-06
v 1.6847033500671387 2.5389325618743896 0.12038937956094742
v 1.6437299251556396 1.838824987411499 0.12174350768327713
v 1.7529821395874023 1.843445897102356 6.5178660406672861e-06
v 0.36120238900184631 1.4795491695404053 0.47974181175231934
v 0.43021562695503235 1.0322179794311523 0.46662303805351257
v 0.55458420515060425 1.8250740766525269 0.48241543769836426
v 0.45601138472557068 1.6368635892868042 0.48246574401855469
v 0.20065440237522125 2.4944999217987061 0.56595587730407715
v 0.18704760074615479 2.4968664646148682 0.48115304112434387
v 0.0580889992415905 1.2150117158889771 0.5623098611831665
v 0.047093398869037628 1.2130638360977173 0.47755813598632813
v 0.0580889992415905 1.2150117158889771 0.5623098611831665
v 0.45901018381118774 2.1720774173736572 0.5681578516960144
v 0.51328438520431519 2.0269622802734375 0.56912630796432495
v 0.49418997764587402 2.0276458263397217 0.48433372378349304
v 0.44193539023399353 2.171384334564209 0.48337548971176147
v 1.4694527387619019 2.5509779453277588 0.27709200978279114
v 1.4408620595932007 1.8302664756774902 0.27960887551307678
v 0.6252293586730957 0.081292681396007538 0.36926066875457764
v 0.27198299765586853 0.12647843360900879 0.44479185342788696
v -0.035087995231151581 -1.5704443454742432 0.40388381481170654
v 0.22621560096740723 -1.6642433404922485 0.34137791395187378
v 1.235485315322876 0.034486196935176849 1.2193274301353085e-07
v 1.1455211639404297 0.035057000815868378 0.11332212388515472
v 0.61451935768127441 -1.7687108516693115 0.10490074753761292
v 0.68290019035339355 -1.774463415145874 -6.2739645727560855e-06
v 0.97847574949264526 0.03611726313829422 0.26475131511688232
v 0.48752936720848083 -1.7580422163009644 0.24989376962184906
v -0.47404497861862183 0.18514874577522278 0.47052663564682007
v -1.2457259893417358 0.31092566251754761 0.26475226879119873
v -1.4512763023376465 -1.3193097114562988 0.24989533424377441
v -0.78477776050567627 -1.4126200675964355 0.45475178956985474
v 0.60353398323059082 2.6167876720428467 0.48054143786430359
v 0.44193539023399353 2.171384334564209 0.48337548971176147
v 0.49418997764587402 2.0276458263397217 0.48433372378349304
v -0.10363199561834335 2.6920537948608398 0.47976654767990112
v 0.18704760074615479 2.4968664646148682 0.48115304112434387
v -0.29624879360198975 1.0765266418457031 0.47932222485542297
v -1.1211227178573608 1.1810569763183594 0.27268078923225403
v 1.4114453792572021 0.99782466888427734 0.11781352013349533
v 1.2252750396728516 0.99374419450759888 0.27268007397651672
v 1.5117011070251465 1.0000181198120117 3.535760924933129e-06
v 0.82774019241333008 1.0129810571670532 0.38414579629898071
v -0.10853820294141769 -3.0233123302459717 0.4866618812084198
v -0.8202635645866394 -3.2637877464294434 0.50438868999481201
v -0.84090834856033325 -4.3410096168518066 0.53328144550323486
v -0.15127620100975037 -3.8687496185302734 0.53482323884963989
v 0.72151738405227661 -3.6528854370117188 -1.2915495062770788e-05
v 0.65457475185394287 -3.65570068359375 0.11570607870817184
v 0.73199278116226196 -4.0410466194152832 0.13261629641056061
v 0.78927600383758545 -3.961435079574585 -1.4006432138558012e-05
v 0.19238218665122986 -2.9030542373657227 0.38134732842445374
v 0.17269618809223175 -3.6239185333251953 0.40460079908370972
v 0.67372018098831177 -2.7784900665283203 -9.8238979262532666e-06
v 0.61057198047637939 -2.7799897193908691 0.10328556597232819
v 0.60827696323394775 -3.3684687614440918 0.10234507918357849
v 0.66837537288665771 -3.3627462387084961 -1.1889650522789452e-05
v 0.4933127760887146 -2.7827854156494141 0.24704433977603912
v 0.49667879939079285 -3.3790974617004395 0.24538983404636383
v -1.2875460386276245 -3.2629196643829346 0.30953803658485413
v 0.27404338121414185 -3.9156692028045654 0.4177679717540741
v -0.0086292000487446785 -4.1682214736938477 0.53486305475234985
v 0.13401781022548676 -4.4677038192749023 0.53489255905151367
v 0.37538039684295654 -4.2074093818664551 0.43093511462211609
v -0.65192282199859619 -4.6028032302856445 0.55654668807983398
v 0.55671596527099609 -3.6631064414978027 0.27169463038444519
v 0.61674302816390991 -3.9471054077148438 0.29799944162368774
v -0.46256998181343079 -4.7242441177368164 0.580230712890625
v -0.19757401943206787 -4.7844347953796387 0.58699303865432739
v 1.0364934206008911 2.5838830471038818 0.39331093430519104
v 1.0046490430831909 1.8268288373947144 0.39714342355728149
v 0.27203398942947388 -4.709627628326416 0.51678675413131714
v 0.51782339811325073 -4.6105751991271973 0.41220653057098389
v 0.74034655094146729 -4.439295768737793 0.31832626461982727
v 0.81715255975723267 -4.4722719192504883 0.1414581835269928
v 0.88950121402740479 -4.4976186752319336 -1.5902214727248065e-05
v 0.51782339811325073 -4.7450923919677734 0.4122060239315033
v 0.79215234518051147 -4.7666444778442383 0.32166054844856262
v 0.96637856960296631 -4.7985491752624512 0.099361635744571686
v 0.96637856960296631 -4.7985491752624512 -1.6966214388958178e-05
v 1.4980435371398926 3.2716898918151855 0.27458536624908447
v 1.0683377981185913 3.3409268856048584 0.38947838544845581
v -0.066310197114944458 3.528933048248291 0.47251725196838379
v 0.63863211870193481 3.4101641178131104 0.47538307309150696
v -0.86510276794433594 3.6696019172668457 0.27288338541984558
v -0.93868553638458252 2.8053762912750244 0.2762463390827179
v 1.7256666421890259 3.239030122756958 0.11903524398803711
v 1.8482400178909302 3.2214453220367432 1.139005325967446e-05
v 0.047093398869037628 1.2130638360977173 0.47755813598632813
v -0.90690243244171143 4.6262602806091309 0.25128313899040222
v -0.5975261926651001 4.5779628753662109 0.35197737812995911
v -0.45758220553398132 5.6415162086486816 0.35198113322257996
v -0.73092174530029297 5.6787576675415039 0.25151127576828003
v -1.0179599523544312 4.6444988250732422 1.6421536201960407e-05
v -0.99850857257843018 4.6405200958251953 0.14376500248908997
v -0.82252806425094604 5.6930270195007324 0.14376871287822723
v -0.84197944402694702 5.6970052719116211 2.0142882931395434e-05
v -0.90690243244171143 4.6262602806091309 0.25128313899040222
v -0.73092174530029297 5.6787576675415039 0.25151127576828003
v -0.2385575920343399 6.0764856338500977 0.33326566219329834
v -0.65958297252655029 6.1409492492675781 0.25279811024665833
v -0.75117897987365723 6.155219554901123 0.14377038180828094
v -0.7706303596496582 6.1591982841491699 2.1777057554572821e-05
v -0.65958297252655029 6.1409492492675781 0.25279811024665833
v -0.1686875969171524 6.5271825790405273 0.31130668520927429
v -0.58971303701400757 6.5916461944580078 0.25279968976974487
v -0.58971303701400757 6.5916461944580078 0.25279968976974487
v -0.68130898475646973 6.6059165000915527 0.14377196133136749
v -0.70076030492782593 6.609896183013916 2.3370588678517379e-05
v 0.070053599774837494 6.5114641189575195 0.3332672119140625
v 1.582560658454895 4.2364363670349121 0.2335541695356369
v 2.0041265487670898 4.1776237487792969 1.4770810594200157e-05
v 2.1438460350036621 5.238250732421875 1.8520864614401944e-05
v 1.7222802639007568 5.297053337097168 0.23355790972709656
v 2.2193160057067871 5.7119998931884766 2.0195899196551181e-05
v 1.6357636451721191 5.7943024635314941 0.31452730298042297
v 2.2821991443634033 6.1564035415649414 2.1767174985143356e-05
v 1.4596607685089111 6.2915425300598145 0.33159363269805908
v -0.018094800412654877 11.121650695800781 3.932278195861727e-05
v 0.00082620000466704369 11.117672920227051 0.1437879204750061
v 0.52248477935791016 15.277610778808594 0.14380261301994324
v 0.50390034914016724 15.280569076538086 5.4027455917093903e-05
v 0.089933402836322784 11.103411674499512 0.25281566381454468
v 0.49947357177734375 11.038948059082031 0.31272003054618835
v 1.0107791423797607 15.225926399230957 0.31273481249809265
v 0.60974580049514771 15.268184661865234 0.2528303861618042
v 0.73170721530914307 11.023221015930176 0.33929091691970825
v 0.81330716609954834 11.008327484130859 0.21613611280918121
v 1.3170444965362549 15.212298393249512 0.21615096926689148
v 1.2370253801345825 15.222764015197754 0.33930578827857971
v 2.0692739486694336 10.795158386230469 0.3423195481300354
v 2.8693821430206299 10.660019874572754 3.7690591852879152e-05
v 3.3317584991455078 14.975527763366699 5.2948918892070651e-05
v 2.5477659702301025 15.067255020141602 0.34233465790748596
v 1.0161137580871582 10.971291542053223 0.21613596379756927
v 1.7848163843154907 10.846760749816895 0.22484636306762695
v 2.2688472270965576 15.103425025939941 0.22486139833927155
v 1.5159239768981934 15.186267852783203 0.21615089476108551
v 0.73170721530914307 11.023221015930176 0.33929091691970825
v 1.2370253801345825 15.222764015197754 0.33930578827857971
v 0.089933402836322784 11.103411674499512 0.25281566381454468
v 0.60974580049514771 15.268184661865234 0.2528303861618042
v 1.9900301694869995 10.809529304504395 0.26644182205200195
v 2.0692739486694336 10.795158386230469 0.3423195481300354
v 2.5477659702301025 15.067255020141602 0.34233465790748596
v 2.4700624942779541 15.077332496643066 0.26645690202713013
v 0.81330716609954834 11.008327484130859 0.21613611280918121
v 1.3170444965362549 15.212298393249512 0.21615096926689148
v 0.16897320747375488 6.5807642936706543 0.21561048924922943
v 0.41484415531158447 6.7530117034912109 0.21551929414272308
v 1.2050892114639282 6.6284694671630859 0.22402562201023102
v 1.3887401819229126 6.3854031562805176 0.26443716883659363
v 1.4596607685089111 6.2915425300598145 0.33159363269805908
v 0.070053599774837494 6.5114641189575195 0.3332672119140625
v 0.16897320747375488 6.5807642936706543 0.21561048924922943
v 0.87141656875610352 19.064004898071289 6.7404529545456171e-05
v 0.88983774185180664 19.062116622924805 0.14381599426269531
v 1.1570777893066406 22.909738540649414 0.1438295990228653
v 1.1389524936676025 22.911676406860352 8.1008744018618017e-05
v 1.8707616329193115 19.027660369873047 0.21616445481777191
v 2.6149742603302002 18.987951278686523 0.22487513720989227
v 2.8548882007598877 22.830955505371094 0.22488871216773987
v 2.1224873065948486 22.872663497924805 0.21617805957794189
v 2.8909757137298584 18.967777252197266 0.34234845638275146
v 3.6662063598632813 18.920978546142578 6.6898835939355195e-05
v 3.8894128799438477 22.761146545410156 8.04765077191405e-05
v 3.1264939308166504 22.810031890869141 0.34236207604408264
v 0.97607874870300293 19.057689666748047 0.25284376740455627
v 1.3723691701889038 19.038402557373047 0.31274831295013428
v 1.6319593191146851 22.884738922119141 0.31276190280914307
v 1.2419519424438477 22.905088424682617 0.25285738706588745
v 2.8140883445739746 18.973394393920898 0.26647067070007324
v 3.0508301258087158 22.815858840942383 0.26648426055908203
v 1.6739423274993896 19.042274475097656 0.21616451442241669
v 1.9288097620010376 22.887809753417969 0.21617811918258667
v 1.594770073890686 19.048162460327148 0.33931931853294373
v 1.8508919477462769 22.893909454345703 0.3393329381942749
v 0.97607874870300293 19.057689666748047 0.25284376740455627
v 1.2419519424438477 22.905088424682617 0.25285738706588745
v 2.8909757137298584 18.967777252197266 0.34234845638275146
v 3.1264939308166504 22.810031890869141 0.34236207604408264
v 1.594770073890686 19.048162460327148 0.33931931853294373
v 1.6739423274993896 19.042274475097656 0.21616451442241669
v 1.9288097620010376 22.887809753417969 0.21617811918258667
v 1.8508919477462769 22.893909454345703 0.3393329381942749
v 1.2370253801345825 15.222764015197754 0.33930578827857971
v 1.3170444965362549 15.212298393249512 0.21615096926689148
v 2.4700624942779541 15.077332496643066 0.26645690202713013
v 2.5477659702301025 15.067255020141602 0.34233465790748596
v 0.52248477935791016 15.277610778808594 0.14380261301994324
v 0.60974580049514771 15.268184661865234 0.2528303861618042
v 1.0107791423797607 15.225926399230957 0.31273481249809265
v 1.2370253801345825 15.222764015197754 0.33930578827857971
v 1.3170444965362549 15.212298393249512 0.21615096926689148
v 1.5159239768981934 15.186267852783203 0.21615089476108551
v 2.2688472270965576 15.103425025939941 0.22486139833927155
v 0.60974580049514771 15.268184661865234 0.2528303861618042
v 2.5477659702301025 15.067255020141602 0.34233465790748596
v 3.3317584991455078 14.975527763366699 5.2948918892070651e-05
v 0.50390034914016724 15.280569076538086 5.4027455917093903e-05
v 1.3554269075393677 25.720563888549805 0.25286734104156494
v 1.7455158233642578 25.72712516784668 0.31277197599411011
v 1.7826335430145264 29.222265243530273 0.3058687150478363
v 1.3930548429489136 29.207881927490234 0.24786125123500824
v 2.9680368900299072 25.757673263549805 0.22489906847476959
v 3.164355993270874 25.756122589111328 0.26649466156959534
v 3.1995258331298828 29.279750823974609 0.26192733645439148
v 3.0033695697784424 29.277376174926758 0.22148430347442627
v 2.0411627292633057 25.750614166259766 0.2161882221698761
v 2.2352280616760254 25.748838424682617 0.2161882221698761
v 2.2714381217956543 29.253833770751953 0.2127632349729538
v 2.0775256156921387 29.251712799072266 0.21268163621425629
v 1.9630817174911499 25.751325607299805 0.33934304118156433
v 1.9995059967041016 29.250856399536133 0.33160343766212463
v 1.2705119848251343 25.719371795654297 0.14383953809738159
v 1.3554269075393677 25.720563888549805 0.25286734104156494
v 1.3930548429489136 29.207881927490234 0.24786125123500824
v 1.3082519769668579 29.204977035522461 0.14271965622901917
v 3.2401728630065918 25.755519866943359 0.34237250685691833
v 3.275270938873291 29.280681610107422 0.3356325626373291
v 1.9630817174911499 25.751325607299805 0.33934304118156433
v 2.0411627292633057 25.750614166259766 0.2161882221698761
v 2.0775256156921387 29.251712799072266 0.21268163621425629
v 1.9995059967041016 29.250856399536133 0.33160343766212463
v 1.2523152828216553 25.720054626464844 9.0938308858312666e-05
v 1.2900551557540894 29.205303192138672 0.00010326108895242214
v 3.2401728630065918 25.755519866943359 0.34237250685691833
v 4.0038771629333496 25.759283065795898 9.1077010438311845e-05
v 4.0381698608398438 29.299785614013672 0.00010359514271840453
v 3.275270938873291 29.280681610107422 0.3356325626373291
v 1.2900551557540894 29.205303192138672 0.00010326108895242214
v 1.3082519769668579 29.204977035522461 0.14271965622901917
v 1.2556097507476807 33.094715118408203 0.13932658731937408
v 1.2376271486282349 33.09503173828125 0.00011701400217134506
v 2.2714381217956543 29.253833770751953 0.2127632349729538
v 3.0033695697784424 29.277376174926758 0.22148430347442627
v 2.9314494132995605 33.1671142578125 0.20998227596282959
v 2.2078509330749512 33.143573760986328 0.20184257626533508
v 3.275270938873291 29.280681610107422 0.3356325626373291
v 4.0381698608398438 29.299785614013672 0.00010359514271840453
v 3.9544787406921387 33.189525604248047 0.00011734809231711552
v 3.2002601623535156 33.170417785644531 0.31239026784896851
v 1.3930548429489136 29.207881927490234 0.24786125123500824
v 1.7826335430145264 29.222265243530273 0.3058687150478363
v 1.7246057987213135 33.112003326416016 0.28444206714630127
v 1.3394538164138794 33.097621917724609 0.23265659809112549
v 3.1995258331298828 29.279750823974609 0.26192733645439148
v 3.1253716945648193 33.169490814208984 0.2463044673204422
v 2.0775256156921387 29.251712799072266 0.21268163621425629
v 2.0161318778991699 33.141448974609375 0.20167937874794006
v 1.9995059967041016 29.250856399536133 0.33160343766212463
v 1.9390097856521606 33.140594482421875 0.30743294954299927
v 1.3930548429489136 29.207881927490234 0.24786125123500824
v 1.3394538164138794 33.097621917724609 0.23265659809112549
v 3.275270938873291 29.280681610107422 0.3356325626373291
v 3.2002601623535156 33.170417785644531 0.31239026784896851
v 1.9995059967041016 29.250856399536133 0.33160343766212463
v 2.0775256156921387 29.251712799072266 0.21268163621425629
v 2.0161318778991699 33.141448974609375 0.20167937874794006
v 1.9390097856521606 33.140594482421875 0.30743294954299927
v 1.4492872953414917 37.066276550292969 0.25100001692771912
v 1.6629570722579956 37.106651306152344 0.26953360438346863
v 1.2427577972412109 41.072704315185547 0.22239300608634949
v 1.0298123359680176 41.020545959472656 0.20942863821983337
v 0.97935301065444946 37.0230712890625 0.13409771025180817
v 1.0633704662322998 37.030609130859375 0.20917992293834686
v 0.64314061403274536 40.963584899902344 0.18007282912731171
v 0.55893957614898682 40.951416015625 0.12760399281978607
v 2.8525419235229492 37.201164245605469 0.220879927277565
v 2.9276857376098633 37.206233978271484 0.2744605541229248
v 2.510944128036499 41.242034912109375 0.22678980231285095
v 2.4355559349060059 41.232830047607422 0.18893757462501526
v 1.6629570722579956 37.106651306152344 0.26953360438346863
v 1.7403546571731567 37.111782073974609 0.18437379598617554
v 1.3204206228256226 41.082099914550781 0.1628352552652359
v 1.2427577972412109 41.072704315185547 0.22239300608634949
v 0.96127855777740479 37.022388458251953 0.00013089993444737047
v 0.54077339172363281 40.949745178222656 0.00014478586672339588
v 1.9327265024185181 37.124500274658203 0.18456767499446869
v 2.657956600189209 37.188045501708984 0.19138149917125702
v 2.2403078079223633 41.208976745605469 0.16804789006710052
v 1.5134556293487549 41.105438232421875 0.16302913427352905
v 2.9276857376098633 37.206233978271484 0.2744605541229248
v 3.6839034557342529 37.267032623291016 0.00013176491484045982
v 3.2691714763641357 41.344558715820313 0.00014618181739933789
v 2.510944128036499 41.242034912109375 0.22678980231285095
v 1.0633704662322998 37.030609130859375 0.20917992293834686
v 0.64314061403274536 40.963584899902344 0.18007282912731171
v 1.7403546571731567 37.111782073974609 0.18437379598617554
v 1.3204206228256226 41.082099914550781 0.1628352552652359
v 1.7186489105224609 44.715938568115234 0.14542649686336517
v 1.9207720756530762 44.744453430175781 0.15800321102142334
v 1.3492865562438965 48.294673919677734 0.13041454553604126
v 1.2037121057510376 48.265598297119141 0.12436585128307343
v 0.76674419641494751 44.567081451416016 0.14183558523654938
v 0.96659278869628906 44.595035552978516 0.14204989373683929
v 0.11551500111818314 48.033420562744141 0.12281462550163269
v 0.0012852000072598457 48.010738372802734 0.12645596265792847
v 0.46663981676101685 44.498611450195313 0.16881434619426727
v 0.68633753061294556 44.555820465087891 0.17642372846603394
v 0.0012852000072598457 48.010738372802734 0.12645596265792847
v -0.22272719442844391 47.939426422119141 0.12484408915042877
v -0.00095880002481862903 44.4217529296875 0.0879688560962677
v 0.066606000065803528 44.432415008544922 0.15157610177993774
v -0.63321602344512939 47.847557067871094 0.12193676829338074
v -0.70257598161697388 47.832553863525391 0.076658919453620911
v 1.9988225698471069 44.755466461181641 0.18064725399017334
v 0.68633753061294556 44.555820465087891 0.17642372846603394
v 0.76674419641494751 44.567081451416016 0.14183558523654938
v 0.0012852000072598457 48.010738372802734 0.12645596265792847
v -0.039331197738647461 44.416126251220703 0.00015704195539001375
v -0.74199897050857544 47.824462890625 0.00016909278929233551
v 1.9988225698471069 44.755466461181641 0.18064725399017334
v 2.7834982872009277 44.876102447509766 0.00015866829198785126
v 2.1551070213317871 48.465709686279297 0.00017136005044449121
v 1.3492865562438965 48.294673919677734 0.13041454553604126
v 0.066606000065803528 44.432415008544922 0.15157610177993774
v -0.63321602344512939 47.847557067871094 0.12193676829338074
v -1.0874016284942627 52.596908569335938 0.083754561841487885
v 0.34833002090454102 52.805091857910156 0.08730490505695343
v -0.073052398860454559 57.558834075927734 0.00020351057173684239
v -2.4900953769683838 57.075466156005859 0.076640598475933075
v 1.2066599130630493 52.930862426757813 0.00018714745237957686
v -1.7648040056228638 52.469432830810547 0.091302119195461273
v -1.3273055553436279 52.538219451904297 0.083968557417392731
v -2.6353635787963867 57.032562255859375 0.082760445773601532
v -3.0776970386505127 56.940681457519531 0.092042125761508942
v -1.8387131690979004 52.458324432373047 0.06603667140007019
v -1.7648040056228638 52.469432830810547 0.091302119195461273
v -3.0776970386505127 56.940681457519531 0.092042125761508942
v -3.152442455291748 56.925685882568359 0.062819071114063263
v -1.8806861639022827 52.452445983886719 0.00018545595230534673
v -3.1949255466461182 56.917591094970703 0.0002012433105846867
v -0.74199897050857544 47.824462890625 0.00016909278929233551
v -0.70257598161697388 47.832553863525391 0.076658919453620911
v -0.63321602344512939 47.847557067871094 0.12193676829338074
v -0.22272719442844391 47.939426422119141 0.12484408915042877
v 0.0012852000072598457 48.010738372802734 0.12645596265792847
v 0.11551500111818314 48.033420562744141 0.12281462550163269
v 1.2037121057510376 48.265598297119141 0.12436585128307343
v 1.3492865562438965 48.294673919677734 0.13041454553604126
v -0.63321602344512939 47.847557067871094 0.12193676829338074
v 2.1551070213317871 48.465709686279297 0.00017136005044449121
v -3.8397185802459717 59.012722015380859 0.060980252921581268
v -3.7674517631530762 59.027729034423828 0.088418297469615936
v -4.3628358840942383 60.853279113769531 0.086190953850746155
v -4.4299516677856445 60.838275909423828 0.059854503720998764
v -3.8807940483093262 59.004631042480469 0.0002086224703816697
v -4.4680891036987305 60.830192565917969 0.00021507710334844887
v -3.3397655487060547 59.119598388671875 0.077412828803062439
v -0.86229783296585083 59.645862579345703 0.00021088967332616448
v -1.6652214527130127 61.471431732177734 0.00021734432084485888
v -3.9656987190246582 60.945163726806641 0.074114479124546051
v -3.7674517631530762 59.027729034423828 0.088418297469615936
v -4.3628358840942383 60.853279113769531 0.086190953850746155
v -4.8724784851074219 62.377719879150391 0.085094742476940155
v -4.9256720542907715 62.362720489501953 0.059298891574144363
v -4.9559049606323242 62.3546142578125 0.0002204670017817989
v -2.734283447265625 62.995861053466797 0.0002227342629339546
v -4.5576968193054199 62.469593048095703 0.072436869144439697
v -4.8724784851074219 62.377719879150391 0.085094742476940155
v -5.3836102485656738 63.757415771484375 0.059130426496267319
v -5.3991250991821289 63.749313354492188 0.0002253982238471508
v -4.2587752342224121 64.390556335449219 0.00022766545589547604
v -5.1947269439697266 63.864292144775391 0.071911409497261047
v -5.3563051223754883 63.772418975830078 0.084752880036830902
v -5.3563051223754883 63.772418975830078 0.084752880036830902
v -5.893641471862793 65.311050415039063 0.00023092006449587643
v -5.893641471862793 65.311050415039063 0.00023092006449587643
v 0.47462642192840576 1.638280987739563 0.56727880239486694
v 0.53349065780639648 1.8288068771362305 0.56914603710174561
v 0.51328438520431519 2.0269622802734375 0.56912630796432495
v 0.45901018381118774 2.1720774173736572 0.5681578516960144
v 0.35181841254234314 2.3507919311523438 0.56695491075515747
v 0.23494680225849152 1.3245190382003784 0.5625346302986145
v 0.3753192126750946 1.4781208038330078 0.56450378894805908
v 0.51376378536224365 1.8285928964614868 0.4843534529209137
v 0.22271698713302612 1.3243663311004639 0.47776246070861816
v 0.33653879165649414 2.3512818813323975 0.48216229677200317
v 0.53349065780639648 1.8288068771362305 0.56914603710174561
v 0.51376378536224365 1.8285928964614868 0.4843534529209137
v 0.33653879165649414 2.3512818813323975 0.48216229677200317
v 0.35181841254234314 2.3507919311523438 0.56695491075515747
v 0.23494680225849152 1.3245190382003784 0.5625346302986145
v 0.22271698713302612 1.3243663311004639 0.47776246070861816
v 1.582560658454895 4.2364859580993652 0.75389689207077026
v 0.49254781007766724 4.4076313972473145 0.75389754772186279
v 1.037554144859314 4.3220534324645996 0.75389730930328369
v 0.49254781007766724 4.4076313972473145 0.65616118907928467
v -0.5975261926651001 4.5779304504394531 0.75389814376831055
v 0.49254781007766724 4.4076313972473145 0.65616118907928467
v 0.74028539657592773 6.2899293899536133 0.65616780519485474
v -0.45758220553398132 5.641514778137207 0.65616554021835327
v -0.5975261926651001 4.5779309272766113 0.65616178512573242
v 1.582560658454895 4.2364859580993652 0.65616059303283691
v 1.7222802639007568 5.2970514297485352 0.65616428852081299
v 0.41484415531158447 6.7530097961425781 0.65616953372955322
v 1.2050892114639282 6.6284680366516113 0.65616899728775024
v 0.070053599774837494 6.5114626884460449 0.65616858005523682
v 1.4596607685089111 6.2915410995483398 0.65616780519485474
v 1.6357636451721191 5.7943010330200195 0.65616601705551147
v -0.2385575920343399 6.076484203338623 0.65616708993911743
v 5.4595198631286621 0.4543406069278717 -0.56470102071762085
v 5.2344150543212891 1.1570389270782471 -0.54356414079666138
v 5.02294921875 3.8124663829803467 -0.57184946537017822
v 3.5531291961669922 3.9875490665435791 -0.62654131650924683
v 5.2425036430358887 2.5471663475036621 -0.55582976341247559
v 5.4691376686096191 3.4392688274383545 -0.57185083627700806
v 5.1734910011291504 1.9042909145355225 -0.53875726461410522
v 5.7910599708557129 -0.11535976082086563 -0.63225758075714111
v 6.1657881736755371 -0.72365695238113403 -0.69241935014724731
v 6.3464908599853516 -1.392521858215332 -0.73368066549301147
v 6.2885346412658691 -2.3707118034362793 -0.77103656530380249
v 5.900230884552002 -3.3535327911376953 -0.7918887734413147
v 5.3373231887817383 -4.0586786270141602 -0.79988807439804077
v 4.4925084114074707 -4.6123957633972168 -0.79989016056060791
v 3.4746603965759277 -4.967315673828125 -0.76683312654495239
v 2.8839173316955566 -5.0587077140808105 -0.72546219825744629
v 1.8663959503173828 -5.1061577796936035 -0.60980463027954102
v 0.94883459806442261 -5.0205402374267578 -0.51799410581588745
v 0.85591256618499756 -5.011871337890625 -0.18417870998382568
v 0.69786363840103149 -4.9971213340759277 -0.43535363674163818
v 2.3803842067718506 4.1254844665527344 -0.73043793439865112
v 5.2403111457824707 3.7935860157012939 -0.57184958457946777
v 5.4012980461120605 3.697216272354126 -0.57184988260269165
v 5.4606003761291504 3.5895657539367676 -0.57185029983520508
v 1.582560658454895 4.2364907264709473 -0.65613061189651489
v 0.60898077487945557 -4.9888286590576172 -0.52875500917434692
v -0.5975261926651001 4.577965259552002 -0.35194504261016846
v -0.45758220553398132 5.6415190696716309 -0.35194128751754761
v -0.45758220553398132 5.6415200233459473 -0.65612560510635376
v -0.5975261926651001 4.5779356956481934 -0.65612936019897461
v 1.6357636451721191 5.794304370880127 -0.31448632478713989
v 1.6357636451721191 5.7943058013916016 -0.65612506866455078
v 1.4596607685089111 6.2915458679199219 -0.65612328052520752
v 1.4596607685089111 6.2915449142456055 -0.33154913783073425
v 1.582560658454895 4.2364382743835449 -0.23352420330047607
v 5.02294921875 3.8124663829803467 -0.57184946537017822
v 4.9706945419311523 3.5681967735290527 -0.58010214567184448
v 3.4618594646453857 3.7642612457275391 -0.62979590892791748
v 3.5531291961669922 3.9875490665435791 -0.62654131650924683
v 2.3769466876983643 3.8992280960083008 -0.72448194026947021
v 2.3803842067718506 4.1254844665527344 -0.73043793439865112
v 1.037554144859314 4.322059154510498 -0.75386667251586914
v 1.582560658454895 4.2364912033081055 -0.75386703014373779
v 1.6241765022277832 4.0037274360656738 -0.75386780500411987
v 1.0347492694854736 4.0971593856811523 -0.753867506980896
v -0.5975261926651001 4.5779361724853516 -0.75386577844619751
v 0.49254781007766724 4.4076371192932129 -0.75386637449264526
v 0.44532179832458496 4.1905913352966309 -0.75386714935302734
v -0.78352314233779907 4.3951215744018555 -0.75386643409729004
v -0.5975261926651001 4.577965259552002 -0.35194504261016846
v -0.5975261926651001 4.5779356956481934 -0.65612936019897461
v -0.99850857257843018 4.6405234336853027 -0.75386554002761841
v -0.90690243244171143 4.6262617111206055 -0.25125044584274292
v 0.41484415531158447 6.7530145645141602 -0.65612167119979858
v 0.070053599774837494 6.511467456817627 -0.65612256526947021
v 0.070053599774837494 6.5114665031433105 -0.3332211971282959
v 0.16897320747375488 6.5807652473449707 -0.21556392312049866
v 0.41484415531158447 6.7530126571655273 -0.21547150611877441
v 1.2050892114639282 6.6284708976745605 -0.22397875785827637
v 1.2050892114639282 6.6284728050231934 -0.65612208843231201
v -0.2385575920343399 6.0764889717102051 -0.65612411499023438
v -0.2385575920343399 6.0764880180358887 -0.33322271704673767
v 1.7222802639007568 5.2970561981201172 -0.65612685680389404
v 1.7222802639007568 5.2970542907714844 -0.23352046310901642
v 1.582560658454895 4.2364382743835449 -0.23352420330047607
v 1.582560658454895 4.2364907264709473 -0.65613061189651489
v 1.3887401819229126 6.3854055404663086 -0.26439201831817627
v -0.99850857257843018 4.6405215263366699 -0.14373220503330231
v -1.4476655721664429 4.733945369720459 -0.75386530160903931
v -2.0480375289916992 4.8696560859680176 -0.72746717929840088
v -2.5488064289093018 5.0097732543945313 -0.66152364015579224
v -3.1653456687927246 5.2607131004333496 -0.57798480987548828
v -3.634688138961792 5.6082468032836914 -0.50893974304199219
v -3.8383924961090088 5.8656954765319824 -0.4706072211265564
v -3.9292440414428711 6.1135344505310059 -0.41134440898895264
v -3.9292440414428711 6.1135344505310059 -0.41134440898895264
v -3.8512446880340576 6.2429008483886719 -0.29507410526275635
v -3.7850568294525146 6.2781424522399902 -0.28137537837028503
v -3.6000900268554688 6.2586698532104492 -0.264117032289505
v -3.3778011798858643 6.2982053756713867 -0.26411691308021545
v -3.1824305057525635 6.4113845825195313 -0.26411652565002441
v -3.0375497341156006 6.5845499038696289 -0.26411589980125427
v -2.9606313705444336 6.7968325614929199 -0.26411515474319458
v -2.9609684944152832 7.0226192474365234 -0.26411435008049011
v -3.0384984016418457 7.2346677780151367 -0.26411360502243042
v -3.1838788986206055 7.4074249267578125 -0.26411303877830505
v -3.3795762062072754 7.5200328826904297 -0.26411259174346924
v -3.601987361907959 7.5589146614074707 -0.26411247253417969
v -3.8242859840393066 7.5193796157836914 -0.26411259174346924
v -4.0196566581726074 7.4062004089355469 -0.26411303877830505
v -4.1645374298095703 7.2330355644226074 -0.26411360502243042
v -4.2414455413818359 7.0207533836364746 -0.26411435008049011
v -4.2418022155761719 6.7930278778076172 -0.26379898190498352
v -4.1529908180236816 6.2076191902160645 -0.39575845003128052
v -4.0162906646728516 6.6677818298339844 -0.34972420334815979
v -4.1529908180236816 6.2076191902160645 -0.39575845003128052
v -4.2418022155761719 6.7930278778076172 -0.26379898190498352
v -4.0162906646728516 6.6677818298339844 -0.34972420334815979
v -3.9078645706176758 6.5284600257873535 -0.34594050049781799
v -4.1529908180236816 6.2076191902160645 -0.39575845003128052
v -3.9292440414428711 6.1135344505310059 -0.41134440898895264
v -3.8512446880340576 6.2429008483886719 -0.29507410526275635
v -3.9292440414428711 6.1135344505310059 -0.41134440898895264
v -3.7639124393463135 6.456632137298584 -0.34972494840621948
v -3.7850568294525146 6.2781424522399902 -0.28137537837028503
v -3.8512446880340576 6.2429008483886719 -0.29507410526275635
v -3.7639124393463135 6.456632137298584 -0.34972494840621948
v -3.6000900268554688 6.2586698532104492 -0.264117032289505
v -3.7850568294525146 6.2781424522399902 -0.28137537837028503
v -3.7639124393463135 6.456632137298584 -0.34972494840621948
v -3.5993452072143555 6.4278678894042969 -0.34972506761550903
v -3.3778011798858643 6.2982053756713867 -0.26411691308021545
v -3.4348602294921875 6.4571113586425781 -0.34972494840621948
v -3.1824305057525635 6.4113845825195313 -0.26411652565002441
v -3.2902956008911133 6.5408535003662109 -0.34972465038299561
v -3.0375497341156006 6.5845499038696289 -0.26411589980125427
v -3.1830933094024658 6.6689958572387695 -0.34972420334815979
v -2.9606313705444336 6.7968325614929199 -0.26411515474319458
v -3.1261875629425049 6.8260655403137207 -0.34972363710403442
v -2.9609684944152832 7.0226192474365234 -0.26411435008049011
v -3.1264224052429199 6.9931316375732422 -0.34972304105758667
v -3.0384984016418457 7.2346677780151367 -0.26411360502243042
v -3.1837973594665527 7.1500482559204102 -0.34972253441810608
v -3.1838788986206055 7.4074249267578125 -0.26411303877830505
v -3.2913665771484375 7.2778644561767578 -0.34972202777862549
v -3.3795762062072754 7.5200328826904297 -0.26411259174346924
v -3.4361758232116699 7.3611879348754883 -0.34972172975540161
v -3.601987361907959 7.5589146614074707 -0.26411247253417969
v -3.6007425785064697 7.3899626731872559 -0.34972164034843445
v -3.8242859840393066 7.5193796157836914 -0.26411259174346924
v -3.7652280330657959 7.3607091903686523 -0.34972172975540161
v -4.0196566581726074 7.4062004089355469 -0.26411303877830505
v -3.909792423248291 7.2769665718078613 -0.34972202777862549
v -4.1645374298095703 7.2330355644226074 -0.26411360502243042
v -4.0169944763183594 7.1488237380981445 -0.34972253441810608
v -4.2414455413818359 7.0207533836364746 -0.26411435008049011
v -4.0739107131958008 6.9917540550231934 -0.34972304105758667
v -4.0736656188964844 6.8246884346008301 -0.34972363710403442
v -4.0736656188964844 6.8246884346008301 -0.34972363710403442
v -4.0739107131958008 6.9917540550231934 -0.34972304105758667
v -3.5999982357025146 6.9082674980163574 -0.34950914978981018
v -3.2913665771484375 7.2778644561767578 -0.34972202777862549
v -3.1837973594665527 7.1500482559204102 -0.34972253441810608
v -3.5993452072143555 6.4278678894042969 -0.34972506761550903
v -3.7639124393463135 6.456632137298584 -0.34972494840621948
v -3.4361758232116699 7.3611879348754883 -0.34972172975540161
v -3.4348602294921875 6.4571113586425781 -0.34972494840621948
v -3.6007425785064697 7.3899626731872559 -0.34972164034843445
v -3.2902956008911133 6.5408535003662109 -0.34972465038299561
v -3.7652280330657959 7.3607091903686523 -0.34972172975540161
v -3.1830933094024658 6.6689958572387695 -0.34972420334815979
v -3.909792423248291 7.2769665718078613 -0.34972202777862549
v -3.1261875629425049 6.8260655403137207 -0.34972363710403442
v -4.0169944763183594 7.1488237380981445 -0.34972253441810608
v -3.1264224052429199 6.9931316375732422 -0.34972304105758667
v 5.1734910011291504 1.9042909145355225 -0.53875726461410522
v 4.9321079254150391 1.7054215669631958 -0.53950256109237671
v 5.0093526840209961 2.5984315872192383 -0.56390804052352905
v 5.2425036430358887 2.5471663475036621 -0.55582976341247559
v 6.2885346412658691 -2.3707118034362793 -0.77103656530380249
v 6.0040769577026367 -2.1855614185333252 -0.77209675312042236
v 6.0764760971069336 -1.4261614084243774 -0.73291581869125366
v 6.3464908599853516 -1.392521858215332 -0.73368066549301147
v 6.1657881736755371 -0.72365695238113403 -0.69241935014724731
v 5.9035253524780273 -0.85617530345916748 -0.68967604637145996
v 5.544189453125 -0.30970039963722229 -0.62366992235183716
v 5.7910599708557129 -0.11535976082086563 -0.63225758075714111
v 5.4595198631286621 0.4543406069278717 -0.56470102071762085
v 5.2162899971008301 0.22949181497097015 -0.56470173597335815
v 5.0086078643798828 0.87163269519805908 -0.54356509447097778
v 5.2344150543212891 1.1570389270782471 -0.54356414079666138
v 5.1779794692993164 3.4274976253509521 -0.58010262250900269
v 5.4691376686096191 3.4392688274383545 -0.57185083627700806
v 5.900230884552002 -3.3535327911376953 -0.7918887734413147
v 5.7025032043457031 -3.0497968196868896 -0.80333220958709717
v 5.3373231887817383 -4.0586786270141602 -0.79988807439804077
v 5.1877708435058594 -3.7923774719238281 -0.80333489179611206
v 4.4925084114074707 -4.6123957633972168 -0.79989016056060791
v 4.4382038116455078 -4.3450541496276855 -0.80296957492828369
v 3.4746603965759277 -4.967315673828125 -0.76683312654495239
v 3.4582588672637939 -4.7275338172912598 -0.76374161243438721
v 2.8839173316955566 -5.0587077140808105 -0.72546219825744629
v 2.8811123371124268 -4.8174777030944824 -0.72188115119934082
v 1.8663959503173828 -5.1061577796936035 -0.60980463027954102
v 1.8956800699234009 -4.862419605255127 -0.6177903413772583
v 5.2403111457824707 3.7935860157012939 -0.57184958457946777
v 5.145042896270752 3.5319459438323975 -0.58010232448577881
v 5.4606003761291504 3.5895657539367676 -0.57185029983520508
v 5.1716547012329102 3.495481014251709 -0.58010244369506836
v 5.4012980461120605 3.697216272354126 -0.57184988260269165
v 0.94883459806442261 -5.0205402374267578 -0.51799410581588745
v 0.60898077487945557 -4.9888286590576172 -0.52875500917434692
v 0.63826495409011841 -4.745089054107666 -0.5367509126663208
v 0.97811883687973022 -4.7768006324768066 -0.52597987651824951
v -1.2031205892562866 4.4894695281982422 -0.18759274482727051
v -1.305651068687439 4.1317758560180664 -0.20668840408325195
v 1.0683377981185913 3.3409299850463867 -0.38945478200912476
v 1.1321491003036499 3.3291187286376953 -0.54558628797531128
v 1.6183727979660034 3.2489562034606934 -0.42782747745513916
v 1.4980435371398926 3.2716915607452393 -0.27456223964691162
v 1.0347492694854736 4.0971593856811523 -0.753867506980896
v 1.2063233852386475 4.0580205917358398 -0.52582621574401855
v 0.69509941339492798 4.1369590759277344 -0.62382757663726807
v 0.44532179832458496 4.1905913352966309 -0.75386714935302734
v -0.96115618944168091 2.8053784370422363 -0.36100888252258301
v -1.0368605852127075 1.9411633014678955 -0.36437791585922241
v -1.4115473031997681 1.8587872982025146 -0.12150602787733078
v -1.2903918027877808 2.8626506328582764 -0.12021727859973907
v 2.1068713665008545 3.5492231845855713 -0.20853666961193085
v 2.1029338836669922 3.9217371940612793 -0.18850253522396088
v 2.1029338836669922 3.9217367172241211 1.3866071640222799e-05
v 2.1067690849304199 3.5492327213287354 1.2549008715723176e-05
v 1.7092139720916748 3.6082818508148193 -0.44121882319450378
v 1.7175472974777222 3.9790825843811035 -0.40744531154632568
v 2.1029338836669922 3.9217371940612793 -0.18850253522396088
v 2.1068713665008545 3.5492231845855713 -0.20853666961193085
v -1.305651068687439 4.1317758560180664 -0.20668840408325195
v -1.2031205892562866 4.4894695281982422 -0.18759274482727051
v -0.88200414180755615 4.4248733520507813 -0.40610751509666443
v -0.97404897212982178 4.0657215118408203 -0.43754521012306213
v -0.032874599099159241 4.2616543769836426 -0.64265626668930054
v -0.032874599099159241 3.8988606929779053 -0.64838993549346924
v -1.2903918027877808 2.8626503944396973 1.0121462764800526e-05
v -1.1859335899353027 3.7282834053039551 1.3182079783291556e-05
v -1.1859335899353027 3.7282838821411133 -0.11911261081695557
v -1.2903918027877808 2.8626506328582764 -0.12021727859973907
v -1.2770401239395142 0.31092783808708191 -0.34953248500823975
v -1.4885166883468628 -1.3193075656890869 -0.33468705415725708
v -1.805991530418396 -1.2731636762619019 -0.11161290109157562
v -1.6275731325149536 0.29281178116798401 -0.11655435711145401
v -0.98117876052856445 3.6947474479675293 -0.42613270878791809
v -0.078825600445270538 3.5336596965789795 -0.63115328550338745
v -1.6275731325149536 0.29281178116798401 -0.11655435711145401
v -1.805991530418396 -1.2731640338897705 -4.501521289057564e-06
v -1.6275731325149536 0.29281139373779297 1.0352922572565149e-06
v 1.7256666421890259 3.2390308380126953 -0.11901234835386276
v 2.0037693977355957 3.1916110515594482 -0.18850511312484741
v 2.0037693977355957 3.1916103363037109 1.1284565516689327e-05
v 1.8482400178909302 3.2214453220367432 1.139005325967446e-05
v -1.3022849559783936 3.759343147277832 -0.18759532272815704
v -1.1859335899353027 3.7282838821411133 -0.11911261081695557
v -0.032874599099159241 4.2616543769836426 -0.64265626668930054
v -0.88200414180755615 4.4248733520507813 -0.40610751509666443
v -0.78352314233779907 4.3951215744018555 -0.75386643409729004
v 2.3769466876983643 3.8992280960083008 -0.72448194026947021
v 2.1029338836669922 3.9217371940612793 -0.18850253522396088
v 1.7175472974777222 3.9790825843811035 -0.40744531154632568
v 1.6241765022277832 4.0037274360656738 -0.75386780500411987
v 5.544189453125 -0.30970039963722229 -0.62366992235183716
v 5.2162899971008301 0.22949181497097015 -0.56470173597335815
v 2.8811123371124268 -4.8174777030944824 -0.72188115119934082
v 3.4582588672637939 -4.7275338172912598 -0.76374161243438721
v 5.7025032043457031 -3.0497968196868896 -0.80333220958709717
v 6.0040769577026367 -2.1855614185333252 -0.77209675312042236
v 5.0086078643798828 0.87163269519805908 -0.54356509447097778
v 5.145042896270752 3.5319459438323975 -0.58010232448577881
v 4.9706945419311523 3.5681967735290527 -0.58010214567184448
v 5.0093526840209961 2.5984315872192383 -0.56390804052352905
v 5.1779794692993164 3.4274976253509521 -0.58010262250900269
v 4.4382038116455078 -4.3450541496276855 -0.80296957492828369
v 5.1716547012329102 3.495481014251709 -0.58010244369506836
v 0.97811883687973022 -4.7768006324768066 -0.52597987651824951
v 1.8956800699234009 -4.862419605255127 -0.6177903413772583
v 4.9321079254150391 1.7054215669631958 -0.53950256109237671
v 3.4618594646453857 3.7642612457275391 -0.62979590892791748
v 5.1877708435058594 -3.7923774719238281 -0.80333489179611206
v 6.0764760971069336 -1.4261614084243774 -0.73291581869125366
v 2.3769466876983643 3.8992280960083008 -0.72448194026947021
v 5.9035253524780273 -0.85617530345916748 -0.68967604637145996
v -0.10202040523290634 2.6920576095581055 -0.5645298957824707
v -0.14041319489479065 1.8551781177520752 -0.57178503274917603
v -0.98117876052856445 3.6947474479675293 -0.42613270878791809
v -0.88544160127639771 3.6696040630340576 -0.35764998197555542
v -1.3022849559783936 3.759343147277832 -0.18759532272815704
v 1.6183727979660034 3.2489562034606934 -0.42782747745513916
v 2.0037693977355957 3.1916110515594482 -0.18850511312484741
v 2.0037693977355957 3.1916110515594482 -0.18850511312484741
v 2.0037693977355957 3.1916103363037109 1.1284565516689327e-05
v 1.1321491003036499 3.3291187286376953 -0.54558628797531128
v 1.2021616697311401 3.6914737224578857 -0.55601954460144043
v -1.3022849559783936 3.759343147277832 -0.18759532272815704
v 2.1029338836669922 3.9217371940612793 -0.18850253522396088
v 0.69509941339492798 3.774665355682373 -0.6446571946144104
v 0.64592522382736206 3.4092912673950195 -0.63435655832290649
v -0.078825600445270538 3.5336596965789795 -0.63115328550338745
v 0.64592522382736206 3.4092912673950195 -0.63435655832290649
v 0.63863211870193481 3.4101676940917969 -0.47535890340805054
v -0.066310197114944458 3.5289366245269775 -0.47249233722686768
v 0.69509941339492798 4.1369590759277344 -0.62382757663726807
v 1.2063233852386475 4.0580205917358398 -0.52582621574401855
v -3.1653456687927246 5.2607131004333496 -0.57798480987548828
v -2.5488064289093018 5.0097732543945313 -0.66152364015579224
v -2.7348034381866455 4.826958179473877 -0.64703017473220825
v -3.3513424396514893 5.0778985023498535 -0.56349122524261475
v -3.634688138961792 5.6082468032836914 -0.50893974304199219
v -3.8206853866577148 5.4254326820373535 -0.49445638060569763
v -3.8383924961090088 5.8656954765319824 -0.4706072211265564
v -4.0566930770874023 5.8146543502807617 -0.44095602631568909
v -1.4476655721664429 4.733945369720459 -0.75386530160903931
v -0.99850857257843018 4.6405234336853027 -0.75386554002761841
v -1.1845054626464844 4.4577088356018066 -0.75386619567871094
v -1.6336625814437866 4.5511302947998047 -0.75386583805084229
v -2.0480375289916992 4.8696560859680176 -0.72746717929840088
v -2.2340347766876221 4.6868410110473633 -0.71297353506088257
v -3.9292440414428711 6.1135344505310059 -0.41134440898895264
v -4.1529908180236816 6.2076191902160645 -0.39575845003128052
v -1.2031205892562866 4.4894695281982422 -0.18759274482727051
v -1.1845054626464844 4.4577088356018066 -0.75386619567871094
v -3.3513424396514893 5.0778985023498535 -0.56349122524261475
v -2.7348034381866455 4.826958179473877 -0.64703017473220825
v -2.2340347766876221 4.6868410110473633 -0.71297353506088257
v -4.0566930770874023 5.8146543502807617 -0.44095602631568909
v -3.8206853866577148 5.4254326820373535 -0.49445638060569763
v -4.1529908180236816 6.2076191902160645 -0.39575845003128052
v -1.6336625814437866 4.5511302947998047 -0.75386583805084229
v -1.5122723579406738 1.1286507844924927 -0.11920341849327087
v -1.5122723579406738 1.1286503076553345 3.9905653466121294e-06
v -1.1488463878631592 1.1810592412948608 -0.3574548065662384
v -1.5122723579406738 1.1286507844924927 -0.11920341849327087
v -1.320063591003418 -3.2629170417785645 -0.39434352517127991
v -1.0955820083618164 -4.3396186828613281 -0.50692468881607056
v -1.2538044452667236 -4.3592033386230469 -0.32935300469398499
v -1.5684336423873901 -3.1981885433197021 -0.25391989946365356
v -1.6276854276657104 -3.2006170749664307 -0.12254391610622406
v -1.3436663150787354 -4.3817462921142578 -0.16008409857749939
v -1.3736238479614258 -4.3892636299133301 -1.5519104636041448e-05
v -1.6474325656890869 -3.2014229297637939 -1.1319259101583157e-05
v -0.8605535626411438 -4.341005802154541 -0.61809456348419189
v -0.66612118482589722 -4.6027984619140625 -0.64136165380477905
v -0.8832893967628479 -4.7568802833557129 -0.53487420082092285
v -1.0178580284118652 -4.8489465713500977 -0.3715827465057373
v -1.0878094434738159 -4.8947343826293945 -0.18285231292247772
v -1.1111267805099487 -4.9099941253662109 -1.7360249330522493e-05
v -0.47131139039993286 -4.7242398262023926 -0.66504651308059692
v -0.19867560267448425 -4.7844300270080566 -0.67180931568145752
v -0.20910000801086426 -5.0774145126342773 -0.59854376316070557
v -0.60766494274139404 -5.0063719749450684 -0.57862293720245361
v -0.70601332187652588 -5.2200326919555664 -0.19529746472835541
v -0.20335739850997925 -5.372502326965332 -0.19894959032535553
v -0.20172539353370667 -5.4073357582092285 -1.9118697309750132e-05
v -0.71813100576400757 -5.2463293075561523 -1.8549428205005825e-05
v -0.20824320614337921 -5.2679829597473145 -0.41967722773551941
v -0.6696503758430481 -5.1411762237548828 -0.40509077906608582
v -0.96115618944168091 2.8053784370422363 -0.36100888252258301
v -0.93868553638458252 2.8053781986236572 -0.27622649073600769
v -0.10363199561834335 2.6920573711395264 -0.47974750399589539
v -0.10202040523290634 2.6920576095581055 -0.5645298957824707
v 0.41506859660148621 -5.3669638633728027 -0.19529798626899719
v 0.43098059296607971 -5.4021344184875488 -1.9100307326880284e-05
v 0.36734282970428467 -5.2614645957946777 -0.40509116649627686
v 0.26759698987007141 -5.0311069488525391 -0.56516915559768677
v 0.28446781635284424 -4.7096233367919922 -0.60160243511199951
v 0.99882477521896362 -4.7985482215881348 -0.1841779500246048
v 0.96637856960296631 -4.798548698425293 -0.099395573139190674
v -0.8605535626411438 -4.341005802154541 -0.61809456348419189
v -0.84090834856033325 -4.341005802154541 -0.53331214189529419
v -0.65192282199859619 -4.6027989387512207 -0.55657929182052612
v -0.66612118482589722 -4.6027984619140625 -0.64136165380477905
v -0.46256998181343079 -4.7242403030395508 -0.58026403188705444
v -0.47131139039993286 -4.7242398262023926 -0.66504651308059692
v 0.47462642192840576 1.6382852792739868 -0.56726717948913574
v 0.45601138472557068 1.6368670463562012 -0.48245421051979065
v 0.36120238900184631 1.4795523881912231 -0.47973135113716125
v 0.3753192126750946 1.478124737739563 -0.56449329853057861
v 0.99882477521896362 -4.7985482215881348 -0.1841779500246048
v 0.81958019733428955 -4.7666420936584473 -0.40647661685943604
v 0.63826495409011841 -4.745089054107666 -0.5367509126663208
v 0.66349977254867554 -5.2135663032531738 -0.20162142813205719
v 0.69648659229278564 -5.2335996627807617 -1.8504420950193889e-05
v 0.53254199028015137 -5.1569347381591797 -0.41141480207443237
v 0.85591256618499756 -5.011871337890625 -0.18417870998382568
v 0.69786363840103149 -4.9971213340759277 -0.43535363674163818
v 0.9258233904838562 -5.0205421447753906 -1.7751113773556426e-05
v 0.69786363840103149 -4.9971213340759277 -0.43535363674163818
v 0.53254199028015137 -5.1569347381591797 -0.41141480207443237
v 0.60898077487945557 -4.9888286590576172 -0.52875500917434692
v 0.63826495409011841 -4.745089054107666 -0.5367509126663208
v 0.28446781635284424 -4.7096233367919922 -0.60160243511199951
v 0.53734618425369263 -4.745089054107666 -0.49702197313308716
v 0.20065440237522125 2.4945037364959717 -0.56593811511993408
v 0.53734618425369263 -4.745089054107666 -0.49702197313308716
v 0.51782339811325073 -4.7450895309448242 -0.41223961114883423
v 0.79215234518051147 -4.7666420936584473 -0.32169425487518311
v 0.81958019733428955 -4.7666420936584473 -0.40647661685943604
v -1.4885166883468628 -1.3193075656890869 -0.33468705415725708
v -1.4512763023376465 -1.3193079233169556 -0.24990464746952057
v -1.2875460386276245 -3.2629172801971436 -0.30956113338470459
v -1.320063591003418 -3.2629170417785645 -0.39434352517127991
v 0.28446781635284424 -4.7096233367919922 -0.60160243511199951
v 0.27203398942947388 -4.7096233367919922 -0.51682001352310181
v -0.30019620060920715 1.0765303373336792 -0.56409692764282227
v -0.29624879360198975 1.0765300989151001 -0.47931456565856934
v -1.1211227178573608 1.1810590028762817 -0.27267241477966309
v -1.1488463878631592 1.1810592412948608 -0.3574548065662384
v -1.1488463878631592 1.1810592412948608 -0.3574548065662384
v -1.1211227178573608 1.1810590028762817 -0.27267241477966309
v -1.2457259893417358 0.31092751026153564 -0.26475009322166443
v -1.2770401239395142 0.31092783808708191 -0.34953248500823975
v -1.4115473031997681 1.8587868213653564 6.5721055761969183e-06
v -1.4115473031997681 1.8587872982025146 -0.12150602787733078
v -0.88544160127639771 3.6696040630340576 -0.35764998197555542
v -1.1859335899353027 3.7282838821411133 -0.11911261081695557
v -0.19757401943206787 -4.7844305038452148 -0.58702683448791504
v -0.19867560267448425 -4.7844300270080566 -0.67180931568145752
v -0.88544160127639771 3.6696040630340576 -0.35764998197555542
v -0.86510276794433594 3.6696038246154785 -0.2728574275970459
v -0.93868553638458252 2.8053781986236572 -0.27622649073600769
v -0.96115618944168091 2.8053784370422363 -0.36100888252258301
v -0.30019620060920715 1.0765303373336792 -0.56409692764282227
v -0.86510276794433594 3.6696038246154785 -0.2728574275970459
v 1.8006162643432617 2.5324456691741943 8.9539607870392501e-06
v 1.7529821395874023 1.843445897102356 6.5178660406672861e-06
v 1.6437299251556396 1.8388258218765259 -0.1217304915189743
v 1.6847033500671387 2.5389335155487061 -0.12037141621112823
v 0.36120238900184631 1.4795523881912231 -0.47973135113716125
v 0.45601138472557068 1.6368670463562012 -0.48245421051979065
v 0.55458420515060425 1.8250774145126343 -0.48240253329277039
v 0.43021562695503235 1.0322213172912598 -0.46661576628684998
v 0.18704760074615479 2.4968700408935547 -0.48113536834716797
v 0.20065440237522125 2.4945037364959717 -0.56593811511993408
v 0.0580889992415905 1.2150158882141113 -0.56230127811431885
v 0.047093398869037628 1.2130672931671143 -0.47754949331283569
v 0.0580889992415905 1.2150158882141113 -0.56230127811431885
v 0.45901018381118774 2.1720819473266602 -0.56814253330230713
v 0.44193539023399353 2.1713881492614746 -0.48336011171340942
v 0.49418997764587402 2.0276496410369873 -0.48431944847106934
v 0.51328438520431519 2.0269665718078613 -0.56911206245422363
v 1.4408620595932007 1.8302686214447021 -0.27959588170051575
v 1.4694527387619019 2.5509800910949707 -0.27707397937774658
v 0.6252293586730957 0.081295304000377655 -0.36926007270812988
v 0.22621560096740723 -1.664240837097168 -0.34138965606689453
v -0.035087995231151581 -1.5704414844512939 -0.40389496088027954
v 0.27198299765586853 0.1264815628528595 -0.44479092955589294
v 1.235485315322876 0.034486196935176849 1.2193274301353085e-07
v 0.68290019035339355 -1.774463415145874 -6.2739645727560855e-06
v 0.61451935768127441 -1.7687102556228638 -0.10491324961185455
v 1.1455211639404297 0.035057798027992249 -0.11332187801599503
v 0.48752936720848083 -1.7580404281616211 -0.24990619719028473
v 0.97847574949264526 0.036119136959314346 -0.26475107669830322
v -0.47404497861862183 0.18515206873416901 -0.4705253541469574
v -0.78477776050567627 -1.4126168489456177 -0.45476177334785461
v -1.4512763023376465 -1.3193079233169556 -0.24990464746952057
v -1.2457259893417358 0.31092751026153564 -0.26475009322166443
v 0.60353398323059082 2.6167912483215332 -0.48052296042442322
v 0.49418997764587402 2.0276496410369873 -0.48431944847106934
v 0.44193539023399353 2.1713881492614746 -0.48336011171340942
v -0.10363199561834335 2.6920573711395264 -0.47974750399589539
v 0.18704760074615479 2.4968700408935547 -0.48113536834716797
v -0.29624879360198975 1.0765300989151001 -0.47931456565856934
v -1.1211227178573608 1.1810590028762817 -0.27267241477966309
v 1.4114453792572021 0.99782556295394897 -0.11780646443367004
v 1.2252750396728516 0.99374610185623169 -0.272673100233078
v 1.5117011070251465 1.0000181198120117 3.535760924933129e-06
v 0.82774019241333008 1.0129836797714233 -0.38413861393928528
v -0.10853820294141769 -3.0233085155487061 -0.48668327927589417
v -0.15127620100975037 -3.8687458038330078 -0.53485071659088135
v -0.84090834856033325 -4.341005802154541 -0.53331214189529419
v -0.8202635645866394 -3.2637839317321777 -0.50441175699234009
v 0.72151738405227661 -3.6528854370117188 -1.2915495062770788e-05
v 0.78927600383758545 -3.961435079574585 -1.4006432138558012e-05
v 0.73199278116226196 -4.0410451889038086 -0.1326448917388916
v 0.65457475185394287 -3.6557002067565918 -0.11573191732168198
v 0.19238218665122986 -2.9030511379241943 -0.38136789202690125
v 0.17269618809223175 -3.6239156723022461 -0.40462642908096313
v 0.67372018098831177 -2.7784900665283203 -9.8238979262532666e-06
v 0.66837537288665771 -3.3627462387084961 -1.1889650522789452e-05
v 0.60827696323394775 -3.3684680461883545 -0.10236891359090805
v 0.61057198047637939 -2.7799892425537109 -0.10330521315336227
v 0.49667879939079285 -3.3790957927703857 -0.24541373550891876
v 0.4933127760887146 -2.7827832698822021 -0.2470640242099762
v -1.2875460386276245 -3.2629172801971436 -0.30956113338470459
v 0.27404338121414185 -3.9156661033630371 -0.41779562830924988
v 0.37538039684295654 -4.2074065208435059 -0.43096485733985901
v 0.13401781022548676 -4.4677000045776367 -0.5349242091178894
v -0.0086292000487446785 -4.1682181358337402 -0.5348924994468689
v -0.65192282199859619 -4.6027989387512207 -0.55657929182052612
v 0.61674302816390991 -3.9471027851104736 -0.29802733659744263
v 0.55671596527099609 -3.6631045341491699 -0.27172055840492249
v -0.19757401943206787 -4.7844305038452148 -0.58702683448791504
v -0.46256998181343079 -4.7242403030395508 -0.58026403188705444
v 1.0046490430831909 1.826831579208374 -0.39713051915168762
v 1.0364934206008911 2.5838859081268311 -0.39329266548156738
v 0.27203398942947388 -4.7096233367919922 -0.51682001352310181
v 0.51782339811325073 -4.6105718612670898 -0.41223910450935364
v 0.74034655094146729 -4.4392938613891602 -0.31835770606994629
v 0.81715255975723267 -4.4722704887390137 -0.14148980379104614
v 0.88950121402740479 -4.4976186752319336 -1.5902214727248065e-05
v 0.51782339811325073 -4.7450895309448242 -0.41223961114883423
v 0.79215234518051147 -4.7666420936584473 -0.32169425487518311
v 0.96637856960296631 -4.798548698425293 -0.099395573139190674
v 0.96637856960296631 -4.7985491752624512 -1.6966214388958178e-05
v 1.4980435371398926 3.2716915607452393 -0.27456223964691162
v 1.0683377981185913 3.3409299850463867 -0.38945478200912476
v -0.066310197114944458 3.5289366245269775 -0.47249233722686768
v 0.63863211870193481 3.4101676940917969 -0.47535890340805054
v -0.93868553638458252 2.8053781986236572 -0.27622649073600769
v -0.86510276794433594 3.6696038246154785 -0.2728574275970459
v 1.7256666421890259 3.2390308380126953 -0.11901234835386276
v 1.8482400178909302 3.2214453220367432 1.139005325967446e-05
v 0.047093398869037628 1.2130672931671143 -0.47754949331283569
v -0.90690243244171143 4.6262617111206055 -0.25125044584274292
v -0.73092174530029297 5.6787586212158203 -0.25147110223770142
v -0.45758220553398132 5.6415190696716309 -0.35194128751754761
v -0.5975261926651001 4.577965259552002 -0.35194504261016846
v -0.82252806425094604 5.693028450012207 -0.14372847974300385
v -0.99850857257843018 4.6405215263366699 -0.14373220503330231
v -0.73092174530029297 5.6787586212158203 -0.25147110223770142
v -0.90690243244171143 4.6262617111206055 -0.25125044584274292
v -0.65958297252655029 6.1409521102905273 -0.25275468826293945
v -0.2385575920343399 6.0764880180358887 -0.33322271704673767
v -0.75117897987365723 6.1552209854125977 -0.14372682571411133
v -0.65958297252655029 6.1409521102905273 -0.25275468826293945
v -0.58971303701400757 6.5916495323181152 -0.25275310873985291
v -0.1686875969171524 6.5271854400634766 -0.31126049160957336
v -0.68130898475646973 6.6059179306030273 -0.14372524619102478
v -0.58971303701400757 6.5916495323181152 -0.25275310873985291
v 0.070053599774837494 6.5114665031433105 -0.3332211971282959
v 1.582560658454895 4.2364382743835449 -0.23352420330047607
v 1.7222802639007568 5.2970542907714844 -0.23352046310901642
v 2.1438460350036621 5.238250732421875 1.8520864614401944e-05
v 2.0041265487670898 4.1776237487792969 1.4770810594200157e-05
v 1.6357636451721191 5.794304370880127 -0.31448632478713989
v 2.2193160057067871 5.7119998931884766 2.0195899196551181e-05
v 1.4596607685089111 6.2915449142456055 -0.33154913783073425
v 2.2821991443634033 6.1564035415649414 2.1767174985143356e-05
v 0.52248477935791016 15.277610778808594 -0.14369459450244904
v 0.00082620000466704369 11.117672920227051 -0.14370928704738617
v 0.089933402836322784 11.103414535522461 -0.2527371346950531
v 0.60974580049514771 15.268186569213867 -0.25272241234779358
v 1.0107791423797607 15.225929260253906 -0.3126271665096283
v 0.49947357177734375 11.03895092010498 -0.31264197826385498
v 0.73170721530914307 11.023222923278809 -0.33921301364898682
v 1.2370253801345825 15.222765922546387 -0.33919814229011536
v 1.3170444965362549 15.212301254272461 -0.21604341268539429
v 0.81330716609954834 11.008330345153809 -0.21605826914310455
v 2.0692739486694336 10.795161247253418 -0.3422432541847229
v 2.5477659702301025 15.067257881164551 -0.34222817420959473
v 3.3317584991455078 14.975527763366699 5.2948918892070651e-05
v 2.8693821430206299 10.660019874572754 3.7690591852879152e-05
v 1.0161137580871582 10.971293449401855 -0.2160584032535553
v 1.5159239768981934 15.186270713806152 -0.21604348719120026
v 2.2688472270965576 15.103426933288574 -0.22475458681583405
v 1.7848163843154907 10.846762657165527 -0.22476963698863983
v 1.2370253801345825 15.222765922546387 -0.33919814229011536
v 0.73170721530914307 11.023222923278809 -0.33921301364898682
v 0.60974580049514771 15.268186569213867 -0.25272241234779358
v 0.089933402836322784 11.103414535522461 -0.2527371346950531
v 1.9900301694869995 10.809532165527344 -0.26636537909507751
v 2.4700624942779541 15.077335357666016 -0.26635029911994934
v 2.5477659702301025 15.067257881164551 -0.34222817420959473
v 2.0692739486694336 10.795161247253418 -0.3422432541847229
v 0.81330716609954834 11.008330345153809 -0.21605826914310455
v 1.3170444965362549 15.212301254272461 -0.21604341268539429
v 0.16897320747375488 6.5807652473449707 -0.21556392312049866
v 0.41484415531158447 6.7530126571655273 -0.21547150611877441
v 1.2050892114639282 6.6284708976745605 -0.22397875785827637
v 1.3887401819229126 6.3854055404663086 -0.26439201831817627
v 1.4596607685089111 6.2915449142456055 -0.33154913783073425
v 0.070053599774837494 6.5114665031433105 -0.3332211971282959
v 0.16897320747375488 6.5807652473449707 -0.21556392312049866
v 1.1570777893066406 22.909738540649414 -0.14366759359836578
v 0.88983774185180664 19.062116622924805 -0.14368119835853577
v 1.8707616329193115 19.02766227722168 -0.21602992713451385
v 2.1224873065948486 22.872663497924805 -0.21601632237434387
v 2.8548882007598877 22.830955505371094 -0.22472727298736572
v 2.6149742603302002 18.987955093383789 -0.22474084794521332
v 2.8909757137298584 18.967779159545898 -0.34221434593200684
v 3.1264939308166504 22.810039520263672 -0.34220075607299805
v 3.8894128799438477 22.761146545410156 8.04765077191405e-05
v 3.6662063598632813 18.920978546142578 6.6898835939355195e-05
v 0.97607874870300293 19.05769157409668 -0.2527090311050415
v 1.2419519424438477 22.905088424682617 -0.25269541144371033
v 1.6319593191146851 22.884738922119141 -0.31260007619857788
v 1.3723691701889038 19.03840446472168 -0.31261369585990906
v 3.0508301258087158 22.815858840942383 -0.26632291078567505
v 2.8140883445739746 18.973398208618164 -0.26633653044700623
v 1.6739423274993896 19.042278289794922 -0.21602988243103027
v 1.9288097620010376 22.887809753417969 -0.2160162627696991
v 1.8508919477462769 22.893913269042969 -0.33917105197906494
v 1.594770073890686 19.048164367675781 -0.33918464183807373
v 1.2419519424438477 22.905088424682617 -0.25269541144371033
v 0.97607874870300293 19.05769157409668 -0.2527090311050415
v 3.1264939308166504 22.810039520263672 -0.34220075607299805
v 2.8909757137298584 18.967779159545898 -0.34221434593200684
v 1.594770073890686 19.048164367675781 -0.33918464183807373
v 1.8508919477462769 22.893913269042969 -0.33917105197906494
v 1.9288097620010376 22.887809753417969 -0.2160162627696991
v 1.6739423274993896 19.042278289794922 -0.21602988243103027
v 1.2370253801345825 15.222765922546387 -0.33919814229011536
v 1.3170444965362549 15.212301254272461 -0.21604341268539429
v 2.4700624942779541 15.077335357666016 -0.26635029911994934
v 2.5477659702301025 15.067257881164551 -0.34222817420959473
v 0.52248477935791016 15.277610778808594 -0.14369459450244904
v 0.60974580049514771 15.268186569213867 -0.25272241234779358
v 1.0107791423797607 15.225929260253906 -0.3126271665096283
v 1.2370253801345825 15.222765922546387 -0.33919814229011536
v 1.3170444965362549 15.212301254272461 -0.21604341268539429
v 1.5159239768981934 15.186270713806152 -0.21604348719120026
v 2.2688472270965576 15.103426933288574 -0.22475458681583405
v 0.60974580049514771 15.268186569213867 -0.25272241234779358
v 2.5477659702301025 15.067257881164551 -0.34222817420959473
v 3.3317584991455078 14.975527763366699 5.2948918892070651e-05
v 1.3554269075393677 25.720563888549805 -0.25268545746803284
v 1.3930548429489136 29.207881927490234 -0.24765472114086151
v 1.7826335430145264 29.222265243530273 -0.30566206574440002
v 1.7455158233642578 25.72712516784668 -0.31259003281593323
v 2.9680368900299072 25.757673263549805 -0.22471693158149719
v 3.0033695697784424 29.277376174926758 -0.22127728164196014
v 3.1995258331298828 29.279750823974609 -0.26172024011611938
v 3.164355993270874 25.756122589111328 -0.26631250977516174
v 2.0411627292633057 25.750614166259766 -0.21600615978240967
v 2.0775256156921387 29.251712799072266 -0.2124747633934021
v 2.2714381217956543 29.253833770751953 -0.21255636215209961
v 2.2352280616760254 25.748838424682617 -0.21600615978240967
v 1.9995059967041016 29.250856399536133 -0.33139654994010925
v 1.9630817174911499 25.75132942199707 -0.33916094899177551
v 1.2705119848251343 25.719371795654297 -0.14365766942501068
v 1.3082519769668579 29.204977035522461 -0.14251314103603363
v 1.3930548429489136 29.207881927490234 -0.24765472114086151
v 1.3554269075393677 25.720563888549805 -0.25268545746803284
v 3.275270938873291 29.280681610107422 -0.33542540669441223
v 3.2401728630065918 25.755523681640625 -0.34219032526016235
v 1.9630817174911499 25.75132942199707 -0.33916094899177551
v 1.9995059967041016 29.250856399536133 -0.33139654994010925
v 2.0775256156921387 29.251712799072266 -0.2124747633934021
v 2.0411627292633057 25.750614166259766 -0.21600615978240967
v 3.2401728630065918 25.755523681640625 -0.34219032526016235
v 3.275270938873291 29.280681610107422 -0.33542540669441223
v 4.0381698608398438 29.299785614013672 0.00010359514271840453
v 4.0038771629333496 25.759283065795898 9.1077010438311845e-05
v 1.2556097507476807 33.094715118408203 -0.13909259438514709
v 1.3082519769668579 29.204977035522461 -0.14251314103603363
v 2.2714381217956543 29.253833770751953 -0.21255636215209961
v 2.2078509330749512 33.143573760986328 -0.20160821080207825
v 2.9314494132995605 33.1671142578125 -0.20974771678447723
v 3.0033695697784424 29.277376174926758 -0.22127728164196014
v 3.275270938873291 29.280681610107422 -0.33542540669441223
v 3.2002601623535156 33.170417785644531 -0.31215569376945496
v 3.9544787406921387 33.189525604248047 0.00011734809231711552
v 4.0381698608398438 29.299785614013672 0.00010359514271840453
v 1.3930548429489136 29.207881927490234 -0.24765472114086151
v 1.3394538164138794 33.097621917724609 -0.23242257535457611
v 1.7246057987213135 33.112003326416016 -0.28420794010162354
v 1.7826335430145264 29.222265243530273 -0.30566206574440002
v 3.1253716945648193 33.169490814208984 -0.24606990814208984
v 3.1995258331298828 29.279750823974609 -0.26172024011611938
v 2.0775256156921387 29.251712799072266 -0.2124747633934021
v 2.0161318778991699 33.141448974609375 -0.20144501328468323
v 1.9390097856521606 33.140594482421875 -0.30719864368438721
v 1.9995059967041016 29.250856399536133 -0.33139654994010925
v 1.3394538164138794 33.097621917724609 -0.23242257535457611
v 1.3930548429489136 29.207881927490234 -0.24765472114086151
v 3.2002601623535156 33.170417785644531 -0.31215569376945496
v 3.275270938873291 29.280681610107422 -0.33542540669441223
v 1.9995059967041016 29.250856399536133 -0.33139654994010925
v 1.9390097856521606 33.140594482421875 -0.30719864368438721
v 2.0161318778991699 33.141448974609375 -0.20144501328468323
v 2.0775256156921387 29.251712799072266 -0.2124747633934021
v 1.4492872953414917 37.066276550292969 -0.25073796510696411
v 1.0298123359680176 41.020545959472656 -0.20913854241371155
v 1.2427577972412109 41.072704315185547 -0.2221025824546814
v 1.6629570722579956 37.106651306152344 -0.26927119493484497
v 0.97935301065444946 37.0230712890625 -0.13383589684963226
v 0.55893957614898682 40.951416015625 -0.12731440365314484
v 0.64314061403274536 40.963584899902344 -0.1797831654548645
v 1.0633704662322998 37.030609130859375 -0.20891804993152618
v 2.8525419235229492 37.201164245605469 -0.22061686217784882
v 2.4355559349060059 41.232830047607422 -0.18864603340625763
v 2.510944128036499 41.242034912109375 -0.22649820148944855
v 2.9276857376098633 37.206233978271484 -0.27419745922088623
v 1.6629570722579956 37.106651306152344 -0.26927119493484497
v 1.2427577972412109 41.072704315185547 -0.2221025824546814
v 1.3204206228256226 41.082099914550781 -0.16254474222660065
v 1.7403546571731567 37.111782073974609 -0.18411138653755188
v 1.9327265024185181 37.124500274658203 -0.18430513143539429
v 1.5134556293487549 41.105438232421875 -0.16273847222328186
v 2.2403078079223633 41.208976745605469 -0.16775649785995483
v 2.657956600189209 37.188045501708984 -0.1911185085773468
v 2.9276857376098633 37.206233978271484 -0.27419745922088623
v 2.510944128036499 41.242034912109375 -0.22649820148944855
v 3.2691714763641357 41.344558715820313 0.00014618181739933789
v 3.6839034557342529 37.267032623291016 0.00013176491484045982
v 1.0633704662322998 37.030609130859375 -0.20891804993152618
v 0.64314061403274536 40.963584899902344 -0.1797831654548645
v 1.7403546571731567 37.111782073974609 -0.18411138653755188
v 1.3204206228256226 41.082099914550781 -0.16254474222660065
v 1.7186489105224609 44.715938568115234 -0.14511029422283173
v 1.2037121057510376 48.265598297119141 -0.12402454018592834
v 1.3492865562438965 48.294673919677734 -0.13007304072380066
v 1.9207720756530762 44.744453430175781 -0.15768679976463318
v 0.76674419641494751 44.567081451416016 -0.1415204256772995
v 0.0012852000072598457 48.010738372802734 -0.12611645460128784
v 0.11551500111818314 48.033420562744141 -0.12247497588396072
v 0.96659278869628906 44.595035552978516 -0.1417345255613327
v 0.46663981676101685 44.498611450195313 -0.1684996634721756
v -0.22272719442844391 47.939426422119141 -0.12450510263442993
v 0.0012852000072598457 48.010738372802734 -0.12611645460128784
v 0.68633753061294556 44.555820465087891 -0.17610865831375122
v -0.00095880002481862903 44.4217529296875 -0.087654739618301392
v -0.70257598161697388 47.832553863525391 -0.076320677995681763
v -0.63321602344512939 47.847557067871094 -0.12159842997789383
v 0.066606000065803528 44.432415008544922 -0.15126188099384308
v 1.9988225698471069 44.755466461181641 -0.18033075332641602
v 0.68633753061294556 44.555820465087891 -0.17610865831375122
v 0.0012852000072598457 48.010738372802734 -0.12611645460128784
v 0.76674419641494751 44.567081451416016 -0.1415204256772995
v -0.74199897050857544 47.824462890625 0.00016909278929233551
v 1.9988225698471069 44.755466461181641 -0.18033075332641602
v 1.3492865562438965 48.294673919677734 -0.13007304072380066
v 2.1551070213317871 48.465709686279297 0.00017136005044449121
v 2.7834982872009277 44.876102447509766 0.00015866829198785126
v 0.066606000065803528 44.432415008544922 -0.15126188099384308
v -0.63321602344512939 47.847557067871094 -0.12159842997789383
v -1.0874016284942627 52.596908569335938 -0.083382636308670044
v -2.4900953769683838 57.075466156005859 -0.076236993074417114
v -0.073052398860454559 57.558834075927734 0.00020351057173684239
v 0.34833002090454102 52.805091857910156 -0.086931489408016205
v 1.2066599130630493 52.930862426757813 0.00018714745237957686
v -1.7648040056228638 52.469432830810547 -0.090931080281734467
v -3.0776970386505127 56.940681457519531 -0.09163946658372879
v -2.6353635787963867 57.032562255859375 -0.082357145845890045
v -1.3273055553436279 52.538219451904297 -0.083597041666507721
v -1.8387131690979004 52.458324432373047 -0.065665721893310547
v -3.152442455291748 56.925685882568359 -0.062416523694992065
v -3.0776970386505127 56.940681457519531 -0.09163946658372879
v -1.7648040056228638 52.469432830810547 -0.090931080281734467
v -1.8806861639022827 52.452445983886719 0.00018545595230534673
v -3.1949255466461182 56.917591094970703 0.0002012433105846867
v -0.74199897050857544 47.824462890625 0.00016909278929233551
v -0.70257598161697388 47.832553863525391 -0.076320677995681763
v -0.63321602344512939 47.847557067871094 -0.12159842997789383
v -0.22272719442844391 47.939426422119141 -0.12450510263442993
v 0.0012852000072598457 48.010738372802734 -0.12611645460128784
v 0.11551500111818314 48.033420562744141 -0.12247497588396072
v 1.2037121057510376 48.265598297119141 -0.12402454018592834
v 1.3492865562438965 48.294673919677734 -0.13007304072380066
v -0.63321602344512939 47.847557067871094 -0.12159842997789383
v 2.1551070213317871 48.465709686279297 0.00017136005044449121
v -3.8397185802459717 59.012722015380859 -0.060562949627637863
v -4.4299516677856445 60.838275909423828 -0.059424292296171188
v -4.3628358840942383 60.853279113769531 -0.085760645568370819
v -3.7674517631530762 59.027729034423828 -0.088000886142253876
v -3.8807940483093262 59.004631042480469 0.0002086224703816697
v -4.4680891036987305 60.830192565917969 0.00021507710334844887
v -3.3397655487060547 59.119598388671875 -0.076994776725769043
v -3.9656987190246582 60.945163726806641 -0.073683515191078186
v -1.6652214527130127 61.471431732177734 0.00021734432084485888
v -0.86229783296585083 59.645862579345703 0.00021088967332616448
v -3.7674517631530762 59.027729034423828 -0.088000886142253876
v -4.3628358840942383 60.853279113769531 -0.085760645568370819
v -4.9256720542907715 62.362720489501953 -0.058857902884483337
v -4.8724784851074219 62.377719879150391 -0.084653660655021667
v -4.5576968193054199 62.469593048095703 -0.071995124220848083
v -2.734283447265625 62.995861053466797 0.0002227342629339546
v -4.8724784851074219 62.377719879150391 -0.084653660655021667
v -5.3836102485656738 63.757415771484375 -0.058679573237895966
v -5.1947269439697266 63.864292144775391 -0.07145979255437851
v -4.2587752342224121 64.390556335449219 0.00022766545589547604
v -5.3563051223754883 63.772418975830078 -0.084301911294460297
v -5.3563051223754883 63.772418975830078 -0.084301911294460297
v -5.893641471862793 65.311050415039063 0.00023092006449587643
v 0.47462642192840576 1.6382852792739868 -0.56726717948913574
v 0.53349065780639648 1.8288110494613647 -0.56913316249847412
v 0.51328438520431519 2.0269665718078613 -0.56911206245422363
v 0.45901018381118774 2.1720819473266602 -0.56814253330230713
v 0.35181841254234314 2.3507959842681885 -0.56693828105926514
v 0.23494680225849152 1.3245230913162231 -0.56252533197402954
v 0.3753192126750946 1.478124737739563 -0.56449329853057861
v 0.51376378536224365 1.8285965919494629 -0.48434054851531982
v 0.22271698713302612 1.3243695497512817 -0.47775310277938843
v 0.33653879165649414 2.3512849807739258 -0.48214569687843323
v 0.51376378536224365 1.8285965919494629 -0.48434054851531982
v 0.53349065780639648 1.8288110494613647 -0.56913316249847412
v 0.35181841254234314 2.3507959842681885 -0.56693828105926514
v 0.33653879165649414 2.3512849807739258 -0.48214569687843323
v 0.22271698713302612 1.3243695497512817 -0.47775310277938843
v 0.23494680225849152 1.3245230913162231 -0.56252533197402954
v 1.582560658454895 4.2364912033081055 -0.75386703014373779
v 0.49254781007766724 4.4076371192932129 -0.75386637449264526
v 0.49254781007766724 4.4076366424560547 -0.65613001585006714
v 1.037554144859314 4.322059154510498 -0.75386667251586914
v -0.5975261926651001 4.5779361724853516 -0.75386577844619751
v 0.49254781007766724 4.4076366424560547 -0.65613001585006714
v -0.5975261926651001 4.5779356956481934 -0.65612936019897461
v -0.45758220553398132 5.6415200233459473 -0.65612560510635376
v 0.74028539657592773 6.2899341583251953 -0.65612328052520752
v 1.582560658454895 4.2364907264709473 -0.65613061189651489
v 1.7222802639007568 5.2970561981201172 -0.65612685680389404
v 0.41484415531158447 6.7530145645141602 -0.65612167119979858
v 1.2050892114639282 6.6284728050231934 -0.65612208843231201
v 0.070053599774837494 6.511467456817627 -0.65612256526947021
v 1.4596607685089111 6.2915458679199219 -0.65612328052520752
v 1.6357636451721191 5.7943058013916016 -0.65612506866455078
v -0.2385575920343399 6.0764889717102051 -0.65612411499023438
vt 0.030774999409914017 0.34869098663330078
vt 0.01333600003272295 0.34873199462890625
vt 0.012659999541938305 0.32506000995635986
vt 0.030774999409914017 0.32501900196075439
vt 0.012424999848008156 0.44485700130462646
vt 0.030774999409914017 0.4448549747467041
vt 0.010672000236809254 0.49234998226165771
vt 0.030774999409914017 0.42305397987365723
vt 0.012426000088453293 0.42306298017501831
vt 0.012941000051796436 0.39353102445602417
vt 0.030774999409914017 0.39350700378417969
vt 0.030774999409914017 0.37275302410125732
vt 0.01348899956792593 0.3727869987487793
vt 0.010491999797523022 0.30391502380371094
vt 0.030774999409914017 0.30387097597122192
vt 0.0085589997470378876 0.28099501132965088
vt 0.030774999409914017 0.28094601631164551
vt 0.0072349999099969864 0.25876700878143311
vt 0.030774999409914017 0.25871199369430542
vt 0.006039000116288662 0.22732800245285034
vt 0.030774999409914017 0.22726798057556152
vt 0.0053750001825392246 0.19342601299285889
vt 0.030774999409914017 0.19336497783660889
vt 0.0051230001263320446 0.1644819974899292
vt 0.030774999409914017 0.16442501544952393
vt 0.0051179998554289341 0.13208001852035522
vt 0.030774999409914017 0.13205397129058838
vt 0.0061739999800920486 0.097496986389160156
vt 0.030774999409914017 0.097491979598999023
vt 0.0074999998323619366 0.078317999839782715
vt 0.030774999409914017 0.078316986560821533
vt 0.011211000382900238 0.045635998249053955
vt 0.030774999409914017 0.045635998249053955
vt 0.014155999757349491 0.016070008277893066
vt 0.030774999409914017 0.015334010124206543
vt 0.024865999817848206 0.013074994087219238
vt 0.01680699922144413 0.0079820156097412109
vt 0.030774999409914017 0.53023698925971985
vt 0.0073379999957978725 0.53023698925971985
vt 0.012423999607563019 0.43785697221755981
vt 0.030774999409914017 0.43785297870635986
vt 0.012423999607563019 0.43183702230453491
vt 0.030774999409914017 0.43183201551437378
vt 0.012424999848008156 0.42789298295974731
vt 0.030774999409914017 0.42788600921630859
vt 0.030774999409914017 0.5424250066280365
vt 0.0097219999879598618 0.55608201026916504
vt 0.013810000382363796 0.0051180124282836914
vt 0.95459699630737305 0.9719030000269413
vt 0.94483798742294312 0.9719030000269413
vt 0.94484198093414307 0.93748699873685837
vt 0.954600989818573 0.93748799711465836
vt 0.95581501722335815 0.83510899543762207
vt 0.95526599884033203 0.85203300416469574
vt 0.94485300779342651 0.85203200578689575
vt 0.9448549747467041 0.83510799705982208
vt 0.023282000795006752 0.55608201026916504
vt 0.066667996346950531 0.25949102640151978
vt 0.066667996346950531 0.2190290093421936
vt 0.07473599910736084 0.2190290093421936
vt 0.07473599910736084 0.25949102640151978
vt 0.066667996346950531 0.17483597993850708
vt 0.07473599910736084 0.17483597993850708
vt 0.066667996346950531 0.15417802333831787
vt 0.07473599910736084 0.15417802333831787
vt 0.07473599910736084 0.16554802656173706
vt 0.066667996346950531 0.16554802656173706
vt 0.066667996346950531 0.11156600713729858
vt 0.07473599910736084 0.11156600713729858
vt 0.07473599910736084 0.14008498191833496
vt 0.066667996346950531 0.14008498191833496
vt 0.019481999799609184 0.62688300013542175
vt 0.022712999954819679 0.63692998886108398
vt 0.006585999857634306 0.63990500569343567
vt 0.0097219999879598618 0.62688300013542175
vt 0.94484800100326538 0.891245998442173
vt 0.9589809775352478 0.90087799727916718
vt 0.95520597696304321 0.90475299954414368
vt 0.94484597444534302 0.90475200116634369
vt 0.94485098123550415 0.86557899415493011
vt 0.95871502161026001 0.86558100581169128
vt 0.95898497104644775 0.89124699681997299
vt 0.94484400749206543 0.92186199873685837
vt 0.95520401000976563 0.92186400294303894
vt 0.94485700130462646 0.818914994597435
vt 0.94486099481582642 0.78459599614143372
vt 0.95841902494430542 0.78459599614143372
vt 0.95841497182846069 0.81891700625419617
vt 0.9574199914932251 0.85580700635910034
vt 0.030774999409914017 0.64054098725318909
vt 0.030774999409914017 0.65462398529052734
vt 0.026163000613451004 0.63990500569343567
vt 0.006585999857634306 0.65462499856948853
vt 0.0074330000206828117 0.67437401413917542
vt 0.030774999409914017 0.67437401413917542
vt 0.0095490003004670143 0.69105800986289978
vt 0.030774999409914017 0.69105800986289978
vt 0.012229000218212605 0.71241599321365356
vt 0.030774999409914017 0.71241599321365356
vt 0.014444000087678432 0.73115399479866028
vt 0.03077399916946888 0.73115399479866028
vt 0.015674000605940819 0.74168699979782104
vt 0.03077399916946888 0.74168801307678223
vt 0.01757499948143959 0.75015699863433838
vt 0.03077399916946888 0.75015699863433838
vt 0.33124598860740662 0.80904799699783325
vt 0.33124598860740662 0.81389500200748444
vt 0.32177799940109253 0.81389500200748444
vt 0.31804800033569336 0.80904799699783325
vt 0.33124598860740662 0.81630000472068787
vt 0.32221800088882446 0.81630000472068787
vt 0.33124598860740662 0.82226699590682983
vt 0.32277101278305054 0.82226699590682983
vt 0.33124598860740662 0.82951100170612335
vt 0.32277101278305054 0.82951100170612335
vt 0.33124598860740662 0.83675499260425568
vt 0.32277101278305054 0.83675499260425568
vt 0.33124598860740662 0.84399800002574921
vt 0.32277101278305054 0.84399800002574921
vt 0.33124598860740662 0.85124200582504272
vt 0.32277101278305054 0.85124200582504272
vt 0.33124598860740662 0.85848599672317505
vt 0.32277101278305054 0.85848599672317505
vt 0.33124598860740662 0.86572900414466858
vt 0.32277101278305054 0.86572900414466858
vt 0.33124598860740662 0.8729729950428009
vt 0.32277101278305054 0.8729729950428009
vt 0.33124598860740662 0.88021700084209442
vt 0.32277101278305054 0.88021700084209442
vt 0.33124598860740662 0.88746000081300735
vt 0.32277101278305054 0.88746000081300735
vt 0.33124598860740662 0.89470399916172028
vt 0.32277101278305054 0.89470399916172028
vt 0.33124598860740662 0.9019479975104332
vt 0.32277101278305054 0.9019479975104332
vt 0.33124598860740662 0.90919099748134613
vt 0.32277101278305054 0.90919099748134613
vt 0.33124598860740662 0.91643500328063965
vt 0.32277101278305054 0.91643500328063965
vt 0.33124598860740662 0.92374099791049957
vt 0.3227820098400116 0.92374099791049957
vt 0.33124598860740662 0.94273699820041656
vt 0.31854799389839172 0.94273699820041656
vt 0.57257002592086792 0.83985200524330139
vt 0.58025002479553223 0.83571599423885345
vt 0.57650500535964966 0.85481399297714233
vt 0.70768201351165771 0.91286999732255936
vt 0.69248998165130615 0.91577400267124176
vt 0.70360100269317627 0.9089450016617775
vt 0.69013100862503052 0.90832699835300446
vt 0.61811202764511108 0.60376900434494019
vt 0.61109298467636108 0.60082298517227173
vt 0.62347102165222168 0.60082298517227173
vt 0.61586397886276245 0.60473400354385376
vt 0.61109298467636108 0.60082298517227173
vt 0.61811202764511108 0.60376900434494019
vt 0.54572200775146484 0.85263699293136597
vt 0.54865497350692749 0.8473069965839386
vt 0.55369597673416138 0.84912799298763275
vt 0.55130499601364136 0.85481399297714233
vt 0.54001700878143311 0.84817300736904144
vt 0.54443401098251343 0.84400400519371033
vt 0.53595197200775146 0.84217700362205505
vt 0.54142600297927856 0.83956800401210785
vt 0.53391498327255249 0.83522599935531616
vt 0.53991901874542236 0.83442400395870209
vt 0.53410202264785767 0.82798400521278381
vt 0.54005700349807739 0.82906599342823029
vt 0.53649497032165527 0.82114699482917786
vt 0.54182702302932739 0.82400700449943542
vt 0.54086297750473022 0.81536899507045746
vt 0.54505997896194458 0.81973099708557129
vt 0.54678899049758911 0.8112030029296875
vt 0.54944401979446411 0.81664800643920898
vt 0.55370402336120605 0.80904799699783325
vt 0.55456197261810303 0.8150549978017807
vt 0.56094801425933838 0.80911299586296082
vt 0.5599210262298584 0.81510299444198608
vt 0.56782400608062744 0.81139199435710907
vt 0.56500899791717529 0.81678900122642517
vt 0.57367199659347534 0.81566700339317322
vt 0.56933599710464478 0.81995199620723724
vt 0.57792901992797852 0.82152700424194336
vt 0.5724869966506958 0.82428799569606781
vt 0.58018702268600464 0.82840999960899353
vt 0.5741569995880127 0.82938100397586823
vt 0.57418602705001831 0.83474099636077881
vt 0.71250098943710327 0.91521699726581573
vt 0.71672701835632324 0.90037400275468826
vt 0.71783298254013062 0.91577400267124176
vt 0.72953802347183228 0.89173900336027145
vt 0.72581201791763306 0.88788499683141708
vt 0.70139598846435547 0.89877399802207947
vt 0.701774001121521 0.90412099659442902
vt 0.73172098398208618 0.89663399755954742
vt 0.70287001132965088 0.89361999928951263
vt 0.73209798336029053 0.90198100358247757
vt 0.70601898431777954 0.88928200304508209
vt 0.73062402009963989 0.9071350023150444
vt 0.71046102046966553 0.88628099858760834
vt 0.72747600078582764 0.91147399693727493
vt 0.71566098928451538 0.88498099893331528
vt 0.72303301095962524 0.9144740030169487
vt 0.72099202871322632 0.88553799688816071
vt 0.066667996346950531 0.34040898084640503
vt 0.066667996346950531 0.31195199489593506
vt 0.07473599910736084 0.31195199489593506
vt 0.07473599910736084 0.34040898084640503
vt 0.066667996346950531 0.50084701180458069
vt 0.066667996346950531 0.46869200468063354
vt 0.07473599910736084 0.46869200468063354
vt 0.07473599910736084 0.50084701180458069
vt 0.066667996346950531 0.44489997625350952
vt 0.066667996346950531 0.41959500312805176
vt 0.07473599910736084 0.41959500312805176
vt 0.07473599910736084 0.44489997625350952
vt 0.066667996346950531 0.39573001861572266
vt 0.066667996346950531 0.36967200040817261
vt 0.07473599910736084 0.36967200040817261
vt 0.07473599910736084 0.39573001861572266
vt 0.066667996346950531 0.27937597036361694
vt 0.07473599910736084 0.27937597036361694
vt 0.066667996346950531 0.53721898794174194
vt 0.07473599910736084 0.53721898794174194
vt 0.066667996346950531 0.57051599025726318
vt 0.07473599910736084 0.57051599025726318
vt 0.066667996346950531 0.60630699992179871
vt 0.07473599910736084 0.60630699992179871
vt 0.066667996346950531 0.64559099078178406
vt 0.07473599910736084 0.64559099078178406
vt 0.066667996346950531 0.66741800308227539
vt 0.07473599910736084 0.66741800308227539
vt 0.066667996346950531 0.70453500747680664
vt 0.07473599910736084 0.70453500747680664
vt 0.066667996346950531 0.26482897996902466
vt 0.07473599910736084 0.26482897996902466
vt 0.066667996346950531 0.2753409743309021
vt 0.07473599910736084 0.2753409743309021
vt 0.066667996346950531 0.26796501874923706
vt 0.066667996346950531 0.73701798915863037
vt 0.07473599910736084 0.73701798915863037
vt 0.07473599910736084 0.74961099028587341
vt 0.066667996346950531 0.74961099028587341
vt 0.60863900184631348 0.83260400593280792
vt 0.60863900184631348 0.83874799311161041
vt 0.59708100557327271 0.83870799839496613
vt 0.5970039963722229 0.83260400593280792
vt 0.63808101415634155 0.7349649965763092
vt 0.63808101415634155 0.72258201241493225
vt 0.64290297031402588 0.72258201241493225
vt 0.64290297031402588 0.7349649965763092
vt 0.0051489998586475849 0.95135100185871124
vt 0.0051710000261664391 0.93220499902963638
vt 0.0093580000102519989 0.94039399921894073
vt 0.012466000393033028 0.95699600130319595
vt 0.25105801224708557 0.66021901369094849
vt 0.26434800028800964 0.65922099351882935
vt 0.2654150128364563 0.69196900725364685
vt 0.25114798545837402 0.6883150041103363
vt 0.61146402359008789 0.95402200147509575
vt 0.61136102676391602 0.96067800000309944
vt 0.59917700290679932 0.95966000109910965
vt 0.59969198703765869 0.95349400117993355
vt 0.61153602600097656 0.93972999975085258
vt 0.61146402359008789 0.95402200147509575
vt 0.59969198703765869 0.95349400117993355
vt 0.59960001707077026 0.93884000182151794
vt 0.60863900184631348 0.83874799311161041
vt 0.60923397541046143 0.85103799402713776
vt 0.59742701053619385 0.85153399407863617
vt 0.59708100557327271 0.83870799839496613
vt 0.61017000675201416 0.88222099840641022
vt 0.59851402044296265 0.88052699714899063
vt 0.26823899149894714 0.65909099578857422
vt 0.26434800028800964 0.65922099351882935
vt 0.26344600319862366 0.63101398944854736
vt 0.26730000972747803 0.63088500499725342
vt 0.25421500205993652 0.74152299761772156
vt 0.26766198873519897 0.74301999807357788
vt 0.26932799816131592 0.79295100271701813
vt 0.25688400864601135 0.79408399760723114
vt 0.62108200788497925 0.85198600590229034
vt 0.62209302186965942 0.88235700130462646
vt 0.26766198873519897 0.74301999807357788
vt 0.27143600583076477 0.74288898706436157
vt 0.27286699414253235 0.79298800230026245
vt 0.63808101415634155 0.71246498823165894
vt 0.63808101415634155 0.70453000068664551
vt 0.64290297031402588 0.70453000068664551
vt 0.64290297031402588 0.71246498823165894
vt 0.63808101415634155 0.81790299713611603
vt 0.63808101415634155 0.81313399970531464
vt 0.64290297031402588 0.81313399970531464
vt 0.64290297031402588 0.81790299713611603
vt 0.005187000147998333 0.89223799854516983
vt 0.016349999234080315 0.88895899802446365
vt 0.0087559996172785759 0.91669800132513046
vt 0.0060040000826120377 0.99488200014457107
vt 0.0051179998554289341 0.97049699909985065
vt 0.016231000423431396 0.97359899990260601
vt 0.02322700060904026 0.98611500021070242
vt 0.66573101282119751 0.23183399438858032
vt 0.66762202978134155 0.21158897876739502
vt 0.68573898077011108 0.21158897876739502
vt 0.68573898077011108 0.23183399438858032
vt 0.66258001327514648 0.43711602687835693
vt 0.66123801469802856 0.41837698221206665
vt 0.68573898077011108 0.41837698221206665
vt 0.68573898077011108 0.43711602687835693
vt 0.65996700525283813 0.32576501369476318
vt 0.66096901893615723 0.29639899730682373
vt 0.68573898077011108 0.29639899730682373
vt 0.68573898077011108 0.32576501369476318
vt 0.66829997301101685 0.18993699550628662
vt 0.68573898077011108 0.18993699550628662
vt 0.66712802648544312 0.10353797674179077
vt 0.66712802648544312 0.097824990749359131
vt 0.68573898077011108 0.097824990749359131
vt 0.68573898077011108 0.10353797674179077
vt 0.66764801740646362 0.134319007396698
vt 0.66712802648544312 0.1071770191192627
vt 0.68573898077011108 0.1071770191192627
vt 0.68573898077011108 0.134319007396698
vt 0.65997898578643799 0.3846290111541748
vt 0.68573898077011108 0.3846290111541748
vt 0.66712802648544312 0.10498601198196411
vt 0.68573898077011108 0.10498601198196411
vt 0.66884499788284302 0.49833399057388306
vt 0.66591799259185791 0.46876299381256104
vt 0.68573898077011108 0.46876698732376099
vt 0.68573898077011108 0.48919498920440674
vt 0.66843098402023315 0.16307497024536133
vt 0.68573898077011108 0.16307497024536133
vt 0.66553401947021484 0.04901200532913208
vt 0.65996700525283813 0.35475200414657593
vt 0.68573898077011108 0.35475200414657593
vt 0.66222602128982544 0.27192598581314087
vt 0.68573898077011108 0.27192598581314087
vt 0.66249597072601318 0.013938009738922119
vt 0.68573898077011108 0.013939023017883301
vt 0.66361302137374878 0.25281602144241333
vt 0.68573898077011108 0.25281602144241333
vt 0.22231100499629974 0.66152998805046082
vt 0.22121499478816986 0.68859899044036865
vt 0.63808101415634155 0.80265000462532043
vt 0.64290297031402588 0.80265000462532043
vt 0.62020599842071533 0.83870700001716614
vt 0.62341701984405518 0.9388820007443428
vt 0.6232370138168335 0.95385700091719627
vt 0.6232370138168335 0.95385700091719627
vt 0.62356197834014893 0.960037000477314
vt 0.62315201759338379 0.922434002161026
vt 0.61122298240661621 0.92290399968624115
vt 0.62028300762176514 0.83260400593280792
vt 0.62020599842071533 0.83870700001716614
vt 0.67969101667404175 0.0051180124282836914
vt 0.68573898077011108 0.0051180124282836914
vt 0.62281298637390137 0.90619400143623352
vt 0.6108739972114563 0.90607400238513947
vt 0.64290297031402588 0.771588996052742
vt 0.63808101415634155 0.771588996052742
vt 0.63808101415634155 0.75031399726867676
vt 0.64290297031402588 0.75031399726867676
vt 0.59922397136688232 0.90449900180101395
vt 0.59937602281570435 0.92159400135278702
vt 0.066667996346950531 0.040616989135742188
vt 0.07473599910736084 0.040616989135742188
vt 0.07473599910736084 0.058645009994506836
vt 0.066667996346950531 0.058645009994506836
vt 0.066667996346950531 0.024809002876281738
vt 0.07473599910736084 0.024809002876281738
vt 0.066667996346950531 0.014205992221832275
vt 0.07473599910736084 0.014205992221832275
vt 0.066667996346950531 0.089331984519958496
vt 0.07473599910736084 0.089331984519958496
vt 0.07473599910736084 0.10194098949432373
vt 0.066667996346950531 0.10194098949432373
vt 0.066667996346950531 0.072730004787445068
vt 0.07473599910736084 0.072730004787445068
vt 0.066667996346950531 0.0051180124282836914
vt 0.07473599910736084 0.0051180124282836914
vt 0.023365000262856483 0.87845300137996674
vt 0.0051750000566244125 0.87921799719333649
vt 0.011304999701678753 0.80671299993991852
vt 0.029384000226855278 0.80671299993991852
vt 0.029384000226855278 0.82806900143623352
vt 0.0086249997839331627 0.82806900143623352
vt 0.029384000226855278 0.8447519987821579
vt 0.0065089999698102474 0.8447519987821579
vt 0.015235999599099159 0.77337400615215302
vt 0.029384000226855278 0.77337400615215302
vt 0.029384000226855278 0.78797699511051178
vt 0.013519999571144581 0.78797699511051178
vt 0.016685999929904938 0.76039400696754456
vt 0.029384000226855278 0.76039400696754456
vt 0.029384000226855278 0.86449900269508362
vt 0.0051979999989271164 0.86449900269508362
vt 0.029384000226855278 0.87845300137996674
vt 0.26648101210594177 0.71582499146461487
vt 0.27033698558807373 0.71566599607467651
vt 0.25259599089622498 0.71315199136734009
vt 0.26648101210594177 0.71582499146461487
vt 0.25203999876976013 0.8564160019159317
vt 0.26113098859786987 0.85396899282932281
vt 0.25371798872947693 0.89186900109052658
vt 0.24607099592685699 0.89160200208425522
vt 0.26580700278282166 0.85415099561214447
vt 0.26982399821281433 0.85442200303077698
vt 0.26504799723625183 0.89366299659013748
vt 0.25986000895500183 0.8927529975771904
vt 0.23755300045013428 0.89261499792337418
vt 0.24183499813079834 0.90579699724912643
vt 0.23293100297451019 0.90281499922275543
vt 0.24856199324131012 0.90797299891710281
vt 0.26014500856399536 0.91204199939966202
vt 0.25457900762557983 0.90999700129032135
vt 0.22817599773406982 0.90911799669265747
vt 0.23616600036621094 0.91550900042057037
vt 0.22711700201034546 0.9233269989490509
vt 0.22143200039863586 0.91562499850988388
vt 0.24715100228786469 0.92346400022506714
vt 0.25242900848388672 0.92710500210523605
vt 0.24086199700832367 0.94041100144386292
vt 0.23652799427509308 0.93559899926185608
vt 0.24155400693416595 0.91944800317287445
vt 0.23182100057601929 0.9297420009970665
vt 0.07473599910736084 0.7598470002412796
vt 0.07473599910736084 0.78007599711418152
vt 0.071840003132820129 0.78007599711418152
vt 0.071840003132820129 0.7598470002412796
vt 0.22500699758529663 0.95319899916648865
vt 0.22164799273014069 0.94779499992728233
vt 0.21781499683856964 0.94117400050163269
vt 0.21477100253105164 0.9318929985165596
vt 0.20756499469280243 0.92413400113582611
vt 0.64973098039627075 0.25731700658798218
vt 0.64973098039627075 0.26582300662994385
vt 0.64696198701858521 0.26582300662994385
vt 0.64696198701858521 0.25731700658798218
vt 0.64973098039627075 0.17355000972747803
vt 0.64973098039627075 0.18802201747894287
vt 0.64696198701858521 0.18802201747894287
vt 0.64696198701858521 0.17355000972747803
vt 0.64973098039627075 0.19877499341964722
vt 0.64696198701858521 0.19877499341964722
vt 0.07473599910736084 0.82685099542140961
vt 0.07473599910736084 0.84296299517154694
vt 0.071840003132820129 0.84296299517154694
vt 0.071840003132820129 0.82685099542140961
vt 0.67983001470565796 0.49764198064804077
vt 0.6726679801940918 0.50344398617744446
vt 0.66846299171447754 0.50929000973701477
vt 0.21608200669288635 0.95811999961733818
vt 0.21353299915790558 0.95206400007009506
vt 0.21202300488948822 0.94398000091314316
vt 0.20554700493812561 0.95620499923825264
vt 0.20480699837207794 0.94645100086927414
vt 0.2068839967250824 0.96247399970889091
vt 0.20380400121212006 0.94224600121378899
vt 0.20542499423027039 0.93829400092363358
vt 0.21144700050354004 0.94230199977755547
vt 0.19943100214004517 0.93284600228071213
vt 0.66633099317550659 0.52067899703979492
vt 0.66974800825119019 0.51252099871635437
vt 0.21201099455356598 0.66705000400543213
vt 0.64973098039627075 0.23599797487258911
vt 0.64973098039627075 0.24927300214767456
vt 0.64696198701858521 0.24927300214767456
vt 0.64696198701858521 0.23599797487258911
vt 0.68573898077011108 0.49764299392700195
vt 0.64973098039627075 0.088225007057189941
vt 0.64973098039627075 0.1360970139503479
vt 0.64696198701858521 0.1360970139503479
vt 0.64696198701858521 0.088225007057189941
vt 0.64973098039627075 0.22741997241973877
vt 0.64696198701858521 0.22741997241973877
vt 0.07473599910736084 0.86281399428844452
vt 0.07473599910736084 0.88304299861192703
vt 0.071840003132820129 0.88304299861192703
vt 0.071840003132820129 0.86281399428844452
vt 0.64973098039627075 0.0051180124282836914
vt 0.64973098039627075 0.034116029739379883
vt 0.64696198701858521 0.034116029739379883
vt 0.64696198701858521 0.0051180124282836914
vt 0.26934900879859924 0.69182100892066956
vt 0.2654150128364563 0.69196900725364685
vt 0.25093799829483032 0.6321449875831604
vt 0.26344600319862366 0.63101398944854736
vt 0.64973098039627075 0.21046000719070435
vt 0.64696198701858521 0.21046000719070435
vt 0.75596201419830322 0.89666999876499176
vt 0.75596201419830322 0.86883699893951416
vt 0.75877499580383301 0.86891099810600281
vt 0.75875800848007202 0.89673800021409988
vt 0.22417399287223816 0.71413099765777588
vt 0.63379800319671631 0.80250300467014313
vt 0.17855200171470642 0.93154300004243851
vt 0.17323100566864014 0.93130700290203094
vt 0.17408299446105957 0.90911699831485748
vt 0.17925399541854858 0.9095819965004921
vt 0.13274900615215302 0.89313299953937531
vt 0.13669599592685699 0.87926100194454193
vt 0.13750900328159332 0.90481100231409073
vt 0.13512800633907318 0.8984839990735054
vt 0.07473599910736084 0.78898400068283081
vt 0.071840003132820129 0.78898400068283081
vt 0.07473599910736084 0.85337899625301361
vt 0.071840003132820129 0.85337899625301361
vt 0.21302400529384613 0.70866599678993225
vt 0.07473599910736084 0.79942700266838074
vt 0.07473599910736084 0.81339700520038605
vt 0.071840003132820129 0.81339700520038605
vt 0.071840003132820129 0.79942700266838074
vt 0.16475099325180054 0.93091300129890442
vt 0.16603900492191315 0.90818099677562714
vt 0.14699499309062958 0.84984299540519714
vt 0.13533000648021698 0.84991900622844696
vt 0.1323930025100708 0.7941650003194809
vt 0.14143200218677521 0.79203400015830994
vt 0.17068399488925934 0.85024300217628479
vt 0.16603900492191315 0.85014599561691284
vt 0.15710200369358063 0.78994299471378326
vt 0.16117300093173981 0.78995299339294434
vt 0.15883000195026398 0.8497689962387085
vt 0.1507830023765564 0.78987599909305573
vt 0.11142999678850174 0.84887200593948364
vt 0.085694000124931335 0.84993800520896912
vt 0.084972001612186432 0.79764799773693085
vt 0.10755299776792526 0.79678900539875031
vt 0.13631199300289154 0.93007899820804596
vt 0.13273000717163086 0.91538999974727631
vt 0.13488799333572388 0.91100899875164032
vt 0.11360500007867813 0.93006200343370438
vt 0.12350799888372421 0.92485000193119049
vt 0.11356800049543381 0.87778300046920776
vt 0.086328998208045959 0.87788599729537964
vt 0.17045600712299347 0.88173899799585342
vt 0.16275399923324585 0.88109699636697769
vt 0.1753849983215332 0.88198199868202209
vt 0.14961899816989899 0.8801800012588501
vt 0.13390499353408813 0.74671700596809387
vt 0.11160500347614288 0.73720398545265198
vt 0.11336000263690948 0.70282000303268433
vt 0.13443699479103088 0.71925199031829834
vt 0.16835799813270569 0.72977098822593689
vt 0.16414399445056915 0.7289310097694397
vt 0.16725100576877594 0.71672600507736206
vt 0.17125099897384644 0.72012099623680115
vt 0.1438480019569397 0.75157199800014496
vt 0.14508000016212463 0.72806400060653687
vt 0.16391199827194214 0.7576490044593811
vt 0.16001899540424347 0.75720199942588806
vt 0.1621830016374588 0.73818299174308777
vt 0.16595500707626343 0.73891198635101318
vt 0.15405400097370148 0.75650200247764587
vt 0.15631699562072754 0.73703700304031372
vt 0.095452003180980682 0.73615598678588867
vt 0.14870600402355194 0.71874499320983887
vt 0.13953700661659241 0.70990300178527832
vt 0.14462999999523163 0.70061999559402466
vt 0.15229000151157379 0.70952698588371277
vt 0.11987700313329697 0.69486099481582642
vt 0.15832699835300446 0.72766000032424927
vt 0.16037599742412567 0.71850299835205078
vt 0.12612900137901306 0.69130900502204895
vt 0.13464799523353577 0.68988201022148132
vt 0.15042799711227417 0.93051200360059738
vt 0.15193299949169159 0.9065060019493103
vt 0.14954100549221039 0.69324600696563721
vt 0.15771199762821198 0.69708800315856934
vt 0.1648000031709671 0.70310300588607788
vt 0.17094899713993073 0.70329800248146057
vt 0.17604200541973114 0.70350301265716553
vt 0.15808199346065521 0.69284000992774963
vt 0.16727900505065918 0.69297400116920471
vt 0.17627799510955811 0.69317400455474854
vt 0.17925399541854858 0.6942020058631897
vt 0.16335900127887726 0.95388099923729897
vt 0.14897200465202332 0.95465100184082985
vt 0.11197599768638611 0.9568060003221035
vt 0.13479700684547424 0.95539899915456772
vt 0.085322000086307526 0.95860100165009499
vt 0.085888996720314026 0.93086600303649902
vt 0.17222799360752106 0.95366900041699409
vt 0.17771300673484802 0.95358699932694435
vt 0.12387300282716751 0.88346000015735626
vt 0.69013100862503052 0.5309160053730011
vt 0.70295000076293945 0.5309160053730011
vt 0.70295000076293945 0.56815800070762634
vt 0.69013100862503052 0.56815800070762634
vt 0.91375702619552612 0.0051419734954833984
vt 0.91838997602462769 0.0051180124282836914
vt 0.91840499639511108 0.039236009120941162
vt 0.91376298666000366 0.039258003234863281
vt 0.92292201519012451 0.0051490068435668945
vt 0.92294800281524658 0.039246976375579834
vt 0.70295000076293945 0.58327800035476685
vt 0.69013100862503052 0.58327800035476685
vt 0.91839897632598877 0.054181993007659912
vt 0.91376602649688721 0.054212987422943115
vt 0.92296898365020752 0.054180026054382324
vt 0.70295000076293945 0.59775999188423157
vt 0.69013100862503052 0.59775999188423157
vt 0.92297601699829102 0.068741023540496826
vt 0.9184030294418335 0.068749010562896729
vt 0.91376900672912598 0.068780004978179932
vt 0.71024900674819946 0.59775999188423157
vt 0.76901102066040039 0.50453299283981323
vt 0.79547899961471558 0.50453299283981323
vt 0.79547899961471558 0.54247599840164185
vt 0.76901102066040039 0.54247599840164185
vt 0.79547899961471558 0.55871999263763428
vt 0.76901102066040039 0.55871999263763428
vt 0.79547899961471558 0.57527399063110352
vt 0.76901102066040039 0.57527399063110352
vt 0.913798987865448 0.21471399068832397
vt 0.9184340238571167 0.21467500925064087
vt 0.91842299699783325 0.34886699914932251
vt 0.91378897428512573 0.34888601303100586
vt 0.69013100862503052 0.73996898531913757
vt 0.70295000076293945 0.73996898531913757
vt 0.70295000076293945 0.87474499642848969
vt 0.69013100862503052 0.87474499642848969
vt 0.30233800411224365 0.75770300626754761
vt 0.30680000782012939 0.75770300626754761
vt 0.30680000782012939 0.88667900115251541
vt 0.30233800411224365 0.88667900115251541
vt 0.76901102066040039 0.72016000747680664
vt 0.79547899961471558 0.72016000747680664
vt 0.79547899961471558 0.85747100412845612
vt 0.76901102066040039 0.85747100412845612
vt 0.93759500980377197 0.16057002544403076
vt 0.96306097507476807 0.16057002544403076
vt 0.96306097507476807 0.3078950047492981
vt 0.93759500980377197 0.3078950047492981
vt 0.71024900674819946 0.73996898531913757
vt 0.71024900674819946 0.87474499642848969
vt 0.92295998334884644 0.21461200714111328
vt 0.9228929877281189 0.34887897968292236
vt 0.96761798858642578 0.16057002544403076
vt 0.97049599885940552 0.16057002544403076
vt 0.97049599885940552 0.3078950047492981
vt 0.96761798858642578 0.3078950047492981
vt 0.93321198225021362 0.16057002544403076
vt 0.93321198225021362 0.3078950047492981
vt 0.93321198225021362 0.0051180124282836914
vt 0.93759500980377197 0.0051180124282836914
vt 0.96306097507476807 0.0051180124282836914
vt 0.96761798858642578 0.0051180124282836914
vt 0.97049599885940552 0.0051180124282836914
vt 0.30233800411224365 0.62161201238632202
vt 0.30680000782012939 0.62161201238632202
vt 0.82571500539779663 0.59301099181175232
vt 0.83034998178482056 0.5930120050907135
vt 0.83028101921081543 0.716621994972229
vt 0.82564198970794678 0.71664100885391235
vt 0.77339500188827515 0.1390259861946106
vt 0.79886001348495483 0.1390259861946106
vt 0.79886001348495483 0.27272099256515503
vt 0.77339500188827515 0.27272099256515503
vt 0.81653201580047607 0.12992399930953979
vt 0.84299898147583008 0.12992399930953979
vt 0.84299898147583008 0.25453299283981323
vt 0.81653201580047607 0.25453299283981323
vt 0.89011001586914063 0.59198799729347229
vt 0.90292900800704956 0.59198799729347229
vt 0.90292900800704956 0.71429499983787537
vt 0.89011001586914063 0.71429499983787537
vt 0.80341702699661255 0.1390259861946106
vt 0.80341702699661255 0.27272099256515503
vt 0.76901102066040039 0.1390259861946106
vt 0.76901102066040039 0.27272099256515503
vt 0.91022801399230957 0.59198799729347229
vt 0.91022801399230957 0.71429499983787537
vt 0.83479797840118408 0.59309899806976318
vt 0.83470797538757324 0.71661600470542908
vt 0.80629497766494751 0.1390259861946106
vt 0.80629497766494751 0.27272099256515503
vt 0.84509801864624023 0.58851400017738342
vt 0.84956097602844238 0.58851400017738342
vt 0.84956097602844238 0.70555800199508667
vt 0.84509801864624023 0.70555800199508667
vt 0.84509801864624023 0.47128397226333618
vt 0.84956097602844238 0.47128397226333618
vt 0.80341702699661255 0.0051180124282836914
vt 0.80629497766494751 0.0051180124282836914
vt 0.83039200305938721 0.47128397226333618
vt 0.83486199378967285 0.47129601240158081
vt 0.90292900800704956 0.46948701143264771
vt 0.91022801399230957 0.46948701143264771
vt 0.76901102066040039 0.0051180124282836914
vt 0.77339500188827515 0.0051180124282836914
vt 0.79886001348495483 0.0051180124282836914
vt 0.89011001586914063 0.46948701143264771
vt 0.81653201580047607 0.0051180124282836914
vt 0.84299898147583008 0.0051180124282836914
vt 0.82575798034667969 0.47130298614501953
vt 0.89011001586914063 0.80571800470352173
vt 0.90292900800704956 0.80571800470352173
vt 0.90292900800704956 0.91699600219726563
vt 0.89011001586914063 0.91699600219726563
vt 0.79886001348495483 0.37265700101852417
vt 0.80341702699661255 0.37265700101852417
vt 0.80341702699661255 0.49429702758789063
vt 0.79886001348495483 0.49429702758789063
vt 0.76901102066040039 0.37265700101852417
vt 0.77339500188827515 0.37265700101852417
vt 0.77339500188827515 0.49429702758789063
vt 0.76901102066040039 0.49429702758789063
vt 0.91022801399230957 0.80571800470352173
vt 0.91022801399230957 0.91699600219726563
vt 0.83025002479553223 0.80684599280357361
vt 0.83467799425125122 0.80695299804210663
vt 0.83447498083114624 0.91885700076818466
vt 0.83014202117919922 0.91876699775457382
vt 0.80629497766494751 0.37265700101852417
vt 0.80629497766494751 0.49429702758789063
vt 0.84509801864624023 0.79304799437522888
vt 0.84956097602844238 0.79304799437522888
vt 0.84956097602844238 0.89953800290822983
vt 0.84509801864624023 0.89953800290822983
vt 0.82560497522354126 0.80683900415897369
vt 0.825531005859375 0.91876599937677383
vt 0.81653201580047607 0.34767597913742065
vt 0.84299898147583008 0.34767597913742065
vt 0.84299898147583008 0.46104800701141357
vt 0.81653201580047607 0.46104800701141357
vt 0.32699200510978699 0.0051220059394836426
vt 0.33160299062728882 0.0051239728927612305
vt 0.33139601349830627 0.13048297166824341
vt 0.32688000798225403 0.13049697875976563
vt 0.15629400312900543 0.0051180124282836914
vt 0.18175999820232391 0.0051180124282836914
vt 0.18175999820232391 0.14010298252105713
vt 0.15629400312900543 0.14010298252105713
vt 0.19943100214004517 0.0051180124282836914
vt 0.22589799761772156 0.0051180124282836914
vt 0.22589799761772156 0.13092797994613647
vt 0.19943100214004517 0.13092797994613647
vt 0.34617200493812561 0.0051180124282836914
vt 0.35899099707603455 0.0051180124282836914
vt 0.35899099707603455 0.12860500812530518
vt 0.34617200493812561 0.12860500812530518
vt 0.18631699681282043 0.0051180124282836914
vt 0.18631699681282043 0.14010298252105713
vt 0.15191100537776947 0.0051180124282836914
vt 0.15191100537776947 0.14010298252105713
vt 0.36629000306129456 0.0051180124282836914
vt 0.36629000306129456 0.12860500812530518
vt 0.33593499660491943 0.0052139759063720703
vt 0.3354400098323822 0.13045400381088257
vt 0.18919399380683899 0.0051180124282836914
vt 0.18919399380683899 0.14010298252105713
vt 0.63226300477981567 0.0051180124282836914
vt 0.6367260217666626 0.0051180124282836914
vt 0.6367260217666626 0.123291015625
vt 0.63226300477981567 0.123291015625
vt 0.35899099707603455 0.25531601905822754
vt 0.36629000306129456 0.25531601905822754
vt 0.36629000306129456 0.38242602348327637
vt 0.35899099707603455 0.38242602348327637
vt 0.33096900582313538 0.25749099254608154
vt 0.33459201455116272 0.25750797986984253
vt 0.33365899324417114 0.38512599468231201
vt 0.33043301105499268 0.38507997989654541
vt 0.18631699681282043 0.27861398458480835
vt 0.18919399380683899 0.27861398458480835
vt 0.18919399380683899 0.41755902767181396
vt 0.18631699681282043 0.41755902767181396
vt 0.63226300477981567 0.24455100297927856
vt 0.6367260217666626 0.24455100297927856
vt 0.6367260217666626 0.36619102954864502
vt 0.63226300477981567 0.36619102954864502
vt 0.32662200927734375 0.25749999284744263
vt 0.32628101110458374 0.38509297370910645
vt 0.15629400312900543 0.27861398458480835
vt 0.18175999820232391 0.27861297130584717
vt 0.18175999820232391 0.41755998134613037
vt 0.15629400312900543 0.41755902767181396
vt 0.19943100214004517 0.26002401113510132
vt 0.22589799761772156 0.26002401113510132
vt 0.22589799761772156 0.38952600955963135
vt 0.19943100214004517 0.38952600955963135
vt 0.34617200493812561 0.25531601905822754
vt 0.34617200493812561 0.38242602348327637
vt 0.15191100537776947 0.27861398458480835
vt 0.15191100537776947 0.41755902767181396
vt 0.18175999820232391 0.54014500975608826
vt 0.18631699681282043 0.54014500975608826
vt 0.18631699681282043 0.66378000378608704
vt 0.18175999820232391 0.66378000378608704
vt 0.15191100537776947 0.54014500975608826
vt 0.15629400312900543 0.54014500975608826
vt 0.15629400312900543 0.66378000378608704
vt 0.15191100537776947 0.66378000378608704
vt 0.35899099707603455 0.49456900358200073
vt 0.36629000306129456 0.49456900358200073
vt 0.36629000306129456 0.60559999942779541
vt 0.35899099707603455 0.60559999942779541
vt 0.32883700728416443 0.49864000082015991
vt 0.331836998462677 0.49859702587127686
vt 0.33086898922920227 0.61062100529670715
vt 0.3281719982624054 0.61058700084686279
vt 0.18919399380683899 0.54014500975608826
vt 0.63226300477981567 0.47350901365280151
vt 0.6367260217666626 0.47350901365280151
vt 0.6340019702911377 0.58245798945426941
vt 0.32574799656867981 0.49868297576904297
vt 0.32540801167488098 0.61057901382446289
vt 0.19943100214004517 0.50377899408340454
vt 0.22589799761772156 0.50377899408340454
vt 0.22589799761772156 0.62064900994300842
vt 0.19943100214004517 0.62064900994300842
vt 0.34617200493812561 0.49456900358200073
vt 0.34617200493812561 0.60559999942779541
vt 0.57088398933410645 0.4402269721031189
vt 0.52485197782516479 0.44711399078369141
vt 0.49380999803543091 0.29716098308563232
vt 0.57257097959518433 0.2896689772605896
vt 0.49717700481414795 0.45117199420928955
vt 0.59287601709365845 0.4378809928894043
vt 0.57879698276519775 0.43981200456619263
vt 0.5774340033531189 0.28964501619338989
vt 0.59187597036361694 0.28837800025939941
vt 0.61907202005386353 0.15812402963638306
vt 0.62159502506256104 0.15785002708435059
vt 0.62160497903823853 0.30798697471618652
vt 0.61899501085281372 0.30823999643325806
vt 0.61655998229980469 0.15829402208328247
vt 0.61655998229980469 0.30839800834655762
vt 0.61655998229980469 0.0052319765090942383
vt 0.61932498216629028 0.0051820278167724609
vt 0.62202697992324829 0.0051180124282836914
vt 0.58739602565765381 0.5913119912147522
vt 0.57985401153564453 0.59119400382041931
vt 0.57613402605056763 0.59155300259590149
vt 0.54055500030517578 0.59448400139808655
vt 0.53580999374389648 0.59493899345397949
vt 0.60085701942443848 0.59033700823783875
vt 0.50914400815963745 0.59713000059127808
vt 0.6189110279083252 0.37876999378204346
vt 0.62141698598861694 0.37851202487945557
vt 0.62118297815322876 0.43989002704620361
vt 0.61883598566055298 0.44009202718734741
vt 0.61655998229980469 0.37892997264862061
vt 0.61655998229980469 0.44021797180175781
vt 0.57977598905563354 0.21901500225067139
vt 0.49876201152801514 0.22574901580810547
vt 0.50655001401901245 0.16224300861358643
vt 0.58212602138519287 0.15714502334594727
vt 0.59376901388168335 0.21788400411605835
vt 0.59518200159072876 0.1562960147857666
vt 0.62064898014068604 0.4913100004196167
vt 0.61869800090789795 0.49137598276138306
vt 0.61655998229980469 0.49142301082611084
vt 0.52529001235961914 0.10552501678466797
vt 0.58621901273727417 0.10483700037002563
vt 0.5967479944229126 0.10475099086761475
vt 0.61852198839187622 0.53830200433731079
vt 0.61655998229980469 0.53820401430130005
vt 0.55920600891113281 0.048569977283477783
vt 0.59289997816085815 0.056098997592926025
vt 0.59872698783874512 0.057430028915405273
vt 0.6197969913482666 0.53849700093269348
vt 0.61655998229980469 0.59058600664138794
vt 0.60085701942443848 0.0051180124282836914
vt 0.20079399645328522 0.69386500120162964
vt 0.19943100214004517 0.68756300210952759
vt 0.20063599944114685 0.68123701214790344
vt 0.20279000699520111 0.67671400308609009
vt 0.20674100518226624 0.67125698924064636
vt 0.20763400197029114 0.70464301109313965
vt 0.2035440057516098 0.69930198788642883
vt 0.1362060010433197 0.90477100014686584
vt 0.12898300588130951 0.88767600059509277
vt 0.1287589967250824 0.92073799669742584
vt 0.07473599910736084 0.82005999982357025
vt 0.071840003132820129 0.82005999982357025
vt 0.071840003132820129 0.79420800507068634
vt 0.07473599910736084 0.79420800507068634
vt 0.07473599910736084 0.84817199409008026
vt 0.071840003132820129 0.84817199409008026
vt 0.006587000098079443 0.55608201026916504
vt 0.006585999857634306 0.59148401021957397
vt 0.006587000098079443 0.57378301024436951
vt 0.0097219999879598618 0.59148401021957397
vt 0.006585999857634306 0.62688300013542175
vt 0.40323498845100403 0.88300199806690216
vt 0.40472701191902161 0.82211099565029144
vt 0.43947601318359375 0.84860900044441223
vt 0.43863099813461304 0.88301499933004379
vt 0.36783599853515625 0.88301499933004379
vt 0.36867299675941467 0.84870600700378418
vt 0.41734099388122559 0.80904799699783325
vt 0.39167499542236328 0.80907300114631653
vt 0.42706999182701111 0.81841599941253662
vt 0.38193398714065552 0.81848800182342529
vt 0.37388300895690918 0.83337500691413879
vt 0.43469300866127014 0.83373500406742096
vt 0.048889998346567154 0.32506000995635986
vt 0.04821300134062767 0.34873300790786743
vt 0.049123998731374741 0.44485700130462646
vt 0.050877999514341354 0.49234998226165771
vt 0.048608999699354172 0.39353102445602417
vt 0.049123998731374741 0.42306298017501831
vt 0.048060998320579529 0.3727869987487793
vt 0.051058001816272736 0.30391502380371094
vt 0.052990999072790146 0.28099501132965088
vt 0.054315000772476196 0.25876700878143311
vt 0.055511001497507095 0.22732800245285034
vt 0.056175000965595245 0.19342601299285889
vt 0.056426998227834702 0.1644819974899292
vt 0.056432001292705536 0.13208001852035522
vt 0.055376000702381134 0.097496986389160156
vt 0.05404999852180481 0.078317999839782715
vt 0.050338998436927795 0.045635998249053955
vt 0.047393999993801117 0.016068994998931885
vt 0.036683999001979828 0.013074994087219238
vt 0.044743001461029053 0.0079820156097412109
vt 0.054212000221014023 0.53023698925971985
vt 0.049125999212265015 0.43785697221755981
vt 0.049125999212265015 0.43183702230453491
vt 0.049125000834465027 0.42789298295974731
vt 0.051826998591423035 0.55608201026916504
vt 0.047740001231431961 0.0051180124282836914
vt 0.92484301328659058 0.9719030000269413
vt 0.92484301328659058 0.93748799711465836
vt 0.93460202217102051 0.93748799711465836
vt 0.93460202217102051 0.97190400026738644
vt 0.92364102602005005 0.83510899543762207
vt 0.93460202217102051 0.83510899543762207
vt 0.93460202217102051 0.85203300416469574
vt 0.92418897151947021 0.85203300416469574
vt 0.038267999887466431 0.55608201026916504
vt 0.093675002455711365 0.25940698385238647
vt 0.084972001612186432 0.25940698385238647
vt 0.084972001612186432 0.21895802021026611
vt 0.093675002455711365 0.21895802021026611
vt 0.084972001612186432 0.17478001117706299
vt 0.093675002455711365 0.17478001117706299
vt 0.093675002455711365 0.1541290283203125
vt 0.093675002455711365 0.16549497842788696
vt 0.084972001612186432 0.16549497842788696
vt 0.084972001612186432 0.1541290283203125
vt 0.093675002455711365 0.11153101921081543
vt 0.093675002455711365 0.14004099369049072
vt 0.084972001612186432 0.14004099369049072
vt 0.084972001612186432 0.11153101921081543
vt 0.042068000882863998 0.62688300013542175
vt 0.051828000694513321 0.62688300013542175
vt 0.05496399849653244 0.63990399241447449
vt 0.038837000727653503 0.63692998886108398
vt 0.93460202217102051 0.89124699681997299
vt 0.93460202217102051 0.90475299954414368
vt 0.92424201965332031 0.90475299954414368
vt 0.92046797275543213 0.90087799727916718
vt 0.92046499252319336 0.89124699681997299
vt 0.92073702812194824 0.86558100581169128
vt 0.93460202217102051 0.86558100581169128
vt 0.93460202217102051 0.92186299711465836
vt 0.92424201965332031 0.92186299711465836
vt 0.93460202217102051 0.81891700625419617
vt 0.9210439920425415 0.81891700625419617
vt 0.9210439920425415 0.78459599614143372
vt 0.93460202217102051 0.7845969945192337
vt 0.92203402519226074 0.85580700635910034
vt 0.035386998206377029 0.63990500569343567
vt 0.05496399849653244 0.65462499856948853
vt 0.054117001593112946 0.67437401413917542
vt 0.052000999450683594 0.69105800986289978
vt 0.049320001155138016 0.71241599321365356
vt 0.047104999423027039 0.73115399479866028
vt 0.045875001698732376 0.74168801307678223
vt 0.043972998857498169 0.75015699863433838
vt 0.34444400668144226 0.80904799699783325
vt 0.34071299433708191 0.81389500200748444
vt 0.34027400612831116 0.81630000472068787
vt 0.33972001075744629 0.82226699590682983
vt 0.33972001075744629 0.82951100170612335
vt 0.33972001075744629 0.83675499260425568
vt 0.33972001075744629 0.84399800002574921
vt 0.33972001075744629 0.85124200582504272
vt 0.33972001075744629 0.85848599672317505
vt 0.33972001075744629 0.86572900414466858
vt 0.33972001075744629 0.8729729950428009
vt 0.33972001075744629 0.88021700084209442
vt 0.33972001075744629 0.88746000081300735
vt 0.33972001075744629 0.89470399916172028
vt 0.33972001075744629 0.9019479975104332
vt 0.33972001075744629 0.90919099748134613
vt 0.33972001075744629 0.91643500328063965
vt 0.33970999717712402 0.92374099791049957
vt 0.34394299983978271 0.94273699820041656
vt 0.548878014087677 0.87273100018501282
vt 0.53391498327255249 0.86879600584506989
vt 0.55301398038864136 0.86505100131034851
vt 0.7719150185585022 0.8921239972114563
vt 0.77584099769592285 0.89620500057935715
vt 0.76901102066040039 0.90731699764728546
vt 0.7764580249786377 0.90967600047588348
vt 0.64867299795150757 0.60526201128959656
vt 0.64572602510452271 0.61062100529670715
vt 0.64572602510452271 0.59824401140213013
vt 0.64963698387145996 0.60301500558853149
vt 0.64867299795150757 0.60526201128959656
vt 0.64572602510452271 0.59824401140213013
vt 0.53609299659729004 0.8995790034532547
vt 0.53391498327255249 0.89399600028991699
vt 0.53960198163986206 0.89160499721765518
vt 0.54142302274703979 0.89664600044488907
vt 0.54055702686309814 0.90528400242328644
vt 0.54472500085830688 0.90086700022220612
vt 0.54655200242996216 0.90934900194406509
vt 0.54916197061538696 0.90387500077486038
vt 0.55350399017333984 0.91138499975204468
vt 0.55430597066879272 0.90538199990987778
vt 0.5607450008392334 0.91119799762964249
vt 0.55966401100158691 0.90524300187826157
vt 0.56758201122283936 0.90880600363016129
vt 0.56472301483154297 0.90347299724817276
vt 0.57336097955703735 0.90443799644708633
vt 0.56899899244308472 0.90024100244045258
vt 0.57752698659896851 0.89851199835538864
vt 0.57208102941513062 0.89585699886083603
vt 0.57968097925186157 0.8915959969162941
vt 0.57367497682571411 0.89073900133371353
vt 0.5796160101890564 0.88435299694538116
vt 0.57362699508666992 0.88537900149822235
vt 0.57733798027038574 0.87747699767351151
vt 0.57194101810455322 0.88029199838638306
vt 0.57306301593780518 0.87162899971008301
vt 0.56877797842025757 0.87596499919891357
vt 0.56720197200775146 0.86737099289894104
vt 0.564441978931427 0.87281399965286255
vt 0.56031900644302368 0.8651140034198761
vt 0.55934900045394897 0.87114399671554565
vt 0.5539889931678772 0.87111499905586243
vt 0.76956897974014282 0.88730499893426895
vt 0.76901102066040039 0.88197299838066101
vt 0.78441202640533447 0.88307899981737137
vt 0.79304701089859009 0.87026800215244293
vt 0.79690098762512207 0.87399399280548096
vt 0.78601199388504028 0.89840999990701675
vt 0.78066498041152954 0.89803200215101242
vt 0.78815102577209473 0.86808499693870544
vt 0.79116499423980713 0.89693599939346313
vt 0.78280401229858398 0.8677079975605011
vt 0.79550397396087646 0.89378800243139267
vt 0.77764999866485596 0.86918200552463531
vt 0.79850399494171143 0.88934600353240967
vt 0.77331197261810303 0.87232999503612518
vt 0.7998039722442627 0.88414499908685684
vt 0.77031099796295166 0.87677299976348877
vt 0.79924798011779785 0.87881399691104889
vt 0.0944100022315979 0.33264297246932983
vt 0.085371002554893494 0.33264297246932983
vt 0.085371002554893494 0.30851197242736816
vt 0.0944100022315979 0.30851197242736816
vt 0.0944100022315979 0.46869397163391113
vt 0.085371002554893494 0.46869397163391113
vt 0.085371002554893494 0.44142699241638184
vt 0.0944100022315979 0.44142699241638184
vt 0.0944100022315979 0.42125099897384644
vt 0.085371002554893494 0.42125099897384644
vt 0.085371002554893494 0.39979302883148193
vt 0.0944100022315979 0.39979302883148193
vt 0.0944100022315979 0.37955498695373535
vt 0.085371002554893494 0.37955498695373535
vt 0.085371002554893494 0.35745900869369507
vt 0.0944100022315979 0.35745900869369507
vt 0.085371002554893494 0.28088700771331787
vt 0.0944100022315979 0.28088700771331787
vt 0.0944100022315979 0.49953699111938477
vt 0.085371002554893494 0.49953699111938477
vt 0.0944100022315979 0.52777299284934998
vt 0.085371002554893494 0.52777299284934998
vt 0.0944100022315979 0.55812400579452515
vt 0.085371002554893494 0.55812400579452515
vt 0.0944100022315979 0.5914359986782074
vt 0.085371002554893494 0.5914359986782074
vt 0.0944100022315979 0.60994601249694824
vt 0.085371002554893494 0.60994601249694824
vt 0.0944100022315979 0.64142099022865295
vt 0.085371002554893494 0.64142099022865295
vt 0.093675002455711365 0.26474297046661377
vt 0.084972001612186432 0.26474297046661377
vt 0.094001002609729767 0.27523398399353027
vt 0.084972001612186432 0.26787799596786499
vt 0.093675002455711365 0.26787799596786499
vt 0.0944100022315979 0.66896599531173706
vt 0.0944100022315979 0.67964500188827515
vt 0.085371002554893494 0.67964500188827515
vt 0.085371002554893494 0.66896599531173706
vt 0.59708100557327271 0.82649999856948853
vt 0.60863900184631348 0.82646000385284424
vt 0.63808101415634155 0.90084200352430344
vt 0.64290297031402588 0.90084200352430344
vt 0.64290297031402588 0.91322500258684158
vt 0.63808101415634155 0.91322500258684158
vt 0.053617998957633972 0.95135100185871124
vt 0.046301998198032379 0.95699600130319595
vt 0.049410000443458557 0.94039399921894073
vt 0.053596001118421555 0.93220499902963638
vt 0.34738200902938843 0.67248499393463135
vt 0.37547799944877625 0.67257499694824219
vt 0.37913200259208679 0.68684199452400208
vt 0.34638398885726929 0.68577501177787781
vt 0.61146402359008789 0.7111859917640686
vt 0.59969198703765869 0.7117139995098114
vt 0.59917700290679932 0.7055479884147644
vt 0.61136102676391602 0.70453000068664551
vt 0.61153602600097656 0.72547799348831177
vt 0.59960001707077026 0.7263680100440979
vt 0.59969198703765869 0.7117139995098114
vt 0.61146402359008789 0.7111859917640686
vt 0.60863900184631348 0.82646000385284424
vt 0.59708100557327271 0.82649999856948853
vt 0.59742701053619385 0.81367400288581848
vt 0.60923397541046143 0.81417000293731689
vt 0.59851402044296265 0.78468100726604462
vt 0.61017000675201416 0.78298699855804443
vt 0.34625300765037537 0.68966498970985413
vt 0.31804800033569336 0.6887269914150238
vt 0.31817600131034851 0.68487301468849182
vt 0.34638398885726929 0.68577501177787781
vt 0.4286859929561615 0.67564100027084351
vt 0.48124700784683228 0.67831099033355713
vt 0.48011401295661926 0.69075500965118408
vt 0.43018299341201782 0.68908900022506714
vt 0.62108200788497925 0.8132220059633255
vt 0.62209302186965942 0.78285099565982819
vt 0.43018299341201782 0.68908900022506714
vt 0.48015099763870239 0.69429400563240051
vt 0.4300520122051239 0.69286298751831055
vt 0.63808101415634155 0.92334199696779251
vt 0.64290297031402588 0.92334199696779251
vt 0.64290297031402588 0.93127699941396713
vt 0.63808101415634155 0.93127699941396713
vt 0.64290297031402588 0.82267299294471741
vt 0.63808101415634155 0.82267299294471741
vt 0.050011999905109406 0.91669800132513046
vt 0.042417000979185104 0.88895899802446365
vt 0.053580999374389648 0.89223799854516983
vt 0.052763998508453369 0.99488200014457107
vt 0.035539999604225159 0.98611500021070242
vt 0.042536001652479172 0.97359899990260601
vt 0.053649000823497772 0.97049699909985065
vt 0.70574700832366943 0.23183399438858032
vt 0.70385599136352539 0.21158897876739502
vt 0.70889800786972046 0.43711602687835693
vt 0.71024101972579956 0.41837698221206665
vt 0.71151101589202881 0.32576501369476318
vt 0.71050900220870972 0.29639899730682373
vt 0.70317798852920532 0.18993699550628662
vt 0.70434999465942383 0.10353797674179077
vt 0.70434999465942383 0.097824990749359131
vt 0.70383000373840332 0.134319007396698
vt 0.70434999465942383 0.1071770191192627
vt 0.71149897575378418 0.3846290111541748
vt 0.70434999465942383 0.10498601198196411
vt 0.70263302326202393 0.49833399057388306
vt 0.70556002855300903 0.46876299381256104
vt 0.70304697751998901 0.16307497024536133
vt 0.70594501495361328 0.04901200532913208
vt 0.71151101589202881 0.35475200414657593
vt 0.7092519998550415 0.27192598581314087
vt 0.70898199081420898 0.013939023017883301
vt 0.70786499977111816 0.25281602144241333
vt 0.34869301319122314 0.64373698830604553
vt 0.37576198577880859 0.64264199137687683
vt 0.64290297031402588 0.8331570029258728
vt 0.63808101415634155 0.8331570029258728
vt 0.62020599842071533 0.82650099694728851
vt 0.62341701984405518 0.72632598876953125
vt 0.6232370138168335 0.71135100722312927
vt 0.6232370138168335 0.71135100722312927
vt 0.62356197834014893 0.70517098903656006
vt 0.62315201759338379 0.74277400970458984
vt 0.61122298240661621 0.7423039972782135
vt 0.62020599842071533 0.82650099694728851
vt 0.6917870044708252 0.0051180124282836914
vt 0.6108739972114563 0.75913399457931519
vt 0.62281298637390137 0.75901399552822113
vt 0.64290297031402588 0.86421799659729004
vt 0.64290297031402588 0.88549300283193588
vt 0.63808101415634155 0.88549300283193588
vt 0.63808101415634155 0.86421799659729004
vt 0.59922397136688232 0.7607090026140213
vt 0.59937602281570435 0.74361398816108704
vt 0.093675002455711365 0.040605008602142334
vt 0.093675002455711365 0.05862802267074585
vt 0.084972001612186432 0.05862802267074585
vt 0.084972001612186432 0.040605008602142334
vt 0.093675002455711365 0.024802982807159424
vt 0.084972001612186432 0.024802982807159424
vt 0.093675002455711365 0.014203011989593506
vt 0.084972001612186432 0.014203011989593506
vt 0.093675002455711365 0.089303970336914063
vt 0.093675002455711365 0.10190898180007935
vt 0.084972001612186432 0.10190898180007935
vt 0.084972001612186432 0.089303970336914063
vt 0.093675002455711365 0.072708010673522949
vt 0.084972001612186432 0.072708010673522949
vt 0.093675002455711365 0.0051180124282836914
vt 0.084972001612186432 0.0051180124282836914
vt 0.035402998328208923 0.87845300137996674
vt 0.053592998534440994 0.87921799719333649
vt 0.047462999820709229 0.80671299993991852
vt 0.050142999738454819 0.82806900143623352
vt 0.052257999777793884 0.8447519987821579
vt 0.043531998991966248 0.77337400615215302
vt 0.04524800181388855 0.78797699511051178
vt 0.042082000523805618 0.76039400696754456
vt 0.05356999859213829 0.86449900269508362
vt 0.40298700332641602 0.68790799379348755
vt 0.40282899141311646 0.69176399707794189
vt 0.40031498670578003 0.67402198910713196
vt 0.40298700332641602 0.68790799379348755
vt 0.54357802867889404 0.6734670102596283
vt 0.57876497507095337 0.66749799251556396
vt 0.57903200387954712 0.67514500021934509
vt 0.54113197326660156 0.68255800008773804
vt 0.54131400585174561 0.68723401427268982
vt 0.57991600036621094 0.68128699064254761
vt 0.58082598447799683 0.68647500872612
vt 0.54158502817153931 0.6912510097026825
vt 0.57977801561355591 0.65898001194000244
vt 0.58997702598571777 0.65435799956321716
vt 0.59296000003814697 0.6632620096206665
vt 0.59513598680496216 0.66998898983001709
vt 0.5971599817276001 0.67600598931312561
vt 0.59920501708984375 0.68157199025154114
vt 0.59628099203109741 0.64960300922393799
vt 0.60278797149658203 0.64285901188850403
vt 0.61049002408981323 0.64854401350021362
vt 0.60267198085784912 0.6575930118560791
vt 0.61062699556350708 0.66857799887657166
vt 0.62276202440261841 0.65795499086380005
vt 0.62757301330566406 0.66228899359703064
vt 0.61426800489425659 0.6738559901714325
vt 0.61690497398376465 0.65324801206588745
vt 0.6066100001335144 0.66298100352287292
vt 0.35760000348091125 0.93119999766349792
vt 0.35468000173568726 0.93119999766349792
vt 0.35468000173568726 0.91114299744367599
vt 0.35760000348091125 0.91114299744367599
vt 0.63495802879333496 0.64307498931884766
vt 0.64036202430725098 0.64643299579620361
vt 0.62833601236343384 0.63924199342727661
vt 0.61905598640441895 0.6361980140209198
vt 0.61129701137542725 0.6289919912815094
vt 0.64973098039627075 0.27432900667190552
vt 0.64696198701858521 0.27432900667190552
vt 0.64973098039627075 0.35809600353240967
vt 0.64696198701858521 0.35809600353240967
vt 0.64696198701858521 0.34362500905990601
vt 0.64973098039627075 0.34362500905990601
vt 0.64696198701858521 0.33287101984024048
vt 0.64973098039627075 0.33287101984024048
vt 0.35760000348091125 0.864764004945755
vt 0.35468000173568726 0.864764004945755
vt 0.35468000173568726 0.84878799319267273
vt 0.35760000348091125 0.84878799319267273
vt 0.69164800643920898 0.49764198064804077
vt 0.69880998134613037 0.50344398617744446
vt 0.7030150294303894 0.50929000973701477
vt 0.63922697305679321 0.63495999574661255
vt 0.64528298377990723 0.63750898838043213
vt 0.63114297389984131 0.63345000147819519
vt 0.64336800575256348 0.62697398662567139
vt 0.63361400365829468 0.62623399496078491
vt 0.64963698387145996 0.62831100821495056
vt 0.62940901517868042 0.62523099780082703
vt 0.62946498394012451 0.6328740119934082
vt 0.62545698881149292 0.62685200572013855
vt 0.62000900506973267 0.62085801362991333
vt 0.70514702796936035 0.52067899703979492
vt 0.70173001289367676 0.51252099871635437
vt 0.35421198606491089 0.63343799114227295
vt 0.64973098039627075 0.29564797878265381
vt 0.64696198701858521 0.29564797878265381
vt 0.64696198701858521 0.28237402439117432
vt 0.64973098039627075 0.28237402439117432
vt 0.64973098039627075 0.44342100620269775
vt 0.64696198701858521 0.44342100620269775
vt 0.64696198701858521 0.39555001258850098
vt 0.64973098039627075 0.39555001258850098
vt 0.64973098039627075 0.30422598123550415
vt 0.64696198701858521 0.30422598123550415
vt 0.35760000348091125 0.82910600304603577
vt 0.35468000173568726 0.82910600304603577
vt 0.35468000173568726 0.80904799699783325
vt 0.35760000348091125 0.80904799699783325
vt 0.64973098039627075 0.526528000831604
vt 0.64696198701858521 0.526528000831604
vt 0.64696198701858521 0.49753099679946899
vt 0.64973098039627075 0.49753099679946899
vt 0.3789840042591095 0.69077500700950623
vt 0.37913200259208679 0.68684199452400208
vt 0.31930801272392273 0.67236500978469849
vt 0.31817600131034851 0.68487301468849182
vt 0.64696198701858521 0.32118600606918335
vt 0.64973098039627075 0.32118600606918335
vt 0.74570900201797485 0.89666999876499176
vt 0.74291199445724487 0.89673600345849991
vt 0.74291199445724487 0.86890900135040283
vt 0.74572497606277466 0.86883699893951416
vt 0.40129399299621582 0.64559999108314514
vt 0.63379800319671631 0.83330400288105011
vt 0.55971002578735352 0.7981099933385849
vt 0.53774797916412354 0.79881200194358826
vt 0.53728401660919189 0.79364100098609924
vt 0.55947399139404297 0.7927899956703186
vt 0.52130001783370972 0.75230799615383148
vt 0.52665102481842041 0.75468599796295166
vt 0.53297799825668335 0.7570669949054718
vt 0.50742697715759277 0.75625400245189667
vt 0.35468000173568726 0.90230999886989594
vt 0.35760000348091125 0.90230999886989594
vt 0.35760000348091125 0.83845999836921692
vt 0.35468000173568726 0.83845999836921692
vt 0.39582899212837219 0.63444998860359192
vt 0.35760000348091125 0.89195600152015686
vt 0.35468000173568726 0.89195600152015686
vt 0.35468000173568726 0.87810400128364563
vt 0.35760000348091125 0.87810400128364563
vt 0.53634798526763916 0.78559699654579163
vt 0.55907899141311646 0.78430899977684021
vt 0.47800999879837036 0.76655399799346924
vt 0.42019999027252197 0.76098999381065369
vt 0.42233100533485413 0.75195099413394928
vt 0.47808599472045898 0.75488799810409546
vt 0.47841000556945801 0.79024200141429901
vt 0.41811901330947876 0.78073099255561829
vt 0.41811001300811768 0.77665999531745911
vt 0.47831299901008606 0.78559799492359161
vt 0.41804298758506775 0.77034200727939606
vt 0.47793498635292053 0.77838900685310364
vt 0.47703799605369568 0.73098799586296082
vt 0.42495599389076233 0.72711101174354553
vt 0.42581498622894287 0.70453000068664551
vt 0.47810399532318115 0.705253005027771
vt 0.55824601650238037 0.75586999952793121
vt 0.53917598724365234 0.75444599986076355
vt 0.54355698823928833 0.75228899717330933
vt 0.55822902917861938 0.73316299915313721
vt 0.5530170202255249 0.74306601285934448
vt 0.50594902038574219 0.73312601447105408
vt 0.50605297088623047 0.70588698983192444
vt 0.50990599393844604 0.79001499712467194
vt 0.50926297903060913 0.78231200575828552
vt 0.51014798879623413 0.79494300484657288
vt 0.50834697484970093 0.76917800307273865
vt 0.37488400936126709 0.7534639984369278
vt 0.34741899371147156 0.75399500131607056
vt 0.33098599314689636 0.73291799426078796
vt 0.3653709888458252 0.73116400837898254
vt 0.35793799161911011 0.78791600465774536
vt 0.34828698635101318 0.7908100038766861
vt 0.34489300847053528 0.78680899739265442
vt 0.35709801316261292 0.78370200097560883
vt 0.37973898649215698 0.76340599358081818
vt 0.3562299907207489 0.76463800668716431
vt 0.38581600785255432 0.78347000479698181
vt 0.3670789897441864 0.78551299870014191
vt 0.36634999513626099 0.78174099326133728
vt 0.38536900281906128 0.77957700192928314
vt 0.36520299315452576 0.7758760005235672
vt 0.38466799259185791 0.77361199259757996
vt 0.36432299017906189 0.71500998735427856
vt 0.34691101312637329 0.76826399564743042
vt 0.33769398927688599 0.77184799313545227
vt 0.32878598570823669 0.76418900489807129
vt 0.33807000517845154 0.75909499824047089
vt 0.32302799820899963 0.73943600058555603
vt 0.346670001745224 0.77993400394916534
vt 0.35582700371742249 0.77788500487804413
vt 0.31804800033569336 0.75420600175857544
vt 0.31947499513626099 0.74568799138069153
vt 0.53467297554016113 0.77149100601673126
vt 0.55867898464202881 0.76998600363731384
vt 0.32141199707984924 0.76909899711608887
vt 0.32525399327278137 0.77727000415325165
vt 0.33126899600028992 0.78435899317264557
vt 0.33146500587463379 0.79050800204277039
vt 0.33166998624801636 0.79559999704360962
vt 0.32100701332092285 0.77763999998569489
vt 0.32114100456237793 0.78683699667453766
vt 0.32134100794792175 0.79583600163459778
vt 0.32236900925636292 0.79881200194358826
vt 0.58204799890518188 0.78291699290275574
vt 0.58281701803207397 0.76852999627590179
vt 0.58497202396392822 0.73153400421142578
vt 0.58356600999832153 0.75435499846935272
vt 0.55903297662734985 0.70544800162315369
vt 0.58676701784133911 0.7048799991607666
vt 0.58183598518371582 0.79178699851036072
vt 0.58175402879714966 0.7972709983587265
vt 0.51162701845169067 0.74343100190162659
vt 0.65996700525283813 0.8780520036816597
vt 0.65996700525283813 0.84045100212097168
vt 0.67266398668289185 0.84045100212097168
vt 0.67266398668289185 0.8780520036816597
vt 0.90912002325057983 0.03923797607421875
vt 0.9091230034828186 0.0051199793815612793
vt 0.90457701683044434 0.039251029491424561
vt 0.90459102392196655 0.0051519870758056641
vt 0.65996700525283813 0.82518599927425385
vt 0.67266398668289185 0.82518599927425385
vt 0.90913301706314087 0.054184019565582275
vt 0.90456300973892212 0.054184019565582275
vt 0.65996700525283813 0.81056499481201172
vt 0.67266398668289185 0.81056499481201172
vt 0.90913599729537964 0.068751990795135498
vt 0.90456300973892212 0.068745970726013184
vt 0.67989397048950195 0.81056499481201172
vt 0.73213702440261841 0.85860100388526917
vt 0.73213702440261841 0.82089999318122864
vt 0.75877499580383301 0.82089999318122864
vt 0.75877499580383301 0.85860100388526917
vt 0.73213702440261841 0.80475999414920807
vt 0.75877499580383301 0.80475999414920807
vt 0.73213702440261841 0.78831200301647186
vt 0.75877499580383301 0.78831200301647186
vt 0.90915501117706299 0.34886902570724487
vt 0.90916299819946289 0.21468198299407959
vt 0.65996700525283813 0.66698700189590454
vt 0.65996700525283813 0.5309160053730011
vt 0.67266398668289185 0.5309160053730011
vt 0.67266398668289185 0.66698798537254333
vt 0.28788501024246216 0.75838199257850647
vt 0.28788501024246216 0.62161201238632202
vt 0.29210099577903748 0.62161201238632202
vt 0.29210099577903748 0.75838199257850647
vt 0.73213702440261841 0.64435198903083801
vt 0.73213702440261841 0.50791901350021362
vt 0.75877499580383301 0.50791901350021362
vt 0.75877499580383301 0.64435198903083801
vt 0.92481797933578491 0.6178320050239563
vt 0.92481797933578491 0.46948701143264771
vt 0.95010900497436523 0.46948701143264771
vt 0.95010900497436523 0.6178320050239563
vt 0.67989397048950195 0.5309160053730011
vt 0.67989397048950195 0.66698700189590454
vt 0.90468502044677734 0.34887599945068359
vt 0.90463697910308838 0.21462398767471313
vt 0.95463401079177856 0.6178320050239563
vt 0.95463401079177856 0.46948701143264771
vt 0.95749199390411377 0.46948701143264771
vt 0.95749199390411377 0.6178320050239563
vt 0.92046499252319336 0.6178320050239563
vt 0.92046499252319336 0.46948701143264771
vt 0.92046499252319336 0.77435900270938873
vt 0.92481797933578491 0.77435900270938873
vt 0.95010900497436523 0.77435900270938873
vt 0.95463401079177856 0.77435900270938873
vt 0.95749199390411377 0.77435900270938873
vt 0.28788501024246216 0.90269699692726135
vt 0.29210099577903748 0.90269699692726135
vt 0.82100200653076172 0.71662101149559021
vt 0.82108002901077271 0.59300899505615234
vt 0.72610002756118774 0.36284798383712769
vt 0.72610002756118774 0.22822701930999756
vt 0.75139099359512329 0.22822701930999756
vt 0.75139099359512329 0.36284798383712769
vt 0.85323601961135864 0.33412599563598633
vt 0.85323601961135864 0.21031397581100464
vt 0.87987297773361206 0.21031397581100464
vt 0.87987297773361206 0.33412599563598633
vt 0.85994702577590942 0.79650500416755676
vt 0.85994702577590942 0.67302098870277405
vt 0.87264299392700195 0.67302098870277405
vt 0.87264299392700195 0.79650500416755676
vt 0.7559170126914978 0.22822701930999756
vt 0.7559170126914978 0.36284798383712769
vt 0.72174698114395142 0.36284798383712769
vt 0.72174698114395142 0.22822701930999756
vt 0.87987297773361206 0.67302098870277405
vt 0.87987297773361206 0.79650500416755676
vt 0.81657600402832031 0.71661099791526794
vt 0.8166319727897644 0.59309700131416321
vt 0.75877499580383301 0.22822701930999756
vt 0.75877499580383301 0.36284798383712769
vt 0.89011001586914063 0.33493697643280029
vt 0.89011001586914063 0.21081900596618652
vt 0.89432597160339355 0.21081900596618652
vt 0.89432597160339355 0.33493697643280029
vt 0.89011001586914063 0.45925098657608032
vt 0.89432597160339355 0.45925098657608032
vt 0.7559170126914978 0.49768197536468506
vt 0.75877499580383301 0.49768197536468506
vt 0.82112401723861694 0.47128599882125854
vt 0.8166540265083313 0.47129297256469727
vt 0.87264299392700195 0.92018400132656097
vt 0.87987297773361206 0.92018400132656097
vt 0.72174698114395142 0.49768197536468506
vt 0.72610002756118774 0.49768197536468506
vt 0.75139099359512329 0.49768197536468506
vt 0.85994702577590942 0.92018400132656097
vt 0.85323601961135864 0.4581339955329895
vt 0.87987297773361206 0.4581339955329895
vt 0.85994702577590942 0.580718994140625
vt 0.85994702577590942 0.46837097406387329
vt 0.87264299392700195 0.46837002038955688
vt 0.87264299392700195 0.580718994140625
vt 0.75139099359512329 0.12760001420974731
vt 0.75139099359512329 0.0051180124282836914
vt 0.7559170126914978 0.0051180124282836914
vt 0.7559170126914978 0.12760001420974731
vt 0.72174698114395142 0.12760001420974731
vt 0.72174698114395142 0.0051180124282836914
vt 0.72610002756118774 0.0051180124282836914
vt 0.72610002756118774 0.12760001420974731
vt 0.87987297773361206 0.46837097406387329
vt 0.87987297773361206 0.580718994140625
vt 0.82095998525619507 0.80684199929237366
vt 0.82091999053955078 0.91876199841499329
vt 0.81658697128295898 0.91884999722242355
vt 0.81653201580047607 0.80695100128650665
vt 0.75877499580383301 0.0051180124282836914
vt 0.75877499580383301 0.12760001420974731
vt 0.89011001586914063 0.11804300546646118
vt 0.89011001586914063 0.0051180124282836914
vt 0.89432597160339355 0.0051180124282836914
vt 0.89432597160339355 0.11804300546646118
vt 0.85323601961135864 0.11776602268218994
vt 0.85323601961135864 0.0051180124282836914
vt 0.87987297773361206 0.0051180124282836914
vt 0.87987297773361206 0.11776602268218994
vt 0.32236200571060181 0.13048100471496582
vt 0.32238098978996277 0.0051180124282836914
vt 0.10899999737739563 0.66833800077438354
vt 0.10899999737739563 0.53242000937461853
vt 0.13428999483585358 0.53242000937461853
vt 0.13428999483585358 0.66833800077438354
vt 0.23613500595092773 0.6167140007019043
vt 0.23613500595092773 0.49170899391174316
vt 0.26277300715446472 0.49170899391174316
vt 0.26277300715446472 0.6167140007019043
vt 0.28788501024246216 0.61137500405311584
vt 0.28788501024246216 0.48670101165771484
vt 0.30058199167251587 0.48670101165771484
vt 0.30058199167251587 0.61137500405311584
vt 0.13881599903106689 0.53242000937461853
vt 0.13881599903106689 0.66833800077438354
vt 0.1046459972858429 0.66833800077438354
vt 0.1046459972858429 0.53242000937461853
vt 0.30781200528144836 0.48670101165771484
vt 0.30781200528144836 0.61137500405311584
vt 0.31831899285316467 0.13044798374176025
vt 0.31804800033569336 0.0052070021629333496
vt 0.14167399704456329 0.53242000937461853
vt 0.14167399704456329 0.66833800077438354
vt 0.27343198657035828 0.61239799857139587
vt 0.27343198657035828 0.48708397150039673
vt 0.27764800190925598 0.48708397150039673
vt 0.27764800190925598 0.61239799857139587
vt 0.30058199167251587 0.35877102613449097
vt 0.30058199167251587 0.2304379940032959
vt 0.30781200528144836 0.2304379940032959
vt 0.30781200528144836 0.35877102613449097
vt 0.32227599620819092 0.25747799873352051
vt 0.3221290111541748 0.38506001234054565
vt 0.31890299916267395 0.38508802652359009
vt 0.31865298748016357 0.25747001171112061
vt 0.13881599903106689 0.39295101165771484
vt 0.13881599903106689 0.25304299592971802
vt 0.14167399704456329 0.25304299592971802
vt 0.14167399704456329 0.39295101165771484
vt 0.27343198657035828 0.3584970235824585
vt 0.27343198657035828 0.22950500249862671
vt 0.27764800190925598 0.22950500249862671
vt 0.27764800190925598 0.3584970235824585
vt 0.10899999737739563 0.39295101165771484
vt 0.10899999737739563 0.25304299592971802
vt 0.13428999483585358 0.25304299592971802
vt 0.13428999483585358 0.39295101165771484
vt 0.23613500595092773 0.36343801021575928
vt 0.23613500595092773 0.2347639799118042
vt 0.26277300715446472 0.2347639799118042
vt 0.26277300715446472 0.36343801021575928
vt 0.28788501024246216 0.35877102613449097
vt 0.28788501024246216 0.2304379940032959
vt 0.1046459972858429 0.39295101165771484
vt 0.1046459972858429 0.25304299592971802
vt 0.13428999483585358 0.12960898876190186
vt 0.13428999483585358 0.0051180124282836914
vt 0.13881599903106689 0.0051180124282836914
vt 0.13881599903106689 0.12960898876190186
vt 0.1046459972858429 0.12960898876190186
vt 0.1046459972858429 0.0051180124282836914
vt 0.10899999737739563 0.0051180124282836914
vt 0.10899999737739563 0.12960898876190186
vt 0.30058199167251587 0.11721599102020264
vt 0.30058199167251587 0.0051180124282836914
vt 0.30781200528144836 0.0051180124282836914
vt 0.30781200528144836 0.11721599102020264
vt 0.32265898585319519 0.49862402677536011
vt 0.32264500856399536 0.61057001352310181
vt 0.3199479877948761 0.61058801412582397
vt 0.31965801119804382 0.49855899810791016
vt 0.14167399704456329 0.12960898876190186
vt 0.27343198657035828 0.11570197343826294
vt 0.27300900220870972 0.0051180124282836914
vt 0.27764800190925598 0.11570197343826294
vt 0.32540801167488098 0.61057901382446289
vt 0.23613500595092773 0.12124001979827881
vt 0.23613500595092773 0.0051180124282836914
vt 0.26277300715446472 0.0051180124282836914
vt 0.26277300715446472 0.12124001979827881
vt 0.28788501024246216 0.11721599102020264
vt 0.28788501024246216 0.0051180124282836914
vt 0.45359998941421509 0.1620209813117981
vt 0.45528799295425415 0.31257897615432739
vt 0.37652701139450073 0.30508697032928467
vt 0.40756899118423462 0.15513402223587036
vt 0.37989398837089539 0.15107601881027222
vt 0.4755919873714447 0.16436702013015747
vt 0.47459301352500916 0.31387001276016235
vt 0.46015098690986633 0.31260299682617188
vt 0.46151301264762878 0.16243600845336914
vt 0.61404800415039063 0.15812402963638306
vt 0.61412501335144043 0.30823999643325806
vt 0.61151498556137085 0.30798697471618652
vt 0.61152499914169312 0.15785002708435059
vt 0.61655998229980469 0.15829402208328247
vt 0.61655998229980469 0.30839800834655762
vt 0.61655998229980469 0.0052319765090942383
vt 0.61379402875900269 0.0051820278167724609
vt 0.61109298467636108 0.0051180124282836914
vt 0.47011300921440125 0.010935008525848389
vt 0.46257099509239197 0.011053979396820068
vt 0.45884999632835388 0.010694980621337891
vt 0.42327201366424561 0.007763981819152832
vt 0.41852700710296631 0.0073090195655822754
vt 0.48357400298118591 0.011910021305084229
vt 0.39186000823974609 0.0051180124282836914
vt 0.61420899629592896 0.37876999378204346
vt 0.6142839789390564 0.44009202718734741
vt 0.6119379997253418 0.43989002704620361
vt 0.61170297861099243 0.37851202487945557
vt 0.61655998229980469 0.37892997264862061
vt 0.61655998229980469 0.44021797180175781
vt 0.46249198913574219 0.38323301076889038
vt 0.46484300494194031 0.4451029896736145
vt 0.38926601409912109 0.44000500440597534
vt 0.38147899508476257 0.3764989972114563
vt 0.47648501396179199 0.38436400890350342
vt 0.4778980016708374 0.44595098495483398
vt 0.61442297697067261 0.49137598276138306
vt 0.61247199773788452 0.4913100004196167
vt 0.46893599629402161 0.49741101264953613
vt 0.40800699591636658 0.49672400951385498
vt 0.47946399450302124 0.49749702215194702
vt 0.61459898948669434 0.53830200433731079
vt 0.47561699151992798 0.54614898562431335
vt 0.44192299246788025 0.5536780059337616
vt 0.48144400119781494 0.5448170006275177
vt 0.61332398653030396 0.53849700093269348
vt 0.48357400298118591 0.59713000059127808
vt 0.38102701306343079 0.62222000956535339
vt 0.37472599744796753 0.62085801362991333
vt 0.36840000748634338 0.62206301093101501
vt 0.36387699842453003 0.6242159903049469
vt 0.35842001438140869 0.62816798686981201
vt 0.39180600643157959 0.6290610134601593
vt 0.38646501302719116 0.62497100234031677
vt 0.53293800354003906 0.75576399266719818
vt 0.5158429741859436 0.74854099750518799
vt 0.54890400171279907 0.74831700325012207
vt 0.35468000173568726 0.87149700522422791
vt 0.35760000348091125 0.87149700522422791
vt 0.35760000348091125 0.89713100343942642
vt 0.35468000173568726 0.89713100343942642
vt 0.35468000173568726 0.84362299740314484
vt 0.35760000348091125 0.84362299740314484
vt 0.054963000118732452 0.55608201026916504
vt 0.054963000118732452 0.59148401021957397
vt 0.051826998591423035 0.59148401021957397
vt 0.054963000118732452 0.57378301024436951
vt 0.054963000118732452 0.62688300013542175
vt 0.44972598552703857 0.84528900682926178
vt 0.44971200823783875 0.80989299714565277
vt 0.4841180145740509 0.80904799699783325
vt 0.51061701774597168 0.8437969982624054
vt 0.44971200823783875 0.88068799674510956
vt 0.48402100801467896 0.87985099852085114
vt 0.52367901802062988 0.83118300139904022
vt 0.52365398406982422 0.85684899985790253
vt 0.51431101560592651 0.8214540034532547
vt 0.51423901319503784 0.8665899932384491
vt 0.49935299158096313 0.87464100122451782
vt 0.49899199604988098 0.81383100152015686
vn 0.98089998960494995 0.19460000097751617 6.8804655484200339e-07
vn 0.98070001602172852 0.19550000131130219 -0.00069930875906720757
vn 0.91200000047683716 0.41019999980926514 -0.0011985497549176216
vn 0.91369998455047607 0.40650001168251038 1.4372607211043942e-06
vn 0.10260000079870224 0.99470001459121704 -0.00049648305866867304
vn 0.1023000031709671 0.99479997158050537 3.5173109154129634e-06
vn 0.11739999800920486 0.99309998750686646 -0.001396488631144166
vn 0.99540001153945923 -0.095899999141693115 -3.3907329566318367e-07
vn 0.99550002813339233 -0.094999998807907104 -3.3589117265364621e-07
vn 0.98400002717971802 -0.17790000140666962 9.9370998213998973e-05
vn 0.98420000076293945 -0.17679999768733978 -6.2511116993846372e-07
vn 0.99989998340606689 -0.01269999984651804 -4.490334504225757e-08
vn 0.99989998340606689 -0.013499999418854713 -0.00020004772522952408
vn 0.85759997367858887 0.51429998874664307 -0.0014981816057115793
vn 0.85799998044967651 0.51370000839233398 1.8162874084737268e-06
vn 0.92049998044967651 0.39079999923706055 -0.0010986182605847716
vn 0.9179999828338623 0.39649999141693115 1.4019037735124584e-06
vn 0.99529999494552612 0.097300000488758087 -0.00039965598261915147
vn 0.99479997158050537 0.10189999639987946 3.6028745853400324e-07
vn 0.97579997777938843 -0.21860000491142273 0.00039922707946971059
vn 0.97630000114440918 -0.21619999408721924 -7.6441756391432136e-07
vn 0.86479997634887695 -0.50209999084472656 0.0011982248397544026
vn 0.86529999971389771 -0.50129997730255127 -1.7724446479405742e-06
vn 0.67299997806549072 -0.73960000276565552 0.0017973850481212139
vn 0.67299997806549072 -0.73960000276565552 -2.6150012217840413e-06
vn 0.44279998540878296 -0.89660000801086426 0.0014968299074098468
vn 0.44159999489784241 -0.89719998836517334 -3.1722270250611473e-06
vn 0.24459999799728394 -0.96960002183914185 0.00069657177664339542
vn 0.24169999361038208 -0.97039997577667236 -3.4310398859815905e-06
vn 0.10279999673366547 -0.99470001459121704 0.00019648304441943765
vn 0.099699996411800385 -0.99500000476837158 -3.5180182749172673e-06
vn -0.017999999225139618 -0.99980002641677856 0.00089646497508510947
vn -0.022700000554323196 -0.99970000982284546 -3.5346358799870359e-06
vn -0.093599997460842133 -0.99559998512268066 0.0012964798370376229
vn -0.095799997448921204 -0.99540001153945923 -3.5194323118048487e-06
vn -0.10599999874830246 -0.9944000244140625 0.00369648402556777
vn -0.092900000512599945 -0.99570000171661377 -3.5204930100007914e-06
vn 0.12770000100135803 0.99180001020431519 3.5067039334535366e-06
vn 0.12800000607967377 0.99180001020431519 -0.00089649326400831342
vn 0.30790001153945923 0.95139998197555542 -0.00049663620302453637
vn 0.30790001153945923 0.95139998197555542 3.3638616514508612e-06
vn 0.71969997882843018 0.69429999589920044 -0.00039754516910761595
vn 0.71979999542236328 0.69419997930526733 2.4544804091419792e-06
vn 0.96100002527236938 0.27649998664855957 -0.00019902238273061812
vn 0.96109998226165771 0.27630001306533813 9.7691292921808781e-07
vn 0.1379999965429306 0.99040001630783081 3.5017540085391374e-06
vn 0.1437000036239624 0.98960000276565552 -9.6501076768618077e-05
vn -0.092900000512599945 -0.99570000171661377 -3.5204930100007914e-06
vn -0.99150002002716064 0.13050000369548798 4.6140840481712075e-07
vn -0.99150002002716064 0.13050000369548798 4.6140840481712075e-07
vn -0.95569998025894165 0.29420000314712524 1.0402019370303606e-06
vn -0.95509999990463257 0.29620000720024109 1.0472733720234828e-06
vn 0.96859997510910034 0.24869999289512634 8.7932772885324084e-07
vn 0.87070000171661377 0.49169999361038208 1.7385019646098954e-06
vn 0.8805999755859375 0.47389999032020569 1.6755665228629368e-06
vn 0.96729999780654907 0.25350001454353333 8.9629912736199913e-07
vn 0.13809999823570251 0.99040001630783081 -9.649824642110616e-05
vn 0.01940000057220459 0.02289646677672863 0.99950003623962402
vn 0.056600000709295273 -0.002103530103340745 0.99839997291564941
vn 0.064699999988079071 -0.0083035286515951157 0.99789994955062866
vn 0.020999999716877937 0.022096466273069382 0.99950003623962402
vn 0.056800000369548798 -0.016603529453277588 0.9981999397277832
vn 0.060699999332427979 -0.017603529617190361 0.99799996614456177
vn 0 -3.5356965781829786e-06 1
vn 0 -3.5356965781829786e-06 1
vn 0.019700000062584877 -0.0062035350129008293 0.99980002641677856
vn 0.013000000268220901 -0.004103535320609808 0.99989998340606689
vn 0 -3.5356965781829786e-06 1
vn 0 -3.5356965781829786e-06 1
vn 0 -3.5356965781829786e-06 1
vn 0 -3.5356965781829786e-06 1
vn 0.1542000025510788 0.98799997568130493 0.00010349326475989074
vn 0.15399999916553497 0.98809999227523804 3.4936217616632348e-06
vn 0.17890000343322754 0.98390001058578491 3.4787719869200373e-06
vn 0.15430000424385071 0.98799997568130493 3.4932681955979206e-06
vn -0.22540000081062317 0.97430002689361572 3.4448294172761962e-06
vn -0.57380002737045288 0.8190000057220459 2.8957356335013174e-06
vn -0.68040001392364502 0.73280000686645508 2.5909585019689985e-06
vn -0.70499998331069946 0.70920002460479736 2.5075160010601394e-06
vn 0.51419997215270996 0.85769999027252197 3.0325668376463e-06
vn 0.49770000576972961 0.86729997396469116 3.0665096346638165e-06
vn -0.22669999301433563 0.97399997711181641 3.4437684917065781e-06
vn -0.85680001974105835 0.51569998264312744 1.8233586160931736e-06
vn -0.8562999963760376 0.51649999618530273 1.8261872583025252e-06
vn 0.99980002641677856 0.020600000396370888 7.2835355524603074e-08
vn 0.99140000343322754 -0.13060000538825989 -4.6176197088243498e-07
vn 0.99140000343322754 -0.13060000538825989 -4.6176197088243498e-07
vn 0.99989998340606689 0.012500000186264515 4.419620580620176e-08
vn 0.79790002107620239 0.60280001163482666 2.131318069586996e-06
vn 0.20370000600814819 0.97899997234344482 3.4614467949722894e-06
vn 0.21209999918937683 0.97729998826980591 3.455436399235623e-06
vn 0.19410000741481781 0.98100000619888306 -9.6531475719530135e-05
vn 0.21189999580383301 0.97729998826980591 3.455436399235623e-06
vn 0.24369999766349792 0.96979999542236328 3.4289184895897051e-06
vn 0.24510000646114349 0.96950000524520874 3.4278577913937625e-06
vn 0.31940001249313354 0.94760000705718994 3.3504261409689207e-06
vn 0.32379999756813049 0.94609999656677246 3.3451224226155318e-06
vn 0.4814000129699707 0.87650001049041748 3.0990381674200762e-06
vn 0.48989999294281006 0.8718000054359436 3.0824203349766321e-06
vn 0.68860000371932983 0.72519999742507935 2.5640872536314419e-06
vn 0.69569998979568481 0.7182999849319458 2.5396907403774094e-06
vn 0.86369997262954712 0.50400000810623169 1.781991045390896e-06
vn 0.8726000189781189 0.48849999904632568 1.7271878505198401e-06
vn 0.93889999389648438 0.34419998526573181 1.216986788676877e-06
vn 0.93889999389648438 0.34419998526573181 1.216986788676877e-06
vn 0.8564000129699707 -0.5163000226020813 -1.8254802398587344e-06
vn 0.68800002336502075 -0.7257000207901001 -2.565855083958013e-06
vn 0.81080001592636108 -0.58220022916793823 0.060197938233613968
vn 0.87589997053146362 -0.47950020432472229 0.053998306393623352
vn 0.19099999964237213 -0.98159998655319214 -3.4706397400441347e-06
vn 0.21639999747276306 -0.97630000114440918 -3.4519005112088053e-06
vn 0.035500001162290573 -0.99940001964569092 -3.5335751817910932e-06
vn 0.031500000506639481 -0.99949997663497925 -3.533928520482732e-06
vn 0.34340000152587891 -0.93919998407363892 -3.3207261367351748e-06
vn 0.34340000152587891 -0.93919998407363892 -3.3207261367351748e-06
vn 0.64389997720718384 -0.76510000228881836 -2.7051614779338706e-06
vn 0.64389997720718384 -0.76510000228881836 -2.7051614779338706e-06
vn 0.86680001020431519 -0.49869999289512634 -1.7632518165555666e-06
vn 0.86680001020431519 -0.49869999289512634 -1.7632518165555666e-06
vn 0.98509997129440308 -0.17219999432563782 -6.0884690356033389e-07
vn 0.98509997129440308 -0.17219999432563782 -6.0884690356033389e-07
vn 0.9846000075340271 0.17509999871253967 6.1910048998470302e-07
vn 0.9846000075340271 0.17509999871253967 6.1910048998470302e-07
vn 0.86529999971389771 0.50129997730255127 1.7724446479405742e-06
vn 0.86529999971389771 0.50129997730255127 1.7724446479405742e-06
vn 0.64170002937316895 0.76700001955032349 2.7118792331748409e-06
vn 0.64170002937316895 0.76700001955032349 2.7118792331748409e-06
vn 0.34070000052452087 0.94019997119903564 3.3242620247619925e-06
vn 0.34070000052452087 0.94019997119903564 3.3242620247619925e-06
vn -0.001500000013038516 1 3.5356965781829786e-06
vn -0.001500000013038516 1 3.5356965781829786e-06
vn -0.34340000152587891 0.93919998407363892 3.3207261367351748e-06
vn -0.34340000152587891 0.93919998407363892 3.3207261367351748e-06
vn -0.64389997720718384 0.76510000228881836 2.7051614779338706e-06
vn -0.64389997720718384 0.76510000228881836 2.7051614779338706e-06
vn -0.86680001020431519 0.49869999289512634 1.7632518165555666e-06
vn -0.86680001020431519 0.49869999289512634 1.7632518165555666e-06
vn -0.98479998111724854 0.1737000048160553 6.1415050822688499e-07
vn -0.98479998111724854 0.17380000650882721 6.1450413113561808e-07
vn -0.99720001220703125 -0.074400000274181366 -2.6305582423447049e-07
vn -0.9968000054359436 -0.079400002956390381 -2.807343264521478e-07
vn -0.98100000619888306 -0.19419999420642853 -6.8663223373732762e-07
vn -0.98000001907348633 -0.19900000095367432 -7.0360363224608591e-07
vn -0.10909999907016754 0.036796487867832184 0.99330013990402222
vn -0.39579999446868896 0.017396755516529083 0.91820007562637329
vn -0.053399998694658279 0.14229650795459747 0.98840051889419556
vn -0.10909999907016754 0.036796487867832184 0.99330013990402222
vn -0.053399998694658279 0.14229650795459747 0.98840051889419556
vn 0.040899999439716339 0.059896476566791534 0.99740022420883179
vn -0.047800000756978989 0.14359651505947113 0.98850053548812866
vn 0.81080001592636108 -0.58220022916793823 0.060197938233613968
vn 0.90079998970031738 -0.4068005383014679 0.15159855782985687
vn 0.87589997053146362 -0.47950020432472229 0.053998306393623352
vn 0.2093999981880188 -0.39240315556526184 0.8955986499786377
vn 0.023000000044703484 -0.076603524386882782 0.99679970741271973
vn 0.37319999933242798 -0.37000301480293274 0.85079872608184814
vn 0.034299999475479126 -0.42760318517684937 0.90329849720001221
vn 0.019799999892711639 -0.24210344254970551 0.96999913454055786
vn 0.023000000044703484 -0.076603524386882782 0.99679970741271973
vn 0.2093999981880188 -0.39240315556526184 0.8955986499786377
vn 0.15510000288486481 -0.42480313777923584 0.891898512840271
vn 0.088200002908706665 -0.24080342054367065 0.96659910678863525
vn 0.29150000214576721 -0.34660312533378601 0.89159876108169556
vn 0.16550000011920929 -0.19640342891216278 0.96649926900863647
vn 0.39289999008178711 -0.22630316019058228 0.89129918813705444
vn 0.22290000319480896 -0.12820342183113098 0.96639955043792725
vn 0.44699999690055847 -0.078203149139881134 0.89109969139099121
vn 0.25350001454353333 -0.044303417205810547 0.96629983186721802
vn 0.44679999351501465 0.079496845602989197 0.89110028743743896
vn 0.25339999794960022 0.045096583664417267 0.96630018949508667
vn 0.39250001311302185 0.22749684751033783 0.89120084047317505
vn 0.22269999980926514 0.12889657914638519 0.96630048751831055
vn 0.29069998860359192 0.34779685735702515 0.89140123128890991
vn 0.16500000655651093 0.1970965713262558 0.96640074253082275
vn 0.15399999916553497 0.42569687962532043 0.89170151948928833
vn 0.087600000202655792 0.24129657447338104 0.96650087833404541
vn -0.00089999998454004526 0.45199686288833618 0.89200156927108765
vn -0.00019999999494757503 0.25629660487174988 0.96660095453262329
vn -0.15520000457763672 0.42369687557220459 0.89240151643753052
vn -0.087700001895427704 0.24029657244682312 0.96670091152191162
vn -0.29030001163482666 0.34459686279296875 0.89280122518539429
vn -0.16439999639987946 0.1954965740442276 0.96680068969726563
vn -0.39010000228881836 0.22429683804512024 0.89300084114074707
vn -0.22110000252723694 0.1272965669631958 0.96690046787261963
vn -0.44299998879432678 0.077296838164329529 0.89320027828216553
vn -0.25110000371932983 0.043996579945087433 0.96700018644332886
vn -0.25049999356269836 -0.044203419238328934 0.96709984540939331
vn -0.25049999356269836 -0.044203419238328934 0.96709984540939331
vn -0.00050000002374872565 -0.00070353568298742175 1
vn -0.25110000371932983 0.043996579945087433 0.96700018644332886
vn 0.16500000655651093 0.1970965713262558 0.96640074253082275
vn 0.22269999980926514 0.12889657914638519 0.96630048751831055
vn 0.019799999892711639 -0.24210344254970551 0.96999913454055786
vn 0.023000000044703484 -0.076603524386882782 0.99679970741271973
vn 0.087600000202655792 0.24129657447338104 0.96650087833404541
vn 0.088200002908706665 -0.24080342054367065 0.96659910678863525
vn -0.00019999999494757503 0.25629660487174988 0.96660095453262329
vn 0.16550000011920929 -0.19640342891216278 0.96649926900863647
vn -0.087700001895427704 0.24029657244682312 0.96670091152191162
vn 0.22290000319480896 -0.12820342183113098 0.96639955043792725
vn -0.16439999639987946 0.1954965740442276 0.96680068969726563
vn 0.25350001454353333 -0.044303417205810547 0.96629983186721802
vn -0.22110000252723694 0.1272965669631958 0.96690046787261963
vn 0.25339999794960022 0.045096583664417267 0.96630018949508667
vn 0.018600000068545341 -0.019503535702824593 0.99959993362426758
vn 0.028500000014901161 -0.027603533118963242 0.99919986724853516
vn 0.028500000014901161 -0.027403533458709717 0.99919986724853516
vn 0.0046000001020729542 -0.0041035357862710953 1
vn 0.029400000348687172 0.024496465921401978 0.99930006265640259
vn -0.0068999999202787876 0.052096471190452576 0.99860018491744995
vn -0.006399999838322401 0.051796473562717438 0.99860018491744995
vn 0.023000000044703484 0.031396467238664627 0.99920010566711426
vn -0.046300001442432404 0.064196474850177765 0.99690026044845581
vn -0.071000002324581146 0.067796476185321808 0.99520021677017212
vn -0.070299997925758362 0.067796476185321808 0.99520021677017212
vn -0.045099999755620956 0.063996478915214539 0.99690026044845581
vn -0.045699998736381531 0.041396472603082657 0.9981001615524292
vn -0.010099999606609344 0.010496464557945728 0.99990004301071167
vn -0.019700000062584877 0.018596464768052101 0.99960005283355713
vn -0.056099999696016312 0.050696477293968201 0.99710017442703247
vn 0.028599999845027924 -0.010403534397482872 0.99949991703033447
vn 0.028699999675154686 -0.012503534555435181 0.99949991703033447
vn 0.028799999505281448 -0.0034035344142466784 0.99959999322891235
vn 0.033900000154972076 0.0045964666642248631 0.99940001964569092
vn 0.01360000018030405 -0.010603534989058971 0.99989992380142212
vn 0.016300000250339508 -0.011003535240888596 0.99979996681213379
vn -0.017599999904632568 -0.0068035349249839783 0.99980002641677856
vn -0.010300000198185444 -0.007703535258769989 0.99989998340606689
vn -0.055900000035762787 0.0039964704774320126 0.99839997291564941
vn -0.051399998366832733 0.0021964688785374165 0.99870002269744873
vn -0.091899998486042023 0.0034964794758707285 0.99580001831054688
vn -0.089900001883506775 0.0042964788153767586 0.99589997529983521
vn -0.10490000247955322 -0.012303515337407589 0.99439996480941772
vn -0.10540000349283218 -0.011203515343368053 0.99439996480941772
vn 0.01080000028014183 0.027396464720368385 0.9996001124382019
vn 0.011300000362098217 0.027096465229988098 0.9996001124382019
vn 0.026100000366568565 0.0077964654192328453 0.99959999322891235
vn 0.023099999874830246 0.011996464803814888 0.99970006942749023
vn 0.020600000396370888 0.018396465107798576 0.99960005283355713
vn -0.035500001162290573 -0.028503533452749252 0.99899989366531372
vn -0.037799999117851257 -0.028203532099723816 0.99889987707138062
vn 0.085799999535083771 -0.062503516674041748 0.99429976940155029
vn 0.23659999668598175 -0.31850323081016541 0.91789889335632324
vn -0.99089998006820679 0.13470000028610229 4.7625835009057482e-07
vn -0.99089998006820679 0.13470000028610229 0.00020047625002916902
vn -0.96130001544952393 0.27570000290870667 0.00020097478409297764
vn -0.96130001544952393 0.27570000290870667 9.7479153282620246e-07
vn -0.16269999742507935 -0.98659998178482056 -0.0074034882709383965
vn -0.16249999403953552 -0.98659992218017578 -0.017403487116098404
vn -0.16179999709129333 -0.98659992218017578 -0.01940348744392395
vn -0.16300000250339508 -0.98659992218017578 -0.0085034891963005066
vn -0.14800000190734863 -0.98650026321411133 0.070096515119075775
vn -0.16380000114440918 -0.98330026865005493 0.079596519470214844
vn -0.14959999918937683 -0.98530030250549316 0.082896515727043152
vn -0.14959999918937683 -0.98750019073486328 0.049996506422758102
vn -0.47299998998641968 0.050196889787912369 0.8796001672744751
vn -0.58230000734329224 0.062997132539749146 0.81050026416778564
vn -0.5591999888420105 0.068997077643871307 0.82610023021697998
vn -0.39779999852180481 0.046896763145923615 0.91630017757415771
vn 0.99089998006820679 -0.13470000028610229 -0.00020047625002916902
vn 0.99089998006820679 -0.13470000028610229 -4.7625835009057482e-07
vn 0.99989998340606689 0.010400000028312206 3.6771243827615763e-08
vn 0.99989998340606689 0.010400000959634781 -0.00019996322225779295
vn 0.37419998645782471 -0.030903276056051254 0.92679989337921143
vn 0.50080001354217529 -0.057703051716089249 0.86359977722167969
vn 0.50529998540878296 0.059296954423189163 0.86090022325515747
vn 0.36660000681877136 0.070996716618537903 0.92760026454925537
vn -0.56069999933242798 0.090197086334228516 0.82310026884078979
vn -0.41010001301765442 0.058196786791086197 0.91020023822784424
vn -0.38240000605583191 0.1417967677116394 0.91300052404403687
vn -0.52780002355575562 0.20139709115028381 0.82520073652267456
vn -0.10360000282526016 0.01069648377597332 0.99460005760192871
vn -0.11519999802112579 0.051396489143371582 0.99200016260147095
vn -0.99279999732971191 0.11980000138282776 4.2357643792456656e-07
vn -0.99279999732971191 0.11980000138282776 4.2357643792456656e-07
vn -0.99279999732971191 0.11980000138282776 4.2357643792456656e-07
vn -0.99279999732971191 0.11980000138282776 4.2357643792456656e-07
vn -0.55729997158050537 0.069197073578834534 0.82740026712417603
vn -0.55800002813339233 0.0680970698595047 0.82700026035308838
vn -0.88069999217987061 0.021898325532674789 0.47320008277893066
vn -0.55140000581741333 0.022697051987051964 0.83390003442764282
vn -0.39789998531341553 -0.02620324119925499 0.91709989309310913
vn -0.11259999871253967 -0.029703510925173759 0.99319988489151001
vn -0.99220001697540283 0.125 4.4196207227287232e-07
vn -0.99220001697540283 0.12489999830722809 4.4160850620755809e-07
vn -0.99989998340606689 0.013399999588727951 4.7378335921166581e-08
vn -0.16429999470710754 -0.98619991540908813 -0.020603487268090248
vn -0.17339999973773956 -0.98479998111724854 -3.4819538541341899e-06
vn -0.17339999973773956 -0.98479998111724854 -3.4819538541341899e-06
vn -0.16850000619888306 -0.98549991846084595 -0.017003484070301056
vn -0.25789999961853027 -0.96619999408721924 -3.416190111238393e-06
vn -0.24359999597072601 -0.96960008144378662 0.02219657227396965
vn -0.24240000545978546 -0.96990007162094116 0.02389657124876976
vn -0.25789999961853027 -0.96619999408721924 -3.416190111238393e-06
vn -0.16859999299049377 -0.98549991846084595 -0.017003484070301056
vn -0.16419999301433563 -0.98589986562728882 -0.031503487378358841
vn -0.17399999499320984 -0.98470008373260498 0.0093965185806155205
vn -0.12210000306367874 -0.99240005016326904 0.012796491384506226
vn -0.14380000531673431 -0.98890012502670288 0.036096502095460892
vn -0.13940000534057617 -0.98970013856887817 0.033196497708559036
vn -0.10109999775886536 -0.99480003118515015 0.01089648250490427
vn -0.84450000524520874 -0.53549998998641968 -1.8933654928332544e-06
vn -0.90719997882843018 -0.42059999704360962 -1.4871138773742132e-06
vn -0.9090999960899353 -0.41650000214576721 -1.4726175550094922e-06
vn -0.84509998559951782 -0.53460001945495605 -1.8901833982454264e-06
vn -0.10300000011920929 0.99470001459121704 3.5169575767213246e-06
vn -0.26399999856948853 0.96450001001358032 3.4101794881280512e-06
vn -0.26030001044273376 0.96549999713897705 3.413714921407518e-06
vn -0.099899999797344208 0.99500000476837158 3.5180182749172673e-06
vn -0.89050000905990601 0.45500001311302185 1.6087419680843595e-06
vn -0.97619998455047607 0.21699999272823334 7.6724614928025403e-07
vn -0.97689998149871826 0.21369999647140503 7.5557835543804686e-07
vn -0.89109998941421509 0.45370000600814819 1.6041454955484369e-06
vn -0.97939997911453247 -0.20200000703334808 -7.1421078473576927e-07
vn -0.97960001230239868 -0.20080000162124634 -7.0996787826516083e-07
vn -0.54180002212524414 -0.84049999713897705 -2.9717530196649022e-06
vn -0.16590000689029694 -0.98610001802444458 -3.4865504403569503e-06
vn -0.16590000689029694 -0.98610001802444458 -3.4865504403569503e-06
vn -0.54180002212524414 -0.84049999713897705 -2.9717530196649022e-06
vn -0.98960000276565552 0.14380000531673431 5.0843317467297311e-07
vn -0.99860000610351563 0.053100001066923141 1.8774548493638576e-07
vn -0.99849998950958252 0.054000001400709152 1.9092762215677794e-07
vn -0.98970001935958862 0.14300000667572021 5.056046461504593e-07
vn -0.48410001397132874 0.875 3.0937344490666874e-06
vn -0.48269999027252197 0.87580001354217529 3.0965629775892012e-06
vn -0.93529999256134033 -0.35379999876022339 -1.2509294720075559e-06
vn -0.93529999256134033 -0.35379999876022339 -1.2509294720075559e-06
vn 0.082999996840953827 0.99590009450912476 -0.035796478390693665
vn 0.017400000244379044 0.99980002641677856 -0.0032964649144560099
vn 0.021700000390410423 0.99980002641677856 3.5349894460523501e-06
vn 0.067100003361701965 0.99769997596740723 3.5275645586807514e-06
vn -1 -0.0020000000949949026 -7.0713936928257226e-09
vn -1 -0.0026000000070780516 -9.1928109569039407e-09
vn -0.12590000033378601 -0.99199998378753662 0.0032964926213026047
vn -0.71740001440048218 0.69669997692108154 2.4633197881485103e-06
vn -0.71740001440048218 0.69669997692108154 2.4633197881485103e-06
vn -0.99580001831054688 -0.091799996793270111 -3.2457694487675326e-07
vn -0.99500000476837158 -0.09960000216960907 -3.5215538218835718e-07
vn -0.12210000306367874 -0.99240005016326904 0.012796491384506226
vn -0.10379999876022339 -0.99459999799728394 -3.5166037832823349e-06
vn -0.90890002250671387 -0.41699999570846558 -1.4743854990229011e-06
vn -0.90549999475479126 -0.42429998517036438 -1.500196049164515e-06
vn -0.13910000026226044 0.016496500000357628 0.99010008573532104
vn -0.10639999806880951 0.010396484285593033 0.99430006742477417
vn -0.1875 -0.98210006952285767 0.020196525380015373
vn -0.21369999647140503 -0.97590017318725586 0.045096550136804581
vn -0.5875999927520752 -0.030202858150005341 0.80859988927841187
vn 0.35040000081062317 -0.12560327351093292 0.92809951305389404
vn 0.48960000276565552 -0.17230302095413208 0.85469943284988403
vn 0.96090000867843628 -0.27689999341964722 -0.00020097903325222433
vn 0.96090000867843628 -0.27689999341964722 -9.7903432560997317e-07
vn 0.19050000607967377 -0.067503467202186584 0.97939974069595337
vn 0.20329999923706055 0.0031965379603207111 0.97909998893737793
vn -1 -0.0092000002041459084 -3.2528408411280907e-08
vn -1 -0.009200001135468483 0.0001999674568651244
vn -0.10109999775886536 -0.99480003118515015 0.01089648250490427
vn -0.08190000057220459 -0.99659997224807739 -3.5236753319622949e-06
vn 0.082599997520446777 -0.046503517776727676 0.99549984931945801
vn 0.095499999821186066 0.0083964802324771881 0.995400071144104
vn -0.17389999330043793 -0.98440009355545044 0.025896521285176277
vn -0.1737000048160553 -0.98450005054473877 0.024096520617604256
vn -0.16459999978542328 -0.98640000820159912 0.0026965124998241663
vn -0.16470000147819519 -0.98629999160766602 0.0030965127516537905
vn 0.096500001847743988 0.055796481668949127 0.99380016326904297
vn 0.21080000698566437 0.073296546936035156 0.9748002290725708
vn -0.11720000207424164 0.04059649258852005 0.99230009317398071
vn -0.11699999868869781 0.040296491235494614 0.99230009317398071
vn -0.11810000240802765 0.041496489197015762 0.99210017919540405
vn -0.11840000003576279 0.041796490550041199 0.99210017919540405
vn -0.12600000202655792 0.043896496295928955 0.99110019207000732
vn -0.12600000202655792 0.043896496295928955 0.99110019207000732
vn -0.11620000004768372 0.084196500480175018 0.9897003173828125
vn -0.10899999737739563 0.097196497023105621 0.98930037021636963
vn -0.016699999570846558 0.0044964645057916641 0.99989998340606689
vn -0.036200001835823059 0.0096964668482542038 0.99930006265640259
vn 0 -3.5356965781829786e-06 1
vn 0 -3.5356965781829786e-06 1
vn -0.074500001966953278 0.023396475240588188 0.99690008163452148
vn -0.097599998116493225 0.033196482807397842 0.99470013380050659
vn -0.047800000756978989 0.14359651505947113 0.98850053548812866
vn -0.053399998694658279 0.14229650795459747 0.98840051889419556
vn -0.15929999947547913 -0.98699992895126343 -0.020903488621115685
vn -0.16439999639987946 -0.98579990863800049 -0.034003488719463348
vn -0.4814000129699707 -0.87650001049041748 -3.0990381674200762e-06
vn -0.48989999294281006 -0.8718000054359436 -3.0824203349766321e-06
vn -0.32370001077651978 -0.94609999656677246 -3.3451224226155318e-06
vn -0.31940001249313354 -0.94760000705718994 -3.3504261409689207e-06
vn -0.24500000476837158 -0.96950000524520874 -3.4278577913937625e-06
vn -0.2434999942779541 -0.96990001201629639 -3.4292722830286948e-06
vn -0.91960000991821289 -0.39289999008178711 -1.3891751677874709e-06
vn -0.92390000820159912 -0.38269999623298645 -1.3531110880649067e-06
vn -0.73900002241134644 -0.67369997501373291 -2.3819986836315366e-06
vn -0.72899997234344482 -0.68449997901916504 -2.4201840460591484e-06
vn -0.98000001907348633 -0.19900000095367432 -7.0360363224608591e-07
vn -0.98100000619888306 -0.19419999420642853 -6.8663223373732762e-07
vn -0.19140000641345978 -0.98150002956390381 -3.4702861739788204e-06
vn -0.19429999589920044 -0.98089993000030518 -0.010903468355536461
vn -0.14180000126361847 -0.98989999294281006 -3.4999859508388909e-06
vn -0.99059998989105225 0.13670000433921814 4.8332969981856877e-07
vn -0.99059998989105225 0.13670000433921814 4.8332969981856877e-07
vn -0.45300000905990601 0.060696855187416077 0.88940024375915527
vn -0.55430001020431519 0.073997065424919128 0.82900023460388184
vn -0.58170002698898315 -0.053002871572971344 0.81169980764389038
vn -0.76010000705718994 -0.097102269530296326 0.64249962568283081
vn -0.76550000905990601 -0.23930211365222931 0.59719908237457275
vn -0.54970002174377441 -0.13370290398597717 0.8245995044708252
vn -0.94789999723434448 -0.15000098943710327 0.28099945187568665
vn -0.9878000020980835 -0.15579999983310699 -5.508615572580311e-07
vn -0.94150000810623169 -0.33689999580383301 -1.1911761248484254e-06
vn -0.89800000190734863 -0.31420108675956726 0.3079988956451416
vn -0.39969998598098755 -0.10480321943759918 0.91059964895248413
vn -0.49849998950958252 -0.31350284814834595 0.80819886922836304
vn -0.32690000534057617 -0.17600329220294952 0.92849934101104736
vn -0.68279999494552612 -0.48810189962387085 0.54369825124740601
vn -0.78960001468658447 -0.61360001564025879 -2.1695034320146078e-06
vn -0.76200002431869507 -0.58090102672576904 0.2860979437828064
vn -0.1809999942779541 -0.21910339593887329 0.95879924297332764
vn -0.29739999771118164 -0.46510294079780579 0.83379840850830078
vn -0.025200000032782555 -0.46990314126014709 0.88239830732345581
vn 0.020099999383091927 -0.21450343728065491 0.97649919986724854
vn -0.46470001339912415 -0.84260100126266479 0.27209702134132385
vn -0.48159998655319214 -0.87639999389648438 -3.098684601354762e-06
vn -0.14139999449253082 -0.98989999294281006 -3.4999859508388909e-06
vn -0.13300000131130219 -0.94650107622146606 0.29409664869308472
vn -0.41499999165534973 -0.73160189390182495 0.54079741239547729
vn -0.095899999141693115 -0.8024020791053772 0.58899712562561035
vn 0.12880000472068787 0.99149996042251587 0.0158035047352314
vn 0.36939999461174011 0.92920005321502686 -0.013896713964641094
vn 0.33160001039505005 0.94340008497238159 -0.0090966643765568733
vn 0.12880000472068787 0.99149996042251587 0.0158035047352314
vn 0.2840999960899353 -0.95880001783370972 -3.3900259950314648e-06
vn 0.26480001211166382 -0.90810120105743408 0.3244968056678772
vn 0.20059999823570251 -0.75070220232009888 0.62949728965759277
vn 0.12229999899864197 -0.36960324645042419 0.92109876871109009
vn 0.13670000433921814 -0.13280345499515533 0.98169952630996704
vn 0.058499999344348907 0.99740016460418701 -0.04289647564291954
vn 0.022099999710917473 0.99980002641677856 3.5349894460523501e-06
vn 0 1 3.5356965781829786e-06
vn 0.033700000494718552 0.99940007925033569 -0.0118964659050107
vn 0.83329999446868896 0.51019924879074097 0.2130018025636673
vn 0.67320001125335693 0.73009955883026123 0.11750258505344391
vn 0.66780000925064087 0.73529958724975586 0.11570259928703308
vn 0.83410000801086426 0.50829923152923584 0.21420179307460785
vn 0.38100001215934753 0.92359983921051025 0.043203264474868774
vn 0.37520000338554382 0.92599982023239136 0.042103275656700134
vn 0.9000999927520752 -0.39259934425354004 -0.18900138139724731
vn 0.79720002412796021 -0.58649945259094238 -0.14320206642150879
vn 0.79070001840591431 -0.59589946269989014 -0.14050211012363434
vn 0.89329999685287476 -0.40939933061599731 -0.18570144474506378
vn 0.058499999344348907 0.99740016460418701 -0.04289647564291954
vn 0.092699997127056122 0.9948001503944397 -0.041996482759714127
vn 0.055100001394748688 0.99290037155151367 -0.10499648749828339
vn 0.625 -0.78060001134872437 -2.759964900178602e-06
vn 0.58469998836517334 -0.73190122842788696 0.34989741444587708
vn 0.47459998726844788 -0.6738019585609436 0.56639760732650757
vn 0.6654999852180481 -0.66740119457244873 0.33419764041900635
vn 0.58480000495910645 -0.62660181522369385 0.51519781351089478
vn 0.7062000036239624 -0.70800000429153442 -2.5032732082763687e-06
vn 0.58480000495910645 -0.62660181522369385 0.51519781351089478
vn 0.23659999668598175 -0.31850323081016541 0.91789889335632324
vn 0.47459998726844788 -0.6738019585609436 0.56639760732650757
vn 0.085799999535083771 -0.062503516674041748 0.99429976940155029
vn -0.017400000244379044 0.99970006942749023 -0.017096465453505516
vn 0.083099998533725739 0.99270027875900269 -0.087696492671966553
vn 0.0012000000569969416 0.0084964651614427567 1
vn 0.083099998533725739 0.99270027875900269 -0.087696492671966553
vn 0.092699997127056122 0.9948001503944397 -0.041996482759714127
vn 0.10170000046491623 0.99430012702941895 -0.033596482127904892
vn 0.098200000822544098 0.99490004777908325 -0.021896481513977051
vn 0.022099999710917473 0.99980002641677856 3.5349894460523501e-06
vn 0.92589998245239258 -0.014201335608959198 0.37759995460510254
vn 0.90810000896453857 0.26099884510040283 0.32740092277526855
vn 0.90880000591278076 0.25699883699417114 0.32870090007781982
vn 0.92580002546310425 -0.016701335087418556 0.37749993801116943
vn -0.017400000244379044 0.99970006942749023 -0.017096465453505516
vn -0.000699999975040555 1 -0.008596464991569519
vn 0.13930000364780426 -0.99019992351531982 -0.013303500600159168
vn -0.1185000017285347 -0.99269992113113403 -0.022103508934378624
vn -0.1185000017285347 -0.99269992113113403 -0.022103508934378624
vn 0.11599999666213989 -0.99309992790222168 -0.014103511348366737
vn 0.93529999256134033 -0.13880114257335663 0.32559949159622192
vn 0.92790001630783081 -0.12980124354362488 0.34949952363967896
vn 0.92830002307891846 -0.13020123541355133 0.34839951992034912
vn 0.93529999256134033 -0.13880114257335663 0.32559949159622192
vn -0.99169999361038208 0.1281999945640564 4.5327627162805584e-07
vn -0.99169999361038208 0.1281999945640564 4.5327627162805584e-07
vn -0.59689998626708984 0.064197167754173279 0.79970026016235352
vn -0.59689998626708984 0.064197167754173279 0.79970026016235352
vn 0.041999999433755875 0.9989999532699585 0.011703532189130783
vn 0.024399999529123306 0.99959993362426758 0.01160353422164917
vn 0.96630001068115234 -0.082500867545604706 0.24389970302581787
vn 0.96630001068115234 -0.082500867545604706 0.24389970302581787
vn 0.96630001068115234 -0.082500867545604706 0.24389970302581787
vn 0.96630001068115234 -0.082500867545604706 0.24389970302581787
vn -0.13910000026226044 0.014896498993039131 0.99020004272460938
vn -0.16380000114440918 -0.98569989204406738 -0.039303485304117203
vn 0.71850001811981201 -0.045102450996637344 0.69409984350204468
vn 0.65560001134872437 -0.036002665758132935 0.75419986248016357
vn 0.68049997091293335 -0.11470256000757217 0.72369956970214844
vn 0.73739999532699585 -0.12030234932899475 0.66469955444335938
vn 0.030400000512599945 -0.027503533288836479 0.99919986724853516
vn 0.1103999987244606 -0.040803514420986176 0.9930998682975769
vn 0.11969999969005585 -0.021103508770465851 0.9925999641418457
vn 0.036299999803304672 -0.026603532955050468 0.99899989366531372
vn 0.63010001182556152 0.7729002833366394 -0.075097262859344482
vn 0.61729997396469116 0.78370022773742676 -0.068897224962711334
vn 0.45600000023841858 -0.88919985294342041 -0.035703144967556
vn 0.44310000538825989 -0.89599990844726563 -0.031203165650367737
vn 0.0082999998703598976 -0.012203535065054893 0.99989992380142212
vn 0.8903999924659729 0.41750061511993408 -0.18109852075576782
vn 0.95359998941421509 0.21460074186325073 -0.21119923889636993
vn 0.95169997215270996 0.22380074858665466 -0.21019920706748962
vn 0.88660001754760742 0.42630061507225037 -0.17929847538471222
vn 0.43040001392364502 -0.016803190112113953 0.90249991416931152
vn 0.45649999380111694 -0.074703134596347809 0.88659971952438354
vn 0.24079999327659607 -0.070103421807289124 0.96799975633621216
vn 0.11980000138282776 -0.042203508317470551 0.99189984798431396
vn 0.13989999890327454 -0.0062035010196268559 0.99010002613067627
vn 0.28519999980926514 -0.024903388693928719 0.95809990167617798
vn 0.76789999008178711 -0.22380213439464569 0.60019916296005249
vn 0.72130000591278076 -0.20780234038829803 0.66079920530319214
vn 0.77569997310638428 -0.11150220036506653 0.62119960784912109
vn 0.81959998607635498 -0.12460198253393173 0.55919951200485229
vn 0.48910000920295715 -0.13910304009914398 0.86109954118728638
vn 0.53570002317428589 -0.064702972769737244 0.84189975261688232
vn -0.11169999837875366 0.0047964868135750294 0.99370002746582031
vn -0.25740000605583191 0.033496588468551636 0.96570008993148804
vn -0.29820001125335693 0.025696625933051109 0.9542001485824585
vn -0.13930000364780426 0.015196500346064568 0.99010008573532104
vn 0.098399996757507324 0.0010964816901832819 0.99510002136230469
vn 0.013199999928474426 0.0039964648894965649 0.99989998340606689
vn 0.019700000062584877 0.0023964650463312864 0.99980002641677856
vn -0.098700001835823059 0.013296481221914291 0.99500006437301636
vn -0.00039999998989515007 0.0064964643679559231 1
vn -0.088399998843669891 0.00019647808221634477 0.99610000848770142
vn -0.24549999833106995 0.032896578311920166 0.9688001275062561
vn 0.69249999523162842 -0.19340245425701141 0.69499927759170532
vn 0.46140000224113464 -0.12770310044288635 0.87799954414367676
vn 0.74610000848770142 -0.2112022191286087 0.63139921426773071
vn 0.23160000145435333 -0.065603435039520264 0.97059977054595947
vn 0.17319999635219574 0.035296522080898285 0.98430013656616211
vn -0.17620000243186951 0.032396521419286728 0.98380011320114136
vn -0.083400003612041473 0.048896484076976776 0.99530017375946045
vn 0.120899997651577 0.069696500897407532 0.9902002215385437
vn 0.85110002756118774 0.17489825189113617 0.49510061740875244
vn 0.83600002527236938 0.18549817800521851 0.51640063524246216
vn 0.86390000581741333 0.19839838147163391 0.46290069818496704
vn 0.86100000143051147 0.18349833786487579 0.47430062294006348
vn 0.35389998555183411 0.020696694031357765 0.93500006198883057
vn 0.33860000967979431 0.086396694183349609 0.93690031766891479
vn 0.85159999132156372 -0.006001853384077549 0.52420002222061157
vn 0.81400001049041748 -0.0033020535483956337 0.58079999685287476
vn 0.82630002498626709 0.085498034954071045 0.55670028924942017
vn 0.85710000991821289 0.07609819620847702 0.50950032472610474
vn 0.59920001029968262 0.0048971693031489849 0.80059999227523804
vn 0.60759997367858887 0.080597206950187683 0.79010027647018433
vn -0.3531000018119812 0.022496692836284637 0.93530005216598511
vn 0.30669999122619629 0.14659667015075684 0.94050055742263794
vn 0.14550000429153442 0.097996518015861511 0.98450034856796265
vn 0.19689999520778656 0.076396539807319641 0.977500319480896
vn 0.32129999995231628 0.1219966858625412 0.93910044431686401
vn -0.020199999213218689 0.055896472185850143 0.9982001781463623
vn 0.60920000076293945 0.18689727783203125 0.77070063352584839
vn 0.62629997730255127 0.18869732320308685 0.75640064477920532
vn 0.01640000008046627 0.060596473515033722 0.99800026416778564
vn 0.06759999692440033 0.057096481323242188 0.99610018730163574
vn 0.226500004529953 -0.0055034440010786057 0.97399997711181641
vn 0.22869999706745148 -0.035903438925743103 0.97279989719390869
vn 0.2775999903678894 0.049896609038114548 0.95940017700195313
vn 0.35030001401901245 0.060696694999933243 0.93470025062561035
vn 0.66200000047683716 0.16089740395545959 0.73200058937072754
vn 0.88550001382827759 0.22059854865074158 0.40900078415870667
vn 0.96219998598098755 0.27219998836517334 9.6241649316652911e-07
vn 0.36210000514984131 0.02369670569896698 0.93180006742477417
vn 0.66329997777938843 0.1592974066734314 0.73120057582855225
vn 0.89509999752044678 0.2832987904548645 0.34420096874237061
vn 0.94599997997283936 0.32420000433921814 1.1462728934930055e-06
vn 0.41260001063346863 -0.015803219750523567 0.91079992055892944
vn 0.22509999573230743 -0.0045034447684884071 0.97430002689361572
vn -0.12919999659061432 0.01519649475812912 0.99150007963180542
vn 0.090499997138977051 0.0027964788023382425 0.99589997529983521
vn -0.23639999330043793 0.021496566012501717 0.97140008211135864
vn -0.23639999330043793 0.021496566012501717 0.97140008211135864
vn 0.63959997892379761 -0.034902714192867279 0.76789987087249756
vn 0.70550000667572021 -0.044302500784397125 0.70729982852935791
vn 0.015799999237060547 -0.026903534308075905 0.9994998574256897
vn -0.55409997701644897 0.089597068727016449 0.82760030031204224
vn -0.31970000267028809 0.047596652060747147 0.946300208568573
vn -0.27559998631477356 0.073796607553958893 0.95840024948120117
vn -0.53560000658035278 0.099697031080722809 0.83860033750534058
vn -0.98629999160766602 0.16490000486373901 5.8303635341871995e-07
vn -0.89899998903274536 0.15029853582382202 0.41130053997039795
vn -0.9000999927520752 0.1444985419511795 0.41110053658485413
vn -0.98729997873306274 0.15870000422000885 5.6111508683898137e-07
vn -0.55409997701644897 0.089597068727016449 0.82760030031204224
vn -0.53560000658035278 0.099697031080722809 0.83860033750534058
vn -0.17779999971389771 0.068496525287628174 0.98170024156570435
vn -0.50150001049041748 0.09929695725440979 0.85940033197402954
vn -0.90179997682571411 0.13929855823516846 0.409200519323349
vn -0.98820000886917114 0.15289999544620514 5.4060797083366197e-07
vn -0.50150001049041748 0.09929695725440979 0.85940033197402954
vn -0.12049999833106995 0.036796491593122482 0.99200010299682617
vn -0.4814000129699707 0.07999691367149353 0.87280029058456421
vn -0.4814000129699707 0.07999691367149353 0.87280029058456421
vn -0.90299999713897705 0.13819855451583862 0.4067004919052124
vn -0.98849999904632568 0.15139999985694885 5.3530447985394858e-07
vn -0.096199996769428253 0.032496482133865356 0.99480009078979492
vn 0.47690001130104065 -0.062803097069263458 0.87669974565505981
vn 0.47690001130104065 -0.062803097069263458 0.87669974565505981
vn 0.47360000014305115 -0.065403103828430176 0.8782997727394104
vn 0.4731999933719635 -0.065703108906745911 0.87849974632263184
vn 0.44659999012947083 -0.016603164374828339 0.89459991455078125
vn 0.4406999945640564 -0.0044031739234924316 0.89759999513626099
vn 0.39959999918937683 -0.0077032409608364105 0.91670000553131104
vn 0.39489999413490295 -0.01640324667096138 0.91859996318817139
vn -0.99059998989105225 0.13689999282360077 4.8403683194919722e-07
vn -0.90719997882843018 0.12529857456684113 0.40160045027732849
vn -0.9132000207901001 0.10149859637022018 0.39460036158561707
vn -0.99390000104904175 0.11050000041723251 3.9069445278983039e-07
vn -0.48240000009536743 0.066396914422512054 0.87340021133422852
vn -0.1242000013589859 0.016596492379903793 0.9921000599861145
vn -0.13079999387264252 0.014196495525538921 0.99130004644393921
vn -0.49090000987052917 0.054296925663948059 0.86950016021728516
vn 0.81749999523162842 -0.10870200395584106 0.56549960374832153
vn 0.81720000505447388 -0.1090020015835762 0.56599956750869751
vn 0.8310999870300293 -0.088701941072940826 0.54899972677230835
vn 0.8312000036239624 -0.088601946830749512 0.54889971017837524
vn 0.38370001316070557 -0.04680325835943222 0.92229980230331421
vn 0.38319998979568481 -0.047103259712457657 0.92239981889724731
vn 0.39509999752044678 -0.038703244179487228 0.91779989004135132
vn 0.39520001411437988 -0.038603246212005615 0.91779989004135132
vn -0.0054999999701976776 0.00059646432055160403 1
vn -0.10320000350475311 0.012696483172476292 0.99460005760192871
vn -0.10660000145435333 0.010696485638618469 0.99420005083084106
vn -0.0057999999262392521 0.00059646432055160403 1
vn -0.10830000042915344 0.013996485620737076 0.99400007724761963
vn -0.11630000174045563 0.012396489270031452 0.99310004711151123
vn -0.48240000009536743 0.066396914422512054 0.87340021133422852
vn -0.49090000987052917 0.054296925663948059 0.86950016021728516
vn -0.44990000128746033 0.055296849459409714 0.89140015840530396
vn -0.66979998350143433 0.082497388124465942 0.73800027370452881
vn -0.69139999151229858 0.069297462701797485 0.7191002368927002
vn -0.46560001373291016 0.046596873551607132 0.883800208568573
vn 9.9999997473787516e-05 -0.00010353569814469665 1
vn 0 -3.5356965781829786e-06 1
vn 0.00030000001424923539 -0.00020353568834252656 1
vn -0.00419999985024333 0.00039646428194828331 1
vn -0.11840000003576279 0.015896491706371307 0.99280005693435669
vn -0.54640001058578491 0.07329704612493515 0.83430022001266479
vn -0.65329998731613159 0.087497346103191376 0.75210028886795044
vn 0.80720001459121704 -0.11830203980207443 0.57829958200454712
vn 0.80720001459121704 -0.11830203980207443 0.57829958200454712
vn -0.99659997224807739 0.082999996840953827 2.9346279006858822e-07
vn -0.91790002584457397 0.076398618519306183 0.38930025696754456
vn -0.9211999773979187 0.050598636269569397 0.38580018281936646
vn -0.99849998950958252 0.054800000041723251 1.9375617910100118e-07
vn -0.0059000002220273018 0.0004964643158018589 1
vn -0.1088000014424324 0.0081964852288365364 0.99400001764297485
vn -0.11020000278949738 0.0054964860901236534 0.99390000104904175
vn -0.0060000000521540642 0.00029646430630236864 1
vn 0.40220001339912415 -0.029403235763311386 0.9150998592376709
vn 0.40220001339912415 -0.029303235933184624 0.9150998592376709
vn 0.40700000524520874 -0.020003229379653931 0.91319996118545532
vn 0.40700000524520874 -0.019903229549527168 0.91319996118545532
vn -0.49750000238418579 0.04119693860411644 0.86650019884109497
vn -0.13369999825954437 0.010896496474742889 0.99100005626678467
vn -0.13560000061988831 0.0072964970022439957 0.99070000648498535
vn -0.50169998407363892 0.027396943420171738 0.86460012197494507
vn -0.4724000096321106 0.035396885126829147 0.88070011138916016
vn -0.47670000791549683 0.023796893656253815 0.87870007753372192
vn 0 -3.5356965781829786e-06 1
vn 0 -3.5356965781829786e-06 1
vn -0.11890000104904175 0.0093964897096157074 0.99290007352828979
vn -0.12060000002384186 0.0062964903190732002 0.99269998073577881
vn -0.49750000238418579 0.04119693860411644 0.86650019884109497
vn -0.50169998407363892 0.027396943420171738 0.86460012197494507
vn -0.69950002431869507 0.052297476679086685 0.71270018815994263
vn -0.70499998331069946 0.035297498106956482 0.70840013027191162
vn 0.83780002593994141 -0.066901914775371552 0.54189974069595337
vn 0.83780002593994141 -0.066901914775371552 0.54189974069595337
vn 0.84229999780654907 -0.044601898640394211 0.53719979524612427
vn 0.84229999780654907 -0.044401898980140686 0.53709983825683594
vn 0.8312000036239624 -0.088601946830749512 0.54889971017837524
vn 0.8310999870300293 -0.088701941072940826 0.54899972677230835
vn -0.46560001373291016 0.046596873551607132 0.883800208568573
vn -0.69139999151229858 0.069297462701797485 0.7191002368927002
vn -0.9132000207901001 0.10149859637022018 0.39460036158561707
vn -0.49090000987052917 0.054296925663948059 0.86950016021728516
vn -0.13079999387264252 0.014196495525538921 0.99130004644393921
vn -0.11630000174045563 0.012396489270031452 0.99310004711151123
vn 0 -3.5356965781829786e-06 1
vn -0.0057999999262392521 0.00059646432055160403 1
vn -0.10660000145435333 0.010696485638618469 0.99420005083084106
vn -0.49090000987052917 0.054296925663948059 0.86950016021728516
vn 0.39520001411437988 -0.038603246212005615 0.91779989004135132
vn 0.39509999752044678 -0.038703244179487228 0.91779989004135132
vn -0.99390000104904175 0.11050000041723251 3.9069445278983039e-07
vn -0.50110000371932983 0.013396940194070339 0.86530005931854248
vn -0.13549999892711639 0.004396496806293726 0.99080002307891846
vn -0.1307000070810318 0.0032964947167783976 0.99140000343322754
vn -0.48980000615119934 0.0015969175146892667 0.8718000054359436
vn -0.11029999703168869 0.0031964858062565327 0.99390000104904175
vn -0.47679999470710754 0.012196892872452736 0.87890005111694336
vn -0.46549999713897705 0.00039687057142145932 0.88510000705718994
vn -0.10670000314712524 0.0016964845126494765 0.99430000782012939
vn -9.9999997473787516e-05 0.0004964643158018589 1
vn -0.0060999998822808266 0.00059646432055160403 1
vn -0.0062000001780688763 0.0018964643822982907 1
vn -0.00039999998989515007 0.0018964643822982907 1
vn -0.12049999833106995 0.0039964905008673668 0.99269998073577881
vn -0.1160999983549118 0.0037964885123074055 0.99320000410079956
vn -0.92189997434616089 0.023898633196949959 0.3866000771522522
vn -0.50110000371932983 0.013396940194070339 0.86530005931854248
vn -0.48980000615119934 0.0015969175146892667 0.8718000054359436
vn -0.9179999828338623 -0.00060140265850350261 0.39669999480247498
vn -0.70469999313354492 0.017697490751743317 0.70930004119873047
vn -0.69139999151229858 -0.00060255458811298013 0.7225000262260437
vn 0.84229999780654907 -0.020601905882358551 0.5386999249458313
vn 0.84219998121261597 -0.020401906222105026 0.5386999249458313
vn 0.83170002698898315 0.0037980370689183474 0.55519998073577881
vn 0.83179998397827148 0.003698037238791585 0.55510002374649048
vn -0.99970000982284546 0.025599999353289604 9.0513836425998306e-08
vn -1 -0.0013000000035390258 -4.5964054784519703e-09
vn 0.40729999542236328 -0.0095032285898923874 0.91319996118545532
vn 0.40729999542236328 -0.0093032289296388626 0.91329991817474365
vn 0.39910000562667847 0.003896757960319519 0.91689997911453247
vn 0.39919999241828918 0.0036967585328966379 0.91680002212524414
vn -1 -0.0013000000035390258 -4.5964054784519703e-09
vn -0.9179999828338623 -0.00060140265850350261 0.39669999480247498
vn -0.90429997444152832 -0.036301501095294952 0.42539986968040466
vn -0.99910002946853638 -0.041900001466274261 -1.4814570192811516e-07
vn -0.0062000001780688763 0.0018964643822982907 1
vn -0.10670000314712524 0.0016964845126494765 0.99430000782012939
vn -0.097099997103214264 -3.5190787457395345e-06 0.99529999494552612
vn -0.0060999998822808266 0.0033964642789214849 1
vn 0.39919999241828918 0.0036967585328966379 0.91680002212524414
vn 0.39910000562667847 0.003896757960319519 0.91689997911453247
vn 0.37680000066757202 0.019496725872159004 0.92610007524490356
vn 0.37639999389648438 0.019696725532412529 0.92620003223419189
vn -0.48980000615119934 0.0015969175146892667 0.8718000054359436
vn -0.1307000070810318 0.0032964947167783976 0.99140000343322754
vn -0.1177000030875206 0.0019964890088886023 0.99309998750686646
vn -0.45519998669624329 -0.0142031479626894 0.89029991626739502
vn -0.46549999713897705 0.00039687057142145932 0.88510000705718994
vn -0.43389999866485596 -0.013603184372186661 0.90079993009567261
vn -0.00039999998989515007 0.0018964643822982907 1
vn -0.00089999998454004526 0.0035964641720056534 1
vn -0.1160999983549118 0.0037964885123074055 0.99320000410079956
vn -0.10440000146627426 0.0030964838806539774 0.99449998140335083
vn -0.48980000615119934 0.0015969175146892667 0.8718000054359436
vn -0.45519998669624329 -0.0142031479626894 0.89029991626739502
vn -0.69139999151229858 -0.00060255458811298013 0.7225000262260437
vn -0.65219998359680176 -0.022402679547667503 0.75769996643066406
vn 0.83179998397827148 0.003698037238791585 0.55510002374649048
vn 0.83170002698898315 0.0037980370689183474 0.55519998073577881
vn 0.79989999532699585 0.036697883158922195 0.59900009632110596
vn 0.7994999885559082 0.037097878754138947 0.59950011968612671
vn -0.096100002527236938 0.00089648051653057337 0.99540001153945923
vn -0.08489999920129776 0.0027964769396930933 0.99639999866485596
vn 0.28720000386238098 0.047096617519855499 0.95670020580291748
vn -0.068700000643730164 0.0017964727012440562 0.9976000189781189
vn -0.87610000371932983 -0.075401686131954193 0.47609972953796387
vn -0.39520001411437988 -0.028403244912624359 0.91819989681243896
vn -0.34610000252723694 -0.038703314960002899 0.93739986419677734
vn -0.83710002899169922 -0.10960189253091812 0.5358995795249939
vn -0.37020000815391541 -0.024103283882141113 0.92859995365142822
vn -0.57080000638961792 -0.040402896702289581 0.82009989023208618
vn -0.080700002610683441 -0.0017035240307450294 0.9966999888420105
vn -0.27889999747276306 -0.025303395465016365 0.95999985933303833
vn 0.72740000486373901 0.068297587335109711 0.68280023336410522
vn 0.3919999897480011 0.039396751672029495 0.91910010576248169
vn 0.30579999089241028 0.046196639537811279 0.9510001540184021
vn 0.28720000386238098 0.047096617519855499 0.95670020580291748
vn -0.99610000848770142 -0.08829999715089798 -3.1220201890391763e-07
vn -0.991100013256073 -0.13330000638961792 -4.713083683327568e-07
vn -0.0054999999701976776 0.0044964640401303768 1
vn -0.079300001263618469 -0.0010035247541964054 0.99690002202987671
vn -0.057199999690055847 -0.00040353002259507775 0.99839997291564941
vn -0.0046999999321997166 0.0051964642480015755 1
vn 0.33550000190734863 0.032996669411659241 0.94150012731552124
vn 0.33559998869895935 0.032896671444177628 0.94140011072158813
vn 0.27959999442100525 0.039596609771251678 0.95930010080337524
vn -0.080700002610683441 -0.0017035240307450294 0.9966999888420105
vn -0.39520001411437988 -0.028403244912624359 0.91819989681243896
vn -0.34610000252723694 -0.038703314960002899 0.93739986419677734
vn 0.3919999897480011 0.039396751672029495 0.91910010576248169
vn 0.30579999089241028 0.046196639537811279 0.9510001540184021
vn -0.036600001156330109 0.0010964667890220881 0.99930000305175781
vn -0.19509999454021454 -0.021603468805551529 0.98059993982315063
vn 0.054200001060962677 0.017896469682455063 0.99840003252029419
vn -0.025800000876188278 0.0028964653611183167 0.99970000982284546
vn 0.22619999945163727 0.048196561634540558 0.9729001522064209
vn -0.00079999997979030013 0.0057964641600847244 1
vn 0.0076000001281499863 0.0089964643120765686 0.99990004301071167
vn 0.0044999998062849045 0.010396464727818966 0.99990004301071167
vn -0.039599999785423279 0.0047964672558009624 0.99919998645782471
vn 0.21240000426769257 0.049896549433469772 0.97590017318725586
vn 0.0044999998062849045 0.010396464727818966 0.99990004301071167
vn -0.013000000268220901 0.0077964644879102707 0.99989998340606689
vn -0.79180002212524414 -0.14220209419727325 0.59399944543838501
vn -0.33410000801086426 -0.052603326737880707 0.94109982252120972
vn -0.27120000123977661 -0.052803397178649902 0.96109980344772339
vn -0.71359997987747192 -0.15720240771770477 0.68269938230514526
vn -0.049699999392032623 0.0010964685352519155 0.99879997968673706
vn 0.21240000426769257 0.049896549433469772 0.97590017318725586
vn 0.22619999945163727 0.048196561634540558 0.9729001522064209
vn 0.0044999998062849045 0.010396464727818966 0.99990004301071167
vn -0.98360002040863037 -0.18029999732971191 -6.3748609591129934e-07
vn -0.86239999532699585 -0.19380165636539459 0.4675993025302887
vn -0.049699999392032623 0.0010964685352519155 0.99879997968673706
vn 0.21709999442100525 0.04079655185341835 0.975300133228302
vn 0.15389999747276306 0.035796508193016052 0.9874001145362854
vn 0.054200001060962677 0.017896469682455063 0.99840003252029419
vn -0.33410000801086426 -0.052603326737880707 0.94109982252120972
vn -0.27120000123977661 -0.052803397178649902 0.96109980344772339
vn 0.0062000001780688763 0.0087964646518230438 0.99990004301071167
vn 0.056200001388788223 0.01949647068977356 0.99820005893707275
vn 0.027100000530481339 0.013296465389430523 0.99950003623962402
vn 0.024599999189376831 0.011296465992927551 0.99960005283355713
vn 0.11129999905824661 0.029396487399935722 0.99340009689331055
vn -0.18559999763965607 -0.046003472059965134 0.98149985074996948
vn 0.0076000001281499863 0.0068964646197855473 0.99989998340606689
vn 0.023000000044703484 0.0087964646518230438 0.99970006942749023
vn -0.15729999542236328 -0.047903489321470261 0.98639982938766479
vn -0.62529999017715454 -0.1665026992559433 0.76239937543869019
vn -0.18559999763965607 -0.046003472059965134 0.98149985074996948
vn -0.15729999542236328 -0.047903489321470261 0.98639982938766479
vn -0.58939999341964722 -0.1830027848482132 0.78689932823181152
vn -0.82010000944137573 -0.22140185534954071 0.52769923210144043
vn -0.79189997911453247 -0.2469019889831543 0.55849909782409668
vn -0.86239999532699585 -0.19380165636539459 0.4675993025302887
vn -0.71359997987747192 -0.15720240771770477 0.68269938230514526
vn -0.27120000123977661 -0.052803397178649902 0.96109980344772339
vn -0.013000000268220901 0.0077964644879102707 0.99989998340606689
vn 0.0044999998062849045 0.010396464727818966 0.99990004301071167
vn 0.0076000001281499863 0.0089964643120765686 0.99990004301071167
vn -0.025800000876188278 0.0028964653611183167 0.99970000982284546
vn 0.054200001060962677 0.017896469682455063 0.99840003252029419
vn -0.27120000123977661 -0.052803397178649902 0.96109980344772339
vn 0.15389999747276306 0.035796508193016052 0.9874001145362854
vn -0.59049999713897705 -0.19200277328491211 0.78389930725097656
vn -0.16019999980926514 -0.050903487950563431 0.98579984903335571
vn -0.1648000031709671 -0.052603483200073242 0.98489981889724731
vn -0.60949999094009399 -0.19710272550582886 0.7678992748260498
vn -0.78799998760223389 -0.25640195608139038 0.55969905853271484
vn -0.80650001764297485 -0.26000183820724487 0.53099906444549561
vn 0.02630000002682209 0.010796465910971165 0.99960005283355713
vn 0.028999999165534973 0.011696465313434601 0.99950003623962402
vn 0.029699999839067459 0.014296465553343296 0.99950003623962402
vn 0.029200000688433647 0.013096465729176998 0.99950003623962402
vn -0.16019999980926514 -0.050903487950563431 0.98579984903335571
vn -0.1648000031709671 -0.052603483200073242 0.98489981889724731
vn -0.19939999282360077 -0.065103456377983093 0.97779977321624756
vn -0.67479997873306274 -0.22030249238014221 0.7043992280960083
vn -0.95169997215270996 -0.30720001459121704 -1.0861659802685608e-06
vn 0.034200001507997513 0.022296465933322906 0.99920004606246948
vn 0.037099998444318771 0.020196465775370598 0.99910008907318115
vn -0.19939999282360077 -0.065103456377983093 0.97779977321624756
vn -0.75950002670288086 -0.23950214684009552 0.60479909181594849
vn -0.95249998569488525 -0.30469998717308044 -1.0773267149488674e-06
vn 0.039500001817941666 0.044196471571922302 0.9982001781463623
vn 0.041099999099969864 0.046896472573280334 0.9981001615524292
vn -0.2720000147819519 -0.067903392016887665 0.95989978313446045
vn -0.2720000147819519 -0.067903392016887665 0.95989978313446045
vn -0.5374000072479248 0.8432999849319458 2.9816528694937006e-06
vn -0.5374000072479248 0.8432999849319458 2.9816528694937006e-06
vn 0.0023000000510364771 -0.01420353539288044 0.99989992380142212
vn 0.0037000000011175871 -0.0049035358242690563 1
vn 0.0030000000260770321 0.0040964642539620399 1
vn 0.0020000000949949026 0.007696464192122221 1
vn 0.0015999999595806003 0.0081964647397398949 1
vn 0.0049000000581145287 -0.014003535732626915 0.99989992380142212
vn 0.0019000000320374966 -0.016703534871339798 0.99989992380142212
vn 0.046500001102685928 -0.0093035325407981873 0.99889993667602539
vn 0.015799999237060547 -0.026903534308075905 0.9994998574256897
vn -0.00039999998989515007 0.0064964643679559231 1
vn 0.97130000591278076 -0.091199219226837158 -0.21960031986236572
vn 0.97070002555847168 -0.098299220204353333 -0.21930034458637238
vn 0.77079999446868896 0.62300050258636475 -0.1330978125333786
vn 0.78299999237060547 0.60670047998428345 -0.13749785721302032
vn 0.6478000283241272 -0.75599962472915649 -0.093902669847011566
vn 0.63249999284744263 -0.76939970254898071 -0.089702717959880829
vn 0.14650000631809235 0.98919999599456787 3.4975109883816913e-06
vn 0.15469999611377716 0.98799997568130493 3.4932681955979206e-06
vn 0.15510000288486481 0.9879000186920166 3.4929148569062818e-06
vn 0.15469999611377716 0.98799997568130493 3.4932681955979206e-06
vn 0.15430000424385071 0.98799997568130493 3.4932681955979206e-06
vn 0 -3.5356965781829786e-06 1
vn 0 -3.5356965781829786e-06 1
vn 0 -3.5356965781829786e-06 1
vn 0 -3.5356965781829786e-06 1
vn 0 -3.5356965781829786e-06 1
vn 0 -3.5356965781829786e-06 1
vn 0 -3.5356965781829786e-06 1
vn 0 -3.5356965781829786e-06 1
vn 0 -3.5356965781829786e-06 1
vn 0 -3.5356965781829786e-06 1
vn 0 -3.5356965781829786e-06 1
vn 0 -3.5356965781829786e-06 1
vn 0.91200000047683716 0.41019999980926514 0.0012014503590762615
vn 0.98070001602172852 0.19550000131130219 0.00070069119101390243
vn 0.10260000079870224 0.99470001459121704 0.00050351698882877827
vn 0.11739999800920486 0.99309998750686646 0.001403511269018054
vn 0.98400002717971802 -0.17790000140666962 -0.00010062899673357606
vn 0.99550002813339233 -0.094999998807907104 -3.3589117265364621e-07
vn 0.99989998340606689 -0.013500001281499863 0.00019995226466562599
vn 0.85759997367858887 0.51429998874664307 0.0015018184203654528
vn 0.92049998044967651 0.39079999923706055 0.0011013817274942994
vn 0.99529999494552612 0.097300000488758087 0.00040034399717114866
vn 0.97579997777938843 -0.21860000491142273 -0.00040077290032058954
vn 0.86479997634887695 -0.50209999084472656 -0.0012017752742394805
vn 0.67299997806549072 -0.73960000276565552 -0.0018026148900389671
vn 0.44279998540878296 -0.89660000801086426 -0.0015031701186671853
vn 0.24459999799728394 -0.96960002183914185 -0.00070342817343771458
vn 0.10279999673366547 -0.99470001459121704 -0.00020351694547571242
vn -0.017999999225139618 -0.99980002641677856 -0.00090353499399498105
vn -0.093599997460842133 -0.99559998512268066 -0.0013035201700404286
vn -0.10599999874830246 -0.9944000244140625 -0.0037035159766674042
vn -0.092900000512599945 -0.99570000171661377 -3.5204930100007914e-06
vn 0.12800000607967377 0.99180001020431519 0.00090350670507177711
vn 0.30790001153945923 0.95139998197555542 0.00050336384447291493
vn 0.71969997882843018 0.69429999589920044 0.00040245481068268418
vn 0.96100002527236938 0.27649998664855957 0.00020097760716453195
vn 0.1437000036239624 0.98960000276565552 0.00010349891817895696
vn -0.092900000512599945 -0.99570000171661377 -3.5204930100007914e-06
vn -0.99150002002716064 0.13050000369548798 4.6140840481712075e-07
vn -0.95509999990463257 0.29620000720024109 1.0472733720234828e-06
vn -0.95569998025894165 0.29420000314712524 1.0402019370303606e-06
vn -0.99150002002716064 0.13050000369548798 4.6140840481712075e-07
vn 0.96859997510910034 0.24869999289512634 8.7932772885324084e-07
vn 0.96729999780654907 0.25350001454353333 8.9629912736199913e-07
vn 0.8805999755859375 0.47389999032020569 1.6755665228629368e-06
vn 0.87070000171661377 0.49169999361038208 1.7385019646098954e-06
vn 0.13809999823570251 0.99040001630783081 0.00010350174852646887
vn 0.01940000057220459 0.022903533652424812 -0.99949991703033447
vn 0.020999999716877937 0.022103533148765564 -0.99949991703033447
vn 0.064699999988079071 -0.0082964710891246796 -0.99790006875991821
vn 0.056600000709295273 -0.002096469746902585 -0.99839997291564941
vn 0.060699999332427979 -0.017596470192074776 -0.99800008535385132
vn 0.056800000369548798 -0.016596470028162003 -0.99820005893707275
vn 0 3.5356965781829786e-06 -1
vn 0.013000000268220901 -0.0040964647196233273 -0.99989998340606689
vn 0.019700000062584877 -0.0061964653432369232 -0.99980002641677856
vn 0 3.5356965781829786e-06 -1
vn 0 3.5356965781829786e-06 -1
vn 0 3.5356965781829786e-06 -1
vn 0 3.5356965781829786e-06 -1
vn 0 3.5356965781829786e-06 -1
vn 0.1542000025510788 0.98799997568130493 -9.6506730187684298e-05
vn 0.15430000424385071 0.98799997568130493 3.4932681955979206e-06
vn 0.17890000343322754 0.98390001058578491 3.4787719869200373e-06
vn 0.15399999916553497 0.98809999227523804 3.4936217616632348e-06
vn -0.22540000081062317 0.97430002689361572 3.4448294172761962e-06
vn -0.70499998331069946 0.70920002460479736 2.5075160010601394e-06
vn -0.68040001392364502 0.73280000686645508 2.5909585019689985e-06
vn -0.57380002737045288 0.8190000057220459 2.8957356335013174e-06
vn -0.22669999301433563 0.97399997711181641 3.4437684917065781e-06
vn 0.49770000576972961 0.86729997396469116 3.0665096346638165e-06
vn 0.51419997215270996 0.85769999027252197 3.0325668376463e-06
vn -0.85680001974105835 0.51569998264312744 1.8233586160931736e-06
vn -0.8562999963760376 0.51649999618530273 1.8261872583025252e-06
vn 0.99980002641677856 0.020600000396370888 7.2835355524603074e-08
vn 0.99989998340606689 0.012500000186264515 4.419620580620176e-08
vn 0.99140000343322754 -0.13060000538825989 -4.6176197088243498e-07
vn 0.99140000343322754 -0.13060000538825989 -4.6176197088243498e-07
vn 0.79790002107620239 0.60280001163482666 2.131318069586996e-06
vn 0.19410000741481781 0.98100000619888306 0.0001034685192280449
vn 0.21189999580383301 0.97729998826980591 3.455436399235623e-06
vn 0.24369999766349792 0.96979999542236328 3.4289184895897051e-06
vn 0.31940001249313354 0.94760000705718994 3.3504261409689207e-06
vn 0.4814000129699707 0.87650001049041748 3.0990381674200762e-06
vn 0.68860000371932983 0.72519999742507935 2.5640872536314419e-06
vn 0.86369997262954712 0.50400000810623169 1.781991045390896e-06
vn 0.93889999389648438 0.34419998526573181 1.216986788676877e-06
vn 0.87589997053146362 -0.47949978709220886 -0.054001696407794952
vn 0.81080001592636108 -0.58219975233078003 -0.060202058404684067
vn 0.21639999747276306 -0.97630000114440918 -3.4519005112088053e-06
vn 0.031500000506639481 -0.99949997663497925 -3.533928520482732e-06
vn 0.34340000152587891 -0.93919998407363892 -3.3207261367351748e-06
vn 0.64389997720718384 -0.76510000228881836 -2.7051614779338706e-06
vn 0.86680001020431519 -0.49869999289512634 -1.7632518165555666e-06
vn 0.98509997129440308 -0.17219999432563782 -6.0884690356033389e-07
vn 0.9846000075340271 0.17509999871253967 6.1910048998470302e-07
vn 0.86529999971389771 0.50129997730255127 1.7724446479405742e-06
vn 0.64170002937316895 0.76700001955032349 2.7118792331748409e-06
vn 0.34070000052452087 0.94019997119903564 3.3242620247619925e-06
vn -0.001500000013038516 1 3.5356965781829786e-06
vn -0.34340000152587891 0.93919998407363892 3.3207261367351748e-06
vn -0.64389997720718384 0.76510000228881836 2.7051614779338706e-06
vn -0.86680001020431519 0.49869999289512634 1.7632518165555666e-06
vn -0.98479998111724854 0.17380000650882721 6.1450413113561808e-07
vn -0.9968000054359436 -0.079400002956390381 -2.807343264521478e-07
vn -0.98000001907348633 -0.19900000095367432 -7.0360363224608591e-07
vn -0.10909999907016754 0.036803513765335083 -0.99329990148544312
vn -0.053399998694658279 0.14230348169803619 -0.9883994460105896
vn -0.39579999446868896 0.017403244972229004 -0.91819995641708374
vn -0.10909999907016754 0.036803513765335083 -0.99329990148544312
vn 0.040899999439716339 0.059903524816036224 -0.99739974737167358
vn -0.053399998694658279 0.14230348169803619 -0.9883994460105896
vn -0.047800000756978989 0.14360348880290985 -0.98849946260452271
vn 0.81080001592636108 -0.58219975233078003 -0.060202058404684067
vn 0.87589997053146362 -0.47949978709220886 -0.054001696407794952
vn 0.90079998970031738 -0.40679946541786194 -0.15160144865512848
vn 0.2093999981880188 -0.39239683747291565 -0.89560139179229736
vn 0.37319999933242798 -0.36999699473381042 -0.85080122947692871
vn 0.023000000044703484 -0.076596476137638092 -0.99680030345916748
vn 0.034299999475479126 -0.4275968074798584 -0.90330147743225098
vn 0.2093999981880188 -0.39239683747291565 -0.89560139179229736
vn 0.023000000044703484 -0.076596476137638092 -0.99680030345916748
vn 0.019799999892711639 -0.24209655821323395 -0.97000092267990112
vn 0.15510000288486481 -0.42479687929153442 -0.89190149307250977
vn 0.088200002908706665 -0.24079656600952148 -0.96660089492797852
vn 0.29150000214576721 -0.34659686684608459 -0.89160126447677612
vn 0.16550000011920929 -0.19639657437801361 -0.96650069952011108
vn 0.39289999008178711 -0.22629684209823608 -0.89130085706710815
vn 0.22290000319480896 -0.12819656729698181 -0.96640050411224365
vn 0.44699999690055847 -0.078196845948696136 -0.89110028743743896
vn 0.25350001454353333 -0.044296585023403168 -0.96630018949508667
vn 0.44679999351501465 0.079503148794174194 -0.89109969139099121
vn 0.25339999794960022 0.045103415846824646 -0.96629983186721802
vn 0.39250001311302185 0.22750316560268402 -0.89119917154312134
vn 0.22269999980926514 0.12890343368053436 -0.96629953384399414
vn 0.29069998860359192 0.34780311584472656 -0.89139872789382935
vn 0.16500000655651093 0.19710342586040497 -0.96639931201934814
vn 0.15399999916553497 0.42570313811302185 -0.89169853925704956
vn 0.087600000202655792 0.24130342900753021 -0.96649909019470215
vn -0.00089999998454004526 0.4520031213760376 -0.89199846982955933
vn -0.00019999999494757503 0.25630339980125427 -0.96659904718399048
vn -0.15520000457763672 0.42370313405990601 -0.89239853620529175
vn -0.087700001895427704 0.24030342698097229 -0.96669912338256836
vn -0.29030001163482666 0.34460312128067017 -0.89279872179031372
vn -0.16439999639987946 0.19550342857837677 -0.96679925918579102
vn -0.39010000228881836 0.22430315613746643 -0.89299917221069336
vn -0.22110000252723694 0.12730342149734497 -0.96689951419830322
vn -0.44299998879432678 0.07730315625667572 -0.89319968223571777
vn -0.25110000371932983 0.044003419578075409 -0.96699982881546021
vn -0.25049999356269836 -0.044196579605340958 -0.96710020303726196
vn -0.25049999356269836 -0.044196579605340958 -0.96710020303726196
vn -0.25110000371932983 0.044003419578075409 -0.96699982881546021
vn -0.00050000002374872565 -0.00069646426709368825 -1
vn 0.16500000655651093 0.19710342586040497 -0.96639931201934814
vn 0.22269999980926514 0.12890343368053436 -0.96629953384399414
vn 0.019799999892711639 -0.24209655821323395 -0.97000092267990112
vn 0.023000000044703484 -0.076596476137638092 -0.99680030345916748
vn 0.087600000202655792 0.24130342900753021 -0.96649909019470215
vn 0.088200002908706665 -0.24079656600952148 -0.96660089492797852
vn -0.00019999999494757503 0.25630339980125427 -0.96659904718399048
vn 0.16550000011920929 -0.19639657437801361 -0.96650069952011108
vn -0.087700001895427704 0.24030342698097229 -0.96669912338256836
vn 0.22290000319480896 -0.12819656729698181 -0.96640050411224365
vn -0.16439999639987946 0.19550342857837677 -0.96679925918579102
vn 0.25350001454353333 -0.044296585023403168 -0.96630018949508667
vn -0.22110000252723694 0.12730342149734497 -0.96689951419830322
vn 0.25339999794960022 0.045103415846824646 -0.96629983186721802
vn 0.018600000068545341 -0.019496465101838112 -0.99960005283355713
vn 0.0046000001020729542 -0.0040964642539620399 -1
vn 0.028500000014901161 -0.027396466583013535 -0.99920010566711426
vn 0.028500000014901161 -0.027596466243267059 -0.99920010566711426
vn 0.029400000348687172 0.02450353279709816 -0.99929994344711304
vn 0.023000000044703484 0.031403530389070511 -0.99919986724853516
vn -0.006399999838322401 0.051803529262542725 -0.9985998272895813
vn -0.0068999999202787876 0.052103526890277863 -0.9985998272895813
vn -0.046300001442432404 0.064203523099422455 -0.99689978361129761
vn -0.045099999755620956 0.064003527164459229 -0.99689978361129761
vn -0.070299997925758362 0.067803524434566498 -0.99519973993301392
vn -0.071000002324581146 0.067803524434566498 -0.99519973993301392
vn -0.045699998736381531 0.041403528302907944 -0.99809980392456055
vn -0.056099999696016312 0.050703525543212891 -0.99709981679916382
vn -0.019700000062584877 0.018603535369038582 -0.99959993362426758
vn -0.010099999606609344 0.010503535158932209 -0.99989992380142212
vn 0.028699999675154686 -0.012496465817093849 -0.99950003623962402
vn 0.028599999845027924 -0.010396465659141541 -0.99950003623962402
vn 0.028799999505281448 -0.0033964656759053469 -0.99959999322891235
vn 0.033900000154972076 0.0046035335399210453 -0.99940001964569092
vn 0.01360000018030405 -0.010596464388072491 -0.99990004301071167
vn 0.016300000250339508 -0.010996464639902115 -0.99980008602142334
vn -0.017599999904632568 -0.0067964652553200722 -0.99980002641677856
vn -0.010300000198185444 -0.0076964646577835083 -0.99989998340606689
vn -0.055900000035762787 0.0040035299025475979 -0.99839997291564941
vn -0.051399998366832733 0.0022035310976207256 -0.99870002269744873
vn -0.091899998486042023 0.0035035207401961088 -0.99580001831054688
vn -0.089900001883506775 0.0043035214766860008 -0.99589997529983521
vn -0.10490000247955322 -0.012296483851969242 -0.99440008401870728
vn -0.10540000349283218 -0.011196483857929707 -0.99440008401870728
vn 0.01080000028014183 0.027403535321354866 -0.9995998740196228
vn 0.011300000362098217 0.027103535830974579 -0.9995998740196228
vn 0.026100000366568565 0.0078035341575741768 -0.99959999322891235
vn 0.023099999874830246 0.012003535404801369 -0.99969995021820068
vn 0.020600000396370888 0.018403535708785057 -0.99959993362426758
vn -0.035500001162290573 -0.02849646657705307 -0.99900013208389282
vn 0.23659999668598175 -0.31849679350852966 -0.91790115833282471
vn 0.085799999535083771 -0.062496483325958252 -0.9943002462387085
vn -0.037799999117851257 -0.028196468949317932 -0.99890011548995972
vn -0.96130001544952393 0.27570000290870667 -0.00019902520580217242
vn -0.99089998006820679 0.13470000028610229 -0.00019952373986598104
vn -0.16269999742507935 -0.98659998178482056 0.0073965117335319519
vn -0.16300000250339508 -0.98660004138946533 0.0084965117275714874
vn -0.16179999709129333 -0.98660004138946533 0.019396513700485229
vn -0.16249999403953552 -0.98660004138946533 0.017396513372659683
vn -0.14800000190734863 -0.98649978637695313 -0.070103488862514496
vn -0.14959999918937683 -0.98749983310699463 -0.050003495067358017
vn -0.14959999918937683 -0.98529970645904541 -0.082903489470481873
vn -0.16380000114440918 -0.98329967260360718 -0.079603478312492371
vn -0.47299998998641968 0.0502031110227108 -0.87959980964660645
vn -0.39779999852180481 0.046903237700462341 -0.91629981994628906
vn -0.5591999888420105 0.069002918899059296 -0.82609975337982178
vn -0.58230000734329224 0.063002869486808777 -0.81049978733062744
vn 0.99089998006820679 -0.13470000028610229 0.00019952373986598104
vn 0.99989998340606689 0.010399999096989632 0.00020003676763735712
vn 0.99989998340606689 0.010400000028312206 3.6771243827615763e-08
vn 0.99089998006820679 -0.13470000028610229 -4.7625835009057482e-07
vn 0.37419998645782471 -0.03089672327041626 -0.92680013179779053
vn 0.36660000681877136 0.07100328803062439 -0.92759978771209717
vn 0.50529998540878296 0.059303048998117447 -0.86089974641799927
vn 0.50080001354217529 -0.057696949690580368 -0.86360025405883789
vn -0.56069999933242798 0.09020291268825531 -0.82309967279434204
vn -0.52780002355575562 0.20140290260314941 -0.82519930601119995
vn -0.38240000605583191 0.14180323481559753 -0.91299945116043091
vn -0.41010001301765442 0.058203216642141342 -0.91019976139068604
vn -0.11519999802112579 0.051403507590293884 -0.99199980497360229
vn -0.10360000282526016 0.010703517124056816 -0.99459993839263916
vn -0.99279999732971191 0.11980000138282776 4.2357643792456656e-07
vn -0.99279999732971191 0.11980000138282776 4.2357643792456656e-07
vn -0.99279999732971191 0.11980000138282776 4.2357643792456656e-07
vn -0.99279999732971191 0.11980000138282776 4.2357643792456656e-07
vn -0.55729997158050537 0.069202929735183716 -0.82739979028701782
vn -0.55140000581741333 0.022702949121594429 -0.83389991521835327
vn -0.88069999217987061 0.021901674568653107 -0.47319990396499634
vn -0.55800002813339233 0.068102926015853882 -0.82699978351593018
vn -0.39789998531341553 -0.026196759194135666 -0.91710013151168823
vn -0.11259999871253967 -0.029696488752961159 -0.99320012331008911
vn -0.99220001697540283 0.125 4.4196207227287232e-07
vn -0.99989998340606689 0.013399999588727951 4.7378335921166581e-08
vn -0.99220001697540283 0.12489999830722809 4.4160850620755809e-07
vn -0.16429999470710754 -0.98620003461837769 0.020596513524651527
vn -0.16850000619888306 -0.9855000376701355 0.016996517777442932
vn -0.17339999973773956 -0.98479998111724854 -3.4819538541341899e-06
vn -0.17339999973773956 -0.98479998111724854 -3.4819538541341899e-06
vn -0.24240000545978546 -0.96989995241165161 -0.023903429508209229
vn -0.2434999942779541 -0.96959996223449707 -0.02220342680811882
vn -0.17399999499320984 -0.98469996452331543 -0.0094034811481833458
vn -0.16419999301433563 -0.98590010404586792 0.03149651363492012
vn -0.16859999299049377 -0.9855000376701355 0.016996517777442932
vn -0.12210000306367874 -0.99239993095397949 -0.012803507968783379
vn -0.10109999775886536 -0.9947999119758606 -0.010903517715632915
vn -0.13940000534057617 -0.98969990015029907 -0.033203501254320145
vn -0.14380000531673431 -0.98889988660812378 -0.036103498190641403
vn -0.84450000524520874 -0.53549998998641968 -1.8933654928332544e-06
vn -0.90719997882843018 -0.42059999704360962 -1.4871138773742132e-06
vn -0.10300000011920929 0.99470001459121704 3.5169575767213246e-06
vn -0.26399999856948853 0.96450001001358032 3.4101794881280512e-06
vn -0.89050000905990601 0.45500001311302185 1.6087419680843595e-06
vn -0.97619998455047607 0.21699999272823334 7.6724614928025403e-07
vn -0.97939997911453247 -0.20200000703334808 -7.1421078473576927e-07
vn -0.54180002212524414 -0.84049999713897705 -2.9717530196649022e-06
vn -0.16590000689029694 -0.98610001802444458 -3.4865504403569503e-06
vn -0.98960000276565552 0.14380000531673431 5.0843317467297311e-07
vn -0.99860000610351563 0.053100001066923141 1.8774548493638576e-07
vn -0.48410001397132874 0.875 3.0937344490666874e-06
vn -0.93529999256134033 -0.35379999876022339 -1.2509294720075559e-06
vn 0.082999996840953827 0.99589985609054565 0.035803519189357758
vn 0.017400000244379044 0.99980002641677856 0.0033035350497812033
vn -1 -0.0020000000949949026 -7.0713936928257226e-09
vn -0.12590000033378601 -0.99199998378753662 -0.0033035073429346085
vn -0.71740001440048218 0.69669997692108154 2.4633197881485103e-06
vn -0.99580001831054688 -0.091799996793270111 -3.2457694487675326e-07
vn -0.12210000306367874 -0.99239993095397949 -0.012803507968783379
vn -0.90890002250671387 -0.41699999570846558 -1.4743854990229011e-06
vn -0.13910000026226044 0.016503499820828438 -0.99009996652603149
vn -0.10639999806880951 0.01040351577103138 -0.99429994821548462
vn -0.21369999647140503 -0.97589981555938721 -0.045103449374437332
vn -0.1875 -0.98209995031356812 -0.020203473046422005
vn -0.5875999927520752 -0.0301971435546875 -0.80860012769699097
vn 0.35040000081062317 -0.12559671700000763 -0.92810046672821045
vn 0.48960000276565552 -0.17229697108268738 -0.85470062494277954
vn 0.96090000867843628 -0.27689999341964722 0.00019902095664292574
vn 0.96090000867843628 -0.27689999341964722 -9.7903432560997317e-07
vn 0.19050000607967377 -0.067496538162231445 -0.97940021753311157
vn 0.20329999923706055 0.0032034618780016899 -0.97909998893737793
vn -1 -0.0091999992728233337 -0.00020003253303002566
vn -0.10109999775886536 -0.9947999119758606 -0.010903517715632915
vn 0.095499999821186066 0.0084035191684961319 -0.99539995193481445
vn 0.082599997520446777 -0.04649648442864418 -0.99550020694732666
vn -0.17389999330043793 -0.98439985513687134 -0.025903480127453804
vn -0.16470000147819519 -0.98629999160766602 -0.0031034874264150858
vn -0.16459999978542328 -0.98640000820159912 -0.0027034876402467489
vn -0.1737000048160553 -0.98449993133544922 -0.024103479459881783
vn 0.096500001847743988 0.055803515017032623 -0.99379980564117432
vn 0.21080000698566437 0.073303446173667908 -0.9747997522354126
vn -0.11720000207424164 0.040603511035442352 -0.99229985475540161
vn -0.11840000003576279 0.041803508996963501 -0.9920998215675354
vn -0.11810000240802765 0.041503507643938065 -0.9920998215675354
vn -0.11699999868869781 0.040303509682416916 -0.99229985475540161
vn -0.12600000202655792 0.04390350729227066 -0.99109983444213867
vn -0.12600000202655792 0.04390350729227066 -0.99109983444213867
vn -0.11620000004768372 0.084203504025936127 -0.98969972133636475
vn -0.10899999737739563 0.09720350056886673 -0.98929965496063232
vn -0.016699999570846558 0.0045035351067781448 -0.99989998340606689
vn 0 3.5356965781829786e-06 -1
vn 0 3.5356965781829786e-06 -1
vn -0.036200001835823059 0.009703533723950386 -0.99929994344711304
vn -0.074500001966953278 0.023403523489832878 -0.99689996242523193
vn -0.097599998116493225 0.033203516155481339 -0.99469989538192749
vn -0.047800000756978989 0.14360348880290985 -0.98849946260452271
vn -0.053399998694658279 0.14230348169803619 -0.9883994460105896
vn -0.15929999947547913 -0.98700004816055298 0.020896511152386665
vn -0.16439999639987946 -0.98580014705657959 0.033996514976024628
vn -0.4814000129699707 -0.87650001049041748 -3.0990381674200762e-06
vn -0.31940001249313354 -0.94760000705718994 -3.3504261409689207e-06
vn -0.2434999942779541 -0.96990001201629639 -3.4292722830286948e-06
vn -0.91960000991821289 -0.39289999008178711 -1.3891751677874709e-06
vn -0.72899997234344482 -0.68449997901916504 -2.4201840460591484e-06
vn -0.98000001907348633 -0.19900000095367432 -7.0360363224608591e-07
vn -0.19429999589920044 -0.98090004920959473 0.010896531865000725
vn -0.99059998989105225 0.13670000433921814 4.8332969981856877e-07
vn -0.99059998989105225 0.13670000433921814 4.8332969981856877e-07
vn -0.45300000905990601 0.06070314347743988 -0.88939976692199707
vn -0.55430001020431519 0.074002936482429504 -0.82899975776672363
vn -0.58170002698898315 -0.052997127175331116 -0.81170016527175903
vn -0.54970002174377441 -0.13369709253311157 -0.8246004581451416
vn -0.76550000905990601 -0.23929788172245026 -0.59720087051391602
vn -0.76010000705718994 -0.097097724676132202 -0.64250034093856812
vn -0.94789999723434448 -0.14999902248382568 -0.2810005247592926
vn -0.89800000190734863 -0.31419894099235535 -0.30800110101699829
vn -0.94150000810623169 -0.33689999580383301 -1.1911761248484254e-06
vn -0.9878000020980835 -0.15579999983310699 -5.508615572580311e-07
vn -0.39969998598098755 -0.10479678213596344 -0.91060036420822144
vn -0.32690000534057617 -0.17599670588970184 -0.92850065231323242
vn -0.49849998950958252 -0.31349712610244751 -0.8082011342048645
vn -0.68279999494552612 -0.48809808492660522 -0.54370170831680298
vn -0.76200002431869507 -0.58089900016784668 -0.2861020565032959
vn -0.78960001468658447 -0.61360001564025879 -2.1695034320146078e-06
vn -0.1809999942779541 -0.2190966010093689 -0.9588007926940918
vn 0.020099999383091927 -0.21449655294418335 -0.9765007495880127
vn -0.025200000032782555 -0.46989688277244568 -0.88240164518356323
vn -0.29739999771118164 -0.46509703993797302 -0.83380162715911865
vn -0.46470001339912415 -0.84259897470474243 -0.27210298180580139
vn -0.13300000131130219 -0.94649893045425415 -0.29410332441329956
vn -0.14139999449253082 -0.98989999294281006 -3.4999859508388909e-06
vn -0.48159998655319214 -0.87639999389648438 -3.098684601354762e-06
vn -0.095899999141693115 -0.80239790678024292 -0.58900284767150879
vn -0.41499999165534973 -0.73159807920455933 -0.54080253839492798
vn 0.12880000472068787 0.99150007963180542 -0.015796493738889694
vn 0.12880000472068787 0.99150007963180542 -0.015796493738889694
vn 0.33160001039505005 0.94339996576309204 0.0091033363714814186
vn 0.36939999461174011 0.9291999340057373 0.013903285376727581
vn 0.26480001211166382 -0.90809881687164307 -0.32450318336486816
vn 0.2840999960899353 -0.95880001783370972 -3.3900259950314648e-06
vn 0.20059999823570251 -0.7506977915763855 -0.62950265407562256
vn 0.12229999899864197 -0.36959674954414368 -0.92110127210617065
vn 0.13670000433921814 -0.13279654085636139 -0.98170047998428345
vn 0.058499999344348907 0.99739980697631836 0.04290352389216423
vn 0.033700000494718552 0.99939996004104614 0.011903534643352032
vn 0.83329999446868896 0.51020079851150513 -0.21299819648265839
vn 0.83410000801086426 0.50830078125 -0.21419821679592133
vn 0.66780000925064087 0.73530042171478271 -0.11569739878177643
vn 0.67320001125335693 0.73010039329528809 -0.11749741435050964
vn 0.37520000338554382 0.92600017786026001 -0.042096726596355438
vn 0.38100001215934753 0.92360019683837891 -0.043196737766265869
vn 0.9000999927520752 -0.3926006555557251 0.18899860978126526
vn 0.89329999685287476 -0.40940064191818237 0.18569855391979218
vn 0.79070001840591431 -0.59590053558349609 0.14049787819385529
vn 0.79720002412796021 -0.58650052547454834 0.1431979238986969
vn 0.058499999344348907 0.99739980697631836 0.04290352389216423
vn 0.092699997127056122 0.99479979276657104 0.042003516107797623
vn 0.055100001394748688 0.99289965629577637 0.10500350594520569
vn 0.58469998836517334 -0.7318987250328064 -0.34990260004997253
vn 0.625 -0.78060001134872437 -2.759964900178602e-06
vn 0.47459998726844788 -0.67379802465438843 -0.5664023756980896
vn 0.6654999852180481 -0.66739881038665771 -0.3342023491859436
vn 0.58480000495910645 -0.62659823894500732 -0.51520222425460815
vn 0.7062000036239624 -0.70800000429153442 -2.5032732082763687e-06
vn 0.58480000495910645 -0.62659823894500732 -0.51520222425460815
vn 0.47459998726844788 -0.67379802465438843 -0.5664023756980896
vn 0.23659999668598175 -0.31849679350852966 -0.91790115833282471
vn 0.085799999535083771 -0.062496483325958252 -0.9943002462387085
vn -0.017400000244379044 0.99969995021820068 0.017103536054491997
vn 0.083099998533725739 0.99269968271255493 0.087703511118888855
vn 0.0012000000569969416 0.0085035357624292374 -0.99999994039535522
vn 0.083099998533725739 0.99269968271255493 0.087703511118888855
vn 0.098200000822544098 0.9948999285697937 0.021903518587350845
vn 0.10170000046491623 0.99429988861083984 0.033603515475988388
vn 0.092699997127056122 0.99479979276657104 0.042003516107797623
vn 0.92589998245239258 -0.014198664575815201 -0.37760007381439209
vn 0.92580002546310425 -0.016698664054274559 -0.37750005722045898
vn 0.90880000591278076 0.25700116157531738 -0.32869911193847656
vn 0.90810000896453857 0.26100116968154907 -0.32739907503128052
vn -0.017400000244379044 0.99969995021820068 0.017103536054491997
vn -0.000699999975040555 0.99999994039535522 0.0086035355925559998
vn 0.13930000364780426 -0.99020004272460938 0.013296498917043209
vn 0.11599999666213989 -0.99310004711151123 0.014096489176154137
vn -0.1185000017285347 -0.99270004034042358 0.022096490487456322
vn -0.1185000017285347 -0.99270004034042358 0.022096490487456322
vn 0.93529999256134033 -0.13879884779453278 -0.32560050487518311
vn 0.93529999256134033 -0.13879884779453278 -0.32560050487518311
vn 0.92830002307891846 -0.13019876182079315 -0.34840047359466553
vn 0.92790001630783081 -0.1297987699508667 -0.34950047731399536
vn -0.99169999361038208 0.1281999945640564 4.5327627162805584e-07
vn -0.99169999361038208 0.1281999945640564 4.5327627162805584e-07
vn -0.59689998626708984 0.064202830195426941 -0.79969978332519531
vn -0.59689998626708984 0.064202830195426941 -0.79969978332519531
vn 0.024399999529123306 0.99960005283355713 -0.011596465483307838
vn 0.041999999433755875 0.99900007247924805 -0.01169646717607975
vn 0.96630001068115234 -0.082499139010906219 -0.24390029907226563
vn 0.96630001068115234 -0.082499139010906219 -0.24390029907226563
vn 0.96630001068115234 -0.082499139010906219 -0.24390029907226563
vn 0.96630001068115234 -0.082499139010906219 -0.24390029907226563
vn -0.13910000026226044 0.01490350067615509 -0.99019992351531982
vn -0.16380000114440918 -0.98570013046264648 0.039296511560678482
vn 0.71850001811981201 -0.045097548514604568 -0.69410020112991333
vn 0.73739999532699585 -0.12029765546321869 -0.66470038890838623
vn 0.68049997091293335 -0.11469743400812149 -0.72370040416717529
vn 0.65560001134872437 -0.035997331142425537 -0.75420010089874268
vn 0.030400000512599945 -0.027496466413140297 -0.99920010566711426
vn 0.036299999803304672 -0.026596466079354286 -0.99900013208389282
vn 0.11969999969005585 -0.021096490323543549 -0.99260008335113525
vn 0.1103999987244606 -0.040796488523483276 -0.99310010671615601
vn 0.61729997396469116 0.78369975090026855 0.068902768194675446
vn 0.63010001182556152 0.77289968729019165 0.075102731585502625
vn 0.45600000023841858 -0.88920009136199951 0.035696856677532196
vn 0.44310000538825989 -0.89600014686584473 0.031196832656860352
vn 0.0082999998703598976 -0.012196464464068413 -0.99990004301071167
vn 0.8903999924659729 0.4174993634223938 0.1811014711856842
vn 0.88660001754760742 0.42629936337471008 0.17930151522159576
vn 0.95169997215270996 0.22379925847053528 0.21020078659057617
vn 0.95359998941421509 0.21459925174713135 0.21120075881481171
vn 0.45649999380111694 -0.074696861207485199 -0.8866003155708313
vn 0.43040001392364502 -0.016796808689832687 -0.90250003337860107
vn 0.24079999327659607 -0.070096582174301147 -0.96800023317337036
vn 0.28519999980926514 -0.024896612390875816 -0.95810014009475708
vn 0.13989999890327454 -0.0061964993365108967 -0.99010002613067627
vn 0.11980000138282776 -0.042196489870548248 -0.99190020561218262
vn 0.76789999008178711 -0.22379787266254425 -0.6002008318901062
vn 0.81959998607635498 -0.12459801882505417 -0.5592004656791687
vn 0.77569997310638428 -0.11149780452251434 -0.62120044231414795
vn 0.72130000591278076 -0.20779766142368317 -0.6608007550239563
vn 0.53570002317428589 -0.064697027206420898 -0.84190022945404053
vn 0.48910000920295715 -0.13909696042537689 -0.86110049486160278
vn -0.11169999837875366 0.0048035136424005032 -0.99370002746582031
vn -0.13930000364780426 0.015203500166535378 -0.99009996652603149
vn -0.29820001125335693 0.025703372433781624 -0.95419991016387939
vn -0.25740000605583191 0.033503413200378418 -0.96569985151290894
vn 0.098399996757507324 0.0011035182978957891 -0.99510002136230469
vn 0.019700000062584877 0.0024035351816564798 -0.99980002641677856
vn 0.013199999928474426 0.0040035354904830456 -0.99989998340606689
vn -0.098700001835823059 0.013303518295288086 -0.99499994516372681
vn -0.00039999998989515007 0.0065035359002649784 -1
vn -0.088399998843669891 0.00020352190767880529 -0.99610000848770142
vn -0.24549999833106995 0.032903425395488739 -0.968799889087677
vn 0.69249999523162842 -0.19339753687381744 -0.69500070810317993
vn 0.46140000224113464 -0.12769690155982971 -0.87800049781799316
vn 0.74610000848770142 -0.21119777858257294 -0.63140076398849487
vn 0.23160000145435333 -0.0655965656042099 -0.97060024738311768
vn 0.17319999635219574 0.035303480923175812 -0.98429989814758301
vn 0.120899997651577 0.06970350444316864 -0.9901997447013855
vn -0.083400003612041473 0.048903517425060272 -0.9952998161315918
vn -0.17620000243186951 0.032403480261564255 -0.98379987478256226
vn 0.85110002756118774 0.17490173876285553 -0.49509936571121216
vn 0.86100000143051147 0.18350167572498322 -0.47429937124252319
vn 0.86390000581741333 0.19840162992477417 -0.46289932727813721
vn 0.83600002527236938 0.1855018138885498 -0.5163993239402771
vn 0.35389998555183411 0.020703306421637535 -0.93499994277954102
vn 0.33860000967979431 0.086403310298919678 -0.93689972162246704
vn 0.85159999132156372 -0.0059981467202305794 -0.52420002222061157
vn 0.85710000991821289 0.076101802289485931 -0.50949972867965698
vn 0.82630002498626709 0.085501968860626221 -0.55669969320297241
vn 0.81400001049041748 -0.0032979464158415794 -0.58079999685287476
vn 0.60759997367858887 0.080602794885635376 -0.79009968042373657
vn 0.59920001029968262 0.0049028308130800724 -0.80059999227523804
vn -0.3531000018119812 0.022503308951854706 -0.93529993295669556
vn 0.30669999122619629 0.14660331606864929 -0.94049948453903198
vn 0.32129999995231628 0.12200331687927246 -0.93909960985183716
vn 0.19689999520778656 0.076403453946113586 -0.97749972343444824
vn 0.14550000429153442 0.098003476858139038 -0.98449963331222534
vn -0.020199999213218689 0.05590352788567543 -0.99819982051849365
vn 0.62629997730255127 0.18870268762111664 -0.75639933347702026
vn 0.60920000076293945 0.1869027316570282 -0.77069932222366333
vn 0.06759999692440033 0.057103522121906281 -0.99609982967376709
vn 0.01640000008046627 0.060603529214859009 -0.99799978733062744
vn 0.22869999706745148 -0.035896562039852142 -0.97280013561248779
vn 0.226500004529953 -0.0054965559393167496 -0.97399997711181641
vn 0.2775999903678894 0.049903389066457748 -0.95939981937408447
vn 0.35030001401901245 0.060703303664922714 -0.93469977378845215
vn 0.66200000047683716 0.16090258955955505 -0.73199939727783203
vn 0.88550001382827759 0.22060143947601318 -0.4089992344379425
vn 0.96219998598098755 0.27219998836517334 9.6241649316652911e-07
vn 0.36210000514984131 0.023703295737504959 -0.93179994821548462
vn 0.66329997777938843 0.15920259058475494 -0.73119938373565674
vn 0.89509999752044678 0.28330123424530029 -0.34419900178909302
vn 0.94599997997283936 0.32420000433921814 1.1462728934930055e-06
vn 0.41260001063346863 -0.015796778723597527 -0.91080003976821899
vn 0.22509999573230743 -0.0044965548440814018 -0.97430002689361572
vn -0.12919999659061432 0.015203505754470825 -0.99149996042251587
vn 0.090499997138977051 0.0028035209979861975 -0.99589997529983521
vn -0.23639999330043793 0.02150343544781208 -0.97139996290206909
vn -0.23639999330043793 0.02150343544781208 -0.97139996290206909
vn 0.63959997892379761 -0.034897282719612122 -0.76790010929107666
vn 0.70550000667572021 -0.044297501444816589 -0.70730018615722656
vn 0.015799999237060547 -0.026896467432379723 -0.9995000958442688
vn -0.55409997701644897 0.089602924883365631 -0.82759970426559448
vn -0.53560000658035278 0.09970296174287796 -0.83859962224960327
vn -0.27559998631477356 0.073803387582302094 -0.95839977264404297
vn -0.31970000267028809 0.047603350132703781 -0.94629985094070435
vn -0.9000999927520752 0.1445014625787735 -0.41109946370124817
vn -0.89899998903274536 0.15030145645141602 -0.41129946708679199
vn -0.53560000658035278 0.09970296174287796 -0.83859962224960327
vn -0.55409997701644897 0.089602924883365631 -0.82759970426559448
vn -0.50150001049041748 0.09930303692817688 -0.85939961671829224
vn -0.17779999971389771 0.068503469228744507 -0.98169976472854614
vn -0.90179997682571411 0.13930144906044006 -0.40919950604438782
vn -0.50150001049041748 0.09930303692817688 -0.85939961671829224
vn -0.4814000129699707 0.080003082752227783 -0.87279969453811646
vn -0.12049999833106995 0.036803510040044785 -0.99199986457824707
vn -0.90299999713897705 0.13820144534111023 -0.40669947862625122
vn -0.4814000129699707 0.080003082752227783 -0.87279969453811646
vn -0.096199996769428253 0.032503515481948853 -0.99479985237121582
vn 0.47690001130104065 -0.062796898186206818 -0.87670022249221802
vn 0.4731999933719635 -0.065696895122528076 -0.87850022315979004
vn 0.47360000014305115 -0.065396890044212341 -0.8783002495765686
vn 0.47690001130104065 -0.062796898186206818 -0.87670022249221802
vn 0.4406999945640564 -0.0043968260288238525 -0.89759999513626099
vn 0.44659999012947083 -0.016596835106611252 -0.8946000337600708
vn 0.39489999413490295 -0.016396753489971161 -0.91860008239746094
vn 0.39959999918937683 -0.0076967589557170868 -0.91670000553131104
vn -0.9132000207901001 0.10150139778852463 -0.39459964632987976
vn -0.90719997882843018 0.12530143558979034 -0.40159955620765686
vn -0.48240000009536743 0.066403083503246307 -0.87339973449707031
vn -0.49090000987052917 0.054303072392940521 -0.8694998025894165
vn -0.13079999387264252 0.014203504659235477 -0.99129992723464966
vn -0.1242000013589859 0.016603507101535797 -0.99209994077682495
vn 0.81749999523162842 -0.10869799554347992 -0.56550043821334839
vn 0.8312000036239624 -0.088598057627677917 -0.548900306224823
vn 0.8310999870300293 -0.088698051869869232 -0.5490003228187561
vn 0.81720000505447388 -0.10899799317121506 -0.56600040197372437
vn 0.38370001316070557 -0.046796739101409912 -0.92230015993118286
vn 0.39520001411437988 -0.038596756756305695 -0.91780012845993042
vn 0.39509999752044678 -0.038696754723787308 -0.91780012845993042
vn 0.38319998979568481 -0.047096740454435349 -0.92240017652511597
vn -0.0054999999701976776 0.00060353573644533753 -1
vn -0.0057999999262392521 0.00060353573644533753 -1
vn -0.10660000145435333 0.010703515261411667 -0.99419993162155151
vn -0.10320000350475311 0.012703516520559788 -0.99459993839263916
vn -0.11630000174045563 0.012403511442244053 -0.99309992790222168
vn -0.10830000042915344 0.014003515243530273 -0.99399995803833008
vn -0.49090000987052917 0.054303072392940521 -0.8694998025894165
vn -0.48240000009536743 0.066403083503246307 -0.87339973449707031
vn -0.44990000128746033 0.055303152650594711 -0.8913998007774353
vn -0.46560001373291016 0.046603124588727951 -0.88379985094070435
vn -0.69139999151229858 0.069302543997764587 -0.71909976005554199
vn -0.66979998350143433 0.082502618432044983 -0.73799967765808105
vn 9.9999997473787516e-05 -9.646429680287838e-05 -1
vn 0 3.5356965781829786e-06 -1
vn 0.00030000001424923539 -0.00019646430155262351 -1
vn -0.00419999985024333 0.00040353569784201682 -1
vn -0.11840000003576279 0.01590351015329361 -0.99279993772506714
vn -0.54640001058578491 0.073302946984767914 -0.83429974317550659
vn -0.65329998731613159 0.087502650916576385 -0.75209969282150269
vn 0.80720001459121704 -0.11829795688390732 -0.57830041646957397
vn 0.80720001459121704 -0.11829795688390732 -0.57830041646957397
vn -0.9211999773979187 0.050601363182067871 -0.3857998251914978
vn -0.91790002584457397 0.076401375234127045 -0.38929972052574158
vn -0.0059000002220273018 0.0005035357316955924 -1
vn -0.0060000000521540642 0.00030353572219610214 -1
vn -0.11020000278949738 0.0055035138502717018 -0.99390000104904175
vn -0.1088000014424324 0.008203514851629734 -0.99400001764297485
vn 0.40220001339912415 -0.029396764934062958 -0.91510009765625
vn 0.40700000524520874 -0.019896769896149635 -0.91320008039474487
vn 0.40700000524520874 -0.019996769726276398 -0.91320008039474487
vn 0.40220001339912415 -0.029296765103936195 -0.91510009765625
vn -0.49750000238418579 0.041203062981367111 -0.86649984121322632
vn -0.50169998407363892 0.027403056621551514 -0.86459988355636597
vn -0.13560000061988831 0.0073035033419728279 -0.99070000648498535
vn -0.13369999825954437 0.010903503745794296 -0.99099993705749512
vn -0.47670000791549683 0.023803107440471649 -0.87869995832443237
vn -0.4724000096321106 0.035403113812208176 -0.88069987297058105
vn 0 3.5356965781829786e-06 -1
vn 0 3.5356965781829786e-06 -1
vn -0.12060000002384186 0.0063035096973180771 -0.99269998073577881
vn -0.11890000104904175 0.0094035100191831589 -0.99289995431900024
vn -0.50169998407363892 0.027403056621551514 -0.86459988355636597
vn -0.49750000238418579 0.041203062981367111 -0.86649984121322632
vn -0.70499998331069946 0.035302504897117615 -0.70839989185333252
vn -0.69950002431869507 0.052302520722150803 -0.71269983053207397
vn 0.83780002593994141 -0.066898085176944733 -0.54190021753311157
vn 0.84229999780654907 -0.044398099184036255 -0.53710019588470459
vn 0.84229999780654907 -0.04459809884428978 -0.53720015287399292
vn 0.83780002593994141 -0.066898085176944733 -0.54190021753311157
vn 0.8312000036239624 -0.088598057627677917 -0.548900306224823
vn 0.8310999870300293 -0.088698051869869232 -0.5490003228187561
vn -0.46560001373291016 0.046603124588727951 -0.88379985094070435
vn -0.69139999151229858 0.069302543997764587 -0.71909976005554199
vn -0.9132000207901001 0.10150139778852463 -0.39459964632987976
vn -0.49090000987052917 0.054303072392940521 -0.8694998025894165
vn -0.13079999387264252 0.014203504659235477 -0.99129992723464966
vn -0.11630000174045563 0.012403511442244053 -0.99309992790222168
vn 0 3.5356965781829786e-06 -1
vn -0.0057999999262392521 0.00060353573644533753 -1
vn -0.10660000145435333 0.010703515261411667 -0.99419993162155151
vn -0.49090000987052917 0.054303072392940521 -0.8694998025894165
vn 0.39520001411437988 -0.038596756756305695 -0.91780012845993042
vn 0.39509999752044678 -0.038696754723787308 -0.91780012845993042
vn -0.50110000371932983 0.013403058983385563 -0.86529994010925293
vn -0.48980000615119934 0.0016030824044719338 -0.8718000054359436
vn -0.1307000070810318 0.0033035052474588156 -0.99140000343322754
vn -0.13549999892711639 0.0044035031460225582 -0.99080002307891846
vn -0.11029999703168869 0.0032035140320658684 -0.99390000104904175
vn -0.10670000314712524 0.0017035155324265361 -0.99430000782012939
vn -0.46549999713897705 0.00040312940836884081 -0.88510000705718994
vn -0.47679999470710754 0.01220310665667057 -0.87889993190765381
vn -9.9999997473787516e-05 0.0005035357316955924 -1
vn -0.00039999998989515007 0.0019035356817767024 -1
vn -0.0062000001780688763 0.0019035356817767024 -1
vn -0.0060999998822808266 0.00060353573644533753 -1
vn -0.1160999983549118 0.0038035116158425808 -0.99320000410079956
vn -0.12049999833106995 0.0040035098791122437 -0.99269998073577881
vn -0.92189997434616089 0.02390136756002903 -0.38659989833831787
vn -0.9179999828338623 -0.00059859739849343896 -0.39669999480247498
vn -0.48980000615119934 0.0016030824044719338 -0.8718000054359436
vn -0.50110000371932983 0.013403058983385563 -0.86529994010925293
vn -0.69139999151229858 -0.00059744546888396144 -0.7225000262260437
vn -0.70469999313354492 0.017702508717775345 -0.70929992198944092
vn 0.84229999780654907 -0.020598094910383224 -0.53870004415512085
vn 0.83179998397827148 0.0037019627634435892 -0.55510002374649048
vn 0.83170002698898315 0.0038019630592316389 -0.55519998073577881
vn 0.84219998121261597 -0.0203980952501297 -0.53870004415512085
vn 0.40729999542236328 -0.0094967707991600037 -0.91320008039474487
vn 0.39919999241828918 0.0037032414693385363 -0.91680002212524414
vn 0.39910000562667847 0.003903241828083992 -0.91689997911453247
vn 0.40729999542236328 -0.0092967711389064789 -0.9133000373840332
vn -0.90429997444152832 -0.036298498511314392 -0.42540010809898376
vn -0.9179999828338623 -0.00059859739849343896 -0.39669999480247498
vn -0.0062000001780688763 0.0019035356817767024 -1
vn -0.0060999998822808266 0.0034035358112305403 -1
vn -0.097099997103214264 3.5190787457395345e-06 -0.99529999494552612
vn -0.10670000314712524 0.0017035155324265361 -0.99430000782012939
vn 0.39919999241828918 0.0037032414693385363 -0.91680002212524414
vn 0.37639999389648438 0.019703274592757225 -0.92619991302490234
vn 0.37680000066757202 0.0195032749325037 -0.92609995603561401
vn 0.39910000562667847 0.003903241828083992 -0.91689997911453247
vn -0.48980000615119934 0.0016030824044719338 -0.8718000054359436
vn -0.45519998669624329 -0.014196852222084999 -0.89030003547668457
vn -0.1177000030875206 0.002003511181101203 -0.99309998750686646
vn -0.1307000070810318 0.0033035052474588156 -0.99140000343322754
vn -0.43389999866485596 -0.01359681598842144 -0.90080004930496216
vn -0.46549999713897705 0.00040312940836884081 -0.88510000705718994
vn -0.00039999998989515007 0.0019035356817767024 -1
vn -0.00089999998454004526 0.0036035357043147087 -1
vn -0.10440000146627426 0.0031035162974148989 -0.99449998140335083
vn -0.1160999983549118 0.0038035116158425808 -0.99320000410079956
vn -0.45519998669624329 -0.014196852222084999 -0.89030003547668457
vn -0.48980000615119934 0.0016030824044719338 -0.8718000054359436
vn -0.65219998359680176 -0.022397318854928017 -0.75770008563995361
vn -0.69139999151229858 -0.00059744546888396144 -0.7225000262260437
vn 0.83179998397827148 0.0037019627634435892 -0.55510002374649048
vn 0.7994999885559082 0.037102118134498596 -0.59949988126754761
vn 0.79989999532699585 0.036702115088701248 -0.59899985790252686
vn 0.83170002698898315 0.0038019630592316389 -0.55519998073577881
vn -0.096100002527236938 0.00090351945254951715 -0.99540001153945923
vn -0.068700000643730164 0.0018035272369161248 -0.9976000189781189
vn 0.28720000386238098 0.047103382647037506 -0.95669984817504883
vn -0.08489999920129776 0.0028035228606313467 -0.99639999866485596
vn -0.87610000371932983 -0.075398318469524384 -0.47610026597976685
vn -0.83710002899169922 -0.10959810763597488 -0.53590041399002075
vn -0.34610000252723694 -0.038696683943271637 -0.93740010261535645
vn -0.39520001411437988 -0.028396755456924438 -0.91820013523101807
vn -0.37020000815391541 -0.024096716195344925 -0.92860007286071777
vn -0.27889999747276306 -0.025296604260802269 -0.96000009775161743
vn -0.080700002610683441 -0.0016964760143309832 -0.9966999888420105
vn -0.57080000638961792 -0.040397100150585175 -0.82010012865066528
vn 0.72740000486373901 0.068302415311336517 -0.68279975652694702
vn 0.28720000386238098 0.047103382647037506 -0.95669984817504883
vn 0.30579999089241028 0.046203359961509705 -0.95099979639053345
vn 0.3919999897480011 0.039403248578310013 -0.91909986734390259
vn -0.0054999999701976776 0.0045035355724394321 -1
vn -0.0046999999321997166 0.0052035357803106308 -1
vn -0.057199999690055847 -0.00039646995719522238 -0.99839997291564941
vn -0.079300001263618469 -0.0009964753407984972 -0.99690002202987671
vn 0.33550000190734863 0.033003330230712891 -0.94149988889694214
vn -0.080700002610683441 -0.0016964760143309832 -0.9966999888420105
vn 0.27959999442100525 0.039603389799594879 -0.95929986238479614
vn 0.33559998869895935 0.032903332263231277 -0.94139987230300903
vn -0.39520001411437988 -0.028396755456924438 -0.91820013523101807
vn -0.34610000252723694 -0.038696683943271637 -0.93740010261535645
vn 0.3919999897480011 0.039403248578310013 -0.91909986734390259
vn 0.30579999089241028 0.046203359961509705 -0.95099979639053345
vn -0.036600001156330109 0.001103533199056983 -0.99930000305175781
vn -0.025800000876188278 0.0029035345651209354 -0.99970000982284546
vn 0.054200001060962677 0.017903529107570648 -0.99839991331100464
vn -0.19509999454021454 -0.021596532315015793 -0.98060005903244019
vn 0.22619999945163727 0.048203438520431519 -0.97289979457855225
vn 0.0044999998062849045 0.010403535328805447 -0.99989992380142212
vn 0.0076000001281499863 0.0090035349130630493 -0.99989992380142212
vn -0.00079999997979030013 0.0058035356923937798 -1
vn -0.039599999785423279 0.0048035332001745701 -0.99919998645782471
vn -0.013000000268220901 0.0078035350888967514 -0.99989998340606689
vn 0.0044999998062849045 0.010403535328805447 -0.99989992380142212
vn 0.21240000426769257 0.049903448671102524 -0.97589981555938721
vn -0.79180002212524414 -0.14219789206981659 -0.59400051832199097
vn -0.71359997987747192 -0.15719757974147797 -0.68270057439804077
vn -0.27120000123977661 -0.052796602249145508 -0.96110016107559204
vn -0.33410000801086426 -0.052596673369407654 -0.94110018014907837
vn -0.049699999392032623 0.0011035314528271556 -0.99879997968673706
vn 0.21240000426769257 0.049903448671102524 -0.97589981555938721
vn 0.0044999998062849045 0.010403535328805447 -0.99989992380142212
vn 0.22619999945163727 0.048203438520431519 -0.97289979457855225
vn -0.86239999532699585 -0.19379834830760956 -0.46770069003105164
vn -0.049699999392032623 0.0011035314528271556 -0.99879997968673706
vn 0.054200001060962677 0.017903529107570648 -0.99839991331100464
vn 0.15389999747276306 0.03580348938703537 -0.9873998761177063
vn 0.21709999442100525 0.040803451091051102 -0.9752998948097229
vn -0.33410000801086426 -0.052596673369407654 -0.94110018014907837
vn -0.27120000123977661 -0.052796602249145508 -0.96110016107559204
vn 0.0062000001780688763 0.0088035352528095245 -0.99989992380142212
vn 0.024599999189376831 0.011303534731268883 -0.99959993362426758
vn 0.027100000530481339 0.013303534127771854 -0.99949991703033447
vn 0.056200001388788223 0.019503530114889145 -0.9981999397277832
vn 0.11129999905824661 0.029403513297438622 -0.99339985847473145
vn -0.18559999763965607 -0.045996528118848801 -0.98150020837783813
vn -0.15729999542236328 -0.047896508127450943 -0.98640018701553345
vn 0.023000000044703484 0.0088035352528095245 -0.99969995021820068
vn 0.0076000001281499863 0.006903535220772028 -0.99989998340606689
vn -0.62529999017715454 -0.16649730503559113 -0.76240056753158569
vn -0.58939999341964722 -0.1829972118139267 -0.78690063953399658
vn -0.15729999542236328 -0.047896508127450943 -0.98640018701553345
vn -0.18559999763965607 -0.045996528118848801 -0.98150020837783813
vn -0.82010000944137573 -0.22139813005924225 -0.52770078182220459
vn -0.79189997911453247 -0.24689802527427673 -0.55850088596343994
vn -0.86239999532699585 -0.19379834830760956 -0.46770069003105164
vn -0.71359997987747192 -0.15719757974147797 -0.68270057439804077
vn -0.27120000123977661 -0.052796602249145508 -0.96110016107559204
vn -0.013000000268220901 0.0078035350888967514 -0.99989998340606689
vn 0.0044999998062849045 0.010403535328805447 -0.99989992380142212
vn 0.0076000001281499863 0.0090035349130630493 -0.99989992380142212
vn -0.025800000876188278 0.0029035345651209354 -0.99970000982284546
vn 0.054200001060962677 0.017903529107570648 -0.99839991331100464
vn -0.27120000123977661 -0.052796602249145508 -0.96110016107559204
vn 0.15389999747276306 0.03580348938703537 -0.9873998761177063
vn -0.59049999713897705 -0.191997230052948 -0.78390073776245117
vn -0.60949999094009399 -0.19709727168083191 -0.76790070533752441
vn -0.1648000031709671 -0.052596516907215118 -0.98490017652511597
vn -0.16019999980926514 -0.05089651420712471 -0.98580020666122437
vn -0.78799998760223389 -0.25639802217483521 -0.55970096588134766
vn -0.80650001764297485 -0.2599981427192688 -0.53100097179412842
vn 0.02630000002682209 0.010803534649312496 -0.99959993362426758
vn 0.029200000688433647 0.01310353446751833 -0.99949991703033447
vn 0.029699999839067459 0.014303534291684628 -0.99949991703033447
vn 0.028999999165534973 0.011703534051775932 -0.99949991703033447
vn -0.16019999980926514 -0.05089651420712471 -0.98580020666122437
vn -0.1648000031709671 -0.052596516907215118 -0.98490017652511597
vn -0.67479997873306274 -0.22019751369953156 -0.70440077781677246
vn -0.19939999282360077 -0.065096542239189148 -0.97780025005340576
vn 0.037099998444318771 0.02020353265106678 -0.9990999698638916
vn 0.034200001507997513 0.022303532809019089 -0.99919992685317993
vn -0.19939999282360077 -0.065096542239189148 -0.97780025005340576
vn -0.75950002670288086 -0.23949785530567169 -0.60480087995529175
vn 0.041099999099969864 0.046903528273105621 -0.99809980392456055
vn 0.039500001817941666 0.044203527271747589 -0.99819982051849365
vn -0.2720000147819519 -0.067896611988544464 -0.95990025997161865
vn -0.2720000147819519 -0.067896611988544464 -0.95990025997161865
vn -0.5374000072479248 0.8432999849319458 2.9816528694937006e-06
vn 0.0023000000510364771 -0.014196464791893959 -0.99990004301071167
vn 0.0037000000011175871 -0.004896464291960001 -1
vn 0.0030000000260770321 0.0041035357862710953 -1
vn 0.0020000000949949026 0.0077035357244312763 -1
vn 0.0015999999595806003 0.0082035353407263756 -1
vn 0.0049000000581145287 -0.013996465131640434 -0.99990004301071167
vn 0.0019000000320374966 -0.016696464270353317 -0.99990004301071167
vn 0.046500001102685928 -0.0092964675277471542 -0.99890005588531494
vn 0.015799999237060547 -0.026896467432379723 -0.9995000958442688
vn -0.00039999998989515007 0.0065035359002649784 -1
vn 0.97070002555847168 -0.098300784826278687 0.21929965913295746
vn 0.97130000591278076 -0.091200783848762512 0.21959969401359558
vn 0.78299999237060547 0.60669952630996704 0.13750214874744415
vn 0.77079999446868896 0.62299954891204834 0.13310219347476959
vn 0.63249999284744263 -0.76940029859542847 0.089697279036045074
vn 0.6478000283241272 -0.7560003399848938 0.093897335231304169
vn 0.14650000631809235 0.98919999599456787 3.4975109883816913e-06
vn 0.15469999611377716 0.98799997568130493 3.4932681955979206e-06
vn 0.15469999611377716 0.98799997568130493 3.4932681955979206e-06
vn 0.15510000288486481 0.9879000186920166 3.4929148569062818e-06
vn 0.15430000424385071 0.98799997568130493 3.4932681955979206e-06
vn 0 3.5356965781829786e-06 -1
vn 0 3.5356965781829786e-06 -1
vn 0 3.5356965781829786e-06 -1
vn 0 3.5356965781829786e-06 -1
vn 0 3.5356965781829786e-06 -1
vn 0 3.5356965781829786e-06 -1
vn 0 3.5356965781829786e-06 -1
vn 0 3.5356965781829786e-06 -1
vn 0 3.5356965781829786e-06 -1
vn 0 3.5356965781829786e-06 -1
vn 0 3.5356965781829786e-06 -1
vn 0 3.5356965781829786e-06 -1
f 1/1/1 2/2/2 3/3/3
f 1/1/1 3/3/3 4/4/4
f 5/5/5 6/6/6 7/7/7
f 8/8/8 9/9/9 10/10/10
f 8/8/8 10/10/10 11/11/11
f 12/12/12 13/13/13 2/2/2
f 12/12/12 2/2/2 1/1/1
f 11/11/11 10/10/10 13/13/13
f 11/11/11 13/13/13 12/12/12
f 4/4/4 3/3/3 14/14/14
f 4/4/4 14/14/14 15/15/15
f 15/15/15 14/14/14 16/16/16
f 15/15/15 16/16/16 17/17/17
f 17/17/17 16/16/16 18/18/18
f 17/17/17 18/18/18 19/19/19
f 19/19/19 18/18/18 20/20/20
f 19/19/19 20/20/20 21/21/21
f 21/21/21 20/20/20 22/22/22
f 21/21/21 22/22/22 23/23/23
f 23/23/23 22/22/22 24/24/24
f 23/23/23 24/24/24 25/25/25
f 25/25/25 24/24/24 26/26/26
f 25/25/25 26/26/26 27/27/27
f 27/27/27 26/26/26 28/28/28
f 27/27/27 28/28/28 29/29/29
f 29/29/29 28/28/28 30/30/30
f 29/29/29 30/30/30 31/31/31
f 31/31/31 30/30/30 32/32/32
f 31/31/31 32/32/32 33/33/33
f 33/33/33 32/32/32 34/34/34
f 33/33/33 34/34/34 35/35/35
f 34/34/34 36/36/36 35/35/35
f 36/36/36 34/34/34 37/37/37
f 7/7/7 6/6/6 38/38/38
f 7/7/7 38/38/38 39/39/39
f 40/40/40 41/41/41 6/6/6
f 40/40/40 6/6/6 5/5/5
f 42/42/42 43/43/43 41/41/41
f 42/42/42 41/41/41 40/40/40
f 44/44/44 45/45/45 43/43/43
f 44/44/44 43/43/43 42/42/42
f 9/9/9 8/8/8 45/45/45
f 9/9/9 45/45/45 44/44/44
f 39/39/39 38/38/38 46/46/46
f 39/39/39 46/46/46 47/47/47
f 37/37/37 34/34/34 48/48/48
f 49/49/49 50/50/50 51/51/51
f 49/49/49 51/51/51 52/52/52
f 53/53/53 54/54/54 55/55/55
f 53/53/53 55/55/55 56/56/56
f 47/47/47 46/46/46 57/57/57
f 58/58/58 59/59/59 60/60/60
f 58/58/58 60/60/60 61/61/61
f 59/59/59 62/62/62 63/63/63
f 59/59/59 63/63/63 60/60/60
f 64/64/64 65/65/65 66/66/66
f 64/64/64 66/66/66 67/67/67
f 62/62/62 67/67/67 66/66/66
f 62/62/62 66/66/66 63/63/63
f 68/68/68 69/69/69 70/70/70
f 68/68/68 70/70/70 71/71/71
f 72/72/72 73/73/73 74/74/74
f 72/72/72 74/74/74 75/75/75
f 76/76/76 77/77/77 78/78/78
f 76/76/76 78/78/78 79/79/79
f 76/76/76 80/80/80 81/81/81
f 76/76/76 81/81/81 82/82/82
f 83/83/83 79/79/79 78/78/78
f 83/83/83 78/78/78 84/84/84
f 85/85/85 86/86/86 87/87/87
f 85/85/85 87/87/87 88/88/88
f 80/80/80 89/89/89 81/81/81
f 90/90/90 91/91/91 92/92/92
f 73/73/73 92/92/92 74/74/74
f 93/93/93 74/74/74 92/92/92
f 93/93/93 92/92/92 91/91/91
f 94/94/94 93/93/93 91/91/91
f 94/94/94 91/91/91 95/95/95
f 96/96/96 94/94/94 95/95/95
f 96/96/96 95/95/95 97/97/97
f 98/98/98 96/96/96 97/97/97
f 98/98/98 97/97/97 99/99/99
f 100/100/100 98/98/98 99/99/99
f 100/100/100 99/99/99 101/101/101
f 102/102/102 100/100/100 101/101/101
f 102/102/102 101/101/101 103/103/103
f 104/104/104 102/102/102 103/103/103
f 104/104/104 103/103/103 105/105/105
f 106/106/106 107/107/107 108/108/108
f 106/106/106 108/108/108 109/109/109
f 107/107/107 110/110/110 111/111/111
f 107/107/107 111/111/111 108/108/108
f 110/110/110 112/112/112 113/113/113
f 110/110/110 113/113/113 111/111/111
f 112/112/112 114/114/114 115/115/115
f 112/112/112 115/115/115 113/113/113
f 114/114/114 116/116/116 117/117/117
f 114/114/114 117/117/117 115/115/115
f 116/116/116 118/118/118 119/119/119
f 116/116/116 119/119/119 117/117/117
f 118/118/118 120/120/120 121/121/121
f 118/118/118 121/121/121 119/119/119
f 120/120/120 122/122/122 123/123/123
f 120/120/120 123/123/123 121/121/121
f 122/122/122 124/124/124 125/125/125
f 122/122/122 125/125/125 123/123/123
f 124/124/124 126/126/126 127/127/127
f 124/124/124 127/127/127 125/125/125
f 126/126/126 128/128/128 129/129/129
f 126/126/126 129/129/129 127/127/127
f 128/128/128 130/130/130 131/131/131
f 128/128/128 131/131/131 129/129/129
f 130/130/130 132/132/132 133/133/133
f 130/130/130 133/133/133 131/131/131
f 132/132/132 134/134/134 135/135/135
f 132/132/132 135/135/135 133/133/133
f 134/134/134 136/136/136 137/137/137
f 134/134/134 137/137/137 135/135/135
f 136/136/136 138/138/138 139/139/139
f 136/136/136 139/139/139 137/137/137
f 138/138/138 140/140/140 141/141/141
f 138/138/138 141/141/141 139/139/139
f 140/140/140 142/142/142 143/143/143
f 140/140/140 143/143/143 141/141/141
f 144/144/144 145/145/145 146/146/146
f 147/147/147 148/148/148 149/149/149
f 149/149/149 148/148/148 150/150/150
f 151/151/151 152/152/152 153/153/153
f 154/154/154 155/155/155 156/156/156
f 157/157/157 158/158/158 159/159/159
f 157/157/157 159/159/159 160/160/160
f 161/161/161 162/162/162 158/158/158
f 161/161/161 158/158/158 157/157/157
f 163/163/163 164/164/164 162/162/162
f 163/163/163 162/162/162 161/161/161
f 165/165/165 166/166/166 164/164/164
f 165/165/165 164/164/164 163/163/163
f 167/167/167 168/168/168 166/166/166
f 167/167/167 166/166/166 165/165/165
f 169/169/169 170/170/170 168/168/168
f 169/169/169 168/168/168 167/167/167
f 171/171/171 172/172/172 170/170/170
f 171/171/171 170/170/170 169/169/169
f 173/173/173 174/174/174 172/172/172
f 173/173/173 172/172/172 171/171/171
f 175/175/175 176/176/176 174/174/174
f 175/175/175 174/174/174 173/173/173
f 177/177/177 178/178/178 176/176/176
f 177/177/177 176/176/176 175/175/175
f 179/179/179 180/180/180 178/178/178
f 179/179/179 178/178/178 177/177/177
f 181/181/181 182/182/182 180/180/180
f 181/181/181 180/180/180 179/179/179
f 183/183/183 184/184/184 182/182/182
f 183/183/183 182/182/182 181/181/181
f 185/185/185 186/186/186 184/184/184
f 185/185/185 184/184/184 183/183/183
f 145/145/145 187/187/187 186/186/186
f 145/145/145 186/186/186 185/185/185
f 144/144/144 187/187/187 145/145/145
f 188/188/188 189/189/189 190/190/190
f 191/191/191 189/189/189 192/192/192
f 193/193/193 189/189/189 194/194/194
f 147/147/147 189/189/189 188/188/188
f 195/195/195 189/189/189 191/191/191
f 196/196/196 189/189/189 193/193/193
f 194/194/194 189/189/189 149/149/149
f 197/197/197 189/189/189 195/195/195
f 198/198/198 189/189/189 196/196/196
f 199/199/199 189/189/189 197/197/197
f 200/200/200 189/189/189 198/198/198
f 201/201/201 189/189/189 199/199/199
f 202/202/202 189/189/189 200/200/200
f 203/203/203 189/189/189 201/201/201
f 204/204/204 189/189/189 202/202/202
f 149/149/149 189/189/189 147/147/147
f 190/190/190 189/189/189 203/203/203
f 192/192/192 189/189/189 204/204/204
f 205/205/205 206/206/206 207/207/207
f 205/205/205 207/207/207 208/208/208
f 209/209/209 210/210/210 211/211/211
f 209/209/209 211/211/211 212/212/212
f 213/213/213 214/214/214 215/215/215
f 213/213/213 215/215/215 216/216/216
f 217/217/217 218/218/218 219/219/219
f 217/217/217 219/219/219 220/220/220
f 218/218/218 205/205/205 208/208/208
f 218/218/218 208/208/208 219/219/219
f 210/210/210 213/213/213 216/216/216
f 210/210/210 216/216/216 211/211/211
f 214/214/214 217/217/217 220/220/220
f 214/214/214 220/220/220 215/215/215
f 206/206/206 221/221/221 222/222/222
f 206/206/206 222/222/222 207/207/207
f 223/223/223 209/209/209 212/212/212
f 223/223/223 212/212/212 224/224/224
f 225/225/225 223/223/223 224/224/224
f 225/225/225 224/224/224 226/226/226
f 227/227/227 225/225/225 226/226/226
f 227/227/227 226/226/226 228/228/228
f 229/229/229 227/227/227 228/228/228
f 229/229/229 228/228/228 230/230/230
f 231/231/231 229/229/229 230/230/230
f 231/231/231 230/230/230 232/232/232
f 233/233/233 231/231/231 232/232/232
f 233/233/233 232/232/232 234/234/234
f 235/235/235 58/58/58 61/61/61
f 235/235/235 61/61/61 236/236/236
f 237/237/237 238/238/238 222/222/222
f 237/237/237 222/222/222 221/221/221
f 237/237/237 239/239/239 238/238/238
f 235/235/235 236/236/236 238/238/238
f 235/235/235 238/238/238 239/239/239
f 240/240/240 241/241/241 242/242/242
f 240/240/240 242/242/242 243/243/243
f 240/240/240 233/233/233 234/234/234
f 240/240/240 234/234/234 241/241/241
f 244/244/244 245/245/245 246/246/246
f 244/244/244 246/246/246 247/247/247
f 248/248/248 249/249/249 250/250/250
f 248/248/248 250/250/250 251/251/251
f 252/252/252 253/253/253 254/254/254
f 252/252/252 254/254/254 255/255/255
f 256/256/256 257/257/257 258/258/258
f 256/256/256 258/258/258 259/259/259
f 260/260/260 261/261/261 262/262/262
f 260/260/260 262/262/262 263/263/263
f 264/264/264 265/265/265 266/266/266
f 264/264/264 266/266/266 267/267/267
f 268/268/268 269/269/269 270/270/270
f 268/268/268 270/270/270 271/271/271
f 269/269/269 272/272/272 273/273/273
f 269/269/269 273/273/273 270/270/270
f 274/274/274 275/275/275 276/276/276
f 274/274/274 276/276/276 277/277/277
f 278/278/278 279/279/279 280/280/280
f 278/278/278 280/280/280 281/281/281
f 282/282/282 283/283/283 272/272/272
f 282/282/282 272/272/272 269/269/269
f 284/284/284 285/285/285 286/286/286
f 284/284/284 286/286/286 280/280/280
f 287/287/287 288/288/288 289/289/289
f 287/287/287 289/289/289 290/290/290
f 291/291/291 292/292/292 293/293/293
f 291/291/291 293/293/293 294/294/294
f 249/249/249 287/287/287 290/290/290
f 249/249/249 290/290/290 250/250/250
f 253/253/253 295/295/295 296/296/296
f 253/253/253 296/296/296 297/297/297
f 298/298/298 299/299/299 300/300/300
f 298/298/298 300/300/300 301/301/301
f 302/302/302 303/303/303 304/304/304
f 302/302/302 304/304/304 305/305/305
f 306/306/306 307/307/307 308/308/308
f 306/306/306 308/308/308 309/309/309
f 310/310/310 311/311/311 312/312/312
f 310/310/310 312/312/312 313/313/313
f 303/303/303 314/314/314 315/315/315
f 303/303/303 315/315/315 304/304/304
f 316/316/316 317/317/317 318/318/318
f 316/316/316 318/318/318 319/319/319
f 320/320/320 321/321/321 322/322/322
f 320/320/320 322/322/322 323/323/323
f 307/307/307 324/324/324 325/325/325
f 307/307/307 325/325/325 308/308/308
f 326/326/326 316/316/316 319/319/319
f 326/326/326 319/319/319 327/327/327
f 328/328/328 329/329/329 330/330/330
f 328/328/328 330/330/330 331/331/331
f 332/332/332 320/320/320 323/323/323
f 332/332/332 323/323/323 333/333/333
f 321/321/321 326/326/326 327/327/327
f 321/321/321 327/327/327 322/322/322
f 317/317/317 334/334/334 318/318/318
f 314/314/314 332/332/332 333/333/333
f 314/314/314 333/333/333 315/315/315
f 324/324/324 335/335/335 336/336/336
f 324/324/324 336/336/336 325/325/325
f 311/311/311 337/337/337 338/338/338
f 311/311/311 338/338/338 312/312/312
f 334/334/334 339/339/339 340/340/340
f 334/334/334 340/340/340 318/318/318
f 337/337/337 341/341/341 342/342/342
f 337/337/337 342/342/342 338/338/338
f 329/329/329 306/306/306 309/309/309
f 329/329/329 309/309/309 330/330/330
f 335/335/335 310/310/310 313/313/313
f 335/335/335 313/313/313 336/336/336
f 341/341/341 302/302/302 305/305/305
f 341/341/341 305/305/305 342/342/342
f 343/343/343 256/256/256 259/259/259
f 343/343/343 259/259/259 344/344/344
f 292/292/292 345/345/345 346/346/346
f 292/292/292 346/346/346 293/293/293
f 347/347/347 282/282/282 269/269/269
f 347/347/347 269/269/269 268/268/268
f 348/348/348 349/349/349 265/265/265
f 348/348/348 265/265/265 264/264/264
f 350/350/350 351/351/351 261/261/261
f 350/350/350 261/261/261 260/260/260
f 352/352/352 348/348/348 264/264/264
f 352/352/352 264/264/264 353/353/353
f 354/354/354 355/355/355 245/245/245
f 354/354/354 245/245/245 244/244/244
f 356/356/356 357/357/357 340/340/340
f 356/356/356 340/340/340 339/339/339
f 272/272/272 283/283/283 358/358/358
f 272/272/272 358/358/358 359/359/359
f 360/360/360 361/361/361 362/362/362
f 360/360/360 362/362/362 363/363/363
f 364/364/364 272/272/272 359/359/359
f 345/345/345 361/361/361 360/360/360
f 345/345/345 360/360/360 346/346/346
f 297/297/297 254/254/254 253/253/253
f 273/273/273 272/272/272 364/364/364
f 365/365/365 353/353/353 264/264/264
f 365/365/365 264/264/264 267/267/267
f 366/366/366 367/367/367 368/368/368
f 366/366/366 368/368/368 369/369/369
f 370/370/370 371/371/371 367/367/367
f 370/370/370 367/367/367 366/366/366
f 372/372/372 373/373/373 371/371/371
f 372/372/372 371/371/371 370/370/370
f 374/374/374 375/375/375 376/376/376
f 374/374/374 376/376/376 377/377/377
f 378/378/378 379/379/379 375/375/375
f 378/378/378 375/375/375 374/374/374
f 380/380/380 381/381/381 373/373/373
f 380/380/380 373/373/373 372/372/372
f 369/369/369 368/368/368 379/379/379
f 369/369/369 379/379/379 378/378/378
f 382/382/382 296/296/296 295/295/295
f 382/382/382 295/295/295 383/383/383
f 384/384/384 385/385/385 386/386/386
f 384/384/384 386/386/386 387/387/387
f 387/387/387 386/386/386 388/388/388
f 387/387/387 388/388/388 389/389/389
f 390/390/390 391/391/391 392/392/392
f 390/390/390 392/392/392 393/393/393
f 394/394/394 395/395/395 391/391/391
f 394/394/394 391/391/391 390/390/390
f 389/389/389 388/388/388 396/396/396
f 389/389/389 396/396/396 397/397/397
f 393/393/393 392/392/392 385/385/385
f 393/393/393 385/385/385 384/384/384
f 382/382/382 383/383/383 397/397/397
f 382/382/382 397/397/397 396/396/396
f 398/398/398 382/382/382 396/396/396
f 399/399/399 400/400/400 285/285/285
f 399/399/399 285/285/285 284/284/284
f 401/401/401 402/402/402 279/279/279
f 401/401/401 279/279/279 278/278/278
f 403/403/403 404/404/404 405/405/405
f 403/403/403 405/405/405 406/406/406
f 407/407/407 408/408/408 409/409/409
f 407/407/407 409/409/409 410/410/410
f 403/403/403 406/406/406 411/411/411
f 411/411/411 406/406/406 412/412/412
f 411/411/411 412/412/412 413/413/413
f 406/406/406 405/405/405 414/414/414
f 406/406/406 414/414/414 412/412/412
f 410/410/410 409/409/409 415/415/415
f 410/410/410 415/415/415 416/416/416
f 281/281/281 280/280/280 404/404/404
f 281/281/281 404/404/404 403/403/403
f 280/280/280 286/286/286 408/408/408
f 280/280/280 408/408/408 407/407/407
f 417/417/417 418/418/418 419/419/419
f 417/417/417 419/419/419 420/420/420
f 421/421/421 422/422/422 423/423/423
f 421/421/421 423/423/423 424/424/424
f 418/418/418 425/425/425 426/426/426
f 418/418/418 426/426/426 419/419/419
f 412/412/412 414/414/414 425/425/425
f 412/412/412 425/425/425 418/418/418
f 416/416/416 415/415/415 422/422/422
f 416/416/416 422/422/422 421/421/421
f 413/413/413 412/412/412 418/418/418
f 413/413/413 418/418/418 417/417/417
f 426/426/426 425/425/425 421/421/421
f 426/426/426 421/421/421 424/424/424
f 405/405/405 404/404/404 407/407/407
f 405/405/405 407/407/407 410/410/410
f 425/425/425 414/414/414 416/416/416
f 425/425/425 416/416/416 421/421/421
f 404/404/404 280/280/280 407/407/407
f 414/414/414 405/405/405 410/410/410
f 414/414/414 410/410/410 416/416/416
f 364/364/364 359/359/359 353/353/353
f 364/364/364 353/353/353 365/365/365
f 358/358/358 352/352/352 353/353/353
f 358/358/358 353/353/353 359/359/359
f 427/427/427 428/428/428 429/429/429
f 427/427/427 429/429/429 430/430/430
f 299/299/299 252/252/252 255/255/255
f 299/299/299 255/255/255 300/300/300
f 362/362/362 248/248/248 251/251/251
f 362/362/362 251/251/251 363/363/363
f 71/71/71 70/70/70 65/65/65
f 71/71/71 65/65/65 64/64/64
f 424/424/424 423/423/423 431/431/431
f 424/424/424 431/431/431 432/432/432
f 426/426/426 424/424/424 432/432/432
f 426/426/426 432/432/432 433/433/433
f 419/419/419 426/426/426 433/433/433
f 419/419/419 433/433/433 434/434/434
f 420/420/420 419/419/419 434/434/434
f 420/420/420 434/434/434 435/435/435
f 436/436/436 437/437/437 438/438/438
f 436/436/436 438/438/438 439/439/439
f 440/440/440 441/441/441 442/442/442
f 440/440/440 442/442/442 443/443/443
f 441/441/441 444/444/444 445/445/445
f 441/441/441 445/445/445 442/442/442
f 446/446/446 447/447/447 448/448/448
f 446/446/446 448/448/448 449/449/449
f 328/328/328 331/331/331 450/450/450
f 450/450/450 451/451/451 328/328/328
f 452/452/452 328/328/328 451/451/451
f 432/432/432 431/431/431 453/453/453
f 432/432/432 453/453/453 454/454/454
f 433/433/433 432/432/432 454/454/454
f 433/433/433 454/454/454 455/455/455
f 456/456/456 457/457/457 455/455/455
f 456/456/456 455/455/455 454/454/454
f 456/456/456 454/454/454 453/453/453
f 456/456/456 453/453/453 458/458/458
f 459/459/459 460/460/460 461/461/461
f 461/461/461 460/460/460 433/433/433
f 433/433/433 460/460/460 434/434/434
f 460/460/460 462/462/462 435/435/435
f 460/460/460 435/435/435 434/434/434
f 463/463/463 452/452/452 464/464/464
f 344/344/344 465/465/465 343/343/343
f 451/451/451 464/464/464 452/452/452
f 466/466/466 467/467/467 468/468/468
f 466/466/466 468/468/468 469/469/469
f 450/450/450 331/331/331 470/470/470
f 471/471/471 472/472/472 473/473/473
f 471/471/471 473/473/473 474/474/474
f 475/475/475 466/466/466 469/469/469
f 475/475/475 469/469/469 476/476/476
f 477/477/477 478/478/478 479/479/479
f 477/477/477 479/479/479 480/480/480
f 481/481/481 482/482/482 483/483/483
f 481/481/481 483/483/483 484/484/484
f 485/485/485 486/486/486 275/275/275
f 485/485/485 275/275/275 274/274/274
f 487/487/487 488/488/488 257/257/257
f 487/487/487 257/257/257 256/256/256
f 472/472/472 440/440/440 443/443/443
f 472/472/472 443/443/443 473/473/473
f 444/444/444 489/489/489 490/490/490
f 444/444/444 490/490/490 445/445/445
f 489/489/489 475/475/475 476/476/476
f 489/489/489 476/476/476 490/490/490
f 467/467/467 436/436/436 439/439/439
f 467/467/467 439/439/439 468/468/468
f 491/491/491 492/492/492 493/493/493
f 491/491/491 493/493/493 494/494/494
f 259/259/259 258/258/258 402/402/402
f 259/259/259 402/402/402 401/401/401
f 486/486/486 485/485/485 400/400/400
f 486/486/486 400/400/400 399/399/399
f 344/344/344 259/259/259 401/401/401
f 344/344/344 401/401/401 495/495/495
f 361/361/361 345/345/345 496/496/496
f 497/497/497 498/498/498 499/499/499
f 497/497/497 499/499/499 500/500/500
f 501/501/501 502/502/502 503/503/503
f 501/501/501 503/503/503 504/504/504
f 428/428/428 505/505/505 506/506/506
f 428/428/428 506/506/506 429/429/429
f 507/507/507 477/477/477 480/480/480
f 507/507/507 480/480/480 508/508/508
f 482/482/482 471/471/471 474/474/474
f 482/482/482 474/474/474 483/483/483
f 495/495/495 509/509/509 344/344/344
f 510/510/510 511/511/511 512/512/512
f 510/510/510 512/512/512 513/513/513
f 498/498/498 514/514/514 515/515/515
f 498/498/498 515/515/515 499/499/499
f 516/516/516 517/517/517 518/518/518
f 516/516/516 518/518/518 519/519/519
f 520/520/520 521/521/521 522/522/522
f 520/520/520 522/522/522 523/523/523
f 521/521/521 524/524/524 525/525/525
f 521/521/521 525/525/525 522/522/522
f 526/526/526 527/527/527 528/528/528
f 526/526/526 528/528/528 529/529/529
f 530/530/530 531/531/531 532/532/532
f 530/530/530 532/532/532 503/503/503
f 533/533/533 534/534/534 530/530/530
f 518/518/518 517/517/517 526/526/526
f 518/518/518 526/526/526 529/529/529
f 535/535/535 536/536/536 527/527/527
f 535/535/535 527/527/527 526/526/526
f 537/537/537 538/538/538 524/524/524
f 537/537/537 524/524/524 521/521/521
f 539/539/539 537/537/537 521/521/521
f 539/539/539 521/521/521 520/520/520
f 540/540/540 502/502/502 517/517/517
f 540/540/540 517/517/517 516/516/516
f 541/541/541 542/542/542 543/543/543
f 541/541/541 543/543/543 544/544/544
f 545/545/545 546/546/546 547/547/547
f 545/545/545 547/547/547 548/548/548
f 549/549/549 541/541/541 544/544/544
f 549/549/549 544/544/544 550/550/550
f 551/551/551 552/552/552 553/553/553
f 551/551/551 553/553/553 554/554/554
f 552/552/552 555/555/555 556/556/556
f 552/552/552 556/556/556 553/553/553
f 542/542/542 557/557/557 543/543/543
f 558/558/558 559/559/559 560/560/560
f 558/558/558 560/560/560 561/561/561
f 543/543/543 562/562/562 544/544/544
f 529/529/529 528/528/528 557/557/557
f 529/529/529 557/557/557 542/542/542
f 522/522/522 525/525/525 555/555/555
f 522/522/522 555/555/555 552/552/552
f 523/523/523 522/522/522 552/552/552
f 523/523/523 552/552/552 551/551/551
f 519/519/519 518/518/518 541/541/541
f 519/519/519 541/541/541 549/549/549
f 518/518/518 529/529/529 542/542/542
f 518/518/518 542/542/542 541/541/541
f 546/546/546 563/563/563 564/564/564
f 546/546/546 564/564/564 547/547/547
f 559/559/559 565/565/565 566/566/566
f 559/559/559 566/566/566 560/560/560
f 544/544/544 562/562/562 565/565/565
f 544/544/544 565/565/565 559/559/559
f 553/553/553 556/556/556 563/563/563
f 553/553/553 563/563/563 546/546/546
f 550/550/550 544/544/544 559/559/559
f 550/550/550 559/559/559 558/558/558
f 554/554/554 553/553/553 546/546/546
f 554/554/554 546/546/546 545/545/545
f 556/556/556 550/550/550 558/558/558
f 556/556/556 558/558/558 563/563/563
f 525/525/525 519/519/519 549/549/549
f 525/525/525 549/549/549 555/555/555
f 563/563/563 558/558/558 561/561/561
f 563/563/563 561/561/561 564/564/564
f 555/555/555 549/549/549 550/550/550
f 555/555/555 550/550/550 556/556/556
f 538/538/538 540/540/540 516/516/516
f 538/538/538 516/516/516 524/524/524
f 514/514/514 567/567/567 568/568/568
f 514/514/514 568/568/568 515/515/515
f 524/524/524 516/516/516 519/519/519
f 524/524/524 519/519/519 525/525/525
f 566/566/566 569/569/569 560/560/560
f 561/561/561 560/560/560 569/569/569
f 561/561/561 569/569/569 570/570/570
f 564/564/564 561/561/561 570/570/570
f 564/564/564 570/570/570 571/571/571
f 547/547/547 564/564/564 571/571/571
f 571/571/571 572/572/572 547/547/547
f 548/548/548 547/547/547 572/572/572
f 548/548/548 572/572/572 573/573/573
f 570/570/570 569/569/569 574/574/574
f 570/570/570 574/574/574 575/575/575
f 570/570/570 575/575/575 571/571/571
f 571/571/571 575/575/575 576/576/576
f 571/571/571 576/576/576 572/572/572
f 573/573/573 572/572/572 576/576/576
f 573/573/573 576/576/576 577/577/577
f 578/578/578 579/579/579 567/567/567
f 578/578/578 567/567/567 514/514/514
f 580/580/580 533/533/533 530/530/530
f 580/580/580 530/530/530 581/581/581
f 580/580/580 582/582/582 583/583/583
f 580/580/580 583/583/583 533/533/533
f 579/579/579 581/581/581 530/530/530
f 579/579/579 530/530/530 567/567/567
f 584/584/584 578/578/578 514/514/514
f 584/584/584 514/514/514 498/498/498
f 585/585/585 584/584/584 498/498/498
f 585/585/585 498/498/498 497/497/497
f 515/515/515 568/568/568 540/540/540
f 515/515/515 540/540/540 538/538/538
f 567/567/567 530/530/530 503/503/503
f 567/567/567 503/503/503 568/568/568
f 500/500/500 499/499/499 537/537/537
f 500/500/500 537/537/537 539/539/539
f 499/499/499 515/515/515 538/538/538
f 499/499/499 538/538/538 537/537/537
f 517/517/517 502/502/502 535/535/535
f 517/517/517 535/535/535 526/526/526
f 502/502/502 586/586/586 535/535/535
f 568/568/568 503/503/503 502/502/502
f 568/568/568 502/502/502 540/540/540
f 88/88/88 53/53/53 56/56/56
f 88/88/88 56/56/56 85/85/85
f 51/51/51 83/83/83 84/84/84
f 51/51/51 84/84/84 52/52/52
f 587/587/587 588/588/588 589/589/589
f 587/587/587 589/589/589 590/590/590
f 591/591/591 592/592/592 593/593/593
f 591/591/591 593/593/593 594/594/594
f 592/592/592 595/595/595 596/596/596
f 592/592/592 596/596/596 593/593/593
f 590/590/590 589/589/589 597/597/597
f 590/590/590 597/597/597 598/598/598
f 594/594/594 593/593/593 599/599/599
f 594/594/594 599/599/599 600/600/600
f 593/593/593 596/596/596 601/601/601
f 593/593/593 601/601/601 599/599/599
f 598/598/598 597/597/597 602/602/602
f 598/598/598 602/602/602 603/603/603
f 599/599/599 601/601/601 604/604/604
f 599/599/599 604/604/604 605/605/605
f 600/600/600 599/599/599 605/605/605
f 600/600/600 605/605/605 606/606/606
f 607/607/607 602/602/602 597/597/597
f 608/608/608 609/609/609 610/610/610
f 608/608/608 610/610/610 611/611/611
f 611/611/611 610/610/610 612/612/612
f 611/611/611 612/612/612 613/613/613
f 613/613/613 612/612/612 614/614/614
f 613/613/613 614/614/614 615/615/615
f 76/76/76 82/82/82 77/77/77
f 55/55/55 54/54/54 89/89/89
f 55/55/55 89/89/89 80/80/80
f 616/616/616 617/617/617 618/618/618
f 616/616/616 618/618/618 619/619/619
f 620/620/620 621/621/621 622/622/622
f 620/620/620 622/622/622 623/623/623
f 624/624/624 625/625/625 626/626/626
f 624/624/624 626/626/626 627/627/627
f 628/628/628 629/629/629 630/630/630
f 628/628/628 630/630/630 631/631/631
f 632/632/632 633/633/633 634/634/634
f 632/632/632 634/634/634 635/635/635
f 621/621/621 636/636/636 637/637/637
f 621/621/621 637/637/637 622/622/622
f 617/617/617 638/638/638 639/639/639
f 617/617/617 639/639/639 618/618/618
f 640/640/640 641/641/641 642/642/642
f 640/640/640 642/642/642 643/643/643
f 633/633/633 640/640/640 643/643/643
f 633/633/633 643/643/643 634/634/634
f 644/644/644 632/632/632 635/635/635
f 644/644/644 635/635/635 645/645/645
f 646/646/646 647/647/647 632/632/632
f 646/646/646 632/632/632 644/644/644
f 648/648/648 649/649/649 640/640/640
f 648/648/648 640/640/640 633/633/633
f 649/649/649 650/650/650 641/641/641
f 649/649/649 641/641/641 640/640/640
f 605/605/605 604/604/604 638/638/638
f 605/605/605 638/638/638 617/617/617
f 602/602/602 607/607/607 636/636/636
f 602/602/602 636/636/636 621/621/621
f 647/647/647 648/648/648 633/633/633
f 647/647/647 633/633/633 632/632/632
f 615/615/615 614/614/614 629/629/629
f 615/615/615 629/629/629 628/628/628
f 651/651/651 652/652/652 625/625/625
f 651/651/651 625/625/625 624/624/624
f 603/603/603 602/602/602 621/621/621
f 603/603/603 621/621/621 620/620/620
f 606/606/606 605/605/605 617/617/617
f 606/606/606 617/617/617 616/616/616
f 653/653/653 654/654/654 655/655/655
f 653/653/653 655/655/655 656/656/656
f 657/657/657 658/658/658 659/659/659
f 657/657/657 659/659/659 660/660/660
f 661/661/661 662/662/662 663/663/663
f 661/661/661 663/663/663 664/664/664
f 665/665/665 666/666/666 667/667/667
f 665/665/665 667/667/667 668/668/668
f 658/658/658 669/669/669 670/670/670
f 658/658/658 670/670/670 659/659/659
f 671/671/671 657/657/657 660/660/660
f 671/671/671 660/660/660 672/672/672
f 666/666/666 673/673/673 674/674/674
f 666/666/666 674/674/674 667/667/667
f 654/654/654 675/675/675 676/676/676
f 654/654/654 676/676/676 655/655/655
f 669/669/669 677/677/677 678/678/678
f 669/669/669 678/678/678 670/670/670
f 679/679/679 680/680/680 681/681/681
f 679/679/679 681/681/681 682/682/682
f 683/683/683 684/684/684 680/680/680
f 683/683/683 680/680/680 679/679/679
f 685/685/685 686/686/686 677/677/677
f 685/685/685 677/677/677 669/669/669
f 687/687/687 688/688/688 675/675/675
f 687/687/687 675/675/675 654/654/654
f 689/689/689 690/690/690 673/673/673
f 689/689/689 673/673/673 666/666/666
f 691/691/691 692/692/692 657/657/657
f 691/691/691 657/657/657 671/671/671
f 693/693/693 685/685/685 669/669/669
f 693/693/693 669/669/669 658/658/658
f 694/694/694 689/689/689 666/666/666
f 694/694/694 666/666/666 665/665/665
f 695/695/695 696/696/696 662/662/662
f 695/695/695 662/662/662 661/661/661
f 692/692/692 693/693/693 658/658/658
f 692/692/692 658/658/658 657/657/657
f 697/697/697 687/687/687 654/654/654
f 697/697/697 654/654/654 653/653/653
f 698/698/698 699/699/699 700/700/700
f 698/698/698 700/700/700 701/701/701
f 702/702/702 703/703/703 704/704/704
f 702/702/702 704/704/704 705/705/705
f 706/706/706 707/707/707 708/708/708
f 706/706/706 708/708/708 709/709/709
f 699/699/699 710/710/710 711/711/711
f 699/699/699 711/711/711 700/700/700
f 712/712/712 713/713/713 714/714/714
f 712/712/712 714/714/714 715/715/715
f 703/703/703 716/716/716 717/717/717
f 703/703/703 717/717/717 704/704/704
f 718/718/718 719/719/719 720/720/720
f 718/718/718 720/720/720 721/721/721
f 722/722/722 712/712/712 715/715/715
f 722/722/722 715/715/715 723/723/723
f 707/707/707 702/702/702 705/705/705
f 707/707/707 705/705/705 708/708/708
f 724/724/724 725/725/725 726/726/726
f 724/724/724 726/726/726 727/727/727
f 664/664/664 663/663/663 725/725/725
f 664/664/664 725/725/725 724/724/724
f 660/660/660 659/659/659 702/702/702
f 660/660/660 702/702/702 707/707/707
f 656/656/656 655/655/655 712/712/712
f 656/656/656 712/712/712 722/722/722
f 682/682/682 681/681/681 719/719/719
f 682/682/682 719/719/719 718/718/718
f 670/670/670 678/678/678 716/716/716
f 670/670/670 716/716/716 703/703/703
f 655/655/655 676/676/676 713/713/713
f 655/655/655 713/713/713 712/712/712
f 667/667/667 674/674/674 710/710/710
f 667/667/667 710/710/710 699/699/699
f 672/672/672 660/660/660 707/707/707
f 672/672/672 707/707/707 706/706/706
f 659/659/659 670/670/670 703/703/703
f 659/659/659 703/703/703 702/702/702
f 668/668/668 667/667/667 699/699/699
f 668/668/668 699/699/699 698/698/698
f 728/728/728 729/729/729 730/730/730
f 728/728/728 730/730/730 731/731/731
f 732/732/732 733/733/733 734/734/734
f 732/732/732 734/734/734 735/735/735
f 736/736/736 737/737/737 738/738/738
f 736/736/736 738/738/738 739/739/739
f 740/740/740 741/741/741 742/742/742
f 740/740/740 742/742/742 743/743/743
f 733/733/733 744/744/744 745/745/745
f 733/733/733 745/745/745 734/734/734
f 746/746/746 732/732/732 735/735/735
f 746/746/746 735/735/735 747/747/747
f 741/741/741 748/748/748 749/749/749
f 741/741/741 749/749/749 742/742/742
f 729/729/729 750/750/750 751/751/751
f 729/729/729 751/751/751 730/730/730
f 744/744/744 752/752/752 753/753/753
f 744/744/744 753/753/753 745/745/745
f 754/754/754 755/755/755 756/756/756
f 754/754/754 756/756/756 757/757/757
f 758/758/758 759/759/759 760/760/760
f 758/758/758 760/760/760 761/761/761
f 762/762/762 763/763/763 764/764/764
f 762/762/762 764/764/764 765/765/765
f 766/766/766 767/767/767 768/768/768
f 766/766/766 768/768/768 769/769/769
f 770/770/770 771/771/771 772/772/772
f 770/770/770 772/772/772 773/773/773
f 774/774/774 762/762/762 765/765/765
f 774/774/774 765/765/765 775/775/775
f 776/776/776 777/777/777 778/778/778
f 776/776/776 778/778/778 779/779/779
f 780/780/780 781/781/781 782/782/782
f 780/780/780 782/782/782 783/783/783
f 784/784/784 758/758/758 761/761/761
f 784/784/784 761/761/761 785/785/785
f 777/777/777 766/766/766 769/769/769
f 777/777/777 769/769/769 778/778/778
f 786/786/786 776/776/776 779/779/779
f 786/786/786 779/779/779 787/787/787
f 747/747/747 735/735/735 776/776/776
f 747/747/747 776/776/776 786/786/786
f 734/734/734 745/745/745 766/766/766
f 734/734/734 766/766/766 777/777/777
f 743/743/743 742/742/742 758/758/758
f 743/743/743 758/758/758 784/784/784
f 739/739/739 738/738/738 781/781/781
f 739/739/739 781/781/781 780/780/780
f 735/735/735 734/734/734 777/777/777
f 735/735/735 777/777/777 776/776/776
f 731/731/731 730/730/730 762/762/762
f 731/731/731 762/762/762 774/774/774
f 757/757/757 756/756/756 771/771/771
f 757/757/757 771/771/771 770/770/770
f 745/745/745 753/753/753 767/767/767
f 745/745/745 767/767/767 766/766/766
f 730/730/730 751/751/751 763/763/763
f 730/730/730 763/763/763 762/762/762
f 742/742/742 749/749/749 759/759/759
f 742/742/742 759/759/759 758/758/758
f 788/788/788 789/789/789 790/790/790
f 788/788/788 790/790/790 791/791/791
f 792/792/792 793/793/793 794/794/794
f 792/792/792 794/794/794 795/795/795
f 796/796/796 797/797/797 798/798/798
f 796/796/796 798/798/798 799/799/799
f 800/800/800 801/801/801 802/802/802
f 800/800/800 802/802/802 803/803/803
f 789/789/789 804/804/804 790/790/790
f 805/805/805 806/806/806 807/807/807
f 808/808/808 800/800/800 803/803/803
f 808/808/808 803/803/803 809/809/809
f 793/793/793 788/788/788 791/791/791
f 793/793/793 791/791/791 794/794/794
f 810/810/810 811/811/811 812/812/812
f 810/810/810 812/812/812 813/813/813
f 814/814/814 796/796/796 799/799/799
f 814/814/814 799/799/799 815/815/815
f 785/785/785 761/761/761 796/796/796
f 785/785/785 796/796/796 814/814/814
f 783/783/783 782/782/782 811/811/811
f 783/783/783 811/811/811 810/810/810
f 779/779/779 778/778/778 788/788/788
f 779/779/779 788/788/788 793/793/793
f 775/775/775 765/765/765 800/800/800
f 775/775/775 800/800/800 808/808/808
f 773/773/773 772/772/772 806/806/806
f 773/773/773 806/806/806 805/805/805
f 769/769/769 768/768/768 804/804/804
f 769/769/769 804/804/804 789/789/789
f 765/765/765 764/764/764 801/801/801
f 765/765/765 801/801/801 800/800/800
f 761/761/761 760/760/760 797/797/797
f 761/761/761 797/797/797 796/796/796
f 787/787/787 779/779/779 793/793/793
f 787/787/787 793/793/793 792/792/792
f 778/778/778 769/769/769 789/789/789
f 778/778/778 789/789/789 788/788/788
f 816/816/816 817/817/817 818/818/818
f 816/816/816 818/818/818 819/819/819
f 817/817/817 820/820/820 818/818/818
f 821/821/821 822/822/822 823/823/823
f 821/821/821 823/823/823 824/824/824
f 822/822/822 816/816/816 819/819/819
f 822/822/822 819/819/819 823/823/823
f 825/825/825 826/826/826 827/827/827
f 825/825/825 827/827/827 828/828/828
f 829/829/829 825/825/825 828/828/828
f 829/829/829 828/828/828 830/830/830
f 831/831/831 832/832/832 825/825/825
f 831/831/831 825/825/825 829/829/829
f 832/832/832 833/833/833 826/826/826
f 832/832/832 826/826/826 825/825/825
f 834/834/834 835/835/835 816/816/816
f 834/834/834 816/816/816 822/822/822
f 835/835/835 836/836/836 816/816/816
f 837/837/837 838/838/838 817/817/817
f 839/839/839 834/834/834 822/822/822
f 839/839/839 822/822/822 821/821/821
f 838/838/838 840/840/840 820/820/820
f 838/838/838 820/820/820 817/817/817
f 836/836/836 837/837/837 817/817/817
f 836/836/836 817/817/817 816/816/816
f 841/841/841 842/842/842 843/843/843
f 841/841/841 843/843/843 844/844/844
f 845/845/845 841/841/841 844/844/844
f 845/845/845 844/844/844 846/846/846
f 847/847/847 848/848/848 849/849/849
f 847/847/847 849/849/849 850/850/850
f 851/851/851 847/847/847 850/850/850
f 851/851/851 850/850/850 852/852/852
f 823/823/823 819/819/819 847/847/847
f 824/824/824 823/823/823 847/847/847
f 824/824/824 847/847/847 851/851/851
f 819/819/819 818/818/818 848/848/848
f 819/819/819 848/848/848 847/847/847
f 830/830/830 828/828/828 841/841/841
f 830/830/830 841/841/841 845/845/845
f 828/828/828 827/827/827 842/842/842
f 828/828/828 842/842/842 841/841/841
f 844/844/844 843/843/843 853/853/853
f 844/844/844 853/853/853 854/854/854
f 846/846/846 844/844/844 854/854/854
f 846/846/846 854/854/854 855/855/855
f 850/850/850 849/849/849 856/856/856
f 850/850/850 856/856/856 857/857/857
f 852/852/852 850/850/850 857/857/857
f 852/852/852 857/857/857 858/858/858
f 855/855/855 854/854/854 859/859/859
f 855/855/855 859/859/859 860/860/860
f 857/857/857 856/856/856 861/861/861
f 857/857/857 861/861/861 862/862/862
f 858/858/858 857/857/857 862/862/862
f 858/858/858 862/862/862 863/863/863
f 854/854/854 853/853/853 864/864/864
f 854/854/854 864/864/864 859/859/859
f 860/860/860 859/859/859 865/865/865
f 862/862/862 861/861/861 866/866/866
f 863/863/863 862/862/862 866/866/866
f 859/859/859 864/864/864 865/865/865
f 867/867/867 868/868/868 344/344/344
f 868/868/868 869/869/869 344/344/344
f 870/870/870 871/871/871 344/344/344
f 871/871/871 465/465/465 344/344/344
f 509/509/509 872/872/872 344/344/344
f 872/872/872 873/873/873 344/344/344
f 532/532/532 874/874/874 504/504/504
f 532/532/532 504/504/504 503/503/503
f 501/501/501 875/875/875 502/502/502
f 875/875/875 586/586/586 502/502/502
f 534/534/534 876/876/876 530/530/530
f 876/876/876 531/531/531 530/530/530
f 512/512/512 511/511/511 877/877/877
f 512/512/512 877/877/877 878/878/878
f 878/878/878 877/877/877 446/446/446
f 878/878/878 446/446/446 449/449/449
f 510/510/510 513/513/513 879/879/879
f 510/510/510 879/879/879 880/880/880
f 880/880/880 879/879/879 506/506/506
f 880/880/880 506/506/506 505/505/505
f 448/448/448 447/447/447 881/881/881
f 448/448/448 881/881/881 882/882/882
f 882/882/882 881/881/881 507/507/507
f 882/882/882 507/507/507 508/508/508
f 344/344/344 873/873/873 867/867/867
f 150/150/150 194/194/194 149/149/149
f 39/39/39 47/47/47 883/883/883
f 884/884/884 885/885/885 47/47/47
f 884/884/884 47/47/47 886/886/886
f 47/47/47 885/885/885 883/883/883
f 887/887/887 884/884/884 886/886/886
f 887/887/887 886/886/886 75/75/75
f 376/376/376 69/69/69 68/68/68
f 376/376/376 68/68/68 377/377/377
f 75/75/75 74/74/74 887/887/887
f 888/888/888 889/889/889 890/890/890
f 888/888/888 890/890/890 891/891/891
f 892/892/892 893/893/893 889/889/889
f 892/892/892 889/889/889 888/888/888
f 894/894/894 889/889/889 895/895/895
f 896/896/896 889/889/889 894/894/894
f 889/889/889 897/897/897 895/895/895
f 889/889/889 893/893/893 898/898/898
f 898/898/898 897/897/897 889/889/889
f 890/890/890 889/889/889 899/899/899
f 899/899/899 889/889/889 896/896/896
f 344/344/344 869/869/869 870/870/870
f 1/1/1 4/4/4 900/900/900
f 1/1/1 900/900/900 901/901/901
f 902/902/902 903/903/903 6/6/6
f 8/8/8 11/11/11 904/904/904
f 8/8/8 904/904/904 905/905/905
f 12/12/12 1/1/1 901/901/901
f 12/12/12 901/901/901 906/906/906
f 11/11/11 12/12/12 906/906/906
f 11/11/11 906/906/906 904/904/904
f 4/4/4 15/15/15 907/907/907
f 4/4/4 907/907/907 900/900/900
f 15/15/15 17/17/17 908/908/908
f 15/15/15 908/908/908 907/907/907
f 17/17/17 19/19/19 909/909/909
f 17/17/17 909/909/909 908/908/908
f 19/19/19 21/21/21 910/910/910
f 19/19/19 910/910/910 909/909/909
f 21/21/21 23/23/23 911/911/911
f 21/21/21 911/911/911 910/910/910
f 23/23/23 25/25/25 912/912/912
f 23/23/23 912/912/912 911/911/911
f 25/25/25 27/27/27 913/913/913
f 25/25/25 913/913/913 912/912/912
f 27/27/27 29/29/29 914/914/914
f 27/27/27 914/914/914 913/913/913
f 29/29/29 31/31/31 915/915/915
f 29/29/29 915/915/915 914/914/914
f 31/31/31 33/33/33 916/916/916
f 31/31/31 916/916/916 915/915/915
f 33/33/33 35/35/35 917/917/917
f 33/33/33 917/917/917 916/916/916
f 917/917/917 35/35/35 918/918/918
f 918/918/918 919/919/919 917/917/917
f 903/903/903 920/920/920 38/38/38
f 903/903/903 38/38/38 6/6/6
f 921/921/921 902/902/902 6/6/6
f 921/921/921 6/6/6 41/41/41
f 922/922/922 921/921/921 41/41/41
f 922/922/922 41/41/41 43/43/43
f 923/923/923 922/922/922 43/43/43
f 923/923/923 43/43/43 45/45/45
f 905/905/905 923/923/923 45/45/45
f 905/905/905 45/45/45 8/8/8
f 920/920/920 924/924/924 46/46/46
f 920/920/920 46/46/46 38/38/38
f 919/919/919 925/925/925 917/917/917
f 926/926/926 927/927/927 928/928/928
f 926/926/926 928/928/928 929/929/929
f 930/930/930 931/931/931 932/932/932
f 930/930/930 932/932/932 933/933/933
f 924/924/924 934/934/934 46/46/46
f 935/935/935 936/936/936 937/937/937
f 935/935/935 937/937/937 938/938/938
f 938/938/938 937/937/937 939/939/939
f 938/938/938 939/939/939 940/940/940
f 941/941/941 942/942/942 943/943/943
f 941/941/941 943/943/943 944/944/944
f 940/940/940 939/939/939 943/943/943
f 940/940/940 943/943/943 942/942/942
f 945/945/945 946/946/946 947/947/947
f 945/945/945 947/947/947 948/948/948
f 949/949/949 950/950/950 951/951/951
f 949/949/949 951/951/951 952/952/952
f 953/953/953 954/954/954 955/955/955
f 953/953/953 955/955/955 956/956/956
f 953/953/953 957/957/957 958/958/958
f 953/953/953 958/958/958 959/959/959
f 960/960/960 961/961/961 955/955/955
f 960/960/960 955/955/955 954/954/954
f 962/962/962 963/963/963 964/964/964
f 962/962/962 964/964/964 965/965/965
f 959/959/959 958/958/958 966/966/966
f 90/90/90 967/967/967 91/91/91
f 952/952/952 951/951/951 967/967/967
f 968/968/968 91/91/91 967/967/967
f 968/968/968 967/967/967 951/951/951
f 969/969/969 95/95/95 91/91/91
f 969/969/969 91/91/91 968/968/968
f 970/970/970 97/97/97 95/95/95
f 970/970/970 95/95/95 969/969/969
f 971/971/971 99/99/99 97/97/97
f 971/971/971 97/97/97 970/970/970
f 972/972/972 101/101/101 99/99/99
f 972/972/972 99/99/99 971/971/971
f 973/973/973 103/103/103 101/101/101
f 973/973/973 101/101/101 972/972/972
f 974/974/974 105/105/105 103/103/103
f 974/974/974 103/103/103 973/973/973
f 106/106/106 975/975/975 976/976/976
f 106/106/106 976/976/976 107/107/107
f 107/107/107 976/976/976 977/977/977
f 107/107/107 977/977/977 110/110/110
f 110/110/110 977/977/977 978/978/978
f 110/110/110 978/978/978 112/112/112
f 112/112/112 978/978/978 979/979/979
f 112/112/112 979/979/979 114/114/114
f 114/114/114 979/979/979 980/980/980
f 114/114/114 980/980/980 116/116/116
f 116/116/116 980/980/980 981/981/981
f 116/116/116 981/981/981 118/118/118
f 118/118/118 981/981/981 982/982/982
f 118/118/118 982/982/982 120/120/120
f 120/120/120 982/982/982 983/983/983
f 120/120/120 983/983/983 122/122/122
f 122/122/122 983/983/983 984/984/984
f 122/122/122 984/984/984 124/124/124
f 124/124/124 984/984/984 985/985/985
f 124/124/124 985/985/985 126/126/126
f 126/126/126 985/985/985 986/986/986
f 126/126/126 986/986/986 128/128/128
f 128/128/128 986/986/986 987/987/987
f 128/128/128 987/987/987 130/130/130
f 130/130/130 987/987/987 988/988/988
f 130/130/130 988/988/988 132/132/132
f 132/132/132 988/988/988 989/989/989
f 132/132/132 989/989/989 134/134/134
f 134/134/134 989/989/989 990/990/990
f 134/134/134 990/990/990 136/136/136
f 136/136/136 990/990/990 991/991/991
f 136/136/136 991/991/991 138/138/138
f 138/138/138 991/991/991 992/992/992
f 138/138/138 992/992/992 140/140/140
f 140/140/140 992/992/992 993/993/993
f 140/140/140 993/993/993 142/142/142
f 994/994/994 995/995/995 996/996/996
f 997/997/997 998/998/998 999/999/999
f 998/998/998 1000/1000/1000 999/999/999
f 1001/1001/1001 1002/1002/1002 1003/1003/1003
f 1004/1004/1004 1005/1005/1005 1006/1006/1006
f 1007/1007/1007 1008/1008/1008 1009/1009/1009
f 1007/1007/1007 1009/1009/1009 1010/1010/1010
f 1011/1011/1011 1007/1007/1007 1010/1010/1010
f 1011/1011/1011 1010/1010/1010 1012/1012/1012
f 1013/1013/1013 1011/1011/1011 1012/1012/1012
f 1013/1013/1013 1012/1012/1012 1014/1014/1014
f 1015/1015/1015 1013/1013/1013 1014/1014/1014
f 1015/1015/1015 1014/1014/1014 1016/1016/1016
f 1017/1017/1017 1015/1015/1015 1016/1016/1016
f 1017/1017/1017 1016/1016/1016 1018/1018/1018
f 1019/1019/1019 1017/1017/1017 1018/1018/1018
f 1019/1019/1019 1018/1018/1018 1020/1020/1020
f 1021/1021/1021 1019/1019/1019 1020/1020/1020
f 1021/1021/1021 1020/1020/1020 1022/1022/1022
f 1023/1023/1023 1021/1021/1021 1022/1022/1022
f 1023/1023/1023 1022/1022/1022 1024/1024/1024
f 1025/1025/1025 1023/1023/1023 1024/1024/1024
f 1025/1025/1025 1024/1024/1024 1026/1026/1026
f 1027/1027/1027 1025/1025/1025 1026/1026/1026
f 1027/1027/1027 1026/1026/1026 1028/1028/1028
f 1029/1029/1029 1027/1027/1027 1028/1028/1028
f 1029/1029/1029 1028/1028/1028 1030/1030/1030
f 1031/1031/1031 1029/1029/1029 1030/1030/1030
f 1031/1031/1031 1030/1030/1030 1032/1032/1032
f 1033/1033/1033 1031/1031/1031 1032/1032/1032
f 1033/1033/1033 1032/1032/1032 1034/1034/1034
f 1035/1035/1035 1033/1033/1033 1034/1034/1034
f 1035/1035/1035 1034/1034/1034 1036/1036/1036
f 996/996/996 1035/1035/1035 1036/1036/1036
f 996/996/996 1036/1036/1036 1037/1037/1037
f 994/994/994 996/996/996 1037/1037/1037
f 1038/1038/1038 1039/1039/1039 1040/1040/1040
f 1041/1041/1041 1042/1042/1042 1040/1040/1040
f 1043/1043/1043 1044/1044/1044 1040/1040/1040
f 997/997/997 1038/1038/1038 1040/1040/1040
f 1045/1045/1045 1041/1041/1041 1040/1040/1040
f 1046/1046/1046 1043/1043/1043 1040/1040/1040
f 1044/1044/1044 998/998/998 1040/1040/1040
f 1047/1047/1047 1045/1045/1045 1040/1040/1040
f 1048/1048/1048 1046/1046/1046 1040/1040/1040
f 1049/1049/1049 1047/1047/1047 1040/1040/1040
f 1050/1050/1050 1048/1048/1048 1040/1040/1040
f 1051/1051/1051 1049/1049/1049 1040/1040/1040
f 1052/1052/1052 1050/1050/1050 1040/1040/1040
f 1053/1053/1053 1051/1051/1051 1040/1040/1040
f 1054/1054/1054 1052/1052/1052 1040/1040/1040
f 998/998/998 997/997/997 1040/1040/1040
f 1039/1039/1039 1053/1053/1053 1040/1040/1040
f 1042/1042/1042 1054/1054/1054 1040/1040/1040
f 1055/1055/1055 1056/1056/1056 1057/1057/1057
f 1055/1055/1055 1057/1057/1057 1058/1058/1058
f 1059/1059/1059 1060/1060/1060 1061/1061/1061
f 1059/1059/1059 1061/1061/1061 1062/1062/1062
f 1063/1063/1063 1064/1064/1064 1065/1065/1065
f 1063/1063/1063 1065/1065/1065 1066/1066/1066
f 1067/1067/1067 1068/1068/1068 1069/1069/1069
f 1067/1067/1067 1069/1069/1069 1070/1070/1070
f 1070/1070/1070 1069/1069/1069 1056/1056/1056
f 1070/1070/1070 1056/1056/1056 1055/1055/1055
f 1062/1062/1062 1061/1061/1061 1064/1064/1064
f 1062/1062/1062 1064/1064/1064 1063/1063/1063
f 1066/1066/1066 1065/1065/1065 1068/1068/1068
f 1066/1066/1066 1068/1068/1068 1067/1067/1067
f 1058/1058/1058 1057/1057/1057 1071/1071/1071
f 1058/1058/1058 1071/1071/1071 1072/1072/1072
f 1073/1073/1073 1074/1074/1074 1060/1060/1060
f 1073/1073/1073 1060/1060/1060 1059/1059/1059
f 1075/1075/1075 1076/1076/1076 1074/1074/1074
f 1075/1075/1075 1074/1074/1074 1073/1073/1073
f 1077/1077/1077 1078/1078/1078 1076/1076/1076
f 1077/1077/1077 1076/1076/1076 1075/1075/1075
f 1079/1079/1079 1080/1080/1080 1078/1078/1078
f 1079/1079/1079 1078/1078/1078 1077/1077/1077
f 1081/1081/1081 1082/1082/1082 1080/1080/1080
f 1081/1081/1081 1080/1080/1080 1079/1079/1079
f 1083/1083/1083 1084/1084/1084 1082/1082/1082
f 1083/1083/1083 1082/1082/1082 1081/1081/1081
f 1085/1085/1085 1086/1086/1086 936/936/936
f 1085/1085/1085 936/936/936 935/935/935
f 1087/1087/1087 1072/1072/1072 1071/1071/1071
f 1087/1087/1087 1071/1071/1071 1088/1088/1088
f 1087/1087/1087 1088/1088/1088 1089/1089/1089
f 1085/1085/1085 1089/1089/1089 1088/1088/1088
f 1085/1085/1085 1088/1088/1088 1086/1086/1086
f 1090/1090/1090 1091/1091/1091 1092/1092/1092
f 1090/1090/1090 1092/1092/1092 1093/1093/1093
f 1090/1090/1090 1093/1093/1093 1084/1084/1084
f 1090/1090/1090 1084/1084/1084 1083/1083/1083
f 244/244/244 247/247/247 1094/1094/1094
f 244/244/244 1094/1094/1094 1095/1095/1095
f 1096/1096/1096 1097/1097/1097 1098/1098/1098
f 1096/1096/1096 1098/1098/1098 1099/1099/1099
f 1100/1100/1100 1101/1101/1101 1102/1102/1102
f 1100/1100/1100 1102/1102/1102 1103/1103/1103
f 1104/1104/1104 1105/1105/1105 1106/1106/1106
f 1104/1104/1104 1106/1106/1106 1107/1107/1107
f 1108/1108/1108 1109/1109/1109 1110/1110/1110
f 1108/1108/1108 1110/1110/1110 1111/1111/1111
f 1112/1112/1112 1113/1113/1113 1114/1114/1114
f 1112/1112/1112 1114/1114/1114 1115/1115/1115
f 1116/1116/1116 1117/1117/1117 1118/1118/1118
f 1116/1116/1116 1118/1118/1118 1119/1119/1119
f 1119/1119/1119 1118/1118/1118 1120/1120/1120
f 1119/1119/1119 1120/1120/1120 1121/1121/1121
f 1122/1122/1122 1123/1123/1123 1124/1124/1124
f 1122/1122/1122 1124/1124/1124 1125/1125/1125
f 1126/1126/1126 1127/1127/1127 1128/1128/1128
f 1126/1126/1126 1128/1128/1128 1129/1129/1129
f 1130/1130/1130 1119/1119/1119 1121/1121/1121
f 1130/1130/1130 1121/1121/1121 1131/1131/1131
f 1132/1132/1132 1128/1128/1128 1133/1133/1133
f 1132/1132/1132 1133/1133/1133 1134/1134/1134
f 1135/1135/1135 1136/1136/1136 1137/1137/1137
f 1135/1135/1135 1137/1137/1137 1138/1138/1138
f 291/291/291 294/294/294 1139/1139/1139
f 291/291/291 1139/1139/1139 1140/1140/1140
f 1099/1099/1099 1098/1098/1098 1136/1136/1136
f 1099/1099/1099 1136/1136/1136 1135/1135/1135
f 1103/1103/1103 1141/1141/1141 1142/1142/1142
f 1103/1103/1103 1142/1142/1142 1143/1143/1143
f 1144/1144/1144 1145/1145/1145 1146/1146/1146
f 1144/1144/1144 1146/1146/1146 1147/1147/1147
f 1148/1148/1148 305/305/305 304/304/304
f 1148/1148/1148 304/304/304 1149/1149/1149
f 1150/1150/1150 309/309/309 308/308/308
f 1150/1150/1150 308/308/308 1151/1151/1151
f 1152/1152/1152 313/313/313 312/312/312
f 1152/1152/1152 312/312/312 1153/1153/1153
f 1149/1149/1149 304/304/304 315/315/315
f 1149/1149/1149 315/315/315 1154/1154/1154
f 1155/1155/1155 319/319/319 318/318/318
f 1155/1155/1155 318/318/318 1156/1156/1156
f 1157/1157/1157 323/323/323 322/322/322
f 1157/1157/1157 322/322/322 1158/1158/1158
f 1151/1151/1151 308/308/308 325/325/325
f 1151/1151/1151 325/325/325 1159/1159/1159
f 1160/1160/1160 327/327/327 319/319/319
f 1160/1160/1160 319/319/319 1155/1155/1155
f 1161/1161/1161 331/331/331 330/330/330
f 1161/1161/1161 330/330/330 1162/1162/1162
f 1163/1163/1163 333/333/333 323/323/323
f 1163/1163/1163 323/323/323 1157/1157/1157
f 1158/1158/1158 322/322/322 327/327/327
f 1158/1158/1158 327/327/327 1160/1160/1160
f 1156/1156/1156 318/318/318 1164/1164/1164
f 1154/1154/1154 315/315/315 333/333/333
f 1154/1154/1154 333/333/333 1163/1163/1163
f 1159/1159/1159 325/325/325 336/336/336
f 1159/1159/1159 336/336/336 1165/1165/1165
f 1153/1153/1153 312/312/312 338/338/338
f 1153/1153/1153 338/338/338 1166/1166/1166
f 1164/1164/1164 318/318/318 340/340/340
f 1164/1164/1164 340/340/340 1167/1167/1167
f 1166/1166/1166 338/338/338 342/342/342
f 1166/1166/1166 342/342/342 1168/1168/1168
f 1162/1162/1162 330/330/330 309/309/309
f 1162/1162/1162 309/309/309 1150/1150/1150
f 1165/1165/1165 336/336/336 313/313/313
f 1165/1165/1165 313/313/313 1152/1152/1152
f 1168/1168/1168 342/342/342 305/305/305
f 1168/1168/1168 305/305/305 1148/1148/1148
f 1169/1169/1169 1170/1170/1170 1105/1105/1105
f 1169/1169/1169 1105/1105/1105 1104/1104/1104
f 1140/1140/1140 1139/1139/1139 1171/1171/1171
f 1140/1140/1140 1171/1171/1171 1172/1172/1172
f 1173/1173/1173 1116/1116/1116 1119/1119/1119
f 1173/1173/1173 1119/1119/1119 1130/1130/1130
f 1174/1174/1174 1112/1112/1112 1115/1115/1115
f 1174/1174/1174 1115/1115/1115 1175/1175/1175
f 1176/1176/1176 1108/1108/1108 1111/1111/1111
f 1176/1176/1176 1111/1111/1111 1177/1177/1177
f 1178/1178/1178 1179/1179/1179 1112/1112/1112
f 1178/1178/1178 1112/1112/1112 1174/1174/1174
f 354/354/354 244/244/244 1095/1095/1095
f 354/354/354 1095/1095/1095 1180/1180/1180
f 1181/1181/1181 1167/1167/1167 340/340/340
f 1181/1181/1181 340/340/340 357/357/357
f 1121/1121/1121 1182/1182/1182 1183/1183/1183
f 1121/1121/1121 1183/1183/1183 1131/1131/1131
f 1184/1184/1184 1185/1185/1185 1186/1186/1186
f 1184/1184/1184 1186/1186/1186 1187/1187/1187
f 1188/1188/1188 1182/1182/1182 1121/1121/1121
f 1172/1172/1172 1171/1171/1171 1184/1184/1184
f 1172/1172/1172 1184/1184/1184 1187/1187/1187
f 1141/1141/1141 1103/1103/1103 1102/1102/1102
f 1120/1120/1120 1188/1188/1188 1121/1121/1121
f 1189/1189/1189 1113/1113/1113 1112/1112/1112
f 1189/1189/1189 1112/1112/1112 1179/1179/1179
f 1190/1190/1190 1191/1191/1191 1192/1192/1192
f 1190/1190/1190 1192/1192/1192 1193/1193/1193
f 1194/1194/1194 1190/1190/1190 1193/1193/1193
f 1194/1194/1194 1193/1193/1193 1195/1195/1195
f 1196/1196/1196 1194/1194/1194 1195/1195/1195
f 1196/1196/1196 1195/1195/1195 1197/1197/1197
f 1198/1198/1198 1199/1199/1199 1200/1200/1200
f 1198/1198/1198 1200/1200/1200 1201/1201/1201
f 1202/1202/1202 1198/1198/1198 1201/1201/1201
f 1202/1202/1202 1201/1201/1201 1203/1203/1203
f 1204/1204/1204 1196/1196/1196 1197/1197/1197
f 1204/1204/1204 1197/1197/1197 1205/1205/1205
f 1191/1191/1191 1202/1202/1202 1203/1203/1203
f 1191/1191/1191 1203/1203/1203 1192/1192/1192
f 1206/1206/1206 1207/1207/1207 1143/1143/1143
f 1206/1206/1206 1143/1143/1143 1142/1142/1142
f 1208/1208/1208 1209/1209/1209 386/386/386
f 1208/1208/1208 386/386/386 385/385/385
f 1209/1209/1209 1210/1210/1210 388/388/388
f 1209/1209/1209 388/388/388 386/386/386
f 1211/1211/1211 1212/1212/1212 392/392/392
f 1211/1211/1211 392/392/392 391/391/391
f 1213/1213/1213 1211/1211/1211 391/391/391
f 1213/1213/1213 391/391/391 395/395/395
f 1210/1210/1210 1214/1214/1214 396/396/396
f 1210/1210/1210 396/396/396 388/388/388
f 1212/1212/1212 1208/1208/1208 385/385/385
f 1212/1212/1212 385/385/385 392/392/392
f 1206/1206/1206 396/396/396 1214/1214/1214
f 1206/1206/1206 1214/1214/1214 1207/1207/1207
f 398/398/398 396/396/396 1206/1206/1206
f 1215/1215/1215 1132/1132/1132 1134/1134/1134
f 1215/1215/1215 1134/1134/1134 1216/1216/1216
f 1217/1217/1217 1126/1126/1126 1129/1129/1129
f 1217/1217/1217 1129/1129/1129 1218/1218/1218
f 1219/1219/1219 1220/1220/1220 1221/1221/1221
f 1219/1219/1219 1221/1221/1221 1222/1222/1222
f 1223/1223/1223 1224/1224/1224 1225/1225/1225
f 1223/1223/1223 1225/1225/1225 1226/1226/1226
f 1219/1219/1219 1227/1227/1227 1220/1220/1220
f 1227/1227/1227 1228/1228/1228 1229/1229/1229
f 1227/1227/1227 1229/1229/1229 1220/1220/1220
f 1220/1220/1220 1229/1229/1229 1230/1230/1230
f 1220/1220/1220 1230/1230/1230 1221/1221/1221
f 1224/1224/1224 1231/1231/1231 1232/1232/1232
f 1224/1224/1224 1232/1232/1232 1225/1225/1225
f 1127/1127/1127 1219/1219/1219 1222/1222/1222
f 1127/1127/1127 1222/1222/1222 1128/1128/1128
f 1128/1128/1128 1223/1223/1223 1226/1226/1226
f 1128/1128/1128 1226/1226/1226 1133/1133/1133
f 1233/1233/1233 1234/1234/1234 1235/1235/1235
f 1233/1233/1233 1235/1235/1235 1236/1236/1236
f 1237/1237/1237 1238/1238/1238 1239/1239/1239
f 1237/1237/1237 1239/1239/1239 1240/1240/1240
f 1236/1236/1236 1235/1235/1235 1241/1241/1241
f 1236/1236/1236 1241/1241/1241 1242/1242/1242
f 1229/1229/1229 1236/1236/1236 1242/1242/1242
f 1229/1229/1229 1242/1242/1242 1230/1230/1230
f 1231/1231/1231 1237/1237/1237 1240/1240/1240
f 1231/1231/1231 1240/1240/1240 1232/1232/1232
f 1228/1228/1228 1233/1233/1233 1236/1236/1236
f 1228/1228/1228 1236/1236/1236 1229/1229/1229
f 1241/1241/1241 1238/1238/1238 1237/1237/1237
f 1241/1241/1241 1237/1237/1237 1242/1242/1242
f 1221/1221/1221 1224/1224/1224 1223/1223/1223
f 1221/1221/1221 1223/1223/1223 1222/1222/1222
f 1242/1242/1242 1237/1237/1237 1231/1231/1231
f 1242/1242/1242 1231/1231/1231 1230/1230/1230
f 1222/1222/1222 1223/1223/1223 1128/1128/1128
f 1230/1230/1230 1231/1231/1231 1224/1224/1224
f 1230/1230/1230 1224/1224/1224 1221/1221/1221
f 1188/1188/1188 1189/1189/1189 1179/1179/1179
f 1188/1188/1188 1179/1179/1179 1182/1182/1182
f 1183/1183/1183 1182/1182/1182 1179/1179/1179
f 1183/1183/1183 1179/1179/1179 1178/1178/1178
f 1243/1243/1243 1244/1244/1244 1245/1245/1245
f 1243/1243/1243 1245/1245/1245 1246/1246/1246
f 1147/1147/1147 1146/1146/1146 1101/1101/1101
f 1147/1147/1147 1101/1101/1101 1100/1100/1100
f 1186/1186/1186 1185/1185/1185 1097/1097/1097
f 1186/1186/1186 1097/1097/1097 1096/1096/1096
f 946/946/946 941/941/941 944/944/944
f 946/946/946 944/944/944 947/947/947
f 1238/1238/1238 1247/1247/1247 1248/1248/1248
f 1238/1238/1238 1248/1248/1248 1239/1239/1239
f 1241/1241/1241 1249/1249/1249 1247/1247/1247
f 1241/1241/1241 1247/1247/1247 1238/1238/1238
f 1235/1235/1235 1250/1250/1250 1249/1249/1249
f 1235/1235/1235 1249/1249/1249 1241/1241/1241
f 1234/1234/1234 1251/1251/1251 1250/1250/1250
f 1234/1234/1234 1250/1250/1250 1235/1235/1235
f 1252/1252/1252 1253/1253/1253 438/438/438
f 1252/1252/1252 438/438/438 437/437/437
f 1254/1254/1254 1255/1255/1255 1256/1256/1256
f 1254/1254/1254 1256/1256/1256 1257/1257/1257
f 1257/1257/1257 1256/1256/1256 1258/1258/1258
f 1257/1257/1257 1258/1258/1258 1259/1259/1259
f 1260/1260/1260 1261/1261/1261 1262/1262/1262
f 1260/1260/1260 1262/1262/1262 1263/1263/1263
f 1161/1161/1161 1264/1264/1264 331/331/331
f 1264/1264/1264 1161/1161/1161 1265/1265/1265
f 1266/1266/1266 1265/1265/1265 1161/1161/1161
f 1247/1247/1247 1267/1267/1267 1268/1268/1268
f 1247/1247/1247 1268/1268/1268 1248/1248/1248
f 1249/1249/1249 1269/1269/1269 1267/1267/1267
f 1249/1249/1249 1267/1267/1267 1247/1247/1247
f 1270/1270/1270 1267/1267/1267 1269/1269/1269
f 1270/1270/1270 1269/1269/1269 1271/1271/1271
f 1270/1270/1270 1272/1272/1272 1268/1268/1268
f 1270/1270/1270 1268/1268/1268 1267/1267/1267
f 1273/1273/1273 1274/1274/1274 1275/1275/1275
f 1274/1274/1274 1249/1249/1249 1275/1275/1275
f 1249/1249/1249 1250/1250/1250 1275/1275/1275
f 1275/1275/1275 1250/1250/1250 1251/1251/1251
f 1275/1275/1275 1251/1251/1251 1276/1276/1276
f 1277/1277/1277 1278/1278/1278 1266/1266/1266
f 1170/1170/1170 1169/1169/1169 1279/1279/1279
f 1265/1265/1265 1266/1266/1266 1278/1278/1278
f 1280/1280/1280 1281/1281/1281 1282/1282/1282
f 1280/1280/1280 1282/1282/1282 1283/1283/1283
f 1264/1264/1264 470/470/470 331/331/331
f 1284/1284/1284 1285/1285/1285 1286/1286/1286
f 1284/1284/1284 1286/1286/1286 1287/1287/1287
f 1288/1288/1288 1289/1289/1289 1281/1281/1281
f 1288/1288/1288 1281/1281/1281 1280/1280/1280
f 1290/1290/1290 1291/1291/1291 1292/1292/1292
f 1290/1290/1290 1292/1292/1292 1293/1293/1293
f 1294/1294/1294 1295/1295/1295 1296/1296/1296
f 1294/1294/1294 1296/1296/1296 1297/1297/1297
f 1298/1298/1298 1122/1122/1122 1125/1125/1125
f 1298/1298/1298 1125/1125/1125 1299/1299/1299
f 1300/1300/1300 1104/1104/1104 1107/1107/1107
f 1300/1300/1300 1107/1107/1107 1301/1301/1301
f 1287/1287/1287 1286/1286/1286 1255/1255/1255
f 1287/1287/1287 1255/1255/1255 1254/1254/1254
f 1259/1259/1259 1258/1258/1258 1302/1302/1302
f 1259/1259/1259 1302/1302/1302 1303/1303/1303
f 1303/1303/1303 1302/1302/1302 1289/1289/1289
f 1303/1303/1303 1289/1289/1289 1288/1288/1288
f 1283/1283/1283 1282/1282/1282 1253/1253/1253
f 1283/1283/1283 1253/1253/1253 1252/1252/1252
f 1304/1304/1304 1305/1305/1305 1306/1306/1306
f 1304/1304/1304 1306/1306/1306 1307/1307/1307
f 1105/1105/1105 1217/1217/1217 1218/1218/1218
f 1105/1105/1105 1218/1218/1218 1106/1106/1106
f 1299/1299/1299 1215/1215/1215 1216/1216/1216
f 1299/1299/1299 1216/1216/1216 1298/1298/1298
f 1170/1170/1170 1308/1308/1308 1217/1217/1217
f 1170/1170/1170 1217/1217/1217 1105/1105/1105
f 1187/1187/1187 1309/1309/1309 1172/1172/1172
f 1310/1310/1310 1311/1311/1311 1312/1312/1312
f 1310/1310/1310 1312/1312/1312 1313/1313/1313
f 1314/1314/1314 1315/1315/1315 1316/1316/1316
f 1314/1314/1314 1316/1316/1316 1317/1317/1317
f 1246/1246/1246 1245/1245/1245 1318/1318/1318
f 1246/1246/1246 1318/1318/1318 1319/1319/1319
f 1320/1320/1320 1321/1321/1321 1291/1291/1291
f 1320/1320/1320 1291/1291/1291 1290/1290/1290
f 1297/1297/1297 1296/1296/1296 1285/1285/1285
f 1297/1297/1297 1285/1285/1285 1284/1284/1284
f 1308/1308/1308 1170/1170/1170 1322/1322/1322
f 1323/1323/1323 1324/1324/1324 1325/1325/1325
f 1323/1323/1323 1325/1325/1325 1326/1326/1326
f 1313/1313/1313 1312/1312/1312 1327/1327/1327
f 1313/1313/1313 1327/1327/1327 1328/1328/1328
f 1329/1329/1329 1330/1330/1330 1331/1331/1331
f 1329/1329/1329 1331/1331/1331 1332/1332/1332
f 1333/1333/1333 1334/1334/1334 1335/1335/1335
f 1333/1333/1333 1335/1335/1335 1336/1336/1336
f 1336/1336/1336 1335/1335/1335 1337/1337/1337
f 1336/1336/1336 1337/1337/1337 1338/1338/1338
f 1339/1339/1339 1340/1340/1340 1341/1341/1341
f 1339/1339/1339 1341/1341/1341 1342/1342/1342
f 1343/1343/1343 1316/1316/1316 1344/1344/1344
f 1343/1343/1343 1344/1344/1344 1345/1345/1345
f 1346/1346/1346 1343/1343/1343 1347/1347/1347
f 1331/1331/1331 1340/1340/1340 1339/1339/1339
f 1331/1331/1331 1339/1339/1339 1332/1332/1332
f 1348/1348/1348 1339/1339/1339 1342/1342/1342
f 1348/1348/1348 1342/1342/1342 1349/1349/1349
f 1350/1350/1350 1336/1336/1336 1338/1338/1338
f 1350/1350/1350 1338/1338/1338 1351/1351/1351
f 1352/1352/1352 1333/1333/1333 1336/1336/1336
f 1352/1352/1352 1336/1336/1336 1350/1350/1350
f 1353/1353/1353 1329/1329/1329 1332/1332/1332
f 1353/1353/1353 1332/1332/1332 1317/1317/1317
f 1354/1354/1354 1355/1355/1355 1356/1356/1356
f 1354/1354/1354 1356/1356/1356 1357/1357/1357
f 1358/1358/1358 1359/1359/1359 1360/1360/1360
f 1358/1358/1358 1360/1360/1360 1361/1361/1361
f 1362/1362/1362 1363/1363/1363 1355/1355/1355
f 1362/1362/1362 1355/1355/1355 1354/1354/1354
f 1364/1364/1364 1365/1365/1365 1366/1366/1366
f 1364/1364/1364 1366/1366/1366 1367/1367/1367
f 1367/1367/1367 1366/1366/1366 1368/1368/1368
f 1367/1367/1367 1368/1368/1368 1369/1369/1369
f 1357/1357/1357 1356/1356/1356 1370/1370/1370
f 1371/1371/1371 1372/1372/1372 1373/1373/1373
f 1371/1371/1371 1373/1373/1373 1374/1374/1374
f 1356/1356/1356 1355/1355/1355 1375/1375/1375
f 1340/1340/1340 1357/1357/1357 1370/1370/1370
f 1340/1340/1340 1370/1370/1370 1341/1341/1341
f 1335/1335/1335 1367/1367/1367 1369/1369/1369
f 1335/1335/1335 1369/1369/1369 1337/1337/1337
f 1334/1334/1334 1364/1364/1364 1367/1367/1367
f 1334/1334/1334 1367/1367/1367 1335/1335/1335
f 1330/1330/1330 1362/1362/1362 1354/1354/1354
f 1330/1330/1330 1354/1354/1354 1331/1331/1331
f 1331/1331/1331 1354/1354/1354 1357/1357/1357
f 1331/1331/1331 1357/1357/1357 1340/1340/1340
f 1361/1361/1361 1360/1360/1360 1376/1376/1376
f 1361/1361/1361 1376/1376/1376 1377/1377/1377
f 1374/1374/1374 1373/1373/1373 1378/1378/1378
f 1374/1374/1374 1378/1378/1378 1379/1379/1379
f 1355/1355/1355 1374/1374/1374 1379/1379/1379
f 1355/1355/1355 1379/1379/1379 1375/1375/1375
f 1366/1366/1366 1361/1361/1361 1377/1377/1377
f 1366/1366/1366 1377/1377/1377 1368/1368/1368
f 1363/1363/1363 1371/1371/1371 1374/1374/1374
f 1363/1363/1363 1374/1374/1374 1355/1355/1355
f 1365/1365/1365 1358/1358/1358 1361/1361/1361
f 1365/1365/1365 1361/1361/1361 1366/1366/1366
f 1368/1368/1368 1377/1377/1377 1371/1371/1371
f 1368/1368/1368 1371/1371/1371 1363/1363/1363
f 1337/1337/1337 1369/1369/1369 1362/1362/1362
f 1337/1337/1337 1362/1362/1362 1330/1330/1330
f 1377/1377/1377 1376/1376/1376 1372/1372/1372
f 1377/1377/1377 1372/1372/1372 1371/1371/1371
f 1369/1369/1369 1368/1368/1368 1363/1363/1363
f 1369/1369/1369 1363/1363/1363 1362/1362/1362
f 1351/1351/1351 1338/1338/1338 1329/1329/1329
f 1351/1351/1351 1329/1329/1329 1353/1353/1353
f 1328/1328/1328 1327/1327/1327 1380/1380/1380
f 1328/1328/1328 1380/1380/1380 1381/1381/1381
f 1338/1338/1338 1337/1337/1337 1330/1330/1330
f 1338/1338/1338 1330/1330/1330 1329/1329/1329
f 1378/1378/1378 1373/1373/1373 1382/1382/1382
f 1372/1372/1372 1383/1383/1383 1382/1382/1382
f 1372/1372/1372 1382/1382/1382 1373/1373/1373
f 1376/1376/1376 1384/1384/1384 1383/1383/1383
f 1376/1376/1376 1383/1383/1383 1372/1372/1372
f 1360/1360/1360 1384/1384/1384 1376/1376/1376
f 1384/1384/1384 1360/1360/1360 1385/1385/1385
f 1359/1359/1359 1386/1386/1386 1385/1385/1385
f 1359/1359/1359 1385/1385/1385 1360/1360/1360
f 1383/1383/1383 1387/1387/1387 1382/1382/1382
f 1383/1383/1383 1384/1384/1384 1388/1388/1388
f 1383/1383/1383 1388/1388/1388 1387/1387/1387
f 1384/1384/1384 1385/1385/1385 1389/1389/1389
f 1384/1384/1384 1389/1389/1389 1388/1388/1388
f 1386/1386/1386 1390/1390/1390 1389/1389/1389
f 1386/1386/1386 1389/1389/1389 1385/1385/1385
f 1391/1391/1391 1328/1328/1328 1381/1381/1381
f 1391/1391/1391 1381/1381/1381 1392/1392/1392
f 1393/1393/1393 1394/1394/1394 1343/1343/1343
f 1393/1393/1393 1343/1343/1343 1346/1346/1346
f 1393/1393/1393 1346/1346/1346 1395/1395/1395
f 1393/1393/1393 1395/1395/1395 1396/1396/1396
f 1392/1392/1392 1381/1381/1381 1343/1343/1343
f 1392/1392/1392 1343/1343/1343 1394/1394/1394
f 1397/1397/1397 1313/1313/1313 1328/1328/1328
f 1397/1397/1397 1328/1328/1328 1391/1391/1391
f 1398/1398/1398 1310/1310/1310 1313/1313/1313
f 1398/1398/1398 1313/1313/1313 1397/1397/1397
f 1327/1327/1327 1351/1351/1351 1353/1353/1353
f 1327/1327/1327 1353/1353/1353 1380/1380/1380
f 1381/1381/1381 1380/1380/1380 1316/1316/1316
f 1381/1381/1381 1316/1316/1316 1343/1343/1343
f 1311/1311/1311 1352/1352/1352 1350/1350/1350
f 1311/1311/1311 1350/1350/1350 1312/1312/1312
f 1312/1312/1312 1350/1350/1350 1351/1351/1351
f 1312/1312/1312 1351/1351/1351 1327/1327/1327
f 1332/1332/1332 1339/1339/1339 1348/1348/1348
f 1332/1332/1332 1348/1348/1348 1317/1317/1317
f 1317/1317/1317 1348/1348/1348 1399/1399/1399
f 1380/1380/1380 1353/1353/1353 1317/1317/1317
f 1380/1380/1380 1317/1317/1317 1316/1316/1316
f 963/963/963 962/962/962 931/931/931
f 963/963/963 931/931/931 930/930/930
f 928/928/928 927/927/927 961/961/961
f 928/928/928 961/961/961 960/960/960
f 1400/1400/1400 1401/1401/1401 1402/1402/1402
f 1400/1400/1400 1402/1402/1402 1403/1403/1403
f 591/591/591 594/594/594 1404/1404/1404
f 591/591/591 1404/1404/1404 1405/1405/1405
f 1405/1405/1405 1404/1404/1404 1406/1406/1406
f 1405/1405/1405 1406/1406/1406 1407/1407/1407
f 1401/1401/1401 1408/1408/1408 1409/1409/1409
f 1401/1401/1401 1409/1409/1409 1402/1402/1402
f 594/594/594 600/600/600 1410/1410/1410
f 594/594/594 1410/1410/1410 1404/1404/1404
f 1404/1404/1404 1410/1410/1410 1411/1411/1411
f 1404/1404/1404 1411/1411/1411 1406/1406/1406
f 1408/1408/1408 1412/1412/1412 1413/1413/1413
f 1408/1408/1408 1413/1413/1413 1409/1409/1409
f 1410/1410/1410 1414/1414/1414 1415/1415/1415
f 1410/1410/1410 1415/1415/1415 1411/1411/1411
f 600/600/600 606/606/606 1414/1414/1414
f 600/600/600 1414/1414/1414 1410/1410/1410
f 1416/1416/1416 1409/1409/1409 1413/1413/1413
f 1417/1417/1417 1418/1418/1418 1419/1419/1419
f 1417/1417/1417 1419/1419/1419 1420/1420/1420
f 1418/1418/1418 1421/1421/1421 1422/1422/1422
f 1418/1418/1418 1422/1422/1422 1419/1419/1419
f 1421/1421/1421 1423/1423/1423 1424/1424/1424
f 1421/1421/1421 1424/1424/1424 1422/1422/1422
f 953/953/953 956/956/956 957/957/957
f 932/932/932 959/959/959 966/966/966
f 932/932/932 966/966/966 933/933/933
f 616/616/616 619/619/619 1425/1425/1425
f 616/616/616 1425/1425/1425 1426/1426/1426
f 1427/1427/1427 1428/1428/1428 1429/1429/1429
f 1427/1427/1427 1429/1429/1429 1430/1430/1430
f 1431/1431/1431 1432/1432/1432 1433/1433/1433
f 1431/1431/1431 1433/1433/1433 1434/1434/1434
f 1435/1435/1435 1436/1436/1436 1437/1437/1437
f 1435/1435/1435 1437/1437/1437 1438/1438/1438
f 1439/1439/1439 1440/1440/1440 1441/1441/1441
f 1439/1439/1439 1441/1441/1441 1442/1442/1442
f 1430/1430/1430 1429/1429/1429 1443/1443/1443
f 1430/1430/1430 1443/1443/1443 1444/1444/1444
f 1426/1426/1426 1425/1425/1425 1445/1445/1445
f 1426/1426/1426 1445/1445/1445 1446/1446/1446
f 1447/1447/1447 1448/1448/1448 1449/1449/1449
f 1447/1447/1447 1449/1449/1449 1450/1450/1450
f 1442/1442/1442 1441/1441/1441 1448/1448/1448
f 1442/1442/1442 1448/1448/1448 1447/1447/1447
f 1451/1451/1451 1452/1452/1452 1440/1440/1440
f 1451/1451/1451 1440/1440/1440 1439/1439/1439
f 1453/1453/1453 1451/1451/1451 1439/1439/1439
f 1453/1453/1453 1439/1439/1439 1454/1454/1454
f 1455/1455/1455 1442/1442/1442 1447/1447/1447
f 1455/1455/1455 1447/1447/1447 1456/1456/1456
f 1456/1456/1456 1447/1447/1447 1450/1450/1450
f 1456/1456/1456 1450/1450/1450 1457/1457/1457
f 1414/1414/1414 1426/1426/1426 1446/1446/1446
f 1414/1414/1414 1446/1446/1446 1415/1415/1415
f 1413/1413/1413 1430/1430/1430 1444/1444/1444
f 1413/1413/1413 1444/1444/1444 1416/1416/1416
f 1454/1454/1454 1439/1439/1439 1442/1442/1442
f 1454/1454/1454 1442/1442/1442 1455/1455/1455
f 1423/1423/1423 1435/1435/1435 1438/1438/1438
f 1423/1423/1423 1438/1438/1438 1424/1424/1424
f 1458/1458/1458 1431/1431/1431 1434/1434/1434
f 1458/1458/1458 1434/1434/1434 1459/1459/1459
f 1412/1412/1412 1427/1427/1427 1430/1430/1430
f 1412/1412/1412 1430/1430/1430 1413/1413/1413
f 606/606/606 616/616/616 1426/1426/1426
f 606/606/606 1426/1426/1426 1414/1414/1414
f 653/653/653 656/656/656 1460/1460/1460
f 653/653/653 1460/1460/1460 1461/1461/1461
f 1462/1462/1462 1463/1463/1463 1464/1464/1464
f 1462/1462/1462 1464/1464/1464 1465/1465/1465
f 1466/1466/1466 1467/1467/1467 1468/1468/1468
f 1466/1466/1466 1468/1468/1468 1469/1469/1469
f 1470/1470/1470 1471/1471/1471 1472/1472/1472
f 1470/1470/1470 1472/1472/1472 1473/1473/1473
f 1465/1465/1465 1464/1464/1464 1474/1474/1474
f 1465/1465/1465 1474/1474/1474 1475/1475/1475
f 1476/1476/1476 1477/1477/1477 1463/1463/1463
f 1476/1476/1476 1463/1463/1463 1462/1462/1462
f 1473/1473/1473 1472/1472/1472 1478/1478/1478
f 1473/1473/1473 1478/1478/1478 1479/1479/1479
f 1461/1461/1461 1460/1460/1460 1480/1480/1480
f 1461/1461/1461 1480/1480/1480 1481/1481/1481
f 1475/1475/1475 1474/1474/1474 1482/1482/1482
f 1475/1475/1475 1482/1482/1482 1483/1483/1483
f 1484/1484/1484 1485/1485/1485 1486/1486/1486
f 1484/1484/1484 1486/1486/1486 1487/1487/1487
f 1488/1488/1488 1484/1484/1484 1487/1487/1487
f 1488/1488/1488 1487/1487/1487 1489/1489/1489
f 1490/1490/1490 1475/1475/1475 1483/1483/1483
f 1490/1490/1490 1483/1483/1483 1491/1491/1491
f 1492/1492/1492 1461/1461/1461 1481/1481/1481
f 1492/1492/1492 1481/1481/1481 1493/1493/1493
f 1494/1494/1494 1473/1473/1473 1479/1479/1479
f 1494/1494/1494 1479/1479/1479 1495/1495/1495
f 1496/1496/1496 1476/1476/1476 1462/1462/1462
f 1496/1496/1496 1462/1462/1462 1497/1497/1497
f 1498/1498/1498 1465/1465/1465 1475/1475/1475
f 1498/1498/1498 1475/1475/1475 1490/1490/1490
f 1499/1499/1499 1470/1470/1470 1473/1473/1473
f 1499/1499/1499 1473/1473/1473 1494/1494/1494
f 1500/1500/1500 1466/1466/1466 1469/1469/1469
f 1500/1500/1500 1469/1469/1469 1501/1501/1501
f 1497/1497/1497 1462/1462/1462 1465/1465/1465
f 1497/1497/1497 1465/1465/1465 1498/1498/1498
f 697/697/697 653/653/653 1461/1461/1461
f 697/697/697 1461/1461/1461 1492/1492/1492
f 1502/1502/1502 1503/1503/1503 1504/1504/1504
f 1502/1502/1502 1504/1504/1504 1505/1505/1505
f 1506/1506/1506 1507/1507/1507 1508/1508/1508
f 1506/1506/1506 1508/1508/1508 1509/1509/1509
f 1510/1510/1510 1511/1511/1511 1512/1512/1512
f 1510/1510/1510 1512/1512/1512 1513/1513/1513
f 1505/1505/1505 1504/1504/1504 1514/1514/1514
f 1505/1505/1505 1514/1514/1514 1515/1515/1515
f 1516/1516/1516 1517/1517/1517 1518/1518/1518
f 1516/1516/1516 1518/1518/1518 1519/1519/1519
f 1509/1509/1509 1508/1508/1508 1520/1520/1520
f 1509/1509/1509 1520/1520/1520 1521/1521/1521
f 1522/1522/1522 1523/1523/1523 1524/1524/1524
f 1522/1522/1522 1524/1524/1524 1525/1525/1525
f 722/722/722 723/723/723 1517/1517/1517
f 722/722/722 1517/1517/1517 1516/1516/1516
f 1513/1513/1513 1512/1512/1512 1507/1507/1507
f 1513/1513/1513 1507/1507/1507 1506/1506/1506
f 1526/1526/1526 1527/1527/1527 1528/1528/1528
f 1526/1526/1526 1528/1528/1528 1529/1529/1529
f 1467/1467/1467 1526/1526/1526 1529/1529/1529
f 1467/1467/1467 1529/1529/1529 1468/1468/1468
f 1463/1463/1463 1513/1513/1513 1506/1506/1506
f 1463/1463/1463 1506/1506/1506 1464/1464/1464
f 656/656/656 722/722/722 1516/1516/1516
f 656/656/656 1516/1516/1516 1460/1460/1460
f 1485/1485/1485 1522/1522/1522 1525/1525/1525
f 1485/1485/1485 1525/1525/1525 1486/1486/1486
f 1474/1474/1474 1509/1509/1509 1521/1521/1521
f 1474/1474/1474 1521/1521/1521 1482/1482/1482
f 1460/1460/1460 1516/1516/1516 1519/1519/1519
f 1460/1460/1460 1519/1519/1519 1480/1480/1480
f 1472/1472/1472 1505/1505/1505 1515/1515/1515
f 1472/1472/1472 1515/1515/1515 1478/1478/1478
f 1477/1477/1477 1510/1510/1510 1513/1513/1513
f 1477/1477/1477 1513/1513/1513 1463/1463/1463
f 1464/1464/1464 1506/1506/1506 1509/1509/1509
f 1464/1464/1464 1509/1509/1509 1474/1474/1474
f 1471/1471/1471 1502/1502/1502 1505/1505/1505
f 1471/1471/1471 1505/1505/1505 1472/1472/1472
f 728/728/728 731/731/731 1530/1530/1530
f 728/728/728 1530/1530/1530 1531/1531/1531
f 1532/1532/1532 1533/1533/1533 1534/1534/1534
f 1532/1532/1532 1534/1534/1534 1535/1535/1535
f 1536/1536/1536 1537/1537/1537 1538/1538/1538
f 1536/1536/1536 1538/1538/1538 1539/1539/1539
f 1540/1540/1540 1541/1541/1541 1542/1542/1542
f 1540/1540/1540 1542/1542/1542 1543/1543/1543
f 1535/1535/1535 1534/1534/1534 1544/1544/1544
f 1535/1535/1535 1544/1544/1544 1545/1545/1545
f 1546/1546/1546 1547/1547/1547 1533/1533/1533
f 1546/1546/1546 1533/1533/1533 1532/1532/1532
f 1543/1543/1543 1542/1542/1542 1548/1548/1548
f 1543/1543/1543 1548/1548/1548 1549/1549/1549
f 1531/1531/1531 1530/1530/1530 1550/1550/1550
f 1531/1531/1531 1550/1550/1550 1551/1551/1551
f 1545/1545/1545 1544/1544/1544 1552/1552/1552
f 1545/1545/1545 1552/1552/1552 1553/1553/1553
f 1554/1554/1554 1555/1555/1555 1556/1556/1556
f 1554/1554/1554 1556/1556/1556 1557/1557/1557
f 1558/1558/1558 1559/1559/1559 1560/1560/1560
f 1558/1558/1558 1560/1560/1560 1561/1561/1561
f 1562/1562/1562 1563/1563/1563 1564/1564/1564
f 1562/1562/1562 1564/1564/1564 1565/1565/1565
f 1566/1566/1566 1567/1567/1567 1568/1568/1568
f 1566/1566/1566 1568/1568/1568 1569/1569/1569
f 1570/1570/1570 1571/1571/1571 1572/1572/1572
f 1570/1570/1570 1572/1572/1572 1573/1573/1573
f 774/774/774 775/775/775 1563/1563/1563
f 774/774/774 1563/1563/1563 1562/1562/1562
f 1574/1574/1574 1575/1575/1575 1576/1576/1576
f 1574/1574/1574 1576/1576/1576 1577/1577/1577
f 1578/1578/1578 1579/1579/1579 1580/1580/1580
f 1578/1578/1578 1580/1580/1580 1581/1581/1581
f 1582/1582/1582 1583/1583/1583 1559/1559/1559
f 1582/1582/1582 1559/1559/1559 1558/1558/1558
f 1577/1577/1577 1576/1576/1576 1567/1567/1567
f 1577/1577/1577 1567/1567/1567 1566/1566/1566
f 1584/1584/1584 1585/1585/1585 1575/1575/1575
f 1584/1584/1584 1575/1575/1575 1574/1574/1574
f 1547/1547/1547 1584/1584/1584 1574/1574/1574
f 1547/1547/1547 1574/1574/1574 1533/1533/1533
f 1534/1534/1534 1577/1577/1577 1566/1566/1566
f 1534/1534/1534 1566/1566/1566 1544/1544/1544
f 1541/1541/1541 1582/1582/1582 1558/1558/1558
f 1541/1541/1541 1558/1558/1558 1542/1542/1542
f 1537/1537/1537 1578/1578/1578 1581/1581/1581
f 1537/1537/1537 1581/1581/1581 1538/1538/1538
f 1533/1533/1533 1574/1574/1574 1577/1577/1577
f 1533/1533/1533 1577/1577/1577 1534/1534/1534
f 731/731/731 774/774/774 1562/1562/1562
f 731/731/731 1562/1562/1562 1530/1530/1530
f 1555/1555/1555 1570/1570/1570 1573/1573/1573
f 1555/1555/1555 1573/1573/1573 1556/1556/1556
f 1544/1544/1544 1566/1566/1566 1569/1569/1569
f 1544/1544/1544 1569/1569/1569 1552/1552/1552
f 1530/1530/1530 1562/1562/1562 1565/1565/1565
f 1530/1530/1530 1565/1565/1565 1550/1550/1550
f 1542/1542/1542 1558/1558/1558 1561/1561/1561
f 1542/1542/1542 1561/1561/1561 1548/1548/1548
f 1586/1586/1586 1587/1587/1587 1588/1588/1588
f 1586/1586/1586 1588/1588/1588 1589/1589/1589
f 1590/1590/1590 1591/1591/1591 1592/1592/1592
f 1590/1590/1590 1592/1592/1592 1593/1593/1593
f 1594/1594/1594 1595/1595/1595 1596/1596/1596
f 1594/1594/1594 1596/1596/1596 1597/1597/1597
f 1598/1598/1598 1599/1599/1599 1600/1600/1600
f 1598/1598/1598 1600/1600/1600 1601/1601/1601
f 1589/1589/1589 1588/1588/1588 1602/1602/1602
f 1603/1603/1603 1604/1604/1604 1605/1605/1605
f 808/808/808 1606/1606/1606 1599/1599/1599
f 808/808/808 1599/1599/1599 1598/1598/1598
f 1593/1593/1593 1592/1592/1592 1587/1587/1587
f 1593/1593/1593 1587/1587/1587 1586/1586/1586
f 1607/1607/1607 1608/1608/1608 1609/1609/1609
f 1607/1607/1607 1609/1609/1609 1610/1610/1610
f 1611/1611/1611 1612/1612/1612 1595/1595/1595
f 1611/1611/1611 1595/1595/1595 1594/1594/1594
f 1583/1583/1583 1611/1611/1611 1594/1594/1594
f 1583/1583/1583 1594/1594/1594 1559/1559/1559
f 1579/1579/1579 1607/1607/1607 1610/1610/1610
f 1579/1579/1579 1610/1610/1610 1580/1580/1580
f 1575/1575/1575 1593/1593/1593 1586/1586/1586
f 1575/1575/1575 1586/1586/1586 1576/1576/1576
f 775/775/775 808/808/808 1598/1598/1598
f 775/775/775 1598/1598/1598 1563/1563/1563
f 1571/1571/1571 1603/1603/1603 1605/1605/1605
f 1571/1571/1571 1605/1605/1605 1572/1572/1572
f 1567/1567/1567 1589/1589/1589 1602/1602/1602
f 1567/1567/1567 1602/1602/1602 1568/1568/1568
f 1563/1563/1563 1598/1598/1598 1601/1601/1601
f 1563/1563/1563 1601/1601/1601 1564/1564/1564
f 1559/1559/1559 1594/1594/1594 1597/1597/1597
f 1559/1559/1559 1597/1597/1597 1560/1560/1560
f 1585/1585/1585 1590/1590/1590 1593/1593/1593
f 1585/1585/1585 1593/1593/1593 1575/1575/1575
f 1576/1576/1576 1586/1586/1586 1589/1589/1589
f 1576/1576/1576 1589/1589/1589 1567/1567/1567
f 1613/1613/1613 1614/1614/1614 1615/1615/1615
f 1613/1613/1613 1615/1615/1615 1616/1616/1616
f 1616/1616/1616 1615/1615/1615 1617/1617/1617
f 1618/1618/1618 1619/1619/1619 1620/1620/1620
f 1618/1618/1618 1620/1620/1620 1621/1621/1621
f 1621/1621/1621 1620/1620/1620 1614/1614/1614
f 1621/1621/1621 1614/1614/1614 1613/1613/1613
f 1622/1622/1622 1623/1623/1623 1624/1624/1624
f 1622/1622/1622 1624/1624/1624 1625/1625/1625
f 1626/1626/1626 1627/1627/1627 1623/1623/1623
f 1626/1626/1626 1623/1623/1623 1622/1622/1622
f 1628/1628/1628 1626/1626/1626 1622/1622/1622
f 1628/1628/1628 1622/1622/1622 1629/1629/1629
f 1629/1629/1629 1622/1622/1622 1625/1625/1625
f 1629/1629/1629 1625/1625/1625 1630/1630/1630
f 1631/1631/1631 1621/1621/1621 1613/1613/1613
f 1631/1631/1631 1613/1613/1613 1632/1632/1632
f 1632/1632/1632 1613/1613/1613 1633/1633/1633
f 1634/1634/1634 1616/1616/1616 1635/1635/1635
f 1636/1636/1636 1618/1618/1618 1621/1621/1621
f 1636/1636/1636 1621/1621/1621 1631/1631/1631
f 1635/1635/1635 1616/1616/1616 1617/1617/1617
f 1635/1635/1635 1617/1617/1617 1637/1637/1637
f 1633/1633/1633 1613/1613/1613 1616/1616/1616
f 1633/1633/1633 1616/1616/1616 1634/1634/1634
f 1638/1638/1638 1639/1639/1639 1640/1640/1640
f 1638/1638/1638 1640/1640/1640 1641/1641/1641
f 1642/1642/1642 1643/1643/1643 1639/1639/1639
f 1642/1642/1642 1639/1639/1639 1638/1638/1638
f 1644/1644/1644 1645/1645/1645 1646/1646/1646
f 1644/1644/1644 1646/1646/1646 1647/1647/1647
f 1648/1648/1648 1649/1649/1649 1645/1645/1645
f 1648/1648/1648 1645/1645/1645 1644/1644/1644
f 1620/1620/1620 1644/1644/1644 1614/1614/1614
f 1619/1619/1619 1648/1648/1648 1644/1644/1644
f 1619/1619/1619 1644/1644/1644 1620/1620/1620
f 1614/1614/1614 1644/1644/1644 1647/1647/1647
f 1614/1614/1614 1647/1647/1647 1615/1615/1615
f 1627/1627/1627 1642/1642/1642 1638/1638/1638
f 1627/1627/1627 1638/1638/1638 1623/1623/1623
f 1623/1623/1623 1638/1638/1638 1641/1641/1641
f 1623/1623/1623 1641/1641/1641 1624/1624/1624
f 1639/1639/1639 1650/1650/1650 1651/1651/1651
f 1639/1639/1639 1651/1651/1651 1640/1640/1640
f 1643/1643/1643 855/855/855 1650/1650/1650
f 1643/1643/1643 1650/1650/1650 1639/1639/1639
f 1645/1645/1645 1652/1652/1652 1653/1653/1653
f 1645/1645/1645 1653/1653/1653 1646/1646/1646
f 1649/1649/1649 1654/1654/1654 1652/1652/1652
f 1649/1649/1649 1652/1652/1652 1645/1645/1645
f 855/855/855 860/860/860 1655/1655/1655
f 855/855/855 1655/1655/1655 1650/1650/1650
f 1652/1652/1652 1656/1656/1656 1657/1657/1657
f 1652/1652/1652 1657/1657/1657 1653/1653/1653
f 1654/1654/1654 1658/1658/1658 1656/1656/1656
f 1654/1654/1654 1656/1656/1656 1652/1652/1652
f 1650/1650/1650 1655/1655/1655 1659/1659/1659
f 1650/1650/1650 1659/1659/1659 1651/1651/1651
f 860/860/860 865/865/865 1655/1655/1655
f 1656/1656/1656 1660/1660/1660 1657/1657/1657
f 1658/1658/1658 1660/1660/1660 1656/1656/1656
f 1655/1655/1655 865/865/865 1659/1659/1659
f 1661/1661/1661 1170/1170/1170 1662/1662/1662
f 1662/1662/1662 1170/1170/1170 1663/1663/1663
f 1664/1664/1664 1170/1170/1170 1665/1665/1665
f 1665/1665/1665 1170/1170/1170 1279/1279/1279
f 1322/1322/1322 1170/1170/1170 1666/1666/1666
f 1666/1666/1666 1170/1170/1170 1667/1667/1667
f 1344/1344/1344 1316/1316/1316 1315/1315/1315
f 1344/1344/1344 1315/1315/1315 1668/1668/1668
f 1314/1314/1314 1317/1317/1317 1669/1669/1669
f 1669/1669/1669 1317/1317/1317 1399/1399/1399
f 1347/1347/1347 1343/1343/1343 1670/1670/1670
f 1670/1670/1670 1343/1343/1343 1345/1345/1345
f 1325/1325/1325 1671/1671/1671 1672/1672/1672
f 1325/1325/1325 1672/1672/1672 1326/1326/1326
f 1671/1671/1671 1261/1261/1261 1260/1260/1260
f 1671/1671/1671 1260/1260/1260 1672/1672/1672
f 1323/1323/1323 1673/1673/1673 1674/1674/1674
f 1323/1323/1323 1674/1674/1674 1324/1324/1324
f 1673/1673/1673 1319/1319/1319 1318/1318/1318
f 1673/1673/1673 1318/1318/1318 1674/1674/1674
f 1262/1262/1262 1675/1675/1675 1676/1676/1676
f 1262/1262/1262 1676/1676/1676 1263/1263/1263
f 1675/1675/1675 1321/1321/1321 1320/1320/1320
f 1675/1675/1675 1320/1320/1320 1676/1676/1676
f 1170/1170/1170 1661/1661/1661 1667/1667/1667
f 1000/1000/1000 998/998/998 1044/1044/1044
f 920/920/920 1677/1677/1677 924/924/924
f 1678/1678/1678 1679/1679/1679 924/924/924
f 1678/1678/1678 924/924/924 1680/1680/1680
f 924/924/924 1677/1677/1677 1680/1680/1680
f 1681/1681/1681 950/950/950 1679/1679/1679
f 1681/1681/1681 1679/1679/1679 1678/1678/1678
f 1200/1200/1200 1199/1199/1199 945/945/945
f 1200/1200/1200 945/945/945 948/948/948
f 950/950/950 1681/1681/1681 951/951/951
f 1682/1682/1682 1683/1683/1683 1684/1684/1684
f 1682/1682/1682 1684/1684/1684 1685/1685/1685
f 1686/1686/1686 1682/1682/1682 1685/1685/1685
f 1686/1686/1686 1685/1685/1685 1687/1687/1687
f 1688/1688/1688 1689/1689/1689 1685/1685/1685
f 1690/1690/1690 1688/1688/1688 1685/1685/1685
f 1685/1685/1685 1689/1689/1689 1691/1691/1691
f 1685/1685/1685 1692/1692/1692 1687/1687/1687
f 1692/1692/1692 1685/1685/1685 1691/1691/1691
f 1684/1684/1684 1693/1693/1693 1685/1685/1685
f 1693/1693/1693 1690/1690/1690 1685/1685/1685
f 1170/1170/1170 1664/1664/1664 1663/1663/1663
