# Blender 4.5.3 LTS
# www.blender.org
mtllib GaussScope.mtl
o wpn_gauss_world.ogf_11
v 0.017730 0.087588 -0.041483
v 0.017516 0.086817 -0.005033
v 0.017730 0.087610 -0.005023
v -0.038458 0.034388 -0.065723
v -0.038458 0.035683 -0.063934
v -0.038367 0.034513 -0.063697
v -0.038458 0.027341 -0.063934
v -0.038458 0.028702 -0.065723
v -0.038367 0.029161 -0.063697
v -0.021620 0.038571 -0.121362
v -0.023007 0.035015 -0.123690
v -0.021620 0.035031 -0.123727
v -0.027116 0.057200 -0.137018
v -0.021285 0.056045 -0.135831
v -0.026938 0.056033 -0.135823
v -0.021195 0.057205 -0.137026
v -0.021282 0.056078 -0.123930
v -0.022673 0.038554 -0.121324
v -0.025221 0.057133 -0.122554
v -0.025394 0.056066 -0.123922
v -0.021137 0.028366 -0.122544
v -0.021289 0.029608 -0.135690
v -0.021292 0.029608 -0.123862
v -0.024418 0.045809 -0.138993
v -0.024418 0.039016 -0.138993
v -0.024418 0.042663 -0.139669
v -0.025938 0.048942 -0.137769
v -0.024418 0.049033 -0.137772
v -0.025938 0.036448 -0.137636
v -0.024418 0.036436 -0.137772
v -0.008634 0.112920 0.017378
v -0.010457 0.119501 0.017264
v -0.009668 0.118277 0.018211
v -0.012452 0.115200 0.018563
v -0.015350 0.110274 0.018390
v -0.011414 0.111281 0.018264
v -0.009894 0.110673 0.017378
v -0.012156 0.108371 0.018264
v -0.010530 0.108177 0.017378
v -0.013686 0.116185 0.016939
v -0.016864 0.110830 0.017467
v -0.017376 0.108908 0.018183
v -0.015663 0.108704 0.018211
v -0.015413 0.104887 0.018211
v -0.009945 0.113901 0.018264
v -0.007848 0.116051 0.018264
v -0.006835 0.114764 0.017378
v -0.004620 0.116079 0.017378
v -0.006510 0.120551 0.018211
v -0.006881 0.122068 0.018183
v -0.005266 0.117584 0.018264
v -0.002141 0.116777 0.017378
v -0.002375 0.118397 0.018264
v -0.002807 0.121593 0.018211
v 0.000628 0.118435 0.018264
v -0.003040 0.123314 0.018183
v 0.001042 0.121905 0.018563
v 0.000435 0.116809 0.017378
v 0.005499 0.122615 0.018183
v 0.001265 0.123452 0.018724
v 0.002931 0.116173 0.017378
v 0.003539 0.117693 0.018264
v 0.005177 0.114913 0.017378
v 0.006158 0.116224 0.018264
v 0.004813 0.120903 0.018211
v 0.009180 0.120202 0.018183
v 0.008308 0.114127 0.018264
v 0.008122 0.118809 0.018211
v 0.012229 0.117403 0.018724
v 0.007021 0.113114 0.017378
v 0.008337 0.110899 0.017378
v 0.009034 0.108420 0.017378
v 0.009842 0.111545 0.018264
v 0.010750 0.116238 0.018563
v 0.012536 0.112765 0.018461
v 0.014152 0.113450 0.018567
v 0.015315 0.109315 0.018131
v 0.008430 0.103348 0.017378
v 0.009066 0.105844 0.017378
v 0.013683 0.109084 0.018178
v 0.010655 0.108653 0.018264
v 0.007170 0.101101 0.017378
v 0.005371 0.099258 0.017378
v 0.009951 0.102740 0.018264
v 0.013607 0.105219 0.018461
v 0.015351 0.105012 0.018567
v 0.010692 0.105650 0.018264
v 0.003935 0.091571 0.017736
v 0.003662 0.093192 0.018942
v 0.014416 0.100607 0.018242
v 0.003802 0.096437 0.018264
v 0.007989 0.096039 0.019062
v 0.006384 0.097971 0.018264
v 0.008482 0.100121 0.018264
v 0.012801 0.101027 0.018568
v 0.013222 0.098689 0.017494
v 0.012027 0.099246 0.018587
v 0.008353 0.094971 0.017018
v 0.011738 0.087744 -0.000560
v 0.012234 0.087256 -0.000560
v 0.011105 0.088032 -0.000560
v 0.012478 0.086604 -0.000560
v 0.010409 0.088026 -0.000560
v 0.012484 0.085909 -0.000560
v 0.009758 0.087782 -0.000560
v 0.012195 0.085275 -0.000560
v 0.009270 0.087286 -0.000560
v 0.011708 0.084779 -0.000560
v 0.008982 0.086653 -0.000560
v 0.011056 0.084536 -0.000560
v 0.008988 0.085958 -0.000560
v 0.009727 0.084818 -0.000560
v 0.010360 0.084530 -0.000560
v 0.009231 0.085306 -0.000560
v -0.021720 0.102121 -0.011584
v -0.021720 0.102758 -0.011613
v -0.021720 0.101776 -0.012079
v -0.021720 0.103423 -0.014116
v -0.021720 0.103135 -0.012105
v -0.021720 0.096689 -0.019026
v -0.021720 0.096250 -0.020798
v -0.021720 0.101755 -0.013219
v -0.021720 0.103348 -0.020459
v -0.021720 0.101720 -0.023618
v -0.019353 0.103135 -0.012105
v -0.021720 0.102910 -0.022232
v -0.019353 0.102171 -0.011581
v -0.019353 0.102753 -0.011610
v -0.021720 0.099966 -0.024124
v -0.021720 0.096856 -0.022521
v -0.021720 0.098171 -0.023787
v -0.019353 0.101776 -0.012079
v -0.019353 0.101755 -0.013219
v -0.019353 0.096689 -0.019026
v -0.019353 0.096250 -0.020798
v -0.019353 0.096856 -0.022521
v -0.019353 0.098171 -0.023787
v -0.019353 0.099966 -0.024124
v -0.019353 0.102910 -0.022232
v -0.019353 0.101720 -0.023618
v -0.021720 0.104866 -0.029600
v -0.021720 0.105375 -0.029276
v -0.021720 0.106109 -0.030149
v -0.021720 0.105952 -0.029548
v -0.019353 0.103348 -0.020459
v -0.019353 0.103423 -0.014116
v -0.021720 0.104406 -0.030643
v -0.021720 0.103078 -0.037936
v -0.021720 0.105599 -0.032114
v -0.021720 0.096401 -0.035506
v -0.021720 0.101988 -0.039402
v -0.021720 0.097490 -0.034041
v 0.008987 0.099743 0.003058
v 0.000703 0.119061 0.000244
v 0.006775 0.097475 0.000244
v 0.011280 0.108743 0.000244
v 0.010422 0.111793 0.000244
v 0.000703 0.119061 0.003058
v -0.002465 0.119022 0.003058
v -0.005514 0.118164 0.003058
v 0.010537 0.102506 0.003058
v 0.011319 0.105576 0.003058
v 0.011280 0.108743 0.003058
v 0.010422 0.111793 0.003058
v 0.003773 0.118279 0.003058
v 0.003773 0.118279 0.000244
v 0.010537 0.102506 0.000244
v 0.011319 0.105576 0.000244
v 0.008987 0.099743 0.000244
v 0.006775 0.097475 0.003058
v 0.004051 0.095857 0.000244
v 0.004051 0.095857 0.003058
v 0.001001 0.094999 0.000244
v 0.001001 0.094999 0.003058
v -0.019353 0.105599 -0.032114
v -0.019353 0.106109 -0.030149
v -0.019353 0.103078 -0.037936
v -0.019353 0.101988 -0.039402
v -0.021720 0.100356 -0.040220
v -0.019353 0.100356 -0.040220
v -0.021720 0.098543 -0.040009
v -0.019353 0.098543 -0.040009
v -0.021720 0.097018 -0.039005
v -0.019353 0.097018 -0.039005
v -0.021720 0.096293 -0.037329
v -0.019353 0.096293 -0.037329
v -0.019353 0.096401 -0.035506
v -0.019353 0.097490 -0.034041
v -0.019353 0.104406 -0.030643
v -0.019353 0.104866 -0.029600
v -0.019353 0.105423 -0.029292
v -0.019353 0.105948 -0.029544
v -0.011885 0.102228 0.003058
v -0.012743 0.105278 0.000244
v -0.010267 0.099504 0.000244
v -0.011885 0.102228 0.000244
v -0.010267 0.099504 0.003058
v -0.012000 0.111515 0.000244
v -0.012782 0.108445 0.003058
v -0.008238 0.116546 0.000244
v -0.012782 0.108445 0.000244
v -0.010450 0.114278 0.003058
v -0.008000 0.097292 0.003058
v -0.005237 0.095742 0.003058
v -0.005237 0.095742 0.000244
v -0.012743 0.105278 0.003058
v -0.010450 0.114278 0.000244
v -0.008000 0.097292 0.000244
v -0.012000 0.111515 0.003058
v -0.008238 0.116546 0.003058
v -0.005514 0.118164 0.000244
v -0.002465 0.119022 0.000244
v 0.008804 0.114517 0.003058
v 0.006536 0.116729 0.000244
v 0.008804 0.114517 0.000244
v 0.006536 0.116729 0.003058
v -0.002167 0.094960 0.000244
v -0.002167 0.094960 0.003058
v 0.001266 0.093168 0.009901
v 0.004780 0.094156 0.003447
v 0.007919 0.096021 0.009901
v 0.001266 0.093168 0.003447
v 0.004780 0.094156 0.009901
v 0.010469 0.098635 0.009901
v 0.007919 0.096021 0.003447
v 0.010469 0.098635 0.003447
v 0.013156 0.105357 0.003447
v 0.012255 0.101819 0.003447
v 0.013156 0.105357 0.009901
v 0.012255 0.101819 0.009901
v 0.012122 0.112522 0.009901
v 0.012122 0.112522 0.003447
v 0.013111 0.109008 0.009901
v 0.013111 0.109008 0.003447
v 0.010258 0.115661 0.003447
v 0.007644 0.118211 0.009901
v 0.010258 0.115661 0.009901
v 0.007644 0.118211 0.003447
v 0.000922 0.120898 0.009901
v 0.004460 0.119997 0.003447
v 0.004460 0.119997 0.009901
v -0.002729 0.120853 0.003447
v -0.002729 0.120853 0.009901
v 0.000922 0.120898 0.003447
v -0.006244 0.119865 0.003447
v -0.006244 0.119865 0.009901
v -0.009383 0.118000 0.009901
v -0.009383 0.118000 0.003447
v -0.011932 0.115387 0.009901
v -0.011932 0.115387 0.003447
v -0.013718 0.112202 0.009901
v -0.013718 0.112202 0.003447
v -0.014620 0.108664 0.009901
v -0.014620 0.108664 0.003447
v -0.014903 0.104967 0.009901
v -0.014574 0.105013 0.003447
v -0.013586 0.101499 0.009901
v -0.013586 0.101499 0.003447
v -0.011721 0.098360 0.009901
v -0.011721 0.098360 0.003447
v -0.009108 0.095810 0.009901
v -0.009108 0.095810 0.003447
v -0.005923 0.094024 0.009901
v -0.005923 0.094024 0.003447
v -0.002385 0.093123 0.009901
v -0.008125 0.102619 0.009358
v -0.002385 0.093123 0.003447
v -0.008125 0.102619 0.010707
v -0.004939 0.099511 0.009358
v -0.004939 0.099511 0.010707
v 0.003660 0.099617 0.009358
v -0.000625 0.098412 0.010707
v -0.000625 0.098412 0.009358
v 0.006768 0.102804 0.009358
v 0.006768 0.102804 0.010707
v 0.003660 0.099617 0.010707
v 0.007867 0.107117 0.010707
v 0.006661 0.111402 0.009358
v 0.007867 0.107117 0.009358
v 0.003475 0.114510 0.010707
v -0.000838 0.115609 0.009358
v -0.000838 0.115609 0.010707
v -0.005123 0.114404 0.009358
v -0.008232 0.111218 0.009358
v 0.003475 0.114510 0.009358
v 0.006661 0.111402 0.010707
v -0.005123 0.114404 0.010707
v -0.008232 0.111218 0.010707
v -0.009330 0.106904 0.010707
v -0.009330 0.106904 0.009358
v -0.010142 0.099603 0.015083
v -0.009648 0.099992 0.016334
v -0.011738 0.102291 0.015083
v -0.009604 0.100026 0.013888
v -0.007782 0.101461 0.017060
v -0.011161 0.102539 0.016334
v -0.007724 0.101506 0.012972
v -0.009612 0.105729 0.017060
v -0.011109 0.102561 0.013888
v -0.008910 0.103504 0.012972
v -0.009539 0.105740 0.012972
v -0.008978 0.103475 0.017060
v -0.012585 0.105300 0.015083
v -0.011963 0.105390 0.016334
v -0.009568 0.108063 0.012972
v -0.012623 0.108426 0.015083
v -0.011944 0.108346 0.013888
v -0.011907 0.105398 0.013888
v -0.008994 0.110314 0.012972
v -0.009641 0.108071 0.017060
v -0.010322 0.114183 0.015083
v -0.011852 0.111456 0.015083
v -0.007858 0.112340 0.012972
v -0.009774 0.113773 0.013888
v -0.009063 0.110341 0.017060
v -0.011999 0.108352 0.016334
v -0.011268 0.111223 0.016334
v -0.011216 0.111202 0.013888
v -0.009819 0.113806 0.016334
v -0.007917 0.112384 0.017060
v -0.006236 0.114003 0.012972
v -0.008139 0.116420 0.015083
v -0.007751 0.115927 0.016334
v -0.006282 0.114061 0.017060
v -0.004239 0.115189 0.012972
v -0.005182 0.117388 0.013888
v -0.005451 0.118017 0.015083
v -0.007716 0.115883 0.013888
v -0.002352 0.118242 0.016334
v -0.002442 0.118863 0.015083
v -0.004268 0.115257 0.017060
v -0.005204 0.117439 0.016334
v -0.002344 0.118186 0.013888
v 0.000603 0.118223 0.013888
v 0.000684 0.118902 0.015083
v -0.002002 0.115818 0.012972
v 0.000320 0.115847 0.012972
v -0.002013 0.115891 0.017060
v 0.000329 0.115920 0.017060
v 0.000610 0.118278 0.016334
v 0.003480 0.117547 0.016334
v 0.003714 0.118131 0.015083
v 0.006440 0.116601 0.015083
v 0.003460 0.117495 0.013888
v 0.002571 0.115273 0.012972
v 0.002599 0.115342 0.017060
v 0.004642 0.114196 0.017060
v 0.006064 0.116098 0.016334
v 0.008678 0.114418 0.015083
v 0.008184 0.114029 0.016334
v 0.006030 0.116053 0.013888
v 0.008140 0.113995 0.013888
v 0.006260 0.112515 0.012972
v 0.004597 0.114137 0.012972
v 0.009697 0.111482 0.016335
v 0.007515 0.110547 0.017061
v 0.006318 0.112561 0.017060
v 0.010275 0.111730 0.015084
v 0.011121 0.108721 0.015084
v 0.009646 0.111461 0.013890
v 0.008076 0.108281 0.012974
v 0.007447 0.110518 0.012974
v 0.008104 0.105959 0.012974
v 0.010444 0.108623 0.013890
v 0.008149 0.108292 0.017061
v 0.010499 0.108631 0.016335
v 0.011160 0.105595 0.015084
v 0.010536 0.105669 0.016335
v 0.010480 0.105676 0.013890
v 0.010388 0.102565 0.015084
v 0.008178 0.105950 0.017061
v 0.007531 0.103707 0.012974
v 0.007600 0.103680 0.017061
v 0.006454 0.101637 0.017061
v 0.008355 0.100215 0.016335
v 0.009805 0.102798 0.016335
v 0.006394 0.101681 0.012974
v 0.009753 0.102819 0.013890
v 0.008859 0.099839 0.015084
v 0.004818 0.099961 0.017061
v 0.006287 0.098095 0.016335
v 0.006676 0.097601 0.015084
v 0.008311 0.100248 0.013890
v 0.004772 0.100019 0.012974
v 0.006252 0.098139 0.013890
v 0.002775 0.098832 0.012974
v 0.000539 0.098203 0.012974
v -0.004035 0.098748 0.012974
v -0.001784 0.098174 0.012974
v -0.006061 0.099884 0.012972
v 0.003988 0.096004 0.015084
v 0.003718 0.096633 0.013890
v 0.000881 0.095835 0.013890
v -0.007494 0.097968 0.013888
v -0.004923 0.096526 0.013890
v -0.002067 0.095798 0.013890
v 0.003740 0.096582 0.016335
v 0.002804 0.098764 0.017061
v 0.000889 0.095780 0.016335
v 0.000979 0.095158 0.015084
v -0.002148 0.095119 0.015084
v -0.007904 0.097420 0.015083
v -0.005177 0.095891 0.015084
v -0.002073 0.095743 0.016335
v 0.000550 0.098130 0.017061
v -0.001793 0.098101 0.017061
v -0.004944 0.096474 0.016335
v -0.007527 0.097923 0.016334
v -0.004062 0.098679 0.017061
v -0.006105 0.099825 0.017060
v -0.007592 0.101610 0.011751
v -0.008652 0.102306 0.011367
v -0.008756 0.103570 0.011751
v -0.009373 0.105764 0.011751
v -0.009402 0.108043 0.011751
v -0.008839 0.110252 0.011751
v -0.008652 0.102306 0.010865
v -0.007724 0.112240 0.011751
v -0.006132 0.113871 0.011751
v -0.009944 0.106896 0.011367
v -0.009944 0.106896 0.010865
v -0.008767 0.111518 0.010865
v -0.004173 0.115035 0.011751
v -0.008767 0.111518 0.011367
v 0.000301 0.115680 0.011751
v -0.001978 0.115652 0.011751
v -0.005436 0.114931 0.010865
v -0.005436 0.114931 0.011367
v 0.004497 0.114003 0.011751
v 0.002509 0.115118 0.011751
v 0.006129 0.112411 0.011751
v -0.000846 0.116222 0.011367
v -0.000846 0.116222 0.010865
v 0.003775 0.115045 0.011367
v 0.007293 0.110452 0.011757
v 0.007910 0.108257 0.011757
v 0.007938 0.105978 0.011757
v 0.003775 0.115045 0.010865
v 0.007189 0.111715 0.011367
v 0.007189 0.111715 0.010865
v 0.007376 0.103770 0.011757
v 0.004669 0.100150 0.011757
v 0.006261 0.101782 0.011757
v 0.008480 0.107125 0.010865
v 0.008480 0.107125 0.011367
v 0.007303 0.102504 0.011367
v 0.002709 0.098986 0.011757
v 0.007303 0.102504 0.010865
v 0.000515 0.098369 0.011757
v 0.003973 0.099090 0.010865
v -0.001764 0.098341 0.011757
v -0.003973 0.098903 0.011757
v 0.003973 0.099090 0.011367
v -0.005961 0.100018 0.011751
v -0.000618 0.097799 0.010865
v -0.000618 0.097799 0.011367
v -0.005239 0.098976 0.011367
v -0.005239 0.098976 0.010865
v -0.012175 0.084490 -0.000560
v -0.011496 0.084641 -0.000560
v -0.010909 0.085015 -0.000560
v -0.012854 0.084641 -0.000560
v -0.013815 0.085602 -0.000560
v -0.010535 0.085602 -0.000560
v -0.013441 0.085015 -0.000560
v -0.010535 0.086960 -0.000560
v -0.010385 0.086281 -0.000560
v -0.011496 0.087921 -0.000560
v -0.010909 0.087547 -0.000560
v -0.013965 0.086281 -0.000560
v -0.013815 0.086960 -0.000560
v -0.012854 0.087921 -0.000560
v -0.021720 0.105952 -0.045816
v -0.013441 0.087547 -0.000560
v -0.012175 0.088071 -0.000560
v -0.021720 0.106109 -0.046416
v -0.021720 0.105375 -0.045544
v -0.021720 0.105599 -0.048382
v -0.021720 0.104866 -0.045868
v -0.021720 0.103078 -0.054204
v -0.021720 0.104406 -0.046911
v -0.021720 0.097490 -0.050309
v -0.021720 0.097018 -0.055273
v -0.021720 0.096401 -0.051774
v -0.021720 0.101988 -0.055670
v -0.021720 0.096293 -0.053597
v -0.021720 0.100356 -0.056488
v -0.019352 0.105948 -0.045812
v -0.021720 0.098543 -0.056277
v -0.019352 0.106109 -0.046416
v -0.019352 0.105423 -0.045560
v -0.021938 0.110423 -0.079219
v -0.019299 0.110423 -0.079219
v -0.019299 0.110377 -0.005889
v -0.019299 0.110400 -0.043183
v -0.021937 0.110401 -0.045093
v -0.021937 0.110377 -0.005889
v -0.021937 0.110399 -0.041274
v -0.021938 0.091715 -0.079219
v -0.019299 0.091715 -0.079219
v -0.019299 0.091715 -0.005889
v -0.021937 0.091715 -0.005889
v -0.021937 0.091715 -0.043183
v -0.019299 0.091715 -0.043183
v -0.019299 0.109484 -0.004996
v -0.019299 0.092608 -0.004996
v -0.019299 0.092608 -0.080113
v -0.019299 0.109530 -0.080113
v -0.017027 0.082450 0.000186
v -0.014639 0.084855 0.000186
v -0.013601 0.083815 0.000186
v -0.015609 0.081147 0.000186
v -0.012184 0.083449 0.000186
v 0.008269 0.084868 0.000186
v -0.010760 0.083818 0.000186
v -0.014118 0.080387 0.000186
v 0.010735 0.083449 0.000186
v 0.009311 0.083818 0.000186
v 0.014160 0.081147 0.000186
v 0.012668 0.080387 0.000186
v 0.012152 0.083815 0.000186
v 0.015578 0.082450 0.000186
v 0.013190 0.084855 0.000186
v 0.017024 0.085002 0.000186
v 0.013626 0.086320 0.000186
v 0.012179 0.088759 0.000186
v 0.017730 0.087613 0.000186
v 0.013188 0.087754 0.000186
v -0.009339 0.086266 0.000186
v 0.007890 0.086266 0.000186
v -0.009718 0.084868 0.000186
v -0.009721 0.087696 0.000186
v 0.009309 0.088755 0.000186
v 0.010718 0.089132 0.000186
v 0.008272 0.087696 0.000186
v -0.015076 0.086320 0.000186
v -0.019180 0.087613 0.000186
v -0.018473 0.085002 0.000186
v -0.014637 0.087754 0.000186
v -0.012167 0.089132 0.000186
v -0.013628 0.088759 0.000186
v -0.010759 0.088755 0.000186
v 0.017730 0.110353 0.000186
v -0.019180 0.110353 0.000186
v -0.018395 0.112935 0.000186
v 0.010599 0.122785 0.000186
v 0.016946 0.112935 0.000186
v -0.012049 0.122785 0.000186
v 0.009814 0.124004 0.000186
v -0.005224 0.125222 -0.142077
v -0.008738 0.125222 0.000186
v 0.007289 0.125222 0.000186
v -0.011263 0.124004 0.000186
v -0.005002 0.127261 -0.142077
v 0.003553 0.127261 -0.142077
v 0.003775 0.125222 -0.142077
v -0.005002 0.126413 -0.156816
v 0.012668 0.080387 -0.160676
v 0.012668 0.080387 -0.182810
v 0.003553 0.126413 -0.156816
v 0.008783 0.081056 -0.183398
v 0.008977 0.080256 -0.160676
v 0.012668 0.080387 -0.179927
v 0.012668 0.080387 -0.120855
v 0.008957 0.080288 -0.120855
v 0.008937 0.080319 -0.081969
v -0.010422 0.080369 -0.021090
v 0.012668 0.080387 -0.003269
v -0.014118 0.080387 -0.003269
v -0.010366 0.080351 -0.043428
v -0.014118 0.080387 -0.081969
v -0.010386 0.080319 -0.081969
v 0.012668 0.080387 -0.043428
v 0.012668 0.080387 -0.081969
v 0.008973 0.080369 -0.021090
v 0.008916 0.080351 -0.043428
v -0.014118 0.080387 -0.043428
v -0.014118 0.080387 -0.120855
v -0.014118 0.080387 -0.160676
v -0.010406 0.080288 -0.120855
v -0.010426 0.080256 -0.160676
v -0.014118 0.080387 -0.182810
v -0.010525 0.081063 -0.183388
v -0.014118 0.080387 -0.179927
v 0.011249 0.121777 -0.122510
v 0.013856 0.121810 -0.158724
v 0.011234 0.121800 -0.158712
v 0.013866 0.121794 -0.122502
v -0.017033 0.087532 -0.144315
v -0.019180 0.087536 -0.123813
v -0.017033 0.087542 -0.123814
v -0.019180 0.087526 -0.144315
v 0.006919 0.084325 -0.043428
v 0.006960 0.084351 -0.022857
v 0.006951 0.084228 -0.120855
v 0.006935 0.084277 -0.081969
v 0.006967 0.084061 -0.160231
v 0.011282 0.121725 -0.041515
v 0.007759 0.084502 -0.182091
v 0.011287 0.121719 -0.005002
v 0.013891 0.121755 -0.041506
v 0.013902 0.121738 -0.004996
v 0.020488 0.087594 -0.004996
v 0.003689 0.097553 -0.174701
v 0.003863 0.097180 -0.180674
v 0.020488 0.087594 -0.041506
v 0.007391 0.100392 -0.174701
v 0.009926 0.104552 -0.180674
v 0.007711 0.100130 -0.180674
v 0.009523 0.109425 -0.174701
v 0.009523 0.104646 -0.174701
v 0.007712 0.113942 -0.180674
v 0.003691 0.116520 -0.174701
v 0.009927 0.109519 -0.180674
v 0.007393 0.113681 -0.174701
v -0.000725 0.117901 -0.180674
v -0.000725 0.117490 -0.174701
v 0.003865 0.116893 -0.180674
v -0.008842 0.113681 -0.174701
v -0.005141 0.116520 -0.174701
v -0.005315 0.116893 -0.180674
v -0.011376 0.109519 -0.180674
v -0.010972 0.104646 -0.174701
v -0.009162 0.113942 -0.180674
v -0.010972 0.109425 -0.174701
v -0.009160 0.100130 -0.180674
v -0.008841 0.100392 -0.174701
v -0.011375 0.104552 -0.180674
v -0.005138 0.097553 -0.174701
v -0.005312 0.097180 -0.180674
v -0.000725 0.096585 -0.174701
v -0.000725 0.096173 -0.180674
v 0.003553 0.126413 -0.104169
v 0.003775 0.125222 -0.088995
v 0.003775 0.125222 -0.156816
v 0.003553 0.127261 -0.088995
v 0.003775 0.125222 -0.104169
v 0.017730 0.087562 -0.083934
v -0.005224 0.125222 -0.156816
v 0.017730 0.087540 -0.118686
v 0.020488 0.087594 -0.118719
v 0.020488 0.087594 -0.083895
v -0.015306 0.080961 -0.181288
v -0.014717 0.080676 -0.182357
v -0.016642 0.082190 -0.181218
v 0.017150 0.086788 -0.179246
v 0.017541 0.086809 -0.177090
v -0.015548 0.081079 -0.179302
v 0.014099 0.081079 -0.179302
v 0.013857 0.080961 -0.181288
v 0.015498 0.082309 -0.179025
v 0.015193 0.082190 -0.181218
v 0.013268 0.080676 -0.182357
v -0.019180 0.087562 -0.083934
v -0.019180 0.087540 -0.118686
v 0.017730 0.087538 -0.122527
v 0.017730 0.087516 -0.158688
v 0.017532 0.086810 -0.122533
v 0.017534 0.086793 -0.158708
v 0.017730 0.087585 -0.045311
v 0.017530 0.086825 -0.083928
v 0.017730 0.087564 -0.080109
v 0.017531 0.086805 -0.118701
v 0.017521 0.086814 -0.045295
v 0.017057 0.085060 -0.120634
v 0.017524 0.086802 -0.080108
v 0.017067 0.085079 -0.160593
v 0.017046 0.085041 -0.082027
v 0.017171 0.085481 -0.119138
v 0.017170 0.085454 -0.162075
v 0.017172 0.085484 -0.122085
v 0.015545 0.082391 -0.120803
v 0.017036 0.085023 -0.043413
v 0.015535 0.082374 -0.160657
v 0.014105 0.081086 -0.160676
v 0.017160 0.085460 -0.080554
v 0.017520 0.086811 -0.041485
v 0.014145 0.081130 -0.043428
v 0.014118 0.081101 -0.120855
v 0.014132 0.081116 -0.081969
v 0.017162 0.085488 -0.041917
v 0.017154 0.085459 -0.044848
v 0.015556 0.082411 -0.081983
v 0.017178 0.085486 -0.159147
v 0.017161 0.085463 -0.083467
v 0.017154 0.085481 -0.004566
v 0.015566 0.082429 -0.043425
v 0.017025 0.085004 -0.003250
v 0.014159 0.081145 -0.003269
v 0.015577 0.082448 -0.003265
v 0.017151 0.085471 -0.001988
v 0.017730 0.087612 -0.001525
v 0.017730 0.110354 -0.001512
v 0.016946 0.112934 -0.001519
v -0.012708 0.121762 -0.080115
v -0.012718 0.121747 -0.045305
v -0.011249 0.124026 -0.044849
v -0.010520 0.124373 -0.043406
v -0.012019 0.122831 -0.080096
v 0.011259 0.121762 -0.080115
v 0.010588 0.122803 -0.045304
v 0.011268 0.121747 -0.045305
v 0.010570 0.122831 -0.080096
v 0.009071 0.124373 -0.043406
v 0.009800 0.124026 -0.044849
v -0.012037 0.122803 -0.045304
v 0.010588 0.122803 -0.005003
v 0.009199 0.124302 -0.003369
v 0.010603 0.122779 -0.041506
v -0.012053 0.122779 -0.041506
v 0.010593 0.122796 -0.001558
v 0.009813 0.124005 -0.001987
v 0.009813 0.124007 -0.004522
v 0.009801 0.124025 -0.041945
v 0.007289 0.125222 -0.003026
v -0.012731 0.121725 -0.041515
v -0.010648 0.124302 -0.003369
v -0.012042 0.122796 -0.001558
v -0.012037 0.122803 -0.005003
v -0.012736 0.121719 -0.005002
v -0.011250 0.124025 -0.041945
v -0.011262 0.124007 -0.004522
v -0.011263 0.124005 -0.001987
v -0.008738 0.125222 -0.003026
v -0.018474 0.085004 -0.003250
v -0.018396 0.112934 -0.001519
v -0.019180 0.087612 -0.001525
v -0.019180 0.110354 -0.001512
v -0.019180 0.087516 -0.158688
v -0.018982 0.086810 -0.122533
v -0.018507 0.085061 -0.123813
v -0.019180 0.087538 -0.122527
v -0.018600 0.085471 -0.001988
v 0.011255 0.121767 -0.118712
v -0.018983 0.086793 -0.158708
v 0.011261 0.121758 -0.083901
v -0.018627 0.085486 -0.159147
v 0.010564 0.122840 -0.118708
v 0.010574 0.122825 -0.083900
v 0.009789 0.124044 -0.080559
v 0.010570 0.122832 -0.158705
v 0.010561 0.122845 -0.122501
v 0.009776 0.124064 -0.122086
v 0.009099 0.124369 -0.082097
v 0.009099 0.124378 -0.120659
v -0.005224 0.125222 -0.104169
v 0.009788 0.124045 -0.083472
v 0.009777 0.124062 -0.119149
v -0.010549 0.124369 -0.082097
v -0.011238 0.124044 -0.080559
v 0.007289 0.125222 -0.043351
v -0.008738 0.125222 -0.043351
v 0.007289 0.125222 -0.082002
v -0.012705 0.121767 -0.118712
v -0.005224 0.125222 -0.088995
v -0.012023 0.122825 -0.083900
v -0.012710 0.121758 -0.083901
v -0.012013 0.122840 -0.118708
v -0.011237 0.124045 -0.083472
v -0.008738 0.125222 -0.082002
v -0.010548 0.124378 -0.120659
v -0.011226 0.124062 -0.119149
v -0.012683 0.121800 -0.158712
v 0.017355 0.110436 -0.169961
v -0.012698 0.121777 -0.122510
v 0.016640 0.112769 -0.168956
v 0.017554 0.086867 -0.162564
v 0.017730 0.110458 -0.162524
v 0.017730 0.110461 -0.167803
v 0.016997 0.112856 -0.166774
v 0.016995 0.112858 -0.162509
v 0.010277 0.122740 -0.164664
v 0.010564 0.122841 -0.162478
v 0.007289 0.125222 -0.120139
v 0.009517 0.123931 -0.164152
v 0.009764 0.124082 -0.159165
v 0.009068 0.124403 -0.160580
v 0.009757 0.124080 -0.161998
v 0.007289 0.125222 -0.160473
v -0.012019 0.122832 -0.158705
v 0.007198 0.124996 -0.163690
v -0.012011 0.122845 -0.122501
v -0.008647 0.124996 -0.163690
v -0.011213 0.124082 -0.159165
v -0.010518 0.124403 -0.160580
v -0.011225 0.124064 -0.122086
v -0.008738 0.125222 -0.120139
v -0.018445 0.112858 -0.162509
v -0.008738 0.125222 -0.160473
v -0.010966 0.123931 -0.164152
v -0.011726 0.122740 -0.164664
v -0.011206 0.124080 -0.161998
v -0.018517 0.085079 -0.160593
v -0.018619 0.085454 -0.162075
v -0.012013 0.122841 -0.162478
v -0.018089 0.112769 -0.168956
v -0.019180 0.110461 -0.167803
v -0.019180 0.110458 -0.162524
v -0.019004 0.086867 -0.162564
v -0.018804 0.110436 -0.169961
v -0.018446 0.112856 -0.166774
v -0.018511 0.085070 -0.144315
v -0.018599 0.086788 -0.179246
v -0.018990 0.086809 -0.177090
v -0.016947 0.082309 -0.179025
v -0.016981 0.082368 -0.144315
v -0.018506 0.085060 -0.120634
v -0.016984 0.082374 -0.160657
v -0.015554 0.081086 -0.160676
v -0.018621 0.085484 -0.122085
v -0.016986 0.082377 -0.123813
v -0.018965 0.086817 -0.005033
v -0.018969 0.086811 -0.041485
v -0.019180 0.087588 -0.041483
v -0.019180 0.087610 -0.005023
v -0.015608 0.081145 -0.003269
v -0.015567 0.081101 -0.120855
v -0.015581 0.081116 -0.081969
v -0.018604 0.085481 -0.004566
v -0.017026 0.082448 -0.003265
v -0.018611 0.085488 -0.041917
v -0.015594 0.081130 -0.043428
v -0.018485 0.085023 -0.043413
v -0.018980 0.086805 -0.118701
v -0.018620 0.085481 -0.119138
v -0.017016 0.082429 -0.043425
v -0.018980 0.086825 -0.083928
v -0.018495 0.085041 -0.082027
v -0.017005 0.082411 -0.081983
v -0.016994 0.082391 -0.120803
v -0.018610 0.085463 -0.083467
v -0.018973 0.086802 -0.080108
v -0.019180 0.087585 -0.045311
v -0.018609 0.085460 -0.080554
v -0.018603 0.085459 -0.044848
v 0.020488 0.087594 -0.045289
v -0.019180 0.087564 -0.080109
v -0.018971 0.086814 -0.045295
v 0.013879 0.121773 -0.080113
v 0.020488 0.087594 -0.080113
v 0.013867 0.121792 -0.118719
v 0.013890 0.121756 -0.045289
v 0.013878 0.121775 -0.083896
v 0.020488 0.087594 -0.158724
v 0.020488 0.087594 -0.122502
v 0.020488 0.087594 -0.162475
v 0.019987 0.086688 -0.162475
v 0.019304 0.085455 -0.162027
v 0.019751 0.112884 -0.162475
v 0.020488 0.110474 -0.162475
v 0.011785 0.124109 -0.162027
v 0.012774 0.123011 -0.162475
v 0.011785 0.124108 -0.159172
v 0.011455 0.124475 -0.160600
v 0.012775 0.123009 -0.158724
v 0.019304 0.085455 -0.041954
v 0.019987 0.086688 -0.041506
v 0.019304 0.085455 -0.044841
v 0.019076 0.085043 -0.043398
v 0.019987 0.086688 -0.045289
v 0.019987 0.086688 -0.080113
v 0.019076 0.085043 -0.082004
v 0.019304 0.085455 -0.080561
v 0.019304 0.085455 -0.083447
v 0.019987 0.086688 -0.083895
v 0.019304 0.085455 -0.119167
v 0.019987 0.086688 -0.118719
v 0.019304 0.085455 -0.122054
v 0.019076 0.085043 -0.120610
v 0.019987 0.086688 -0.122502
v 0.019987 0.086688 -0.158724
v 0.019304 0.085455 -0.159172
v 0.019076 0.085043 -0.160600
v 0.011796 0.124091 -0.122054
v 0.012786 0.122993 -0.122502
v 0.011797 0.124090 -0.119167
v 0.012787 0.122991 -0.118719
v 0.011467 0.124457 -0.120611
v 0.012798 0.122974 -0.083896
v 0.011808 0.124072 -0.083447
v 0.011479 0.124438 -0.082004
v 0.011809 0.124071 -0.080561
v 0.012799 0.122972 -0.080113
v 0.011820 0.124054 -0.044841
v 0.012810 0.122955 -0.045289
v 0.012954 0.085809 -0.001414
v 0.012946 0.086691 -0.001414
v 0.012637 0.087517 -0.001414
v 0.012008 0.088136 -0.001414
v 0.011205 0.088502 -0.001414
v 0.010323 0.088494 -0.001414
v 0.009496 0.088185 -0.001414
v 0.008878 0.087556 -0.001414
v 0.008828 0.085044 -0.001414
v 0.009457 0.084426 -0.001414
v 0.012588 0.085006 -0.001414
v 0.011969 0.084377 -0.001414
v 0.008512 0.086753 -0.001414
v 0.008519 0.085871 -0.001414
v 0.011491 0.124419 -0.043398
v 0.011502 0.124401 -0.003264
v 0.011832 0.124036 -0.004548
v 0.012823 0.122936 -0.001533
v 0.011833 0.124034 -0.001981
v 0.019704 0.112957 -0.001533
v 0.012811 0.122953 -0.041506
v 0.011821 0.124052 -0.041954
v 0.012822 0.122937 -0.004996
v 0.019987 0.086688 -0.001533
v 0.019304 0.085455 -0.001981
v 0.020488 0.087594 -0.001533
v 0.019304 0.085455 -0.004548
v 0.019987 0.086688 -0.004996
v 0.019076 0.085043 -0.003264
v 0.020488 0.110375 -0.001533
v -0.008409 0.084351 -0.022993
v -0.008368 0.084325 -0.043428
v -0.008384 0.084277 -0.081969
v -0.008416 0.084061 -0.160231
v -0.008400 0.084228 -0.120855
v -0.009641 0.084291 -0.182170
v -0.005002 0.126413 -0.104169
v -0.005002 0.127261 -0.088995
v -0.020525 0.085043 -0.003264
v -0.020753 0.085455 -0.001981
v -0.021436 0.086688 -0.001533
v -0.021153 0.112957 -0.001533
v -0.014272 0.122936 -0.001533
v -0.013281 0.124036 -0.004548
v -0.015351 0.121738 -0.004996
v -0.014271 0.122937 -0.004996
v -0.021436 0.086688 -0.045289
v -0.015352 0.121737 -0.001533
v -0.012952 0.124401 -0.003264
v -0.013282 0.124034 -0.001981
v -0.021937 0.109484 -0.004996
v -0.021937 0.087594 -0.004996
v -0.021937 0.110375 -0.001533
v -0.015329 0.121773 -0.080113
v -0.021937 0.087594 -0.001533
v -0.015339 0.121756 -0.045289
v -0.015316 0.121792 -0.118719
v -0.015327 0.121775 -0.083896
v -0.021938 0.087594 -0.118719
v -0.015341 0.121755 -0.041506
v -0.021937 0.092608 -0.004996
v -0.021937 0.087594 -0.041506
v -0.021937 0.087594 -0.083895
v -0.021938 0.092608 -0.080113
v -0.021938 0.109530 -0.080113
v -0.020753 0.085455 -0.004548
v -0.021436 0.086688 -0.004996
v -0.021937 0.087594 -0.045289
v -0.020753 0.085455 -0.044841
v -0.020525 0.085043 -0.043398
v -0.020753 0.085455 -0.041954
v -0.014236 0.122991 -0.118719
v -0.021436 0.086688 -0.041506
v -0.013245 0.124091 -0.122054
v -0.015315 0.121794 -0.122502
v -0.014235 0.122993 -0.122502
v -0.013246 0.124090 -0.119167
v -0.012916 0.124457 -0.120611
v -0.021938 0.087594 -0.080113
v -0.021436 0.086688 -0.083895
v -0.021436 0.086688 -0.080113
v -0.021938 0.087594 -0.122502
v -0.021436 0.086688 -0.122502
v -0.020753 0.085455 -0.080561
v -0.020525 0.085043 -0.160600
v -0.021937 0.087594 -0.158724
v -0.020753 0.085455 -0.159172
v -0.015305 0.121810 -0.158724
v -0.021436 0.086688 -0.158724
v -0.020753 0.085455 -0.122054
v -0.021436 0.086688 -0.118719
v -0.012904 0.124475 -0.160600
v -0.020753 0.085455 -0.119167
v -0.020525 0.085043 -0.120610
v -0.021200 0.112884 -0.162475
v -0.021938 0.110474 -0.162475
v -0.014224 0.123011 -0.162475
v -0.013234 0.124109 -0.162027
v -0.013235 0.124108 -0.159172
v -0.014225 0.123009 -0.158724
v -0.020525 0.085043 -0.082004
v -0.020753 0.085455 -0.083447
v -0.021436 0.086688 -0.162475
v -0.021938 0.087594 -0.162475
v -0.020753 0.085455 -0.162027
v -0.014248 0.122972 -0.080113
v -0.013258 0.124071 -0.080561
v -0.012928 0.124438 -0.082004
v -0.013257 0.124072 -0.083447
v -0.014247 0.122974 -0.083896
v -0.014260 0.122953 -0.041506
v -0.013270 0.124052 -0.041954
v -0.012940 0.124419 -0.043398
v -0.013269 0.124054 -0.044841
v -0.014259 0.122955 -0.045289
v -0.000725 0.094288 -0.178291
v -0.010691 0.099087 -0.176297
v -0.000725 0.094288 -0.180674
v -0.006255 0.095550 -0.180674
v -0.006255 0.095550 -0.177767
v -0.013153 0.104199 -0.174174
v -0.013153 0.104199 -0.180674
v -0.010691 0.099087 -0.180674
v -0.013154 0.109872 -0.171816
v -0.013154 0.109872 -0.180674
v -0.010693 0.114984 -0.169692
v -0.010693 0.114985 -0.180674
v -0.006258 0.118523 -0.168222
v -0.006258 0.118523 -0.180674
v -0.000725 0.119786 -0.180674
v -0.000725 0.119786 -0.167697
v 0.004808 0.118523 -0.168222
v 0.009244 0.114984 -0.169692
v 0.004808 0.118523 -0.180674
v 0.011705 0.109872 -0.171816
v 0.009244 0.114985 -0.180674
v 0.011705 0.109872 -0.180674
v 0.011704 0.104199 -0.174174
v 0.011704 0.104199 -0.180674
v 0.009242 0.099087 -0.176298
v 0.009242 0.099087 -0.180674
v 0.004805 0.095550 -0.177767
v 0.004805 0.095550 -0.180674
v -0.019352 0.104866 -0.045868
v -0.019352 0.097490 -0.050309
v -0.019352 0.104406 -0.046911
v -0.019352 0.096401 -0.051774
v -0.019352 0.096293 -0.053597
v -0.019352 0.097018 -0.055273
v -0.019352 0.098543 -0.056277
v -0.019352 0.101988 -0.055670
v -0.019352 0.100356 -0.056488
v -0.019352 0.103078 -0.054204
v -0.019352 0.105599 -0.048382
v -0.021177 0.112919 -0.083895
v -0.021176 0.112921 -0.080113
v -0.021164 0.112939 -0.041227
v -0.021166 0.112937 -0.045139
v -0.021154 0.112955 -0.004996
v -0.021187 0.112903 -0.118949
v -0.021937 0.110426 -0.083895
v -0.021199 0.112885 -0.158473
v -0.021188 0.112902 -0.122633
v -0.021938 0.110447 -0.118964
v -0.021937 0.087594 -0.144455
v -0.021937 0.110472 -0.158457
v -0.021938 0.110450 -0.122641
v 0.019749 0.112886 -0.158223
v 0.020488 0.110472 -0.158190
v 0.020488 0.110449 -0.122301
v 0.019739 0.112902 -0.122313
v 0.020488 0.110447 -0.118919
v 0.019738 0.112903 -0.118907
v 0.020488 0.110426 -0.083826
v 0.020488 0.110402 -0.045380
v 0.019728 0.112919 -0.083837
v 0.020488 0.110423 -0.079974
v 0.019727 0.112921 -0.079985
v 0.020488 0.110377 -0.005079
v 0.020488 0.110400 -0.041783
v 0.019717 0.112937 -0.045338
v 0.019705 0.112955 -0.005074
v 0.019716 0.112938 -0.041729
v 0.016229 0.110355 -0.171299
v 0.008780 0.123470 -0.165641
v 0.015567 0.112514 -0.170366
v 0.009489 0.122326 -0.166135
v 0.014065 0.111154 -0.171411
v 0.006923 0.124318 -0.165261
v 0.007553 0.122702 -0.166411
v -0.008373 0.124318 -0.165261
v -0.010230 0.123470 -0.165641
v -0.015611 0.087143 -0.180866
v -0.015514 0.111154 -0.171411
v -0.009002 0.122702 -0.166411
v -0.010938 0.122326 -0.166135
v -0.017016 0.112514 -0.170366
v -0.017678 0.110355 -0.171299
v -0.017500 0.086997 -0.180463
v -0.027906 0.016223 -0.071046
v -0.027088 0.018257 -0.070980
v -0.027831 0.018271 -0.076811
v -0.027871 0.018264 -0.071013
v -0.027088 0.016223 -0.071000
v -0.018335 0.068956 -0.122656
v -0.027088 0.018271 -0.076811
v -0.018335 0.069979 -0.125404
v -0.018335 0.067360 -0.126748
v -0.018335 0.068858 -0.126380
v -0.038753 0.026878 -0.122926
v -0.038753 0.026878 -0.087067
v -0.018343 0.067346 -0.123156
v -0.036521 0.023086 -0.087124
v -0.036521 0.023086 -0.059651
v -0.036521 0.023086 -0.126718
v -0.037341 0.024478 -0.087060
v -0.037358 0.034438 -0.087134
v -0.037358 0.038090 -0.083116
v -0.036521 0.038045 -0.059651
v -0.037375 0.024456 -0.061063
v -0.036521 0.059496 -0.059651
v -0.038753 0.038095 -0.063443
v -0.037367 0.038023 -0.061048
v -0.027088 0.026073 -0.126748
v -0.030820 0.026002 -0.124508
v -0.038753 0.055705 -0.063443
v -0.030828 0.026002 -0.126733
v -0.027080 0.026073 -0.124523
v -0.030796 0.024286 -0.124508
v -0.030804 0.024286 -0.126733
v -0.027088 0.061389 -0.126748
v -0.030322 0.061349 -0.124509
v -0.027088 0.061364 -0.124492
v -0.031314 0.061349 -0.126735
v -0.031292 0.059469 -0.126735
v -0.030300 0.059469 -0.124509
v -0.027088 0.059467 -0.124492
v -0.027088 0.059508 -0.126748
v -0.027080 0.024358 -0.124523
v -0.027088 0.016223 -0.126748
v -0.027088 0.024358 -0.126748
v -0.027088 0.022554 -0.121625
v -0.027088 0.016223 -0.110050
v -0.027831 0.018346 -0.110055
v -0.027891 0.016223 -0.110020
v -0.027088 0.018346 -0.110055
v -0.027088 0.018336 -0.115734
v -0.027890 0.016223 -0.115769
v -0.027088 0.016223 -0.115736
v -0.027831 0.018336 -0.115734
v -0.027901 0.016223 -0.076856
v -0.027088 0.016223 -0.076811
v -0.038753 0.038093 -0.083214
v -0.027088 0.053330 -0.059681
v -0.038753 0.034438 -0.087134
v -0.027088 0.063013 -0.065182
v -0.027091 0.053330 -0.060589
v -0.027088 0.062372 -0.059681
v -0.027088 0.062372 -0.063075
v -0.033890 0.054994 -0.059659
v -0.032489 0.052696 -0.055631
v -0.032798 0.069869 -0.062969
v -0.032798 0.069869 -0.123400
v -0.038458 0.026637 -0.067562
v -0.038458 0.025676 -0.081969
v -0.038458 0.026637 -0.081584
v -0.027088 0.069869 -0.123430
v -0.027088 0.016223 -0.059681
v -0.030692 0.016223 -0.059666
v -0.030692 0.016223 -0.092469
v -0.018209 0.070424 -0.062699
v -0.030692 0.016223 -0.126733
v -0.033875 0.033708 -0.055627
v -0.038458 0.027329 -0.082974
v -0.038458 0.026151 -0.083629
v -0.038458 0.027329 -0.066173
v -0.038458 0.026151 -0.065123
v -0.038458 0.025676 -0.066784
v -0.038458 0.034388 -0.083424
v -0.038458 0.034245 -0.085070
v -0.038458 0.028635 -0.083424
v -0.038458 0.027341 -0.084818
v -0.038458 0.035683 -0.084818
v -0.038458 0.035694 -0.082974
v -0.038458 0.036872 -0.083629
v -0.038458 0.028778 -0.085070
v -0.038458 0.035694 -0.066173
v -0.038458 0.036872 -0.065123
v -0.038334 0.029517 -0.062519
v -0.038334 0.030366 -0.061671
v -0.037389 0.030366 -0.061671
v -0.037398 0.029161 -0.063697
v -0.037389 0.029517 -0.062519
v -0.038334 0.031525 -0.061360
v -0.037389 0.031525 -0.061360
v -0.038334 0.032684 -0.061671
v -0.037389 0.032684 -0.061671
v -0.038334 0.033533 -0.062519
v -0.037389 0.033533 -0.062519
v -0.037398 0.033865 -0.063697
v -0.038367 0.033865 -0.063697
v -0.038753 0.055705 -0.122926
v -0.036521 0.059496 -0.126718
v -0.031158 0.052866 -0.059667
v -0.033878 0.052695 -0.055628
v -0.031898 0.051442 -0.059666
v -0.031863 0.034270 -0.059664
v -0.029979 0.053309 -0.059670
v -0.021143 0.067146 -0.059681
v -0.022131 0.064330 -0.063075
v -0.022131 0.064330 -0.059681
v -0.021143 0.067236 -0.063114
v -0.028594 0.061618 -0.120677
v -0.028594 0.023725 -0.120677
v -0.027088 0.062965 -0.121353
v -0.028594 0.061618 -0.065753
v -0.027088 0.022554 -0.064805
v -0.028594 0.023725 -0.065753
v -0.027088 0.067565 -0.064960
v -0.027088 0.067575 -0.121911
v -0.018335 0.068682 -0.063506
v -0.021143 0.067146 -0.126748
v -0.021143 0.066899 -0.123174
v -0.022131 0.064330 -0.123942
v -0.022131 0.064330 -0.126748
v -0.018335 0.067360 -0.059681
v -0.018335 0.067450 -0.063114
v -0.038458 0.037347 -0.081969
v -0.038458 0.036386 -0.081584
v -0.038458 0.037347 -0.066784
v -0.038458 0.036386 -0.067562
v -0.032501 0.054996 -0.059662
v -0.032473 0.033717 -0.055630
v -0.018335 0.070590 -0.123981
v -0.027088 0.069869 -0.062999
v -0.027898 0.016223 -0.092527
v -0.027088 0.016223 -0.092544
v -0.027088 0.062372 -0.126748
v -0.027088 0.066551 -0.126748
v -0.027088 0.068394 -0.126380
v -0.027088 0.069500 -0.125274
v -0.034524 0.069500 -0.125244
v -0.035861 0.068394 -0.126349
v -0.036521 0.066551 -0.126718
v -0.033887 0.031408 -0.059658
v -0.032485 0.031419 -0.059661
v -0.027088 0.062372 -0.123786
v -0.027088 0.066303 -0.123031
v -0.031162 0.052866 -0.060575
v -0.031155 0.033069 -0.059667
v -0.031159 0.033069 -0.060575
v -0.029982 0.032800 -0.059671
v -0.027088 0.066292 -0.063840
v -0.018272 0.070078 -0.061236
v -0.018335 0.068918 -0.060052
v -0.027088 0.032766 -0.059681
v -0.029985 0.032800 -0.060579
v -0.027091 0.032766 -0.060589
v -0.031866 0.034270 -0.060572
v -0.031901 0.051442 -0.060574
v -0.029982 0.053309 -0.060578
v -0.027088 0.068394 -0.060050
v -0.036521 0.066551 -0.059651
v -0.027088 0.066551 -0.059681
v -0.034524 0.069500 -0.061126
v -0.035861 0.068394 -0.060020
v -0.027088 0.069500 -0.061156
v -0.029748 0.061618 -0.065753
v -0.029748 0.023725 -0.065753
v -0.029748 0.061618 -0.120677
v -0.029748 0.023725 -0.120677
v -0.030843 0.024386 -0.124912
v -0.030403 0.024386 -0.124535
v -0.029292 0.024386 -0.124779
v -0.029790 0.024386 -0.124482
v -0.030826 0.024386 -0.129500
v -0.028845 0.024386 -0.129330
v -0.030754 0.024386 -0.128942
v -0.029012 0.024386 -0.128792
v -0.030441 0.024386 -0.129953
v -0.030754 0.025890 -0.128942
v -0.029778 0.024386 -0.130087
v -0.029148 0.024386 -0.129842
v -0.030843 0.025890 -0.124912
v -0.029012 0.025890 -0.128792
v -0.029790 0.025890 -0.124482
v -0.029292 0.059708 -0.124779
v -0.029292 0.025890 -0.124779
v -0.029292 0.061212 -0.124779
v -0.029012 0.059708 -0.128792
v -0.030843 0.059708 -0.124912
v -0.030403 0.059708 -0.124535
v -0.029012 0.061212 -0.128792
v -0.030754 0.059708 -0.128942
v -0.030257 0.059708 -0.128539
v -0.029790 0.059708 -0.124482
v -0.030754 0.061212 -0.128942
v -0.029569 0.059708 -0.128480
v -0.030843 0.061212 -0.124912
v -0.030403 0.061212 -0.124535
v -0.030403 0.025890 -0.124535
v -0.029790 0.061212 -0.124482
v -0.031397 0.047885 -0.131269
v -0.031397 0.037734 -0.131269
v -0.031900 0.037734 -0.134137
v -0.031900 0.047885 -0.134137
v -0.031368 0.037734 -0.135397
v -0.031368 0.047885 -0.135397
v -0.030197 0.037734 -0.136103
v -0.028836 0.047885 -0.135986
v -0.030197 0.047885 -0.136103
v -0.027802 0.037734 -0.135091
v -0.027492 0.047885 -0.133759
v -0.028836 0.037734 -0.135986
v -0.027802 0.047885 -0.135091
v -0.027831 0.047885 -0.130963
v -0.027831 0.037734 -0.130963
v -0.027492 0.037734 -0.133759
v -0.037740 0.027643 -0.066487
v -0.037740 0.027002 -0.067825
v -0.037740 0.027643 -0.082660
v -0.037740 0.028851 -0.083093
v -0.037740 0.028872 -0.066054
v -0.037740 0.034173 -0.066054
v -0.037740 0.034172 -0.083093
v -0.037740 0.035381 -0.066487
v -0.037740 0.035381 -0.082660
v -0.037740 0.036021 -0.067825
v -0.037740 0.036021 -0.081322
v -0.027088 0.022554 -0.092408
v -0.028594 0.023725 -0.092263
v -0.029748 0.023725 -0.092152
v -0.027088 0.018294 -0.092499
v -0.037740 0.027002 -0.081322
v -0.037398 0.034513 -0.063697
v -0.037312 0.036872 -0.065123
v -0.037312 0.035683 -0.063934
v -0.037312 0.037347 -0.066784
v -0.037312 0.036872 -0.083629
v -0.037312 0.037347 -0.081969
v -0.037312 0.035683 -0.084818
v -0.037312 0.034245 -0.085070
v -0.037312 0.027341 -0.084818
v -0.037312 0.028778 -0.085070
v -0.037312 0.025676 -0.081969
v -0.037312 0.026151 -0.083629
v -0.037312 0.025676 -0.066784
v -0.037312 0.026151 -0.065123
v -0.037312 0.027341 -0.063934
v -0.029778 0.061212 -0.130087
v -0.030441 0.061212 -0.129953
v -0.029148 0.061212 -0.129842
v -0.028845 0.061212 -0.129330
v -0.030826 0.061212 -0.129500
v -0.030178 0.047885 -0.132539
v -0.028816 0.047885 -0.132422
v -0.028816 0.037734 -0.132420
v -0.030178 0.037734 -0.132537
v -0.029012 0.037706 -0.128792
v -0.029569 0.047892 -0.128480
v -0.030257 0.047892 -0.128539
v -0.030257 0.025890 -0.128539
v -0.029569 0.025890 -0.128480
v -0.029569 0.037706 -0.128480
v -0.030257 0.037706 -0.128539
v -0.030754 0.037706 -0.128942
v -0.030754 0.047892 -0.128942
v -0.028679 0.047790 -0.132185
v -0.030431 0.047776 -0.132162
v -0.031576 0.047749 -0.133967
v -0.028920 0.047740 -0.135437
v -0.031219 0.047725 -0.136393
v -0.028920 0.037699 -0.135331
v -0.031576 0.037720 -0.133861
v -0.031219 0.037693 -0.136287
v -0.030431 0.037732 -0.132056
v -0.028679 0.037717 -0.132079
v -0.021489 0.088724 -0.143966
v -0.021489 0.085417 -0.143966
v -0.021592 0.080889 -0.163548
v -0.019628 0.080889 -0.144730
v -0.021922 0.088724 -0.146391
v -0.021922 0.085417 -0.146391
v -0.021489 0.085417 -0.164029
v -0.021922 0.085417 -0.161604
v -0.021592 0.080889 -0.144730
v -0.021922 0.088724 -0.161604
v -0.019628 0.080889 -0.163548
v -0.021489 0.088724 -0.164029
v -0.019628 0.081976 -0.144730
v -0.019628 0.081976 -0.163548
v -0.021592 0.081976 -0.144730
v -0.021592 0.081976 -0.163548
v -0.022337 0.085417 -0.143966
v -0.022337 0.085417 -0.142582
v -0.022337 0.088724 -0.164029
v -0.029012 0.047892 -0.128792
v -0.022337 0.088724 -0.143966
v -0.022337 0.090066 -0.142582
v -0.007431 0.070896 -0.185459
v -0.007539 0.070887 -0.184687
v -0.010845 0.059845 -0.185751
v -0.010859 0.059845 -0.184839
v -0.020288 0.087765 -0.158219
v -0.017097 0.075940 -0.182826
v -0.022675 0.065096 -0.181496
v -0.021398 0.077998 -0.170883
v -0.021154 0.087242 -0.144632
v -0.019468 0.063795 -0.184770
v -0.020381 0.077269 -0.174315
v -0.024623 0.067568 -0.169644
v -0.023002 0.070495 -0.157278
v -0.020118 0.080119 -0.163542
v -0.020089 0.087474 -0.144372
v -0.019383 0.076808 -0.178382
v -0.024456 0.068803 -0.163440
v -0.021227 0.078731 -0.167443
v -0.021339 0.087563 -0.158501
v -0.013289 0.074063 -0.184759
v -0.024310 0.066532 -0.175589
v -0.019505 0.081830 -0.160591
v -0.019895 0.083997 -0.158914
v -0.013814 0.074160 -0.185551
v -0.019718 0.080955 -0.145134
v -0.020763 0.072957 -0.151137
v -0.019763 0.076280 -0.147459
v -0.017836 0.075924 -0.183831
v -0.022467 0.078440 -0.171931
v -0.020182 0.077076 -0.179814
v -0.021464 0.077947 -0.175362
v -0.022268 0.079060 -0.167759
v -0.021179 0.080138 -0.164188
v -0.020591 0.081669 -0.161101
v -0.020969 0.083840 -0.159397
v -0.023212 0.065385 -0.182435
v -0.025107 0.069104 -0.163996
v -0.024812 0.066915 -0.176468
v -0.020012 0.063857 -0.185693
v -0.025189 0.067997 -0.170087
v -0.023746 0.070665 -0.157918
v -0.021697 0.073127 -0.151755
v -0.020757 0.076478 -0.147660
v -0.020791 0.081039 -0.145250
v -0.019327 0.081976 -0.142582
v -0.019327 0.090066 -0.165413
v -0.019327 0.081976 -0.165413
v -0.019327 0.090066 -0.142582
v -0.022337 0.085417 -0.164029
v -0.022337 0.090066 -0.165413
v -0.022337 0.085417 -0.165413
v -0.023172 0.081976 -0.142582
v -0.023172 0.085417 -0.165413
v -0.023172 0.085417 -0.142582
v -0.023172 0.081976 -0.165413
v -0.023310 0.025191 -0.130520
v -0.021393 0.025191 -0.128550
v -0.021393 0.025191 -0.130520
v -0.023310 0.025191 -0.128550
v -0.023310 0.026897 -0.131506
v -0.021393 0.026897 -0.131506
v -0.023310 0.026897 -0.127565
v -0.021393 0.026897 -0.127565
v -0.021393 0.028603 -0.130520
v -0.023310 0.028603 -0.130520
v -0.021393 0.028603 -0.128550
v -0.023310 0.028603 -0.128550
v -0.019202 0.061085 -0.117031
v -0.019202 0.060236 -0.145132
v -0.019202 0.060182 -0.115398
v -0.019202 0.061085 -0.143467
v -0.019202 0.026712 -0.114629
v -0.019202 0.058713 -0.114629
v -0.019202 0.058712 -0.145871
v -0.019202 0.026712 -0.145871
v -0.019202 0.025129 -0.115417
v -0.019202 0.024339 -0.143467
v -0.019202 0.025195 -0.145150
v -0.019202 0.024339 -0.117031
v -0.023310 0.056762 -0.130520
v -0.021393 0.056762 -0.128550
v -0.023310 0.056762 -0.128550
v -0.021393 0.056762 -0.130520
v -0.023310 0.058468 -0.131506
v -0.021393 0.058468 -0.131506
v -0.023310 0.058468 -0.127565
v -0.021393 0.058468 -0.127565
v -0.021393 0.060174 -0.130520
v -0.021393 0.060174 -0.128550
v -0.023310 0.060174 -0.130520
v -0.023310 0.060174 -0.128550
v -0.023096 0.050445 -0.123690
v -0.022729 0.046905 -0.121324
v -0.020815 0.050459 -0.114644
v -0.020820 0.034996 -0.114643
v -0.021986 0.050459 -0.116078
v -0.022553 0.042730 -0.120494
v -0.021991 0.034996 -0.116078
v -0.022575 0.051659 -0.114644
v -0.024181 0.051659 -0.116078
v -0.025538 0.051627 -0.125459
v -0.021620 0.042746 -0.120531
v -0.021620 0.046922 -0.121362
v -0.021620 0.050461 -0.123727
v -0.021620 0.052826 -0.127267
v -0.025784 0.052810 -0.127229
v -0.021620 0.053657 -0.131442
v -0.026355 0.053641 -0.131405
v -0.021620 0.052826 -0.135617
v -0.026927 0.052810 -0.135580
v -0.021620 0.050461 -0.139157
v -0.027413 0.050445 -0.139120
v -0.027739 0.046905 -0.141485
v -0.021620 0.046922 -0.141522
v -0.027855 0.042730 -0.142316
v -0.021620 0.042746 -0.142353
v -0.021620 0.038571 -0.141522
v -0.027735 0.038554 -0.141485
v -0.021620 0.035031 -0.139157
v -0.027383 0.035015 -0.139120
v -0.021620 0.032666 -0.135617
v -0.026289 0.031819 -0.131405
v -0.021620 0.031835 -0.131442
v -0.026864 0.032649 -0.135580
v -0.021620 0.032666 -0.127267
v -0.025702 0.032649 -0.127229
v -0.025452 0.033832 -0.125459
v -0.025287 0.029624 -0.123852
v -0.025171 0.028371 -0.122534
v -0.023674 0.024339 -0.122547
v -0.025099 0.025428 -0.122549
v -0.020899 0.024328 -0.122547
v -0.026884 0.029624 -0.135679
v -0.023660 0.061085 -0.122592
v -0.020891 0.061096 -0.122592
v -0.020986 0.059877 -0.122594
v -0.025336 0.059889 -0.122586
v -0.021199 0.057138 -0.122562
v -0.021198 0.028383 -0.136969
v -0.020897 0.024328 -0.136974
v -0.024179 0.058363 -0.116079
v -0.022671 0.060182 -0.115414
v -0.022573 0.058712 -0.114644
v -0.024269 0.057441 -0.117116
v -0.024232 0.059145 -0.116489
v -0.024401 0.059883 -0.117816
v -0.022879 0.061085 -0.117046
v -0.020892 0.061096 -0.137043
v -0.026615 0.061085 -0.143467
v -0.027936 0.059904 -0.142366
v -0.025727 0.061085 -0.137043
v -0.027225 0.059900 -0.137031
v -0.026828 0.060236 -0.145129
v -0.026923 0.058713 -0.145868
v -0.028113 0.059187 -0.143747
v -0.026925 0.050503 -0.145868
v -0.028229 0.057620 -0.144648
v -0.028187 0.034879 -0.144491
v -0.028214 0.049773 -0.144594
v -0.026932 0.026712 -0.145868
v -0.026930 0.034922 -0.145868
v -0.028172 0.027032 -0.144437
v -0.028124 0.026242 -0.144061
v -0.026840 0.025195 -0.145146
v -0.027081 0.028393 -0.136959
v -0.026625 0.024339 -0.143466
v -0.027140 0.025501 -0.136966
v -0.025738 0.024339 -0.136974
v -0.027948 0.025530 -0.142682
v -0.024187 0.033793 -0.116078
v -0.024435 0.025404 -0.117998
v -0.022890 0.024339 -0.117045
v -0.022580 0.033793 -0.114643
v -0.024189 0.027046 -0.116078
v -0.024243 0.026193 -0.116503
v -0.022684 0.025129 -0.115432
v -0.022582 0.026712 -0.114643
v -0.030431 0.048942 -0.137769
v -0.030431 0.036448 -0.137637
v -0.026032 0.035571 -0.135914
v -0.024418 0.034824 -0.134548
v -0.031576 0.035571 -0.135914
v -0.026032 0.035505 -0.133609
v -0.026867 0.036275 -0.131538
v -0.030431 0.036275 -0.132046
v -0.031576 0.035505 -0.133803
v -0.024532 0.036377 -0.125946
v -0.024418 0.034824 -0.128261
v -0.024418 0.034199 -0.131405
v -0.025938 0.036275 -0.129756
v -0.030431 0.049233 -0.132183
v -0.031576 0.049965 -0.133956
v -0.031576 0.049855 -0.136066
v -0.024505 0.039307 -0.123551
v -0.026867 0.049233 -0.131676
v -0.024505 0.042560 -0.122904
v -0.024508 0.049055 -0.125908
v -0.025938 0.049233 -0.129893
v -0.024418 0.050002 -0.128261
v -0.024418 0.050627 -0.131405
v -0.026032 0.049965 -0.133762
v -0.024418 0.050002 -0.134548
v -0.026032 0.049855 -0.136065
v -0.020986 0.059889 -0.137039
v -0.023788 0.042708 -0.141560
v -0.019518 0.038821 -0.140787
v -0.019518 0.042708 -0.141560
v -0.023788 0.038821 -0.140787
v -0.019518 0.035527 -0.138586
v -0.023788 0.035527 -0.138586
v -0.019518 0.033325 -0.135291
v -0.023788 0.033325 -0.135291
v -0.019518 0.032552 -0.131405
v -0.023788 0.032552 -0.131405
v -0.019518 0.033325 -0.127518
v -0.023788 0.033325 -0.127518
v -0.019518 0.035527 -0.124223
v -0.023788 0.035527 -0.124223
v -0.019518 0.038821 -0.122022
v -0.023788 0.038821 -0.122022
v -0.019518 0.042708 -0.121249
v -0.023788 0.042708 -0.121249
v -0.019518 0.046594 -0.122022
v -0.023788 0.046594 -0.122022
v -0.019518 0.049889 -0.124223
v -0.023788 0.049889 -0.124223
v -0.019518 0.052090 -0.127518
v -0.023788 0.052090 -0.127518
v -0.019518 0.052863 -0.131405
v -0.023788 0.052863 -0.131405
v -0.019518 0.052090 -0.135291
v -0.023788 0.052090 -0.135291
v -0.019518 0.049889 -0.138586
v -0.023788 0.049889 -0.138586
v -0.019518 0.046594 -0.140787
v -0.023788 0.046594 -0.140787
v -0.024505 0.045813 -0.123551
v 0.000443 0.116873 0.012156
v 0.011143 0.084067 -0.001414
v 0.010261 0.084060 -0.001414
v 0.007073 0.113154 0.012156
v 0.009658 0.115190 0.010859
v 0.004203 0.119355 0.010831
v 0.005217 0.114965 0.012156
v 0.007210 0.117631 0.010844
v 0.002955 0.116233 0.012156
v 0.000843 0.120232 0.010823
v -0.002634 0.120197 0.010820
v -0.011122 0.098831 0.010859
v -0.002150 0.116841 0.012156
v -0.004646 0.116139 0.012156
v -0.005979 0.119248 0.010823
v -0.008955 0.117456 0.010831
v -0.011352 0.114952 0.010844
v -0.006876 0.114815 0.012156
v -0.013010 0.111919 0.010859
v -0.008686 0.112959 0.012156
v -0.009955 0.110698 0.012156
v -0.013831 0.108570 0.010872
v -0.010594 0.108185 0.012156
v -0.010562 0.105592 0.012156
v -0.013775 0.105129 0.010877
v -0.009860 0.103096 0.012156
v -0.012856 0.101812 0.010872
v -0.008536 0.100867 0.012156
v -0.004419 0.097788 0.012156
v -0.001906 0.097148 0.012156
v -0.002306 0.093789 0.010823
v -0.008674 0.096391 0.010844
v -0.006680 0.099056 0.012156
v -0.005667 0.094666 0.010831
v -0.002302 0.093819 0.015047
v -0.001898 0.097213 0.017378
v -0.004394 0.097848 0.012717
v -0.002237 0.094369 0.013742
v -0.002237 0.094369 0.016352
v -0.005663 0.094675 0.015047
v -0.005458 0.095189 0.016352
v -0.006641 0.099109 0.017378
v -0.010735 0.099136 0.013742
v 0.011547 0.102102 0.010859
v 0.001086 0.094410 0.016352
v 0.000677 0.097245 0.017378
v -0.001898 0.097213 0.012717
v 0.001086 0.094410 0.013742
v 0.001165 0.093862 0.015047
v 0.012367 0.105451 0.010872
v 0.000677 0.097245 0.012717
v 0.009888 0.099069 0.010844
v 0.012312 0.108892 0.010877
v 0.007223 0.101062 0.012156
v 0.011392 0.112209 0.010872
v 0.008491 0.103324 0.012156
v 0.009131 0.105836 0.012156
v 0.008397 0.110925 0.012156
v 0.009099 0.108429 0.012156
v 0.004516 0.094773 0.010823
v 0.007491 0.096565 0.010831
v 0.003183 0.097882 0.012156
v 0.005412 0.099206 0.012156
v 0.000687 0.097180 0.012156
v 0.001171 0.093824 0.010820
v -0.004394 0.097848 0.017378
v -0.006641 0.099109 0.012717
v -0.008356 0.096815 0.013742
v -0.008485 0.100907 0.017378
v -0.008485 0.100907 0.012717
v -0.008688 0.096372 0.015047
v -0.008356 0.096815 0.016352
v -0.005458 0.095189 0.013742
v -0.009800 0.103122 0.017378
v -0.009800 0.103122 0.012717
v -0.012432 0.101993 0.013742
v -0.012432 0.101993 0.016352
v -0.010735 0.099136 0.016352
v -0.011170 0.098793 0.015047
v -0.010498 0.105601 0.017378
v -0.010498 0.105601 0.012717
v -0.013880 0.105113 0.015047
v -0.010530 0.108177 0.012717
v -0.012941 0.101775 0.015047
v -0.013332 0.105192 0.016352
v -0.013332 0.105192 0.013742
v -0.013373 0.108516 0.013742
v -0.004620 0.116079 0.012717
v -0.005749 0.118711 0.013742
v -0.013923 0.108581 0.015047
v -0.013373 0.108516 0.016352
v -0.012553 0.111736 0.016352
v -0.012553 0.111736 0.013742
v -0.009894 0.110673 0.012717
v -0.013067 0.111942 0.015047
v -0.011371 0.114967 0.015047
v -0.008607 0.117014 0.016352
v -0.010927 0.114635 0.016352
v -0.008634 0.112920 0.012717
v -0.010927 0.114635 0.013742
v -0.006835 0.114764 0.012717
v -0.008607 0.117014 0.013742
v -0.008949 0.117449 0.015047
v -0.005967 0.119220 0.015047
v -0.005749 0.118711 0.016352
v -0.002550 0.119611 0.013742
v 0.003994 0.118832 0.013742
v 0.002931 0.116173 0.012717
v 0.006893 0.117206 0.016352
v 0.003994 0.118832 0.016352
v 0.004200 0.119346 0.015047
v 0.000839 0.120202 0.015047
v 0.000773 0.119652 0.013742
v -0.002141 0.116777 0.012717
v 0.000773 0.119652 0.016352
v -0.002550 0.119611 0.016352
v -0.002629 0.120159 0.015047
v 0.000435 0.116809 0.012717
v 0.011478 0.112246 0.015047
v 0.010969 0.112028 0.013742
v 0.007021 0.113114 0.012717
v 0.009272 0.114885 0.013742
v 0.005177 0.114913 0.012717
v 0.009272 0.114885 0.016352
v 0.009707 0.115228 0.015047
v 0.007224 0.117649 0.015047
v 0.006893 0.117206 0.013742
v 0.010969 0.112028 0.016352
v 0.011910 0.105505 0.016381
v 0.011869 0.108828 0.016352
v 0.012417 0.108908 0.015047
v 0.011869 0.108828 0.013742
v 0.009034 0.108420 0.012717
v 0.008337 0.110899 0.012717
v 0.003157 0.097942 0.017378
v 0.011090 0.102285 0.013742
v 0.009907 0.099055 0.015047
v 0.007485 0.096572 0.015047
v 0.008430 0.103348 0.012717
v 0.004286 0.095310 0.016352
v 0.007143 0.097007 0.016352
v 0.009464 0.099386 0.016352
v 0.011090 0.102285 0.016352
v 0.012460 0.105440 0.015062
v 0.011910 0.105505 0.013742
v 0.009066 0.105844 0.012717
v 0.011604 0.102079 0.015047
v 0.004504 0.094801 0.015047
v 0.007170 0.101101 0.012717
v 0.005371 0.099258 0.012717
v 0.009464 0.099386 0.013742
v 0.007143 0.097007 0.013742
v 0.003157 0.097942 0.012717
v 0.004286 0.095310 0.013742
v 0.001926 0.090978 0.018939
v 0.003933 0.091570 0.018725
v 0.001626 0.092885 0.020376
v -0.002122 0.095336 0.020045
v -0.006246 0.093249 0.019589
v -0.005096 0.096094 0.020045
v -0.010267 0.093661 0.019069
v -0.006913 0.091522 0.019069
v -0.007773 0.097595 0.020045
v -0.009970 0.099738 0.020045
v -0.001906 0.097148 0.019018
v -0.002542 0.092695 0.019863
v -0.002796 0.090734 0.019218
v -0.006680 0.099056 0.019018
v -0.004419 0.097788 0.019018
v -0.009501 0.095104 0.019589
v -0.011537 0.102377 0.020045
v -0.010147 0.114052 0.020135
v -0.009921 0.110624 0.019018
v -0.008536 0.100867 0.019018
v -0.013840 0.096862 0.019609
v -0.012483 0.097869 0.019863
v -0.014417 0.101395 0.019863
v -0.016048 0.100850 0.019609
v -0.015348 0.104897 0.019589
v -0.012368 0.105332 0.020045
v -0.009860 0.103096 0.019018
v -0.012406 0.108401 0.020045
v -0.010562 0.105592 0.019018
v -0.017011 0.104652 0.019069
v -0.015753 0.108907 0.019589
v -0.017376 0.108908 0.019069
v -0.014875 0.111430 0.019767
v -0.011648 0.111101 0.020135
v -0.010594 0.108185 0.019018
v -0.016864 0.110830 0.018353
v 0.001021 0.121730 0.019863
v 0.000658 0.118685 0.020045
v -0.012511 0.115311 0.019944
v -0.013686 0.116185 0.017824
v -0.009802 0.118401 0.019589
v -0.008004 0.116249 0.020135
v -0.008657 0.112937 0.019018
v -0.005365 0.117816 0.020045
v -0.006853 0.114787 0.019019
v -0.010457 0.119501 0.018149
v -0.006470 0.120444 0.019589
v -0.006881 0.122068 0.019069
v -0.002797 0.121477 0.019589
v -0.002411 0.118647 0.020045
v -0.004646 0.116139 0.019018
v -0.002150 0.116841 0.019018
v -0.003040 0.123314 0.019069
v 0.001265 0.123452 0.019609
v 0.003632 0.117927 0.020045
v 0.000443 0.116873 0.019018
v 0.010905 0.108689 0.020089
v 0.008380 0.110918 0.019018
v 0.002955 0.116233 0.019018
v 0.005499 0.122615 0.019069
v 0.004753 0.120748 0.019589
v 0.009180 0.120202 0.019069
v 0.008045 0.118715 0.019589
v 0.006309 0.116426 0.020045
v 0.008506 0.114283 0.020172
v 0.005217 0.114965 0.019018
v 0.012229 0.117403 0.019609
v 0.010611 0.116129 0.019863
v 0.014152 0.113450 0.019453
v 0.012422 0.112719 0.019877
v 0.010074 0.111644 0.020089
v 0.007034 0.113124 0.019019
v 0.015315 0.109315 0.019017
v 0.013604 0.109074 0.019657
v 0.015351 0.105012 0.019453
v 0.013484 0.105234 0.019794
v 0.010943 0.105620 0.020047
v 0.009081 0.108426 0.019018
v 0.009093 0.094968 0.017847
v 0.013636 0.098387 0.018277
v 0.014472 0.100329 0.019150
v 0.010185 0.102646 0.019920
v 0.012649 0.101337 0.019690
v 0.009130 0.105836 0.019018
v 0.000989 0.095088 0.020391
v 0.003895 0.093299 0.020488
v 0.007909 0.096102 0.020554
v 0.011907 0.099148 0.019998
v 0.008878 0.100257 0.020209
v 0.008545 0.103302 0.019018
v 0.000678 0.097241 0.019018
v 0.003082 0.097952 0.019018
v 0.003657 0.095840 0.020514
v 0.007214 0.101160 0.019018
v 0.006747 0.097510 0.020561
v 0.005350 0.099285 0.019019
v -0.014446 0.086281 -0.001414
v -0.017011 0.104652 0.018183
v -0.016048 0.100850 0.018724
v -0.013840 0.096862 0.018724
v -0.010267 0.093661 0.018183
v -0.006913 0.091522 0.018183
v -0.002796 0.090734 0.018332
v 0.001926 0.090978 0.018041
v -0.014255 0.085419 -0.001414
v -0.019920 0.097158 -0.066989
v -0.019920 0.103346 -0.066989
v -0.022296 0.097960 -0.067453
v -0.022296 0.098909 -0.066449
v -0.022296 0.102543 -0.067453
v -0.019920 0.102066 -0.065634
v 0.012839 0.081202 -0.183364
v -0.013781 0.084675 -0.001414
v -0.012175 0.084010 -0.001414
v 0.016050 0.086997 -0.180463
v 0.014294 0.081827 -0.182662
v 0.014162 0.087143 -0.180866
v -0.013037 0.084201 -0.001414
v -0.011314 0.084201 -0.001414
v -0.010570 0.084675 -0.001414
v -0.010095 0.085419 -0.001414
v -0.009904 0.086281 -0.001414
v -0.010095 0.087142 -0.001414
v -0.010570 0.087886 -0.001414
v -0.011314 0.088361 -0.001414
v -0.013037 0.088361 -0.001414
v -0.012175 0.088551 -0.001414
v -0.013781 0.087886 -0.001414
v -0.019920 0.096753 -0.066756
v -0.019362 0.096753 -0.066756
v -0.019362 0.100252 -0.064736
v -0.019920 0.102303 -0.065223
v -0.014255 0.087142 -0.001414
v -0.019362 0.098201 -0.065223
v -0.019920 0.100252 -0.064736
v -0.019920 0.104354 -0.068776
v -0.019362 0.104354 -0.068776
v -0.019362 0.102303 -0.065223
v -0.019920 0.103750 -0.070796
v -0.019920 0.098201 -0.065223
v -0.019362 0.103750 -0.066756
v -0.019920 0.103750 -0.066756
v -0.019920 0.102303 -0.072329
v -0.019362 0.102303 -0.072329
v -0.019920 0.100252 -0.072816
v -0.019362 0.100252 -0.072816
v -0.019362 0.096150 -0.068776
v -0.019920 0.096150 -0.068776
v -0.019362 0.103750 -0.070796
v -0.019362 0.098201 -0.072329
v -0.019920 0.096753 -0.070796
v -0.019920 0.098201 -0.072329
v -0.019920 0.098438 -0.065634
v -0.019362 0.096753 -0.070796
v -0.019920 0.100252 -0.065203
v -0.019920 0.103880 -0.068776
v -0.019920 0.103346 -0.070563
v -0.019920 0.098438 -0.071918
v -0.019920 0.100252 -0.072349
v -0.019920 0.102066 -0.071918
v -0.019920 0.097158 -0.070563
v -0.019920 0.096624 -0.068776
v -0.022296 0.097960 -0.070099
v -0.022296 0.100252 -0.071422
v -0.022296 0.097565 -0.068776
v -0.022296 0.102543 -0.070099
v -0.022296 0.102938 -0.068776
v -0.022296 0.098909 -0.071103
v -0.022296 0.101595 -0.071103
v -0.022296 0.101595 -0.066449
v -0.022296 0.100252 -0.066130
v -0.009721 0.086269 -0.001678
v -0.014288 0.081202 -0.183364
v -0.015744 0.081827 -0.182662
v 0.008272 0.086269 -0.001678
v 0.008600 0.085059 -0.001678
v 0.009502 0.084150 -0.001678
v 0.010735 0.083831 -0.001678
v 0.011962 0.084147 -0.001678
v 0.012860 0.085048 -0.001678
v 0.013238 0.086316 -0.001678
v 0.012859 0.087558 -0.001678
v 0.008603 0.087508 -0.001678
v 0.009501 0.088424 -0.001678
v 0.010720 0.088751 -0.001678
v 0.011985 0.088427 -0.001678
v -0.014687 0.086316 -0.001678
v -0.014308 0.087558 -0.001678
v -0.013434 0.088427 -0.001678
v -0.012170 0.088751 -0.001678
v -0.010950 0.088424 -0.001678
v -0.010052 0.087508 -0.001678
v -0.010049 0.085059 -0.001678
v -0.010952 0.084150 -0.001678
v -0.013411 0.084147 -0.001678
v -0.022296 0.100252 -0.068776
v -0.012184 0.083831 -0.001678
v -0.014309 0.085048 -0.001678
v 0.010736 0.086291 -0.001678
v -0.012185 0.086291 -0.001678
v -0.000725 0.107036 -0.174701
v -0.023310 0.026897 -0.129533
v -0.023788 0.036213 -0.137899
v -0.023788 0.034222 -0.134919
v -0.023788 0.034222 -0.127890
v -0.023788 0.033523 -0.131405
v -0.023788 0.036213 -0.124910
v -0.023788 0.039193 -0.122919
v -0.023788 0.042708 -0.122220
v -0.023788 0.046223 -0.122919
v -0.023788 0.049202 -0.124910
v -0.029748 0.029757 -0.117222
v -0.029748 0.027427 -0.092152
v -0.029748 0.028009 -0.116639
v -0.029748 0.058756 -0.116639
v -0.029748 0.057009 -0.117222
v -0.029748 0.027427 -0.114892
v -0.023788 0.051193 -0.127890
v -0.023788 0.051893 -0.131405
v -0.023788 0.051193 -0.134919
v -0.023788 0.039193 -0.139890
v -0.023788 0.042708 -0.140589
v -0.023788 0.046223 -0.139890
v -0.023788 0.049202 -0.137899
v -0.031635 0.027427 -0.071538
v -0.031635 0.027427 -0.091971
v -0.029748 0.028009 -0.069791
v -0.023310 0.058468 -0.129533
v -0.029748 0.027427 -0.071538
v -0.031635 0.029757 -0.069208
v -0.029748 0.029757 -0.069208
v -0.031635 0.057009 -0.069208
v -0.029748 0.058774 -0.069796
v -0.031635 0.059339 -0.071538
v -0.029748 0.059339 -0.071538
v -0.031635 0.028009 -0.069791
v -0.029748 0.057009 -0.069208
v -0.031635 0.058756 -0.069791
v -0.031635 0.059339 -0.114892
v -0.031635 0.057009 -0.117222
v -0.031635 0.029757 -0.117222
v -0.031635 0.027427 -0.114892
v -0.029748 0.059339 -0.114892
v -0.031635 0.058756 -0.116639
v -0.031635 0.028009 -0.116639
v 0.001653 0.092745 0.018301
v 0.000911 0.095624 0.018264
v -0.002092 0.095586 0.018264
v -0.002566 0.092544 0.018563
v -0.006283 0.093140 0.018211
v -0.009471 0.095023 0.018211
v -0.005002 0.096328 0.018264
v -0.007622 0.097797 0.018264
v -0.009771 0.099894 0.018264
v -0.012546 0.097838 0.018563
v -0.014503 0.101404 0.018563
v -0.011305 0.102476 0.018264
v -0.012119 0.105368 0.018264
vn 0.9652 -0.2616 0.0002
vn 0.9653 -0.2612 0.0002
vn 0.9652 -0.2615 0.0002
vn -0.9965 -0.0679 0.0492
vn -0.9984 0.0456 0.0347
vn -0.0356 0.4436 -0.8955
vn -0.0211 0.7583 -0.6516
vn -0.0311 0.6661 -0.7452
vn 0.0004 0.5148 0.8573
vn -0.0020 0.9689 0.2475
vn -0.0008 0.8680 0.4966
vn -0.9970 0.0776 -0.0000
vn -0.9970 0.0777 -0.0000
vn -0.0403 0.3218 -0.9459
vn -0.0028 0.9455 -0.3256
vn -0.0034 0.9453 -0.3262
vn -0.0028 0.5754 -0.8178
vn -0.9965 -0.0839 0.0020
vn -0.9923 -0.1240 -0.0002
vn -0.9949 -0.1013 0.0020
vn -1.0000 -0.0000 -0.0000
vn -0.0271 0.7468 -0.6645
vn 0.0375 0.7888 -0.6136
vn -0.0231 0.3543 -0.9348
vn -0.0458 -0.7724 -0.6335
vn -0.0834 -0.4265 -0.9006
vn -0.0581 -0.7734 -0.6312
vn -0.2204 0.2296 -0.9480
vn -0.5248 0.6511 -0.5483
vn -0.2652 0.5190 -0.8126
vn -0.2483 0.2126 -0.9451
vn -0.3620 0.4287 -0.8277
vn -0.0610 0.0747 -0.9953
vn 0.2274 -0.1813 -0.9568
vn 0.1994 -0.3011 -0.9325
vn 0.1484 -0.3384 -0.9292
vn 0.0667 0.1720 -0.9828
vn -0.1257 0.2596 -0.9575
vn -0.0190 -0.0259 -0.9995
vn 0.0565 -0.0553 -0.9969
vn 0.1921 -0.0423 -0.9805
vn 0.3289 -0.1314 -0.9352
vn 0.3935 -0.2683 -0.8793
vn 0.3107 -0.3609 -0.8793
vn 0.0022 -0.0008 -1.0000
vn 0.2441 0.0387 -0.9690
vn 0.4726 -0.0563 -0.8795
vn 0.4419 -0.1767 -0.8795
vn -0.0280 -0.0039 -0.9996
vn 0.0217 0.0744 -0.9970
vn 0.0374 0.0531 -0.9979
vn 0.3183 0.1365 -0.9381
vn 0.4680 0.0886 -0.8793
vn 0.0716 0.0099 -0.9974
vn 0.2164 0.1865 -0.9583
vn 0.3868 0.2779 -0.8793
vn 0.4374 0.1876 -0.8795
vn 0.0976 0.0135 -0.9951
vn 0.0468 -0.0341 -0.9983
vn 0.0210 -0.0361 -0.9991
vn 0.1590 0.1996 -0.9669
vn 0.3016 0.3685 -0.8793
vn -0.0401 0.0262 -0.9989
vn 0.0777 0.2249 -0.9713
vn 0.1960 0.4341 -0.8793
vn -0.0648 0.0095 -0.9979
vn -0.0206 0.0769 -0.9968
vn 0.0288 0.0617 -0.9977
vn 0.0058 0.2716 -0.9624
vn 0.0770 0.4700 -0.8793
vn 0.0727 0.0219 -0.9971
vn 0.0394 -0.0114 -0.9992
vn -0.0063 0.1699 -0.9854
vn -0.0680 0.4711 -0.8795
vn 0.0785 0.0012 -0.9969
vn 0.0968 -0.0801 -0.9921
vn -0.0829 0.2223 -0.9715
vn -0.2067 0.4291 -0.8793
vn -0.1639 0.1981 -0.9664
vn -0.3107 0.3609 -0.8793
vn -0.2210 0.1842 -0.9577
vn -0.3935 0.2682 -0.8793
vn 0.3388 -0.2602 -0.9042
vn 0.2158 -0.2498 -0.9440
vn 0.2383 -0.1962 -0.9512
vn 0.1144 -0.0532 -0.9920
vn -0.2376 0.1251 -0.9633
vn -0.4496 0.1573 -0.8793
vn -0.2348 0.0393 -0.9712
vn -0.4750 0.0355 -0.8793
vn 0.5105 -0.4336 -0.7426
vn 0.4680 -0.3554 -0.8091
vn 0.1414 -0.1041 -0.9845
vn 0.0048 0.0389 -0.9992
vn -0.0022 -0.0509 -0.9987
vn -0.3178 -0.0460 -0.9470
vn -0.4710 -0.0680 -0.8795
vn -0.4455 -0.1684 -0.8793
vn -0.2398 -0.1326 -0.9617
vn -0.3868 -0.2779 -0.8793
vn 0.0237 -0.0431 -0.9988
vn -0.0372 -0.0987 -0.9944
vn -0.0740 -0.0691 -0.9949
vn -0.1032 -0.0266 -0.9943
vn -0.0804 -0.0034 -0.9968
vn -0.2208 -0.1842 -0.9578
vn -0.3017 -0.3686 -0.8793
vn -0.1575 -0.2008 -0.9669
vn -0.1960 -0.4341 -0.8793
vn -0.0779 -0.2249 -0.9713
vn -0.0770 -0.4700 -0.8793
vn -0.0448 0.0256 -0.9987
vn -0.0194 0.0316 -0.9993
vn 0.0363 0.0090 -0.9993
vn 0.0229 0.0085 -0.9997
vn 0.0268 0.0834 -0.9962
vn -0.0013 0.0244 -0.9997
vn -0.0043 -0.2762 -0.9611
vn 0.0680 -0.4711 -0.8795
vn 0.0730 -0.2079 -0.9754
vn 0.2067 -0.4291 -0.8793
vn -0.1061 0.1285 -0.9860
vn 0.0201 0.1858 -0.9824
vn -0.0000 -0.0000 1.0000
vn -0.0007 0.3230 0.9464
vn 0.0050 -0.5802 0.8145
vn 0.0046 -0.2544 0.9671
vn -0.0004 0.5936 0.8047
vn -0.0000 0.9211 0.3893
vn 0.0002 0.9214 0.3885
vn 0.0041 -0.9465 0.3226
vn -0.0000 -0.9514 0.3080
vn -0.0000 -0.9696 0.2447
vn -0.0000 -0.8829 0.4696
vn -0.0000 -0.8870 0.4618
vn -0.0000 -0.9989 -0.0476
vn -0.0000 -0.8412 -0.5407
vn -0.0000 -0.5440 -0.8391
vn -0.0000 -0.3679 -0.9299
vn -0.0000 -0.0313 -0.9995
vn -0.0000 0.1264 -0.9920
vn -0.0000 0.4547 -0.8906
vn -0.0000 0.6214 -0.7835
vn -0.0000 0.8499 -0.5269
vn -0.0000 0.9223 -0.3866
vn -0.0000 0.9863 -0.1651
vn -0.0000 0.9961 -0.0885
vn -0.0000 0.9979 0.0653
vn -0.0007 0.6637 0.7480
vn 0.0050 -0.2204 0.9754
vn 0.0046 0.1391 0.9903
vn -0.0004 0.8585 0.5128
vn -0.0000 1.0000 0.0031
vn 0.0003 1.0000 0.0022
vn 0.0041 -0.7484 0.6633
vn -0.0000 -0.7585 0.6517
vn -0.0000 -0.7997 0.6003
vn -0.0000 -0.6328 0.7743
vn -0.0000 -0.6396 0.7687
vn -0.0000 -0.9397 0.3420
vn -0.0000 -0.9848 -0.1737
vn -0.0000 -0.8259 -0.5638
vn -0.0000 -0.6986 -0.7155
vn -0.0000 -0.4151 -0.9098
vn -0.0000 -0.2668 -0.9638
vn -0.0000 0.0752 -0.9972
vn -0.0000 0.2704 -0.9628
vn -0.0000 0.5803 -0.8144
vn -0.0000 0.7012 -0.7129
vn -0.0000 0.8459 -0.5334
vn -0.0000 0.8845 -0.4666
vn -0.0000 0.9456 -0.3253
vn 0.3534 -0.9355 -0.0000
vn 0.0993 -0.9951 -0.0000
vn 0.1860 -0.9825 -0.0000
vn 0.4340 -0.9009 -0.0000
vn 0.5835 -0.8121 -0.0000
vn 0.6524 -0.7578 -0.0000
vn 0.7739 -0.6334 -0.0000
vn 0.8263 -0.5632 -0.0000
vn 0.9114 -0.4116 -0.0000
vn 0.9439 -0.3302 -0.0000
vn 0.9869 -0.1616 -0.0000
vn 0.9972 -0.0746 -0.0000
vn 0.9951 0.0993 -0.0000
vn 0.9825 0.1860 -0.0000
vn 0.9355 0.3534 -0.0000
vn 0.9009 0.4340 -0.0000
vn 0.8121 0.5835 -0.0000
vn 0.7579 0.6524 -0.0000
vn 0.6334 0.7738 -0.0000
vn 0.5632 0.8263 -0.0000
vn 0.4116 0.9114 -0.0000
vn 0.3302 0.9439 -0.0000
vn 0.1616 0.9868 -0.0000
vn 0.0746 0.9972 -0.0000
vn -0.0993 0.9951 -0.0000
vn -0.1860 0.9825 -0.0000
vn -0.3534 0.9355 -0.0000
vn -0.4340 0.9009 -0.0000
vn -0.5835 0.8121 -0.0000
vn -0.6524 0.7579 -0.0000
vn -0.7738 0.6334 -0.0000
vn -0.8263 0.5632 -0.0000
vn -0.9114 0.4116 -0.0000
vn -0.9439 0.3302 -0.0000
vn -0.9868 0.1617 -0.0000
vn -0.9972 0.0746 -0.0000
vn -0.9951 -0.0993 -0.0000
vn -0.9825 -0.1860 -0.0000
vn -0.9354 -0.3535 -0.0000
vn -0.9009 -0.4340 -0.0000
vn -0.8121 -0.5835 -0.0000
vn -0.7579 -0.6524 -0.0000
vn -0.6334 -0.7738 -0.0000
vn -0.5632 -0.8263 -0.0000
vn -0.4116 -0.9114 -0.0000
vn -0.3302 -0.9439 -0.0000
vn -0.1617 -0.9868 -0.0000
vn -0.0746 -0.9972 -0.0000
vn 0.3363 -0.8896 0.3089
vn 0.0943 -0.9466 0.3083
vn 0.1861 -0.9825 -0.0000
vn 0.5546 -0.7710 0.3129
vn 0.6524 -0.7579 -0.0000
vn 0.7337 -0.5996 0.3195
vn 0.8856 -0.3701 0.2806
vn 0.9285 -0.3712 -0.0000
vn 0.9930 -0.1182 -0.0000
vn 0.9072 -0.1289 0.4005
vn 0.9364 0.0937 0.3383
vn 0.8807 0.3324 0.3374
vn 0.7664 0.5498 0.3323
vn 0.5998 0.7313 0.3247
vn 0.3911 0.8640 0.3170
vn 0.3301 0.9439 -0.0000
vn 0.1541 0.9378 0.3112
vn -0.0942 0.9466 0.3083
vn -0.3363 0.8896 0.3089
vn -0.5547 0.7710 0.3129
vn -0.7337 0.5996 0.3195
vn -0.8615 0.3880 0.3275
vn -0.9255 0.1790 0.3338
vn -0.9944 0.1042 -0.0172
vn -0.9214 -0.0881 0.3784
vn -0.9760 -0.2150 -0.0343
vn -0.8645 -0.3566 0.3542
vn -0.7664 -0.5498 0.3322
vn -0.5998 -0.7313 0.3247
vn -0.3911 -0.8641 0.3170
vn -0.3301 -0.9439 -0.0000
vn -0.1541 -0.9378 0.3111
vn 0.5649 0.8252 -0.0000
vn 0.9018 0.4322 -0.0000
vn 0.8109 0.5851 -0.0000
vn 0.4097 0.9122 -0.0000
vn 0.0766 0.9971 -0.0000
vn -0.1013 0.9949 -0.0000
vn -0.4322 0.9018 -0.0000
vn -0.5852 0.8109 -0.0000
vn -0.8252 0.5649 -0.0000
vn -0.9122 0.4097 -0.0000
vn -0.9971 0.0766 -0.0000
vn -0.9949 -0.1013 -0.0000
vn -0.9018 -0.4322 -0.0000
vn -0.8109 -0.5851 -0.0000
vn -0.5649 -0.8252 -0.0000
vn -0.8109 -0.5852 -0.0000
vn -0.4097 -0.9122 -0.0000
vn -0.0766 -0.9971 -0.0000
vn 0.1013 -0.9949 -0.0000
vn 0.4322 -0.9018 -0.0000
vn 0.5851 -0.8109 -0.0000
vn 0.8252 -0.5649 -0.0000
vn 0.9122 -0.4097 -0.0000
vn 0.9971 -0.0766 -0.0000
vn 0.9949 0.1013 -0.0000
vn 0.0727 -0.1925 -0.9786
vn 0.0294 -0.2035 -0.9786
vn 0.0893 -0.1854 -0.9786
vn 0.1201 -0.1671 -0.9786
vn 0.1342 -0.1559 -0.9786
vn 0.1592 -0.1303 -0.9786
vn 0.1700 -0.1159 -0.9786
vn 0.1909 -0.0763 -0.9786
vn 0.2041 -0.0243 -0.9786
vn 0.2047 0.0204 -0.9786
vn 0.2022 0.0383 -0.9786
vn 0.1889 0.0810 -0.9786
vn 0.1671 0.1201 -0.9786
vn 0.1559 0.1342 -0.9786
vn 0.1303 0.1592 -0.9786
vn 0.1159 0.1700 -0.9786
vn 0.0847 0.1875 -0.9786
vn 0.0679 0.1942 -0.9786
vn 0.0333 0.2031 -0.9786
vn 0.0153 0.2052 -0.9786
vn -0.0294 0.2035 -0.9786
vn -0.0294 0.2036 -0.9786
vn -0.0727 0.1925 -0.9786
vn -0.0893 0.1854 -0.9786
vn -0.1201 0.1671 -0.9786
vn -0.1342 0.1559 -0.9786
vn -0.1592 0.1303 -0.9786
vn -0.1700 0.1159 -0.9786
vn -0.1875 0.0847 -0.9786
vn -0.1942 0.0679 -0.9786
vn -0.2031 0.0333 -0.9786
vn -0.2052 0.0153 -0.9786
vn -0.2035 -0.0294 -0.9786
vn -0.1925 -0.0727 -0.9786
vn -0.1854 -0.0893 -0.9786
vn -0.1671 -0.1201 -0.9786
vn -0.1559 -0.1342 -0.9786
vn -0.1303 -0.1592 -0.9786
vn -0.1159 -0.1700 -0.9786
vn -0.0847 -0.1875 -0.9786
vn -0.0679 -0.1942 -0.9786
vn -0.0333 -0.2030 -0.9786
vn -0.0153 -0.2052 -0.9786
vn 0.2265 0.2771 0.9338
vn 0.2906 0.2088 0.9338
vn 0.5177 0.3925 0.7602
vn 0.3982 0.5134 0.7602
vn 0.7858 0.6178 0.0275
vn 0.5991 0.8002 0.0274
vn 0.4884 0.4204 -0.7647
vn 0.3631 0.5323 -0.7647
vn 0.1855 0.2265 -0.9562
vn 0.2377 0.1708 -0.9562
vn 0.1468 0.3265 0.9337
vn 0.2519 0.5989 0.7602
vn 0.3717 0.9280 0.0275
vn 0.2128 0.6081 -0.7648
vn 0.1206 0.2666 -0.9562
vn 0.0578 0.3532 0.9337
vn 0.0885 0.6437 0.7602
vn 0.1188 0.9925 0.0275
vn 0.0481 0.6424 -0.7648
vn 0.0473 0.2887 -0.9562
vn -0.0511 0.3540 0.9339
vn -0.0764 0.6981 0.7120
vn -0.1422 0.9895 0.0274
vn -0.1261 0.6956 -0.7073
vn -0.0417 0.2893 -0.9563
vn -0.2297 0.6080 0.7600
vn -0.3934 0.9190 0.0274
vn -0.2668 0.5861 -0.7651
vn -0.1270 0.2636 -0.9562
vn -0.4094 0.4970 -0.7651
vn -0.1909 0.2217 -0.9562
vn -0.1553 0.3225 0.9337
vn -0.3793 0.5278 0.7600
vn -0.6178 0.7858 0.0274
vn -0.8001 0.5992 0.0275
vn -0.5241 0.3741 -0.7651
vn -0.2417 0.1648 -0.9562
vn -0.5601 0.2044 -0.8028
vn -0.2714 0.1085 -0.9563
vn -0.2335 0.2713 0.9337
vn -0.5030 0.4117 0.7599
vn -0.5924 0.2675 0.7599
vn -0.9280 0.3717 0.0275
vn -0.9925 0.1188 0.0275
vn -0.7046 0.0583 -0.7072
vn -0.2903 0.0346 -0.9563
vn -0.2958 0.2016 0.9337
vn -0.3379 0.1182 0.9337
vn -0.6415 0.1051 0.7599
vn -0.6063 -0.0700 0.7922
vn -0.9895 -0.1422 0.0274
vn -0.6352 -0.1060 -0.7651
vn -0.2875 -0.0544 -0.9562
vn -0.5405 -0.2517 -0.8028
vn -0.2686 -0.1153 -0.9563
vn -0.3569 0.0267 0.9337
vn -0.3540 -0.0511 0.9339
vn -0.3349 -0.1262 0.9337
vn -0.6018 -0.2449 0.7602
vn -0.9190 -0.3934 0.0273
vn -0.7858 -0.6178 0.0274
vn -0.4883 -0.4204 -0.7647
vn -0.2376 -0.1710 -0.9562
vn -0.2909 -0.2084 0.9338
vn -0.5179 -0.3924 0.7602
vn -0.3985 -0.5132 0.7602
vn -0.5992 -0.8002 0.0274
vn -0.3629 -0.5325 -0.7647
vn -0.1854 -0.2265 -0.9562
vn -0.2267 -0.2769 0.9338
vn -0.1473 -0.3262 0.9338
vn -0.2521 -0.5988 0.7602
vn -0.3717 -0.9280 0.0275
vn -0.2127 -0.6083 -0.7647
vn -0.1205 -0.2668 -0.9562
vn -0.0578 -0.3532 0.9338
vn -0.0885 -0.6437 0.7601
vn -0.1188 -0.9925 0.0274
vn -0.0481 -0.6426 -0.7647
vn -0.0473 -0.2889 -0.9562
vn 0.0511 -0.3539 0.9339
vn 0.0764 -0.6982 0.7119
vn 0.1421 -0.9895 0.0275
vn 0.1261 -0.6958 -0.7071
vn 0.0418 -0.2895 -0.9563
vn 0.2298 -0.6081 0.7599
vn 0.3934 -0.9189 0.0274
vn 0.2669 -0.5862 -0.7649
vn 0.1271 -0.2637 -0.9562
vn 0.4095 -0.4972 -0.7649
vn 0.1910 -0.2219 -0.9562
vn 0.1553 -0.3224 0.9338
vn 0.3793 -0.5279 0.7599
vn 0.6178 -0.7859 0.0275
vn 0.8001 -0.5992 0.0275
vn 0.5242 -0.3742 -0.7649
vn 0.2419 -0.1649 -0.9562
vn 0.6032 -0.2258 -0.7649
vn 0.2763 -0.0967 -0.9562
vn 0.2335 -0.2712 0.9338
vn 0.5030 -0.4117 0.7599
vn 0.5924 -0.2675 0.7599
vn 0.9280 -0.3717 0.0275
vn 0.9925 -0.1188 0.0274
vn 0.6411 -0.0620 -0.7649
vn 0.2919 -0.0218 -0.9562
vn 0.2957 -0.2016 0.9338
vn 0.3378 -0.1182 0.9338
vn 0.6415 -0.1051 0.7599
vn 0.6063 0.0701 0.7921
vn 0.9895 0.1421 0.0275
vn 0.5874 0.1031 -0.8027
vn 0.2895 0.0418 -0.9563
vn 0.2738 0.1035 -0.9562
vn 0.3569 -0.0267 0.9338
vn 0.3539 0.0511 0.9339
vn 0.3348 0.1265 0.9338
vn 0.6017 0.2452 0.7602
vn 0.9189 0.3934 0.0274
vn 0.5805 0.2797 -0.7647
vn 0.8926 0.4300 0.1356
vn 0.7509 0.6463 0.1356
vn 0.7535 0.5972 -0.2751
vn 0.9118 0.3506 -0.2136
vn 0.9735 0.1844 0.1357
vn 0.9511 0.1405 -0.2750
vn 0.9838 -0.1171 0.1358
vn 0.9438 -0.1227 -0.3070
vn 0.9105 -0.3090 -0.2747
vn 0.9254 0.0177 -0.3787
vn 0.7925 0.4780 -0.3787
vn 0.9030 -0.4077 0.1356
vn 0.7947 -0.5682 -0.2137
vn 0.7667 -0.6276 0.1357
vn 0.6340 -0.7229 -0.2747
vn 0.8102 -0.4474 -0.3786
vn 0.4780 -0.7926 -0.3786
vn 0.5781 -0.8046 0.1357
vn 0.3834 -0.9111 -0.1514
vn 0.3904 -0.9105 0.1359
vn 0.1843 -0.9735 0.1358
vn 0.1405 -0.9511 -0.2750
vn -0.0739 -0.9880 0.1358
vn -0.1523 -0.9650 -0.2135
vn -0.3271 -0.9352 0.1358
vn -0.3539 -0.8939 -0.2751
vn 0.0177 -0.9254 -0.3787
vn -0.5580 -0.8187 0.1356
vn -0.6144 -0.7595 -0.2136
vn -0.7509 -0.6463 0.1356
vn -0.7534 -0.5975 -0.2744
vn -0.4474 -0.8102 -0.3786
vn -0.7933 -0.4785 -0.3763
vn -0.8926 -0.4298 0.1360
vn -0.9121 -0.3512 -0.2114
vn -0.9734 -0.1843 0.1361
vn -0.9521 -0.1407 -0.2716
vn -0.9837 0.1171 0.1363
vn -0.9449 0.1227 -0.3036
vn -0.9114 0.3094 -0.2713
vn -0.9269 -0.0176 -0.3750
vn -0.9971 0.0765 -0.0000
vn -0.8115 0.4482 -0.3750
vn -0.9029 0.4077 0.1360
vn -0.7951 0.5686 -0.2109
vn -0.7666 0.6275 0.1360
vn -0.6346 0.7237 -0.2713
vn -0.5781 0.8045 0.1361
vn -0.3836 0.9114 -0.1492
vn -0.3904 0.9105 0.1364
vn -0.1843 0.9734 0.1361
vn -0.1406 0.9521 -0.2717
vn -0.4786 0.7939 -0.3751
vn 0.0739 0.9879 0.1362
vn 0.1523 0.9656 -0.2108
vn 0.3270 0.9351 0.1362
vn 0.3544 0.8946 -0.2723
vn -0.0176 0.9268 -0.3750
vn 0.4478 0.8106 -0.3773
vn 0.5578 0.8188 0.1357
vn 0.6147 0.7595 -0.2130
vn 0.1411 0.2062 0.9683
vn 0.1796 0.1841 0.9664
vn 0.1024 0.2279 0.9683
vn 0.0191 0.2492 0.9683
vn -0.0253 0.2486 0.9683
vn -0.1080 0.2253 0.9683
vn -0.1462 0.2026 0.9683
vn -0.2062 0.1411 0.9683
vn -0.2279 0.1024 0.9683
vn -0.2492 0.0635 0.9664
vn -0.1412 -0.2062 0.9683
vn -0.1796 -0.1841 0.9664
vn -0.1024 -0.2280 0.9683
vn -0.0191 -0.2492 0.9683
vn 0.0253 -0.2487 0.9683
vn 0.1080 -0.2254 0.9683
vn 0.1462 -0.2027 0.9683
vn 0.2062 -0.1412 0.9683
vn 0.2280 -0.1024 0.9683
vn 0.2492 -0.0191 0.9683
vn 0.2486 0.0253 0.9683
vn 0.2476 0.0697 0.9664
vn -0.0000 -1.0000 -0.0006
vn -0.0000 1.0000 -0.0000
vn -0.0000 0.9983 -0.0574
vn -0.1551 -0.9878 -0.0168
vn 0.1390 -0.9903 -0.0000
vn 0.2175 -0.9760 -0.0049
vn -0.0108 -0.9999 -0.0082
vn 0.3100 -0.9508 0.0001
vn 0.1685 -0.9857 0.0003
vn 0.0265 -0.9996 0.0008
vn 0.0208 -0.9998 0.0005
vn 0.2678 -0.9635 0.0002
vn 0.0095 -1.0000 0.0004
vn 0.2815 -0.9596 -0.0000
vn 0.1171 -0.9931 0.0004
vn 0.0005 -1.0000 0.0009
vn -0.0005 -1.0000 0.0009
vn -0.1567 -0.9876 0.0003
vn -0.2334 -0.9724 0.0001
vn 0.3101 -0.9507 0.0001
vn -0.0066 -1.0000 0.0005
vn -0.2691 -0.9631 0.0002
vn -0.0180 -0.9998 0.0001
vn -0.2805 -0.9599 -0.0000
vn -0.2087 -0.9780 0.0003
vn -0.0265 -0.9996 0.0008
vn 0.0136 -0.9999 -0.0088
vn -0.2418 -0.9703 0.0001
vn 0.1009 -0.9948 -0.0120
vn 0.1683 -0.9856 -0.0179
vn 0.1850 -0.9827 -0.0000
vn -0.0050 1.0000 0.0005
vn -0.0063 1.0000 0.0006
vn -0.0049 1.0000 0.0005
vn -0.0037 1.0000 0.0004
vn 0.0027 -1.0000 0.0005
vn -0.8931 -0.4499 0.0013
vn -0.8929 -0.4503 0.0026
vn -0.8932 -0.4497 0.0025
vn -0.8935 -0.4491 0.0013
vn -0.8923 -0.4514 -0.0001
vn -0.8897 -0.4565 0.0004
vn -0.8912 -0.4537 0.0009
vn -0.8871 -0.4614 -0.0133
vn -0.9135 -0.4067 -0.0145
vn -0.9266 -0.3755 -0.0217
vn -0.9587 -0.2843 -0.0018
vn -0.0094 1.0000 0.0003
vn -0.0112 0.9999 0.0002
vn -0.0076 1.0000 0.0004
vn -0.0016 -1.0000 0.0003
vn 0.0024 -1.0000 0.0006
vn -0.0057 -1.0000 -0.0000
vn -0.7691 0.6354 -0.0690
vn -0.4205 0.9047 -0.0688
vn -0.7690 0.6355 -0.0689
vn -0.9498 0.3051 -0.0689
vn -0.9859 0.1527 -0.0690
vn -0.9859 -0.1524 -0.0690
vn -0.9499 -0.3049 -0.0690
vn -0.8155 -0.5746 -0.0688
vn -0.7184 -0.6922 -0.0687
vn -0.4864 -0.8710 -0.0686
vn -0.3525 -0.9333 -0.0686
vn -0.0728 -0.9950 -0.0685
vn 0.0728 -0.9950 -0.0685
vn 0.4206 -0.9046 -0.0688
vn 0.7692 -0.6352 -0.0690
vn 0.7692 -0.6353 -0.0690
vn 0.9499 -0.3049 -0.0690
vn 0.9859 -0.1524 -0.0690
vn 0.9859 0.1527 -0.0690
vn 0.9498 0.3052 -0.0689
vn 0.8154 0.5748 -0.0688
vn 0.7182 0.6924 -0.0687
vn 0.4862 0.8711 -0.0686
vn 0.3524 0.9333 -0.0686
vn 0.0728 0.9950 -0.0685
vn -0.0728 0.9950 -0.0685
vn 0.9893 0.1457 -0.0053
vn 0.9941 0.1082 -0.0000
vn 0.9830 0.1831 -0.0105
vn 0.9893 0.1457 -0.0051
vn 0.9830 0.1831 -0.0102
vn 0.9941 0.1081 -0.0000
vn -0.0000 0.0001 -1.0000
vn 0.0158 -0.9999 0.0003
vn 0.0119 -0.9999 0.0006
vn 0.0157 -0.9999 0.0003
vn 0.0196 -0.9998 -0.0000
vn -0.5842 -0.7630 -0.2766
vn -0.4227 -0.7442 -0.5172
vn -0.4350 -0.9004 0.0001
vn -0.5934 -0.7990 -0.0975
vn -0.5212 -0.8533 -0.0130
vn -0.4354 -0.9002 -0.0000
vn -0.7896 -0.5445 -0.2831
vn 0.4348 -0.9006 0.0001
vn 0.5212 -0.8533 -0.0130
vn 0.5743 -0.8185 -0.0129
vn 0.8228 -0.5604 -0.0940
vn 0.8099 -0.5851 -0.0409
vn 0.9714 -0.2227 -0.0829
vn 0.9753 -0.1344 -0.1755
vn 0.9274 0.2663 -0.2628
vn 0.5589 -0.8292 0.0001
vn 0.8091 -0.5877 -0.0012
vn 0.9104 -0.4127 -0.0287
vn 0.9956 -0.0933 -0.0003
vn 0.9877 0.1402 -0.0685
vn 0.8974 0.4322 -0.0890
vn 0.7303 0.5245 -0.4378
vn 0.5449 -0.8385 0.0001
vn 0.8120 -0.5836 -0.0000
vn 0.9059 -0.4230 -0.0184
vn 0.9272 -0.3740 0.0184
vn 0.8700 -0.4930 0.0042
vn 0.6022 -0.7983 0.0001
vn 0.8298 -0.5580 -0.0003
vn 0.9197 -0.3922 -0.0151
vn 0.9115 -0.4106 0.0247
vn 0.8701 -0.4930 -0.0001
vn 0.5672 -0.8236 0.0001
vn 0.8135 -0.5815 0.0003
vn 0.9200 -0.3915 -0.0156
vn 0.9123 -0.4088 0.0245
vn 0.8701 -0.4929 -0.0011
vn 0.5317 -0.8469 0.0001
vn 0.7881 -0.6156 0.0004
vn 0.9067 -0.4212 -0.0233
vn 0.9280 -0.3720 0.0202
vn 0.8701 -0.4929 0.0015
vn 0.6073 -0.7944 0.0002
vn 0.8210 -0.5706 -0.0186
vn 0.9030 -0.4295 0.0100
vn 0.8701 -0.4929 0.0013
vn 0.9400 -0.3407 -0.0185
vn 0.9845 -0.1754 0.0001
vn 0.9961 -0.0878 0.0001
vn 0.9892 0.1468 0.0001
vn 0.9891 0.1469 0.0001
vn 0.9074 0.4202 0.0002
vn 0.9075 0.4201 0.0002
vn 0.8406 0.5416 -0.0000
vn 0.8407 0.5416 0.0001
vn 0.7294 0.6840 0.0002
vn 0.5512 0.8343 0.0001
vn 0.2961 0.9552 0.0001
vn 0.2773 0.9608 0.0001
vn 0.4342 0.9008 0.0004
vn 0.6622 0.7493 0.0003
vn 0.5494 0.8356 0.0001
vn 0.8407 0.5415 -0.0000
vn -0.2227 0.9749 0.0001
vn -0.2773 0.9608 0.0001
vn 0.2445 0.9697 0.0001
vn 0.4303 0.9027 0.0003
vn 0.5868 0.8097 0.0003
vn 0.6156 0.7881 0.0001
vn -0.5513 0.8343 0.0001
vn -0.4342 0.9008 0.0004
vn -0.6622 0.7493 0.0003
vn -0.5494 0.8356 0.0001
vn -0.3130 0.9498 0.0001
vn -0.7294 0.6840 0.0001
vn -0.8406 0.5416 -0.0000
vn -0.8407 0.5416 -0.0000
vn -0.8869 0.4619 0.0002
vn -0.9260 0.3776 0.0003
vn -0.9807 0.1957 0.0001
vn -0.9952 0.0979 0.0001
vn -0.9961 -0.0878 0.0001
vn -0.9845 -0.1754 0.0001
vn -0.9400 -0.3407 -0.0185
vn -0.9030 -0.4295 0.0100
vn -0.8210 -0.5706 -0.0186
vn -0.8027 -0.5964 0.0004
vn -0.8701 -0.4929 0.0013
vn -0.9206 -0.3901 -0.0186
vn -0.8139 -0.5811 0.0003
vn -0.9126 -0.4080 0.0269
vn -0.9653 -0.2612 0.0002
vn -0.6073 -0.7944 0.0002
vn -0.5534 -0.8329 0.0001
vn -0.5896 -0.8077 0.0001
vn -0.8128 -0.5826 -0.0003
vn -0.9200 -0.3915 -0.0156
vn -0.8701 -0.4929 0.0015
vn -0.5647 -0.8253 0.0001
vn -0.8120 -0.5836 0.0002
vn -0.9197 -0.3922 -0.0151
vn -0.8701 -0.4929 -0.0013
vn -0.9123 -0.4088 0.0244
vn -0.9651 -0.2619 0.0001
vn -0.9652 -0.2616 0.0002
vn -0.5620 -0.8271 0.0004
vn -0.7627 -0.6466 0.0131
vn -0.9029 -0.4298 -0.0027
vn -0.8701 -0.4930 -0.0001
vn -0.9115 -0.4106 0.0247
vn -0.9650 -0.2623 0.0001
vn -0.9651 -0.2619 0.0002
vn -0.5757 -0.8177 0.0001
vn -0.7441 -0.6681 -0.0000
vn -0.8007 -0.5991 -0.0037
vn -0.9340 -0.3574 0.0001
vn -0.6125 -0.7903 -0.0127
vn -0.8099 -0.5851 -0.0409
vn -0.9705 -0.2292 -0.0742
vn -0.9248 -0.3805 -0.0066
vn -0.9649 -0.2626 0.0002
vn -0.9649 -0.2625 0.0002
vn -0.8780 -0.3958 -0.2692
vn -0.8748 0.0409 -0.4827
vn -0.9057 0.2655 -0.3305
vn -0.9877 0.1402 -0.0685
vn -0.9956 -0.0933 -0.0002
vn -0.9649 -0.2627 0.0002
vn -0.9097 0.4072 -0.0814
vn -0.9809 0.1947 0.0004
vn -0.7462 0.5355 -0.3955
vn -0.8155 0.5692 -0.1049
vn -0.9069 0.4213 0.0001
vn -0.7294 0.6033 -0.3227
vn -0.6236 0.7758 -0.0964
vn -0.5252 0.8115 -0.2561
vn -0.1881 0.9817 -0.0301
vn -0.4182 0.9084 -0.0019
vn -0.6114 0.7914 0.0001
vn -0.2158 0.9764 0.0001
vn -0.5822 0.8130 0.0004
vn -0.2097 0.9354 -0.2847
vn 0.1793 0.9510 -0.2520
vn 0.2388 0.9708 -0.0218
vn 0.5831 0.8070 -0.0932
vn 0.4182 0.9084 -0.0019
vn 0.5410 0.8410 0.0001
vn 0.1799 0.9837 0.0001
vn 0.5597 0.7721 -0.3011
vn 0.7411 0.6013 -0.2987
vn 0.8196 0.5660 -0.0885
vn 0.9070 0.4211 0.0001
vn 0.9809 0.1947 0.0001
vn -0.4227 0.9063 0.0005
vn -0.5438 0.8392 0.0001
vn -0.2184 0.9759 0.0001
vn -0.6590 0.7522 0.0003
vn 0.2422 0.9702 0.0001
vn -0.5466 0.8374 0.0001
vn -0.4264 0.9045 0.0004
vn 0.6135 0.7897 0.0001
vn 0.5845 0.8114 0.0003
vn 0.4264 0.9045 0.0004
vn 0.4227 0.9063 0.0005
vn 0.6574 0.7536 0.0003
vn 0.8407 0.5416 -0.0000
vn -0.9650 -0.2622 0.0002
vn -0.9397 -0.3413 0.0212
vn -0.9650 -0.2623 0.0003
vn -0.9650 -0.2624 0.0003
vn -0.9649 -0.2624 0.0003
vn -0.9652 -0.2617 0.0002
vn -0.9653 -0.2613 0.0002
vn -0.4303 0.9027 0.0003
vn -0.6605 0.7508 0.0002
vn -0.8407 0.5415 -0.0000
vn 0.9651 -0.2619 0.0001
vn 0.9651 -0.2620 0.0002
vn 0.9650 -0.2623 0.0001
vn 0.9651 -0.2619 0.0002
vn 0.9651 -0.2617 0.0002
vn 0.9649 -0.2628 0.0002
vn 0.9649 -0.2627 0.0002
vn 0.9649 -0.2626 0.0002
vn 0.9650 -0.2624 0.0002
vn 0.0071 -1.0000 0.0003
vn 0.0110 -0.9999 0.0006
vn 0.0033 -1.0000 -0.0000
vn -0.0036 1.0000 0.0004
vn -0.0044 1.0000 0.0005
vn -0.0040 1.0000 0.0005
vn -0.0080 1.0000 0.0004
vn -0.0064 1.0000 0.0003
vn -0.0096 1.0000 0.0005
vn 0.0245 -0.9997 0.0003
vn 0.0285 -0.9996 0.0006
vn 0.0205 -0.9998 -0.0000
vn 0.0134 -0.6051 -0.7960
vn 0.0035 -0.8393 -0.5437
vn 0.0230 -0.1412 -0.9897
vn 0.0224 -0.1852 -0.9825
vn 0.0327 -0.0097 -0.9994
vn 0.0219 0.0023 -0.9998
vn 0.0159 0.0056 -0.9999
vn 0.0141 0.0079 -0.9999
vn 0.0085 0.0074 -0.9999
vn -0.0044 0.1249 -0.9922
vn -0.0148 0.2407 -0.9705
vn -0.0231 0.6196 -0.7846
vn -0.0250 0.8488 -0.5281
vn -0.0225 0.9997 -0.0008
vn -0.0301 0.9995 -0.0013
vn -0.0148 0.8486 0.5288
vn -0.0124 0.6193 0.7851
vn -0.0045 0.2384 0.9712
vn -0.0026 0.1232 0.9924
vn 0.0066 0.0014 1.0000
vn 0.0045 0.0041 1.0000
vn 0.0027 -0.1167 0.9932
vn 0.0082 -0.0045 1.0000
vn 0.0082 -0.0046 1.0000
vn 0.0037 -0.2208 0.9753
vn -0.0028 -0.5969 0.8023
vn 0.0031 -0.8260 0.5637
vn 0.0020 -1.0000 0.0021
vn 0.0100 -0.9999 0.0034
vn 0.0049 -0.8277 -0.5612
vn -0.0049 -0.5965 -0.8026
vn -0.0036 -0.2254 -0.9743
vn -0.0017 -0.1213 -0.9926
vn 0.0048 -0.0127 -0.9999
vn 0.0081 -0.0045 -1.0000
vn -0.0035 -0.1132 0.9936
vn 0.0015 -0.0008 1.0000
vn 0.0018 -0.0001 1.0000
vn -0.0034 -0.2195 0.9756
vn -0.0049 -0.5972 0.8021
vn -0.0006 -0.8314 0.5557
vn -0.0002 -1.0000 -0.0018
vn 0.0011 -1.0000 -0.0037
vn 0.0039 -0.8310 -0.5562
vn -0.0000 -0.6001 -0.7999
vn 0.0046 -0.2265 -0.9740
vn 0.0068 -0.1206 -0.9927
vn 0.0133 -0.0095 -0.9999
vn 0.0140 -0.0077 -0.9999
vn 0.0031 -0.1231 0.9924
vn 0.0119 -0.0066 0.9999
vn 0.0092 -0.0140 0.9999
vn 0.0022 -0.2271 0.9739
vn -0.0029 -0.5976 0.8018
vn -0.0036 -0.8315 0.5555
vn -0.0085 -1.0000 -0.0025
vn -0.0080 -1.0000 -0.0050
vn -0.0017 -0.8308 -0.5566
vn -0.0018 -0.6003 -0.7998
vn 0.0059 -0.2217 -0.9751
vn 0.0059 -0.1143 -0.9934
vn 0.0111 0.0003 -0.9999
vn 0.0091 -0.0050 -0.9999
vn 0.0034 -0.1264 0.9920
vn 0.0134 -0.0074 0.9999
vn 0.0093 -0.0188 0.9998
vn 0.0010 -0.2315 0.9728
vn -0.0048 -0.5981 0.8014
vn -0.0076 -0.8315 0.5555
vn -0.0099 -0.9999 0.0072
vn -0.0175 -0.9998 0.0131
vn -0.0074 0.1247 -0.9922
vn 0.0029 0.0027 -1.0000
vn 0.0012 0.0049 -1.0000
vn -0.0048 0.2346 -0.9721
vn -0.0083 0.6147 -0.7888
vn -0.0097 0.8479 -0.5301
vn -0.0217 0.9998 -0.0015
vn -0.0331 0.9994 -0.0036
vn -0.0165 0.8511 0.5248
vn -0.0101 0.6191 0.7852
vn -0.0039 0.2377 0.9713
vn -0.0043 0.1230 0.9924
vn 0.0037 0.0008 1.0000
vn 0.0025 0.0023 1.0000
vn -0.0062 0.1235 -0.9923
vn 0.0022 0.0020 -1.0000
vn 0.0019 0.0024 -1.0000
vn -0.0046 0.2358 -0.9718
vn -0.0094 0.6169 -0.7870
vn -0.0081 0.8469 -0.5316
vn -0.0203 0.9998 -0.0036
vn -0.0288 0.9996 -0.0079
vn -0.0201 0.8526 0.5221
vn -0.0122 0.6237 0.7816
vn -0.0040 0.2394 0.9709
vn -0.0030 0.1190 0.9929
vn 0.0037 -0.0069 1.0000
vn -0.0010 -0.0009 1.0000
vn -0.0019 0.1266 -0.9920
vn 0.0062 0.0056 -1.0000
vn 0.0064 0.0053 -1.0000
vn -0.0043 0.2424 -0.9702
vn -0.0117 0.6216 -0.7832
vn -0.0115 0.8483 -0.5294
vn -0.0158 0.9999 -0.0000
vn -0.0192 0.9998 -0.0008
vn -0.0118 0.8457 0.5335
vn -0.0149 0.6145 0.7888
vn -0.0093 0.2298 0.9732
vn -0.0104 0.1165 0.9931
vn -0.0014 -0.0056 1.0000
vn -0.0034 -0.0031 1.0000
vn -0.0046 0.1240 -0.9923
vn 0.0023 0.0021 -1.0000
vn 0.0027 0.0016 -1.0000
vn -0.0112 0.2455 -0.9693
vn -0.0196 0.6181 -0.7859
vn -0.0236 0.8404 -0.5415
vn -0.0296 0.9995 -0.0079
vn -0.0424 0.9990 -0.0159
vn -0.0279 0.8409 0.5405
vn -0.0204 0.6056 0.7955
vn -0.0118 0.1731 0.9848
vn -0.0221 0.1752 0.9843
vn 0.0017 0.0016 1.0000
vn 0.0050 0.0058 1.0000
vn 0.0057 0.0015 1.0000
vn 0.0076 0.0010 1.0000
vn 0.0043 -0.0007 1.0000
vn -0.0282 -0.1251 0.9917
vn -0.0556 -0.1443 0.9880
vn -0.0471 -0.5422 0.8389
vn 0.0028 -0.7901 0.6130
vn 0.0050 -1.0000 0.0014
vn 0.0193 -0.9998 0.0029
vn 0.0038 -0.8134 -0.5817
vn -0.0033 -0.5952 -0.8036
vn 0.0054 -0.2236 -0.9747
vn 0.0074 -0.1134 -0.9935
vn 0.0126 0.0020 -0.9999
vn 0.0097 -0.0053 -0.9999
vn 0.0040 -0.4167 -0.9090
vn -0.0000 -0.4312 -0.9023
vn 0.0081 -0.4022 -0.9155
vn -0.0000 -1.0000 0.0013
vn -0.0000 -1.0000 0.0028
vn 0.0026 -1.0000 -0.0052
vn -0.0000 -1.0000 -0.0029
vn 0.0061 -0.9999 -0.0151
vn 0.0122 -0.9997 -0.0197
vn -0.0000 -0.0000 -1.0000
vn -0.9893 0.1457 -0.0053
vn -0.9941 0.1081 -0.0000
vn -0.9830 0.1830 -0.0105
vn -0.9893 0.1457 -0.0030
vn -0.9831 0.1830 -0.0000
vn -0.9941 0.1081 -0.0060
vn -0.0000 -0.7070 -0.7072
vn -0.0000 0.7071 -0.7071
vn -0.0000 0.7071 0.7071
vn -0.0000 -0.7072 0.7070
vn -0.0000 0.9984 -0.0558
vn -1.0000 -0.0099 -0.0002
vn -0.9999 -0.0100 -0.0002
vn -1.0000 -0.0092 -0.0000
vn -1.0000 -0.0091 -0.0000
vn 0.0016 -1.0000 0.0003
vn 0.0057 -1.0000 0.0006
vn 0.0017 -1.0000 0.0003
vn -0.0024 -1.0000 -0.0000
vn 0.0094 1.0000 0.0003
vn 0.0076 1.0000 0.0004
vn 0.0093 1.0000 0.0003
vn 0.0112 0.9999 0.0002
vn -0.0157 -0.9999 0.0003
vn -0.0196 -0.9998 -0.0000
vn -0.0119 -0.9999 0.0006
vn 0.0039 1.0000 0.0005
vn 0.0036 1.0000 0.0005
vn 0.0044 1.0000 0.0004
vn 0.0080 1.0000 0.0004
vn 0.0064 1.0000 0.0005
vn 0.0096 1.0000 0.0003
vn -0.0074 -0.1134 -0.9935
vn -0.0097 -0.0053 -0.9999
vn -0.0126 0.0020 -0.9999
vn -0.0054 -0.2236 -0.9747
vn 0.0033 -0.5952 -0.8036
vn -0.0038 -0.8134 -0.5817
vn -0.0050 -1.0000 0.0014
vn -0.0193 -0.9998 0.0029
vn -0.0028 -0.7901 0.6130
vn 0.0471 -0.5422 0.8389
vn 0.0282 -0.1251 0.9917
vn 0.0556 -0.1443 0.9880
vn -0.0044 -0.0007 1.0000
vn -0.0058 0.0015 1.0000
vn -0.0076 0.0010 1.0000
vn -0.0059 0.0033 1.0000
vn -0.0007 0.0021 1.0000
vn 0.0045 -0.0025 1.0000
vn 0.0150 0.1705 0.9852
vn 0.0220 0.1741 0.9845
vn 0.0204 0.6056 0.7955
vn 0.0279 0.8409 0.5405
vn 0.0296 0.9995 -0.0079
vn 0.0424 0.9990 -0.0159
vn 0.0235 0.8404 -0.5414
vn 0.0196 0.6181 -0.7859
vn 0.0112 0.2455 -0.9693
vn 0.0046 0.1240 -0.9923
vn -0.0024 0.0020 -1.0000
vn -0.0024 0.0021 -1.0000
vn 0.0017 -0.1213 -0.9926
vn -0.0081 -0.0045 -1.0000
vn -0.0048 -0.0127 -0.9999
vn 0.0036 -0.2254 -0.9743
vn 0.0049 -0.5965 -0.8026
vn -0.0049 -0.8277 -0.5612
vn -0.0020 -1.0000 0.0021
vn -0.0100 -0.9999 0.0035
vn -0.0031 -0.8260 0.5637
vn 0.0028 -0.5969 0.8023
vn -0.0037 -0.2208 0.9753
vn -0.0027 -0.1168 0.9932
vn -0.0082 -0.0045 1.0000
vn -0.0082 -0.0046 1.0000
vn -0.0071 -1.0000 0.0003
vn -0.0033 -1.0000 0.0006
vn -0.0110 -0.9999 -0.0000
vn -0.0068 -0.1206 -0.9927
vn -0.0140 -0.0077 -0.9999
vn -0.0133 -0.0095 -0.9999
vn -0.0046 -0.2265 -0.9740
vn -0.0039 -0.8310 -0.5562
vn 0.0002 -1.0000 -0.0018
vn -0.0011 -1.0000 -0.0037
vn 0.0006 -0.8314 0.5557
vn 0.0049 -0.5972 0.8021
vn 0.0034 -0.2195 0.9756
vn 0.0035 -0.1132 0.9936
vn -0.0018 -0.0001 1.0000
vn -0.0015 -0.0008 1.0000
vn -0.0059 -0.1143 -0.9934
vn -0.0091 -0.0050 -0.9999
vn -0.0111 0.0002 -0.9999
vn -0.0059 -0.2217 -0.9751
vn 0.0018 -0.6003 -0.7998
vn 0.0017 -0.8308 -0.5566
vn 0.0085 -1.0000 -0.0025
vn 0.0080 -1.0000 -0.0049
vn 0.0036 -0.8315 0.5555
vn 0.0029 -0.5976 0.8018
vn -0.0022 -0.2270 0.9739
vn -0.0031 -0.1231 0.9924
vn -0.0092 -0.0139 0.9999
vn -0.0119 -0.0066 0.9999
vn 0.0026 0.1232 0.9924
vn -0.0045 0.0041 1.0000
vn -0.0067 0.0013 1.0000
vn 0.0045 0.2384 0.9712
vn 0.0124 0.6193 0.7851
vn 0.0148 0.8486 0.5288
vn 0.0225 0.9997 -0.0008
vn 0.0301 0.9995 -0.0014
vn 0.0250 0.8488 -0.5281
vn 0.0231 0.6196 -0.7846
vn 0.0080 0.1829 -0.9831
vn 0.0126 0.1821 -0.9832
vn -0.0108 0.0068 -0.9999
vn -0.0121 0.0106 -0.9999
vn -0.0159 0.0056 -0.9999
vn -0.0219 0.0023 -0.9998
vn -0.0230 -0.1412 -0.9897
vn -0.0327 -0.0097 -0.9994
vn -0.0224 -0.1852 -0.9824
vn -0.0134 -0.6051 -0.7960
vn -0.0035 -0.8393 -0.5437
vn 0.0099 -0.9999 0.0072
vn 0.0175 -0.9998 0.0131
vn 0.0076 -0.8315 0.5555
vn 0.0048 -0.5981 0.8014
vn -0.0010 -0.2315 0.9728
vn -0.0034 -0.1264 0.9920
vn -0.0093 -0.0188 0.9998
vn -0.0134 -0.0074 0.9999
vn 0.0050 1.0000 0.0005
vn 0.0037 1.0000 0.0006
vn 0.0063 1.0000 0.0004
vn 0.0043 0.1230 0.9924
vn -0.0025 0.0023 1.0000
vn -0.0038 0.0006 1.0000
vn 0.0039 0.2377 0.9713
vn 0.0102 0.6191 0.7852
vn 0.0165 0.8511 0.5248
vn 0.0217 0.9998 -0.0015
vn 0.0331 0.9994 -0.0036
vn 0.0097 0.8479 -0.5301
vn 0.0083 0.6146 -0.7888
vn 0.0048 0.2346 -0.9721
vn 0.0074 0.1247 -0.9922
vn -0.0011 0.0050 -1.0000
vn -0.0029 0.0027 -1.0000
vn 0.0030 0.1190 0.9929
vn 0.0010 -0.0009 1.0000
vn -0.0036 -0.0069 1.0000
vn 0.0040 0.2394 0.9709
vn 0.0122 0.6237 0.7816
vn 0.0200 0.8526 0.5221
vn 0.0203 0.9998 -0.0035
vn 0.0288 0.9996 -0.0079
vn 0.0081 0.8469 -0.5316
vn 0.0094 0.6169 -0.7870
vn 0.0046 0.2358 -0.9718
vn 0.0062 0.1235 -0.9923
vn -0.0019 0.0024 -1.0000
vn -0.0022 0.0020 -1.0000
vn 0.0104 0.1165 0.9931
vn 0.0034 -0.0031 1.0000
vn 0.0013 -0.0057 1.0000
vn 0.0093 0.2299 0.9732
vn 0.0149 0.6145 0.7888
vn 0.0118 0.8457 0.5336
vn 0.0158 0.9999 -0.0000
vn 0.0192 0.9998 -0.0008
vn 0.0115 0.8483 -0.5294
vn 0.0117 0.6217 -0.7832
vn 0.0043 0.2424 -0.9702
vn 0.0019 0.1266 -0.9920
vn -0.0065 0.0053 -1.0000
vn -0.0062 0.0056 -1.0000
vn -0.0758 -0.9971 -0.0000
vn 0.0758 -0.9971 -0.0000
vn -0.3642 -0.9313 -0.0000
vn -0.5009 -0.8655 -0.0000
vn -0.7322 -0.6811 -0.0000
vn -0.8268 -0.5625 -0.0000
vn -0.9552 -0.2959 -0.0000
vn -0.9890 -0.1481 -0.0000
vn -0.9890 0.1478 -0.0000
vn -0.9553 0.2957 -0.0000
vn -0.8269 0.5623 -0.0000
vn -0.7324 0.6809 -0.0000
vn -0.5011 0.8654 -0.0000
vn -0.3644 0.9313 -0.0000
vn 0.4340 0.9009 -0.0000
vn 0.7324 0.6809 -0.0000
vn 0.8269 0.5623 -0.0000
vn 0.9553 0.2957 -0.0000
vn 0.9890 0.1478 -0.0000
vn 0.9890 -0.1481 -0.0000
vn 0.9552 -0.2959 -0.0000
vn 0.8268 -0.5625 -0.0000
vn 0.7322 -0.6811 -0.0000
vn 0.5009 -0.8655 -0.0000
vn 0.3642 -0.9313 -0.0000
vn 0.0041 -0.7484 0.6632
vn -0.0000 -0.7585 0.6516
vn -0.0000 -0.7998 0.6003
vn -0.0000 -0.6329 0.7743
vn -0.0000 -0.9848 -0.1736
vn -0.0000 -0.8260 -0.5637
vn -0.0000 0.2704 -0.9627
vn -0.0000 0.7013 -0.7129
vn -0.0000 0.9456 -0.3254
vn -0.7429 0.6694 0.0001
vn -0.7430 0.6693 0.0001
vn -0.8059 0.5920 -0.0000
vn -0.8133 0.5819 -0.0000
vn -0.9047 0.4260 0.0001
vn -0.9166 0.3997 0.0001
vn -0.9046 0.4262 0.0001
vn -0.8103 0.5858 -0.0139
vn -0.9025 0.4306 -0.0140
vn -0.7642 0.6449 -0.0139
vn -0.8921 0.4519 0.0001
vn -0.9891 0.1475 0.0001
vn -0.9842 0.1772 0.0001
vn -0.9919 0.1267 0.0001
vn -0.9890 0.1480 0.0001
vn -0.9951 0.0985 0.0001
vn -0.8000 0.6001 -0.0000
vn -0.8958 0.4445 0.0001
vn -0.9754 0.2204 0.0001
vn -0.9966 -0.0822 -0.0000
vn -0.9861 -0.1661 -0.0000
vn -0.9135 0.4068 0.0001
vn -0.9567 0.2912 0.0002
vn -0.9169 0.3991 0.0001
vn -0.9755 0.2200 0.0001
vn -0.7427 0.6696 0.0001
vn -0.9682 -0.2501 -0.0000
vn -0.8748 -0.4844 -0.0000
vn -0.8750 -0.4842 -0.0000
vn -0.9923 -0.1240 -0.0000
vn -0.9798 -0.1998 -0.0000
vn -0.9861 -0.1662 -0.0000
vn -0.9891 0.1469 0.0001
vn -0.8960 0.4441 0.0001
vn -0.9050 0.4255 0.0001
vn -0.8059 0.5921 -0.0000
vn -0.7909 0.6120 -0.0000
vn -0.8175 0.5759 -0.0000
vn -0.8749 -0.4842 -0.0000
vn 0.7429 0.6694 0.0001
vn 0.7641 0.6449 0.0151
vn 0.8102 0.5860 0.0151
vn 0.9028 0.4298 0.0153
vn 0.9050 0.4254 0.0001
vn 0.9891 0.1470 0.0001
vn 0.9952 0.0979 0.0001
vn 0.9798 -0.1998 -0.0000
vn 0.9682 -0.2501 -0.0000
vn 0.8748 -0.4844 -0.0000
vn 0.7999 0.6001 -0.0000
vn 0.8922 0.4517 0.0001
vn 0.9806 0.1960 0.0001
vn 0.9951 -0.0989 -0.0000
vn 0.8176 0.5758 -0.0000
vn 0.9244 0.3815 0.0001
vn 0.9952 0.0980 0.0001
vn 0.7430 0.6693 0.0001
vn 0.8750 -0.4842 -0.0000
vn 0.9923 -0.1240 -0.0000
vn 0.9857 0.1684 0.0001
vn 0.9861 -0.1661 -0.0000
vn 0.8921 0.4518 -0.0000
vn 0.9048 0.4258 0.0001
vn 0.9842 0.1770 -0.0000
vn 0.9952 0.0983 0.0001
vn 0.8000 0.6000 -0.0000
vn 0.8132 0.5819 -0.0000
vn 0.9047 0.4260 0.0001
vn 0.9842 0.1771 0.0001
vn 0.9890 0.1480 0.0001
vn 0.7427 0.6696 0.0001
vn 0.7909 0.6119 0.0001
vn 0.9166 0.3998 0.0001
vn 0.9046 0.4263 0.0001
vn 0.8749 -0.4842 -0.0000
vn 0.8799 0.4749 -0.0187
vn 0.8103 0.5858 -0.0139
vn 0.7711 0.6365 -0.0186
vn -0.0266 -0.9996 0.0004
vn -0.0285 -0.9996 0.0007
vn -0.0247 -0.9997 0.0004
vn -0.0247 -0.9997 -0.0000
vn -0.0219 -0.9998 0.0006
vn -0.0207 -0.9998 0.0007
vn -0.0205 -0.9998 0.0012
vn -0.0001 -0.0001 -1.0000
vn -0.0002 -0.0000 -1.0000
vn -0.0002 -0.0001 -1.0000
vn 0.9108 -0.4124 -0.0166
vn 0.9657 -0.2594 -0.0134
vn 0.9313 -0.3627 -0.0341
vn 0.8851 -0.4646 -0.0263
vn 0.8897 -0.4565 0.0004
vn 0.8912 -0.4537 -0.0001
vn 0.8923 -0.4514 0.0002
vn 0.8931 -0.4499 0.0013
vn 0.8935 -0.4491 0.0013
vn 0.8931 -0.4499 0.0025
vn 0.8928 -0.4504 0.0023
vn 0.5306 0.4678 -0.7068
vn 0.3821 0.5108 -0.7701
vn 0.0547 0.4133 -0.9090
vn 0.0799 0.4742 -0.8768
vn -0.0173 0.3825 -0.9238
vn -0.0447 0.3751 -0.9259
vn -0.0497 0.3832 -0.9223
vn 0.4655 0.5792 -0.6692
vn 0.3808 0.7005 -0.6036
vn 0.0871 0.7351 -0.6723
vn -0.0663 0.4765 -0.8767
vn -0.0000 0.3985 -0.9172
vn 0.0059 0.3944 -0.9189
vn -0.0871 0.8059 -0.5857
vn -0.3808 0.7005 -0.6035
vn -0.4655 0.5792 -0.6692
vn -0.3821 0.5108 -0.7701
vn -0.0964 0.4063 -0.9086
vn -0.0241 0.3808 -0.9244
vn -0.0213 0.3952 -0.9184
vn -0.0059 0.3944 -0.9189
vn -0.5118 0.3828 -0.7691
vn -0.0818 0.3656 -0.9272
vn -0.0905 0.3750 -0.9226
vn -0.0263 0.3666 -0.9300
vn -0.0132 0.3587 -0.9333
vn -0.0080 0.3536 -0.9353
vn -0.5978 0.2000 -0.7763
vn 0.0494 0.0123 -0.9987
vn 0.9007 -0.0160 -0.4341
vn 0.3605 -0.6593 -0.6598
vn 0.0240 -0.7029 -0.7109
vn 0.6498 -0.3583 0.6704
vn -0.0041 -0.8950 0.4460
vn 1.0000 0.0004 0.0001
vn 0.8517 -0.5237 -0.0184
vn 1.0000 -0.0022 -0.0006
vn 1.0000 -0.0010 0.0019
vn 0.7333 -0.6799 -0.0012
vn -0.8916 -0.4063 0.2002
vn -0.3831 -0.2202 0.8971
vn -0.8618 -0.5072 -0.0000
vn -0.8575 -0.5145 -0.0005
vn -0.9750 -0.1574 0.1566
vn -0.9172 -0.2847 0.2786
vn -0.8555 -0.0000 0.5178
vn -0.8923 -0.1983 0.4056
vn -0.8589 0.0005 0.5121
vn -0.8639 0.0005 0.5036
vn -0.4059 -0.8868 0.2209
vn -0.4877 -0.3477 0.8008
vn -0.5973 -0.7791 0.1902
vn 0.0153 -0.8943 -0.4473
vn 0.6697 -0.3239 -0.6683
vn 0.4632 -0.8862 -0.0015
vn 0.0191 -0.9998 -0.0001
vn 0.9999 0.0139 -0.0033
vn 0.7045 0.0097 -0.7097
vn 0.0059 -0.8920 -0.4519
vn 0.5256 -0.2793 -0.8036
vn 0.4150 -0.8902 -0.1880
vn 0.0094 -0.9999 -0.0111
vn 0.8126 0.4567 -0.3622
vn 0.3493 0.7717 -0.5316
vn 0.0026 0.4505 -0.8928
vn -0.0044 0.9999 0.0111
vn -0.0039 -0.0000 -1.0000
vn 1.0000 -0.0003 -0.0005
vn 1.0000 -0.0000 -0.0034
vn 1.0000 -0.0004 0.0007
vn 1.0000 0.0007 0.0008
vn 1.0000 0.0002 0.0007
vn 1.0000 -0.0000 -0.0000
vn 1.0000 0.0001 -0.0017
vn 0.7002 -0.0264 -0.7134
vn 0.7067 -0.0314 -0.7068
vn -0.0187 -0.0091 -0.9998
vn -0.0374 -0.0020 -0.9993
vn -0.0205 -0.0085 0.9998
vn -0.0000 -0.0013 1.0000
vn 0.6995 -0.0260 0.7142
vn 0.6919 -0.0313 0.7213
vn -0.0281 -0.0099 0.9996
vn 0.6860 -0.0394 0.7265
vn -0.0182 -0.8768 0.4805
vn -0.0000 -0.3946 0.9188
vn 1.0000 -0.0002 -0.0017
vn 1.0000 -0.0000 -0.0036
vn 1.0000 -0.0000 -0.0007
vn 1.0000 -0.0004 -0.0001
vn 0.9311 -0.2276 -0.2852
vn 0.9094 -0.0016 -0.4160
vn 1.0000 0.0009 -0.0014
vn 1.0000 0.0018 -0.0036
vn 0.0028 -0.0000 1.0000
vn 0.0039 0.0001 1.0000
vn 0.0031 -0.0000 1.0000
vn 0.0024 -0.0000 1.0000
vn 0.0035 -0.0000 1.0000
vn 0.0036 -0.0000 1.0000
vn 0.9998 -0.0182 0.0087
vn 0.5002 -0.8656 -0.0221
vn 0.9646 -0.2631 -0.0164
vn 0.9988 -0.0417 0.0247
vn 0.9986 -0.0493 -0.0210
vn 0.9976 -0.0505 -0.0475
vn 0.9974 -0.0714 -0.0023
vn 0.7103 -0.6122 0.3473
vn 0.5045 -0.4336 0.7467
vn -0.4966 -0.4353 0.7509
vn -0.7038 -0.6161 0.3538
vn -0.3531 0.6146 0.7054
vn -0.8939 0.3881 0.2241
vn 0.6051 0.2628 0.7515
vn 0.4474 0.7775 0.4421
vn 0.4286 -0.9032 -0.0236
vn 0.7660 -0.6427 -0.0135
vn 0.9397 -0.3417 -0.0122
vn 0.9437 -0.3309 -0.0000
vn 0.6209 -0.7834 -0.0283
vn 0.6319 -0.7732 -0.0535
vn 0.1416 -0.9899 -0.0024
vn 0.1274 -0.9918 -0.0046
vn 0.1558 -0.9878 -0.0002
vn 0.6946 -0.4617 -0.5517
vn 0.5325 -0.0000 -0.8464
vn 0.6451 -0.3007 0.7025
vn 0.7105 -0.5999 0.3678
vn 0.4744 -0.0031 0.8803
vn 0.5325 -0.0000 0.8464
vn 0.9452 -0.3264 -0.0042
vn -0.8618 0.5072 -0.0000
vn -0.9990 -0.0000 0.0451
vn -0.9996 -0.0000 0.0275
vn -0.0000 0.9623 0.2719
vn -0.0000 0.8626 0.5058
vn -0.0000 0.8626 0.5059
vn -0.0000 0.5750 0.8181
vn -0.0000 0.4210 0.9071
vn -0.0000 0.0889 0.9960
vn -0.0000 -0.0890 0.9960
vn -0.0000 -0.4210 0.9071
vn -0.0000 -0.5751 0.8181
vn -0.0000 -0.8121 0.5835
vn -0.0000 -0.8976 0.4407
vn -0.0000 -0.9570 0.2899
vn -0.0193 0.9998 -0.0000
vn -0.0362 0.9993 0.0007
vn -0.0411 0.9992 -0.0000
vn -0.0724 0.9974 0.0014
vn -0.0625 0.9980 0.0028
vn -0.0000 -1.0000 0.0018
vn -0.0000 -1.0000 -0.0000
vn -0.8618 -0.0000 -0.5072
vn -0.0036 -0.0000 -1.0000
vn -0.0040 -0.0000 -1.0000
vn -0.0031 -0.0000 -1.0000
vn -0.0032 -0.0001 -1.0000
vn -0.0027 -0.0000 -1.0000
vn -0.0031 -0.0001 -1.0000
vn -0.0037 -0.0000 -1.0000
vn -0.0040 -0.0001 -1.0000
vn -0.0042 -0.0000 -1.0000
vn -0.0032 -0.0000 -1.0000
vn -0.0032 0.0660 -0.9978
vn -0.0047 0.0846 -0.9964
vn -0.0031 0.3819 -0.9242
vn -0.0136 0.4771 -0.8787
vn -0.0021 0.8303 -0.5573
vn -0.0355 0.8825 -0.4689
vn -0.0009 0.9806 -0.1958
vn -0.0469 0.9795 -0.1959
vn -0.0023 -0.0000 -1.0000
vn -0.0126 0.1669 -0.9859
vn -0.0297 0.4735 -0.8803
vn -0.0529 0.8067 -0.5885
vn -0.0748 0.9521 -0.2965
vn -0.0182 0.2389 -0.9709
vn 0.0074 -1.0000 -0.0000
vn 0.1824 -0.9832 -0.0006
vn 0.1825 -0.9832 -0.0006
vn 0.6637 -0.7480 -0.0023
vn 0.6634 -0.7483 -0.0022
vn 0.9492 -0.3147 -0.0034
vn 0.9877 -0.1564 -0.0035
vn 0.9645 0.2641 -0.0034
vn 0.6992 0.7149 -0.0025
vn 0.4699 0.8827 -0.0016
vn 0.1183 0.9930 -0.0004
vn 0.0120 0.9999 -0.0000
vn 0.0037 -0.0000 1.0000
vn 0.0042 -0.0000 1.0000
vn 0.0036 0.0001 1.0000
vn 0.0037 0.0002 1.0000
vn 0.0034 0.0002 1.0000
vn 0.0040 0.0005 1.0000
vn 0.0054 0.0001 1.0000
vn 0.0041 -0.0000 1.0000
vn 0.0048 -0.0003 1.0000
vn 0.0029 -0.0005 1.0000
vn 0.0037 0.0005 1.0000
vn 0.0025 -0.0000 1.0000
vn 0.0024 0.0001 1.0000
vn 0.0027 -0.0000 1.0000
vn 0.0026 -0.0002 1.0000
vn 0.0030 0.0001 1.0000
vn 0.0038 0.0005 1.0000
vn 0.0033 0.0983 0.9952
vn -0.0027 0.0789 0.9969
vn -0.0127 0.1638 0.9864
vn -0.0135 0.4760 0.8794
vn -0.0254 0.4046 0.9141
vn -0.0176 0.2312 0.9727
vn 0.0031 0.4705 0.8824
vn 0.0021 0.8293 0.5588
vn -0.0204 0.9083 0.4178
vn -0.0556 0.8778 0.4757
vn 0.0008 0.9805 0.1968
vn -0.0433 0.9775 0.2063
vn -0.0685 0.9715 0.2268
vn -0.3610 0.9326 -0.0000
vn -0.2088 0.9780 -0.0000
vn -0.5076 0.8616 -0.0000
vn -0.7629 0.6465 -0.0000
vn -0.8675 0.4975 -0.0000
vn -0.9737 0.2279 -0.0000
vn -0.9935 0.1140 -0.0000
vn 0.3674 -0.9301 -0.0000
vn 0.0829 -0.3938 0.9155
vn 0.1049 -0.1876 0.9766
vn 0.0793 -0.2468 0.9658
vn 0.0815 -0.4262 0.9009
vn 0.1144 -0.5448 0.8307
vn 0.0921 -0.3594 0.9286
vn 0.0410 -0.2961 0.9543
vn -0.9655 -0.0000 0.2606
vn -0.9998 -0.0000 -0.0221
vn -0.8383 -0.0000 0.5452
vn 0.9290 -0.0000 0.3700
vn 0.9976 -0.0000 0.0697
vn 0.7491 -0.0000 0.6624
vn 0.3267 -0.0000 0.9451
vn 0.1187 -0.0000 0.9929
vn 0.9290 -0.0000 0.3701
vn 0.7490 -0.0000 0.6626
vn -0.4828 -0.0000 0.8757
vn -0.2862 -0.0000 0.9582
vn -0.2861 -0.0000 0.9582
vn 0.3265 -0.0000 0.9452
vn 0.1186 -0.0000 0.9929
vn -0.9850 -0.0000 0.1727
vn -0.9999 -0.0000 -0.0151
vn -0.9778 -0.0000 -0.2093
vn -0.8220 -0.0000 -0.5695
vn -0.6809 -0.0000 -0.7323
vn -0.3301 -0.0000 -0.9439
vn -0.1205 -0.0000 -0.9927
vn 0.2876 -0.0000 -0.9577
vn 0.4860 -0.0000 -0.8739
vn 0.7957 -0.0000 -0.6057
vn 0.9069 -0.0000 -0.4214
vn 0.9936 -0.0000 -0.1126
vn 1.0000 -0.0000 0.0047
vn 0.9927 -0.0000 0.1203
vn 0.6137 0.7895 -0.0000
vn -0.7621 -0.6474 -0.0000
vn -0.0000 0.0666 0.9978
vn -0.0000 0.1332 0.9911
vn -0.0000 0.3827 0.9239
vn -0.0000 0.5587 0.8293
vn -0.0000 0.8150 0.5795
vn -0.0000 0.9022 0.4314
vn -0.0000 0.9903 0.1389
vn -0.0000 0.9903 -0.1389
vn -0.0000 0.9022 -0.4314
vn -0.0000 0.8150 -0.5795
vn -0.0000 0.5517 -0.8340
vn -0.0000 0.3660 -0.9306
vn -0.0000 0.0867 -0.9962
vn -0.0000 -0.0867 -0.9962
vn -0.0000 -0.3660 -0.9306
vn -0.0000 -0.5517 -0.8340
vn -0.0000 -0.8150 -0.5795
vn -0.0000 -0.9022 -0.4314
vn -0.0000 -0.9903 -0.1389
vn -0.0000 -0.9903 0.1389
vn -0.0000 -0.9022 0.4314
vn -0.0000 -0.8150 0.5795
vn -0.0000 -0.4418 0.8971
vn -0.0000 -0.1293 0.9916
vn -0.0000 -0.4417 0.8972
vn 0.0231 -0.3028 -0.9528
vn 0.1199 -0.3671 -0.9224
vn 0.1164 -0.4639 -0.8782
vn 0.1990 -0.6275 -0.7528
vn 0.1768 -0.4336 -0.8836
vn 0.0779 -0.1033 -0.9916
vn 0.0062 -0.0157 -0.9999
vn 0.9908 0.0768 -0.1118
vn 0.9552 -0.0000 0.2959
vn 0.7925 0.0056 0.6098
vn 0.9617 0.0344 0.2719
vn 0.6701 -0.0000 0.7423
vn 0.2111 -0.0000 0.9775
vn 0.1104 -0.0000 0.9939
vn -0.3744 -0.0000 0.9272
vn -0.4670 -0.0000 0.8843
vn 0.5741 0.1664 -0.8017
vn 0.6402 0.1614 -0.7511
vn 0.0839 0.1873 -0.9787
vn 0.7776 -0.0000 0.6288
vn 0.9983 -0.0576 0.0018
vn 0.7960 -0.0014 0.6052
vn 0.9868 -0.0531 0.1531
vn 0.2538 -0.0000 0.9673
vn 0.2113 -0.0000 0.9774
vn -0.2780 -0.0000 0.9606
vn -0.3745 -0.0000 0.9272
vn -0.8492 -0.0010 0.5280
vn -0.8710 0.0009 0.4913
vn -0.9299 -0.0000 0.3677
vn -0.8733 -0.0000 0.4872
vn -0.9989 -0.0333 -0.0324
vn -0.9911 -0.0551 -0.1210
vn -0.9971 0.0482 -0.0582
vn -0.9823 0.0529 -0.1796
vn -0.9917 -0.0000 0.1287
vn -0.4299 0.1609 -0.8884
vn -0.5037 0.1550 -0.8499
vn -0.5815 -0.1463 -0.8003
vn -0.2956 -0.1711 -0.9399
vn 0.0839 -0.1868 -0.9788
vn 0.5739 -0.1661 -0.8019
vn 0.6402 -0.1610 -0.7511
vn -0.3427 -0.4387 0.8308
vn -0.1687 -0.8898 0.4241
vn 0.0049 -0.9999 0.0116
vn 0.0064 -0.9999 0.0123
vn 0.0082 -0.9999 0.0094
vn -0.2702 0.7144 0.6455
vn -0.2690 0.7138 0.6466
vn 0.0050 0.9999 -0.0096
vn 0.0082 0.9999 -0.0117
vn 0.0065 0.9999 -0.0089
vn -0.9844 -0.0000 0.1759
vn -0.9931 -0.0000 0.1177
vn -0.9983 -0.0000 0.0589
vn -0.9983 -0.0000 -0.0589
vn -0.9931 -0.0000 -0.1177
vn -0.9844 -0.0000 -0.1759
vn -0.1537 -0.2267 0.9618
vn -0.2091 -0.1252 0.9699
vn -0.1623 -0.1153 0.9800
vn -0.1722 -0.3384 0.9251
vn -0.2246 -0.5292 0.8182
vn -0.3555 -0.5864 0.7279
vn -0.4539 -0.6900 0.5639
vn -0.4815 -0.6926 0.5371
vn -0.5258 -0.7508 0.3998
vn -0.5225 -0.7486 0.4082
vn -0.5423 -0.7920 0.2804
vn -0.6069 -0.7649 0.2157
vn -0.6380 -0.7598 0.1251
vn -0.6567 -0.7451 0.1162
vn -0.6324 -0.7719 0.0646
vn -0.6613 -0.7483 0.0524
vn -0.5350 -0.8448 0.0121
vn -0.4338 -0.8997 0.0488
vn -0.3830 -0.9195 0.0885
vn -0.3782 -0.9202 0.1009
vn -0.4067 -0.9093 0.0880
vn -0.4009 -0.9161 -0.0063
vn -0.9984 -0.0566 0.0051
vn -0.9981 -0.0596 0.0120
vn -0.9969 -0.0786 0.0026
vn -0.9967 -0.0784 -0.0191
vn -0.9998 0.0199 0.0045
vn -0.9950 0.0962 0.0281
vn -0.9514 0.2839 0.1196
vn -0.9486 0.2910 0.1246
vn -0.9369 0.3294 0.1170
vn -0.9304 0.3359 0.1468
vn -0.9592 0.2806 0.0341
vn -0.9644 0.2402 -0.1103
vn -0.9577 0.2472 -0.1474
vn -0.9327 0.2662 -0.2433
vn -0.9195 0.3040 -0.2492
vn -0.8630 0.3127 -0.3968
vn -0.7868 0.2913 -0.5441
vn -0.5941 0.2588 -0.7616
vn -0.3315 0.1543 -0.9307
vn -0.0969 0.0787 -0.9922
vn 0.0119 0.0164 -0.9998
vn 0.0240 0.0190 -0.9995
vn 0.2928 0.2262 -0.9290
vn 0.2175 0.1988 -0.9556
vn 0.2827 0.3659 -0.8867
vn 0.2939 0.5090 -0.8091
vn 0.2328 0.7429 -0.6277
vn 0.1722 0.7728 -0.6109
vn 0.2643 0.8590 -0.4385
vn 0.2934 0.8394 -0.4575
vn 0.3813 0.8804 -0.2818
vn 0.3628 0.8935 -0.2647
vn 0.4271 0.8956 -0.1248
vn 0.4950 0.8653 -0.0789
vn 0.4667 0.8842 -0.0163
vn 0.5274 0.8496 0.0053
vn 0.3661 0.9293 -0.0484
vn 0.3975 0.9162 -0.0502
vn 0.2783 0.9511 -0.1338
vn 0.2767 0.9464 -0.1665
vn 0.3786 0.9060 -0.1894
vn 0.4403 0.8939 -0.0847
vn 0.4695 0.8811 -0.0570
vn 0.4812 0.8732 0.0771
vn 0.9968 0.0802 -0.0017
vn 0.9982 0.0583 -0.0132
vn 0.9986 0.0525 -0.0057
vn 0.9970 0.0742 0.0226
vn 0.9966 -0.0794 -0.0224
vn 0.9988 -0.0497 -0.0013
vn 0.9480 -0.2970 -0.1143
vn 0.9454 -0.3012 -0.1247
vn 0.9191 -0.3668 -0.1438
vn 0.9370 -0.3400 -0.0797
vn 0.9484 -0.3162 -0.0244
vn 0.9510 -0.2826 0.1254
vn 0.9413 -0.2990 0.1566
vn 0.9182 -0.3205 0.2326
vn 0.8880 -0.3486 0.2998
vn 0.8718 -0.3163 0.3740
vn 0.7441 -0.2721 0.6102
vn 0.6555 -0.3021 0.6921
vn 0.2617 -0.1241 0.9571
vn 0.3220 -0.1947 0.9265
vn -0.0056 -0.0066 1.0000
vn -0.0172 -0.0086 0.9998
vn -0.2067 0.9781 0.0245
vn -0.1951 0.9805 0.0234
vn -0.2184 0.9755 0.0255
vn 0.9537 -0.2919 0.0725
vn 0.9552 -0.2956 0.0150
vn 0.9490 -0.2872 0.1297
vn -0.0000 -0.5000 -0.8660
vn -0.0000 -0.5001 -0.8660
vn -0.0000 -0.5000 0.8660
vn -0.0000 0.5001 -0.8660
vn -0.0000 0.5000 -0.8660
vn -0.0000 0.5000 0.8660
vn -0.9895 -0.0062 0.1443
vn -0.9892 -0.0092 0.1463
vn -0.9371 -0.0030 0.3491
vn -0.9908 -0.0031 0.1353
vn -0.9648 0.0021 0.2631
vn -0.9913 0.0037 0.1314
vn -0.9912 0.0051 0.1324
vn -0.7748 0.0002 0.6322
vn -0.4641 -0.7621 0.4515
vn -0.4765 -0.6987 0.5336
vn -0.4773 -0.8143 0.3303
vn -0.4718 -0.8650 0.1709
vn -0.4772 -0.8759 0.0715
vn -0.4761 -0.8765 0.0710
vn -0.0395 0.0665 -0.9970
vn -0.0368 -0.0661 -0.9971
vn -0.0290 -0.3210 -0.9466
vn -0.0219 -0.4436 -0.8959
vn -0.0105 -0.7083 -0.7059
vn -0.0100 -0.7094 -0.7047
vn -0.0027 -0.8325 -0.5540
vn -0.0005 -0.8966 -0.4429
vn 0.0008 -0.9472 -0.3208
vn 0.0030 -0.9978 -0.0662
vn 0.0038 -0.9978 0.0659
vn 0.0054 -0.9472 0.3205
vn 0.0057 -0.8967 0.4426
vn 0.0066 -0.7525 0.6586
vn 0.0066 -0.6591 0.7521
vn 0.0068 -0.4431 0.8965
vn 0.0066 -0.3209 0.9471
vn 0.0062 -0.0662 0.9978
vn 0.0058 0.0661 0.9978
vn 0.0049 0.3208 0.9471
vn 0.0043 0.4431 0.8965
vn 0.0029 0.6589 0.7522
vn 0.0022 0.7524 0.6587
vn 0.0003 0.8966 0.4429
vn -0.0007 0.9472 0.3208
vn -0.0029 0.9978 0.0662
vn -0.0043 0.9978 -0.0658
vn -0.0072 0.9240 -0.3823
vn -0.0072 0.9242 -0.3818
vn -0.0139 0.8367 -0.5475
vn -0.0036 -0.5206 -0.8538
vn -0.0042 -0.9695 -0.2450
vn -0.0041 -0.8724 -0.4888
vn -0.0017 -0.2597 -0.9657
vn -0.0006 0.0014 -1.0000
vn 0.0003 -0.0004 -1.0000
vn -0.0000 -0.0016 -1.0000
vn -0.0021 -0.9274 0.3740
vn -0.0022 -0.9277 0.3732
vn -0.0014 -0.0067 -1.0000
vn -0.0000 -0.0051 -1.0000
vn -0.0009 -0.0017 -1.0000
vn -0.0019 -0.0050 -1.0000
vn -0.0022 0.2817 -0.9595
vn -0.9971 -0.0763 0.0041
vn -0.9978 -0.0664 0.0020
vn -0.9983 -0.0586 -0.0002
vn -0.2948 0.2705 0.9165
vn -0.0047 0.1182 0.9930
vn -0.0035 0.6244 0.7811
vn -0.3773 0.6367 0.6725
vn 0.0019 0.9798 0.2002
vn -0.3725 0.8906 0.2611
vn 0.0009 1.0000 0.0009
vn 0.0027 1.0000 -0.0004
vn 0.0023 0.9878 -0.1558
vn -0.8339 0.1080 0.5412
vn -0.8926 0.2801 0.3533
vn -0.7649 0.6066 0.2165
vn -0.4299 0.9000 0.0720
vn -0.3577 -0.0003 0.9338
vn -0.9546 -0.0009 0.2979
vn -0.9891 -0.0246 0.1450
vn -0.9568 0.2305 0.1774
vn -0.0063 -0.0005 1.0000
vn -0.0043 -0.0904 0.9959
vn -0.0050 0.0008 1.0000
vn -0.3577 0.0009 0.9338
vn -0.3668 -0.2697 0.8904
vn -0.8839 -0.0582 0.4641
vn -0.9533 0.0127 0.3018
vn -0.9903 0.0037 0.1391
vn -0.9912 0.0168 0.1314
vn -0.9911 0.0119 0.1328
vn -0.9909 0.0139 0.1341
vn -0.9907 0.0088 0.1355
vn -0.8584 -0.2642 0.4396
vn -0.9631 -0.2308 0.1387
vn -0.3792 -0.7001 0.6050
vn -0.7586 -0.6069 0.2371
vn -0.4229 -0.9042 0.0595
vn -0.2785 -0.9393 0.2003
vn 0.0009 -1.0000 0.0009
vn 0.0020 -0.9835 0.1807
vn 0.0027 -1.0000 -0.0004
vn -0.0031 -0.6260 0.7799
vn 0.0022 -0.9878 -0.1555
vn -0.3299 -0.9215 -0.2049
vn -0.4489 -0.8915 0.0610
vn -0.8801 -0.4726 0.0467
vn -0.9014 -0.4144 0.1253
vn -0.9897 0.0112 0.1429
vn -0.0003 -0.7737 -0.6335
vn -0.4245 -0.5789 -0.6962
vn -0.9216 -0.3487 -0.1706
vn -0.9408 -0.1007 -0.3236
vn -0.9892 0.0009 0.1469
vn -0.9899 0.0039 0.1414
vn -0.0004 -0.2199 -0.9755
vn -0.4232 -0.2107 -0.8812
vn -0.4076 -0.0010 -0.9132
vn -0.9726 -0.0019 -0.2323
vn -0.9890 0.0008 0.1478
vn -0.9887 -0.0007 0.1502
vn -0.9942 -0.0038 -0.1078
vn -0.9891 -0.0042 0.1474
vn -0.9899 -0.0021 0.1419
vn -0.0004 0.1789 -0.9839
vn -0.5046 -0.0022 -0.8634
vn -0.9561 0.0571 -0.2874
vn -0.9895 -0.0064 0.1443
vn -0.9899 0.0054 0.1413
vn -0.9902 0.0035 0.1393
vn -0.9913 -0.0045 0.1318
vn -0.5094 0.2460 -0.8246
vn -0.9368 0.2748 -0.2164
vn -0.9713 0.1978 0.1322
vn -0.4455 0.6417 -0.6243
vn -0.7995 0.5998 -0.0320
vn -0.4361 0.8979 0.0594
vn -0.2511 0.9488 -0.1919
vn -0.0003 0.7748 -0.6322
vn -0.9893 -0.0171 0.1450
vn -0.9913 -0.0144 0.1310
vn -0.9905 -0.0152 0.1363
vn -0.9832 -0.0524 0.1751
vn -0.9899 0.0021 0.1417
vn -0.6519 -0.0041 -0.7583
vn -0.6660 -0.0000 -0.7460
vn -0.4599 -0.0079 -0.8879
vn -0.2242 -0.0103 -0.9745
vn -0.0000 -0.0106 -0.9999
vn 0.0001 -0.0106 -0.9999
vn -0.3584 -0.8840 0.3000
vn -0.0617 -0.8989 0.4337
vn -0.0187 -0.9827 0.1841
vn -0.3222 -0.9462 0.0295
vn -0.0714 -0.9573 -0.2800
vn -0.0000 -0.9687 -0.2483
vn -0.0000 -0.8911 -0.4538
vn -0.3118 -0.9237 -0.2227
vn -0.6368 -0.7671 0.0778
vn -0.7300 -0.6335 0.2566
vn -0.7782 -0.5881 0.2203
vn -0.7979 -0.5181 0.3083
vn -0.9444 0.0028 0.3289
vn -0.8445 0.0077 0.5355
vn -0.8426 0.0026 0.5385
vn -0.9881 -0.0591 0.1420
vn -0.9512 -0.0594 -0.3027
vn -0.9544 -0.1177 -0.2745
vn -0.8585 -0.0232 -0.5123
vn -0.9374 0.0412 -0.3457
vn -0.8547 0.0211 -0.5186
vn -0.9543 0.1118 -0.2770
vn -0.9881 0.0621 0.1407
vn -0.9444 0.0050 0.3289
vn -0.8426 0.0089 0.5384
vn -0.8445 0.0037 0.5355
vn -0.0642 0.1909 0.9795
vn -0.1409 0.0070 0.9900
vn -0.4947 0.0896 0.8644
vn -0.1849 0.1324 0.9738
vn -0.4258 -0.0390 0.9040
vn -0.9363 0.0617 0.3458
vn -0.9452 -0.0788 0.3170
vn -0.9727 0.0006 0.2320
vn -0.9416 -0.1604 0.2959
vn -0.9012 -0.2692 0.3397
vn -0.1362 -0.0492 0.9895
vn -0.0634 -0.0786 0.9949
vn 0.0130 0.0141 0.9998
vn -0.9447 0.1474 0.2930
vn -0.9092 0.2443 0.3372
vn -0.9973 0.0008 0.0737
vn -0.0000 0.0661 -0.9978
vn -0.0000 -0.0661 -0.9978
vn -0.0000 0.3207 -0.9472
vn -0.0000 0.4430 -0.8965
vn -0.0000 0.6588 -0.7523
vn -0.0000 0.7523 -0.6588
vn -0.0000 0.8965 -0.4430
vn -0.0000 0.9472 -0.3207
vn -0.0000 0.9978 -0.0661
vn -0.0000 0.9978 0.0661
vn -0.0000 0.9472 0.3207
vn -0.0000 0.8965 0.4429
vn -0.0000 0.7523 0.6588
vn -0.0000 0.6588 0.7523
vn -0.0000 0.4430 0.8965
vn -0.0000 0.3207 0.9472
vn -0.0000 0.0661 0.9978
vn -0.0000 -0.0661 0.9978
vn -0.0000 -0.3207 0.9472
vn -0.0000 -0.4430 0.8965
vn -0.0000 -0.6588 0.7523
vn -0.0000 -0.7523 0.6588
vn -0.0000 -0.8965 0.4430
vn -0.0000 -0.9472 0.3207
vn -0.0000 -0.9978 0.0661
vn -0.0000 -0.9978 -0.0661
vn -0.0000 -0.9472 -0.3207
vn -0.0000 -0.8965 -0.4430
vn -0.0000 -0.7523 -0.6588
vn -0.0000 -0.6588 -0.7523
vn -0.0000 -0.4430 -0.8965
vn -0.0000 -0.3207 -0.9472
vn -0.4805 0.8362 0.2643
vn -0.4771 0.6979 0.5341
vn -0.4648 0.7614 0.4520
vn -0.4689 0.8559 0.2182
vn -0.4765 0.8766 0.0669
vn -0.4737 0.8781 0.0676
vn 0.0003 -0.5183 0.8552
vn 0.0010 -0.2604 0.9655
vn 0.0009 -0.0035 1.0000
vn 0.0005 -0.0041 1.0000
vn -0.0000 -0.0071 1.0000
vn 0.0006 0.0066 1.0000
vn -0.0000 0.0100 0.9999
vn 0.0009 0.0055 1.0000
vn 0.0013 0.0038 1.0000
vn 0.0011 0.2604 0.9655
vn -0.6457 0.7166 0.2638
vn -0.6129 0.7612 0.2122
vn -0.5761 0.7847 0.2287
vn -0.4377 0.8951 0.0846
vn -0.3585 0.9042 0.2322
vn -0.1248 0.9881 0.0895
vn 0.0060 0.9842 -0.1771
vn 0.0120 0.9626 -0.2706
vn -0.0000 0.8813 -0.4725
vn -0.0000 0.9632 -0.2688
vn -0.0293 0.9355 0.3522
vn -0.0041 0.9951 0.0987
vn 0.4197 -0.7643 0.4895
vn 0.1085 -0.8668 0.4867
vn 0.2093 -0.8481 0.4867
vn 0.5275 -0.6944 0.4895
vn 0.7197 -0.4946 0.4873
vn 0.8524 -0.1813 0.4904
vn 0.8669 0.1084 0.4866
vn 0.8482 0.2093 0.4866
vn 0.7644 0.4198 0.4894
vn 0.6945 0.5275 0.4894
vn 0.5363 0.6896 0.4866
vn 0.4517 0.7478 0.4866
vn 0.2436 0.8374 0.4894
vn 0.1180 0.8640 0.4894
vn -0.1084 0.8668 0.4866
vn -0.2093 0.8481 0.4867
vn -0.4198 0.7643 0.4895
vn -0.5275 0.6943 0.4895
vn -0.7196 0.4946 0.4873
vn -0.7196 0.4946 0.4874
vn -0.8524 0.1813 0.4905
vn -0.8524 0.1813 0.4904
vn -0.8668 -0.1085 0.4867
vn -0.8481 -0.2093 0.4868
vn -0.7643 -0.4198 0.4896
vn -0.6944 -0.5274 0.4896
vn -0.5363 -0.6895 0.4867
vn -0.4517 -0.7477 0.4867
vn -0.2436 -0.8373 0.4895
vn -0.1180 -0.8640 0.4895
vn 0.2980 0.2141 0.9303
vn 0.3432 0.1297 0.9303
vn 0.5329 0.2555 0.8067
vn 0.4536 0.3881 0.8023
vn 0.5492 0.0944 0.8303
vn 0.3628 0.0524 0.9304
vn 0.3659 -0.0274 0.9303
vn 0.2324 0.2839 0.9303
vn 0.3415 0.4977 0.7973
vn 0.1510 0.3343 0.9303
vn 0.2025 0.5745 0.7931
vn 0.0593 0.3620 0.9303
vn 0.0465 0.6106 0.7906
vn -0.0523 0.3628 0.9304
vn -0.1157 0.6475 0.7532
vn -0.2502 0.5564 0.7923
vn -0.1592 0.3305 0.9303
vn -0.3830 0.4685 0.7961
vn -0.2393 0.2780 0.9303
vn -0.4862 0.3494 0.8010
vn -0.3031 0.2066 0.9303
vn -0.5541 0.2096 0.8056
vn -0.3463 0.1211 0.9303
vn -0.5602 0.0711 0.8253
vn -0.3658 0.0274 0.9303
vn -0.5072 -0.0967 0.8564
vn -0.3628 -0.0523 0.9304
vn -0.3432 -0.1297 0.9303
vn -0.5330 -0.2556 0.8066
vn -0.2980 -0.2141 0.9303
vn -0.4536 -0.3882 0.8022
vn -0.2324 -0.2839 0.9303
vn -0.3415 -0.4977 0.7973
vn -0.1510 -0.3343 0.9303
vn -0.2024 -0.5745 0.7931
vn -0.0593 -0.3620 0.9303
vn -0.0465 -0.6106 0.7906
vn 0.0523 -0.3628 0.9304
vn 0.1157 -0.6475 0.7533
vn 0.2502 -0.5564 0.7923
vn 0.1592 -0.3305 0.9303
vn 0.3830 -0.4685 0.7961
vn 0.2393 -0.2780 0.9303
vn 0.4862 -0.3494 0.8010
vn 0.3032 -0.2066 0.9303
vn 0.5540 -0.2096 0.8057
vn 0.3463 -0.1211 0.9303
vn 0.5851 -0.0593 0.8088
vn -0.0512 -0.6839 -0.7277
vn -0.0545 -0.3329 -0.9414
vn 0.0481 -0.3336 -0.9415
vn 0.1326 -0.7348 -0.6652
vn 0.1428 -0.9898 -0.0000
vn -0.1182 -0.9930 -0.0000
vn 0.0805 -0.7423 0.6652
vn -0.0948 -0.6790 0.7280
vn 0.0481 -0.3336 0.9415
vn -0.2264 -0.6474 -0.7277
vn -0.3712 -0.9286 -0.0000
vn -0.2673 -0.6313 0.7280
vn -0.0545 -0.3329 0.9414
vn -0.1389 -0.3075 -0.9414
vn -0.3863 -0.5667 -0.7277
vn -0.5989 -0.8008 -0.0000
vn -0.4216 -0.5406 0.7280
vn -0.1388 -0.3075 0.9414
vn -0.2137 -0.2611 -0.9414
vn -0.5198 -0.4474 -0.7278
vn -0.7857 -0.6186 -0.0000
vn -0.5471 -0.4130 0.7280
vn -0.2137 -0.2611 0.9414
vn -0.2740 -0.1969 -0.9414
vn -0.6179 -0.2976 -0.7277
vn -0.9191 -0.3941 -0.0000
vn -0.6354 -0.2574 0.7280
vn -0.2740 -0.1969 0.9414
vn -0.3156 -0.1192 -0.9414
vn -0.6294 -0.1098 -0.7693
vn -0.9898 -0.1428 -0.0000
vn -0.6348 -0.0726 0.7693
vn -0.3156 -0.1193 0.9414
vn -0.3336 -0.0481 -0.9415
vn -0.3364 0.0252 -0.9414
vn -0.6823 0.0673 -0.7280
vn -0.9930 0.1182 -0.0000
vn -0.6768 0.1109 0.7278
vn -0.3364 0.0251 0.9414
vn -0.3336 -0.0481 0.9415
vn -0.3184 0.1114 -0.9414
vn -0.6416 0.2415 -0.7280
vn -0.9285 0.3712 -0.0000
vn -0.6251 0.2823 0.7278
vn -0.3184 0.1114 0.9414
vn -0.2788 0.1900 -0.9414
vn -0.5572 0.3994 -0.7280
vn -0.8008 0.5989 -0.0000
vn -0.5307 0.4344 0.7277
vn -0.2788 0.1900 0.9414
vn -0.2201 0.2557 -0.9414
vn -0.4349 0.5300 -0.7280
vn -0.6186 0.7857 -0.0000
vn -0.4002 0.5570 0.7278
vn -0.2201 0.2557 0.9414
vn -0.1464 0.3039 -0.9414
vn -0.2829 0.6245 -0.7280
vn -0.3941 0.9191 -0.0000
vn -0.2424 0.6416 0.7277
vn -0.1464 0.3039 0.9414
vn -0.0481 0.3336 -0.9415
vn -0.1325 0.7348 -0.6652
vn -0.1428 0.9898 -0.0000
vn -0.0805 0.7423 0.6652
vn -0.0481 0.3336 0.9415
vn 0.0512 0.6839 -0.7277
vn 0.1182 0.9930 -0.0000
vn 0.0948 0.6790 0.7280
vn 0.0545 0.3329 0.9414
vn 0.2673 0.6313 0.7280
vn 0.1388 0.3075 0.9414
vn 0.0545 0.3329 -0.9414
vn 0.2264 0.6474 -0.7278
vn 0.3712 0.9286 -0.0000
vn 0.5989 0.8008 -0.0000
vn 0.4216 0.5406 0.7280
vn 0.2137 0.2611 0.9414
vn 0.5472 0.4131 0.7280
vn 0.2740 0.1969 0.9414
vn 0.1388 0.3075 -0.9414
vn 0.3863 0.5667 -0.7278
vn 0.5198 0.4474 -0.7277
vn 0.7857 0.6186 -0.0000
vn 0.9191 0.3941 -0.0000
vn 0.6354 0.2573 0.7280
vn 0.3156 0.1193 0.9414
vn 0.2137 0.2611 -0.9414
vn 0.2740 0.1968 -0.9414
vn 0.6179 0.2976 -0.7277
vn 0.6294 0.1098 -0.7693
vn 0.9897 0.1428 0.0005
vn 0.6341 0.0747 0.7696
vn 0.3336 0.0481 0.9415
vn 0.3312 -0.0218 0.9433
vn 0.3156 0.1193 -0.9414
vn 0.3336 0.0481 -0.9415
vn 0.3364 -0.0252 -0.9414
vn 0.6832 -0.0677 -0.7271
vn 0.9888 -0.1366 0.0604
vn 0.6118 -0.0825 0.7867
vn 0.3147 -0.1132 0.9424
vn 0.6746 -0.2793 0.6833
vn 0.2787 -0.1900 0.9414
vn 0.3184 -0.1114 -0.9414
vn 0.6422 -0.2414 -0.7276
vn 0.9152 -0.3941 -0.0844
vn 0.2787 -0.1900 -0.9414
vn 0.5573 -0.3994 -0.7280
vn 0.8008 -0.5989 -0.0000
vn 0.5307 -0.4344 0.7277
vn 0.2201 -0.2557 0.9414
vn 0.4002 -0.5570 0.7278
vn 0.1464 -0.3039 0.9414
vn 0.2201 -0.2557 -0.9414
vn 0.4349 -0.5300 -0.7280
vn 0.6185 -0.7857 -0.0000
vn 0.3941 -0.9191 -0.0000
vn 0.2424 -0.6416 0.7277
vn 0.1464 -0.3039 -0.9414
vn 0.2829 -0.6245 -0.7280
vn 0.4088 0.9053 0.1155
vn 0.6292 0.7686 0.1155
vn 0.5595 0.8208 0.1155
vn 0.3279 0.9376 0.1154
vn 0.1606 0.9803 0.1154
vn 0.0741 0.9906 0.1153
vn -0.1419 0.9831 0.1153
vn -0.1418 0.9832 0.1153
vn -0.3511 0.9292 0.1153
vn -0.4311 0.8949 0.1155
vn -0.5796 0.8066 0.1156
vn -0.6480 0.7528 0.1155
vn -0.7687 0.6292 0.1153
vn -0.8208 0.5595 0.1153
vn -0.9053 0.4088 0.1154
vn -0.9376 0.3279 0.1154
vn -0.9803 0.1606 0.1152
vn -0.9906 0.0741 0.1152
vn -0.9831 -0.1419 0.1155
vn -0.9831 -0.1419 0.1156
vn -0.9292 -0.3511 0.1154
vn -0.8948 -0.4311 0.1160
vn -0.8067 -0.5796 0.1155
vn -0.7528 -0.6480 0.1156
vn -0.6292 -0.7686 0.1156
vn -0.5594 -0.8208 0.1156
vn -0.4088 -0.9053 0.1155
vn -0.3279 -0.9376 0.1154
vn -0.1605 -0.9802 0.1158
vn -0.0741 -0.9905 0.1158
vn 0.1418 -0.9831 0.1155
vn 0.1418 -0.9831 0.1156
vn 0.3511 -0.9292 0.1154
vn 0.4311 -0.8949 0.1154
vn 0.5796 -0.8067 0.1155
vn 0.6480 -0.7528 0.1157
vn 0.7686 -0.6291 0.1157
vn 0.8208 -0.5594 0.1157
vn 0.9053 -0.4088 0.1155
vn 0.9376 -0.3279 0.1154
vn 0.9863 -0.1175 0.1155
vn 0.9863 -0.1174 0.1155
vn 0.9831 0.1419 0.1155
vn 0.9831 0.1419 0.1156
vn 0.9129 0.3915 0.1154
vn 0.8067 0.5796 0.1154
vn 0.7528 0.6480 0.1161
vn 0.1857 -0.3887 0.9025
vn 0.2888 -0.6380 0.7138
vn 0.4939 -0.6780 0.5445
vn 0.2876 -0.3543 0.8898
vn 0.4863 -0.5850 0.6491
vn 0.2746 -0.1368 0.9518
vn 0.3487 -0.2069 0.9141
vn 0.1674 -0.0035 0.9859
vn 0.1978 -0.0228 0.9800
vn 0.0269 -0.3903 0.9203
vn -0.1068 0.2172 0.9703
vn -0.1434 0.2602 0.9548
vn -0.1562 0.2463 0.9565
vn -0.1530 0.2096 0.9657
vn 0.1641 -0.5769 0.8002
vn -0.0397 -0.4031 0.9143
vn -0.1040 -0.1669 0.9805
vn -0.0316 0.2201 0.9750
vn -0.1333 0.7363 0.6634
vn -0.3185 0.6981 0.6413
vn -0.4773 0.6034 0.6388
vn -0.5966 0.4591 0.6582
vn -0.1162 -0.2604 0.9585
vn -0.1001 -0.1794 0.9787
vn 0.0533 0.1736 0.9834
vn 0.0710 0.7255 0.6846
vn -0.0973 0.9001 0.4247
vn -0.3273 0.8534 0.4057
vn -0.5334 0.7452 0.4002
vn -0.1365 -0.2604 0.9558
vn -0.0863 -0.1872 0.9785
vn 0.1171 0.1570 0.9806
vn 0.2610 0.6779 0.6873
vn 0.1451 0.8862 0.4400
vn -0.1018 -0.1746 0.9794
vn -0.0772 -0.0880 0.9931
vn 0.1685 0.1491 0.9744
vn 0.4275 0.5872 0.6873
vn 0.3695 0.8185 0.4399
vn -0.1836 -0.0133 0.9829
vn -0.0963 -0.0083 0.9953
vn 0.1825 0.1087 0.9772
vn 0.5650 0.4566 0.6873
vn 0.5689 0.6949 0.4398
vn -0.1836 0.0087 0.9830
vn 0.2425 0.0487 0.9689
vn 0.6639 0.2948 0.6873
vn 0.7293 0.5241 0.4398
vn -0.3021 0.0006 0.9533
vn -0.2163 -0.0092 0.9763
vn 0.1828 -0.0282 0.9827
vn 0.7175 0.1129 0.6873
vn 0.8401 0.3174 0.4399
vn -0.4218 0.1480 0.8945
vn -0.3209 0.1443 0.9361
vn 0.1944 -0.0909 0.9767
vn 0.7254 -0.0899 0.6824
vn 0.8936 0.0892 0.4399
vn -0.6357 0.4064 0.6564
vn -0.3804 0.2940 0.8769
vn 0.1870 -0.1308 0.9736
vn 0.6965 -0.2675 0.6658
vn 0.8883 -0.1518 0.4334
vn -0.6177 0.5150 0.5943
vn -0.3205 0.3962 0.8604
vn 0.1451 -0.1305 0.9808
vn 0.6014 -0.4350 0.6702
vn 0.8281 -0.3701 0.4209
vn -0.4608 0.4576 0.7604
vn -0.1750 0.2694 0.9470
vn 0.0841 -0.1514 0.9849
vn 0.4699 -0.5692 0.6747
vn 0.6999 -0.5729 0.4265
vn -0.1815 0.2502 0.9510
vn -0.0751 0.2222 0.9721
vn 0.0160 -0.1402 0.9900
vn 0.2986 -0.6638 0.6857
vn 0.5300 -0.7303 0.4310
vn -0.0998 0.2284 0.9684
vn 0.0099 0.1471 0.9891
vn 0.0022 -0.2118 0.9773
vn 0.1129 -0.7176 0.6873
vn 0.3174 -0.8401 0.4399
vn 0.0109 0.1441 0.9895
vn 0.1395 0.1852 0.9728
vn 0.1023 0.1644 0.9811
vn -0.0515 -0.1722 0.9837
vn -0.0767 -0.7223 0.6873
vn 0.0891 -0.8936 0.4399
vn 0.1210 0.2389 0.9635
vn 0.0789 0.1788 0.9807
vn -0.1193 -0.1389 0.9831
vn -0.2610 -0.6779 0.6873
vn -0.1452 -0.8863 0.4399
vn 0.0861 0.1491 0.9851
vn 0.0950 0.1003 0.9904
vn -0.1685 -0.1417 0.9755
vn -0.4396 -0.5837 0.6827
vn -0.3696 -0.8185 0.4398
vn 0.1937 0.0341 0.9805
vn 0.1792 0.0295 0.9834
vn -0.1799 -0.1154 0.9769
vn -0.5759 -0.4677 0.6705
vn -0.5754 -0.6935 0.4336
vn 0.2840 0.0367 0.9581
vn 0.2026 0.0191 0.9791
vn -0.2471 -0.0552 0.9674
vn -0.6705 -0.3008 0.6782
vn -0.7327 -0.5311 0.4255
vn 0.1634 -0.0025 0.9866
vn -0.1986 0.0025 0.9801
vn -0.7227 -0.1174 0.6811
vn -0.8431 -0.3185 0.4333
vn -0.1767 0.0769 0.9813
vn -0.7204 0.0622 0.6908
vn -0.8955 -0.0914 0.4355
vn -0.6603 0.2779 0.6976
vn -0.8839 0.1376 0.4469
vn -0.8095 0.3808 0.4469
vn -0.7035 0.5800 0.4108
vn 0.9953 0.0967 -0.0000
vn 0.9913 -0.1258 -0.0383
vn 0.9980 -0.0639 -0.0000
vn 0.9828 0.1848 -0.0000
vn 0.9448 0.3275 -0.0000
vn 0.9237 0.3832 -0.0000
vn 0.8380 0.5457 -0.0000
vn 0.7625 0.6470 -0.0000
vn 0.6355 0.7721 -0.0000
vn 0.5927 0.8054 -0.0000
vn 0.4373 0.8993 -0.0000
vn 0.3173 0.9483 -0.0000
vn 0.1193 0.9929 -0.0000
vn 0.0435 0.9991 -0.0000
vn -0.1254 0.9921 -0.0000
vn -0.2184 0.9759 -0.0000
vn -0.4044 0.9146 -0.0000
vn -0.4968 0.8678 -0.0000
vn -0.6297 0.7768 -0.0000
vn -0.6743 0.7385 -0.0000
vn -0.7690 0.6392 -0.0000
vn -0.8172 0.5764 -0.0000
vn -0.9030 0.4296 -0.0000
vn -0.9388 0.3445 -0.0000
vn -0.9894 0.1449 -0.0000
vn -0.9996 0.0293 -0.0000
vn -0.9903 -0.1391 -0.0000
vn -0.9813 -0.1927 -0.0000
vn -0.9448 -0.3276 -0.0000
vn -0.9131 -0.4078 -0.0000
vn -0.8158 -0.5784 -0.0000
vn -0.7457 -0.6663 -0.0000
vn -0.6259 -0.7799 -0.0000
vn -0.5827 -0.8127 -0.0000
vn -0.4279 -0.9038 -0.0000
vn -0.3096 -0.9509 -0.0000
vn -0.1088 -0.9941 -0.0000
vn -0.0285 -0.9996 -0.0000
vn 0.1296 -0.9916 -0.0000
vn 0.2073 -0.9783 -0.0002
vn 0.3757 -0.9267 -0.0003
vn 0.4592 -0.8748 -0.1545
vn 0.5487 -0.7711 -0.3230
vn 0.5327 -0.6873 -0.4938
vn 0.6774 -0.5060 -0.5339
vn 0.7899 -0.4355 -0.4318
vn 0.9227 -0.2665 -0.2787
vn 0.9526 -0.2857 -0.1045
vn -0.8696 0.0642 0.4895
vn -0.7861 0.3811 0.4867
vn -0.8253 0.2864 0.4867
vn -0.8696 -0.0642 0.4895
vn -0.8067 -0.3342 0.4873
vn -0.8068 -0.3342 0.4873
vn -0.6163 -0.6162 0.4905
vn -0.6162 -0.6162 0.4905
vn -0.3812 -0.7860 0.4866
vn -0.2864 -0.8253 0.4866
vn -0.0642 -0.8697 0.4894
vn 0.0642 -0.8697 0.4894
vn 0.2863 -0.8254 0.4866
vn 0.3811 -0.7861 0.4866
vn 0.5696 -0.6603 0.4894
vn 0.6603 -0.5695 0.4895
vn 0.7860 -0.3811 0.4867
vn 0.8253 -0.2863 0.4868
vn 0.8696 -0.0642 0.4896
vn 0.8696 0.0642 0.4895
vn 0.8068 0.3341 0.4873
vn 0.8067 0.3341 0.4874
vn 0.6162 0.6162 0.4905
vn 0.6163 0.6162 0.4904
vn 0.3811 0.7861 0.4866
vn 0.2863 0.8254 0.4866
vn 0.0642 0.8696 0.4895
vn -0.0642 0.8696 0.4895
vn -0.2863 0.8253 0.4867
vn -0.3812 0.7861 0.4866
vn -0.5696 0.6603 0.4895
vn -0.6604 0.5695 0.4895
vn -0.0000 -0.9028 0.4301
vn -0.0000 -0.9951 -0.0991
vn -0.0000 -0.9951 0.0991
vn -0.0000 -0.8238 0.5668
vn -0.0000 -0.5834 0.8122
vn -0.0000 -0.4117 0.9113
vn -0.0000 -0.0789 0.9969
vn -0.0000 0.0790 0.9969
vn -0.0000 0.4117 0.9113
vn -0.0000 0.5834 0.8122
vn -0.0000 0.8238 0.5668
vn -0.0000 0.9028 0.4301
vn -0.0000 0.9951 0.0991
vn -0.0000 0.9951 -0.0991
vn -0.0000 0.9028 -0.4301
vn -0.0000 0.8238 -0.5668
vn -0.0000 0.5834 -0.8122
vn -0.0000 0.4117 -0.9113
vn -0.0000 0.0789 -0.9969
vn -0.0000 -0.0789 -0.9969
vn -0.0000 -0.4118 -0.9113
vn -0.0000 -0.5834 -0.8122
vn -0.0000 -0.8238 -0.5668
vn -0.0000 -0.9028 -0.4301
vn -0.3668 -0.9257 0.0921
vn -0.3625 -0.7678 0.5282
vn -0.3625 -0.8414 0.4008
vn -0.3668 -0.9257 -0.0922
vn -0.3625 -0.8414 -0.4008
vn -0.3625 -0.7678 -0.5282
vn -0.3668 -0.5427 -0.7556
vn -0.3668 -0.3830 -0.8478
vn -0.3625 -0.0736 -0.9291
vn -0.3625 0.0736 -0.9291
vn -0.3668 0.3831 -0.8478
vn -0.3668 0.5427 -0.7556
vn -0.3625 0.7678 -0.5282
vn -0.3625 0.8414 -0.4008
vn -0.3668 0.9257 -0.0921
vn -0.3668 0.9257 0.0922
vn -0.3625 0.8414 0.4008
vn -0.3625 0.7678 0.5282
vn -0.3668 0.5427 0.7556
vn -0.3668 0.3831 0.8478
vn -0.3625 0.0736 0.9291
vn -0.3625 -0.0735 0.9291
vn -0.3668 -0.3830 0.8478
vn -0.3668 -0.5427 0.7556
vn 0.1373 0.3624 -0.9219
vn 0.4822 0.3167 -0.8168
vn 0.5656 0.2173 -0.7956
vn 0.1068 0.3575 -0.9278
vn 0.6694 -0.2982 -0.6804
vn 0.8101 -0.2895 -0.5098
vn 0.7467 0.1080 -0.6563
vn 0.7377 0.2414 -0.6305
vn 0.0218 0.3679 -0.9296
vn 0.0264 0.3666 -0.9300
vn 0.0161 0.3665 -0.9303
vn 0.0087 0.3671 -0.9302
vn 0.3096 -0.1317 -0.9417
vn 0.6467 -0.6187 -0.4461
vn 0.6839 -0.6955 -0.2204
vn -0.0056 0.3686 -0.9296
vn -0.0177 0.3668 -0.9301
vn -0.1142 0.3543 -0.9281
vn -0.0183 0.0688 -0.9975
vn -0.3641 -0.2406 -0.8997
vn -0.6694 -0.2982 -0.6804
vn -0.5942 0.1355 -0.7928
vn 0.3675 -0.5735 -0.7321
vn 0.0128 -0.1194 -0.9928
vn 0.9796 0.0021 0.2008
vn 0.9796 0.0016 0.2008
vn 0.8905 -0.4090 0.1994
vn 0.8058 -0.5576 0.1995
vn 0.5690 -0.7977 0.2001
vn 0.4152 -0.8874 0.2002
vn 0.0905 -0.9756 0.1998
vn -0.0798 -0.9766 0.1998
vn -0.4839 -0.8516 0.2017
vn 0.8884 0.4131 0.2002
vn 0.8025 0.5621 0.2002
vn 0.5633 0.8015 0.2006
vn 0.4086 0.8904 0.2006
vn 0.0005 0.9797 0.2006
vn 0.0004 0.9797 0.2006
vn -0.4073 0.8910 0.2005
vn -0.5617 0.8027 0.2006
vn -0.8420 0.5008 0.2007
vn -0.8417 0.5012 0.2008
vn -0.9746 0.0945 0.2028
vn -0.9739 -0.1015 0.2031
vn -0.8782 -0.4340 0.2010
vn -0.7941 -0.5737 0.2008
vn -0.4838 -0.8516 0.2017
vn 0.9790 -0.0034 0.2040
vn 0.7970 0.5699 0.1999
vn 0.8810 0.4287 0.2002
vn 0.9790 -0.0033 0.2040
vn 0.8782 -0.4340 0.2010
vn 0.7941 -0.5737 0.2008
vn 0.5590 -0.8044 0.2012
vn 0.4048 -0.8921 0.2007
vn -0.0054 -0.9797 0.2005
vn -0.4152 -0.8874 0.2002
vn -0.5689 -0.7977 0.2001
vn -0.8058 -0.5576 0.1995
vn -0.8905 -0.4090 0.1994
vn -0.9796 0.0021 0.2008
vn -0.9796 0.0016 0.2008
vn -0.8884 0.4131 0.2002
vn -0.8025 0.5621 0.2002
vn -0.5633 0.8015 0.2006
vn -0.4086 0.8904 0.2006
vn -0.0005 0.9797 0.2006
vn -0.0004 0.9797 0.2006
vn 0.4073 0.8910 0.2005
vn 0.5617 0.8027 0.2006
vn -0.4646 -0.1960 0.8636
vn -0.5323 -0.6426 0.5512
vn -0.5137 -0.4745 0.7148
vn -0.4410 -0.0967 0.8923
vn -0.4417 0.1002 0.8915
vn -0.4642 0.1961 0.8637
vn -0.5137 0.4781 0.7125
vn -0.5321 0.6405 0.5538
vn -0.5035 0.8254 0.2552
vn -0.4868 0.8640 0.1288
vn -0.4858 0.8651 -0.1246
vn -0.5038 0.8253 -0.2552
vn -0.5231 0.5595 -0.6429
vn -0.5250 0.5546 -0.6456
vn -0.4577 0.1913 -0.8683
vn -0.4362 0.0996 -0.8943
vn -0.4545 -0.1473 -0.8785
vn -0.4511 -0.1506 -0.8797
vn -0.5135 -0.4781 -0.7125
vn -0.5320 -0.6405 -0.5538
vn -0.5035 -0.8255 -0.2552
vn -0.4868 -0.8640 -0.1288
vn -0.4859 -0.8651 0.1247
vn -0.5039 -0.8252 0.2552
vn -0.8565 -0.3611 -0.3687
vn -0.9458 -0.1077 -0.3064
vn -0.6388 -0.3133 -0.7027
vn -0.3650 -0.6485 -0.6680
vn -0.6602 -0.7009 -0.2700
vn -0.9586 -0.2632 -0.1085
vn -0.9569 0.0199 -0.2899
vn -0.8193 -0.0339 -0.5723
vn -0.9748 0.0851 -0.2061
vn -0.7302 0.2288 -0.6438
vn -0.8907 0.3264 -0.3165
vn -0.3174 0.6924 -0.6480
vn -0.7467 0.6266 -0.2232
vn -0.9729 0.2187 -0.0747
vn -0.8949 0.4452 -0.0295
vn -0.9735 0.2283 0.0151
vn -0.8924 0.4388 0.1050
vn -0.9595 0.2592 0.1107
vn -0.8027 0.4773 0.3575
vn -0.9325 0.2436 0.2667
vn -0.7418 0.2998 0.5999
vn -0.9263 0.1197 0.3573
vn -0.6950 0.0450 0.7176
vn -0.9185 -0.0275 0.3944
vn -0.6616 -0.2655 0.7013
vn -0.9242 -0.1786 0.3375
vn -0.7041 -0.4940 0.5101
vn -0.9348 -0.2729 0.2275
vn -0.7222 -0.6235 0.2994
vn -0.9328 -0.3418 0.1146
vn -0.7309 -0.6810 0.0451
vn -0.9309 -0.3646 -0.0242
vn -0.0000 0.9770 0.2132
vn -0.0000 0.9943 0.1067
vn -0.0000 0.9943 -0.1067
vn -0.0000 0.9770 -0.2132
vn -0.0000 0.8137 -0.5813
vn -0.0000 0.5813 -0.8137
vn -0.0000 0.1602 -0.9871
vn -0.0000 -0.1601 -0.9871
vn 0.0030 -0.5832 -0.8123
vn 0.0030 -0.8154 -0.5789
vn 0.0021 -0.9874 -0.1581
vn -0.0000 -0.9871 -0.1602
vn -0.0000 -0.9871 0.1602
vn -0.0000 -0.8137 0.5813
vn -0.0000 -0.5813 0.8137
vn -0.0000 -0.1602 0.9871
vn -0.0000 0.1602 0.9871
vn -0.0000 0.5813 0.8137
vn 0.0001 0.8137 0.5813
vt 0.291900 0.048800
vt 0.153000 0.048900
vt 0.149900 0.045200
vt 0.783100 0.973800
vt 0.781600 0.980600
vt 0.777800 0.978500
vt 0.808200 0.978700
vt 0.801900 0.981400
vt 0.802900 0.973900
vt 0.866800 0.496000
vt 0.864000 0.484500
vt 0.867800 0.484200
vt 0.730500 0.537400
vt 0.720700 0.551700
vt 0.710900 0.543300
vt 0.710900 0.537400
vt 0.664400 0.543300
vt 0.866000 0.496000
vt 0.657800 0.551700
vt 0.651200 0.537400
vt 0.807800 0.868300
vt 0.806100 0.875300
vt 0.764600 0.875300
vt 0.148700 0.583200
vt 0.146100 0.572300
vt 0.147600 0.559500
vt 0.155500 0.592500
vt 0.153000 0.595200
vt 0.154200 0.551900
vt 0.151300 0.549700
vt 0.735300 0.750600
vt 0.728300 0.744900
vt 0.742700 0.727200
vt 0.725300 0.768400
vt 0.718800 0.767700
vt 0.725000 0.776200
vt 0.739500 0.766400
vt 0.744200 0.755400
vt 0.751400 0.745800
vt 0.746700 0.733800
vt 0.718500 0.777100
vt 0.721700 0.794700
vt 0.728400 0.792900
vt 0.739600 0.790200
vt 0.738000 0.778300
vt 0.746500 0.768300
vt 0.750400 0.758900
vt 0.733900 0.807300
vt 0.744300 0.801300
vt 0.746600 0.788300
vt 0.745300 0.778300
vt 0.728300 0.810500
vt 0.738800 0.824100
vt 0.743700 0.819300
vt 0.751700 0.810800
vt 0.750600 0.797700
vt 0.755500 0.829400
vt 0.761300 0.818100
vt 0.764900 0.811800
vt 0.756800 0.805700
vt 0.751700 0.835800
vt 0.767400 0.841600
vt 0.769100 0.834900
vt 0.772400 0.822600
vt 0.774200 0.815600
vt 0.784500 0.837700
vt 0.784400 0.824100
vt 0.784300 0.816800
vt 0.784600 0.845000
vt 0.801900 0.842900
vt 0.799900 0.835700
vt 0.796300 0.822500
vt 0.794400 0.815500
vt 0.817100 0.834600
vt 0.813700 0.828700
vt 0.807400 0.817700
vt 0.803700 0.811500
vt 0.830500 0.824100
vt 0.825900 0.819300
vt 0.816900 0.810400
vt 0.811700 0.805300
vt 0.824100 0.800800
vt 0.817800 0.797200
vt 0.828500 0.789600
vt 0.821600 0.787800
vt 0.839800 0.809800
vt 0.834100 0.806100
vt 0.839500 0.790600
vt 0.842900 0.768300
vt 0.830000 0.777700
vt 0.822800 0.777700
vt 0.828500 0.765800
vt 0.821500 0.767800
vt 0.847800 0.793000
vt 0.850100 0.768100
vt 0.848300 0.760000
vt 0.841800 0.761900
vt 0.835100 0.748200
vt 0.823800 0.754700
vt 0.817500 0.758400
vt 0.811300 0.750400
vt 0.816400 0.745300
vt 0.803300 0.744300
vt 0.840600 0.744900
vt 0.831300 0.732300
vt 0.826400 0.736600
vt 0.817200 0.720900
vt 0.813900 0.726400
vt 0.806800 0.738000
vt 0.793800 0.740500
vt 0.795600 0.733400
vt 0.783700 0.739300
vt 0.783700 0.732000
vt 0.773700 0.740600
vt 0.799100 0.714500
vt 0.798200 0.720700
vt 0.783600 0.718500
vt 0.783500 0.711700
vt 0.767100 0.714900
vt 0.768900 0.721800
vt 0.771800 0.733600
vt 0.764400 0.744600
vt 0.760600 0.738300
vt 0.756500 0.750900
vt 0.749900 0.722700
vt 0.753500 0.728800
vt 0.777300 0.792000
vt 0.780000 0.792600
vt 0.782200 0.793900
vt 0.774700 0.792500
vt 0.783700 0.796000
vt 0.772400 0.793700
vt 0.784400 0.798400
vt 0.771000 0.795800
vt 0.783900 0.800800
vt 0.770400 0.798200
vt 0.782500 0.802900
vt 0.771100 0.800700
vt 0.780200 0.804200
vt 0.772600 0.802700
vt 0.777500 0.804600
vt 0.774900 0.804100
vt 0.188200 0.703500
vt 0.189200 0.705100
vt 0.189100 0.707200
vt 0.187700 0.708700
vt 0.179600 0.706900
vt 0.185200 0.700900
vt 0.155900 0.700900
vt 0.167300 0.676900
vt 0.150700 0.697900
vt 0.162200 0.674300
vt 0.156400 0.675500
vt 0.147900 0.692500
vt 0.148400 0.685800
vt 0.151200 0.679700
vt 0.197700 0.702300
vt 0.198000 0.705100
vt 0.198000 0.707700
vt 0.196400 0.699600
vt 0.193100 0.695000
vt 0.172400 0.669600
vt 0.162800 0.665800
vt 0.152600 0.667700
vt 0.144400 0.674100
vt 0.139700 0.683500
vt 0.139300 0.693900
vt 0.143700 0.703200
vt 0.151600 0.709000
vt 0.177000 0.715900
vt 0.185000 0.717900
vt 0.071900 0.310900
vt 0.071900 0.324000
vt 0.060700 0.324000
vt 0.060700 0.310900
vt 0.071900 0.297800
vt 0.060700 0.297800
vt 0.071900 0.284600
vt 0.060700 0.284600
vt 0.071900 0.271500
vt 0.060700 0.271500
vt 0.071900 0.258400
vt 0.060700 0.258400
vt 0.071900 0.245300
vt 0.060700 0.245300
vt 0.071900 0.232100
vt 0.060700 0.232100
vt 0.071900 0.219000
vt 0.060700 0.219000
vt 0.071900 0.205900
vt 0.060700 0.205900
vt 0.071900 0.192800
vt 0.060700 0.192800
vt 0.071900 0.179600
vt 0.060700 0.179600
vt 0.071900 0.166500
vt 0.060700 0.166500
vt 0.071900 0.153400
vt 0.060700 0.153400
vt 0.071900 0.140300
vt 0.060700 0.140300
vt 0.071900 0.127200
vt 0.060700 0.127200
vt 0.071900 0.113900
vt 0.060700 0.113900
vt 0.071900 0.100800
vt 0.060700 0.100800
vt 0.071900 0.087700
vt 0.060700 0.087700
vt 0.071900 0.074600
vt 0.060700 0.074600
vt 0.071900 0.061400
vt 0.060700 0.061400
vt 0.071900 0.048300
vt 0.060700 0.048300
vt 0.071900 0.035200
vt 0.060700 0.035200
vt 0.071900 0.022100
vt 0.060700 0.022100
vt 0.071900 0.008900
vt 0.060700 0.008900
vt 0.112300 0.339800
vt 0.112300 0.354200
vt 0.086800 0.354200
vt 0.086800 0.339800
vt 0.112300 0.325500
vt 0.086800 0.325500
vt 0.112300 0.311000
vt 0.086800 0.311000
vt 0.112300 0.296600
vt 0.086800 0.296600
vt 0.086800 0.282200
vt 0.112300 0.282200
vt 0.112300 0.267800
vt 0.086800 0.267800
vt 0.112300 0.253500
vt 0.086800 0.253500
vt 0.112300 0.239100
vt 0.086800 0.239100
vt 0.112300 0.224600
vt 0.086800 0.224600
vt 0.112300 0.210200
vt 0.086800 0.210200
vt 0.112300 0.195800
vt 0.086800 0.195800
vt 0.112300 0.181500
vt 0.086800 0.181500
vt 0.112300 0.167100
vt 0.086800 0.167100
vt 0.112300 0.152600
vt 0.086800 0.152600
vt 0.112300 0.138200
vt 0.086800 0.138200
vt 0.112300 0.123800
vt 0.086800 0.123800
vt 0.112300 0.109500
vt 0.086800 0.109500
vt 0.112300 0.094900
vt 0.086800 0.094900
vt 0.112300 0.080400
vt 0.086800 0.080400
vt 0.112300 0.066000
vt 0.086800 0.066000
vt 0.112300 0.051700
vt 0.086800 0.051700
vt 0.112300 0.037200
vt 0.086800 0.037200
vt 0.112300 0.022800
vt 0.086800 0.022800
vt 0.112300 0.008400
vt 0.086800 0.008400
vt 0.063300 0.379600
vt 0.063300 0.361100
vt 0.068600 0.361100
vt 0.069400 0.379200
vt 0.063300 0.398000
vt 0.069300 0.397500
vt 0.063300 0.416500
vt 0.069200 0.415900
vt 0.063300 0.435000
vt 0.069200 0.434300
vt 0.063300 0.453500
vt 0.069200 0.452900
vt 0.063300 0.471900
vt 0.069200 0.471300
vt 0.063300 0.490400
vt 0.069200 0.489800
vt 0.063300 0.508900
vt 0.069200 0.508300
vt 0.063300 0.527400
vt 0.069200 0.526800
vt 0.063300 0.545900
vt 0.069200 0.545400
vt 0.063300 0.564300
vt 0.069100 0.564100
vt 0.063300 0.582800
vt 0.068600 0.582800
vt 0.079300 0.310900
vt 0.079300 0.324000
vt 0.079300 0.297800
vt 0.079300 0.284600
vt 0.079300 0.271500
vt 0.079300 0.258400
vt 0.079300 0.245300
vt 0.079300 0.232100
vt 0.079300 0.219000
vt 0.079300 0.205900
vt 0.079300 0.192800
vt 0.079300 0.179600
vt 0.079300 0.166500
vt 0.079300 0.153400
vt 0.079300 0.140300
vt 0.079300 0.127200
vt 0.079300 0.113900
vt 0.079300 0.100800
vt 0.079300 0.087700
vt 0.079300 0.074600
vt 0.079300 0.061400
vt 0.079300 0.048300
vt 0.079300 0.035200
vt 0.079300 0.022100
vt 0.079300 0.008900
vt 0.082700 0.371100
vt 0.083200 0.361100
vt 0.093300 0.361100
vt 0.092900 0.370800
vt 0.098700 0.361100
vt 0.098400 0.370600
vt 0.104200 0.361100
vt 0.104100 0.370500
vt 0.114000 0.370300
vt 0.114000 0.361100
vt 0.082700 0.380900
vt 0.092800 0.380300
vt 0.098400 0.380000
vt 0.104000 0.379900
vt 0.114000 0.379600
vt 0.082500 0.390400
vt 0.092700 0.389800
vt 0.098300 0.389500
vt 0.104000 0.389200
vt 0.114000 0.388900
vt 0.082400 0.399700
vt 0.092600 0.399200
vt 0.098300 0.398800
vt 0.104000 0.398500
vt 0.114000 0.398000
vt 0.092600 0.408500
vt 0.098300 0.408100
vt 0.104000 0.407800
vt 0.114000 0.407300
vt 0.104000 0.417100
vt 0.114000 0.416500
vt 0.082300 0.409100
vt 0.092600 0.417800
vt 0.098300 0.417400
vt 0.098300 0.426700
vt 0.104000 0.426300
vt 0.114000 0.425800
vt 0.104000 0.435600
vt 0.114000 0.435000
vt 0.082300 0.418400
vt 0.092600 0.427100
vt 0.092600 0.436300
vt 0.098300 0.436000
vt 0.098300 0.445200
vt 0.104000 0.444900
vt 0.114000 0.444200
vt 0.082300 0.427700
vt 0.082300 0.436900
vt 0.092500 0.445600
vt 0.092600 0.454800
vt 0.098300 0.454500
vt 0.104000 0.454100
vt 0.114000 0.453500
vt 0.104000 0.463300
vt 0.114000 0.462700
vt 0.082300 0.446200
vt 0.082300 0.455500
vt 0.082300 0.464700
vt 0.092500 0.464100
vt 0.098300 0.463700
vt 0.098300 0.473000
vt 0.104000 0.472500
vt 0.114000 0.471900
vt 0.082300 0.474000
vt 0.092500 0.473400
vt 0.092500 0.482600
vt 0.098300 0.482200
vt 0.104000 0.481800
vt 0.114000 0.481200
vt 0.082300 0.483200
vt 0.082300 0.492500
vt 0.092500 0.491900
vt 0.098300 0.491400
vt 0.104000 0.491100
vt 0.114000 0.490400
vt 0.082200 0.501800
vt 0.092500 0.501100
vt 0.098300 0.500700
vt 0.104000 0.500300
vt 0.114000 0.499700
vt 0.082300 0.511000
vt 0.092500 0.510300
vt 0.098300 0.509900
vt 0.104000 0.509500
vt 0.114000 0.508900
vt 0.092500 0.519600
vt 0.098200 0.519100
vt 0.104000 0.518700
vt 0.114000 0.518100
vt 0.104000 0.528000
vt 0.114000 0.527400
vt 0.082200 0.520200
vt 0.092500 0.528700
vt 0.098200 0.528400
vt 0.098200 0.537500
vt 0.104000 0.537200
vt 0.114000 0.536600
vt 0.104000 0.546300
vt 0.114000 0.545900
vt 0.082200 0.529400
vt 0.092500 0.538000
vt 0.092500 0.547200
vt 0.098200 0.546700
vt 0.098200 0.555800
vt 0.104000 0.555500
vt 0.114000 0.555100
vt 0.082100 0.538700
vt 0.082100 0.547900
vt 0.092500 0.556200
vt 0.092500 0.565100
vt 0.098300 0.564900
vt 0.104100 0.564600
vt 0.114000 0.564300
vt 0.114000 0.573600
vt 0.082000 0.557000
vt 0.082000 0.566000
vt 0.082100 0.574600
vt 0.092700 0.574000
vt 0.098500 0.573800
vt 0.104200 0.573700
vt 0.114000 0.582800
vt 0.104200 0.582800
vt 0.098700 0.582800
vt 0.083200 0.582800
vt 0.093300 0.582800
vt 0.078300 0.582800
vt 0.076000 0.575700
vt 0.076700 0.566800
vt 0.076700 0.557700
vt 0.077000 0.548400
vt 0.074300 0.563100
vt 0.073100 0.582800
vt 0.071100 0.582800
vt 0.072000 0.563800
vt 0.076900 0.539200
vt 0.077100 0.529900
vt 0.074600 0.544300
vt 0.072000 0.544900
vt 0.074700 0.525700
vt 0.072100 0.526300
vt 0.077000 0.520600
vt 0.077200 0.511400
vt 0.077100 0.502100
vt 0.077200 0.492900
vt 0.074700 0.507200
vt 0.072100 0.507800
vt 0.077100 0.483600
vt 0.077200 0.474300
vt 0.074700 0.488600
vt 0.072100 0.489300
vt 0.074700 0.470100
vt 0.072100 0.470700
vt 0.077100 0.465100
vt 0.077300 0.455800
vt 0.077100 0.446600
vt 0.077300 0.437300
vt 0.074700 0.451600
vt 0.072100 0.452200
vt 0.074700 0.433200
vt 0.072100 0.433700
vt 0.077200 0.428000
vt 0.077300 0.418800
vt 0.077200 0.409500
vt 0.077300 0.400200
vt 0.074700 0.414700
vt 0.072200 0.415300
vt 0.077300 0.390800
vt 0.078000 0.381400
vt 0.074800 0.396100
vt 0.072200 0.396900
vt 0.075600 0.377700
vt 0.072800 0.378800
vt 0.077700 0.371800
vt 0.078300 0.361100
vt 0.073100 0.361100
vt 0.071100 0.361100
vt 0.458000 0.992000
vt 0.457900 0.982300
vt 0.600200 0.982300
vt 0.592700 0.992000
vt 0.607800 0.992000
vt 0.747400 0.982300
vt 0.747300 0.992100
vt 0.458000 0.906900
vt 0.458100 0.897100
vt 0.600300 0.897400
vt 0.600200 0.906900
vt 0.747400 0.897300
vt 0.747500 0.906900
vt 0.749600 0.911400
vt 0.749500 0.978000
vt 0.455900 0.977900
vt 0.456000 0.911100
vt 0.037300 0.908800
vt 0.037300 0.845600
vt 0.042000 0.835600
vt 0.042100 0.918700
vt 0.046900 0.832500
vt 0.046900 0.921900
vt 0.085600 0.807400
vt 0.085800 0.946800
vt 0.095900 0.804400
vt 0.096000 0.949900
vt 0.181100 0.837400
vt 0.179600 0.832000
vt 0.181000 0.826200
vt 0.185500 0.804300
vt 0.184900 0.822200
vt 0.190600 0.820500
vt 0.195800 0.807100
vt 0.179600 0.922200
vt 0.181200 0.916600
vt 0.185300 0.912500
vt 0.185200 0.841600
vt 0.190900 0.843100
vt 0.191000 0.911100
vt 0.196400 0.841600
vt 0.181200 0.928000
vt 0.185700 0.949800
vt 0.185100 0.931900
vt 0.190800 0.933600
vt 0.196000 0.947000
vt 0.196500 0.931900
vt 0.206000 0.941400
vt 0.200600 0.927900
vt 0.211200 0.935800
vt 0.214200 0.929900
vt 0.202100 0.922200
vt 0.200600 0.916600
vt 0.214000 0.824200
vt 0.200500 0.837400
vt 0.196400 0.912500
vt 0.201900 0.831900
vt 0.200500 0.826300
vt 0.211000 0.818300
vt 0.205900 0.812700
vt 0.196400 0.822200
vt 0.368500 0.816800
vt 0.367700 0.808800
vt 0.403100 0.808700
vt 0.402300 0.816800
vt 0.402300 0.875000
vt 0.368600 0.875100
vt 0.889500 0.730300
vt 0.875700 0.730300
vt 0.875700 0.719100
vt 0.889500 0.642500
vt 0.875700 0.642500
vt 0.875700 0.485900
vt 0.889500 0.485900
vt 0.889500 0.332300
vt 0.875700 0.332300
vt 0.889500 0.180000
vt 0.875700 0.180000
vt 0.875700 0.020300
vt 0.889500 0.090400
vt 0.982300 0.090200
vt 0.995700 0.020000
vt 0.995700 0.006200
vt 0.875700 0.006600
vt 0.982300 0.180000
vt 0.995700 0.180000
vt 0.982300 0.332300
vt 0.995700 0.332300
vt 0.995700 0.485900
vt 0.982300 0.485900
vt 0.982300 0.642500
vt 0.995700 0.642500
vt 0.995700 0.718600
vt 0.982300 0.730300
vt 0.995700 0.730300
vt 0.763300 0.210000
vt 0.623400 0.210900
vt 0.621300 0.200800
vt 0.764200 0.199800
vt 0.674200 0.576000
vt 0.682700 0.576000
vt 0.682700 0.656900
vt 0.674100 0.656900
vt 0.905900 0.101900
vt 0.904900 0.180000
vt 0.905300 0.332300
vt 0.905900 0.485900
vt 0.906300 0.642500
vt 0.903700 0.730300
vt 0.294700 0.201600
vt 0.291600 0.211700
vt 0.150900 0.212300
vt 0.150700 0.202200
vt 0.296100 0.058800
vt 0.152100 0.058800
vt 0.032200 0.745300
vt 0.032200 0.764100
vt 0.008700 0.764100
vt 0.008700 0.745300
vt 0.008700 0.726200
vt 0.032200 0.726200
vt 0.008700 0.706900
vt 0.032200 0.706900
vt 0.008700 0.687800
vt 0.032200 0.687800
vt 0.008700 0.669100
vt 0.032200 0.669100
vt 0.008700 0.650800
vt 0.032200 0.650800
vt 0.008700 0.632700
vt 0.032200 0.632700
vt 0.032200 0.614000
vt 0.008700 0.614000
vt 0.008700 0.594800
vt 0.032200 0.594800
vt 0.008700 0.575600
vt 0.032200 0.575600
vt 0.008700 0.556400
vt 0.032200 0.556400
vt 0.008700 0.537700
vt 0.032200 0.537700
vt 0.008700 0.519500
vt 0.032200 0.519500
vt 0.008700 0.501300
vt 0.032200 0.501300
vt 0.410400 0.817300
vt 0.407100 0.875300
vt 0.305100 0.812500
vt 0.309900 0.812800
vt 0.309900 0.872800
vt 0.301800 0.872300
vt 0.367700 0.879800
vt 0.403200 0.879800
vt 0.466700 0.058800
vt 0.466700 0.046100
vt 0.601400 0.046100
vt 0.603600 0.058800
vt 0.860100 0.505200
vt 0.861700 0.515000
vt 0.850300 0.515000
vt 0.855900 0.502200
vt 0.847900 0.500800
vt 0.773600 0.515000
vt 0.856100 0.494700
vt 0.846600 0.012700
vt 0.858000 0.012700
vt 0.856500 0.019800
vt 0.852400 0.022800
vt 0.844500 0.022800
vt 0.853000 0.030500
vt 0.844500 0.030500
vt 0.839400 0.052700
vt 0.847700 0.052000
vt 0.816400 0.148900
vt 0.771300 0.012700
vt 0.771300 0.022800
vt 0.771300 0.030500
vt 0.779400 0.042000
vt 0.786200 0.050500
vt 0.807700 0.148900
vt 0.803300 0.160000
vt 0.812000 0.160000
vt 0.611400 0.022800
vt 0.611300 0.030500
vt 0.617700 0.040600
vt 0.766400 0.040500
vt 0.771300 0.040000
vt 0.611400 0.012700
vt 0.456300 0.012700
vt 0.456300 0.022800
vt 0.456300 0.030500
vt 0.462800 0.041000
vt 0.605400 0.040800
vt 0.611500 0.039300
vt 0.303500 0.023100
vt 0.303500 0.030800
vt 0.309600 0.041700
vt 0.450700 0.041200
vt 0.456300 0.039800
vt 0.303500 0.013000
vt 0.140700 0.022800
vt 0.140700 0.030500
vt 0.147600 0.042300
vt 0.297200 0.041800
vt 0.303500 0.040500
vt 0.140700 0.012700
vt 0.121300 0.012700
vt 0.121300 0.022800
vt 0.121300 0.030500
vt 0.133600 0.044700
vt 0.141700 0.041800
vt 0.121300 0.045500
vt 0.128800 0.059300
vt 0.121300 0.058500
vt 0.128800 0.148900
vt 0.121300 0.148900
vt 0.121300 0.160000
vt 0.128800 0.160000
vt 0.128800 0.212800
vt 0.121300 0.213700
vt 0.121300 0.221600
vt 0.128800 0.220100
vt 0.121300 0.231700
vt 0.141500 0.231700
vt 0.141500 0.223400
vt 0.146500 0.220700
vt 0.296200 0.220600
vt 0.294000 0.215400
vt 0.148600 0.215900
vt 0.121300 0.296700
vt 0.141500 0.296700
vt 0.303200 0.231700
vt 0.303200 0.223900
vt 0.308800 0.220300
vt 0.451500 0.220300
vt 0.310600 0.215200
vt 0.135000 0.311000
vt 0.141500 0.307500
vt 0.147300 0.310100
vt 0.297000 0.307900
vt 0.303200 0.296700
vt 0.121300 0.309500
vt 0.130400 0.318200
vt 0.121300 0.317500
vt 0.121300 0.368000
vt 0.129100 0.368000
vt 0.121300 0.379000
vt 0.129100 0.379000
vt 0.121300 0.473700
vt 0.129900 0.473700
vt 0.121300 0.485500
vt 0.135700 0.485500
vt 0.121300 0.500000
vt 0.144800 0.500000
vt 0.144800 0.488300
vt 0.149700 0.487500
vt 0.305000 0.500000
vt 0.298600 0.488700
vt 0.296100 0.484000
vt 0.153100 0.484000
vt 0.121300 0.507400
vt 0.144800 0.507400
vt 0.305000 0.507400
vt 0.459200 0.500000
vt 0.310800 0.488800
vt 0.305000 0.490100
vt 0.121300 0.515000
vt 0.144800 0.515000
vt 0.305000 0.515000
vt 0.459200 0.507400
vt 0.614300 0.500000
vt 0.465400 0.487500
vt 0.459200 0.488900
vt 0.453600 0.487600
vt 0.451100 0.484600
vt 0.313100 0.484600
vt 0.459200 0.515000
vt 0.614300 0.507400
vt 0.627700 0.500000
vt 0.620100 0.487200
vt 0.614300 0.488400
vt 0.607900 0.486800
vt 0.605700 0.484400
vt 0.467800 0.484400
vt 0.614300 0.515000
vt 0.773600 0.503900
vt 0.708900 0.500000
vt 0.773600 0.495300
vt 0.708900 0.488000
vt 0.847500 0.493200
vt 0.841300 0.473900
vt 0.773600 0.486200
vt 0.767200 0.485700
vt 0.763800 0.482800
vt 0.708900 0.479600
vt 0.762000 0.479600
vt 0.849600 0.473900
vt 0.818000 0.379000
vt 0.809400 0.379000
vt 0.787300 0.473900
vt 0.781300 0.482800
vt 0.805000 0.368000
vt 0.787300 0.379000
vt 0.813600 0.368000
vt 0.787300 0.316400
vt 0.787300 0.368000
vt 0.795300 0.314900
vt 0.782200 0.308300
vt 0.790800 0.306900
vt 0.774100 0.296700
vt 0.774100 0.304200
vt 0.767900 0.306900
vt 0.613000 0.296700
vt 0.619900 0.307200
vt 0.621900 0.312300
vt 0.765900 0.312100
vt 0.786700 0.295000
vt 0.786700 0.233600
vt 0.774100 0.231700
vt 0.758000 0.245000
vt 0.758300 0.280900
vt 0.699700 0.281100
vt 0.781300 0.217400
vt 0.774100 0.221500
vt 0.767100 0.218900
vt 0.613000 0.231700
vt 0.699500 0.245200
vt 0.789900 0.218600
vt 0.794200 0.210600
vt 0.786200 0.209300
vt 0.786200 0.160000
vt 0.786200 0.148900
vt 0.624300 0.316100
vt 0.764000 0.315600
vt 0.613000 0.303900
vt 0.607200 0.307000
vt 0.458600 0.296700
vt 0.464700 0.307900
vt 0.605200 0.312100
vt 0.466600 0.313000
vt 0.469100 0.316600
vt 0.602700 0.315800
vt 0.487800 0.281700
vt 0.487600 0.246000
vt 0.458600 0.231700
vt 0.452200 0.307600
vt 0.458600 0.304600
vt 0.548200 0.281600
vt 0.548100 0.245900
vt 0.606600 0.220100
vt 0.464000 0.220000
vt 0.458600 0.223300
vt 0.613000 0.223000
vt 0.619100 0.219700
vt 0.764600 0.213800
vt 0.621000 0.214600
vt 0.465800 0.214900
vt 0.604400 0.215000
vt 0.468100 0.211200
vt 0.601800 0.211400
vt 0.604100 0.481000
vt 0.469300 0.481000
vt 0.627700 0.490100
vt 0.623200 0.482800
vt 0.627700 0.479600
vt 0.624600 0.479600
vt 0.449200 0.481600
vt 0.314300 0.481600
vt 0.154100 0.480800
vt 0.295000 0.480800
vt 0.303200 0.304600
vt 0.309500 0.308000
vt 0.450200 0.312800
vt 0.311500 0.312900
vt 0.314200 0.316500
vt 0.447800 0.316500
vt 0.294900 0.313100
vt 0.149600 0.314700
vt 0.152000 0.318300
vt 0.292700 0.316900
vt 0.449400 0.215200
vt 0.313100 0.211600
vt 0.446800 0.211600
vt 0.294900 0.045400
vt 0.448400 0.044800
vt 0.311900 0.045500
vt 0.446700 0.046700
vt 0.313600 0.046800
vt 0.603100 0.044400
vt 0.465200 0.044800
vt 0.620100 0.044300
vt 0.763600 0.043000
vt 0.761500 0.046700
vt 0.621100 0.046700
vt 0.449600 0.058800
vt 0.312500 0.058800
vt 0.311100 0.201500
vt 0.448300 0.201400
vt 0.465400 0.201100
vt 0.603200 0.201100
vt 0.764200 0.058800
vt 0.621300 0.058800
vt 0.776100 0.045900
vt 0.777300 0.050800
vt 0.779300 0.058800
vt 0.779300 0.148900
vt 0.779300 0.160000
vt 0.779300 0.204200
vt 0.779100 0.209800
vt 0.774100 0.212200
vt 0.768600 0.210800
vt 0.766400 0.205500
vt 0.296900 0.055000
vt 0.298700 0.050200
vt 0.303500 0.048700
vt 0.308100 0.050200
vt 0.310100 0.055000
vt 0.450100 0.054400
vt 0.452000 0.049600
vt 0.456300 0.047800
vt 0.461300 0.049600
vt 0.463300 0.054300
vt 0.604700 0.054000
vt 0.606800 0.049300
vt 0.611500 0.047400
vt 0.616100 0.049000
vt 0.617700 0.053900
vt 0.764200 0.050200
vt 0.767000 0.045700
vt 0.771300 0.044700
vt 0.618600 0.206200
vt 0.617400 0.211700
vt 0.613000 0.213700
vt 0.607800 0.211900
vt 0.606300 0.206400
vt 0.463600 0.206400
vt 0.462300 0.212000
vt 0.458600 0.214000
vt 0.452700 0.212200
vt 0.451300 0.206700
vt 0.308500 0.206800
vt 0.307100 0.212300
vt 0.303200 0.214300
vt 0.297500 0.212500
vt 0.296400 0.207000
vt 0.146900 0.207400
vt 0.145000 0.212700
vt 0.141500 0.214300
vt 0.135800 0.212300
vt 0.135000 0.206900
vt 0.135000 0.160000
vt 0.135000 0.148900
vt 0.136300 0.058800
vt 0.135900 0.055700
vt 0.136500 0.050000
vt 0.141700 0.047100
vt 0.147300 0.050100
vt 0.150500 0.055000
vt 0.963400 0.102100
vt 0.965100 0.180000
vt 0.965800 0.332300
vt 0.966500 0.485900
vt 0.967200 0.642500
vt 0.972200 0.730300
vt 0.343600 0.812800
vt 0.309000 0.808100
vt 0.344500 0.808100
vt 0.344500 0.880800
vt 0.309000 0.880800
vt 0.343600 0.872800
vt 0.363800 0.875400
vt 0.360500 0.817300
vt 0.348300 0.812500
vt 0.351700 0.872300
vt 0.759000 0.978000
vt 0.759000 0.982300
vt 0.759000 0.906900
vt 0.759000 0.911400
vt 0.446400 0.911100
vt 0.446400 0.906900
vt 0.446400 0.982300
vt 0.446400 0.977900
vt 0.703100 0.576000
vt 0.703000 0.656900
vt 0.153800 0.469900
vt 0.296200 0.469900
vt 0.295900 0.328500
vt 0.151500 0.328500
vt 0.467100 0.469900
vt 0.605200 0.469900
vt 0.450100 0.326700
vt 0.312400 0.326700
vt 0.605200 0.326400
vt 0.467100 0.326400
vt 0.152400 0.473400
vt 0.148800 0.481900
vt 0.144800 0.483000
vt 0.139800 0.481300
vt 0.136100 0.472600
vt 0.135200 0.469900
vt 0.135200 0.379000
vt 0.135200 0.368000
vt 0.135200 0.328500
vt 0.136000 0.324400
vt 0.136800 0.318700
vt 0.141500 0.316600
vt 0.146100 0.318100
vt 0.148100 0.323400
vt 0.311400 0.475500
vt 0.313800 0.469900
vt 0.309400 0.480200
vt 0.305000 0.482000
vt 0.300100 0.480300
vt 0.298400 0.475500
vt 0.450100 0.469900
vt 0.465700 0.474200
vt 0.463900 0.479000
vt 0.459200 0.480800
vt 0.454700 0.479100
vt 0.452500 0.474500
vt 0.620600 0.473500
vt 0.621700 0.469900
vt 0.619200 0.478700
vt 0.614300 0.480200
vt 0.609500 0.478300
vt 0.607500 0.473500
vt 0.767800 0.320500
vt 0.763100 0.326000
vt 0.769700 0.315100
vt 0.774100 0.313600
vt 0.780100 0.315900
vt 0.780600 0.321100
vt 0.780600 0.367600
vt 0.780600 0.378600
vt 0.780600 0.469500
vt 0.780600 0.471900
vt 0.777100 0.476400
vt 0.773600 0.478500
vt 0.767200 0.477500
vt 0.764300 0.473000
vt 0.763100 0.469900
vt 0.621700 0.326000
vt 0.607300 0.320700
vt 0.608700 0.315100
vt 0.613000 0.313300
vt 0.618300 0.315200
vt 0.619500 0.320800
vt 0.452300 0.321400
vt 0.453700 0.315800
vt 0.458600 0.314000
vt 0.463200 0.316000
vt 0.464500 0.321500
vt 0.297400 0.321500
vt 0.298500 0.316000
vt 0.303200 0.314100
vt 0.308100 0.316000
vt 0.309700 0.321500
vt 0.845100 0.408700
vt 0.836100 0.408700
vt 0.834300 0.387400
vt 0.845200 0.387400
vt 0.829000 0.365900
vt 0.845400 0.366000
vt 0.821000 0.344500
vt 0.845500 0.344600
vt 0.812300 0.323100
vt 0.845600 0.323200
vt 0.804300 0.301800
vt 0.845700 0.301800
vt 0.798900 0.280500
vt 0.845800 0.280500
vt 0.796900 0.259100
vt 0.845800 0.259200
vt 0.845900 0.237800
vt 0.798900 0.237700
vt 0.804400 0.216300
vt 0.845900 0.216400
vt 0.812500 0.195000
vt 0.845900 0.195000
vt 0.821300 0.173600
vt 0.845900 0.173600
vt 0.829400 0.152200
vt 0.845900 0.152200
vt 0.834800 0.130900
vt 0.845800 0.130800
vt 0.836700 0.109500
vt 0.845700 0.109500
vt 0.605200 0.368000
vt 0.621700 0.368000
vt 0.763100 0.368000
vt 0.467100 0.368000
vt 0.467100 0.379000
vt 0.605200 0.379000
vt 0.621700 0.379000
vt 0.763100 0.379000
vt 0.450100 0.368000
vt 0.447300 0.379000
vt 0.451000 0.384400
vt 0.312400 0.368000
vt 0.312400 0.379000
vt 0.295900 0.379000
vt 0.295900 0.368000
vt 0.157200 0.379000
vt 0.451200 0.451500
vt 0.447400 0.454800
vt 0.304500 0.454800
vt 0.157400 0.454800
vt 0.153900 0.449900
vt 0.153900 0.383600
vt 0.152900 0.368000
vt 0.708100 0.469900
vt 0.150700 0.160000
vt 0.150700 0.148900
vt 0.294700 0.160000
vt 0.294700 0.148900
vt 0.311100 0.160000
vt 0.311100 0.148900
vt 0.448300 0.148900
vt 0.448300 0.160000
vt 0.465400 0.160000
vt 0.465400 0.148900
vt 0.603900 0.148900
vt 0.604100 0.160000
vt 0.617700 0.148900
vt 0.764200 0.148900
vt 0.618300 0.160000
vt 0.764200 0.160000
vt 0.692400 0.662900
vt 0.682600 0.665400
vt 0.692400 0.570100
vt 0.682700 0.567600
vt 0.860200 0.580400
vt 0.863100 0.591000
vt 0.856700 0.593400
vt 0.854300 0.584100
vt 0.848100 0.590600
vt 0.823000 0.540800
vt 0.829300 0.573900
vt 0.838800 0.595800
vt 0.838500 0.620100
vt 0.830700 0.541700
vt 0.827800 0.536800
vt 0.820600 0.533200
vt 0.757800 0.540100
vt 0.790300 0.553000
vt 0.812000 0.558600
vt 0.835500 0.536800
vt 0.831800 0.531500
vt 0.822100 0.526600
vt 0.760300 0.532400
vt 0.759000 0.525900
vt 0.753100 0.536000
vt 0.749200 0.530600
vt 0.745400 0.535800
vt 0.750000 0.540800
vt 0.719700 0.578800
vt 0.725600 0.582700
vt 0.731700 0.589300
vt 0.740800 0.594700
vt 0.750700 0.573100
vt 0.768400 0.558200
vt 0.723000 0.592000
vt 0.729900 0.691000
vt 0.740600 0.619000
vt 0.750000 0.640900
vt 0.767300 0.656200
vt 0.789100 0.662000
vt 0.716600 0.589300
vt 0.715800 0.690000
vt 0.722300 0.690800
vt 0.722700 0.710600
vt 0.267000 0.590900
vt 0.269000 0.590900
vt 0.269100 0.596600
vt 0.268100 0.598000
vt 0.288100 0.596600
vt 0.289000 0.597900
vt 0.689200 0.884200
vt 0.693300 0.881400
vt 0.697500 0.891400
vt 0.702000 0.889900
vt 0.704700 0.885600
vt 0.611000 0.678100
vt 0.608300 0.687900
vt 0.485500 0.687900
vt 0.471700 0.673500
vt 0.610400 0.673500
vt 0.700500 0.678300
vt 0.704800 0.673500
vt 0.704800 0.725700
vt 0.700500 0.724600
vt 0.704800 0.800800
vt 0.690500 0.787200
vt 0.690500 0.727300
vt 0.611000 0.712000
vt 0.624100 0.724600
vt 0.732100 0.266300
vt 0.745000 0.266300
vt 0.745000 0.273900
vt 0.732100 0.274000
vt 0.752600 0.260400
vt 0.752600 0.266300
vt 0.745000 0.260400
vt 0.707900 0.267000
vt 0.719000 0.267100
vt 0.722500 0.274800
vt 0.707900 0.274800
vt 0.727500 0.260600
vt 0.727500 0.267100
vt 0.719000 0.260600
vt 0.708000 0.260500
vt 0.708100 0.252600
vt 0.722600 0.252900
vt 0.732100 0.260400
vt 0.460700 0.590900
vt 0.460700 0.620300
vt 0.452400 0.619900
vt 0.442800 0.613200
vt 0.452400 0.625800
vt 0.452600 0.739900
vt 0.460000 0.625800
vt 0.460300 0.740000
vt 0.403600 0.590900
vt 0.403700 0.597000
vt 0.402700 0.598400
vt 0.401900 0.590900
vt 0.424400 0.590900
vt 0.423200 0.598200
vt 0.422300 0.596900
vt 0.422500 0.590900
vt 0.290000 0.590900
vt 0.288200 0.590900
vt 0.622100 0.727300
vt 0.608000 0.713800
vt 0.230200 0.750100
vt 0.230400 0.719200
vt 0.233500 0.719200
vt 0.241800 0.750200
vt 0.249000 0.752400
vt 0.248000 0.613700
vt 0.233900 0.648900
vt 0.230200 0.649100
vt 0.392300 0.902800
vt 0.333100 0.902700
vt 0.329000 0.900700
vt 0.397100 0.900500
vt 0.398700 0.897000
vt 0.327900 0.897200
vt 0.399000 0.887200
vt 0.327600 0.887300
vt 0.472800 0.889600
vt 0.470300 0.885100
vt 0.481200 0.881800
vt 0.477800 0.891400
vt 0.482300 0.891400
vt 0.484200 0.883700
vt 0.692900 0.891400
vt 0.280900 0.806100
vt 0.280800 0.822100
vt 0.276000 0.822100
vt 0.276100 0.806000
vt 0.276300 0.887700
vt 0.262300 0.895700
vt 0.262100 0.814100
vt 0.281000 0.887700
vt 0.281000 0.903800
vt 0.276200 0.903800
vt 0.294800 0.814100
vt 0.295000 0.895600
vt 0.480400 0.872600
vt 0.468100 0.876500
vt 0.701500 0.865400
vt 0.710500 0.867400
vt 0.707300 0.876900
vt 0.694900 0.872600
vt 0.489900 0.853200
vt 0.686000 0.853500
vt 0.252500 0.746700
vt 0.252600 0.619000
vt 0.438200 0.746600
vt 0.441900 0.752100
vt 0.438200 0.619000
vt 0.474300 0.864500
vt 0.463800 0.867300
vt 0.786400 0.985500
vt 0.799900 0.985400
vt 0.797000 0.988100
vt 0.789300 0.988100
vt 0.793200 0.989000
vt 0.471700 0.801900
vt 0.485200 0.787800
vt 0.784400 0.981600
vt 0.781800 0.984200
vt 0.784300 0.987800
vt 0.788100 0.991000
vt 0.793200 0.992100
vt 0.798200 0.990900
vt 0.802000 0.987800
vt 0.804500 0.984200
vt 0.778700 0.971000
vt 0.774400 0.973900
vt 0.773200 0.968100
vt 0.776500 0.965600
vt 0.776800 0.916800
vt 0.773600 0.915500
vt 0.779400 0.911800
vt 0.775500 0.909700
vt 0.779400 0.905600
vt 0.783900 0.909800
vt 0.784300 0.904200
vt 0.803400 0.904400
vt 0.803700 0.910000
vt 0.808200 0.905800
vt 0.808200 0.912100
vt 0.812100 0.910000
vt 0.813900 0.915800
vt 0.810700 0.917200
vt 0.809900 0.965900
vt 0.813200 0.968400
vt 0.807600 0.971200
vt 0.811800 0.974300
vt 0.732100 0.252700
vt 0.744900 0.252600
vt 0.221200 0.938100
vt 0.431100 0.938100
vt 0.431100 0.957900
vt 0.221200 0.957900
vt 0.221200 0.988400
vt 0.431100 0.988400
vt 0.227900 0.530400
vt 0.265900 0.530300
vt 0.265800 0.533100
vt 0.228000 0.542900
vt 0.346500 0.542500
vt 0.285700 0.533100
vt 0.346200 0.532900
vt 0.346100 0.530100
vt 0.285600 0.530300
vt 0.400400 0.532700
vt 0.400500 0.529900
vt 0.420500 0.532600
vt 0.459800 0.542200
vt 0.420600 0.529800
vt 0.459700 0.529700
vt 0.068400 0.957200
vt 0.183900 0.958600
vt 0.184000 0.971500
vt 0.068300 0.971600
vt 0.068000 0.989800
vt 0.193900 0.991300
vt 0.190000 0.971400
vt 0.217900 0.971400
vt 0.189900 0.958700
vt 0.217900 0.959000
vt 0.061700 0.971700
vt 0.043700 0.989800
vt 0.043600 0.957200
vt 0.037300 0.987500
vt 0.037000 0.957200
vt 0.031800 0.983000
vt 0.031600 0.957200
vt 0.025200 0.977100
vt 0.025100 0.957400
vt 0.058000 0.957200
vt 0.051200 0.940000
vt 0.041500 0.936700
vt 0.035500 0.927000
vt 0.030300 0.927000
vt 0.025000 0.927100
vt 0.061400 0.957100
vt 0.040800 0.927000
vt 0.452600 0.746500
vt 0.460300 0.746600
vt 0.460300 0.750000
vt 0.450200 0.749900
vt 0.447500 0.763500
vt 0.443400 0.767800
vt 0.248700 0.767900
vt 0.244700 0.763700
vt 0.402300 0.887600
vt 0.401600 0.897900
vt 0.399000 0.902700
vt 0.392900 0.905700
vt 0.332400 0.905600
vt 0.327100 0.902700
vt 0.324900 0.898000
vt 0.324300 0.887600
vt 0.222800 0.784600
vt 0.222800 0.797100
vt 0.165700 0.797000
vt 0.165600 0.787100
vt 0.170300 0.778400
vt 0.164600 0.783000
vt 0.160500 0.780600
vt 0.088800 0.778400
vt 0.101100 0.780500
vt 0.096200 0.783000
vt 0.094700 0.787200
vt 0.199200 0.764500
vt 0.170300 0.773600
vt 0.147400 0.764400
vt 0.088800 0.773600
vt 0.073300 0.764500
vt 0.063300 0.797000
vt 0.094500 0.797100
vt 0.048900 0.764400
vt 0.048800 0.797000
vt 0.056500 0.814100
vt 0.046700 0.817500
vt 0.042300 0.797000
vt 0.040500 0.827200
vt 0.046100 0.827200
vt 0.042400 0.766700
vt 0.037000 0.771200
vt 0.036800 0.797000
vt 0.034900 0.827400
vt 0.030200 0.777100
vt 0.030200 0.796800
vt 0.030200 0.827500
vt 0.698300 0.838800
vt 0.692000 0.845000
vt 0.483100 0.845800
vt 0.476600 0.839600
vt 0.702200 0.832600
vt 0.472900 0.833500
vt 0.704800 0.825500
vt 0.471700 0.826600
vt 0.234100 0.923600
vt 0.229800 0.923200
vt 0.229800 0.784200
vt 0.234000 0.783800
vt 0.234500 0.927800
vt 0.436200 0.923600
vt 0.435800 0.927800
vt 0.436300 0.783800
vt 0.440500 0.784200
vt 0.440500 0.923200
vt 0.703600 0.847600
vt 0.713700 0.849100
vt 0.690700 0.852100
vt 0.460200 0.848800
vt 0.472000 0.846800
vt 0.729900 0.871800
vt 0.728000 0.871800
vt 0.726400 0.870900
vt 0.731500 0.870900
vt 0.731600 0.857700
vt 0.725300 0.857700
vt 0.725000 0.855800
vt 0.731800 0.855800
vt 0.726200 0.854200
vt 0.730700 0.854200
vt 0.728400 0.853600
vt 0.723000 0.873800
vt 0.719800 0.859000
vt 0.737100 0.858500
vt 0.735000 0.873600
vt 0.731400 0.876300
vt 0.054100 0.554300
vt 0.056300 0.569300
vt 0.050800 0.570200
vt 0.050600 0.556900
vt 0.182000 0.570600
vt 0.195900 0.570300
vt 0.194600 0.572100
vt 0.180700 0.572200
vt 0.180600 0.574400
vt 0.194500 0.574400
vt 0.181800 0.576000
vt 0.195700 0.576300
vt 0.045600 0.556900
vt 0.044400 0.570200
vt 0.039000 0.568900
vt 0.042200 0.554100
vt 0.047100 0.556000
vt 0.045800 0.551500
vt 0.726700 0.876300
vt 0.050500 0.551600
vt 0.049100 0.556000
vt 0.858100 0.743800
vt 0.893200 0.743800
vt 0.893200 0.753900
vt 0.858000 0.753900
vt 0.893200 0.758700
vt 0.858000 0.758600
vt 0.893200 0.763300
vt 0.858000 0.763300
vt 0.893200 0.768100
vt 0.858000 0.768000
vt 0.893100 0.772900
vt 0.858000 0.772800
vt 0.893100 0.777500
vt 0.858000 0.777500
vt 0.893100 0.787300
vt 0.858000 0.787300
vt 0.230200 0.590900
vt 0.342600 0.613300
vt 0.342800 0.598800
vt 0.342900 0.590900
vt 0.436000 0.779400
vt 0.331200 0.783500
vt 0.331700 0.779400
vt 0.234300 0.779400
vt 0.342100 0.619000
vt 0.460000 0.573300
vt 0.365000 0.573600
vt 0.228100 0.574000
vt 0.779000 0.964700
vt 0.779300 0.918100
vt 0.781200 0.913700
vt 0.780700 0.969400
vt 0.784800 0.912200
vt 0.784300 0.971200
vt 0.802700 0.912400
vt 0.802000 0.971300
vt 0.805600 0.969500
vt 0.806300 0.913900
vt 0.808200 0.918400
vt 0.807500 0.964900
vt 0.779800 0.983300
vt 0.775300 0.981200
vt 0.771000 0.975500
vt 0.769300 0.968500
vt 0.769800 0.914800
vt 0.772300 0.907700
vt 0.777600 0.902400
vt 0.783800 0.900400
vt 0.804000 0.900600
vt 0.810200 0.902700
vt 0.815300 0.908100
vt 0.817700 0.915100
vt 0.817000 0.969000
vt 0.815100 0.975900
vt 0.810600 0.981400
vt 0.485000 0.851700
vt 0.049800 0.573600
vt 0.047500 0.574300
vt 0.045300 0.573600
vt 0.044100 0.572000
vt 0.051100 0.572000
vt 0.983400 0.821100
vt 0.973500 0.819400
vt 0.977800 0.815200
vt 0.987700 0.819300
vt 0.990100 0.815300
vt 0.989800 0.810500
vt 0.977400 0.810500
vt 0.986700 0.807000
vt 0.982000 0.805900
vt 0.972400 0.807100
vt 0.048900 0.521800
vt 0.039300 0.520600
vt 0.044300 0.517200
vt 0.053600 0.520700
vt 0.056600 0.517100
vt 0.057100 0.512500
vt 0.044700 0.512500
vt 0.054600 0.508400
vt 0.050200 0.506500
vt 0.040400 0.508300
vt 0.496700 0.653000
vt 0.494700 0.653000
vt 0.494700 0.647800
vt 0.502700 0.606800
vt 0.494100 0.607000
vt 0.492000 0.607000
vt 0.492500 0.647800
vt 0.489500 0.607000
vt 0.490100 0.647800
vt 0.508800 0.607300
vt 0.498800 0.653100
vt 0.501000 0.653500
vt 0.493500 0.530900
vt 0.493400 0.525700
vt 0.495400 0.525700
vt 0.493800 0.571800
vt 0.502300 0.571800
vt 0.491600 0.571800
vt 0.491200 0.531000
vt 0.488900 0.531000
vt 0.489200 0.571800
vt 0.487000 0.571900
vt 0.487400 0.607000
vt 0.487900 0.647900
vt 0.486700 0.531000
vt 0.484700 0.525900
vt 0.478700 0.572100
vt 0.479000 0.607100
vt 0.486000 0.653100
vt 0.488000 0.653100
vt 0.486600 0.525800
vt 0.472900 0.607700
vt 0.484000 0.653300
vt 0.481700 0.653700
vt 0.468300 0.608700
vt 0.482600 0.525700
vt 0.472500 0.571600
vt 0.480300 0.525300
vt 0.468000 0.570600
vt 0.055400 0.537500
vt 0.056700 0.539200
vt 0.042800 0.539000
vt 0.041500 0.537400
vt 0.055300 0.535100
vt 0.041400 0.535300
vt 0.042500 0.533600
vt 0.056500 0.533200
vt 0.508400 0.571200
vt 0.497400 0.525500
vt 0.499700 0.525000
vt 0.930000 0.782800
vt 0.937600 0.780400
vt 0.937000 0.788200
vt 0.947900 0.782800
vt 0.943400 0.787300
vt 0.930000 0.746700
vt 0.937600 0.749100
vt 0.937000 0.741300
vt 0.943400 0.742100
vt 0.947900 0.746600
vt 0.072400 0.749800
vt 0.062400 0.749700
vt 0.061700 0.742100
vt 0.073100 0.742200
vt 0.062000 0.690000
vt 0.073300 0.690100
vt 0.062600 0.682400
vt 0.072700 0.682500
vt 0.636500 0.493100
vt 0.636500 0.486300
vt 0.701600 0.486100
vt 0.701600 0.492900
vt 0.705300 0.486100
vt 0.705400 0.492900
vt 0.636500 0.482600
vt 0.701500 0.482300
vt 0.632800 0.493100
vt 0.632700 0.486400
vt 0.701600 0.496700
vt 0.636500 0.496900
vt 0.061000 0.751000
vt 0.073800 0.751100
vt 0.073300 0.755800
vt 0.056700 0.755600
vt 0.057100 0.676500
vt 0.061300 0.681100
vt 0.074100 0.681200
vt 0.073700 0.676400
vt 0.076900 0.676600
vt 0.089000 0.676700
vt 0.088700 0.755600
vt 0.076600 0.755700
vt 0.046700 0.676500
vt 0.046300 0.755400
vt 0.012000 0.897900
vt 0.012000 0.850300
vt 0.028900 0.850300
vt 0.028900 0.897900
vt 0.341300 0.389400
vt 0.359000 0.389400
vt 0.359000 0.393700
vt 0.341300 0.393700
vt 0.327500 0.389400
vt 0.327500 0.393700
vt 0.312500 0.389400
vt 0.312500 0.393700
vt 0.293400 0.393700
vt 0.293400 0.389400
vt 0.275500 0.389400
vt 0.275500 0.393700
vt 0.258400 0.389400
vt 0.258400 0.393700
vt 0.239800 0.393700
vt 0.239800 0.389400
vt 0.220400 0.389400
vt 0.220400 0.393700
vt 0.200700 0.389400
vt 0.200700 0.393700
vt 0.173600 0.389400
vt 0.173600 0.393700
vt 0.359000 0.438200
vt 0.341300 0.438200
vt 0.327500 0.438200
vt 0.312500 0.438200
vt 0.293400 0.438200
vt 0.275500 0.438200
vt 0.258400 0.438200
vt 0.239800 0.438200
vt 0.220400 0.438200
vt 0.200700 0.438200
vt 0.173600 0.438200
vt 0.359000 0.442600
vt 0.341300 0.442600
vt 0.327500 0.442600
vt 0.312500 0.442600
vt 0.293400 0.442600
vt 0.275500 0.442600
vt 0.258400 0.442600
vt 0.239800 0.442600
vt 0.220400 0.442600
vt 0.200700 0.442600
vt 0.173600 0.442600
vt 0.053900 0.494600
vt 0.009500 0.494600
vt 0.009500 0.476600
vt 0.053900 0.476600
vt 0.009500 0.462800
vt 0.053900 0.462800
vt 0.053900 0.448100
vt 0.009500 0.448100
vt 0.009500 0.428600
vt 0.053900 0.428600
vt 0.009500 0.411100
vt 0.053900 0.411100
vt 0.009500 0.393900
vt 0.053900 0.393900
vt 0.009500 0.376200
vt 0.053900 0.376200
vt 0.053900 0.356500
vt 0.009500 0.356500
vt 0.053900 0.337000
vt 0.009500 0.337000
vt 0.009500 0.311200
vt 0.053900 0.311200
vt 0.362900 0.393700
vt 0.362900 0.438200
vt 0.166400 0.393700
vt 0.166400 0.438200
vt 0.462500 0.802600
vt 0.452100 0.802700
vt 0.452100 0.786600
vt 0.462400 0.774700
vt 0.449100 0.774800
vt 0.449200 0.786600
vt 0.460100 0.824700
vt 0.463000 0.812900
vt 0.463000 0.824700
vt 0.449700 0.812900
vt 0.449700 0.840800
vt 0.460100 0.840800
vt 0.512800 0.266800
vt 0.519600 0.266800
vt 0.519600 0.273400
vt 0.512800 0.273400
vt 0.526400 0.266900
vt 0.526400 0.273400
vt 0.506000 0.273400
vt 0.506000 0.266900
vt 0.533300 0.266900
vt 0.533200 0.273400
vt 0.540000 0.266900
vt 0.540000 0.273500
vt 0.499200 0.273500
vt 0.499200 0.266900
vt 0.889400 0.867600
vt 0.926300 0.867600
vt 0.928600 0.868800
vt 0.887100 0.868700
vt 0.929600 0.870800
vt 0.886200 0.870800
vt 0.886200 0.915500
vt 0.929600 0.915500
vt 0.928600 0.917700
vt 0.887100 0.917700
vt 0.926300 0.918800
vt 0.889400 0.918800
vt 0.877500 0.869100
vt 0.867800 0.880200
vt 0.849300 0.866300
vt 0.864400 0.893900
vt 0.849300 0.921500
vt 0.867800 0.907700
vt 0.877500 0.919100
vt 0.841500 0.921800
vt 0.841600 0.865800
vt 0.846800 0.859800
vt 0.853100 0.859200
vt 0.886400 0.861500
vt 0.867800 0.484300
vt 0.865200 0.484400
vt 0.867800 0.472600
vt 0.864700 0.472700
vt 0.867900 0.460900
vt 0.863800 0.461000
vt 0.857300 0.454900
vt 0.868200 0.449200
vt 0.856800 0.449000
vt 0.868400 0.437400
vt 0.855400 0.437300
vt 0.868600 0.425700
vt 0.854100 0.425500
vt 0.868700 0.413900
vt 0.852900 0.413800
vt 0.868800 0.402100
vt 0.852100 0.402000
vt 0.868900 0.390400
vt 0.851800 0.390300
vt 0.868900 0.378700
vt 0.852100 0.378600
vt 0.868800 0.366900
vt 0.853100 0.366900
vt 0.868800 0.355200
vt 0.854500 0.355100
vt 0.868800 0.343500
vt 0.856000 0.343400
vt 0.868700 0.331800
vt 0.857600 0.331700
vt 0.858300 0.325900
vt 0.868800 0.320100
vt 0.865000 0.320100
vt 0.820700 0.869000
vt 0.813300 0.883600
vt 0.820700 0.858900
vt 0.811100 0.852700
vt 0.820700 0.852700
vt 0.754600 0.883600
vt 0.651200 0.528000
vt 0.651200 0.522500
vt 0.664400 0.522500
vt 0.664400 0.528000
vt 0.664400 0.537400
vt 0.763400 0.868500
vt 0.761200 0.852700
vt 0.846500 0.833300
vt 0.840700 0.821100
vt 0.846400 0.817600
vt 0.851200 0.828800
vt 0.854000 0.813900
vt 0.857300 0.826400
vt 0.875100 0.816600
vt 0.926600 0.810900
vt 0.949400 0.803300
vt 0.854200 0.835900
vt 0.856000 0.834200
vt 0.861000 0.832400
vt 0.877100 0.825500
vt 0.857700 0.839200
vt 0.878300 0.832200
vt 0.834400 0.835600
vt 0.834100 0.952100
vt 0.846600 0.927900
vt 0.846200 0.954500
vt 0.853900 0.951700
vt 0.852900 0.928600
vt 0.877000 0.947000
vt 0.881200 0.942500
vt 0.886200 0.927100
vt 0.892800 0.931000
vt 0.908100 0.933300
vt 0.855700 0.954000
vt 0.877500 0.957000
vt 0.850900 0.959400
vt 0.861100 0.956400
vt 0.876300 0.962700
vt 0.856700 0.961800
vt 0.874200 0.971700
vt 0.853200 0.974400
vt 0.925700 0.976800
vt 0.845800 0.970500
vt 0.839900 0.966500
vt 0.948700 0.984900
vt 0.950500 0.958700
vt 0.927200 0.960000
vt 0.948400 0.953100
vt 0.927700 0.954200
vt 0.927500 0.944800
vt 0.956000 0.983900
vt 0.956800 0.956900
vt 0.953500 0.951200
vt 0.955100 0.949700
vt 0.935700 0.921700
vt 0.923400 0.940900
vt 0.962200 0.983100
vt 0.961800 0.953200
vt 0.961700 0.922500
vt 0.955100 0.922200
vt 0.944200 0.909100
vt 0.947200 0.894300
vt 0.955400 0.869200
vt 0.944200 0.879500
vt 0.935700 0.866900
vt 0.989700 0.951900
vt 0.989400 0.836600
vt 0.961700 0.866200
vt 0.955400 0.841800
vt 0.928000 0.842800
vt 0.923100 0.858500
vt 0.924300 0.847000
vt 0.908200 0.855200
vt 0.961300 0.835700
vt 0.951800 0.837400
vt 0.927700 0.833500
vt 0.956300 0.831800
vt 0.946900 0.835100
vt 0.927500 0.827400
vt 0.950300 0.829600
vt 0.957200 0.804700
vt 0.963600 0.806000
vt 0.881800 0.845500
vt 0.893100 0.857600
vt 0.877300 0.841700
vt 0.923000 0.930200
vt 0.901800 0.775400
vt 0.901600 0.752200
vt 0.908500 0.743400
vt 0.908500 0.786000
vt 0.923800 0.743600
vt 0.923800 0.785900
vt 0.174500 0.554400
vt 0.173500 0.566400
vt 0.167300 0.570500
vt 0.167300 0.551400
vt 0.159800 0.551900
vt 0.160200 0.570800
vt 0.153700 0.567000
vt 0.163300 0.545400
vt 0.174200 0.543600
vt 0.180100 0.552100
vt 0.185200 0.545300
vt 0.194400 0.550900
vt 0.944200 0.791800
vt 0.935700 0.794600
vt 0.928800 0.790800
vt 0.928800 0.738600
vt 0.935700 0.734800
vt 0.944200 0.737700
vt 0.955300 0.742800
vt 0.955300 0.786600
vt 0.962200 0.786700
vt 0.962200 0.742500
vt 0.986300 0.763700
vt 0.984100 0.752600
vt 0.976100 0.742500
vt 0.984300 0.774900
vt 0.976700 0.786200
vt 0.869000 0.284600
vt 0.854300 0.284600
vt 0.854300 0.270800
vt 0.869000 0.270800
vt 0.854300 0.257200
vt 0.869000 0.257200
vt 0.854300 0.243400
vt 0.869000 0.243400
vt 0.854300 0.229800
vt 0.869000 0.229800
vt 0.854300 0.216100
vt 0.869000 0.216100
vt 0.854300 0.202300
vt 0.869000 0.202300
vt 0.854300 0.188700
vt 0.869000 0.188700
vt 0.854300 0.174900
vt 0.869000 0.174900
vt 0.854300 0.161300
vt 0.869000 0.161300
vt 0.854300 0.147600
vt 0.869000 0.147600
vt 0.854300 0.133900
vt 0.869000 0.133900
vt 0.854300 0.120200
vt 0.869000 0.120200
vt 0.854300 0.106400
vt 0.869000 0.106400
vt 0.854300 0.092800
vt 0.869000 0.092800
vt 0.854300 0.079000
vt 0.869000 0.079000
vt 0.854300 0.065400
vt 0.869000 0.065400
vt 0.080000 0.591600
vt 0.094600 0.592600
vt 0.107600 0.599100
vt 0.066200 0.596200
vt 0.117200 0.610000
vt 0.055300 0.605800
vt 0.048800 0.618900
vt 0.121800 0.623800
vt 0.120800 0.638400
vt 0.047800 0.633400
vt 0.114400 0.651400
vt 0.052400 0.647200
vt 0.103400 0.661000
vt 0.062000 0.658200
vt 0.089600 0.665600
vt 0.075000 0.664600
vt 0.744500 0.869100
vt 0.744500 0.859000
vt 0.744500 0.852700
vt 0.710900 0.522500
vt 0.730500 0.522500
vt 0.730500 0.528000
vt 0.710900 0.528000
vt 0.194100 0.594700
vt 0.186700 0.598800
vt 0.181000 0.593600
vt 0.175600 0.600500
vt 0.175800 0.590900
vt 0.168200 0.593700
vt 0.164700 0.598600
vt 0.161000 0.592500
vt 0.155600 0.577300
vt 0.162600 0.573600
vt 0.175500 0.579100
vt 0.169700 0.574300
vt 0.767700 0.802300
vt 0.766700 0.798300
vt 0.767500 0.794300
vt 0.769800 0.791000
vt 0.773300 0.788900
vt 0.777400 0.788300
vt 0.781300 0.789100
vt 0.784800 0.791100
vt 0.787300 0.794400
vt 0.788200 0.798400
vt 0.787300 0.802400
vt 0.785000 0.805700
vt 0.781500 0.807800
vt 0.777500 0.808500
vt 0.773500 0.807700
vt 0.770000 0.805500
vt 0.202500 0.713100
vt 0.206400 0.703700
vt 0.219600 0.707300
vt 0.214500 0.720100
vt 0.218600 0.722400
vt 0.224400 0.708600
vt 0.221400 0.693600
vt 0.207800 0.693600
vt 0.206400 0.683600
vt 0.196300 0.721100
vt 0.206200 0.731100
vt 0.209500 0.734400
vt 0.188200 0.727300
vt 0.195300 0.739600
vt 0.197500 0.743500
vt 0.178800 0.731200
vt 0.182500 0.745000
vt 0.183700 0.749300
vt 0.168800 0.732500
vt 0.168800 0.746800
vt 0.168800 0.751200
vt 0.155000 0.745000
vt 0.153800 0.749300
vt 0.158700 0.731200
vt 0.142200 0.739600
vt 0.139900 0.743500
vt 0.149300 0.727300
vt 0.131300 0.731100
vt 0.128000 0.734400
vt 0.141200 0.721100
vt 0.123000 0.720100
vt 0.118900 0.722500
vt 0.135000 0.713100
vt 0.117800 0.707300
vt 0.113100 0.708600
vt 0.131100 0.703700
vt 0.116100 0.693600
vt 0.110200 0.693600
vt 0.129700 0.693600
vt 0.131100 0.683600
vt 0.117800 0.680000
vt 0.113100 0.678700
vt 0.135000 0.674200
vt 0.123000 0.667200
vt 0.118900 0.664900
vt 0.141200 0.666100
vt 0.131300 0.656200
vt 0.128000 0.652900
vt 0.149300 0.660000
vt 0.142200 0.647700
vt 0.140000 0.643800
vt 0.158700 0.656200
vt 0.155000 0.642400
vt 0.153800 0.638100
vt 0.168800 0.654800
vt 0.168800 0.640500
vt 0.168800 0.636100
vt 0.182500 0.642400
vt 0.183700 0.638100
vt 0.178800 0.656200
vt 0.195300 0.647700
vt 0.197500 0.643800
vt 0.188200 0.660000
vt 0.206200 0.656200
vt 0.209500 0.652900
vt 0.196300 0.666100
vt 0.214500 0.667300
vt 0.218600 0.664900
vt 0.202500 0.674200
vt 0.219600 0.680100
vt 0.224400 0.678700
vt 0.226400 0.693600
vt 0.040300 0.288800
vt 0.052200 0.288500
vt 0.052200 0.300800
vt 0.040400 0.300800
vt 0.034700 0.300800
vt 0.034700 0.288900
vt 0.029000 0.300800
vt 0.029200 0.288800
vt 0.017300 0.300800
vt 0.040300 0.276600
vt 0.034700 0.276600
vt 0.029100 0.276600
vt 0.017300 0.288500
vt 0.052200 0.276500
vt 0.040300 0.264400
vt 0.034700 0.264400
vt 0.029100 0.264400
vt 0.017300 0.276500
vt 0.052200 0.264300
vt 0.040300 0.252200
vt 0.034700 0.252200
vt 0.029100 0.252200
vt 0.017300 0.264300
vt 0.052200 0.252200
vt 0.040400 0.240100
vt 0.034700 0.240100
vt 0.029100 0.240100
vt 0.017300 0.252200
vt 0.052200 0.240100
vt 0.040400 0.227800
vt 0.034700 0.227800
vt 0.029100 0.227800
vt 0.017300 0.240100
vt 0.052200 0.227800
vt 0.052200 0.215700
vt 0.040400 0.215700
vt 0.034700 0.215700
vt 0.029100 0.215700
vt 0.017300 0.215700
vt 0.017300 0.227800
vt 0.052200 0.203500
vt 0.040400 0.203500
vt 0.034700 0.203500
vt 0.029100 0.203500
vt 0.017300 0.203500
vt 0.052200 0.191400
vt 0.040400 0.191400
vt 0.034700 0.191400
vt 0.029100 0.191400
vt 0.017300 0.191400
vt 0.052200 0.179100
vt 0.040400 0.179100
vt 0.034700 0.179100
vt 0.029100 0.179100
vt 0.017300 0.179100
vt 0.052200 0.167000
vt 0.040400 0.167000
vt 0.034700 0.167000
vt 0.029100 0.167000
vt 0.017300 0.167000
vt 0.052200 0.154800
vt 0.040400 0.154800
vt 0.034700 0.154800
vt 0.029100 0.154800
vt 0.017300 0.154800
vt 0.040400 0.142600
vt 0.034700 0.142600
vt 0.029100 0.142600
vt 0.017300 0.142600
vt 0.029100 0.130400
vt 0.017300 0.130400
vt 0.052200 0.142600
vt 0.040400 0.130400
vt 0.034700 0.130400
vt 0.034700 0.118300
vt 0.029100 0.118300
vt 0.017300 0.118300
vt 0.029100 0.106000
vt 0.017300 0.106000
vt 0.052200 0.130400
vt 0.040400 0.118300
vt 0.040400 0.106000
vt 0.034700 0.106000
vt 0.034700 0.093900
vt 0.029100 0.093900
vt 0.017300 0.093900
vt 0.052200 0.118300
vt 0.052200 0.106000
vt 0.040400 0.093900
vt 0.040400 0.081700
vt 0.034700 0.081700
vt 0.029100 0.081700
vt 0.017300 0.081700
vt 0.017300 0.069600
vt 0.052200 0.093900
vt 0.052200 0.081700
vt 0.052200 0.069600
vt 0.040400 0.069600
vt 0.034700 0.069600
vt 0.029000 0.069600
vt 0.017300 0.057300
vt 0.029100 0.057300
vt 0.017300 0.045200
vt 0.052200 0.057300
vt 0.040400 0.057300
vt 0.034700 0.057300
vt 0.052200 0.045200
vt 0.040300 0.045200
vt 0.034700 0.045200
vt 0.029100 0.045200
vt 0.017300 0.033100
vt 0.029100 0.033100
vt 0.017300 0.021100
vt 0.052200 0.033100
vt 0.040300 0.033100
vt 0.034700 0.033000
vt 0.034700 0.020700
vt 0.029200 0.020800
vt 0.017300 0.008800
vt 0.029000 0.008800
vt 0.034700 0.008800
vt 0.052200 0.021100
vt 0.040300 0.020800
vt 0.040400 0.008800
vt 0.052200 0.008800
vt 0.187100 0.725500
vt 0.194700 0.719600
vt 0.178300 0.729100
vt 0.168800 0.730300
vt 0.159200 0.729100
vt 0.150300 0.725500
vt 0.142700 0.719600
vt 0.136800 0.712000
vt 0.133200 0.703200
vt 0.131900 0.693600
vt 0.133200 0.684100
vt 0.136800 0.675300
vt 0.142700 0.667700
vt 0.150300 0.661900
vt 0.159200 0.658200
vt 0.168800 0.657000
vt 0.178300 0.658200
vt 0.187100 0.661900
vt 0.194700 0.667700
vt 0.200600 0.675300
vt 0.204300 0.684100
vt 0.205500 0.693600
vt 0.204300 0.703200
vt 0.200600 0.712000
vt 0.637200 0.559900
vt 0.643400 0.553200
vt 0.655400 0.576000
vt 0.643800 0.578500
vt 0.659300 0.599200
vt 0.650100 0.598000
vt 0.656200 0.608200
vt 0.648000 0.607500
vt 0.648200 0.626100
vt 0.630600 0.552900
vt 0.623900 0.558200
vt 0.631300 0.567200
vt 0.637800 0.580300
vt 0.638500 0.594800
vt 0.636800 0.546400
vt 0.620600 0.535400
vt 0.617000 0.542400
vt 0.612400 0.551500
vt 0.617300 0.564800
vt 0.623900 0.573200
vt 0.628600 0.583300
vt 0.630600 0.594300
vt 0.604600 0.528800
vt 0.602800 0.535700
vt 0.600200 0.547000
vt 0.608700 0.558200
vt 0.612200 0.570300
vt 0.617800 0.577300
vt 0.621500 0.585500
vt 0.588000 0.527700
vt 0.587200 0.534100
vt 0.587100 0.545700
vt 0.598400 0.554400
vt 0.604900 0.565100
vt 0.568400 0.530800
vt 0.570500 0.536800
vt 0.574200 0.547900
vt 0.587300 0.553300
vt 0.596500 0.561900
vt 0.551600 0.538900
vt 0.555400 0.544100
vt 0.562300 0.553300
vt 0.576400 0.555200
vt 0.587500 0.561000
vt 0.543700 0.553700
vt 0.552200 0.561600
vt 0.566300 0.559700
vt 0.578600 0.562600
vt 0.538800 0.549300
vt 0.532900 0.566600
vt 0.544700 0.572300
vt 0.557700 0.566800
vt 0.570400 0.566300
vt 0.527800 0.563100
vt 0.530000 0.577600
vt 0.540700 0.583500
vt 0.551400 0.575800
vt 0.563500 0.572000
vt 0.523300 0.571000
vt 0.529300 0.596100
vt 0.539000 0.597300
vt 0.547800 0.585900
vt 0.558300 0.579400
vt 0.519800 0.596400
vt 0.530700 0.612900
vt 0.541000 0.610200
vt 0.546800 0.597100
vt 0.555200 0.587800
vt 0.523900 0.615400
vt 0.537200 0.627700
vt 0.546500 0.622000
vt 0.548500 0.608000
vt 0.554300 0.596800
vt 0.531300 0.631600
vt 0.547300 0.640000
vt 0.554800 0.632000
vt 0.552900 0.618000
vt 0.555800 0.605700
vt 0.542400 0.645400
vt 0.560000 0.649800
vt 0.565400 0.639500
vt 0.559900 0.626600
vt 0.559500 0.613900
vt 0.556400 0.656500
vt 0.573300 0.663100
vt 0.575100 0.655300
vt 0.577700 0.644100
vt 0.569000 0.632900
vt 0.565200 0.620900
vt 0.591400 0.663800
vt 0.591200 0.656400
vt 0.590700 0.645300
vt 0.579300 0.636800
vt 0.572600 0.626100
vt 0.608400 0.660800
vt 0.606100 0.653400
vt 0.603600 0.643300
vt 0.590400 0.637800
vt 0.581000 0.629300
vt 0.624300 0.652300
vt 0.620500 0.646200
vt 0.615400 0.637800
vt 0.601200 0.635800
vt 0.590000 0.630100
vt 0.638300 0.641000
vt 0.633100 0.636400
vt 0.625400 0.629400
vt 0.611300 0.631300
vt 0.598900 0.628500
vt 0.641800 0.622900
vt 0.633000 0.618800
vt 0.619700 0.624300
vt 0.607100 0.624800
vt 0.637300 0.606500
vt 0.626200 0.615300
vt 0.614100 0.619100
vt 0.630200 0.605000
vt 0.619300 0.611700
vt 0.622400 0.603300
vt 0.623200 0.594400
vt 0.651200 0.627700
vt 0.640800 0.643300
vt 0.626300 0.655000
vt 0.609300 0.663900
vt 0.591500 0.667200
vt 0.572700 0.666300
vt 0.554800 0.659300
vt 0.539800 0.647700
vt 0.528300 0.632900
vt 0.520500 0.616000
vt 0.516600 0.596600
vt 0.520000 0.570600
vt 0.524800 0.561700
vt 0.536200 0.547000
vt 0.549600 0.536200
vt 0.567600 0.527700
vt 0.588000 0.524300
vt 0.605300 0.525500
vt 0.622200 0.532500
vt 0.639300 0.544000
vt 0.646500 0.551500
vt 0.658000 0.572800
vt 0.662500 0.598600
vt 0.659400 0.609700
vt 0.598400 0.580000
vt 0.589300 0.577500
vt 0.589300 0.575700
vt 0.599300 0.578400
vt 0.605200 0.586600
vt 0.606700 0.585700
vt 0.607500 0.595700
vt 0.609300 0.595700
vt 0.605100 0.605000
vt 0.606600 0.605900
vt 0.598400 0.611600
vt 0.599300 0.613200
vt 0.589300 0.614200
vt 0.589300 0.616000
vt 0.580200 0.611600
vt 0.579200 0.613200
vt 0.573400 0.605000
vt 0.571800 0.605800
vt 0.570900 0.595700
vt 0.569100 0.595700
vt 0.573400 0.586600
vt 0.571800 0.585700
vt 0.580000 0.580000
vt 0.579200 0.578400
vt 0.598000 0.580800
vt 0.589300 0.578400
vt 0.604300 0.587100
vt 0.606500 0.595700
vt 0.604400 0.604500
vt 0.597800 0.610800
vt 0.589300 0.613100
vt 0.580600 0.610800
vt 0.574200 0.604500
vt 0.571900 0.595700
vt 0.574300 0.587100
vt 0.580600 0.580800
vt 0.593600 0.588300
vt 0.589300 0.586900
vt 0.584900 0.588300
vt 0.581600 0.591400
vt 0.580600 0.595800
vt 0.581600 0.600200
vt 0.584900 0.603300
vt 0.589300 0.604600
vt 0.593600 0.603300
vt 0.596900 0.600200
vt 0.597900 0.595800
vt 0.596900 0.591400
vt 0.855200 0.692300
vt 0.847500 0.692400
vt 0.848000 0.714200
vt 0.854300 0.712100
vt 0.861600 0.691600
vt 0.828600 0.641800
vt 0.810900 0.656800
vt 0.822200 0.703800
vt 0.842300 0.717500
vt 0.846400 0.720000
vt 0.851700 0.719100
vt 0.753300 0.703900
vt 0.749100 0.717600
vt 0.734500 0.716400
vt 0.734100 0.720100
vt 0.730300 0.718800
vt 0.729000 0.712900
vt 0.725200 0.717700
vt 0.842700 0.721300
vt 0.826600 0.718500
vt 0.789200 0.786600
vt 0.795300 0.783100
vt 0.798700 0.786500
vt 0.795200 0.792600
vt 0.803200 0.787600
vt 0.803200 0.794700
vt 0.807700 0.786500
vt 0.811200 0.792600
vt 0.811100 0.783100
vt 0.794200 0.778700
vt 0.787100 0.778700
vt 0.795300 0.774200
vt 0.789200 0.770600
vt 0.798700 0.770900
vt 0.795100 0.764800
vt 0.803100 0.762600
vt 0.803100 0.769600
vt 0.811100 0.764700
vt 0.807600 0.770800
vt 0.811100 0.774100
vt 0.817200 0.770600
vt 0.812200 0.778800
vt 0.819300 0.778800
vt 0.817200 0.786600
vt 0.755900 0.759900
vt 0.762000 0.754000
vt 0.765500 0.760100
vt 0.762000 0.763400
vt 0.760900 0.768100
vt 0.753800 0.768100
vt 0.762100 0.772400
vt 0.756000 0.775900
vt 0.765400 0.775800
vt 0.761900 0.781900
vt 0.769900 0.784000
vt 0.769900 0.776900
vt 0.777900 0.781900
vt 0.774400 0.775800
vt 0.783800 0.775900
vt 0.777700 0.772400
vt 0.778900 0.768000
vt 0.786000 0.768000
vt 0.777700 0.763500
vt 0.783800 0.760000
vt 0.774400 0.760200
vt 0.778000 0.754100
vt 0.770000 0.751900
vt 0.770000 0.758900
vt 0.589300 0.595800
vt 0.803200 0.778600
vt 0.769900 0.767900
vt 0.384800 0.396700
vt 0.395800 0.388300
vt 0.409100 0.416700
vt 0.378300 0.409500
vt 0.378300 0.423800
vt 0.384700 0.436500
vt 0.395800 0.445100
vt 0.409100 0.447900
vt 0.422300 0.445100
vt 0.433400 0.436500
vt 0.439800 0.423800
vt 0.439800 0.409500
vt 0.433400 0.396700
vt 0.422300 0.388300
vt 0.409100 0.385300
vt 0.094300 0.748200
vt 0.094600 0.683200
vt 0.101400 0.683200
vt 0.102400 0.676800
vt 0.101100 0.748300
vt 0.102100 0.755800
vt 0.509400 0.260900
vt 0.516200 0.260900
vt 0.512800 0.255000
vt 0.506000 0.255000
vt 0.502500 0.260900
vt 0.141100 0.558800
vt 0.148100 0.546400
vt 0.150300 0.548600
vt 0.144200 0.559900
vt 0.161600 0.542600
vt 0.160500 0.539600
vt 0.139200 0.572700
vt 0.142400 0.572600
vt 0.142300 0.586400
vt 0.145300 0.585100
vt 0.149700 0.598500
vt 0.152000 0.596200
vt 0.163100 0.602800
vt 0.175500 0.605300
vt 0.161800 0.605800
vt 0.175400 0.608500
vt 0.189200 0.606300
vt 0.188000 0.603300
vt 0.197900 0.595500
vt 0.201100 0.583600
vt 0.204300 0.585100
vt 0.202500 0.572200
vt 0.200300 0.597700
vt 0.207400 0.586200
vt 0.209200 0.572500
vt 0.205900 0.572600
vt 0.200400 0.561000
vt 0.203500 0.560200
vt 0.198400 0.549800
vt 0.206600 0.559000
vt 0.200800 0.547600
vt 0.187800 0.539500
vt 0.186600 0.542500
vt 0.174100 0.540500
vt 0.174100 0.537200
vt 0.331200 0.796700
vt 0.414800 0.796600
vt 0.413200 0.802900
vt 0.330600 0.803300
vt 0.255500 0.796600
vt 0.257100 0.802900
vt 0.248700 0.799400
vt 0.253400 0.804100
vt 0.245800 0.806100
vt 0.251900 0.807600
vt 0.251900 0.905000
vt 0.245800 0.906500
vt 0.248700 0.913300
vt 0.253300 0.908600
vt 0.255400 0.916100
vt 0.256900 0.910000
vt 0.413400 0.910000
vt 0.414900 0.916100
vt 0.421600 0.913200
vt 0.417000 0.908600
vt 0.424500 0.906500
vt 0.418400 0.905000
vt 0.418400 0.807600
vt 0.424500 0.806100
vt 0.421500 0.799400
vt 0.416900 0.804100
vt 0.194100 0.527700
vt 0.190400 0.534100
vt 0.172200 0.530100
vt 0.172300 0.522600
vt 0.150500 0.527700
vt 0.154200 0.534100
vt 0.132900 0.541600
vt 0.139100 0.545800
vt 0.211500 0.541700
vt 0.205500 0.545800
vt 0.221200 0.561800
vt 0.214200 0.563200
vt 0.221200 0.584200
vt 0.214200 0.582900
vt 0.205600 0.600300
vt 0.211600 0.604400
vt 0.190400 0.611900
vt 0.194200 0.618400
vt 0.172300 0.616000
vt 0.172300 0.623300
vt 0.150500 0.618400
vt 0.154200 0.611900
vt 0.133000 0.604400
vt 0.139100 0.600200
vt 0.123300 0.584100
vt 0.130300 0.582800
vt 0.123300 0.561800
vt 0.130300 0.563200
s 1
usemtl wpn\wpn_gauss_comp.001
f 1/1/1 3/2/2 2/3/3
f 4/4/4 6/5/4 5/6/4
f 7/7/5 9/8/5 8/9/5
f 10/10/6 12/11/7 11/12/8
f 13/13/9 15/14/10 14/15/11
f 16/16/12 14/15/13 17/17/13
f 11/12/8 18/18/14 10/10/6
f 17/17/15 20/19/16 19/20/17
f 21/21/18 23/22/19 22/23/20
f 24/24/21 26/25/21 25/26/21
f 27/27/22 28/28/23 24/24/24
f 29/29/25 25/26/26 30/30/27
f 92/31/28 98/32/29 88/33/30
f 98/32/29 92/31/28 97/34/31
f 97/34/31 96/35/32 98/32/29
f 96/35/32 97/34/31 95/36/33
f 95/36/33 97/34/31 94/37/34
f 93/38/35 94/37/34 97/34/31
f 97/34/31 92/31/28 93/38/35
f 91/39/36 93/38/35 92/31/28
f 92/31/28 89/40/37 91/39/36
f 88/33/30 89/40/37 92/31/28
f 95/36/33 90/41/38 96/35/32
f 86/42/39 90/41/38 95/36/33
f 95/36/33 85/43/40 86/42/39
f 87/44/41 85/43/40 95/36/33
f 95/36/33 84/45/42 87/44/41
f 94/37/34 84/45/42 95/36/33
f 84/45/42 94/37/34 82/46/43
f 83/47/44 82/46/43 94/37/34
f 94/37/34 93/38/35 83/47/44
f 86/42/39 85/43/40 80/48/45
f 80/48/45 85/43/40 87/44/41
f 87/44/41 81/49/46 80/48/45
f 81/49/46 87/44/41 79/50/47
f 79/50/47 87/44/41 84/45/42
f 84/45/42 78/51/48 79/50/47
f 82/46/43 78/51/48 84/45/42
f 80/48/45 77/52/49 86/42/39
f 76/53/50 77/52/49 80/48/45
f 80/48/45 75/54/51 76/53/50
f 75/54/51 80/48/45 81/49/46
f 81/49/46 73/55/52 75/54/51
f 73/55/52 81/49/46 72/56/53
f 79/50/47 72/56/53 81/49/46
f 76/53/50 75/54/51 74/57/54
f 67/58/55 74/57/54 75/54/51
f 75/54/51 73/55/52 67/58/55
f 70/59/56 67/58/55 73/55/52
f 73/55/52 71/60/57 70/59/56
f 72/56/53 71/60/57 73/55/52
f 74/57/54 69/61/58 76/53/50
f 66/62/59 69/61/58 74/57/54
f 74/57/54 68/63/60 66/62/59
f 64/64/61 68/63/60 74/57/54
f 74/57/54 67/58/55 64/64/61
f 63/65/62 64/64/61 67/58/55
f 67/58/55 70/59/56 63/65/62
f 66/62/59 68/63/60 65/66/63
f 62/67/64 65/66/63 68/63/60
f 68/63/60 64/64/61 62/67/64
f 61/68/65 62/67/64 64/64/61
f 64/64/61 63/65/62 61/68/65
f 65/66/63 59/69/66 66/62/59
f 60/70/67 59/69/66 65/66/63
f 65/66/63 57/71/68 60/70/67
f 55/72/69 57/71/68 65/66/63
f 65/66/63 62/67/64 55/72/69
f 58/73/70 55/72/69 62/67/64
f 62/67/64 61/68/65 58/73/70
f 56/74/71 60/70/67 57/71/68
f 57/71/68 54/75/72 56/74/71
f 53/76/73 54/75/72 57/71/68
f 57/71/68 55/72/69 53/76/73
f 52/77/74 53/76/73 55/72/69
f 55/72/69 58/73/70 52/77/74
f 50/78/75 56/74/71 54/75/72
f 54/75/72 49/79/76 50/78/75
f 49/79/76 54/75/72 53/76/73
f 53/76/73 51/80/77 49/79/76
f 51/80/77 53/76/73 52/77/74
f 52/77/74 48/81/78 51/80/77
f 46/82/79 51/80/77 48/81/78
f 48/81/78 47/83/80 46/82/79
f 45/84/81 46/82/79 47/83/80
f 47/83/80 31/85/82 45/84/81
f 32/86/83 50/78/75 49/79/76
f 49/79/76 33/87/84 32/86/83
f 33/87/84 49/79/76 51/80/77
f 51/80/77 46/82/79 33/87/84
f 34/88/85 33/87/84 46/82/79
f 46/82/79 45/84/81 34/88/85
f 35/89/86 34/88/85 45/84/81
f 45/84/81 36/90/87 35/89/86
f 36/90/87 45/84/81 31/85/82
f 31/85/82 37/91/88 36/90/87
f 38/92/89 36/90/87 37/91/88
f 37/91/88 39/93/90 38/92/89
f 40/94/91 32/86/83 33/87/84
f 33/87/84 34/88/85 40/94/91
f 41/95/92 40/94/91 34/88/85
f 34/88/85 35/89/86 41/95/92
f 42/96/93 41/95/92 35/89/86
f 35/89/86 43/97/94 42/96/93
f 43/97/94 35/89/86 36/90/87
f 36/90/87 38/92/89 43/97/94
f 44/98/95 43/97/94 38/92/89
f 38/92/89 2033/99/96 44/98/95
f 2033/99/96 38/92/89 39/93/90
f 39/93/90 1701/100/97 2033/99/96
f 2033/99/96 1701/100/97 1695/101/98
f 1695/101/98 2032/102/99 2033/99/96
f 2032/102/99 1695/101/98 1690/103/100
f 1873/104/101 42/96/93 43/97/94
f 43/97/94 44/98/95 1873/104/101
f 1874/105/102 1873/104/101 44/98/95
f 44/98/95 2031/106/103 1874/105/102
f 2032/102/99 2031/106/103 44/98/95
f 44/98/95 2033/99/96 2032/102/99
f 1875/107/104 1874/105/102 2031/106/103
f 2031/106/103 2030/108/105 1875/107/104
f 2029/109/106 2030/108/105 2031/106/103
f 2031/106/103 2032/102/99 2029/109/106
f 1690/103/100 2029/109/106 2032/102/99
f 2029/109/106 1690/103/100 1663/110/107
f 1663/110/107 2028/111/108 2029/109/106
f 2028/111/108 1663/110/107 1687/112/109
f 1687/112/109 2027/113/110 2028/111/108
f 2027/113/110 1687/112/109 1657/114/111
f 1876/115/112 1875/107/104 2030/108/105
f 2030/108/105 2026/116/113 1876/115/112
f 2028/111/108 2026/116/113 2030/108/105
f 2030/108/105 2029/109/106 2028/111/108
f 1876/115/112 2026/116/113 2025/117/114
f 2027/113/110 2025/117/114 2026/116/113
f 2026/116/113 2028/111/108 2027/113/110
f 2025/117/114 1877/118/115 1876/115/112
f 1878/119/116 1877/118/115 2025/117/114
f 2025/117/114 2024/120/117 1878/119/116
f 2023/121/118 2024/120/117 2025/117/114
f 2025/117/114 2027/113/110 2023/121/118
f 1657/114/111 2023/121/118 2027/113/110
f 2023/121/118 1657/114/111 1667/122/119
f 1667/122/119 2022/123/120 2023/121/118
f 91/39/36 2022/123/120 1667/122/119
f 1667/122/119 1756/124/121 91/39/36
f 1879/125/122 1878/119/116 2024/120/117
f 2024/120/117 2021/126/123 1879/125/122
f 2022/123/120 2021/126/123 2024/120/117
f 2024/120/117 2023/121/118 2022/123/120
f 88/33/30 1879/125/122 2021/126/123
f 2021/126/123 89/40/37 88/33/30
f 89/40/37 2021/126/123 2022/123/120
f 2022/123/120 91/39/36 89/40/37
f 93/38/35 91/39/36 1756/124/121
f 1756/124/121 83/47/44 93/38/35
f 100/127/124 99/128/124 101/129/124
f 101/129/124 102/130/124 100/127/124
f 102/130/124 101/129/124 103/131/124
f 103/131/124 104/132/124 102/130/124
f 104/132/124 103/131/124 105/133/124
f 105/133/124 106/134/124 104/132/124
f 106/134/124 105/133/124 107/135/124
f 107/135/124 108/136/124 106/134/124
f 108/136/124 107/135/124 109/137/124
f 109/137/124 110/138/124 108/136/124
f 110/138/124 109/137/124 111/139/124
f 111/139/124 113/140/124 110/138/124
f 113/140/124 111/139/124 114/141/124
f 114/141/124 112/142/124 113/140/124
f 117/143/21 115/144/21 116/145/21
f 116/145/21 119/146/21 117/143/21
f 117/143/21 119/146/21 118/147/21
f 118/147/21 122/148/21 117/143/21
f 122/148/21 118/147/21 123/149/21
f 123/149/21 120/150/21 122/148/21
f 120/150/21 123/149/21 126/151/21
f 126/151/21 121/152/21 120/150/21
f 130/153/21 121/152/21 126/151/21
f 126/151/21 124/154/21 130/153/21
f 130/153/21 124/154/21 129/155/21
f 129/155/21 131/156/21 130/153/21
f 116/145/125 115/144/126 127/157/127
f 127/157/127 128/158/128 116/145/125
f 128/158/128 125/159/129 119/146/130
f 119/146/130 116/145/125 128/158/128
f 132/160/131 127/157/127 115/144/126
f 115/144/126 117/143/132 132/160/131
f 132/160/131 117/143/132 122/148/133
f 122/148/133 133/161/134 132/160/131
f 133/161/134 122/148/133 120/150/135
f 120/150/135 134/162/135 133/161/134
f 135/163/136 134/162/135 120/150/135
f 120/150/135 121/152/136 135/163/136
f 135/163/136 121/152/136 130/153/137
f 130/153/137 136/164/137 135/163/136
f 137/165/138 136/164/137 130/153/137
f 130/153/137 131/156/139 137/165/138
f 138/166/140 137/165/138 131/156/139
f 131/156/139 129/155/141 138/166/140
f 140/167/142 138/166/140 129/155/141
f 129/155/141 124/154/143 140/167/142
f 139/168/144 140/167/142 124/154/143
f 124/154/143 126/151/145 139/168/144
f 145/169/146 139/168/144 126/151/145
f 126/151/145 123/149/147 145/169/146
f 146/170/148 145/169/146 123/149/147
f 123/149/147 118/147/148 146/170/148
f 146/170/148 118/147/148 119/146/130
f 119/146/130 125/171/129 146/170/148
f 141/143/21 142/144/21 144/145/21
f 144/145/21 143/146/21 141/143/21
f 141/143/21 143/146/21 149/147/21
f 149/147/21 147/148/21 141/143/21
f 147/148/21 149/147/21 148/149/21
f 148/149/21 152/150/21 147/148/21
f 152/150/21 148/149/21 151/151/21
f 151/151/21 150/152/21 152/150/21
f 185/153/21 150/152/21 151/151/21
f 151/151/21 179/154/21 185/153/21
f 185/153/21 179/154/21 181/155/21
f 181/155/21 183/156/21 185/153/21
f 144/145/149 142/144/150 191/157/151
f 191/157/151 192/158/152 144/145/149
f 192/158/152 176/159/153 143/146/154
f 143/146/154 144/145/149 192/158/152
f 190/160/155 191/157/151 142/144/150
f 142/144/150 141/143/156 190/160/155
f 190/160/155 141/143/156 147/148/157
f 147/148/157 189/161/158 190/160/155
f 189/161/158 147/148/157 152/150/159
f 152/150/159 188/162/159 189/161/158
f 187/163/160 188/162/159 152/150/159
f 152/150/159 150/152/160 187/163/160
f 187/163/160 150/152/160 185/153/161
f 185/153/161 186/164/161 187/163/160
f 184/165/162 186/164/161 185/153/161
f 185/153/161 183/156/163 184/165/162
f 182/166/164 184/165/162 183/156/163
f 183/156/163 181/155/165 182/166/164
f 180/167/166 182/166/164 181/155/165
f 181/155/165 179/154/167 180/167/166
f 178/168/168 180/167/166 179/154/167
f 179/154/167 151/151/169 178/168/168
f 177/169/170 178/168/168 151/151/169
f 151/151/169 148/149/171 177/169/170
f 175/170/172 177/169/170 148/149/171
f 148/149/171 149/147/172 175/170/172
f 175/170/172 149/147/172 143/146/154
f 143/146/154 176/171/153 175/170/172
f 172/172/173 174/173/174 173/174/175
f 173/174/175 171/175/176 172/172/173
f 170/176/177 172/172/173 171/175/176
f 171/175/176 155/177/178 170/176/177
f 153/178/179 170/176/177 155/177/178
f 155/177/178 169/179/180 153/178/179
f 161/180/181 153/178/179 169/179/180
f 169/179/180 167/181/182 161/180/181
f 162/182/183 161/180/181 167/181/182
f 167/181/182 168/183/184 162/182/183
f 163/184/185 162/182/183 168/183/184
f 168/183/184 156/185/186 163/184/185
f 164/186/187 163/184/185 156/185/186
f 156/185/186 157/187/188 164/186/187
f 213/188/189 164/186/187 157/187/188
f 157/187/188 215/189/190 213/188/189
f 216/190/191 213/188/189 215/189/190
f 215/189/190 214/191/192 216/190/191
f 165/192/193 216/190/191 214/191/192
f 214/191/192 166/193/194 165/192/193
f 158/194/195 165/192/193 166/193/194
f 166/193/194 154/195/196 158/194/195
f 159/196/197 158/194/195 154/195/196
f 154/195/196 212/197/198 159/196/197
f 160/198/199 159/196/197 212/197/198
f 212/197/198 211/199/200 160/198/199
f 210/200/201 160/198/199 211/199/200
f 211/199/200 200/201/202 210/200/201
f 202/202/203 210/200/201 200/201/202
f 200/201/202 207/203/204 202/202/203
f 209/204/205 202/202/203 207/203/204
f 207/203/204 198/205/206 209/204/205
f 199/206/207 209/204/205 198/205/206
f 198/205/206 201/207/208 199/206/207
f 206/208/209 199/206/207 201/207/208
f 201/207/208 194/209/210 206/208/209
f 193/210/211 206/208/209 194/209/210
f 194/209/210 196/211/212 193/210/211
f 197/212/213 193/210/211 196/211/212
f 196/211/212 195/213/214 197/212/213
f 203/214/215 197/212/213 195/213/214
f 195/213/214 208/215/216 203/214/215
f 204/216/217 203/214/215 208/215/216
f 208/215/216 205/217/218 204/216/217
f 218/218/219 204/216/217 205/217/218
f 205/217/218 217/219/220 218/218/219
f 174/220/174 218/218/219 217/219/220
f 217/219/220 173/221/175 174/220/174
f 223/222/221 219/223/222 222/224/223
f 222/224/223 220/225/176 223/222/221
f 221/226/224 223/222/221 220/225/176
f 220/225/176 225/227/225 221/226/224
f 224/228/226 221/226/224 225/227/225
f 225/227/225 226/229/180 224/228/226
f 230/230/227 224/228/226 226/229/180
f 226/229/180 228/231/228 230/230/227
f 230/230/227 228/231/228 227/232/229
f 227/232/229 229/233/230 230/230/227
f 233/234/231 229/233/230 227/232/229
f 227/232/229 234/235/186 233/234/231
f 231/236/232 233/234/231 234/235/186
f 234/235/186 232/237/188 231/236/232
f 237/238/233 231/236/232 232/237/188
f 232/237/188 235/239/190 237/238/233
f 236/240/234 237/238/233 235/239/190
f 235/239/190 238/241/192 236/240/234
f 241/242/235 236/240/234 238/241/192
f 238/241/192 240/243/236 241/242/235
f 239/244/237 241/242/235 240/243/236
f 240/243/236 244/245/196 239/244/237
f 243/246/238 239/244/237 244/245/196
f 244/245/196 242/247/198 243/246/238
f 246/248/239 243/246/238 242/247/198
f 242/247/198 245/249/200 246/248/239
f 247/250/240 246/248/239 245/249/200
f 245/249/200 248/251/202 247/250/240
f 249/252/241 247/250/240 248/251/202
f 248/251/202 250/253/204 249/252/241
f 251/254/242 249/252/241 250/253/204
f 250/253/204 252/255/206 251/254/242
f 253/256/243 251/254/242 252/255/206
f 252/255/206 254/257/244 253/256/243
f 255/258/245 253/256/243 254/257/244
f 254/257/244 256/259/246 255/258/245
f 257/260/247 255/258/245 256/259/246
f 256/259/246 258/261/212 257/260/247
f 259/262/248 257/260/247 258/261/212
f 258/261/212 260/263/214 259/262/248
f 261/264/249 259/262/248 260/263/214
f 260/263/214 262/265/216 261/264/249
f 263/266/250 261/264/249 262/265/216
f 262/265/216 264/267/251 263/266/250
f 265/268/252 263/266/250 264/267/251
f 264/267/251 267/269/220 265/268/252
f 219/270/222 265/268/252 267/269/220
f 267/269/220 222/271/223 219/270/222
f 269/272/253 266/273/254 268/274/255
f 268/274/255 270/275/256 269/272/253
f 273/276/257 269/272/253 270/275/256
f 270/275/256 272/277/258 273/276/257
f 271/278/259 273/276/257 272/277/258
f 272/277/258 276/279/260 271/278/259
f 274/280/261 271/278/259 276/279/260
f 276/279/260 275/281/262 274/280/261
f 279/282/263 274/280/261 275/281/262
f 275/281/262 277/283/264 279/282/263
f 278/284/265 279/282/263 277/283/264
f 277/283/264 286/285/266 278/284/265
f 285/286/267 278/284/265 286/285/268
f 286/285/268 280/287/269 285/286/267
f 281/288/270 285/286/267 280/287/269
f 280/287/269 282/289/271 281/288/270
f 283/290/272 281/288/270 282/289/271
f 282/289/271 287/291/273 283/290/272
f 284/292/274 283/290/272 287/291/273
f 287/291/273 288/293/275 284/292/274
f 290/294/276 284/292/274 288/293/275
f 288/293/275 289/295/277 290/294/276
f 266/296/254 290/294/276 289/295/277
f 289/295/277 268/297/255 266/296/254
f 220/298/278 222/299/279 174/173/279
f 174/173/279 172/172/280 220/298/278
f 225/300/281 220/298/278 172/172/280
f 172/172/280 170/176/282 225/300/281
f 226/301/283 225/300/281 170/176/282
f 170/176/282 153/178/284 226/301/283
f 228/302/285 226/301/283 153/178/284
f 153/178/284 161/180/285 228/302/285
f 228/302/285 161/180/285 162/182/286
f 162/182/286 227/303/286 228/302/285
f 234/304/287 227/303/286 162/182/286
f 162/182/286 163/184/288 234/304/287
f 232/305/289 234/304/287 163/184/288
f 163/184/288 164/186/289 232/305/289
f 232/305/289 164/186/289 213/188/290
f 213/188/290 235/306/291 232/305/289
f 235/306/291 213/188/290 216/190/292
f 216/190/292 238/307/293 235/306/291
f 238/307/293 216/190/292 165/192/294
f 165/192/294 240/308/295 238/307/293
f 240/308/295 165/192/294 158/194/296
f 158/194/296 244/309/297 240/308/295
f 244/309/297 158/194/296 159/196/298
f 159/196/298 242/310/299 244/309/297
f 245/311/300 242/310/299 159/196/298
f 159/196/298 160/198/301 245/311/300
f 248/312/302 245/311/300 160/198/301
f 160/198/301 210/200/303 248/312/302
f 250/313/304 248/312/302 210/200/303
f 210/200/303 202/202/305 250/313/304
f 252/314/306 250/313/304 202/202/305
f 202/202/305 209/204/307 252/314/306
f 254/315/308 252/314/306 209/204/307
f 209/204/307 199/206/309 254/315/308
f 256/316/310 254/315/308 199/206/309
f 199/206/309 206/208/310 256/316/310
f 256/316/310 206/208/310 193/210/311
f 193/210/311 258/317/312 256/316/310
f 258/317/312 193/210/311 197/212/313
f 197/212/313 260/318/314 258/317/312
f 260/318/314 197/212/313 203/214/315
f 203/214/315 262/319/316 260/318/314
f 262/319/316 203/214/315 204/216/317
f 204/216/317 264/320/318 262/319/316
f 264/320/318 204/216/317 218/218/319
f 218/218/319 267/321/320 264/320/318
f 267/321/320 218/218/319 174/220/279
f 174/220/279 222/322/279 267/321/320
f 390/323/321 297/324/322 294/325/323
f 294/325/323 394/326/324 390/323/321
f 394/326/324 294/325/323 291/327/325
f 291/327/325 402/328/326 394/326/324
f 402/328/326 291/327/325 292/329/327
f 292/329/327 408/330/328 402/328/326
f 410/331/329 408/330/328 292/329/327
f 292/329/327 295/332/330 410/331/329
f 388/333/331 390/323/321 394/326/324
f 394/326/324 395/334/332 388/333/331
f 395/334/332 394/326/324 402/328/326
f 402/328/326 403/335/333 395/334/332
f 403/335/333 402/328/326 408/330/328
f 408/330/328 407/336/334 403/335/333
f 409/337/335 407/336/334 408/330/328
f 408/330/328 410/331/329 409/337/335
f 389/338/336 388/333/331 395/334/332
f 395/334/332 396/339/337 389/338/336
f 396/339/337 395/334/332 403/335/333
f 403/335/333 401/340/338 396/339/337
f 401/340/338 403/335/333 407/336/334
f 407/336/334 404/341/339 401/340/338
f 406/342/340 404/341/339 407/336/334
f 407/336/334 409/337/335 406/342/340
f 387/343/341 389/338/336 396/339/337
f 396/339/337 393/344/342 387/343/341
f 393/344/342 396/339/337 401/340/338
f 401/340/338 400/345/343 393/344/342
f 400/345/343 401/340/338 404/341/339
f 404/341/339 399/346/344 400/345/343
f 405/347/345 399/346/344 404/341/339
f 404/341/339 406/342/340 405/347/345
f 387/343/341 393/344/342 392/348/346
f 392/348/346 393/344/342 400/345/343
f 400/345/343 391/349/347 392/348/346
f 391/349/347 400/345/343 399/346/344
f 399/346/344 397/350/348 391/349/347
f 397/350/348 399/346/344 405/347/345
f 405/347/345 398/351/349 397/350/348
f 381/352/350 397/350/348 398/351/349
f 398/351/349 380/353/351 381/352/350
f 392/348/346 386/354/352 387/343/341
f 386/354/352 392/348/346 385/355/353
f 385/355/353 392/348/346 391/349/347
f 391/349/347 382/356/354 385/355/353
f 382/356/354 391/349/347 397/350/348
f 397/350/348 381/352/350 382/356/354
f 379/357/355 382/356/354 381/352/350
f 381/352/350 375/358/356 379/357/355
f 375/358/356 381/352/350 380/353/351
f 380/353/351 374/359/357 375/358/356
f 376/360/358 375/358/356 374/359/357
f 374/359/357 373/361/359 376/360/358
f 385/355/353 384/362/360 386/354/352
f 384/362/360 385/355/353 383/363/361
f 383/363/361 385/355/353 382/356/354
f 382/356/354 379/357/355 383/363/361
f 378/364/362 383/363/361 379/357/355
f 379/357/355 370/365/363 378/364/362
f 370/365/363 379/357/355 375/358/356
f 375/358/356 376/360/358 370/365/363
f 367/366/364 370/365/363 376/360/358
f 376/360/358 368/367/365 367/366/364
f 371/368/366 368/367/365 376/360/358
f 376/360/358 373/361/359 371/368/366
f 383/363/361 377/369/367 384/362/360
f 377/369/367 383/363/361 378/364/362
f 378/364/362 372/370/368 377/369/367
f 372/370/368 378/364/362 369/371/369
f 369/371/369 378/364/362 370/365/363
f 370/365/363 367/366/364 369/371/369
f 364/372/370 369/371/369 367/366/364
f 367/366/364 359/373/371 364/372/370
f 359/373/371 367/366/364 368/367/365
f 368/367/365 366/374/372 359/373/371
f 366/374/372 368/367/365 371/368/366
f 371/368/366 365/375/373 366/374/372
f 355/376/374 366/374/372 365/375/373
f 365/375/373 356/377/375 355/376/374
f 369/371/369 363/378/376 372/370/368
f 363/378/376 369/371/369 364/372/370
f 364/372/370 361/379/377 363/378/376
f 362/380/378 361/379/377 364/372/370
f 364/372/370 360/381/379 362/380/378
f 360/381/379 364/372/370 359/373/371
f 359/373/371 358/382/380 360/381/379
f 358/382/380 359/373/371 366/374/372
f 366/374/372 355/376/374 358/382/380
f 349/383/381 358/382/380 355/376/374
f 355/376/374 350/384/382 349/383/381
f 357/385/383 350/384/382 355/376/374
f 355/376/374 356/377/375 357/385/383
f 353/386/384 362/380/378 360/381/379
f 360/381/379 352/387/385 353/386/384
f 352/387/385 360/381/379 358/382/380
f 358/382/380 349/383/381 352/387/385
f 351/388/386 352/387/385 349/383/381
f 349/383/381 343/389/387 351/388/386
f 343/389/387 349/383/381 350/384/382
f 350/384/382 348/390/388 343/389/387
f 347/391/389 348/390/388 350/384/382
f 350/384/382 357/385/383 347/391/389
f 354/392/390 353/386/384 352/387/385
f 352/387/385 351/388/386 354/392/390
f 345/393/391 354/392/390 351/388/386
f 351/388/386 344/394/392 345/393/391
f 344/394/392 351/388/386 343/389/387
f 343/389/387 342/395/393 344/394/392
f 342/395/393 343/389/387 348/390/388
f 348/390/388 341/396/394 342/395/393
f 346/397/395 341/396/394 348/390/388
f 348/390/388 347/391/389 346/397/395
f 337/398/396 345/393/391 344/394/392
f 344/394/392 334/399/397 337/398/396
f 334/399/397 344/394/392 342/395/393
f 342/395/393 335/400/398 334/399/397
f 335/400/398 342/395/393 341/396/394
f 341/396/394 340/401/399 335/400/398
f 339/402/400 340/401/399 341/396/394
f 341/396/394 346/397/395 339/402/400
f 336/403/401 337/398/396 334/399/397
f 334/399/397 333/404/402 336/403/401
f 333/404/402 334/399/397 335/400/398
f 335/400/398 330/405/403 333/404/402
f 330/405/403 335/400/398 340/401/399
f 340/401/399 329/406/404 330/405/403
f 338/407/405 329/406/404 340/401/399
f 340/401/399 339/402/400 338/407/405
f 336/403/401 333/404/402 326/408/406
f 326/408/406 333/404/402 330/405/403
f 330/405/403 327/409/407 326/408/406
f 327/409/407 330/405/403 329/406/404
f 329/406/404 332/410/408 327/409/407
f 332/410/408 329/406/404 338/407/405
f 338/407/405 331/411/409 332/410/408
f 323/412/410 332/410/408 331/411/409
f 331/411/409 324/413/411 323/412/410
f 326/408/406 325/414/412 336/403/401
f 325/414/412 326/408/406 328/415/413
f 328/415/413 326/408/406 327/409/407
f 327/409/407 322/416/414 328/415/413
f 322/416/414 327/409/407 332/410/408
f 332/410/408 323/412/410 322/416/414
f 311/417/415 322/416/414 323/412/410
f 323/412/410 319/418/416 311/417/415
f 319/418/416 323/412/410 324/413/411
f 324/413/411 320/419/417 319/418/416
f 317/420/418 319/418/416 320/419/417
f 320/419/417 315/421/419 317/420/418
f 328/415/413 321/422/420 325/414/412
f 321/422/420 328/415/413 314/423/421
f 314/423/421 328/415/413 322/416/414
f 322/416/414 311/417/415 314/423/421
f 318/424/422 314/423/421 311/417/415
f 311/417/415 312/425/423 318/424/422
f 312/425/423 311/417/415 319/418/416
f 319/418/416 317/420/418 312/425/423
f 306/426/424 312/425/423 317/420/418
f 317/420/418 316/427/425 306/426/424
f 316/427/425 317/420/418 315/421/419
f 315/421/419 310/428/426 316/427/425
f 314/423/421 313/429/427 321/422/420
f 313/429/427 314/423/421 318/424/422
f 318/424/422 309/430/428 313/429/427
f 309/430/428 318/424/422 307/431/429
f 307/431/429 318/424/422 312/425/423
f 312/425/423 306/426/424 307/431/429
f 308/432/430 307/431/429 306/426/424
f 306/426/424 303/433/431 308/432/430
f 303/433/431 306/426/424 316/427/425
f 316/427/425 304/434/432 303/433/431
f 304/434/432 316/427/425 310/428/426
f 310/428/426 298/435/433 304/434/432
f 304/434/432 298/435/433 302/436/434
f 307/431/429 305/437/435 309/430/428
f 305/437/435 307/431/429 308/432/430
f 308/432/430 301/438/436 305/437/435
f 300/439/437 301/438/436 308/432/430
f 308/432/430 299/440/438 300/439/437
f 299/440/438 308/432/430 303/433/431
f 303/433/431 293/441/439 299/440/438
f 293/441/439 303/433/431 304/434/432
f 304/434/432 296/442/440 293/441/439
f 302/436/434 296/442/440 304/434/432
f 296/442/440 302/436/434 295/443/330
f 295/443/330 292/444/327 296/442/440
f 296/442/440 292/444/327 291/445/325
f 297/446/322 300/439/437 299/440/438
f 299/440/438 294/447/323 297/446/322
f 294/447/323 299/440/438 293/441/439
f 293/441/439 291/445/325 294/447/323
f 291/445/325 293/441/439 296/442/440
f 300/439/441 297/446/442 411/448/443
f 411/448/443 413/449/444 300/439/441
f 301/438/445 300/439/441 413/449/444
f 413/449/444 414/450/446 301/438/445
f 305/437/447 301/438/445 414/450/446
f 414/450/446 415/451/448 305/437/447
f 305/437/447 415/451/448 416/452/449
f 416/452/449 415/451/448 420/453/450
f 415/451/448 414/450/446 420/453/450
f 412/454/451 420/453/450 414/450/446
f 420/453/450 412/454/451 417/455/254
f 417/455/254 421/456/276 420/453/450
f 416/452/449 309/430/452 305/437/447
f 309/430/452 416/452/449 418/457/453
f 418/457/453 313/429/454 309/430/452
f 313/429/454 418/457/453 419/458/455
f 419/458/455 418/457/453 424/459/456
f 418/457/453 416/452/449 424/459/456
f 420/453/450 424/459/456 416/452/449
f 424/459/456 420/453/450 421/456/276
f 421/456/276 422/460/274 424/459/456
f 428/461/457 424/459/456 422/460/274
f 422/460/274 427/462/272 428/461/457
f 419/458/455 321/422/458 313/429/454
f 321/422/458 419/458/455 423/463/459
f 423/463/459 325/414/460 321/422/458
f 336/403/461 325/414/460 423/463/459
f 423/463/459 426/464/462 336/403/461
f 426/464/462 423/463/459 428/461/457
f 423/463/459 419/458/455 428/461/457
f 424/459/456 428/461/457 419/458/455
f 337/398/463 336/403/461 426/464/462
f 426/464/462 425/465/464 337/398/463
f 345/393/465 337/398/463 425/465/464
f 425/465/464 430/466/466 345/393/465
f 430/466/466 425/465/464 432/467/467
f 425/465/464 426/464/462 432/467/467
f 428/461/457 432/467/467 426/464/462
f 432/467/467 428/461/457 427/462/272
f 427/462/272 433/468/270 432/467/467
f 354/392/468 345/393/465 430/466/466
f 430/466/466 429/469/469 354/392/468
f 353/386/470 354/392/468 429/469/469
f 429/469/469 431/470/471 353/386/470
f 431/470/471 429/469/469 434/471/472
f 429/469/469 430/466/466 434/471/472
f 432/467/467 434/471/472 430/466/466
f 434/471/472 432/467/467 433/468/270
f 433/468/270 438/472/267 434/471/472
f 439/473/473 434/471/472 438/472/267
f 438/472/267 440/474/265 439/473/473
f 362/380/474 353/386/470 431/470/471
f 431/470/471 435/475/475 362/380/474
f 361/379/476 362/380/474 435/475/475
f 435/475/475 436/476/477 361/379/476
f 436/476/477 435/475/475 439/473/473
f 435/475/475 431/470/471 439/473/473
f 434/471/472 439/473/473 431/470/471
f 363/378/478 361/379/476 436/476/477
f 436/476/477 437/477/479 363/378/478
f 363/378/478 437/477/479 441/478/480
f 441/478/480 437/477/479 445/479/481
f 437/477/479 436/476/477 445/479/481
f 439/473/473 445/479/481 436/476/477
f 445/479/481 439/473/473 440/474/265
f 440/474/265 444/480/482 445/479/481
f 446/481/483 445/479/481 444/480/263
f 444/480/263 448/482/261 446/481/483
f 441/478/480 372/370/484 363/378/478
f 372/370/484 441/478/480 443/483/485
f 443/483/485 377/369/486 372/370/484
f 377/369/486 443/483/485 442/484/487
f 442/484/487 443/483/485 446/481/483
f 443/483/485 441/478/480 446/481/483
f 445/479/481 446/481/483 441/478/480
f 442/484/487 384/362/488 377/369/486
f 384/362/488 442/484/487 447/485/489
f 447/485/489 386/354/490 384/362/488
f 387/343/491 386/354/490 447/485/489
f 447/485/489 449/486/492 387/343/491
f 449/486/492 447/485/489 453/487/493
f 447/485/489 442/484/487 453/487/493
f 446/481/483 453/487/493 442/484/487
f 453/487/493 446/481/483 448/482/261
f 448/482/261 450/488/259 453/487/493
f 389/338/494 387/343/491 449/486/492
f 449/486/492 451/489/495 389/338/494
f 388/333/496 389/338/494 451/489/495
f 451/489/495 452/490/497 388/333/496
f 452/490/497 451/489/495 456/491/498
f 451/489/495 449/486/492 456/491/498
f 453/487/493 456/491/498 449/486/492
f 456/491/498 453/487/493 450/488/259
f 450/488/259 455/492/257 456/491/498
f 457/493/499 456/491/498 455/492/257
f 455/492/257 458/494/253 457/493/499
f 390/323/500 388/333/496 452/490/497
f 452/490/497 454/495/501 390/323/500
f 297/324/442 390/323/500 454/495/501
f 454/495/501 411/496/443 297/324/442
f 411/496/443 454/495/501 457/493/499
f 454/495/501 452/490/497 457/493/499
f 456/491/498 457/493/499 452/490/497
f 413/449/444 411/448/443 412/454/451
f 414/450/446 413/449/444 412/454/451
f 457/493/499 412/497/451 411/496/443
f 412/497/451 457/493/499 458/494/253
f 458/494/253 417/498/254 412/497/451
f 270/275/502 268/274/503 417/498/503
f 417/498/503 458/494/504 270/275/502
f 272/277/505 270/275/502 458/494/504
f 458/494/504 455/492/506 272/277/505
f 276/279/507 272/277/505 455/492/506
f 455/492/506 450/488/508 276/279/507
f 275/281/509 276/279/507 450/488/508
f 450/488/508 448/482/510 275/281/509
f 277/283/511 275/281/509 448/482/510
f 448/482/510 444/480/511 277/283/511
f 280/287/512 286/285/513 440/474/513
f 440/474/513 438/472/514 280/287/512
f 282/289/515 280/287/512 438/472/514
f 438/472/514 433/468/516 282/289/515
f 287/291/517 282/289/515 433/468/516
f 433/468/516 427/462/518 287/291/517
f 288/293/519 287/291/517 427/462/518
f 427/462/518 422/460/520 288/293/519
f 289/295/521 288/293/519 422/460/520
f 422/460/520 421/456/522 289/295/521
f 268/297/523 289/295/521 421/456/522
f 421/456/522 417/455/523 268/297/523
f 459/127/124 460/128/124 461/129/124
f 461/129/124 462/130/124 459/127/124
f 462/130/124 461/129/124 464/131/124
f 464/131/124 465/132/124 462/130/124
f 465/132/124 464/131/124 467/133/124
f 467/133/124 463/134/124 465/132/124
f 463/134/124 467/133/124 466/135/124
f 466/135/124 470/136/124 463/134/124
f 470/136/124 466/135/124 469/137/124
f 469/137/124 471/138/124 470/136/124
f 471/138/124 469/137/124 468/139/124
f 468/139/124 474/140/124 471/138/124
f 474/140/124 468/139/124 475/141/124
f 475/141/124 472/142/124 474/140/124
f 479/143/21 477/144/21 473/145/21
f 473/145/21 476/146/21 479/143/21
f 479/143/21 476/146/21 478/147/21
f 478/147/21 481/148/21 479/143/21
f 481/148/21 478/147/21 480/149/21
f 480/149/21 482/150/21 481/148/21
f 482/150/21 480/149/21 485/151/21
f 485/151/21 484/152/21 482/150/21
f 486/153/21 484/152/21 485/151/21
f 485/151/21 487/154/21 486/153/21
f 486/153/21 487/154/21 489/155/21
f 489/155/21 483/156/21 486/153/21
f 473/145/149 477/144/150 491/157/151
f 491/157/151 488/158/152 473/145/149
f 488/158/152 490/159/153 476/146/154
f 476/146/154 473/145/149 488/158/152
f 492/499/524 493/500/524 495/501/524
f 495/501/524 496/502/524 492/499/524
f 495/501/524 498/503/524 496/502/524
f 498/503/524 495/501/524 494/504/524
f 494/504/524 497/505/524 498/503/524
f 500/506/525 499/507/525 503/508/525
f 503/508/525 504/509/525 500/506/525
f 504/509/525 503/508/525 502/510/525
f 502/510/525 501/511/525 504/509/525
f 506/512/21 505/513/21 494/504/21
f 494/504/21 501/511/21 506/512/21
f 501/511/21 494/504/21 495/501/21
f 495/501/21 504/509/21 501/511/21
f 504/509/21 495/501/21 493/500/21
f 493/500/21 500/506/21 504/509/21
f 500/506/21 493/500/21 508/514/21
f 508/514/21 507/515/21 500/506/21
f 552/516/124 551/517/124 553/518/124
f 553/518/124 549/519/124 552/516/124
f 549/519/124 553/518/124 548/520/124
f 548/520/124 546/521/124 549/519/124
f 546/521/124 548/520/124 545/522/124
f 545/522/124 547/523/124 546/521/124
f 547/523/124 545/522/124 544/524/124
f 544/524/124 543/525/124 547/523/124
f 542/526/124 543/525/124 544/524/124
f 544/524/124 540/527/124 542/526/124
f 541/528/124 540/527/124 544/524/124
f 541/528/124 544/524/124 537/529/124
f 537/529/124 539/530/124 541/528/124
f 536/531/124 539/530/124 537/529/124
f 537/529/124 538/532/124 536/531/124
f 534/533/124 543/525/124 542/526/124
f 542/526/124 533/534/124 534/533/124
f 535/535/124 533/534/124 542/526/124
f 542/526/124 532/536/124 535/535/124
f 535/535/124 532/536/124 529/537/124
f 529/537/124 530/538/124 535/535/124
f 530/538/124 529/537/124 531/539/124
f 534/533/124 526/540/124 543/525/124
f 527/541/124 543/525/124 526/540/124
f 526/540/124 528/542/124 527/541/124
f 527/541/124 528/542/124 525/543/124
f 525/543/124 524/544/124 527/541/124
f 524/544/124 525/543/124 523/545/124
f 523/545/124 522/546/124 524/544/124
f 522/546/124 523/545/124 521/547/124
f 521/547/124 519/548/124 522/546/124
f 520/549/124 519/548/124 521/547/124
f 521/547/124 517/550/124 520/549/124
f 520/549/124 517/550/124 518/551/124
f 516/552/124 520/549/124 518/551/124
f 516/552/124 518/551/124 515/553/124
f 515/553/124 518/551/124 514/554/124
f 514/554/124 531/539/124 515/553/124
f 531/539/124 514/554/124 530/538/124
f 516/552/124 515/553/124 513/555/124
f 516/552/124 513/555/124 511/556/124
f 511/556/124 512/557/124 516/552/124
f 509/558/124 512/557/124 511/556/124
f 511/556/124 510/559/124 509/558/124
f 538/532/124 509/558/124 510/559/124
f 510/559/124 536/531/124 538/532/124
f 554/560/124 550/561/124 556/562/124
f 556/562/124 555/563/124 554/560/124
f 554/560/526 555/563/526 560/564/526
f 560/564/526 557/565/526 554/560/526
f 561/566/527 559/567/528 563/568/529
f 563/568/529 562/569/530 561/566/527
f 558/570/531 562/569/530 563/568/529
f 562/569/530 558/570/531 564/571/532
f 564/571/532 565/572/533 562/569/530
f 566/573/534 565/572/533 564/571/532
f 564/571/532 574/574/535 566/573/534
f 576/575/536 566/573/534 574/574/535
f 574/574/535 573/576/537 576/575/536
f 576/575/536 573/576/537 568/577/538
f 568/577/538 575/578/539 576/575/536
f 567/579/540 575/578/539 568/577/538
f 568/577/538 569/580/541 567/579/540
f 516/581/542 569/580/541 568/577/538
f 568/577/538 520/582/543 516/581/542
f 570/583/544 567/579/540 569/580/541
f 569/580/541 577/584/545 570/583/544
f 572/585/546 570/583/544 577/584/545
f 577/584/545 571/586/547 572/585/546
f 572/585/546 571/586/547 578/587/548
f 578/587/548 580/588/549 572/585/546
f 581/589/550 580/588/549 578/587/548
f 578/587/548 579/590/551 581/589/550
f 581/589/550 579/590/551 584/591/552
f 583/592/553 581/589/550 584/591/552
f 584/591/552 582/593/554 583/592/553
f 587/594/555 585/595/556 588/596/557
f 588/596/557 586/597/558 587/594/555
f 592/598/559 589/599/559 591/600/559
f 591/600/559 590/601/559 592/598/559
f 576/575/560 575/578/561 594/602/562
f 594/602/562 593/603/563 576/575/560
f 576/575/560 593/603/563 596/604/564
f 596/604/564 566/573/564 576/575/560
f 565/572/565 566/573/564 596/604/564
f 596/604/564 595/605/566 565/572/565
f 565/572/565 595/605/566 597/606/567
f 597/606/567 562/569/568 565/572/565
f 562/569/568 597/606/567 599/607/569
f 599/607/569 561/566/570 562/569/568
f 601/608/571 598/609/572 600/610/571
f 600/610/571 602/611/573 601/608/571
f 3/2/574 1/1/575 606/612/574
f 606/612/574 603/613/576 3/2/574
f 609/614/577 605/615/578 604/616/578
f 604/616/578 607/617/579 609/614/577
f 609/614/577 607/617/579 611/618/580
f 611/618/580 608/619/581 609/614/577
f 608/619/581 611/618/580 610/620/582
f 610/620/582 614/621/583 608/619/581
f 614/621/583 610/620/582 615/622/584
f 615/622/584 612/623/585 614/621/583
f 612/623/585 615/622/584 613/624/586
f 613/624/586 618/625/587 612/623/585
f 618/625/587 613/624/586 617/626/588
f 617/626/588 616/627/589 618/625/587
f 616/627/589 617/626/588 620/628/590
f 620/628/590 621/629/590 616/627/589
f 624/630/591 621/629/590 620/628/590
f 620/628/590 619/631/592 624/630/591
f 624/630/591 619/631/592 625/632/593
f 625/632/593 622/633/594 624/630/591
f 622/633/594 625/632/593 623/634/595
f 623/634/595 628/635/596 622/633/594
f 628/635/596 623/634/595 627/636/597
f 627/636/597 626/637/598 628/635/596
f 626/637/598 627/636/597 629/638/599
f 629/638/599 630/639/600 626/637/598
f 630/639/600 629/638/599 631/640/601
f 631/640/601 632/641/602 630/639/600
f 632/641/602 631/640/601 604/642/578
f 604/642/578 605/643/578 632/641/602
f 555/563/603 556/644/604 635/645/603
f 635/645/603 560/564/605 555/563/603
f 637/646/606 633/647/607 636/648/606
f 636/648/606 634/649/608 637/646/606
f 639/650/609 557/565/609 560/564/609
f 560/564/609 635/651/609 639/650/609
f 642/652/610 638/653/611 640/654/612
f 640/654/612 641/655/613 642/652/610
f 644/656/614 582/657/615 584/658/616
f 643/659/617 644/656/614 584/658/616
f 648/660/618 643/659/617 584/658/616
f 648/660/618 584/658/616 579/661/619
f 645/662/620 643/659/617 648/660/618
f 563/663/529 559/664/528 653/665/621
f 563/663/529 653/665/621 650/666/622
f 563/663/529 650/666/622 649/667/623
f 649/667/623 650/666/622 652/668/624
f 652/668/624 651/669/625 649/667/623
f 647/670/626 651/669/625 652/668/624
f 652/668/624 646/671/627 647/670/626
f 647/670/626 646/671/627 764/672/628
f 558/673/531 563/663/529 649/667/623
f 649/667/623 675/674/629 558/673/531
f 674/675/630 675/674/629 649/667/623
f 649/667/623 651/669/625 674/675/630
f 674/675/630 651/669/625 647/670/626
f 647/670/626 670/676/631 674/675/630
f 647/670/626 767/677/632 670/676/631
f 767/677/632 647/670/626 769/678/633
f 764/672/628 769/678/633 647/670/626
f 770/679/634 769/678/633 764/672/628
f 764/672/628 766/680/635 770/679/634
f 558/673/531 675/674/629 679/681/636
f 679/681/636 675/674/629 674/675/630
f 674/675/630 672/682/637 679/681/636
f 672/682/637 674/675/630 671/683/638
f 674/675/630 684/684/639 671/683/638
f 674/675/630 667/685/640 684/684/639
f 670/676/631 667/685/640 674/675/630
f 679/681/636 564/686/532 558/673/531
f 574/687/535 564/686/532 679/681/636
f 679/681/636 680/688/641 574/687/535
f 680/688/641 679/681/636 672/682/637
f 672/682/637 683/689/642 680/688/641
f 672/682/637 685/690/643 683/689/642
f 672/682/637 669/691/644 685/690/643
f 672/682/637 665/692/645 669/691/644
f 672/682/637 671/683/638 665/692/645
f 574/687/535 680/688/641 678/693/646
f 687/694/647 678/693/646 680/688/641
f 680/688/641 683/689/642 687/694/647
f 687/694/647 683/689/642 682/695/648
f 683/689/642 676/696/649 682/695/648
f 683/689/642 668/697/650 676/696/649
f 685/690/643 668/697/650 683/689/642
f 678/693/646 573/698/537 574/687/535
f 573/698/537 678/693/646 689/699/651
f 690/700/652 689/699/651 678/693/646
f 678/693/646 687/694/647 690/700/652
f 687/694/647 686/701/653 690/700/652
f 687/694/647 681/702/654 686/701/653
f 687/694/647 673/703/655 681/702/654
f 687/694/647 682/695/648 673/703/655
f 689/699/651 568/704/538 573/698/537
f 520/705/543 568/704/538 689/699/651
f 689/699/651 519/706/656 520/705/543
f 519/706/656 689/699/651 690/700/652
f 690/700/652 522/707/657 519/706/656
f 522/707/657 690/700/652 691/708/658
f 690/700/652 688/709/659 691/708/658
f 686/701/653 688/709/659 690/700/652
f 691/708/658 524/710/660 522/707/657
f 524/710/660 691/708/658 692/711/661
f 692/711/661 527/712/662 524/710/660
f 527/712/662 692/711/661 693/713/663
f 693/713/663 543/714/664 527/712/662
f 547/715/665 543/714/664 693/713/663
f 693/713/663 694/716/666 547/715/665
f 547/715/665 694/716/666 711/717/667
f 711/717/667 546/718/668 547/715/665
f 549/719/669 546/718/668 711/717/667
f 711/717/667 712/720/670 549/719/669
f 552/721/671 549/719/669 712/720/670
f 712/720/670 715/722/672 552/721/671
f 712/720/670 708/723/673 715/722/672
f 715/722/672 708/723/673 713/724/674
f 715/722/672 713/724/674 714/725/675
f 709/726/667 714/725/675 713/724/674
f 713/724/674 707/727/667 709/726/667
f 709/726/667 707/727/667 600/610/676
f 551/728/677 552/721/671 715/722/672
f 715/722/672 724/729/678 551/728/677
f 724/729/678 715/722/672 751/730/679
f 751/730/679 715/722/672 714/725/675
f 751/730/679 714/725/675 704/731/680
f 751/730/679 704/731/680 705/732/681
f 751/730/679 705/732/681 740/733/682
f 740/733/682 705/732/681 701/734/667
f 551/728/677 724/729/678 723/735/683
f 724/729/678 717/736/684 723/735/683
f 722/737/685 717/736/684 724/729/678
f 721/738/686 722/737/685 724/729/678
f 721/738/686 724/729/678 752/739/687
f 751/730/679 752/739/687 724/729/678
f 723/735/683 553/740/688 551/728/677
f 553/740/688 723/735/683 718/741/689
f 718/741/689 548/742/690 553/740/688
f 545/743/691 548/742/690 718/741/689
f 718/741/689 726/744/692 545/743/691
f 544/745/693 545/743/691 726/744/692
f 726/744/692 728/746/694 544/745/693
f 537/747/695 544/745/693 728/746/694
f 728/746/694 727/748/696 537/747/695
f 538/749/697 537/747/695 727/748/696
f 727/748/696 733/750/698 538/749/697
f 509/751/699 538/749/697 733/750/698
f 733/750/698 820/752/700 509/751/699
f 733/750/698 725/753/701 820/752/700
f 820/752/700 725/753/701 819/754/702
f 826/755/703 820/752/700 819/754/702
f 821/756/704 826/755/703 819/754/702
f 813/757/705 821/756/704 819/754/702
f 819/754/702 812/758/705 813/757/705
f 512/759/706 509/751/699 820/752/700
f 820/752/700 816/760/707 512/759/706
f 816/760/707 820/752/700 826/755/703
f 826/755/703 822/761/708 816/760/707
f 822/761/708 826/755/703 829/762/709
f 829/762/709 826/755/703 835/763/710
f 826/755/703 823/764/711 835/763/710
f 821/756/704 823/764/711 826/755/703
f 516/765/542 512/759/706 816/760/707
f 816/760/707 569/766/541 516/765/542
f 577/767/545 569/766/541 816/760/707
f 816/760/707 822/761/708 577/767/545
f 577/767/545 822/761/708 818/768/712
f 829/762/709 818/768/712 822/761/708
f 818/768/712 829/762/709 830/769/713
f 831/770/714 830/769/713 829/762/709
f 828/771/715 831/770/714 829/762/709
f 834/772/716 828/771/715 829/762/709
f 834/772/716 829/762/709 835/763/710
f 832/773/717 834/772/716 835/763/710
f 835/763/710 838/774/718 832/773/717
f 818/768/712 571/775/547 577/767/545
f 571/775/547 818/768/712 817/776/719
f 830/769/713 817/776/719 818/768/712
f 817/776/719 830/769/713 811/777/720
f 811/777/720 830/769/713 810/778/721
f 807/779/722 810/778/721 830/769/713
f 825/780/723 807/779/722 830/769/713
f 831/770/714 825/780/723 830/769/713
f 824/781/724 825/780/723 831/770/714
f 831/770/714 827/782/725 824/781/724
f 817/776/719 578/783/548 571/775/547
f 578/783/548 817/776/719 809/784/726
f 809/784/726 817/776/719 811/777/720
f 811/777/720 806/785/727 809/784/726
f 806/785/727 808/786/728 809/784/726
f 808/786/728 806/785/727 802/787/729
f 809/784/726 579/661/551 578/783/548
f 579/661/551 809/784/726 648/660/730
f 648/660/730 809/784/726 808/786/728
f 808/786/728 805/788/731 648/660/730
f 804/789/732 805/788/731 808/786/728
f 804/789/732 808/786/728 793/790/733
f 802/787/729 793/790/733 808/786/728
f 737/791/734 793/790/733 802/787/729
f 735/792/734 737/791/734 802/787/729
f 802/787/729 592/793/735 735/792/734
f 729/794/734 735/792/734 592/793/735
f 648/660/730 805/788/731 645/662/736
f 645/662/736 805/788/731 804/789/732
f 804/789/732 803/795/737 645/662/736
f 800/796/738 803/795/737 804/789/732
f 804/789/732 797/797/739 800/796/738
f 797/797/739 804/789/732 799/798/740
f 794/799/741 799/798/740 804/789/732
f 793/790/733 794/799/741 804/789/732
f 800/796/738 797/797/739 801/800/742
f 801/800/742 797/797/739 798/801/743
f 799/798/740 798/801/743 797/797/739
f 801/800/742 796/802/744 800/796/738
f 796/802/744 801/800/742 795/803/745
f 801/800/742 788/804/746 795/803/745
f 798/801/743 788/804/746 801/800/742
f 795/803/745 791/805/747 796/802/744
f 791/805/747 795/803/745 792/806/748
f 792/806/748 790/807/749 791/805/747
f 790/807/749 792/806/748 789/808/750
f 792/806/748 785/809/751 789/808/750
f 789/808/750 785/809/751 784/810/752
f 787/811/753 789/808/750 784/810/752
f 786/812/754 787/811/753 784/810/752
f 782/813/689 786/812/754 784/810/752
f 784/810/752 780/814/689 782/813/689
f 789/808/750 783/815/755 790/807/749
f 781/816/756 783/815/755 789/808/750
f 789/808/750 779/817/757 781/816/756
f 635/818/525 779/817/757 789/808/750
f 789/808/750 639/819/525 635/818/525
f 550/820/525 639/819/525 789/808/750
f 789/808/750 787/811/753 550/820/525
f 781/816/756 779/817/757 778/821/758
f 779/817/757 777/822/759 778/821/758
f 776/823/760 777/822/759 779/817/757
f 776/823/760 779/817/757 774/824/761
f 774/824/761 779/817/757 635/818/525
f 635/818/525 556/825/525 774/824/761
f 774/824/761 556/825/525 550/820/525
f 550/820/525 787/811/753 774/824/761
f 778/821/758 775/826/762 781/816/756
f 772/827/763 775/826/762 778/821/758
f 778/821/758 773/828/764 772/827/763
f 772/827/763 773/828/764 770/679/634
f 771/829/765 770/679/634 773/828/764
f 770/679/634 771/829/765 768/830/766
f 768/830/766 769/678/633 770/679/634
f 769/678/633 768/830/766 767/677/632
f 770/679/634 766/680/635 772/827/763
f 600/610/676 598/609/667 709/726/667
f 765/831/690 782/813/689 780/814/689
f 780/814/689 763/832/689 765/831/690
f 786/812/754 761/833/767 787/811/753
f 787/811/753 761/833/767 762/834/768
f 760/835/769 787/811/753 762/834/768
f 759/836/770 760/835/769 762/834/768
f 759/836/770 762/834/768 758/837/689
f 758/837/689 756/838/689 759/836/770
f 757/839/689 756/838/689 758/837/689
f 758/837/689 754/840/689 757/839/689
f 787/811/753 760/835/769 755/841/525
f 634/842/525 755/841/525 760/835/769
f 760/835/769 753/843/771 634/842/525
f 751/730/679 753/843/771 760/835/769
f 760/835/769 752/739/687 751/730/679
f 750/844/772 752/739/687 760/835/769
f 749/845/773 750/844/772 760/835/769
f 759/836/770 749/845/773 760/835/769
f 755/841/525 746/846/525 787/811/753
f 774/824/761 787/811/753 746/846/525
f 746/846/525 637/847/525 774/824/761
f 753/843/771 774/824/761 637/847/525
f 637/847/525 634/842/525 753/843/771
f 748/848/774 774/824/761 753/843/771
f 748/848/774 753/843/771 747/849/775
f 753/843/771 744/850/776 747/849/775
f 740/733/682 744/850/776 753/843/771
f 751/730/679 740/733/682 753/843/771
f 748/848/774 745/851/777 774/824/761
f 774/824/761 745/851/777 743/852/778
f 776/823/760 774/824/761 743/852/778
f 741/853/667 776/823/760 743/852/778
f 743/852/778 742/854/667 741/853/667
f 741/853/667 742/854/667 585/595/779
f 585/595/779 587/594/667 741/853/667
f 748/848/774 747/849/775 739/855/667
f 739/855/667 738/856/667 748/848/774
f 738/856/667 739/855/667 736/857/667
f 736/857/667 734/858/667 738/856/667
f 655/859/780 824/781/724 827/782/725
f 827/782/725 654/860/725 655/859/780
f 810/778/721 731/861/781 811/777/720
f 731/861/781 810/778/721 730/862/782
f 730/862/782 590/863/783 731/861/781
f 730/862/782 732/864/784 590/863/783
f 837/865/785 832/773/717 838/774/718
f 838/774/718 833/866/718 837/865/785
f 813/757/705 812/758/705 815/867/786
f 815/867/786 814/868/718 813/757/705
f 698/869/787 721/738/686 752/739/687
f 697/870/788 698/869/787 752/739/687
f 750/844/772 697/870/788 752/739/687
f 697/870/788 750/844/772 699/871/689
f 699/871/689 706/872/689 697/870/788
f 696/873/689 706/872/689 699/871/689
f 699/871/689 695/874/690 696/873/689
f 722/737/685 721/738/686 710/875/689
f 710/875/689 719/876/690 722/737/685
f 720/877/789 719/876/690 710/875/689
f 710/875/689 716/878/689 720/877/789
f 701/734/667 703/879/667 740/733/682
f 703/879/667 701/734/667 702/880/667
f 702/880/667 700/881/779 703/879/667
f 2/3/3 686/701/653 681/702/654
f 681/702/654 677/882/1 2/3/3
f 2/3/3 677/882/1 1/1/1
f 682/695/648 676/696/649 666/883/790
f 666/883/790 664/884/1 682/695/648
f 664/884/1 666/883/790 662/885/791
f 662/885/791 660/886/1 664/884/1
f 685/690/643 669/691/644 663/887/792
f 663/887/792 661/888/793 685/690/643
f 661/888/793 663/887/792 640/654/794
f 640/654/794 638/653/791 661/888/793
f 658/889/795 671/683/638 684/684/639
f 684/684/639 659/890/796 658/889/795
f 658/889/795 659/890/796 657/891/797
f 657/891/797 656/892/798 658/889/795
f 660/886/799 662/885/800 840/893/799
f 840/893/799 836/894/801 660/886/799
f 842/895/802 839/896/803 700/881/804
f 700/881/804 702/880/802 842/895/802
f 734/858/805 736/857/806 843/897/805
f 843/897/805 841/898/807 734/858/805
f 656/892/808 657/891/809 844/899/808
f 844/899/808 845/900/810 656/892/808
f 848/901/811 670/676/812 767/677/813
f 767/677/813 847/902/814 848/901/811
f 846/903/815 847/902/814 767/677/813
f 850/904/816 846/903/815 767/677/813
f 767/677/813 768/830/817 850/904/816
f 849/905/818 850/904/816 768/830/817
f 768/830/817 771/829/819 849/905/818
f 852/906/820 849/905/818 771/829/819
f 771/829/819 773/828/821 852/906/820
f 851/907/822 852/906/820 773/828/821
f 773/828/821 778/821/823 851/907/822
f 854/908/824 851/907/822 778/821/823
f 778/821/823 777/822/825 854/908/824
f 854/908/824 777/822/825 776/823/826
f 776/823/826 853/909/827 854/908/824
f 853/909/827 776/823/826 741/853/828
f 741/853/828 855/910/829 853/909/827
f 855/910/829 741/853/828 587/594/830
f 587/594/830 586/597/831 855/910/829
f 857/911/832 606/612/833 1/1/834
f 1/1/834 677/882/835 857/911/832
f 856/912/836 857/911/832 677/882/835
f 677/882/835 681/702/837 856/912/836
f 859/913/838 856/912/836 681/702/837
f 681/702/837 673/703/839 859/913/838
f 859/913/838 673/703/839 682/695/840
f 682/695/840 858/914/841 859/913/838
f 858/914/841 682/695/840 664/884/842
f 664/884/842 860/915/843 858/914/841
f 860/915/843 664/884/842 660/886/844
f 660/886/844 836/894/845 860/915/843
f 861/916/846 840/893/847 662/885/848
f 662/885/848 666/883/849 861/916/846
f 863/917/850 861/916/846 666/883/849
f 666/883/849 676/696/851 863/917/850
f 862/918/852 863/917/850 676/696/851
f 676/696/851 668/697/853 862/918/852
f 862/918/852 668/697/853 685/690/854
f 685/690/854 864/919/855 862/918/852
f 864/919/855 685/690/854 661/888/856
f 661/888/856 865/920/857 864/919/855
f 865/920/857 661/888/856 638/653/858
f 638/653/858 642/652/859 865/920/857
f 867/921/860 641/655/861 640/654/862
f 640/654/862 663/887/863 867/921/860
f 866/922/864 867/921/860 663/887/863
f 663/887/863 669/691/865 866/922/864
f 869/923/866 866/922/864 669/691/865
f 669/691/865 665/692/867 869/923/866
f 869/923/866 665/692/867 671/683/868
f 671/683/868 868/924/869 869/923/866
f 868/924/869 671/683/868 658/889/870
f 658/889/870 870/925/871 868/924/869
f 870/925/871 658/889/870 656/892/872
f 656/892/872 845/900/873 870/925/871
f 871/926/874 844/899/875 657/891/876
f 657/891/876 659/890/877 871/926/874
f 872/927/878 871/926/874 659/890/877
f 659/890/877 684/684/879 872/927/878
f 873/928/880 872/927/878 684/684/879
f 684/684/879 667/685/881 873/928/880
f 873/928/880 667/685/881 670/676/812
f 670/676/812 848/901/811 873/928/880
f 875/929/882 588/596/883 585/595/884
f 585/595/884 742/854/885 875/929/882
f 874/930/886 875/929/882 742/854/885
f 742/854/885 743/852/887 874/930/886
f 878/931/888 874/930/886 743/852/887
f 743/852/887 745/851/889 878/931/888
f 878/931/888 745/851/889 748/848/890
f 748/848/890 876/932/891 878/931/888
f 876/932/891 748/848/890 738/856/892
f 738/856/892 877/933/893 876/932/891
f 877/933/893 738/856/892 734/858/894
f 734/858/894 841/898/895 877/933/893
f 879/934/896 843/897/897 736/857/898
f 736/857/898 739/855/899 879/934/896
f 880/935/900 879/934/896 739/855/899
f 739/855/899 747/849/901 880/935/900
f 881/936/902 880/935/900 747/849/901
f 747/849/901 744/850/903 881/936/902
f 881/936/902 744/850/903 740/733/904
f 740/733/904 882/937/905 881/936/902
f 882/937/905 740/733/904 703/879/906
f 703/879/906 883/938/907 882/937/905
f 883/938/907 703/879/906 700/881/908
f 700/881/908 839/896/909 883/938/907
f 885/939/910 842/895/911 702/880/912
f 702/880/912 701/734/913 885/939/910
f 884/940/914 885/939/910 701/734/913
f 701/734/913 705/732/915 884/940/914
f 900/941/916 884/940/914 705/732/915
f 705/732/915 704/731/917 900/941/916
f 900/941/916 704/731/917 714/725/918
f 714/725/918 907/942/919 900/941/916
f 907/942/919 714/725/918 709/726/920
f 709/726/920 906/943/921 907/942/919
f 906/943/921 709/726/920 598/609/922
f 598/609/922 601/608/923 906/943/921
f 908/944/924 602/611/925 600/610/926
f 600/610/926 707/727/927 908/944/924
f 902/945/928 908/944/924 707/727/927
f 707/727/927 713/724/929 902/945/928
f 901/946/930 902/945/928 713/724/929
f 713/724/929 708/723/931 901/946/930
f 901/946/930 708/723/931 712/720/932
f 712/720/932 904/947/933 901/946/930
f 904/947/933 712/720/932 711/717/934
f 711/717/934 903/948/935 904/947/933
f 905/949/936 903/948/935 711/717/934
f 711/717/934 694/716/937 905/949/936
f 905/949/936 694/716/937 693/713/938
f 693/713/938 915/950/939 905/949/936
f 911/951/940 915/950/939 693/713/938
f 693/713/938 692/711/941 911/951/940
f 909/952/942 911/951/940 692/711/941
f 910/953/943 909/952/942 692/711/941
f 692/711/941 691/708/944 910/953/943
f 914/954/945 910/953/943 691/708/944
f 691/708/944 688/709/946 914/954/945
f 914/954/945 688/709/946 686/701/947
f 686/701/947 912/955/948 914/954/945
f 912/955/948 686/701/947 2/3/949
f 2/3/949 913/956/950 912/955/948
f 913/956/950 2/3/949 3/2/951
f 3/2/951 603/613/952 913/956/950
f 575/578/953 567/579/954 916/957/953
f 916/957/953 594/602/955 575/578/953
f 593/603/956 594/602/956 916/957/956
f 916/957/956 917/958/956 593/603/956
f 596/604/956 593/603/956 917/958/956
f 917/958/956 918/959/956 596/604/956
f 596/604/956 918/959/956 920/960/957
f 920/960/957 595/605/957 596/604/956
f 597/606/958 595/605/957 920/960/957
f 920/960/957 919/961/959 597/606/958
f 597/606/958 919/961/959 921/962/960
f 921/962/960 599/607/961 597/606/958
f 922/963/962 633/647/962 637/964/962
f 637/964/962 746/965/962 922/963/962
f 755/966/124 634/967/124 636/648/124
f 636/648/124 923/968/124 755/966/124
f 639/969/963 550/970/964 554/560/963
f 554/560/963 557/565/965 639/969/963
f 922/963/966 746/971/967 755/972/966
f 755/972/966 923/968/968 922/963/966
f 936/973/969 497/974/969 494/504/969
f 494/504/969 505/513/969 936/973/969
f 502/975/970 946/976/970 506/512/970
f 506/512/970 501/511/970 502/975/970
f 949/977/971 499/978/971 500/506/971
f 500/506/971 507/515/971 949/977/971
f 492/979/972 950/980/972 508/514/972
f 508/514/972 493/500/972 492/979/972
f 633/647/973 922/963/973 923/968/973
f 923/968/973 636/648/973 633/647/973
f 589/599/974 806/981/975 811/982/976
f 811/982/976 591/600/977 589/599/974
f 814/868/978 815/867/979 937/983/980
f 937/983/980 947/984/981 814/868/978
f 945/985/982 930/986/983 720/877/984
f 720/877/984 716/878/985 945/985/982
f 948/987/986 944/988/987 655/859/986
f 655/859/986 654/860/988 948/987/986
f 939/989/989 941/990/990 696/873/990
f 696/873/990 695/874/991 939/989/989
f 942/991/992 943/992/993 757/839/992
f 757/839/992 754/840/994 942/991/992
f 505/513/962 506/512/962 946/976/962
f 946/976/962 936/973/962 505/513/962
f 949/977/124 507/515/124 508/514/124
f 508/514/124 950/980/124 949/977/124
f 952/993/995 937/983/996 815/867/997
f 815/867/997 812/758/998 952/993/995
f 951/994/999 952/993/995 812/758/998
f 812/758/998 819/754/1000 951/994/999
f 924/995/1001 951/994/999 819/754/1000
f 819/754/1000 725/753/1002 924/995/1001
f 924/995/1001 725/753/1002 733/750/1003
f 733/750/1003 925/996/1004 924/995/1001
f 925/996/1004 733/750/1003 727/748/1005
f 727/748/1005 926/997/1006 925/996/1004
f 940/998/1007 926/997/1006 727/748/1005
f 940/998/1007 727/748/1005 728/746/1008
f 728/746/1008 938/999/1009 940/998/1007
f 927/1000/1010 938/999/1009 728/746/1008
f 728/746/1008 726/744/1011 927/1000/1010
f 933/1001/1012 927/1000/1010 726/744/1011
f 726/744/1011 718/741/1013 933/1001/1012
f 928/1002/1014 933/1001/1012 718/741/1013
f 935/1003/1015 928/1002/1014 718/741/1013
f 718/741/1013 723/735/1016 935/1003/1015
f 934/1004/1017 935/1003/1015 723/735/1016
f 723/735/1016 717/736/1018 934/1004/1017
f 934/1004/1017 717/736/1018 722/737/1019
f 722/737/1019 929/1005/1020 934/1004/1017
f 929/1005/1020 722/737/1019 719/876/1021
f 719/876/1021 931/1006/1022 929/1005/1020
f 931/1006/1022 719/876/1021 720/877/1023
f 720/877/1023 930/986/1024 931/1006/1022
f 932/1007/1025 953/1008/1026 833/866/1027
f 833/866/1027 838/774/1028 932/1007/1025
f 954/1009/1029 932/1007/1025 838/774/1028
f 838/774/1028 835/763/1030 954/1009/1029
f 955/1010/1031 954/1009/1029 835/763/1030
f 835/763/1030 823/764/1032 955/1010/1031
f 955/1010/1031 823/764/1032 821/756/1033
f 821/756/1033 956/1011/1034 955/1010/1031
f 956/1011/1034 821/756/1033 813/757/1035
f 813/757/1035 958/1012/1036 956/1011/1034
f 958/1012/1036 813/757/1035 814/868/1037
f 814/868/1037 947/984/1038 958/1012/1036
f 837/865/1039 833/866/1040 953/1008/1039
f 953/1008/1039 964/1013/1041 837/865/1039
f 965/1014/1042 948/987/1043 654/860/1044
f 654/860/1044 827/782/1045 965/1014/1042
f 987/1015/855 965/1014/1042 827/782/1045
f 827/782/1045 831/770/1046 987/1015/855
f 986/1016/1047 987/1015/855 831/770/1046
f 831/770/1046 828/771/1048 986/1016/1047
f 986/1016/1047 828/771/1048 834/772/1049
f 834/772/1049 969/1017/1050 986/1016/1047
f 969/1017/1050 834/772/1049 832/773/1051
f 832/773/1051 966/1018/1052 969/1017/1050
f 966/1018/1052 832/773/1051 837/865/1053
f 837/865/1053 964/1013/1054 966/1018/1052
f 968/1019/1055 967/1020/1056 732/864/1057
f 732/864/1057 730/862/1058 968/1019/1055
f 975/1021/1059 968/1019/1055 730/862/1058
f 730/862/1058 810/778/1060 975/1021/1059
f 979/1022/1061 975/1021/1059 810/778/1060
f 810/778/1060 807/779/1062 979/1022/1061
f 979/1022/1061 807/779/1062 825/780/1063
f 825/780/1063 978/1023/1064 979/1022/1061
f 978/1023/1064 825/780/1063 824/781/1065
f 824/781/1065 976/1024/1066 978/1023/1064
f 976/1024/1066 824/781/1065 655/859/1067
f 655/859/1067 944/988/1068 976/1024/1066
f 985/1025/1069 973/1026/1070 763/832/1071
f 763/832/1071 780/814/1072 985/1025/1069
f 984/1027/1073 985/1025/1069 780/814/1072
f 780/814/1072 784/810/1074 984/1027/1073
f 977/1028/1075 984/1027/1073 784/810/1074
f 784/810/1074 785/809/1076 977/1028/1075
f 977/1028/1075 785/809/1076 792/806/1077
f 792/806/1077 983/1029/1078 977/1028/1075
f 983/1029/1078 792/806/1077 795/803/1079
f 795/803/1079 982/1030/1080 983/1029/1078
f 980/1031/1081 982/1030/1080 795/803/1079
f 795/803/1079 788/804/1082 980/1031/1081
f 980/1031/1081 788/804/1082 798/801/1083
f 798/801/1083 981/1032/1084 980/1031/1081
f 981/1032/1084 798/801/1083 799/798/1085
f 799/798/1085 989/1033/1086 981/1032/1084
f 988/1034/1087 989/1033/1086 799/798/1085
f 990/1035/1088 988/1034/1087 799/798/1085
f 799/798/1085 794/799/1089 990/1035/1088
f 970/1036/1090 990/1035/1088 794/799/1089
f 794/799/1089 793/790/1091 970/1036/1090
f 970/1036/1090 793/790/1091 737/791/1092
f 737/791/1092 972/1037/1093 970/1036/1090
f 972/1037/1093 737/791/1092 735/792/1094
f 735/792/1094 974/1038/1095 972/1037/1093
f 974/1038/1095 735/792/1094 729/794/1096
f 729/794/1096 971/1039/1097 974/1038/1095
f 765/831/1098 763/832/1099 973/1026/1098
f 973/1026/1098 960/1040/1100 765/831/1098
f 957/1041/1101 942/991/1102 754/840/1103
f 754/840/1103 758/837/1104 957/1041/1101
f 962/1042/1105 957/1041/1101 758/837/1104
f 758/837/1104 762/834/1106 962/1042/1105
f 963/1043/1107 962/1042/1105 762/834/1106
f 762/834/1106 761/833/1108 963/1043/1107
f 963/1043/1107 761/833/1108 786/812/1109
f 786/812/1109 959/1044/1110 963/1043/1107
f 959/1044/1110 786/812/1109 782/813/1111
f 782/813/1111 961/1045/1112 959/1044/1110
f 961/1045/1112 782/813/1111 765/831/1113
f 765/831/1113 960/1040/1114 961/1045/1112
f 991/1046/1115 939/989/1116 695/874/1117
f 695/874/1117 699/871/1118 991/1046/1115
f 992/1047/1119 991/1046/1115 699/871/1118
f 699/871/1118 750/844/1120 992/1047/1119
f 993/1048/1121 992/1047/1119 750/844/1120
f 750/844/1120 749/845/1122 993/1048/1121
f 993/1048/1121 749/845/1122 759/836/1123
f 759/836/1123 994/1049/1124 993/1048/1121
f 994/1049/1124 759/836/1123 756/838/1125
f 756/838/1125 995/1050/1126 994/1049/1124
f 995/1050/1126 756/838/1125 757/839/1127
f 757/839/1127 943/992/1128 995/1050/1126
f 996/1051/1129 945/985/1130 716/878/1131
f 716/878/1131 710/875/1132 996/1051/1129
f 997/1052/1133 996/1051/1129 710/875/1132
f 710/875/1132 721/738/1134 997/1052/1133
f 998/1053/1135 997/1052/1133 721/738/1134
f 721/738/1134 698/869/1136 998/1053/1135
f 998/1053/1135 698/869/1136 697/870/1137
f 697/870/1137 999/1054/1138 998/1053/1135
f 999/1054/1138 697/870/1137 706/872/1139
f 706/872/1139 1000/1055/1140 999/1054/1138
f 1000/1055/1140 706/872/1139 696/873/1141
f 696/873/1141 941/990/1142 1000/1055/1140
f 1003/1056/1143 1001/1057/1144 1005/1058/1145
f 1005/1058/1145 1004/1059/1146 1003/1056/1143
f 1004/1059/1146 1005/1058/1145 1002/1060/1147
f 1002/1060/1147 1008/1061/1148 1004/1059/1146
f 1008/1061/1148 1002/1060/1147 1006/1062/1149
f 1006/1062/1149 1007/1063/1150 1008/1061/1148
f 1007/1063/1150 1006/1062/1149 1009/1064/1151
f 1009/1064/1151 1010/1065/1152 1007/1063/1150
f 1010/1065/1152 1009/1064/1151 1011/1066/1153
f 1011/1066/1153 1012/1067/1154 1010/1065/1152
f 1012/1067/1154 1011/1066/1153 1013/1068/1155
f 1013/1068/1155 1014/1069/1156 1012/1067/1154
f 1014/1069/1156 1013/1068/1155 1016/1070/525
f 1016/1070/525 1015/1071/525 1014/1069/1156
f 1019/1072/1157 1015/1071/525 1016/1070/525
f 1016/1070/525 1017/1073/1157 1019/1072/1157
f 1019/1072/1157 1017/1073/1157 1018/1074/1158
f 1018/1074/1158 1021/1075/1159 1019/1072/1157
f 1021/1075/1159 1018/1074/1158 1020/1076/1160
f 1020/1076/1160 1022/1077/1161 1021/1075/1159
f 1022/1077/1161 1020/1076/1160 1023/1078/1162
f 1023/1078/1162 1024/1079/1163 1022/1077/1161
f 1024/1079/1163 1023/1078/1162 1025/1080/1164
f 1025/1080/1164 1026/1081/1165 1024/1079/1163
f 1026/1081/1165 1025/1080/1164 1027/1082/1166
f 1027/1082/1166 1028/1083/1167 1026/1081/1165
f 1028/1083/1167 1027/1082/1166 1001/1084/1144
f 1001/1084/1144 1003/1085/1143 1028/1083/1167
f 1029/160/1168 491/157/151 477/144/150
f 477/144/150 479/143/1169 1029/160/1168
f 1029/160/1168 479/143/1169 481/148/1170
f 481/148/1170 1031/161/1171 1029/160/1168
f 1031/161/1171 481/148/1170 482/150/159
f 482/150/159 1030/162/159 1031/161/1171
f 1032/163/160 1030/162/159 482/150/159
f 482/150/159 484/152/160 1032/163/160
f 1032/163/160 484/152/160 486/153/1172
f 486/153/1172 1033/164/1172 1032/163/160
f 1034/165/1173 1033/164/1172 486/153/1172
f 486/153/1172 483/156/163 1034/165/1173
f 1035/166/164 1034/165/1173 483/156/163
f 483/156/163 489/155/165 1035/166/164
f 1037/167/166 1035/166/164 489/155/165
f 489/155/165 487/154/1174 1037/167/166
f 1036/168/168 1037/167/166 487/154/1174
f 487/154/1174 485/151/1175 1036/168/168
f 1038/169/170 1036/168/168 485/151/1175
f 485/151/1175 480/149/171 1038/169/170
f 1039/170/172 1038/169/170 480/149/171
f 480/149/171 478/147/1176 1039/170/172
f 1039/170/172 478/147/1176 476/146/154
f 476/146/154 490/171/153 1039/170/172
f 962/1042/1177 963/1043/1178 959/1044/1177
f 962/1042/1177 959/1044/1177 961/1045/1177
f 961/1045/1177 957/1041/1177 962/1042/1177
f 957/1041/1177 961/1045/1177 960/1040/1179
f 960/1040/1179 942/991/1180 957/1041/1177
f 1045/1086/1181 942/991/1180 960/1040/1179
f 960/1040/1179 1048/1087/1182 1045/1086/1181
f 1047/1088/1183 1048/1087/1182 960/1040/1179
f 960/1040/1179 973/1026/1184 1047/1088/1183
f 980/1031/1185 1047/1088/1183 973/1026/1184
f 973/1026/1184 982/1030/1186 980/1031/1185
f 982/1030/1186 973/1026/1184 985/1025/1177
f 942/991/1180 1045/1086/1181 1040/1089/1187
f 1046/1090/1188 1040/1089/1187 1045/1086/1181
f 1045/1086/1181 1049/1091/1189 1046/1090/1188
f 1049/1091/1189 1045/1086/1181 1048/1087/1182
f 1048/1087/1182 1052/1092/1190 1049/1091/1189
f 1052/1092/1190 1048/1087/1182 1047/1088/1183
f 1047/1088/1183 1051/1093/1191 1052/1092/1190
f 1051/1093/1191 1047/1088/1183 980/1031/1185
f 980/1031/1185 981/1032/1192 1051/1093/1191
f 1040/1089/1187 943/992/1193 942/991/1180
f 943/992/1193 1040/1089/1187 1041/1094/1194
f 1041/1094/1194 1040/1089/1187 1046/1090/1188
f 1046/1090/1188 492/1095/1195 1041/1094/1194
f 950/1096/21 492/1095/1195 1046/1090/1188
f 950/1096/21 1046/1090/1188 948/987/1196
f 944/988/1197 948/987/1196 1046/1090/1188
f 1046/1090/1188 1049/1091/1189 944/988/1197
f 944/988/1197 1049/1091/1189 1052/1092/1190
f 1041/1094/1194 939/989/1179 943/992/1193
f 941/990/1193 939/989/1179 1041/1094/1194
f 1041/1094/1194 1043/1097/1198 941/990/1193
f 1043/1097/1198 1041/1094/1194 492/1095/1195
f 492/1095/1195 496/1098/1199 1043/1097/1198
f 1043/1097/1198 496/1098/1199 498/1099/1199
f 498/1099/1199 1042/1100/1200 1043/1097/1198
f 1042/1100/1200 498/1099/1199 497/1101/1201
f 943/992/1193 939/989/1179 991/1046/1177
f 991/1046/1177 995/1050/1177 943/992/1193
f 995/1050/1177 991/1046/1177 992/1047/1177
f 992/1047/1177 994/1049/1177 995/1050/1177
f 992/1047/1177 993/1048/1202 994/1049/1177
f 948/987/1196 949/1102/21 950/1096/21
f 949/1102/21 948/987/1196 499/1103/21
f 948/987/1196 964/1013/1203 499/1103/21
f 964/1013/1203 948/987/1196 965/1014/1204
f 965/1014/1204 966/1018/1204 964/1013/1203
f 966/1018/1204 965/1014/1204 987/1015/1204
f 987/1015/1204 969/1017/1204 966/1018/1204
f 987/1015/1204 986/1016/1205 969/1017/1204
f 499/1103/21 964/1013/1203 953/1008/1206
f 953/1008/1206 503/1104/21 499/1103/21
f 953/1008/1206 947/984/1207 503/1104/21
f 947/984/1207 953/1008/1206 932/1007/1204
f 932/1007/1204 958/1012/1204 947/984/1207
f 958/1012/1204 932/1007/1204 954/1009/1204
f 954/1009/1204 956/1011/1204 958/1012/1204
f 954/1009/1204 955/1010/1205 956/1011/1204
f 502/1105/21 503/1104/21 947/984/1207
f 947/984/1207 937/983/1197 502/1105/21
f 502/1105/21 937/983/1197 940/998/1208
f 940/998/1208 937/983/1197 952/993/1204
f 952/993/1204 926/997/1204 940/998/1208
f 926/997/1204 952/993/1204 951/994/1204
f 951/994/1204 925/996/1204 926/997/1204
f 951/994/1204 924/995/1205 925/996/1204
f 946/1106/21 502/1105/21 940/998/1208
f 936/1107/21 946/1106/21 940/998/1208
f 940/998/1208 938/999/1209 936/1107/21
f 938/999/1209 497/1101/1201 936/1107/21
f 1044/1108/1210 497/1101/1201 938/999/1209
f 938/999/1209 927/1000/1211 1044/1108/1210
f 1044/1108/1210 927/1000/1211 933/1001/1212
f 933/1001/1212 930/986/1213 1044/1108/1210
f 930/986/1213 933/1001/1212 928/1002/1177
f 928/1002/1177 931/1006/1177 930/986/1213
f 931/1006/1177 928/1002/1177 935/1003/1177
f 497/1101/1201 1044/1108/1210 1042/1100/1200
f 945/985/1214 1042/1100/1200 1044/1108/1210
f 1044/1108/1210 930/986/1213 945/985/1214
f 1043/1097/1198 1042/1100/1200 945/985/1214
f 945/985/1214 941/990/1193 1043/1097/1198
f 941/990/1193 945/985/1214 996/1051/1177
f 996/1051/1177 1000/1055/1177 941/990/1193
f 1000/1055/1177 996/1051/1177 997/1052/1177
f 997/1052/1177 999/1054/1177 1000/1055/1177
f 997/1052/1177 998/1053/1178 999/1054/1177
f 935/1003/1177 929/1005/1177 931/1006/1177
f 935/1003/1177 934/1004/1177 929/1005/1177
f 982/1030/1186 985/1025/1177 984/1027/1177
f 984/1027/1177 983/1029/1177 982/1030/1186
f 984/1027/1177 977/1028/1178 983/1029/1177
f 975/1021/1204 979/1022/1215 978/1023/1204
f 975/1021/1204 978/1023/1204 976/1024/1204
f 976/1024/1204 968/1019/1204 975/1021/1204
f 968/1019/1204 976/1024/1204 944/988/1197
f 944/988/1197 967/1020/1197 968/1019/1204
f 1052/1092/1190 967/1020/1197 944/988/1197
f 1052/1092/1190 1050/1109/21 967/1020/1197
f 1052/1092/1190 1051/1093/1191 1050/1109/21
f 971/1039/1207 1050/1109/21 1051/1093/1191
f 971/1039/1207 1051/1093/1191 981/1032/1192
f 981/1032/1192 989/1033/1203 971/1039/1207
f 971/1039/1207 989/1033/1203 988/1034/1204
f 988/1034/1204 974/1038/1204 971/1039/1207
f 974/1038/1204 988/1034/1204 990/1035/1204
f 990/1035/1204 972/1037/1204 974/1038/1204
f 990/1035/1204 970/1036/1205 972/1037/1204
f 902/945/1216 901/946/1216 904/947/1216
f 902/945/1216 904/947/1216 903/948/1217
f 903/948/1217 908/944/1216 902/945/1216
f 602/611/1218 908/944/1216 903/948/1217
f 602/611/1218 903/948/1217 905/949/1219
f 905/949/1219 1067/1110/1220 602/611/1218
f 1064/1111/1221 1067/1110/1220 905/949/1219
f 905/949/1219 915/950/1222 1064/1111/1221
f 603/613/1223 1064/1111/1221 915/950/1222
f 915/950/1222 911/951/1224 603/613/1223
f 603/613/1223 911/951/1224 909/952/1225
f 601/608/1226 602/611/1218 1067/1110/1220
f 1067/1110/1220 1068/1112/1227 601/608/1226
f 1065/1113/1228 1068/1112/1227 1067/1110/1220
f 1067/1110/1220 1064/1111/1221 1065/1113/1228
f 606/612/1229 1065/1113/1228 1064/1111/1221
f 1064/1111/1221 603/613/1223 606/612/1229
f 842/895/1230 601/608/1226 1068/1112/1227
f 1068/1112/1227 1066/1114/1231 842/895/1230
f 1066/1114/1231 1068/1112/1227 1065/1113/1228
f 1065/1113/1228 1060/1115/1232 1066/1114/1231
f 1060/1115/1232 1065/1113/1228 606/612/1229
f 606/612/1229 836/894/1224 1060/1115/1232
f 836/894/1224 606/612/1229 857/911/1225
f 601/608/1226 842/895/1230 885/939/1216
f 885/939/1216 906/943/1216 601/608/1226
f 906/943/1216 885/939/1216 884/940/1216
f 884/940/1216 907/942/1216 906/943/1216
f 884/940/1216 900/941/1233 907/942/1216
f 857/911/1225 860/915/1225 836/894/1224
f 858/914/1225 860/915/1225 857/911/1225
f 857/911/1225 856/912/1225 858/914/1225
f 856/912/1225 859/913/1234 858/914/1225
f 1060/1115/1232 836/894/1224 840/893/1235
f 840/893/1235 1062/1116/1236 1060/1115/1232
f 1062/1116/1236 840/893/1235 642/652/1237
f 642/652/1237 840/893/1235 861/916/1225
f 861/916/1225 865/920/1225 642/652/1237
f 865/920/1225 861/916/1225 863/917/1225
f 863/917/1225 864/919/1225 865/920/1225
f 863/917/1225 862/918/1234 864/919/1225
f 1066/1114/1231 1060/1115/1232 1062/1116/1236
f 1062/1116/1236 1063/1117/1238 1066/1114/1231
f 1061/1118/1239 1063/1117/1238 1062/1116/1236
f 1062/1116/1236 1059/1119/1240 1061/1118/1239
f 642/652/1237 1059/1119/1240 1062/1116/1236
f 1057/1120/1241 1059/1119/1240 642/652/1237
f 642/652/1237 641/655/1237 1057/1120/1241
f 1057/1120/1241 641/655/1237 845/900/1237
f 845/900/1237 641/655/1237 867/921/1225
f 842/895/1230 1066/1114/1231 1063/1117/1238
f 1063/1117/1238 839/896/1242 842/895/1230
f 839/896/1242 1063/1117/1238 1061/1118/1239
f 1061/1118/1239 843/897/1243 839/896/1242
f 843/897/1243 1061/1118/1239 1058/1121/1244
f 1058/1121/1244 1061/1118/1239 1059/1119/1240
f 1059/1119/1240 1057/1120/1241 1058/1121/1244
f 1058/1121/1244 1057/1120/1241 1055/1122/1245
f 845/900/1237 1055/1122/1245 1057/1120/1241
f 1054/1123/1246 1055/1122/1245 845/900/1237
f 845/900/1237 844/899/1223 1054/1123/1246
f 839/896/1242 843/897/1243 879/934/1216
f 879/934/1216 883/938/1216 839/896/1242
f 883/938/1216 879/934/1216 880/935/1216
f 880/935/1216 882/937/1216 883/938/1216
f 880/935/1216 881/936/1247 882/937/1216
f 1058/1121/1244 841/898/1248 843/897/1243
f 588/596/1230 841/898/1248 1058/1121/1244
f 1058/1121/1244 1056/1124/1249 588/596/1230
f 1055/1122/1245 1056/1124/1249 1058/1121/1244
f 1056/1124/1249 1055/1122/1245 1054/1123/1246
f 1054/1123/1246 1053/1125/1250 1056/1124/1249
f 1053/1125/1250 1054/1123/1246 850/904/1246
f 850/904/1246 1054/1123/1246 844/899/1223
f 844/899/1223 846/903/1224 850/904/1246
f 847/902/1225 846/903/1224 844/899/1223
f 844/899/1223 871/926/1225 847/902/1225
f 841/898/1248 588/596/1230 875/929/1216
f 875/929/1216 877/933/1216 841/898/1248
f 876/932/1216 877/933/1216 875/929/1216
f 875/929/1216 874/930/1216 876/932/1216
f 874/930/1216 878/931/1233 876/932/1216
f 847/902/1225 871/926/1225 872/927/1225
f 872/927/1225 848/901/1225 847/902/1225
f 872/927/1225 873/928/1251 848/901/1225
f 850/904/1246 849/905/1252 1053/1125/1250
f 586/597/1253 1053/1125/1250 849/905/1252
f 849/905/1252 852/906/1254 586/597/1253
f 855/910/1216 586/597/1253 852/906/1254
f 855/910/1216 852/906/1254 851/907/1216
f 851/907/1216 853/909/1216 855/910/1216
f 851/907/1216 854/908/1233 853/909/1216
f 1053/1125/1250 586/597/1253 588/596/1230
f 588/596/1230 1056/1124/1249 1053/1125/1250
f 867/921/1225 870/925/1225 845/900/1237
f 870/925/1225 867/921/1225 866/922/1225
f 866/922/1225 868/924/1225 870/925/1225
f 866/922/1225 869/923/1251 868/924/1225
f 909/952/1225 913/956/1225 603/613/1223
f 913/956/1225 909/952/1225 910/953/1225
f 910/953/1225 912/955/1225 913/956/1225
f 910/953/1225 914/954/1234 912/955/1225
f 971/1039/1255 729/794/1256 592/793/1257
f 971/1039/1255 592/793/1257 1050/1109/1258
f 967/1020/1259 1050/1109/1258 592/793/1257
f 592/793/1257 590/863/1260 967/1020/1259
f 967/1020/1259 590/863/1260 732/864/1261
f 731/1126/1262 590/1127/1263 591/600/1264
f 811/982/1262 731/1126/1262 591/600/1264
f 802/1128/124 806/981/124 589/599/124
f 592/1129/124 802/1128/124 589/599/124
f 581/589/1265 583/592/1266 921/962/1267
f 921/962/1267 919/961/1268 581/589/1265
f 581/589/1265 919/961/1268 920/960/1269
f 920/960/1269 580/588/1270 581/589/1265
f 572/585/1271 580/588/1270 920/960/1269
f 920/960/1269 918/959/1271 572/585/1271
f 572/585/1271 918/959/1271 917/958/1272
f 917/958/1272 570/583/1273 572/585/1271
f 567/579/1274 570/583/1273 917/958/1272
f 917/958/1272 916/957/1275 567/579/1274
f 766/1130/635 764/1131/628 1069/1132/1276
f 1069/1132/1276 1071/1133/1277 766/1130/635
f 1073/1134/1278 1071/1133/1277 1069/1132/1276
f 1071/1133/1277 1073/1134/1278 1075/1135/1279
f 1073/1134/1278 1018/1136/1280 1075/1135/1279
f 1073/1134/1278 1020/1137/1281 1018/1136/1280
f 1023/1138/1282 1020/1137/1281 1073/1134/1278
f 766/1130/635 1071/1133/1277 1072/1139/1283
f 1075/1135/1279 1072/1139/1283 1071/1133/1277
f 1070/1140/1284 1072/1139/1283 1075/1135/1279
f 1075/1135/1279 1074/1141/1285 1070/1140/1284
f 1074/1141/1285 1075/1135/1279 1080/1142/1286
f 1080/1142/1286 1075/1135/1279 1016/1143/1287
f 1075/1135/1279 1017/1144/1288 1016/1143/1287
f 1075/1135/1279 1018/1136/1280 1017/1144/1288
f 1072/1139/1283 772/1145/763 766/1130/635
f 772/1145/763 1072/1139/1283 1070/1140/1284
f 1070/1140/1284 775/1146/762 772/1145/763
f 781/1147/756 775/1146/762 1070/1140/1284
f 1070/1140/1284 1074/1141/1285 781/1147/756
f 781/1147/756 1074/1141/1285 1076/1148/1289
f 1080/1142/1286 1076/1148/1289 1074/1141/1285
f 1076/1148/1289 783/1149/755 781/1147/756
f 783/1149/755 1076/1148/1289 1077/1150/1290
f 1077/1150/1290 1076/1148/1289 1080/1142/1286
f 1077/1150/1290 790/1151/749 783/1149/755
f 791/1152/747 790/1151/749 1077/1150/1290
f 1077/1150/1290 1081/1153/1291 791/1152/747
f 1080/1142/1286 1081/1153/1291 1077/1150/1290
f 796/1154/744 791/1152/747 1081/1153/1291
f 1081/1153/1291 1082/1155/1292 796/1154/744
f 1082/1155/1292 1081/1153/1291 1080/1142/1286
f 1080/1142/1286 1079/1156/1293 1082/1155/1292
f 1009/1157/1294 1079/1156/1293 1080/1142/1286
f 1080/1142/1286 1011/1158/1295 1009/1157/1294
f 1080/1142/1286 1013/1159/1296 1011/1158/1295
f 1080/1142/1286 1016/1143/1287 1013/1159/1296
f 796/1154/744 1082/1155/1292 1083/1160/1297
f 1083/1160/1297 1082/1155/1292 1079/1156/1293
f 1083/1160/1297 1079/1156/1293 1078/1161/1298
f 1078/1161/1298 1079/1156/1293 1009/1157/1294
f 1009/1157/1294 1006/1162/1299 1078/1161/1298
f 1006/1162/1299 1002/1163/1300 1078/1161/1298
f 1002/1163/1300 1005/1164/1301 1078/1161/1298
f 1078/1161/1298 1005/1164/1301 1001/1165/1302
f 1083/1160/1297 800/1166/738 796/1154/744
f 803/1167/737 800/1166/738 1083/1160/1297
f 1083/1160/1297 1084/1168/1303 803/1167/737
f 1078/1161/1298 1084/1168/1303 1083/1160/1297
f 645/1169/736 803/1167/737 1084/1168/1303
f 1089/1170/1304 1085/1171/1305 1088/1172/1306
f 1088/1172/1306 1086/1173/1307 1089/1170/1304
f 1088/1172/1306 1087/1174/1308 1091/1175/1309
f 1091/1175/1309 1086/1173/1307 1088/1172/1306
f 1090/1176/1310 1097/1177/1311 1092/1178/1312
f 1092/1178/1312 1097/1177/1311 1094/1179/1313
f 1097/1177/1311 1093/1180/1314 1094/1179/1313
f 1101/1181/1315 1096/1182/1316 1095/1183/1317
f 1095/1183/1317 1100/1184/1317 1101/1181/1315
f 1098/1185/1318 1101/1181/1315 1100/1184/1317
f 1105/1186/1319 1101/1181/1315 1098/1185/1318
f 1098/1185/1318 1099/1187/1320 1105/1186/1319
f 1105/1186/1319 1099/1187/1320 1104/1188/1321
f 1104/1188/1321 1108/1189/1322 1105/1186/1319
f 1106/1190/1323 1108/1189/1322 1104/1188/1321
f 1106/1190/1323 1111/1191/1324 1108/1189/1322
f 1111/1191/1324 1107/1192/1325 1108/1189/1322
f 1101/1181/1315 1105/1186/1319 1102/1193/1326
f 1105/1186/1319 1103/1194/1327 1102/1193/1326
f 1105/1186/1319 1108/1189/1322 1103/1194/1327
f 1113/1195/1328 1110/1196/1329 1112/1197/1330
f 1112/1197/1330 1109/1198/1331 1113/1195/1328
f 1115/1199/1332 1112/1200/1330 1110/1196/1329
f 1110/1196/1329 1114/1201/1333 1115/1199/1332
f 1118/1202/1334 1117/1203/1335 1119/1204/1336
f 1119/1204/1336 1116/1205/1337 1118/1202/1334
f 1120/1206/1338 1119/1207/1336 1117/1203/1335
f 1117/1203/1335 1121/1208/1339 1120/1206/1338
f 1121/1208/1339 1122/1209/1340 1123/1210/1341
f 1123/1210/1341 1120/1211/1338 1121/1208/1339
f 1122/1209/1340 1121/1208/1339 1117/1203/1335
f 1117/1203/1335 1118/1202/1334 1122/1209/1340
f 1124/1212/1342 1114/1201/1333 1110/1196/1329
f 1110/1196/1329 1113/1195/1328 1124/1212/1342
f 1125/1213/1343 1126/1214/1344 1124/1215/1345
f 1127/1216/1346 1125/1213/1343 1124/1215/1345
f 1127/1216/1346 1124/1215/1345 1113/1217/1347
f 1127/1216/1346 1113/1217/1347 1122/1218/1348
f 1122/1218/1348 1113/1217/1347 1109/1219/1349
f 1109/1219/1349 1123/1220/1348 1122/1218/1348
f 1130/1221/1350 1129/1222/1351 1131/1223/1352
f 1131/1223/1352 1128/1224/1353 1130/1221/1350
f 1134/1225/1354 1132/1226/1355 1135/1227/1356
f 1135/1227/1356 1133/1228/1357 1134/1225/1354
f 1137/1229/1358 1091/1175/1309 1087/1174/1308
f 1087/1174/1308 1136/1230/1359 1137/1229/1358
f 1130/1221/1350 1133/1228/1357 1135/1227/1356
f 1135/1227/1356 1129/1222/1351 1130/1221/1350
f 1085/1171/1305 1136/1230/1359 1087/1174/1308
f 1087/1174/1308 1088/1172/1306 1085/1171/1305
f 1103/1194/1327 1108/1189/1322 1107/1192/1325
f 1107/1192/1325 1138/1231/1360 1103/1194/1327
f 1102/1193/1326 1103/1194/1327 1138/1231/1360
f 1138/1231/1360 1140/1232/1361 1102/1193/1326
f 1143/1233/1362 1139/1234/1363 1142/1235/1364
f 1142/1235/1364 1144/1236/1365 1143/1233/1362
f 1141/1237/1366 1144/1236/1365 1142/1235/1364
f 1202/1238/1367 1141/1237/1366 1142/1235/1364
f 1142/1235/1364 1243/1239/1368 1202/1238/1367
f 1202/1238/1367 1243/1239/1368 1241/1240/1369
f 1245/1241/1370 1244/1242/1371 1236/1243/1372
f 1236/1243/1372 1234/1244/1373 1245/1241/1370
f 1246/1245/1374 1234/1244/1373 1236/1243/1372
f 1236/1243/1372 1242/1246/1375 1246/1245/1374
f 1142/1247/1374 1246/1245/1374 1242/1246/1375
f 1242/1246/1375 1243/1248/1375 1142/1247/1374
f 1240/1249/1376 1211/1250/1377 1212/1251/1378
f 1240/1249/1376 1212/1251/1378 1239/1252/1379
f 1156/1253/1380 1239/1252/1379 1212/1251/1378
f 1212/1251/1378 1206/1254/1381 1156/1253/1380
f 1219/1255/1382 1156/1253/1380 1206/1254/1381
f 1102/1193/1326 1140/1232/1361 1096/1182/1316
f 1096/1182/1316 1101/1181/1315 1102/1193/1326
f 1231/1256/1383 1218/1257/1384 1158/1258/1385
f 1158/1258/1385 1230/1259/1386 1231/1256/1383
f 1158/1258/1385 1190/1260/1387 1145/1261/1388
f 1145/1261/1388 1230/1262/1386 1158/1258/1385
f 1190/1260/1387 1146/1263/1389 1217/1264/1390
f 1217/1264/1390 1145/1265/1388 1190/1260/1387
f 1146/1263/1389 1218/1257/1384 1231/1266/1383
f 1231/1266/1383 1217/1267/1390 1146/1263/1389
f 1197/1268/1391 1212/1251/1378 1211/1250/1377
f 1211/1250/1377 1194/1269/1392 1197/1268/1391
f 1209/1270/1393 1210/1271/1394 1207/1272/1395
f 1207/1272/1395 1208/1273/1396 1209/1270/1393
f 1097/1177/1311 1208/1273/1396 1207/1272/1395
f 1207/1272/1395 1093/1180/1314 1097/1177/1311
f 1090/1176/1397 1206/1254/1398 1204/1274/1397
f 1204/1274/1397 1205/1275/1399 1090/1176/1397
f 1201/1276/1400 1141/1237/1366 1202/1238/1367
f 1202/1238/1367 1203/1277/1401 1201/1276/1400
f 1201/1276/1400 1198/1278/1402 1200/1279/1403
f 1200/1279/1403 1141/1237/1366 1201/1276/1400
f 1127/1216/1404 1200/1279/1403 1198/1278/1402
f 1198/1278/1402 1199/1280/1405 1127/1216/1404
f 1195/1281/1406 1197/1268/1391 1194/1269/1392
f 1194/1269/1392 1196/1282/1394 1195/1281/1406
f 1158/1258/1385 1218/1257/1384 1146/1263/1389
f 1146/1263/1389 1190/1260/1387 1158/1258/1385
f 1183/1283/21 1174/1284/21 1175/1285/21
f 1175/1285/21 1181/1286/21 1183/1283/21
f 1175/1285/21 1179/1287/21 1181/1286/21
f 1106/1190/1407 1188/1288/1407 1187/1289/1407
f 1187/1289/1407 1111/1191/1407 1106/1190/1407
f 4/4/1408 8/9/1408 9/8/1408
f 9/8/1408 1186/1290/1408 4/4/1408
f 4/4/1408 1186/1290/1408 6/5/1408
f 9/8/1409 1174/1284/1409 1183/1283/1409
f 1183/1283/1409 1186/1290/1409 9/8/1409
f 1185/1291/1410 1186/1290/1410 1183/1283/1411
f 1183/1283/1412 1184/1292/1411 1185/1291/1410
f 1182/1293/1413 1184/1292/1411 1183/1283/1412
f 1183/1283/1412 1181/1286/1414 1182/1293/1413
f 1180/1294/1415 1182/1293/1413 1181/1286/1414
f 1181/1286/1414 1179/1287/1416 1180/1294/1415
f 1176/1295/1417 1180/1294/1415 1179/1287/1416
f 1179/1287/1416 1175/1285/1418 1176/1295/1417
f 1178/1296/1419 1176/1295/1417 1175/1285/1418
f 1175/1285/1418 1174/1284/1420 1178/1296/1419
f 1177/1297/1421 1178/1296/1419 1174/1284/1420
f 1174/1284/1420 9/8/1421 1177/1297/1421
f 5/6/21 1172/1298/21 4/4/21
f 1172/1298/21 5/6/21 1173/1299/21
f 1172/1298/21 1173/1299/21 1215/1300/21
f 1215/1300/21 1216/1301/21 1172/1298/21
f 1214/1302/21 1216/1301/21 1215/1300/21
f 1215/1300/21 1213/1303/21 1214/1302/21
f 1169/1304/21 1214/1302/21 1213/1303/21
f 1213/1303/21 1170/1305/21 1169/1304/21
f 1169/1304/21 1170/1305/21 1168/1306/21
f 1164/1307/21 1169/1304/21 1168/1306/21
f 1168/1306/21 1165/1308/21 1164/1307/21
f 1164/1307/21 1165/1308/21 1171/1309/21
f 1171/1309/21 1166/1310/21 1164/1307/21
f 1166/1310/21 1171/1309/21 1167/1311/21
f 1167/1311/21 1159/1312/21 1166/1310/21
f 1159/1312/21 1167/1311/21 1160/1313/21
f 1159/1312/21 1160/1313/21 1150/1314/21
f 1150/1314/21 1151/1315/21 1159/1312/21
f 1149/1316/21 1151/1315/21 1150/1314/21
f 1150/1314/21 1163/1317/21 1149/1316/21
f 1161/1318/21 1149/1316/21 1163/1317/21
f 1163/1317/21 1162/1319/21 1161/1318/21
f 1161/1318/21 1162/1319/21 7/7/21
f 8/9/21 1161/1318/21 7/7/21
f 1114/1201/1422 1124/1212/1422 1126/1320/1422
f 1126/1320/1422 1115/1321/1422 1114/1201/1422
f 1148/1322/525 1147/1323/525 1220/1324/1423
f 1220/1324/1423 1152/1325/1424 1148/1322/525
f 1219/1326/1425 1152/1325/1424 1220/1324/1423
f 1220/1324/1423 1156/1327/1426 1219/1326/1425
f 1129/1222/1427 1135/1227/1427 1132/1226/1427
f 1132/1226/1427 1131/1223/1427 1129/1222/1427
f 1125/1328/1428 1134/1329/1428 1133/1330/1428
f 1133/1330/1428 1157/1331/1428 1125/1328/1428
f 1155/1332/1428 1157/1331/1428 1133/1330/1428
f 1133/1330/1428 1130/1333/1428 1155/1332/1428
f 1155/1332/1428 1130/1333/1428 1221/1334/1428
f 1222/1335/1428 1221/1334/1428 1130/1333/1428
f 1130/1333/1428 1128/1336/1428 1222/1335/1428
f 1221/1334/1428 1136/1337/1428 1155/1332/1428
f 1136/1337/1428 1221/1334/1428 1222/1335/1428
f 1222/1335/1428 1137/1338/1428 1136/1337/1428
f 1155/1332/1428 1136/1337/1428 1085/1339/1428
f 1085/1339/1428 1154/1340/1428 1155/1332/1428
f 1154/1340/1428 1085/1339/1428 1089/1341/1428
f 1089/1341/1428 1153/1342/1428 1154/1340/1428
f 1188/1288/1429 1100/1184/1429 1095/1183/1429
f 1095/1183/1429 1187/1289/1429 1188/1288/1429
f 1123/1343/1430 1109/1344/1431 1112/1345/1432
f 1112/1345/1432 1120/1346/1433 1123/1343/1430
f 1188/1347/1433 1120/1346/1433 1112/1345/1432
f 1112/1345/1432 1100/1348/1434 1188/1347/1433
f 1100/1348/1434 1112/1345/1432 1115/1349/1435
f 1157/1350/1436 1100/1348/1434 1115/1349/1435
f 1157/1350/1436 1115/1349/1435 1126/1351/1437
f 1126/1351/1437 1125/1352/1438 1157/1350/1436
f 1188/1347/1433 1119/1353/1439 1120/1346/1433
f 1119/1353/1439 1188/1347/1433 1229/1354/1440
f 1119/1353/1439 1229/1354/1440 1224/1355/1441
f 1224/1355/1441 1229/1354/1440 1228/1356/1442
f 1228/1356/1442 1225/1357/1443 1224/1355/1441
f 1225/1357/1443 1228/1356/1442 1227/1358/1444
f 1227/1358/1444 1226/1359/1445 1225/1357/1443
f 1226/1359/1445 1227/1358/1444 1148/1360/1446
f 1148/1360/1446 1152/1361/1447 1226/1359/1445
f 1224/1355/1441 1223/1362/1448 1119/1353/1439
f 1210/1363/962 1223/1362/1448 1224/1355/1441
f 1224/1355/1441 1207/1364/1449 1210/1363/962
f 1224/1355/1441 1225/1357/1443 1207/1364/1449
f 1225/1357/1443 1094/1365/1450 1207/1364/1449
f 1094/1365/1450 1225/1357/1443 1226/1359/1445
f 1226/1359/1445 1092/1366/1451 1094/1365/1450
f 1219/1367/1452 1092/1366/1451 1226/1359/1445
f 1226/1359/1445 1152/1361/1447 1219/1367/1452
f 1119/1353/1439 1223/1362/1448 1116/1368/1439
f 1207/1364/1449 1094/1365/1450 1093/1369/1453
f 1118/1370/1348 1116/1371/1348 1223/1372/1348
f 1223/1372/1348 1232/1373/1348 1118/1370/1348
f 1122/1218/1348 1118/1370/1348 1232/1373/1348
f 1122/1218/1348 1232/1373/1348 1200/1279/1348
f 1200/1279/1348 1232/1373/1348 1233/1374/1348
f 1200/1279/1348 1233/1374/1348 1205/1375/1348
f 1200/1279/1348 1205/1375/1348 1204/1376/1348
f 1204/1376/1348 1141/1237/1348 1200/1279/1348
f 1204/1376/1348 1238/1377/1348 1141/1237/1348
f 1238/1377/1348 1144/1236/1348 1141/1237/1348
f 1122/1218/1348 1200/1279/1348 1127/1216/1346
f 1206/1254/1348 1090/1176/1310 1219/1255/1348
f 1092/1178/1312 1219/1255/1348 1090/1176/1310
f 1142/1247/1454 1139/1378/1454 1193/1379/1455
f 1193/1379/1455 1246/1245/1456 1142/1247/1454
f 1234/1244/1457 1246/1245/1456 1193/1379/1455
f 1193/1379/1455 1189/1380/1458 1234/1244/1457
f 1234/1244/1457 1189/1380/1458 1191/1381/1459
f 1191/1381/1459 1245/1241/1460 1234/1244/1457
f 1245/1241/1460 1191/1381/1459 1192/1382/1461
f 1192/1382/1461 1244/1242/1461 1245/1241/1460
f 1236/1243/1462 1244/1242/1461 1192/1382/1461
f 1192/1382/1461 1235/1383/1463 1236/1243/1462
f 1242/1246/1464 1236/1243/1462 1235/1383/1463
f 1235/1383/1463 1237/1384/1464 1242/1246/1464
f 1242/1246/1464 1237/1384/1464 1241/1385/1465
f 1241/1385/1465 1243/1248/1465 1242/1246/1464
f 1154/1386/1466 1153/1387/1467 1241/1388/1468
f 1241/1388/1468 1237/1389/1469 1154/1386/1466
f 1231/1390/1470 1154/1386/1466 1237/1389/1469
f 1237/1389/1469 1235/1391/1471 1231/1390/1470
f 1235/1391/1471 1192/1392/1472 1231/1390/1470
f 1217/1393/1473 1231/1390/1470 1192/1392/1472
f 1192/1392/1472 1191/1394/1474 1217/1393/1473
f 1191/1394/1474 1189/1395/1475 1217/1393/1473
f 1189/1395/1475 1193/1396/1476 1217/1393/1473
f 1099/1397/1477 1154/1386/1466 1231/1390/1470
f 1231/1390/1470 1230/1398/1478 1099/1397/1477
f 1230/1398/1478 1104/1399/1479 1099/1397/1477
f 1104/1399/1479 1230/1398/1478 1145/1400/1480
f 1145/1400/1480 1106/1401/1481 1104/1399/1479
f 1106/1401/1481 1145/1400/1480 1217/1393/1473
f 1143/1402/1478 1106/1401/1481 1217/1393/1473
f 1139/1403/1482 1143/1402/1478 1217/1393/1473
f 1217/1393/1473 1193/1396/1476 1139/1403/1482
f 1248/1404/1483 1106/1401/1481 1143/1402/1478
f 1143/1402/1478 1249/1405/1484 1248/1404/1483
f 1249/1405/1484 1143/1402/1478 1196/1406/124
f 1196/1406/124 1194/1407/1485 1249/1405/1484
f 1247/1408/1486 1249/1405/1484 1194/1407/1485
f 1247/1408/1486 1194/1407/1485 1240/1409/1487
f 1240/1409/1487 1194/1407/1485 1211/1410/1488
f 1248/1404/1483 1249/1405/1484 1247/1408/1486
f 1247/1408/1486 1251/1411/1489 1248/1404/1483
f 1250/1412/1490 1251/1411/1489 1247/1408/1486
f 1247/1408/1486 1252/1413/1491 1250/1412/1490
f 1239/1414/1492 1252/1413/1491 1247/1408/1486
f 1247/1408/1486 1240/1409/1487 1239/1414/1492
f 1147/1415/1493 1250/1412/1490 1252/1413/1491
f 1252/1413/1491 1220/1416/1494 1147/1415/1493
f 1220/1416/1494 1252/1413/1491 1239/1414/1492
f 1239/1414/1492 1156/1417/1495 1220/1416/1494
f 1250/1418/1496 1147/1419/1497 1148/1420/1497
f 1148/1420/1497 1227/1421/1498 1250/1418/1496
f 1251/1422/1499 1250/1418/1496 1227/1421/1498
f 1227/1421/1498 1228/1423/1500 1251/1422/1499
f 1248/1424/1501 1251/1422/1499 1228/1423/1500
f 1228/1423/1500 1229/1425/1502 1248/1424/1501
f 1106/1190/21 1248/1424/1501 1229/1425/1502
f 1229/1425/1502 1188/1288/21 1106/1190/21
f 1253/1426/962 1201/1427/962 1203/1428/962
f 1203/1428/962 1254/1429/962 1253/1426/962
f 1201/1430/1428 1253/1426/1428 1255/1431/1428
f 1255/1431/1428 1198/1432/1428 1201/1430/1428
f 1256/1433/124 1199/1434/124 1198/1435/124
f 1198/1435/124 1255/1431/124 1256/1433/124
f 1209/1270/1503 1232/1436/1503 1223/1437/1503
f 1223/1437/1503 1210/1271/1503 1209/1270/1503
f 1233/1438/1504 1232/1436/1505 1209/1270/1506
f 1209/1270/1506 1208/1273/1507 1233/1438/1504
f 1205/1275/1508 1233/1438/1504 1208/1273/1507
f 1208/1273/1507 1090/1176/1509 1205/1275/1508
f 1208/1273/1507 1097/1177/1510 1090/1176/1509
f 1143/1439/1503 1144/1440/1503 1195/1281/1503
f 1195/1281/1503 1196/1282/1503 1143/1439/1503
f 1260/1441/1428 1258/1442/1428 1257/1443/1428
f 1257/1443/1428 1259/1444/1428 1260/1441/1428
f 1264/1445/1428 1259/1444/1428 1257/1443/1428
f 1257/1443/1428 1263/1446/1428 1264/1445/1428
f 1264/1445/1428 1263/1446/1428 1261/1447/1428
f 1261/1447/1428 1262/1448/1428 1264/1445/1428
f 1262/1448/1428 1261/1447/1428 1265/1449/1428
f 1265/1449/1428 1268/1450/1428 1262/1448/1428
f 1265/1449/1428 1267/1451/1428 1268/1450/1428
f 1269/1452/1511 1266/1453/1512 1263/1446/1512
f 1263/1446/1512 1257/1443/1513 1269/1452/1511
f 1259/1444/1514 1264/1445/1515 1270/1454/1515
f 1270/1454/1515 1273/1455/1516 1259/1444/1514
f 1260/1441/1517 1259/1444/1514 1273/1455/1516
f 1273/1455/1516 1271/1456/1518 1260/1441/1517
f 1272/1457/1519 1275/1458/1515 1278/1459/1515
f 1278/1459/1515 1274/1460/1520 1272/1457/1519
f 1276/1461/1428 1279/1462/1428 1280/1463/1428
f 1280/1463/1428 1277/1464/1428 1276/1461/1428
f 1281/1465/1428 1277/1464/1428 1280/1463/1428
f 1280/1463/1428 1283/1466/1428 1281/1465/1428
f 1272/1467/1428 1281/1465/1428 1283/1466/1428
f 1283/1466/1428 1275/1468/1428 1272/1467/1428
f 1284/1469/1511 1282/1470/1512 1279/1471/1512
f 1279/1471/1512 1276/1472/1513 1284/1469/1511
f 1285/1473/1521 1284/1469/1511 1276/1472/1513
f 1276/1472/1513 1277/1474/1522 1285/1473/1521
f 1286/1475/1521 1269/1452/1511 1257/1443/1513
f 1257/1443/1513 1258/1442/1523 1286/1475/1521
f 1271/1456/1518 1286/1475/1521 1258/1442/1523
f 1258/1442/1523 1260/1441/1517 1271/1456/1518
f 1281/1476/1524 1272/1457/1519 1274/1460/1520
f 1274/1460/1520 1287/1477/1525 1281/1476/1524
f 1277/1474/1522 1281/1476/1524 1287/1477/1525
f 1287/1477/1525 1285/1473/1521 1277/1474/1522
f 1289/1478/1526 1288/1479/1526 1291/1480/1527
f 1291/1480/1527 1290/1481/1528 1289/1478/1526
f 1290/1481/1528 1291/1480/1527 1293/1482/1529
f 1293/1482/1529 1292/1483/1530 1290/1481/1528
f 1292/1483/1530 1293/1482/1529 1296/1484/1531
f 1296/1484/1531 1294/1485/1532 1292/1483/1530
f 1294/1485/1532 1296/1484/1531 1295/1486/1533
f 1295/1486/1533 1299/1487/1534 1294/1485/1532
f 1299/1487/1534 1295/1486/1533 1300/1488/1535
f 1300/1488/1535 1297/1489/1536 1299/1487/1534
f 1297/1489/1536 1300/1488/1535 1298/1490/1537
f 1298/1490/1537 1303/1491/1538 1297/1489/1536
f 1303/1491/1538 1298/1490/1537 1301/1492/1539
f 1301/1492/1539 1302/1493/1539 1303/1491/1538
f 1153/1494/1348 1089/1170/1348 1086/1173/1348
f 1153/1494/1348 1086/1173/1348 1202/1238/1348
f 1091/1175/1348 1202/1238/1348 1086/1173/1348
f 1091/1175/1348 1315/1495/1348 1202/1238/1348
f 1091/1175/1348 1318/1496/1348 1315/1495/1348
f 1222/1497/1348 1318/1496/1348 1091/1175/1348
f 1091/1175/1348 1137/1229/1348 1222/1497/1348
f 1241/1240/1348 1153/1494/1348 1202/1238/1348
f 1318/1496/1348 1222/1497/1348 1128/1224/1348
f 1128/1224/1348 1131/1223/1348 1318/1496/1348
f 1318/1496/1348 1131/1223/1348 1315/1495/1348
f 1127/1216/1346 1315/1495/1348 1131/1223/1348
f 1131/1223/1348 1132/1226/1348 1127/1216/1346
f 1127/1216/1346 1132/1226/1348 1125/1213/1343
f 1132/1226/1348 1134/1225/1348 1125/1213/1343
f 1199/1498/525 1256/1433/525 1317/1499/525
f 1317/1499/525 1316/1500/525 1199/1498/525
f 1203/1501/525 1316/1500/525 1317/1499/525
f 1317/1499/525 1254/1429/525 1203/1501/525
f 1315/1495/1540 1127/1216/1540 1199/1280/1540
f 1199/1280/1540 1316/1502/1540 1315/1495/1540
f 1315/1495/1540 1316/1502/1540 1203/1277/1540
f 1203/1277/1540 1202/1238/1540 1315/1495/1540
f 1155/1332/1541 1154/1340/1541 1099/1503/1541
f 1099/1503/1541 1098/1504/1541 1155/1332/1541
f 1155/1332/1541 1098/1504/1541 1100/1505/1541
f 1157/1331/1541 1155/1332/1541 1100/1505/1541
f 1313/1506/21 1314/1507/21 1312/1508/21
f 1312/1508/21 1311/1509/21 1313/1506/21
f 1311/1509/21 1312/1508/21 1310/1510/21
f 1310/1510/21 1309/1511/21 1311/1509/21
f 1309/1511/21 1310/1510/21 1307/1512/21
f 1307/1512/21 1308/1513/21 1309/1511/21
f 1304/1514/21 1308/1513/21 1307/1512/21
f 1307/1512/21 1306/1515/21 1304/1514/21
f 1304/1514/21 1306/1515/21 1319/1516/21
f 1319/1516/21 1305/1517/21 1304/1514/21
f 1095/1183/21 1096/1182/21 1140/1232/21
f 1140/1232/21 1187/1289/21 1095/1183/21
f 1187/1289/21 1140/1232/21 1138/1231/21
f 1111/1191/21 1187/1289/21 1138/1231/21
f 1138/1231/21 1107/1192/21 1111/1191/21
f 6/5/1542 1186/1290/124 1185/1291/124
f 1185/1291/124 1320/1518/1543 6/5/1542
f 5/6/1544 6/5/1542 1320/1518/1543
f 1320/1518/1543 1322/1519/1545 5/6/1544
f 1173/1299/1546 5/6/1544 1322/1519/1545
f 1322/1519/1545 1321/1520/1547 1173/1299/1546
f 1215/1300/1548 1173/1299/1546 1321/1520/1547
f 1321/1520/1547 1323/1521/1548 1215/1300/1548
f 1215/1300/1548 1323/1521/1548 1325/1522/1549
f 1325/1522/1549 1213/1303/1549 1215/1300/1548
f 1170/1305/1550 1213/1303/1549 1325/1522/1549
f 1325/1522/1549 1324/1523/1551 1170/1305/1550
f 1168/1306/1552 1170/1305/1550 1324/1523/1551
f 1324/1523/1551 1326/1524/1553 1168/1306/1552
f 1165/1308/1554 1168/1306/1552 1326/1524/1553
f 1326/1524/1553 1327/1525/1554 1165/1308/1554
f 1165/1308/1554 1327/1525/1554 1329/1526/1555
f 1329/1526/1555 1171/1309/1555 1165/1308/1554
f 1167/1311/1556 1171/1309/1555 1329/1526/1555
f 1329/1526/1555 1328/1527/1557 1167/1311/1556
f 1160/1313/1558 1167/1311/1556 1328/1527/1557
f 1328/1527/1557 1331/1528/1559 1160/1313/1558
f 1150/1314/1560 1160/1313/1558 1331/1528/1559
f 1331/1528/1559 1330/1529/1560 1150/1314/1560
f 1150/1314/1560 1330/1529/1560 1332/1530/1561
f 1332/1530/1561 1163/1317/1561 1150/1314/1560
f 1162/1319/1562 1163/1317/1561 1332/1530/1561
f 1332/1530/1561 1333/1531/1563 1162/1319/1562
f 7/7/1564 1162/1319/1562 1333/1531/1563
f 1333/1531/1563 1334/1532/1564 7/7/1564
f 7/7/1564 1334/1532/1564 1177/1297/1565
f 1177/1297/1565 9/8/1565 7/7/1566
f 1212/1251/1567 1197/1268/1568 1206/1254/1569
f 1204/1274/1570 1206/1254/1569 1197/1268/1568
f 1197/1268/1568 1238/1533/1571 1204/1274/1570
f 1144/1440/1572 1238/1533/1571 1197/1268/1568
f 1197/1268/1568 1195/1281/1573 1144/1440/1572
f 1337/1534/525 1335/1535/525 1336/1536/525
f 1337/1534/525 1336/1536/525 1339/1537/525
f 1339/1537/525 1338/1538/525 1337/1534/525
f 1278/1459/525 1338/1538/525 1339/1537/525
f 1339/1537/525 1282/1470/525 1278/1459/525
f 1278/1459/525 1282/1470/525 1284/1469/525
f 1284/1469/525 1274/1460/525 1278/1459/525
f 1274/1460/525 1284/1469/525 1285/1473/525
f 1285/1473/525 1287/1477/525 1274/1460/525
f 1291/1539/525 1288/1540/525 1340/1541/525
f 1293/1542/525 1291/1539/525 1340/1541/525
f 1296/1543/525 1293/1542/525 1340/1541/525
f 1295/1544/525 1296/1543/525 1340/1541/525
f 1340/1541/525 1341/1545/525 1295/1544/525
f 1300/1546/525 1295/1544/525 1341/1545/525
f 1298/1547/525 1300/1546/525 1341/1545/525
f 1298/1547/525 1341/1545/525 1301/1548/525
f 1303/1549/1428 1302/1550/1428 1342/1551/1428
f 1303/1549/1428 1342/1551/1428 1297/1552/1428
f 1342/1551/1428 1299/1553/1428 1297/1552/1428
f 1294/1554/1428 1299/1553/1428 1342/1551/1428
f 1342/1551/1428 1343/1555/1428 1294/1554/1428
f 1343/1555/1428 1292/1556/1428 1294/1554/1428
f 1343/1555/1428 1290/1557/1428 1292/1556/1428
f 1343/1555/1428 1289/1558/1428 1290/1557/1428
f 1338/1559/1574 1278/1560/1575 1275/1561/1576
f 1301/1562/1577 1338/1559/1574 1275/1561/1576
f 1275/1561/1576 1382/1563/1578 1301/1562/1577
f 1345/1564/1579 1382/1563/1578 1275/1561/1576
f 1275/1561/1576 1283/1565/1580 1345/1564/1579
f 1346/1566/1581 1345/1564/1579 1283/1565/1580
f 1283/1565/1580 1280/1567/1582 1346/1566/1581
f 1338/1559/1574 1301/1562/1577 1341/1568/1583
f 1341/1568/1583 1337/1569/1584 1338/1559/1574
f 1335/1570/1585 1337/1569/1584 1341/1568/1583
f 1270/1571/1586 1264/1572/1575 1262/1573/1587
f 1344/1574/1588 1270/1571/1586 1262/1573/1587
f 1262/1573/1587 1302/1575/1589 1344/1574/1588
f 1344/1574/1588 1302/1575/1589 1301/1562/1577
f 1301/1562/1577 1382/1563/1578 1344/1574/1588
f 1349/1576/1590 1344/1574/1588 1382/1563/1578
f 1382/1563/1578 1345/1564/1579 1349/1576/1590
f 1270/1571/1586 1344/1574/1588 1349/1576/1590
f 1349/1576/1590 1348/1577/1591 1270/1571/1586
f 1347/1578/1592 1348/1577/1591 1349/1576/1590
f 1349/1576/1590 1350/1579/1593 1347/1578/1592
f 1350/1579/1593 1349/1576/1590 1345/1564/1579
f 1345/1564/1579 1346/1566/1581 1350/1579/1593
f 1351/1580/1594 1350/1579/1593 1346/1566/1581
f 1346/1566/1581 1352/1581/1595 1351/1580/1594
f 1352/1581/1595 1346/1566/1581 1280/1567/1582
f 1280/1567/1582 1279/1582/1596 1352/1581/1595
f 1266/1583/1597 1347/1578/1592 1350/1579/1593
f 1350/1579/1593 1351/1580/1594 1266/1583/1597
f 1261/1584/1598 1266/1583/1597 1351/1580/1594
f 1351/1580/1594 1289/1585/1599 1261/1584/1598
f 1289/1585/1599 1351/1580/1594 1352/1581/1595
f 1352/1581/1595 1288/1586/1600 1289/1585/1599
f 1339/1587/1601 1288/1586/1600 1352/1581/1595
f 1352/1581/1595 1279/1582/1596 1339/1587/1601
f 1279/1582/1596 1282/1588/1602 1339/1587/1601
f 1261/1584/1598 1263/1589/1602 1266/1583/1597
f 1340/1590/1603 1288/1586/1600 1339/1587/1601
f 1339/1587/1601 1336/1591/1604 1340/1590/1603
f 1336/1591/1604 1335/1592/1585 1340/1590/1603
f 1335/1592/1585 1341/1593/1583 1340/1590/1603
f 1265/1594/1605 1261/1584/1598 1289/1585/1599
f 1289/1585/1599 1343/1595/1606 1265/1594/1605
f 1343/1595/1606 1267/1596/1607 1265/1594/1605
f 1343/1595/1606 1342/1597/1608 1267/1596/1607
f 1347/1598/525 1266/1599/525 1269/1600/525
f 1269/1600/525 1286/1601/525 1347/1598/525
f 1348/1602/525 1347/1598/525 1286/1601/525
f 1286/1601/525 1271/1603/525 1348/1602/525
f 1348/1602/525 1271/1603/525 1273/1604/525
f 1270/1605/525 1348/1602/525 1273/1604/525
f 1342/1606/1608 1268/1607/1609 1267/1608/1607
f 1262/1573/1587 1268/1607/1609 1342/1606/1608
f 1342/1606/1608 1302/1575/1589 1262/1573/1587
f 1357/1609/1610 1356/1610/1611 1355/1611/1612
f 1356/1610/1611 1353/1612/1613 1355/1611/1612
f 1355/1611/1612 1353/1612/1613 1354/1613/1614
f 1357/1609/1610 1360/1614/1615 1358/1615/1616
f 1358/1615/1616 1356/1610/1611 1357/1609/1610
f 1359/1616/1617 1361/1617/1618 1362/1618/1619
f 1359/1616/1617 1362/1618/1619 1358/1615/1616
f 1360/1614/1615 1359/1616/1617 1358/1615/1616
f 1364/1619/1620 1363/1620/1620 1367/1621/1621
f 1367/1621/1621 1368/1622/1622 1364/1619/1620
f 1368/1622/1622 1367/1621/1621 1372/1623/1623
f 1372/1623/1623 1370/1624/1624 1368/1622/1622
f 1370/1624/1624 1372/1623/1623 1374/1625/1625
f 1374/1625/1625 1369/1626/1625 1370/1624/1624
f 1365/1627/1428 1373/1628/1428 1366/1629/1428
f 1366/1629/1428 1371/1630/1428 1365/1627/1428
f 1371/1630/124 1366/1629/124 1375/1631/124
f 1375/1631/124 1377/1632/124 1371/1630/124
f 1373/1628/1348 1376/1633/1348 1375/1634/1348
f 1375/1634/1348 1366/1629/1348 1373/1628/1348
f 1365/1627/962 1378/1635/962 1376/1636/962
f 1376/1636/962 1373/1628/962 1365/1627/962
f 1365/1627/21 1371/1630/21 1377/1637/21
f 1377/1637/21 1378/1638/21 1365/1627/21
f 1383/1639/21 1379/1640/21 1380/1641/21
f 1380/1641/21 1384/1642/21 1383/1639/21
f 1383/1639/21 1384/1642/21 1434/1643/21
f 1434/1643/21 1381/1644/21 1383/1639/21
f 1433/1645/21 1381/1644/21 1434/1643/21
f 1434/1643/21 1435/1646/21 1433/1645/21
f 1437/1647/21 1439/1648/21 1436/1649/21
f 1436/1649/21 1438/1650/21 1437/1647/21
f 1430/1651/525 1434/1643/525 1384/1642/525
f 1384/1642/525 1432/1652/525 1430/1651/525
f 1433/1645/124 1369/1626/124 1374/1625/124
f 1374/1625/124 1381/1644/124 1433/1645/124
f 1430/1653/1348 1432/1654/1348 1429/1655/1348
f 1429/1655/1348 1431/1656/1348 1430/1653/1348
f 1383/1639/962 1363/1620/962 1364/1619/962
f 1364/1619/962 1379/1640/962 1383/1639/962
f 1409/1657/1626 1399/1658/1627 1393/1659/1628
f 1393/1659/1628 1428/1660/1629 1409/1657/1626
f 1411/1661/1630 1409/1657/1626 1428/1660/1629
f 1428/1660/1629 1427/1662/1631 1411/1661/1630
f 1410/1663/1632 1411/1661/1630 1427/1662/1631
f 1427/1662/1631 1426/1664/1633 1410/1663/1632
f 1410/1663/1632 1426/1664/1633 1425/1665/1634
f 1425/1665/1634 1397/1666/1635 1410/1663/1632
f 1401/1667/1636 1397/1666/1635 1425/1665/1634
f 1425/1665/1634 1421/1668/1637 1401/1667/1636
f 1396/1669/1638 1401/1667/1636 1421/1668/1637
f 1421/1668/1637 1424/1670/1639 1396/1669/1638
f 1396/1669/1638 1424/1670/1639 1422/1671/1640
f 1422/1671/1640 1405/1672/1641 1396/1669/1638
f 1391/1673/1642 1405/1672/1641 1422/1671/1640
f 1422/1671/1640 1420/1674/1643 1391/1673/1642
f 1394/1675/1644 1391/1673/1642 1420/1674/1643
f 1420/1674/1643 1423/1676/1645 1394/1675/1644
f 1388/1677/1646 1394/1675/1644 1423/1676/1645
f 1423/1676/1645 1387/1678/1647 1388/1677/1646
f 1428/1660/1648 1393/1659/1649 1403/1679/1650
f 1403/1679/1650 1419/1680/1651 1428/1660/1648
f 1427/1662/1652 1428/1660/1648 1419/1680/1651
f 1419/1680/1651 1418/1681/1653 1427/1662/1652
f 1426/1664/1654 1427/1662/1652 1418/1681/1653
f 1418/1681/1653 1417/1682/1655 1426/1664/1654
f 1426/1664/1654 1417/1682/1655 1416/1683/1656
f 1416/1683/1656 1425/1665/1657 1426/1664/1654
f 1421/1668/1658 1425/1665/1657 1416/1683/1656
f 1416/1683/1656 1413/1684/1659 1421/1668/1658
f 1424/1670/1660 1421/1668/1658 1413/1684/1659
f 1413/1684/1659 1415/1685/1661 1424/1670/1660
f 1422/1671/1662 1424/1670/1660 1415/1685/1661
f 1415/1685/1661 1414/1686/1663 1422/1671/1662
f 1420/1674/1664 1422/1671/1662 1414/1686/1663
f 1414/1686/1663 1412/1687/1665 1420/1674/1664
f 1423/1676/1666 1420/1674/1664 1412/1687/1665
f 1412/1687/1665 1408/1688/1667 1423/1676/1666
f 1387/1678/1668 1423/1676/1666 1408/1688/1667
f 1408/1688/1667 1385/1689/1669 1387/1678/1668
f 1403/1679/1670 1389/1690/1671 1407/1691/1672
f 1407/1691/1672 1419/1680/1673 1403/1679/1670
f 1419/1680/1673 1407/1691/1672 1406/1692/1674
f 1406/1692/1674 1418/1681/1675 1419/1680/1673
f 1417/1682/1676 1418/1681/1675 1406/1692/1674
f 1406/1692/1674 1398/1693/1677 1417/1682/1676
f 1417/1682/1676 1398/1693/1677 1402/1694/1678
f 1402/1694/1678 1416/1683/1679 1417/1682/1676
f 1413/1684/1680 1416/1683/1679 1402/1694/1678
f 1402/1694/1678 1392/1695/1681 1413/1684/1680
f 1415/1685/1682 1413/1684/1680 1392/1695/1681
f 1392/1695/1681 1395/1696/1683 1415/1685/1682
f 1415/1685/1682 1395/1696/1683 1400/1697/1684
f 1400/1697/1684 1414/1686/1685 1415/1685/1682
f 1412/1687/1686 1414/1686/1685 1400/1697/1684
f 1400/1697/1684 1390/1698/1687 1412/1687/1686
f 1408/1688/1688 1412/1687/1686 1390/1698/1687
f 1390/1698/1687 1404/1699/1689 1408/1688/1688
f 1385/1689/1690 1408/1688/1688 1404/1699/1689
f 1404/1699/1689 1386/1700/1691 1385/1689/1690
f 1389/1701/1692 1399/1702/1693 1409/1703/1694
f 1409/1703/1694 1407/1704/1695 1389/1701/1692
f 1407/1704/1695 1409/1703/1694 1411/1705/1696
f 1411/1705/1696 1406/1706/1697 1407/1704/1695
f 1398/1707/1698 1406/1706/1697 1411/1705/1696
f 1411/1705/1696 1410/1708/1699 1398/1707/1698
f 1398/1707/1698 1410/1708/1699 1397/1709/1700
f 1397/1709/1700 1402/1710/1701 1398/1707/1698
f 1402/1710/1701 1397/1709/1700 1401/1711/1702
f 1401/1711/1702 1392/1712/1703 1402/1710/1701
f 1392/1712/1703 1401/1711/1702 1396/1713/1704
f 1396/1713/1704 1395/1714/1705 1392/1712/1703
f 1395/1714/1705 1396/1713/1704 1405/1715/1706
f 1405/1715/1706 1400/1716/1707 1395/1714/1705
f 1390/1717/1708 1400/1716/1707 1405/1715/1706
f 1405/1715/1706 1391/1718/1709 1390/1717/1708
f 1404/1719/1710 1390/1717/1708 1391/1718/1709
f 1391/1718/1709 1394/1720/1711 1404/1719/1710
f 1404/1719/1710 1394/1720/1711 1388/1721/1712
f 1388/1721/1712 1386/1722/1713 1404/1719/1710
f 1399/1723/1714 1389/1724/1715 1403/1679/1714
f 1403/1679/1714 1393/1659/1716 1399/1723/1714
f 1388/1725/1717 1387/1678/1718 1385/1689/1717
f 1385/1689/1717 1386/1726/1719 1388/1725/1717
f 1367/1621/1428 1363/1620/1428 1383/1639/1428
f 1367/1621/1428 1383/1639/1428 1381/1644/1428
f 1381/1644/1428 1372/1623/1428 1367/1621/1428
f 1381/1644/1428 1374/1625/1428 1372/1623/1428
f 1370/1624/525 1369/1626/525 1433/1645/525
f 1370/1624/525 1433/1645/525 1379/1640/525
f 1379/1640/525 1433/1645/525 1437/1647/525
f 1433/1645/525 1435/1646/525 1437/1647/525
f 1379/1640/525 1368/1622/525 1370/1624/525
f 1379/1640/525 1364/1619/525 1368/1622/525
f 1437/1647/525 1438/1650/525 1379/1640/525
f 1380/1641/525 1379/1640/525 1438/1650/525
f 1432/1727/124 1384/1728/124 1380/1729/124
f 1432/1727/124 1380/1729/124 1429/1730/124
f 1380/1729/124 1436/1731/124 1429/1730/124
f 1436/1731/124 1380/1729/124 1438/1732/124
f 1435/1733/962 1439/1734/962 1437/1735/962
f 1431/1736/962 1439/1734/962 1435/1733/962
f 1430/1737/962 1431/1736/962 1435/1733/962
f 1434/1738/962 1430/1737/962 1435/1733/962
f 1443/1739/1428 1440/1740/1428 1442/1741/1428
f 1442/1741/1428 1441/1742/1428 1443/1739/1428
f 1440/1740/1720 1444/1743/1721 1445/1744/1720
f 1445/1744/1720 1442/1741/1720 1440/1740/1720
f 1447/1745/1722 1446/1746/1722 1443/1739/1722
f 1443/1739/1722 1441/1742/1722 1447/1745/1722
f 1445/1744/1723 1444/1743/1723 1449/1747/1723
f 1449/1747/1724 1448/1748/1724 1445/1744/1724
f 1448/1748/525 1449/1747/525 1451/1749/525
f 1451/1749/525 1450/1750/525 1448/1748/525
f 1450/1751/1725 1451/1752/1725 1446/1746/1725
f 1446/1746/1725 1447/1745/1725 1450/1751/1725
f 1455/1753/1348 1452/1754/1348 1454/1755/1348
f 1454/1755/1348 1453/1756/1348 1455/1753/1348
f 1453/1756/1348 1454/1755/1348 1457/1757/1348
f 1457/1757/1348 1458/1758/1348 1453/1756/1348
f 1459/1759/1348 1458/1758/1348 1457/1757/1348
f 1457/1757/1348 1456/1760/1348 1459/1759/1348
f 1459/1759/1348 1456/1760/1348 1460/1761/1348
f 1460/1761/1348 1462/1762/1348 1459/1759/1348
f 1462/1762/1348 1460/1761/1348 1463/1763/1348
f 1463/1763/1348 1461/1764/1348 1462/1762/1348
f 1466/1739/1428 1464/1740/1428 1467/1741/1428
f 1467/1741/1428 1465/1742/1428 1466/1739/1428
f 1464/1740/1720 1468/1743/1721 1469/1744/1720
f 1469/1744/1720 1467/1741/1720 1464/1740/1720
f 1471/1745/1722 1470/1746/1722 1466/1739/1722
f 1466/1739/1722 1465/1742/1722 1471/1745/1722
f 1469/1744/1723 1468/1743/1723 1474/1747/1723
f 1474/1747/1723 1472/1748/1723 1469/1744/1723
f 1472/1748/525 1474/1747/525 1475/1749/525
f 1475/1749/525 1473/1750/525 1472/1748/525
f 1473/1751/1725 1475/1752/1725 1470/1746/1725
f 1470/1746/1725 1471/1745/1725 1473/1751/1725
f 1476/1765/1726 1477/1766/1727 1480/1767/1728
f 1477/1766/1727 1481/1768/1729 1480/1767/1728
f 1481/1768/1729 1482/1769/1730 1480/1767/1728
f 18/1770/1731 1482/1769/1730 1481/1768/1729
f 11/1771/1732 1482/1769/1730 18/1770/1731
f 1480/1767/1728 1482/1769/1730 1479/1772/1733
f 1479/1772/1733 1478/1773/1733 1480/1767/1728
f 1478/1773/1734 1483/1774/1735 1484/1775/1736
f 1484/1775/1736 1480/1767/1737 1478/1773/1734
f 1480/1767/1737 1484/1775/1736 1485/1776/1738
f 1485/1776/1738 1476/1765/1739 1480/1767/1737
f 1486/1777/1740 10/10/6 18/18/14
f 18/18/14 1481/1778/1741 1486/1777/1740
f 1487/1779/1742 1486/1777/1740 1481/1778/1741
f 1481/1778/1741 1477/1780/1743 1487/1779/1742
f 1488/1781/1744 1487/1779/1742 1477/1780/1743
f 1477/1780/1743 1476/1782/1745 1488/1781/1744
f 1476/1782/1745 1485/1783/1746 1488/1781/1744
f 1489/1784/1747 1488/1781/1744 1485/1783/1746
f 1485/1783/1746 1490/1785/1748 1489/1784/1747
f 1491/1786/1749 1489/1784/1747 1490/1785/1748
f 1490/1785/1748 1492/1787/1750 1491/1786/1749
f 1493/1788/1751 1491/1786/1749 1492/1787/1750
f 1492/1787/1750 1494/1789/1752 1493/1788/1751
f 1495/1790/1753 1493/1788/1751 1494/1789/1752
f 1494/1789/1752 1496/1791/1754 1495/1790/1753
f 1498/1792/1755 1495/1790/1753 1496/1791/1754
f 1496/1791/1754 1497/1793/1756 1498/1792/1755
f 1500/1794/1757 1498/1792/1755 1497/1793/1756
f 1497/1793/1756 1499/1795/1758 1500/1794/1757
f 1501/1796/1759 1500/1794/1757 1499/1795/1758
f 1499/1795/1758 1502/1797/1760 1501/1796/1759
f 1503/1798/1761 1501/1796/1759 1502/1797/1760
f 1502/1797/1760 1504/1799/1762 1503/1798/1761
f 1505/1800/1763 1503/1798/1761 1504/1799/1762
f 1504/1799/1762 1508/1801/1764 1505/1800/1763
f 1507/1802/1765 1505/1800/1763 1508/1801/1764
f 1508/1801/1764 1506/1803/1766 1507/1802/1765
f 1509/1804/1767 1507/1802/1765 1506/1803/1766
f 1506/1803/1766 1510/1805/1768 1509/1804/1767
f 1509/1804/1767 1510/1805/1768 1511/1806/1769
f 1511/1806/1769 12/1807/7 1509/1804/1767
f 1511/1806/1769 11/1808/8 12/1807/7
f 1513/1809/1770 1512/1810/1771 23/22/1772
f 23/22/1772 21/21/1773 1513/1809/1770
f 21/21/1773 1515/1811/1774 1513/1809/1770
f 21/21/1773 1516/1812/1775 1515/1811/1774
f 1516/1812/1775 1514/1813/1776 1515/1811/1774
f 1512/1810/1771 1517/1814/1777 22/23/1778
f 22/23/1778 23/22/1772 1512/1810/1771
f 1521/1815/1779 1518/1816/1780 1519/1817/1781
f 1519/1817/1781 1520/1818/1782 1521/1815/1779
f 1521/1815/1779 1520/1818/1782 1522/1819/1783
f 1522/1819/1783 19/20/17 1521/1815/1779
f 19/20/17 1522/1819/1783 17/17/15
f 15/14/10 20/19/16 17/17/15
f 17/17/15 14/15/11 15/14/10
f 22/23/20 1523/1820/1784 21/21/18
f 21/21/18 1523/1820/1784 1524/1821/1785
f 1524/1821/1785 1516/1812/1786 21/21/18
f 1527/1822/1787 1457/1823/1788 1454/1824/1789
f 1454/1824/1789 1526/1825/1790 1527/1822/1787
f 1526/1825/1790 1454/1824/1789 1452/1826/1791
f 1452/1826/1791 1531/1827/1792 1526/1825/1790
f 1531/1827/1792 1452/1826/1791 1519/1828/1793
f 1532/1829/1794 1519/1828/1793 1452/1826/1791
f 1452/1826/1791 1455/1830/1795 1532/1829/1794
f 1525/1831/1796 1527/1822/1787 1526/1825/1790
f 1526/1825/1790 1529/1832/1797 1525/1831/1796
f 1529/1832/1797 1526/1825/1790 1531/1827/1792
f 1531/1827/1792 1530/1833/1798 1529/1832/1797
f 1530/1833/1798 1531/1827/1792 1518/1834/1799
f 1519/1828/1793 1518/1834/1799 1531/1827/1792
f 1483/1774/1800 1527/1822/1787 1525/1831/1796
f 1525/1831/1796 1484/1775/1801 1483/1774/1800
f 1484/1775/1801 1525/1831/1796 1528/1835/1802
f 1528/1835/1802 1525/1831/1796 1529/1832/1797
f 1529/1832/1797 1521/1836/1803 1528/1835/1802
f 1529/1832/1797 1530/1833/1798 1521/1836/1803
f 1518/1834/1799 1521/1836/1803 1530/1833/1798
f 1527/1822/1787 1483/1774/1800 1457/1837/1788
f 1483/1774/1800 1478/1773/1804 1457/1837/1788
f 1456/1838/1805 1457/1837/1788 1478/1773/1804
f 1478/1773/1804 1479/1772/1806 1456/1838/1805
f 1479/1772/1806 1557/1839/1807 1456/1838/1805
f 1557/1839/1807 1561/1840/1808 1456/1838/1805
f 1558/1841/1809 1561/1840/1808 1557/1839/1807
f 1557/1839/1807 1554/1842/1810 1558/1841/1809
f 1558/1841/1809 1554/1842/1810 1513/1843/1811
f 1512/1844/1812 1513/1843/1811 1554/1842/1810
f 1512/1844/1812 1554/1842/1810 1511/1845/1813
f 1512/1844/1812 1511/1845/1813 1510/1846/1814
f 1506/1847/1815 1512/1844/1812 1510/1846/1814
f 1561/1840/1808 1558/1841/1809 1559/1848/1816
f 1559/1848/1816 1558/1841/1809 1515/1849/1817
f 1515/1849/1817 1558/1841/1809 1513/1843/1811
f 1559/1848/1816 1560/1850/1818 1561/1840/1808
f 1560/1850/1818 1559/1848/1816 1555/1851/1819
f 1515/1849/1817 1555/1851/1819 1559/1848/1816
f 1555/1851/1819 1515/1849/1817 1514/1852/1820
f 1514/1852/1820 1556/1853/1821 1555/1851/1819
f 1556/1853/1821 1514/1852/1820 1516/1854/1822
f 1516/1854/1822 1463/1855/1823 1556/1853/1821
f 1463/1855/1823 1516/1854/1822 1524/1856/1824
f 1561/1840/1808 1560/1850/1818 1460/1857/1825
f 1463/1855/1823 1460/1857/1825 1560/1850/1818
f 1560/1850/1818 1556/1853/1821 1463/1855/1823
f 1555/1851/1819 1556/1853/1821 1560/1850/1818
f 1460/1857/1825 1456/1858/1805 1561/1840/1808
f 1524/1856/1824 1461/1859/1826 1463/1855/1823
f 1550/1860/1827 1461/1859/1826 1524/1856/1824
f 1524/1856/1824 1552/1861/1828 1550/1860/1827
f 1553/1862/1829 1550/1860/1827 1552/1861/1828
f 1552/1861/1828 1551/1863/1830 1553/1862/1829
f 1553/1862/1829 1551/1863/1830 1549/1864/1831
f 1462/1865/1832 1461/1859/1826 1550/1860/1827
f 1550/1860/1827 1548/1866/1833 1462/1865/1832
f 1547/1867/1834 1548/1866/1833 1550/1860/1827
f 1550/1860/1827 1553/1862/1829 1547/1867/1834
f 1547/1867/1834 1553/1862/1829 1549/1864/1831
f 1546/1868/1835 1547/1867/1834 1549/1864/1831
f 1546/1868/1835 1549/1864/1831 1504/1869/1836
f 1549/1864/1831 1517/1870/1837 1504/1869/1836
f 1459/1871/1838 1462/1865/1832 1548/1866/1833
f 1548/1866/1833 1544/1872/1839 1459/1871/1838
f 1546/1868/1835 1544/1872/1839 1548/1866/1833
f 1548/1866/1833 1547/1867/1834 1546/1868/1835
f 1545/1873/1840 1544/1872/1839 1546/1868/1835
f 1546/1868/1835 1542/1874/1841 1545/1873/1840
f 1542/1874/1841 1546/1868/1835 1504/1869/1836
f 1502/1875/1842 1542/1874/1841 1504/1869/1836
f 1499/1876/1843 1542/1874/1841 1502/1875/1842
f 1499/1876/1843 1543/1877/1844 1542/1874/1841
f 1497/1878/1845 1543/1877/1844 1499/1876/1843
f 1496/1879/1846 1543/1877/1844 1497/1878/1845
f 1544/1872/1839 1545/1873/1840 1459/1880/1838
f 1458/1881/1847 1459/1880/1838 1545/1873/1840
f 1545/1873/1840 1540/1882/1848 1458/1881/1847
f 1540/1882/1848 1545/1873/1840 1542/1874/1841
f 1542/1874/1841 1543/1877/1844 1540/1882/1848
f 1540/1882/1848 1543/1877/1844 1541/1883/1849
f 1541/1883/1849 1543/1877/1844 13/1884/1850
f 13/1884/1850 1543/1877/1844 1496/1879/1846
f 13/1884/1850 1496/1879/1846 1494/1885/1851
f 1494/1885/1851 15/1886/1852 13/1884/1850
f 15/1886/1852 1494/1885/1851 1492/1887/1853
f 1540/1882/1848 1538/1888/1854 1458/1881/1847
f 1541/1883/1849 1538/1888/1854 1540/1882/1848
f 1538/1888/1854 1541/1883/1849 1539/1889/1855
f 1539/1889/1855 1541/1883/1849 1536/1890/1856
f 1536/1890/1856 1541/1883/1849 13/1884/1850
f 1539/1889/1855 1537/1891/1857 1538/1888/1854
f 1537/1891/1857 1539/1889/1855 1534/1892/1858
f 1536/1890/1856 1534/1892/1858 1539/1889/1855
f 1534/1892/1858 1536/1890/1856 1535/1893/1859
f 1535/1893/1859 1533/1894/1860 1534/1892/1858
f 1533/1894/1860 1535/1893/1859 1532/1829/1794
f 1532/1829/1794 1455/1830/1795 1533/1894/1860
f 1533/1894/1860 1455/1830/1795 1453/1895/1861
f 1458/1896/1847 1538/1888/1854 1537/1891/1857
f 1537/1891/1857 1453/1895/1861 1458/1896/1847
f 1453/1895/1861 1537/1891/1857 1533/1894/1860
f 1534/1892/1858 1533/1894/1860 1537/1891/1857
f 20/1897/1862 15/1886/1852 1492/1887/1853
f 20/1897/1862 1492/1887/1853 1490/1898/1863
f 20/1897/1862 1490/1898/1863 1485/1776/1864
f 20/1897/1862 1485/1776/1864 1484/1775/1801
f 1484/1775/1801 1528/1835/1802 20/1897/1862
f 20/1897/1862 1528/1835/1802 19/1899/1865
f 1528/1835/1802 1521/1836/1803 19/1899/1865
f 1517/1870/1837 1508/1900/1866 1504/1869/1836
f 1506/1847/1815 1508/1900/1866 1517/1870/1837
f 1506/1847/1815 1517/1870/1837 1512/1844/1812
f 24/1901/1867 25/1902/1868 29/1903/1869
f 29/1903/1869 27/1904/1870 24/1901/1867
f 27/1904/1870 29/1903/1869 1563/1905/1871
f 1563/1905/1871 1562/1906/1872 27/1904/1870
f 1568/1907/1873 1569/1908/1874 1570/1909/1875
f 1570/1909/1875 1567/1910/1876 1568/1907/1873
f 1564/1911/1877 1567/1910/1876 1570/1909/1875
f 1570/1909/1875 1566/1912/1878 1564/1911/1877
f 1564/1911/1877 1566/1912/1878 1563/1913/1879
f 1563/1913/1879 29/29/25 1564/1911/1877
f 1564/1911/1877 29/29/25 30/30/27
f 30/30/27 1565/1914/1880 1564/1911/1877
f 1568/1907/1873 1567/1910/1876 1573/1915/1881
f 1565/1914/1880 1573/1915/1881 1567/1910/1876
f 1567/1910/1876 1564/1911/1877 1565/1914/1880
f 1568/1907/1873 1573/1915/1881 1574/1916/1882
f 1573/1915/1881 1572/1917/1883 1574/1916/1882
f 1572/1917/1883 1571/1918/1884 1574/1916/1882
f 1355/1611/1885 1354/1613/1886 1575/1919/1887
f 1575/1919/1887 1576/1920/1888 1355/1611/1885
f 1357/1609/1889 1355/1611/1885 1576/1920/1888
f 1576/1920/1888 1577/1921/1890 1357/1609/1889
f 1577/1921/1890 1562/1906/1891 1357/1609/1889
f 1360/1614/1892 1357/1609/1889 1562/1906/1891
f 1562/1906/1891 1563/1905/1893 1360/1614/1892
f 1566/1922/1894 1360/1614/1892 1563/1905/1893
f 1360/1614/1892 1566/1922/1894 1570/1923/1895
f 1570/1923/1895 1359/1616/1896 1360/1614/1892
f 1359/1616/1896 1570/1923/1895 1569/1924/1897
f 1569/1924/1897 1361/1617/1898 1359/1616/1896
f 1361/1617/1899 1569/1924/1900 1568/1925/1901
f 1568/1925/1901 1362/1618/1902 1361/1617/1899
f 1362/1618/1902 1568/1925/1901 1579/1926/1903
f 1582/1927/1904 1579/1926/1903 1568/1925/1901
f 1568/1925/1901 1574/1928/1905 1582/1927/1904
f 1574/1928/1905 1580/1929/1906 1582/1927/1904
f 1574/1928/1905 1578/1930/1907 1580/1929/1906
f 1574/1928/1905 1571/1931/1908 1578/1930/1907
f 1579/1926/1903 1353/1612/1909 1362/1618/1902
f 1353/1612/1909 1579/1926/1903 1575/1919/1910
f 1575/1919/1910 1354/1613/1911 1353/1612/1909
f 1580/1929/1906 1621/1932/1912 1582/1927/1904
f 1621/1932/1912 1581/1933/1913 1582/1927/1904
f 1356/1610/1914 1358/1615/1914 1362/1618/1914
f 1362/1618/1914 1353/1612/1914 1356/1610/1914
f 1591/1934/1915 1589/1935/1916 1620/1936/1917
f 1620/1936/1917 1619/1937/1918 1591/1934/1915
f 1619/1937/1918 1620/1936/1917 1618/1938/1919
f 1618/1938/1919 1617/1939/1920 1619/1937/1918
f 1617/1939/1920 1618/1938/1919 1616/1940/1921
f 1616/1940/1921 1615/1941/1922 1617/1939/1920
f 1615/1941/1922 1616/1940/1921 1614/1942/1923
f 1614/1942/1923 1613/1943/1924 1615/1941/1922
f 1613/1943/1924 1614/1942/1923 1612/1944/1925
f 1612/1944/1925 1611/1945/1926 1613/1943/1924
f 1611/1945/1926 1612/1944/1925 1610/1946/1927
f 1610/1946/1927 1609/1947/1928 1611/1945/1926
f 1609/1947/1928 1610/1946/1927 1608/1948/1929
f 1608/1948/1929 1607/1949/1930 1609/1947/1928
f 1607/1949/1930 1608/1948/1929 1606/1950/1931
f 1606/1950/1931 1605/1951/1932 1607/1949/1930
f 1605/1951/1932 1606/1950/1931 1604/1952/1933
f 1604/1952/1933 1603/1953/1934 1605/1951/1932
f 1603/1953/1934 1604/1952/1933 1602/1954/1935
f 1602/1954/1935 1601/1955/1936 1603/1953/1934
f 1601/1955/1936 1602/1954/1935 1600/1956/1937
f 1600/1956/1937 1599/1957/1938 1601/1955/1936
f 1599/1957/1938 1600/1956/1937 1598/1958/1939
f 1598/1958/1939 1597/1959/1940 1599/1957/1938
f 1597/1959/1940 1598/1958/1939 1596/1960/1941
f 1596/1960/1941 1595/1961/1942 1597/1959/1940
f 1595/1961/1942 1596/1960/1941 1594/1962/1943
f 1594/1962/1943 1593/1963/1944 1595/1961/1942
f 1593/1963/1944 1594/1962/1943 1592/1964/1945
f 1592/1964/1945 1590/1965/1946 1593/1963/1944
f 1590/1965/1946 1592/1964/1945 1589/1966/1916
f 1589/1966/1916 1591/1967/1915 1590/1965/1946
f 1507/1968/21 1509/1969/21 12/1970/21
f 12/1970/21 1505/1971/21 1507/1968/21
f 1505/1971/21 12/1970/21 10/1972/21
f 10/1972/21 1503/1973/21 1505/1971/21
f 1501/1974/21 1503/1973/21 10/1972/21
f 10/1972/21 1486/1975/21 1501/1974/21
f 1501/1974/21 1486/1975/21 1487/1976/21
f 1487/1976/21 1500/1977/21 1501/1974/21
f 1500/1977/21 1487/1976/21 1488/1978/21
f 1488/1978/21 1498/1979/21 1500/1977/21
f 1498/1979/21 1488/1978/21 1489/1980/21
f 1489/1980/21 1495/1981/21 1498/1979/21
f 1495/1981/21 1489/1980/21 1491/1982/21
f 1491/1982/21 1493/1983/21 1495/1981/21
f 1554/1842/1947 1557/1839/1948 1479/1772/1949
f 1479/1772/1949 1482/1769/1950 1554/1842/1947
f 1554/1842/1947 1482/1769/1950 11/1771/1951
f 11/1771/1951 1511/1845/1952 1554/1842/1947
f 22/23/1778 1517/1814/1777 1549/1984/1953
f 1549/1984/1953 1523/1820/1954 22/23/1778
f 1523/1820/1954 1549/1984/1953 1551/1985/1955
f 1524/1821/1956 1523/1820/1954 1551/1985/1955
f 1524/1821/1956 1551/1985/1955 1552/1986/1957
f 1532/1987/1958 1535/1988/1959 1536/1989/1960
f 1536/1989/1960 1588/1990/1961 1532/1987/1958
f 16/16/1962 1588/1990/1961 1536/1989/1960
f 1536/1989/1960 13/13/9 16/16/1962
f 14/15/11 16/16/1962 13/13/9
f 1519/1817/12 1532/1987/12 1588/1990/12
f 1588/1990/12 1520/1818/12 1519/1817/12
f 1520/1818/12 1588/1990/12 16/16/12
f 16/16/12 1522/1819/12 1520/1818/12
f 17/17/13 1522/1819/12 16/16/12
f 1581/1991/1963 1583/1992/1964 1582/1993/1965
f 1582/1993/1965 1583/1992/1964 1584/1994/1966
f 1579/1995/1967 1582/1993/1965 1584/1994/1966
f 1585/1996/1968 1579/1995/1967 1584/1994/1966
f 1585/1996/1968 1584/1994/1966 1586/1997/1969
f 1587/1998/1970 1585/1996/1968 1586/1997/1969
f 1587/1998/1970 1586/1997/1969 28/28/23
f 28/28/23 27/27/22 1587/1998/1970
f 1587/1998/1970 27/27/22 1562/1999/1971
f 1562/1999/1971 1577/2000/1972 1587/1998/1970
f 1575/2001/1973 1579/1995/1967 1585/1996/1968
f 1585/1996/1968 1576/2002/1974 1575/2001/1973
f 1576/2002/1974 1585/1996/1968 1587/1998/1970
f 1587/1998/1970 1577/2000/1972 1576/2002/1974
f 108/136/1975 110/138/1976 1623/2003/1977
f 1623/2003/1977 897/2004/1978 108/136/1975
f 106/134/1979 108/136/1975 897/2004/1978
f 897/2004/1978 896/2005/1979 106/134/1979
f 106/134/1979 896/2005/1979 886/2006/1980
f 886/2006/1980 104/132/1980 106/134/1979
f 102/130/1981 104/132/1980 886/2006/1980
f 886/2006/1980 887/2007/1982 102/130/1981
f 100/127/1983 102/130/1981 887/2007/1982
f 887/2007/1982 888/2008/1984 100/127/1983
f 99/128/1985 100/127/1983 888/2008/1984
f 888/2008/1984 889/2009/1986 99/128/1985
f 101/129/1987 99/128/1985 889/2009/1986
f 889/2009/1986 890/2010/1988 101/129/1987
f 103/131/1989 101/129/1987 890/2010/1988
f 890/2010/1988 891/2011/1990 103/131/1989
f 105/133/1991 103/131/1989 891/2011/1990
f 891/2011/1990 892/2012/1992 105/133/1991
f 107/135/1993 105/133/1991 892/2012/1992
f 892/2012/1992 893/2013/1994 107/135/1993
f 107/135/1993 893/2013/1994 898/2014/1995
f 898/2014/1995 109/137/1996 107/135/1993
f 111/139/1997 109/137/1996 898/2014/1995
f 898/2014/1995 899/2015/1998 111/139/1997
f 114/141/1999 111/139/1997 899/2015/1998
f 899/2015/1998 894/2016/2000 114/141/1999
f 112/142/2001 114/141/1999 894/2016/2000
f 894/2016/2000 895/2017/2002 112/142/2001
f 113/140/2003 112/142/2001 895/2017/2002
f 895/2017/2002 1624/2018/2004 113/140/2003
f 110/138/1976 113/140/2003 1624/2018/2004
f 1624/2018/2004 1623/2003/1977 110/138/1976
f 1625/2019/2005 1679/2020/2006 1676/2021/2007
f 1676/2021/2007 1626/2022/2008 1625/2019/2005
f 237/2023/233 1626/2022/2008 1676/2021/2007
f 1676/2021/2007 231/2024/232 237/2023/233
f 231/2024/232 1676/2021/2007 1674/2025/2009
f 1674/2025/2009 1676/2021/2007 1679/2020/2006
f 1679/2020/2006 1680/2026/2010 1674/2025/2009
f 1674/2025/2009 1680/2026/2010 1678/2027/2011
f 1628/2028/2012 1625/2019/2005 1626/2022/2008
f 1626/2022/2008 1629/2029/2013 1628/2028/2012
f 236/2030/234 1629/2029/2013 1626/2022/2008
f 1626/2022/2008 237/2023/233 236/2030/234
f 1630/2031/2014 1628/2028/2012 1629/2029/2013
f 1629/2029/2013 1627/2032/2015 1630/2031/2014
f 241/2033/235 1627/2032/2015 1629/2029/2013
f 1629/2029/2013 236/2030/234 241/2033/235
f 1622/2034/2016 1630/2031/2014 1627/2032/2015
f 1627/2032/2015 1631/2035/2017 1622/2034/2016
f 239/2036/237 1631/2035/2017 1627/2032/2015
f 1627/2032/2015 241/2033/235 239/2036/237
f 1634/2037/2018 1622/2034/2016 1631/2035/2017
f 1631/2035/2017 1632/2038/2019 1634/2037/2018
f 243/2039/238 1632/2038/2019 1631/2035/2017
f 1631/2035/2017 239/2036/237 243/2039/238
f 1634/2037/2018 1632/2038/2019 1636/2040/2020
f 246/2041/239 1636/2040/2020 1632/2038/2019
f 1632/2038/2019 243/2039/238 246/2041/239
f 1636/2040/2020 1635/2042/2021 1634/2037/2018
f 1635/2042/2021 1636/2040/2020 1637/2043/2022
f 247/2044/240 1637/2043/2022 1636/2040/2020
f 1636/2040/2020 246/2041/239 247/2044/240
f 1637/2043/2022 1639/2045/2023 1635/2042/2021
f 1639/2045/2023 1637/2043/2022 1638/2046/2024
f 249/2047/241 1638/2046/2024 1637/2043/2022
f 1637/2043/2022 247/2044/240 249/2047/241
f 1638/2046/2024 1641/2048/2025 1639/2045/2023
f 1641/2048/2025 1638/2046/2024 1640/2049/2026
f 251/2050/242 1640/2049/2026 1638/2046/2024
f 1638/2046/2024 249/2047/241 251/2050/242
f 1640/2049/2026 1642/2051/2027 1641/2048/2025
f 1642/2051/2027 1640/2049/2026 1643/2052/2028
f 253/2053/243 1643/2052/2028 1640/2049/2026
f 1640/2049/2026 251/2050/242 253/2053/243
f 1643/2052/2028 1644/2054/2029 1642/2051/2027
f 1644/2054/2029 1643/2052/2028 1646/2055/2030
f 255/2056/245 1646/2055/2030 1643/2052/2028
f 1643/2052/2028 253/2053/243 255/2056/245
f 1646/2055/2030 1645/2057/2031 1644/2054/2029
f 1647/2058/2032 1645/2057/2031 1646/2055/2030
f 1646/2055/2030 1648/2059/2033 1647/2058/2032
f 257/2060/247 1648/2059/2033 1646/2055/2030
f 1646/2055/2030 255/2056/245 257/2060/247
f 1649/2061/2034 1647/2058/2032 1648/2059/2033
f 1648/2059/2033 1633/2062/2035 1649/2061/2034
f 259/2063/248 1633/2062/2035 1648/2059/2033
f 1648/2059/2033 257/2060/247 259/2063/248
f 1654/2064/2036 1649/2061/2034 1633/2062/2035
f 1633/2062/2035 1653/2065/2037 1654/2064/2036
f 261/2066/249 1653/2065/2037 1633/2062/2035
f 1633/2062/2035 259/2063/248 261/2066/249
f 1650/2067/2038 1654/2064/2036 1653/2065/2037
f 1653/2065/2037 1655/2068/2039 1650/2067/2038
f 263/2069/250 1655/2068/2039 1653/2065/2037
f 1653/2065/2037 261/2066/249 263/2069/250
f 1651/2070/2040 1650/2067/2038 1655/2068/2039
f 1655/2068/2039 1652/2071/2041 1651/2070/2040
f 265/2072/252 1652/2071/2041 1655/2068/2039
f 1655/2068/2039 263/2069/250 265/2072/252
f 1685/2073/2042 1651/2070/2040 1652/2071/2041
f 1652/2071/2041 1686/2074/2043 1685/2073/2042
f 219/2075/222 1686/2074/2043 1652/2071/2041
f 1652/2071/2041 265/2072/252 219/2075/222
f 1685/2073/2042 1686/2074/2043 1681/2076/2044
f 223/2077/221 1681/2076/2044 1686/2074/2043
f 1686/2074/2043 219/2075/222 223/2077/221
f 1681/2076/2044 1683/2078/2045 1685/2073/2042
f 1683/2078/2045 1681/2076/2044 1682/2079/2046
f 221/2080/224 1682/2079/2046 1681/2076/2044
f 1681/2076/2044 223/2077/221 221/2080/224
f 1682/2079/2046 1684/2081/2047 1683/2078/2045
f 1684/2081/2047 1682/2079/2046 1673/2082/2048
f 224/2083/226 1673/2082/2048 1682/2079/2046
f 1682/2079/2046 221/2080/224 224/2083/226
f 1673/2082/2048 1675/2084/2049 1684/2081/2047
f 1675/2084/2049 1673/2082/2048 1665/2085/2050
f 230/2086/227 1665/2085/2050 1673/2082/2048
f 1673/2082/2048 224/2083/226 230/2086/227
f 1665/2085/2050 1677/2087/2051 1675/2084/2049
f 1677/2087/2051 1665/2085/2050 1671/2088/2052
f 229/2089/230 1671/2088/2052 1665/2085/2050
f 1665/2085/2050 230/2086/227 229/2089/230
f 1671/2088/2052 1678/2027/2011 1677/2087/2051
f 1678/2027/2011 1671/2088/2052 1674/2025/2009
f 233/2090/231 1674/2025/2009 1671/2088/2052
f 1671/2088/2052 229/2089/230 233/2090/231
f 1674/2025/2009 233/2090/231 231/2024/232
f 1659/2091/2053 1668/2092/2054 1672/2093/2055
f 1672/2093/2055 1669/2094/2056 1659/2091/2053
f 1659/2091/2053 1669/2094/2056 1670/2095/2057
f 1670/2095/2057 1656/2096/2058 1659/2091/2053
f 1656/2096/2058 1670/2095/2057 1666/2097/2059
f 1666/2097/2059 1660/2098/2060 1656/2096/2058
f 1660/2098/2060 1666/2097/2059 1667/2099/2061
f 1668/2092/2054 1659/2091/2053 1694/2100/2062
f 1694/2100/2062 1659/2091/2053 1656/2096/2058
f 1656/2096/2058 1661/2101/2063 1694/2100/2062
f 1661/2101/2063 1656/2096/2058 1660/2098/2060
f 1660/2098/2060 1662/2102/2064 1661/2101/2063
f 1662/2102/2064 1660/2098/2060 1657/2103/2065
f 1667/2099/2061 1657/2103/2065 1660/2098/2060
f 1694/2100/2062 1658/2104/2066 1668/2092/2054
f 1658/2104/2066 1694/2100/2062 1689/2105/2067
f 1689/2105/2067 1694/2100/2062 1661/2101/2063
f 1661/2101/2063 1692/2106/2068 1689/2105/2067
f 1692/2106/2068 1661/2101/2063 1662/2102/2064
f 1662/2102/2064 1693/2107/2069 1692/2106/2068
f 1693/2107/2069 1662/2102/2064 1687/2108/2070
f 1657/2103/2065 1687/2108/2070 1662/2102/2064
f 1689/2105/2067 1688/2109/2071 1658/2104/2066
f 1688/2109/2071 1689/2105/2067 1664/2110/2072
f 1664/2110/2072 1689/2105/2067 1692/2106/2068
f 1692/2106/2068 1700/2111/2073 1664/2110/2072
f 1700/2111/2073 1692/2106/2068 1693/2107/2069
f 1693/2107/2069 1699/2112/2074 1700/2111/2073
f 1699/2112/2074 1693/2107/2069 1663/2113/2075
f 1687/2108/2070 1663/2113/2075 1693/2107/2069
f 1664/2110/2072 1691/2114/2076 1688/2109/2071
f 1691/2114/2076 1664/2110/2072 1697/2115/2077
f 1697/2115/2077 1664/2110/2072 1700/2111/2073
f 1700/2111/2073 1705/2116/2078 1697/2115/2077
f 1705/2116/2078 1700/2111/2073 1699/2112/2074
f 1699/2112/2074 1698/2117/2079 1705/2116/2078
f 1698/2117/2079 1699/2112/2074 1690/2118/2080
f 1663/2113/2075 1690/2118/2080 1699/2112/2074
f 1697/2115/2077 1696/2119/2081 1691/2114/2076
f 1696/2119/2081 1697/2115/2077 1707/2120/2082
f 1707/2120/2082 1697/2115/2077 1705/2116/2078
f 1705/2116/2078 1703/2121/2083 1707/2120/2082
f 1703/2121/2083 1705/2116/2078 1698/2117/2079
f 1698/2117/2079 1706/2122/2084 1703/2121/2083
f 1706/2122/2084 1698/2117/2079 1695/2123/2085
f 1690/2118/2080 1695/2123/2085 1698/2117/2079
f 1707/2120/2082 1702/2124/2086 1696/2119/2081
f 1704/2125/2087 1702/2124/2086 1707/2120/2082
f 1707/2120/2082 1708/2126/2088 1704/2125/2087
f 1708/2126/2088 1707/2120/2082 1703/2121/2083
f 1703/2121/2083 1711/2127/2089 1708/2126/2088
f 1711/2127/2089 1703/2121/2083 1706/2122/2084
f 1706/2122/2084 1712/2128/2090 1711/2127/2089
f 39/2129/2091 1712/2128/2090 1706/2122/2084
f 1706/2122/2084 1701/2130/2092 39/2129/2091
f 1695/2123/2085 1701/2130/2092 1706/2122/2084
f 1715/2131/2093 1704/2125/2087 1708/2126/2088
f 1708/2126/2088 1714/2132/2094 1715/2131/2093
f 1714/2132/2094 1708/2126/2088 1711/2127/2089
f 1711/2127/2089 1716/2133/2095 1714/2132/2094
f 1716/2133/2095 1711/2127/2089 1712/2128/2090
f 1712/2128/2090 1713/2134/2096 1716/2133/2095
f 37/2135/2097 1713/2134/2096 1712/2128/2090
f 1712/2128/2090 39/2129/2091 37/2135/2097
f 1720/2136/2098 1715/2131/2093 1714/2132/2094
f 1714/2132/2094 1721/2137/2099 1720/2136/2098
f 1721/2137/2099 1714/2132/2094 1716/2133/2095
f 1716/2133/2095 1717/2138/2100 1721/2137/2099
f 1717/2138/2100 1716/2133/2095 1713/2134/2096
f 1713/2134/2096 1719/2139/2101 1717/2138/2100
f 31/2140/2102 1719/2139/2101 1713/2134/2096
f 1713/2134/2096 37/2135/2097 31/2140/2102
f 1722/2141/2103 1720/2136/2098 1721/2137/2099
f 1721/2137/2099 1723/2142/2104 1722/2141/2103
f 1723/2142/2104 1721/2137/2099 1717/2138/2100
f 1717/2138/2100 1724/2143/2105 1723/2142/2104
f 1724/2143/2105 1717/2138/2100 1719/2139/2101
f 1719/2139/2101 1718/2144/2106 1724/2143/2105
f 47/2145/2107 1718/2144/2106 1719/2139/2101
f 1719/2139/2101 31/2140/2102 47/2145/2107
f 1709/2146/2108 1722/2141/2103 1723/2142/2104
f 1723/2142/2104 1710/2147/2109 1709/2146/2108
f 1710/2147/2109 1723/2142/2104 1724/2143/2105
f 1724/2143/2105 1725/2148/2110 1710/2147/2109
f 1725/2148/2110 1724/2143/2105 1718/2144/2106
f 1718/2144/2106 1726/2149/2111 1725/2148/2110
f 48/2150/2112 1726/2149/2111 1718/2144/2106
f 1718/2144/2106 47/2145/2107 48/2150/2112
f 1735/2151/2113 1709/2146/2108 1710/2147/2109
f 1710/2147/2109 1727/2152/2114 1735/2151/2113
f 1727/2152/2114 1710/2147/2109 1725/2148/2110
f 1725/2148/2110 1738/2153/2115 1727/2152/2114
f 1738/2153/2115 1725/2148/2110 1726/2149/2111
f 1726/2149/2111 1737/2154/2116 1738/2153/2115
f 52/2155/2117 1737/2154/2116 1726/2149/2111
f 1726/2149/2111 48/2150/2112 52/2155/2117
f 1735/2151/2113 1727/2152/2114 1734/2156/2118
f 1734/2156/2118 1727/2152/2114 1738/2153/2115
f 1738/2153/2115 1733/2157/2119 1734/2156/2118
f 1733/2157/2119 1738/2153/2115 1737/2154/2116
f 1737/2154/2116 1736/2158/2120 1733/2157/2119
f 1736/2158/2120 1737/2154/2116 52/2155/2117
f 52/2155/2117 58/2159/2121 1736/2158/2120
f 1731/2160/2122 1736/2158/2120 58/2159/2121
f 58/2159/2121 61/2161/2123 1731/2160/2122
f 1734/2156/2118 1739/2162/2124 1735/2151/2113
f 1739/2162/2124 1734/2156/2118 1728/2163/2125
f 1728/2163/2125 1734/2156/2118 1733/2157/2119
f 1733/2157/2119 1732/2164/2126 1728/2163/2125
f 1732/2164/2126 1733/2157/2119 1736/2158/2120
f 1736/2158/2120 1731/2160/2122 1732/2164/2126
f 1747/2165/2127 1732/2164/2126 1731/2160/2122
f 1731/2160/2122 1730/2166/2128 1747/2165/2127
f 1730/2166/2128 1731/2160/2122 61/2161/2123
f 61/2161/2123 63/2167/2129 1730/2166/2128
f 1745/2168/2130 1730/2166/2128 63/2167/2129
f 63/2167/2129 70/2169/2131 1745/2168/2130
f 1728/2163/2125 1729/2170/2132 1739/2162/2124
f 1729/2170/2132 1728/2163/2125 1748/2171/2133
f 1748/2171/2133 1728/2163/2125 1732/2164/2126
f 1732/2164/2126 1747/2165/2127 1748/2171/2133
f 1743/2172/2134 1748/2171/2133 1747/2165/2127
f 1747/2165/2127 1746/2173/2135 1743/2172/2134
f 1746/2173/2135 1747/2165/2127 1730/2166/2128
f 1730/2166/2128 1745/2168/2130 1746/2173/2135
f 1740/2174/2136 1746/2173/2135 1745/2168/2130
f 1745/2168/2130 1749/2175/2137 1740/2174/2136
f 1749/2175/2137 1745/2168/2130 70/2169/2131
f 70/2169/2131 71/2176/2138 1749/2175/2137
f 1748/2171/2133 1744/2177/2139 1729/2170/2132
f 1744/2177/2139 1748/2171/2133 1743/2172/2134
f 1743/2172/2134 1742/2178/2140 1744/2177/2139
f 1742/2178/2140 1743/2172/2134 1741/2179/2141
f 1741/2179/2141 1743/2172/2134 1746/2173/2135
f 1746/2173/2135 1740/2174/2136 1741/2179/2141
f 1753/2180/2142 1741/2179/2141 1740/2174/2136
f 1740/2174/2136 1752/2181/2143 1753/2180/2142
f 1752/2181/2143 1740/2174/2136 1749/2175/2137
f 1749/2175/2137 1751/2182/2144 1752/2181/2143
f 1751/2182/2144 1749/2175/2137 71/2176/2138
f 71/2176/2138 72/2183/2145 1751/2182/2144
f 1751/2182/2144 72/2183/2145 79/2184/2146
f 1741/2179/2141 1755/2185/2147 1742/2178/2140
f 1755/2185/2147 1741/2179/2141 1753/2180/2142
f 1753/2180/2142 1754/2186/2148 1755/2185/2147
f 1767/2187/2149 1754/2186/2148 1753/2180/2142
f 1753/2180/2142 1766/2188/2150 1767/2187/2149
f 1766/2188/2150 1753/2180/2142 1752/2181/2143
f 1752/2181/2143 1765/2189/2151 1766/2188/2150
f 1765/2189/2151 1752/2181/2143 1751/2182/2144
f 1751/2182/2144 1750/2190/2152 1765/2189/2151
f 79/2184/2146 1750/2190/2152 1751/2182/2144
f 1750/2190/2152 79/2184/2146 78/2191/2153
f 78/2191/2153 1764/2192/2154 1750/2190/2152
f 1764/2192/2154 78/2191/2153 82/2193/2155
f 1760/2194/2156 1767/2187/2149 1766/2188/2150
f 1766/2188/2150 1757/2195/2157 1760/2194/2156
f 1757/2195/2157 1766/2188/2150 1765/2189/2151
f 1765/2189/2151 1768/2196/2158 1757/2195/2157
f 1764/2192/2154 1768/2196/2158 1765/2189/2151
f 1765/2189/2151 1750/2190/2152 1764/2192/2154
f 1770/2197/2159 1760/2194/2156 1757/2195/2157
f 1757/2195/2157 1772/2198/2160 1770/2197/2159
f 1772/2198/2160 1757/2195/2157 1768/2196/2158
f 1768/2196/2158 1758/2199/2161 1772/2198/2160
f 1758/2199/2161 1768/2196/2158 1764/2192/2154
f 1764/2192/2154 1763/2200/2162 1758/2199/2161
f 82/2193/2155 1763/2200/2162 1764/2192/2154
f 1763/2200/2162 82/2193/2155 83/2201/2163
f 83/2201/2163 1762/2202/2164 1763/2200/2162
f 1762/2202/2164 83/2201/2163 1756/2203/2165
f 1771/2204/2166 1770/2197/2159 1772/2198/2160
f 1772/2198/2160 1773/2205/2167 1771/2204/2166
f 1773/2205/2167 1772/2198/2160 1758/2199/2161
f 1758/2199/2161 1759/2206/2168 1773/2205/2167
f 1759/2206/2168 1758/2199/2161 1763/2200/2162
f 1763/2200/2162 1762/2202/2164 1759/2206/2168
f 1769/2207/2169 1759/2206/2168 1762/2202/2164
f 1762/2202/2164 1761/2208/2170 1769/2207/2169
f 1756/2203/2165 1761/2208/2170 1762/2202/2164
f 1761/2208/2170 1756/2203/2165 1667/2209/2061
f 1667/2209/2061 1666/2210/2059 1761/2208/2170
f 1761/2208/2170 1666/2210/2059 1670/2211/2057
f 1774/2212/2171 1771/2204/2166 1773/2205/2167
f 1773/2205/2167 1775/2213/2172 1774/2212/2171
f 1775/2213/2172 1773/2205/2167 1759/2206/2168
f 1759/2206/2168 1769/2207/2169 1775/2213/2172
f 1669/2214/2056 1775/2213/2172 1769/2207/2169
f 1769/2207/2169 1670/2211/2057 1669/2214/2056
f 1670/2211/2057 1769/2207/2169 1761/2208/2170
f 1672/2215/2055 1774/2212/2171 1775/2213/2172
f 1775/2213/2172 1669/2214/2056 1672/2215/2055
f 1729/2216/2173 1744/2217/2174 1628/2028/2175
f 1628/2028/2175 1630/2031/2176 1729/2216/2173
f 1739/2218/2177 1729/2216/2173 1630/2031/2176
f 1630/2031/2176 1622/2034/2178 1739/2218/2177
f 1735/2219/2179 1739/2218/2177 1622/2034/2178
f 1622/2034/2178 1634/2037/2180 1735/2219/2179
f 1735/2219/2179 1634/2037/2180 1635/2042/2181
f 1635/2042/2181 1709/2220/2182 1735/2219/2179
f 1709/2220/2182 1635/2042/2181 1639/2045/2183
f 1639/2045/2183 1722/2221/2184 1709/2220/2182
f 1722/2221/2184 1639/2045/2183 1641/2048/2185
f 1641/2048/2185 1720/2222/2186 1722/2221/2184
f 1720/2222/2186 1641/2048/2185 1642/2051/2187
f 1642/2051/2187 1715/2223/2188 1720/2222/2186
f 1715/2223/2188 1642/2051/2187 1644/2054/2189
f 1644/2054/2189 1704/2224/2190 1715/2223/2188
f 1704/2224/2190 1644/2054/2189 1645/2057/2191
f 1645/2057/2191 1702/2225/2192 1704/2224/2190
f 1696/2226/2193 1702/2225/2192 1645/2057/2191
f 1645/2057/2191 1647/2058/2194 1696/2226/2193
f 1691/2227/2195 1696/2226/2193 1647/2058/2194
f 1647/2058/2194 1649/2061/2196 1691/2227/2195
f 1688/2228/2197 1691/2227/2195 1649/2061/2196
f 1649/2061/2196 1654/2064/2198 1688/2228/2197
f 1658/2229/2199 1688/2228/2197 1654/2064/2198
f 1654/2064/2198 1650/2067/2200 1658/2229/2199
f 1668/2230/2201 1658/2229/2199 1650/2067/2200
f 1650/2067/2200 1651/2070/2202 1668/2230/2201
f 1672/2231/2203 1668/2230/2201 1651/2070/2202
f 1651/2070/2202 1685/2073/2204 1672/2231/2203
f 1672/2231/2203 1685/2073/2204 1683/2078/2205
f 1683/2078/2205 1774/2232/2206 1672/2231/2203
f 1774/2232/2206 1683/2078/2205 1684/2081/2207
f 1684/2081/2207 1771/2233/2208 1774/2232/2206
f 1771/2233/2208 1684/2081/2207 1675/2084/2209
f 1675/2084/2209 1770/2234/2210 1771/2233/2208
f 1770/2234/2210 1675/2084/2209 1677/2087/2211
f 1677/2087/2211 1760/2235/2212 1770/2234/2210
f 1760/2235/2212 1677/2087/2211 1678/2027/2213
f 1678/2027/2213 1767/2236/2214 1760/2235/2212
f 1754/2237/2215 1767/2236/2214 1678/2027/2213
f 1678/2027/2213 1680/2026/2216 1754/2237/2215
f 1754/2237/2215 1680/2026/2216 1679/2020/2217
f 1679/2020/2217 1755/2238/2217 1754/2237/2215
f 1742/2239/2218 1755/2238/2217 1679/2020/2217
f 1679/2020/2217 1625/2019/2219 1742/2239/2218
f 1744/2217/2174 1742/2239/2218 1625/2019/2219
f 1625/2019/2219 1628/2028/2175 1744/2217/2174
f 1861/2240/2220 1777/2241/2221 1854/2242/2222
f 1854/2242/2222 1862/2243/2223 1861/2240/2220
f 1862/2243/2223 1854/2242/2222 1855/2244/2224
f 1855/2244/2224 1863/2245/2225 1862/2243/2223
f 1863/2245/2225 1855/2244/2224 1856/2246/2226
f 1856/2246/2226 1858/2247/2227 1863/2245/2225
f 1858/2247/2227 1856/2246/2226 1850/2248/2228
f 1777/2241/2221 1861/2240/2220 1778/2249/2229
f 1860/2250/2230 1778/2249/2229 1861/2240/2220
f 1861/2240/2220 1868/2251/2231 1860/2250/2230
f 1868/2251/2231 1861/2240/2220 1862/2243/2223
f 1862/2243/2223 1870/2252/2232 1868/2251/2231
f 1870/2252/2232 1862/2243/2223 1863/2245/2225
f 1863/2245/2225 1864/2253/2233 1870/2252/2232
f 1864/2253/2233 1863/2245/2225 1858/2247/2227
f 1778/2249/2229 1776/2254/2234 1777/2241/2221
f 1788/2255/2235 1776/2254/2234 1778/2249/2229
f 1778/2249/2229 1787/2256/2236 1788/2255/2235
f 1787/2256/2236 1778/2249/2229 1860/2250/2230
f 1860/2250/2230 1779/2257/2237 1787/2256/2236
f 1779/2257/2237 1860/2250/2230 1866/2258/2238
f 1867/2259/2239 1866/2258/2238 1860/2250/2230
f 1860/2250/2230 1868/2251/2231 1867/2259/2239
f 1871/2260/2240 1867/2259/2239 1868/2251/2231
f 1868/2251/2231 1870/2252/2232 1871/2260/2240
f 1869/2261/2241 1871/2260/2240 1870/2252/2232
f 1870/2252/2232 1864/2253/2233 1869/2261/2241
f 1783/2262/2242 1788/2255/2235 1787/2256/2236
f 1787/2256/2236 1780/2263/2243 1783/2262/2242
f 1780/2263/2243 1787/2256/2236 1779/2257/2237
f 1779/2257/2237 1781/2264/2244 1780/2263/2243
f 1781/2264/2244 1779/2257/2237 1786/2265/2245
f 1866/2258/2238 1786/2265/2245 1779/2257/2237
f 1786/2265/2245 1866/2258/2238 405/2266/2246
f 398/2267/2247 405/2266/2246 1866/2258/2238
f 1866/2258/2238 1867/2259/2239 398/2267/2247
f 380/2268/2248 398/2267/2247 1867/2259/2239
f 1867/2259/2239 1871/2260/2240 380/2268/2248
f 1782/2269/2249 1783/2262/2242 1780/2263/2243
f 1780/2263/2243 1791/2270/2250 1782/2269/2249
f 1791/2270/2250 1780/2263/2243 1781/2264/2244
f 1781/2264/2244 1784/2271/2251 1791/2270/2250
f 1784/2271/2251 1781/2264/2244 1790/2272/2252
f 1786/2265/2245 1790/2272/2252 1781/2264/2244
f 1790/2272/2252 1786/2265/2245 406/2273/2253
f 405/2266/2246 406/2273/2253 1786/2265/2245
f 1796/2274/2254 1782/2269/2249 1791/2270/2250
f 1791/2270/2250 1797/2275/2255 1796/2274/2254
f 1797/2275/2255 1791/2270/2250 1784/2271/2251
f 1784/2271/2251 1785/2276/2256 1797/2275/2255
f 1785/2276/2256 1784/2271/2251 1789/2277/2257
f 1790/2272/2252 1789/2277/2257 1784/2271/2251
f 1789/2277/2257 1790/2272/2252 409/2278/2258
f 406/2273/2253 409/2278/2258 1790/2272/2252
f 1799/2279/2259 1796/2274/2254 1797/2275/2255
f 1797/2275/2255 1798/2280/2260 1799/2279/2259
f 1798/2280/2260 1797/2275/2255 1785/2276/2256
f 1785/2276/2256 1792/2281/2261 1798/2280/2260
f 1792/2281/2261 1785/2276/2256 1795/2282/2262
f 1789/2277/2257 1795/2282/2262 1785/2276/2256
f 1795/2282/2262 1789/2277/2257 410/2283/2263
f 409/2278/2258 410/2283/2263 1789/2277/2257
f 1799/2279/2259 1798/2280/2260 1800/2284/2264
f 1800/2284/2264 1798/2280/2260 1792/2281/2261
f 1792/2281/2261 1801/2285/2265 1800/2284/2264
f 1801/2285/2265 1792/2281/2261 1802/2286/2266
f 1795/2282/2262 1802/2286/2266 1792/2281/2261
f 1802/2286/2266 1795/2282/2262 295/2287/2267
f 410/2283/2263 295/2287/2267 1795/2282/2262
f 1800/2284/2264 1805/2288/2268 1799/2279/2259
f 1805/2288/2268 1800/2284/2264 1806/2289/2269
f 1803/2290/2270 1806/2289/2269 1800/2284/2264
f 1800/2284/2264 1801/2285/2265 1803/2290/2270
f 1803/2290/2270 1801/2285/2265 1804/2291/2271
f 1802/2286/2266 1804/2291/2271 1801/2285/2265
f 1804/2291/2271 1802/2286/2266 302/2292/2272
f 295/2287/2267 302/2292/2272 1802/2286/2266
f 1806/2289/2269 1807/2293/2273 1805/2288/2268
f 1807/2293/2273 1806/2289/2269 1808/2294/2274
f 1809/2295/2275 1808/2294/2274 1806/2289/2269
f 1806/2289/2269 1803/2290/2270 1809/2295/2275
f 1809/2295/2275 1803/2290/2270 1810/2296/2276
f 1804/2291/2271 1810/2296/2276 1803/2290/2270
f 1810/2296/2276 1804/2291/2271 298/2297/2277
f 302/2292/2272 298/2297/2277 1804/2291/2271
f 1808/2294/2274 1811/2298/2278 1807/2293/2273
f 1811/2298/2278 1808/2294/2274 1814/2299/2279
f 1793/2300/2280 1814/2299/2279 1808/2294/2274
f 1808/2294/2274 1809/2295/2275 1793/2300/2280
f 1793/2300/2280 1809/2295/2275 1794/2301/2281
f 1810/2296/2276 1794/2301/2281 1809/2295/2275
f 1794/2301/2281 1810/2296/2276 310/2302/2282
f 298/2297/2277 310/2302/2282 1810/2296/2276
f 1814/2299/2279 1815/2303/2283 1811/2298/2278
f 1815/2303/2283 1814/2299/2279 1816/2304/2284
f 1817/2305/2285 1816/2304/2284 1814/2299/2279
f 1814/2299/2279 1793/2300/2280 1817/2305/2285
f 1817/2305/2285 1793/2300/2280 1818/2306/2286
f 1794/2301/2281 1818/2306/2286 1793/2300/2280
f 1818/2306/2286 1794/2301/2281 315/2307/2287
f 310/2302/2282 315/2307/2287 1794/2301/2281
f 1816/2304/2284 1821/2308/2288 1815/2303/2283
f 1821/2308/2288 1816/2304/2284 1822/2309/2289
f 1819/2310/2290 1822/2309/2289 1816/2304/2284
f 1816/2304/2284 1817/2305/2285 1819/2310/2290
f 1819/2310/2290 1817/2305/2285 1820/2311/2291
f 1818/2306/2286 1820/2311/2291 1817/2305/2285
f 1820/2311/2291 1818/2306/2286 320/2312/2292
f 315/2307/2287 320/2312/2292 1818/2306/2286
f 1822/2309/2289 1823/2313/2293 1821/2308/2288
f 1823/2313/2293 1822/2309/2289 1824/2314/2294
f 1825/2315/2295 1824/2314/2294 1822/2309/2289
f 1822/2309/2289 1819/2310/2290 1825/2315/2295
f 1825/2315/2295 1819/2310/2290 1826/2316/2296
f 1820/2311/2291 1826/2316/2296 1819/2310/2290
f 1826/2316/2296 1820/2311/2291 324/2317/2297
f 320/2312/2292 324/2317/2297 1820/2311/2291
f 1824/2314/2294 1828/2318/2298 1823/2313/2293
f 1828/2318/2298 1824/2314/2294 1812/2319/2299
f 1812/2319/2299 1824/2314/2294 1825/2315/2295
f 1825/2315/2295 1813/2320/2300 1812/2319/2299
f 1813/2320/2300 1825/2315/2295 1827/2321/2301
f 1826/2316/2296 1827/2321/2301 1825/2315/2295
f 1827/2321/2301 1826/2316/2296 331/2322/2302
f 324/2317/2297 331/2322/2302 1826/2316/2296
f 1812/2319/2299 1829/2323/2303 1828/2318/2298
f 1835/2324/2304 1829/2323/2303 1812/2319/2299
f 1812/2319/2299 1836/2325/2305 1835/2324/2304
f 1836/2325/2305 1812/2319/2299 1813/2320/2300
f 1813/2320/2300 1830/2326/2306 1836/2325/2305
f 1830/2326/2306 1813/2320/2300 1831/2327/2307
f 1827/2321/2301 1831/2327/2307 1813/2320/2300
f 1831/2327/2307 1827/2321/2301 338/2328/2308
f 331/2322/2302 338/2328/2308 1827/2321/2301
f 1837/2329/2309 1835/2324/2304 1836/2325/2305
f 1836/2325/2305 1838/2330/2310 1837/2329/2309
f 1838/2330/2310 1836/2325/2305 1830/2326/2306
f 1830/2326/2306 1839/2331/2311 1838/2330/2310
f 1839/2331/2311 1830/2326/2306 1834/2332/2312
f 1831/2327/2307 1834/2332/2312 1830/2326/2306
f 1834/2332/2312 1831/2327/2307 339/2333/2313
f 338/2328/2308 339/2333/2313 1831/2327/2307
f 1842/2334/2314 1837/2329/2309 1838/2330/2310
f 1838/2330/2310 1843/2335/2315 1842/2334/2314
f 1843/2335/2315 1838/2330/2310 1839/2331/2311
f 1839/2331/2311 1840/2336/2316 1843/2335/2315
f 1840/2336/2316 1839/2331/2311 1841/2337/2317
f 1834/2332/2312 1841/2337/2317 1839/2331/2311
f 1841/2337/2317 1834/2332/2312 346/2338/2318
f 339/2333/2313 346/2338/2318 1834/2332/2312
f 1844/2339/2319 1842/2334/2314 1843/2335/2315
f 1843/2335/2315 1845/2340/2320 1844/2339/2319
f 1845/2340/2320 1843/2335/2315 1840/2336/2316
f 1840/2336/2316 1846/2341/2321 1845/2340/2320
f 1846/2341/2321 1840/2336/2316 1847/2342/2322
f 1841/2337/2317 1847/2342/2322 1840/2336/2316
f 1847/2342/2322 1841/2337/2317 347/2343/2323
f 346/2338/2318 347/2343/2323 1841/2337/2317
f 1848/2344/2324 1844/2339/2319 1845/2340/2320
f 1845/2340/2320 1849/2345/2325 1848/2344/2324
f 1849/2345/2325 1845/2340/2320 1846/2341/2321
f 1846/2341/2321 1832/2346/2326 1849/2345/2325
f 1832/2346/2326 1846/2341/2321 1833/2347/2327
f 1847/2342/2322 1833/2347/2327 1846/2341/2321
f 1833/2347/2327 1847/2342/2322 357/2348/2328
f 347/2343/2323 357/2348/2328 1847/2342/2322
f 1848/2344/2324 1849/2345/2325 1851/2349/2329
f 1852/2350/2330 1851/2349/2329 1849/2345/2325
f 1849/2345/2325 1832/2346/2326 1852/2350/2330
f 1852/2350/2330 1832/2346/2326 1853/2351/2331
f 1833/2347/2327 1853/2351/2331 1832/2346/2326
f 1853/2351/2331 1833/2347/2327 356/2352/2332
f 357/2348/2328 356/2352/2332 1833/2347/2327
f 1851/2349/2329 1850/2248/2228 1848/2344/2324
f 1850/2248/2228 1851/2349/2329 1858/2247/2227
f 1857/2353/2333 1858/2247/2227 1851/2349/2329
f 1851/2349/2329 1852/2350/2330 1857/2353/2333
f 1857/2353/2333 1852/2350/2330 1859/2354/2334
f 1853/2351/2331 1859/2354/2334 1852/2350/2330
f 1859/2354/2334 1853/2351/2331 365/2355/2335
f 356/2352/2332 365/2355/2335 1853/2351/2331
f 1858/2247/2227 1857/2353/2333 1864/2253/2233
f 1864/2253/2233 1857/2353/2333 1865/2356/2336
f 1859/2354/2334 1865/2356/2336 1857/2353/2333
f 1865/2356/2336 1859/2354/2334 371/2357/2337
f 365/2355/2335 371/2357/2337 1859/2354/2334
f 1865/2356/2336 1869/2261/2241 1864/2253/2233
f 1869/2261/2241 1865/2356/2336 373/2358/2338
f 371/2357/2337 373/2358/2338 1865/2356/2336
f 373/2358/2338 374/2359/2339 1869/2261/2241
f 1871/2260/2240 1869/2261/2241 374/2359/2339
f 374/2359/2339 380/2268/2248 1871/2260/2240
f 1848/2344/2340 1850/2248/2341 86/2360/2342
f 86/2360/2342 77/2361/2343 1848/2344/2340
f 1844/2339/2344 1848/2344/2340 77/2361/2343
f 77/2361/2343 76/2362/2345 1844/2339/2344
f 1842/2334/2346 1844/2339/2344 76/2362/2345
f 76/2362/2345 69/2363/2347 1842/2334/2346
f 1837/2329/2348 1842/2334/2346 69/2363/2347
f 69/2363/2347 66/2364/2349 1837/2329/2348
f 1835/2324/2350 1837/2329/2348 66/2364/2349
f 66/2364/2349 59/2365/2351 1835/2324/2350
f 1829/2323/2352 1835/2324/2350 59/2365/2351
f 59/2365/2351 60/2366/2353 1829/2323/2352
f 1828/2318/2354 1829/2323/2352 60/2366/2353
f 60/2366/2353 56/2367/2355 1828/2318/2354
f 1823/2313/2356 1828/2318/2354 56/2367/2355
f 56/2367/2355 50/2368/2357 1823/2313/2356
f 1821/2308/2358 1823/2313/2356 50/2368/2357
f 50/2368/2357 32/2369/2359 1821/2308/2358
f 1815/2303/2360 1821/2308/2358 32/2369/2359
f 32/2369/2359 40/2370/2361 1815/2303/2360
f 1811/2298/2362 1815/2303/2360 40/2370/2361
f 40/2370/2361 41/2371/2363 1811/2298/2362
f 1807/2293/2364 1811/2298/2362 41/2371/2363
f 41/2371/2363 42/2372/2365 1807/2293/2364
f 1805/2288/2366 1807/2293/2364 42/2372/2365
f 42/2372/2365 1873/2373/2367 1805/2288/2366
f 1799/2279/2368 1805/2288/2366 1873/2373/2367
f 1873/2373/2367 1874/2374/2369 1799/2279/2368
f 1796/2274/2370 1799/2279/2368 1874/2374/2369
f 1874/2374/2369 1875/2375/2371 1796/2274/2370
f 1782/2269/2372 1796/2274/2370 1875/2375/2371
f 1875/2375/2371 1876/2376/2373 1782/2269/2372
f 1783/2262/2374 1782/2269/2372 1876/2376/2373
f 1876/2376/2373 1877/2377/2375 1783/2262/2374
f 1788/2255/2376 1783/2262/2374 1877/2377/2375
f 1877/2377/2375 1878/2378/2377 1788/2255/2376
f 1776/2254/2378 1788/2255/2376 1878/2378/2377
f 1878/2378/2377 1879/2379/2379 1776/2254/2378
f 1777/2241/2380 1776/2254/2378 1879/2379/2379
f 1879/2379/2379 88/2380/2381 1777/2241/2380
f 1854/2242/2382 1777/2241/2380 88/2380/2381
f 88/2380/2381 98/2381/2383 1854/2242/2382
f 1855/2244/2384 1854/2242/2382 98/2381/2383
f 98/2381/2383 96/2382/2385 1855/2244/2384
f 1856/2246/2386 1855/2244/2384 96/2382/2385
f 96/2382/2385 90/2383/2387 1856/2246/2386
f 1850/2248/2341 1856/2246/2386 90/2383/2387
f 90/2383/2387 86/2360/2342 1850/2248/2341
f 470/136/2388 471/138/2389 1908/2003/2390
f 1908/2003/2390 1872/2004/2391 470/136/2388
f 463/134/2392 470/136/2388 1872/2004/2391
f 1872/2004/2391 1880/2005/2393 463/134/2392
f 463/134/2392 1880/2005/2393 1888/2006/2394
f 1888/2006/2394 465/132/2395 463/134/2392
f 462/130/2396 465/132/2395 1888/2006/2394
f 1888/2006/2394 1893/2007/2397 462/130/2396
f 459/127/2398 462/130/2396 1893/2007/2397
f 1893/2007/2397 1889/2008/2399 459/127/2398
f 460/128/2400 459/127/2398 1889/2008/2399
f 1889/2008/2399 1894/2009/2401 460/128/2400
f 461/129/2402 460/128/2400 1894/2009/2401
f 1894/2009/2401 1895/2010/2403 461/129/2402
f 464/131/2404 461/129/2402 1895/2010/2403
f 1895/2010/2403 1896/2011/2405 464/131/2404
f 467/133/2406 464/131/2404 1896/2011/2405
f 1896/2011/2405 1897/2012/2407 467/133/2406
f 466/135/2408 467/133/2406 1897/2012/2407
f 1897/2012/2407 1898/2013/2409 466/135/2408
f 466/135/2408 1898/2013/2409 1899/2014/2410
f 1899/2014/2410 469/137/2411 466/135/2408
f 468/139/2412 469/137/2411 1899/2014/2410
f 1899/2014/2410 1900/2015/2413 468/139/2412
f 475/141/2414 468/139/2412 1900/2015/2413
f 1900/2015/2413 1902/2016/2415 475/141/2414
f 472/142/2416 475/141/2414 1902/2016/2415
f 1902/2016/2415 1901/2017/2417 472/142/2416
f 474/140/2418 472/142/2416 1901/2017/2417
f 1901/2017/2417 1903/2018/2419 474/140/2418
f 471/138/2389 474/140/2418 1903/2018/2419
f 1903/2018/2419 1908/2003/2390 471/138/2389
f 1904/2384/2420 1923/2385/2421 1922/2386/2422
f 1922/2386/2422 1905/2387/2423 1904/2384/2420
f 1915/2388/2424 1904/2384/2420 1905/2387/2423
f 1905/2387/2423 1909/2389/2425 1915/2388/2424
f 1910/2390/2426 1915/2388/2424 1909/2389/2425
f 1909/2389/2425 1906/2391/2427 1910/2390/2426
f 1907/2392/2428 1910/2390/2426 1906/2391/2427
f 1906/2391/2427 1913/2393/2429 1907/2392/2428
f 1917/2394/2430 1907/2392/2428 1913/2393/2429
f 1913/2393/2429 1916/2395/2431 1917/2394/2430
f 1911/2396/2432 1917/2394/2430 1916/2395/2431
f 1916/2395/2431 1912/2397/2433 1911/2396/2432
f 1914/2398/2434 1911/2396/2432 1912/2397/2433
f 1912/2397/2433 1924/2399/2435 1914/2398/2434
f 1918/2400/2436 1914/2398/2434 1924/2399/2435
f 1924/2399/2435 1919/2401/2437 1918/2400/2436
f 1920/2402/2438 1918/2400/2436 1919/2401/2437
f 1919/2401/2437 1921/2403/2439 1920/2402/2438
f 1927/2404/2440 1920/2402/2438 1921/2403/2439
f 1921/2403/2439 1925/2405/2441 1927/2404/2440
f 1926/2406/2442 1927/2404/2440 1925/2405/2441
f 1925/2405/2441 1929/2407/2443 1926/2406/2442
f 1923/2385/2421 1926/2406/2442 1929/2407/2443
f 1929/2407/2443 1922/2386/2422 1923/2385/2421
f 1881/2408/21 1937/2409/21 1923/2385/21
f 1923/2385/21 1904/2384/21 1881/2408/21
f 1928/2410/21 1881/2408/21 1904/2384/21
f 1904/2384/21 1915/2388/21 1928/2410/21
f 1930/2411/21 1928/2410/21 1915/2388/21
f 1915/2388/21 1910/2390/21 1930/2411/21
f 1886/2412/21 1930/2411/21 1910/2390/21
f 1910/2390/21 1907/2392/21 1886/2412/21
f 1882/2413/21 1886/2412/21 1907/2392/21
f 1907/2392/21 1917/2394/21 1882/2413/21
f 1931/2414/21 1882/2413/21 1917/2394/21
f 1917/2394/21 1911/2396/21 1931/2414/21
f 1932/2415/21 1931/2414/21 1911/2396/21
f 1911/2396/21 1914/2398/21 1932/2415/21
f 1935/2416/21 1932/2415/21 1914/2398/21
f 1914/2398/21 1918/2400/21 1935/2416/21
f 1934/2417/21 1935/2416/21 1918/2400/21
f 1918/2400/21 1920/2402/21 1934/2417/21
f 1933/2418/21 1934/2417/21 1920/2402/21
f 1920/2402/21 1927/2404/21 1933/2418/21
f 1936/2419/21 1933/2418/21 1927/2404/21
f 1927/2404/21 1926/2406/21 1936/2419/21
f 1937/2409/21 1936/2419/21 1926/2406/21
f 1926/2406/21 1923/2385/21 1937/2409/21
f 1937/2409/2444 1881/2408/2445 1883/2420/2446
f 1883/2420/2446 1940/2421/2447 1937/2409/2444
f 1936/2419/2448 1937/2409/2444 1940/2421/2447
f 1940/2421/2447 1938/2422/2449 1936/2419/2448
f 1933/2418/2450 1936/2419/2448 1938/2422/2449
f 1938/2422/2449 1943/2423/2451 1933/2418/2450
f 1934/2417/2452 1933/2418/2450 1943/2423/2451
f 1943/2423/2451 1939/2424/2453 1934/2417/2452
f 1935/2416/2454 1934/2417/2452 1939/2424/2453
f 1939/2424/2453 1944/2425/2455 1935/2416/2454
f 1932/2415/2456 1935/2416/2454 1944/2425/2455
f 1944/2425/2455 1941/2426/2457 1932/2415/2456
f 1931/2414/2458 1932/2415/2456 1941/2426/2457
f 1941/2426/2457 1942/2427/2459 1931/2414/2458
f 1882/2413/2460 1931/2414/2458 1942/2427/2459
f 1942/2427/2459 1885/2428/2461 1882/2413/2460
f 1886/2412/2462 1882/2413/2460 1885/2428/2461
f 1885/2428/2461 1945/2429/2463 1886/2412/2462
f 1930/2411/2464 1886/2412/2462 1945/2429/2463
f 1945/2429/2463 1946/2430/2465 1930/2411/2464
f 1928/2410/2466 1930/2411/2464 1946/2430/2465
f 1946/2430/2465 1884/2431/2467 1928/2410/2466
f 1881/2408/2445 1928/2410/2466 1884/2431/2467
f 1884/2431/2467 1883/2420/2446 1881/2408/2445
f 1073/1134/2468 1069/1132/2469 1890/2432/2470
f 1890/2432/2470 1892/2433/2471 1073/1134/2468
f 1892/2433/2471 1890/2432/2470 1891/2434/2472
f 652/2435/2473 1891/2434/2472 1890/2432/2470
f 1890/2432/2470 646/2436/2474 652/2435/2473
f 764/1131/2475 646/2436/2474 1890/2432/2470
f 1890/2432/2470 1069/1132/2469 764/1131/2475
f 1892/2433/2471 1023/1138/2476 1073/1134/2468
f 1892/2433/2471 1025/2437/2477 1023/1138/2476
f 1027/2438/2478 1025/2437/2477 1892/2433/2471
f 1027/2438/2478 1892/2433/2471 599/2439/2479
f 599/2439/2479 1892/2433/2471 1887/2440/2480
f 1891/2434/2472 1887/2440/2480 1892/2433/2471
f 1887/2440/2480 1891/2434/2472 653/2441/2481
f 650/2442/2482 653/2441/2481 1891/2434/2472
f 1891/2434/2472 652/2435/2473 650/2442/2482
f 599/2439/2479 1001/1165/2483 1027/2438/2478
f 1001/1165/2483 599/2439/2479 921/2443/2484
f 1001/1165/2483 921/2443/2484 1078/1161/2485
f 1078/1161/2485 921/2443/2484 583/2444/2486
f 583/2444/2486 1948/2445/2487 1078/1161/2485
f 582/2446/615 1948/2445/2487 583/2444/2486
f 1948/2445/2487 582/2446/615 644/2447/614
f 644/2447/614 1949/2448/2488 1948/2445/2487
f 1949/2448/2488 644/2447/614 643/2449/617
f 643/2449/617 645/1169/620 1949/2448/2488
f 1084/1168/2489 1949/2448/2488 645/1169/620
f 1078/1161/2485 1948/2445/2487 1949/2448/2488
f 1949/2448/2488 1084/1168/2489 1078/1161/2485
f 653/2441/2481 559/2450/2490 1887/2440/2480
f 559/2450/2490 561/2451/2491 1887/2440/2480
f 1887/2440/2480 561/2451/2491 599/2439/2479
f 530/2452/2492 1950/2453/2493 1958/2454/2494
f 1958/2454/2494 535/2455/2495 530/2452/2492
f 535/2455/2495 1958/2454/2494 1959/2456/2496
f 1959/2456/2496 533/2457/2497 535/2455/2495
f 533/2457/2497 1959/2456/2496 1960/2458/2498
f 1960/2458/2498 534/2459/2499 533/2457/2497
f 534/2459/2499 1960/2458/2498 1961/2460/2500
f 1951/2461/2501 1950/2453/2493 530/2452/2492
f 530/2452/2492 514/2462/2502 1951/2461/2501
f 1952/2463/2503 1951/2461/2501 514/2462/2502
f 514/2462/2502 518/2464/2504 1952/2463/2503
f 1953/2465/2505 1952/2463/2503 518/2464/2504
f 518/2464/2504 517/2466/2506 1953/2465/2505
f 1953/2465/2505 517/2466/2506 521/2467/2507
f 521/2467/2507 1954/2468/2508 1953/2465/2505
f 1954/2468/2508 521/2467/2507 523/2469/2509
f 523/2469/2509 1955/2470/2510 1954/2468/2508
f 1956/2471/2511 1955/2470/2510 523/2469/2509
f 523/2469/2509 525/2472/2512 1956/2471/2511
f 1957/2473/2513 1956/2471/2511 525/2472/2512
f 525/2472/2512 528/2474/2514 1957/2473/2513
f 1961/2460/2500 1957/2473/2513 528/2474/2514
f 528/2474/2514 526/2475/2515 1961/2460/2500
f 1961/2460/2500 526/2475/2515 534/2459/2499
f 536/2476/2516 510/2477/2517 1973/2478/2518
f 1973/2478/2518 1962/2479/2519 536/2476/2516
f 536/2476/2516 1962/2479/2519 1963/2480/2520
f 1963/2480/2520 539/2481/2521 536/2476/2516
f 539/2481/2521 1963/2480/2520 1964/2482/2522
f 1964/2482/2522 541/2483/2523 539/2481/2521
f 541/2483/2523 1964/2482/2522 1965/2484/2524
f 1965/2484/2524 540/2485/2524 541/2483/2523
f 542/2486/2525 540/2485/2524 1965/2484/2524
f 1965/2484/2524 1966/2487/2526 542/2486/2525
f 532/2488/2527 542/2486/2525 1966/2487/2526
f 1966/2487/2526 1967/2489/2528 532/2488/2527
f 529/2490/2529 532/2488/2527 1967/2489/2528
f 1967/2489/2528 1947/2491/2530 529/2490/2529
f 529/2490/2529 1947/2491/2530 1968/2492/2531
f 1968/2492/2531 531/2493/2532 529/2490/2529
f 531/2493/2532 1968/2492/2531 1969/2494/2533
f 1969/2494/2533 515/2495/2534 531/2493/2532
f 515/2495/2534 1969/2494/2533 1972/2496/2535
f 1972/2496/2535 513/2497/2536 515/2495/2534
f 511/2498/2537 513/2497/2536 1972/2496/2535
f 1972/2496/2535 1970/2499/2538 511/2498/2537
f 510/2477/2517 511/2498/2537 1970/2499/2538
f 1970/2499/2538 1973/2478/2518 510/2477/2517
f 1944/2425/21 1939/2424/21 1971/2500/21
f 1941/2426/21 1944/2425/21 1971/2500/21
f 1942/2427/21 1941/2426/21 1971/2500/21
f 1885/2428/21 1942/2427/21 1971/2500/21
f 1945/2429/21 1885/2428/21 1971/2500/21
f 1946/2430/21 1945/2429/21 1971/2500/21
f 1884/2431/21 1946/2430/21 1971/2500/21
f 1883/2420/21 1884/2431/21 1971/2500/21
f 1940/2421/21 1883/2420/21 1971/2500/21
f 1938/2422/21 1940/2421/21 1971/2500/21
f 1943/2423/21 1938/2422/21 1971/2500/21
f 1939/2424/21 1943/2423/21 1971/2500/21
f 1953/2465/124 1954/2468/124 1974/2501/124
f 1952/2463/124 1953/2465/124 1974/2501/124
f 1951/2461/124 1952/2463/124 1974/2501/124
f 1950/2453/124 1951/2461/124 1974/2501/124
f 1958/2454/124 1950/2453/124 1974/2501/124
f 1959/2456/124 1958/2454/124 1974/2501/124
f 1960/2458/124 1959/2456/124 1974/2501/124
f 1961/2460/124 1960/2458/124 1974/2501/124
f 1957/2473/124 1961/2460/124 1974/2501/124
f 1956/2471/124 1957/2473/124 1974/2501/124
f 1955/2470/124 1956/2471/124 1974/2501/124
f 1954/2468/124 1955/2470/124 1974/2501/124
f 1947/2491/124 1967/2489/124 1975/2502/124
f 1968/2492/124 1947/2491/124 1975/2502/124
f 1969/2494/124 1968/2492/124 1975/2502/124
f 1972/2496/124 1969/2494/124 1975/2502/124
f 1970/2499/124 1972/2496/124 1975/2502/124
f 1973/2478/124 1970/2499/124 1975/2502/124
f 1962/2479/124 1973/2478/124 1975/2502/124
f 1963/2480/124 1962/2479/124 1975/2502/124
f 1964/2482/124 1963/2480/124 1975/2502/124
f 1965/2484/124 1964/2482/124 1975/2502/124
f 1966/2487/124 1965/2484/124 1975/2502/124
f 1967/2489/124 1966/2487/124 1975/2502/124
f 607/2503/962 604/2504/962 1976/2505/962
f 611/2506/962 607/2503/962 1976/2505/962
f 610/2507/962 611/2506/962 1976/2505/962
f 615/2508/962 610/2507/962 1976/2505/962
f 613/2509/962 615/2508/962 1976/2505/962
f 617/2510/962 613/2509/962 1976/2505/962
f 620/2511/962 617/2510/962 1976/2505/962
f 619/2512/962 620/2511/962 1976/2505/962
f 625/2513/962 619/2512/962 1976/2505/962
f 623/2514/962 625/2513/962 1976/2505/962
f 627/2515/962 623/2514/962 1976/2505/962
f 629/2516/962 627/2515/962 1976/2505/962
f 631/2517/962 629/2516/962 1976/2505/962
f 604/2504/962 631/2517/962 1976/2505/962
f 1310/1510/2539 1312/1508/2540 1169/1304/2541
f 1169/1304/2541 1164/1307/2542 1310/1510/2539
f 1307/1512/2543 1310/1510/2539 1164/1307/2542
f 1164/1307/2542 1166/1310/2544 1307/1512/2543
f 1306/1515/2545 1307/1512/2543 1166/1310/2544
f 1166/1310/2544 1159/1312/2546 1306/1515/2545
f 1319/1516/2547 1306/1515/2545 1159/1312/2546
f 1159/1312/2546 1151/1315/2548 1319/1516/2547
f 1305/1517/2549 1319/1516/2547 1151/1315/2548
f 1151/1315/2548 1149/1316/2550 1305/1517/2549
f 1304/1514/2551 1305/1517/2549 1149/1316/2550
f 1149/1316/2550 1161/1318/2552 1304/1514/2551
f 1304/1514/2551 1161/1318/2552 8/9/2553
f 8/9/2553 1308/1513/2554 1304/1514/2551
f 1308/1513/2554 8/9/2553 4/4/2555
f 4/4/2555 1309/1511/2556 1308/1513/2554
f 1311/1509/2557 1309/1511/2556 4/4/2555
f 4/4/2555 1172/1298/2558 1311/1509/2557
f 1313/1506/2559 1311/1509/2557 1172/1298/2558
f 1172/1298/2558 1216/1301/2560 1313/1506/2559
f 1314/1507/2561 1313/1506/2559 1216/1301/2560
f 1216/1301/2560 1214/1302/2562 1314/1507/2561
f 1312/1508/2540 1314/1507/2561 1214/1302/2562
f 1214/1302/2562 1169/1304/2541 1312/1508/2540
f 1377/2518/1428 1436/1649/1428 1439/1648/1428
f 1439/1648/1428 1378/2519/1428 1377/2518/1428
f 1376/2520/1428 1378/2519/1428 1439/1648/1428
f 1439/1648/1428 1431/2521/1428 1376/2520/1428
f 1375/2522/1428 1376/2520/1428 1431/2521/1428
f 1431/2521/1428 1429/2523/1428 1375/2522/1428
f 1375/2522/1428 1429/2523/1428 1436/1649/1428
f 1436/1649/1428 1377/2518/1428 1375/2522/1428
f 1443/1739/21 1446/1746/21 1977/2524/21
f 1440/2525/21 1443/1739/21 1977/2524/21
f 1444/2526/21 1440/2525/21 1977/2524/21
f 1449/2527/21 1444/2526/21 1977/2524/21
f 1451/2528/21 1449/2527/21 1977/2524/21
f 1446/1746/21 1451/2528/21 1977/2524/21
f 1592/2529/21 1594/2530/21 1978/2531/2563
f 1978/2531/2563 1996/2532/2564 1592/2529/21
f 25/26/2565 1996/2532/2564 1978/2531/2563
f 1978/2531/2563 30/30/2566 25/26/2565
f 1565/1914/2567 30/30/2566 1978/2531/2563
f 1978/2531/2563 1979/2533/2568 1565/1914/2567
f 1979/2533/2568 1978/2531/2563 1594/2530/21
f 1594/2530/21 1596/2534/21 1979/2533/2568
f 1589/2535/21 1592/2529/21 1996/2532/2564
f 1996/2532/2564 1997/2536/2569 1589/2535/21
f 26/25/2570 1997/2536/2569 1996/2532/2564
f 1996/2532/2564 25/26/2565 26/25/2570
f 1620/2537/21 1589/2535/21 1997/2536/2569
f 1997/2536/2569 1998/2538/2571 1620/2537/21
f 24/24/2572 1998/2538/2571 1997/2536/2569
f 1997/2536/2569 26/25/2570 24/24/2572
f 1618/2539/21 1620/2537/21 1998/2538/2571
f 1998/2538/2571 1999/2540/2573 1618/2539/21
f 1999/2540/2573 1998/2538/2571 24/24/2572
f 24/24/2572 28/28/2574 1999/2540/2573
f 1999/2540/2573 28/28/2574 1586/1997/2575
f 1586/1997/2575 1995/2541/2576 1999/2540/2573
f 1995/2541/2576 1586/1997/2575 1584/1994/2577
f 1584/1994/2577 1994/2542/2578 1995/2541/2576
f 1994/2542/2578 1584/1994/2577 1583/1992/2579
f 1616/2543/21 1618/2539/21 1999/2540/2573
f 1999/2540/2573 1995/2541/2576 1616/2543/21
f 1614/2544/21 1616/2543/21 1995/2541/2576
f 1995/2541/2576 1994/2542/2578 1614/2544/21
f 1612/2545/21 1614/2544/21 1994/2542/2578
f 1994/2542/2578 1993/2546/2580 1612/2545/21
f 1583/1992/2579 1993/2546/2580 1994/2542/2578
f 1993/2546/2580 1583/1992/2579 1581/1991/2581
f 1581/1991/2581 1986/2547/2582 1993/2546/2580
f 1986/2547/2582 1581/1991/2581 1621/2548/2583
f 1621/2548/2583 1985/2549/2584 1986/2547/2582
f 1985/2549/2584 1621/2548/2583 1580/2550/2585
f 1610/2551/21 1612/2545/21 1993/2546/2580
f 1993/2546/2580 1986/2547/2582 1610/2551/21
f 1608/2552/21 1610/2551/21 1986/2547/2582
f 1986/2547/2582 1985/2549/2584 1608/2552/21
f 1606/2553/21 1608/2552/21 1985/2549/2584
f 1985/2549/2584 1984/2554/2586 1606/2553/21
f 1580/2550/2585 1984/2554/2586 1985/2549/2584
f 1984/2554/2586 1580/2550/2585 1578/2555/2587
f 1578/2555/2587 1983/2556/2588 1984/2554/2586
f 1983/2556/2588 1578/2555/2587 1571/1918/2589
f 1571/1918/2589 1982/2557/2590 1983/2556/2588
f 1982/2557/2590 1571/1918/2589 1572/1917/2591
f 1604/2558/21 1606/2553/21 1984/2554/2586
f 1984/2554/2586 1983/2556/2588 1604/2558/21
f 1602/2559/21 1604/2558/21 1983/2556/2588
f 1983/2556/2588 1982/2557/2590 1602/2559/21
f 1600/2560/21 1602/2559/21 1982/2557/2590
f 1982/2557/2590 1980/2561/2592 1600/2560/21
f 1572/1917/2591 1980/2561/2592 1982/2557/2590
f 1980/2561/2592 1572/1917/2591 1573/1915/2593
f 1573/1915/2593 1981/2562/2594 1980/2561/2592
f 1981/2562/2594 1573/1915/2593 1565/1914/2567
f 1565/1914/2567 1979/2533/2568 1981/2562/2594
f 1981/2562/2594 1979/2533/2568 1596/2534/21
f 1596/2534/21 1598/2563/21 1981/2562/2594
f 1598/2563/21 1600/2560/21 1980/2561/2592
f 1980/2561/2592 1981/2562/2594 1598/2563/21
f 1466/1739/21 1470/1746/21 2003/2524/21
f 1464/2525/21 1466/1739/21 2003/2524/21
f 1468/2526/21 1464/2525/21 2003/2524/21
f 1474/2527/21 1468/2526/21 2003/2524/21
f 1475/2528/21 1474/2527/21 2003/2524/21
f 1470/1746/21 1475/2528/21 2003/2524/21
f 1988/2564/525 1992/2565/2595 2017/2566/2596
f 2017/2566/2596 2001/2567/525 1988/2564/525
f 2004/2568/2597 1988/2564/525 2001/2567/525
f 2001/2567/525 2000/2569/2598 2004/2568/2597
f 2002/2570/2599 2004/2568/2597 2000/2569/2598
f 2000/2569/2598 2011/2571/2600 2002/2570/2599
f 2006/2572/2601 2002/2570/2599 2011/2571/2600
f 2011/2571/2600 2005/2573/2601 2006/2572/2601
f 2006/2572/2601 2005/2573/2601 2007/2574/2602
f 2007/2574/2602 2012/2575/2602 2006/2572/2601
f 2008/2576/2603 2012/2575/2602 2007/2574/2602
f 2007/2574/2602 2013/2577/2604 2008/2576/2603
f 2010/2578/2605 2008/2576/2603 2013/2577/2604
f 2013/2577/2604 2009/2579/2606 2010/2578/2605
f 2010/2578/2605 2009/2579/2606 2014/2580/2607
f 2014/2580/2607 2018/2581/2607 2010/2578/2605
f 1990/2582/2608 2018/2581/2607 2014/2580/2607
f 2014/2580/2607 2019/2583/2609 1990/2582/2608
f 1991/2584/2610 1990/2582/2608 2019/2583/2609
f 2019/2583/2609 2015/2585/2610 1991/2584/2610
f 1991/2584/2610 2015/2585/2610 2016/2586/2611
f 2016/2586/2611 1987/2587/2611 1991/2584/2610
f 1989/2588/2612 1987/2587/2611 2016/2586/2611
f 2016/2586/2611 2020/2589/2613 1989/2588/2612
f 1992/2565/2595 1989/2588/2612 2020/2589/2613
f 2020/2589/2613 2017/2566/2596 1992/2565/2595
f 1253/1426/1348 1254/1429/1348 2006/2572/1348
f 2006/2572/1348 2012/2575/1348 1253/1426/1348
f 2012/2575/1348 2008/2576/1348 1253/1426/1348
f 1253/1426/1348 2008/2576/1348 2010/2578/1348
f 1255/1431/1348 1253/1426/1348 2010/2578/1348
f 2010/2578/1348 2018/2581/1348 1255/1431/1348
f 1255/1431/1348 2018/2581/1348 1990/2582/1348
f 1990/2582/1348 1991/2584/1348 1255/1431/1348
f 1255/1431/1348 1991/2584/1348 1987/2587/1348
f 1987/2587/1348 1256/1433/1348 1255/1431/1348
f 1987/2587/1348 1989/2588/1348 1256/1433/1348
f 1989/2588/1348 1992/2565/1348 1256/1433/1348
f 1317/1499/1348 1256/1433/1348 1992/2565/1348
f 1992/2565/1348 1988/2564/1348 1317/1499/1348
f 1317/1499/1348 1988/2564/1348 2004/2568/1348
f 2004/2568/1348 1254/1429/1348 1317/1499/1348
f 2004/2568/1348 2002/2570/1348 1254/1429/1348
f 2002/2570/1348 2006/2572/1348 1254/1429/1348
f 1004/2590/962 630/2591/962 632/2592/962
f 632/2592/962 1003/2593/962 1004/2590/962
f 1028/2594/962 1003/2593/962 632/2592/962
f 632/2592/962 605/2595/962 1028/2594/962
f 1026/2596/962 1028/2594/962 605/2595/962
f 605/2595/962 609/2597/962 1026/2596/962
f 630/2591/962 1004/2590/962 1008/2598/962
f 1008/2598/962 626/2599/962 630/2591/962
f 626/2599/962 1008/2598/962 1007/2600/962
f 1007/2600/962 628/2601/962 626/2599/962
f 628/2601/962 1007/2600/962 1010/2602/962
f 1010/2602/962 622/2603/962 628/2601/962
f 624/2604/962 622/2603/962 1010/2602/962
f 1010/2602/962 1012/2605/962 624/2604/962
f 621/2606/962 624/2604/962 1012/2605/962
f 1012/2605/962 1014/2607/962 621/2606/962
f 616/2608/962 621/2606/962 1014/2607/962
f 1014/2607/962 1015/2609/962 616/2608/962
f 616/2608/962 1015/2609/962 1019/2610/962
f 1019/2610/962 618/2611/962 616/2608/962
f 618/2611/962 1019/2610/962 1021/2612/962
f 1021/2612/962 612/2613/962 618/2611/962
f 612/2613/962 1021/2612/962 1022/2614/962
f 1022/2614/962 614/2615/962 612/2613/962
f 614/2615/962 1022/2614/962 1024/2616/962
f 1024/2616/962 608/2617/962 614/2615/962
f 609/2597/962 608/2617/962 1024/2616/962
f 1024/2616/962 1026/2596/962 609/2597/962
