# Blender 4.5.3 LTS
# www.blender.org
mtllib GaussMag.mtl
o wpn_gauss_world.ogf_07
v -0.016871 0.008128 -0.085257
v 0.016678 0.006552 -0.084584
v -0.017576 0.008128 -0.084485
v -0.017576 -0.014405 -0.084485
v 0.016091 -0.016307 -0.085159
v -0.016871 -0.014405 -0.085257
v -0.017025 0.005228 -0.140813
v 0.016091 0.006552 -0.085159
v 0.016678 -0.016307 -0.084584
v -0.017853 0.005228 -0.140740
v -0.016981 -0.017412 -0.145662
v -0.005305 0.013855 -0.081726
v 0.006113 0.013118 -0.086227
v -0.006889 0.008593 -0.086227
v -0.006889 0.013118 -0.086227
v -0.005305 0.011164 -0.081291
v 0.004529 0.011164 -0.081291
v 0.007569 -0.033675 -0.165279
v 0.006113 0.008593 -0.086227
v 0.004529 0.013855 -0.081726
v 0.005717 -0.033675 -0.173323
v -0.000388 -0.033675 -0.173786
v 0.007106 -0.033675 -0.171935
v 0.007569 -0.033675 -0.169620
v 0.003402 -0.033675 -0.173786
v 0.005981 -0.033675 -0.165279
v -0.000388 -0.033675 -0.146708
v 0.007569 -0.033675 -0.147833
v 0.005981 -0.033675 -0.147833
v 0.006443 -0.033675 -0.146708
v 0.005981 -0.031759 -0.165279
v 0.007569 -0.031759 -0.165279
v 0.007569 -0.031759 -0.147833
v 0.005981 -0.031759 -0.147833
v 0.003382 0.038454 -0.151266
v 0.004559 0.038452 -0.159307
v 0.003382 0.038454 -0.158324
v 0.004559 0.038452 -0.150282
v 0.005442 0.038050 -0.159307
v 0.005442 0.038050 -0.150282
v 0.006097 0.037320 -0.159307
v 0.006097 0.037320 -0.150282
v 0.006091 0.036206 -0.148185
v 0.006274 0.036206 -0.150282
v 0.006091 -0.013960 -0.148185
v 0.006274 0.036206 -0.165283
v 0.006274 0.036206 -0.159307
v 0.006274 0.035496 -0.169491
v 0.006274 -0.013960 -0.169491
v 0.005913 0.034193 -0.171297
v 0.005079 0.033394 -0.172131
v 0.005913 -0.013960 -0.171297
v -0.000388 -0.013960 -0.172517
v 0.003274 0.032632 -0.172492
v 0.005079 -0.013960 -0.172131
v 0.003274 -0.013960 -0.172492
v -0.000388 0.032632 -0.173786
v -0.000388 0.032632 -0.172517
v 0.003402 0.032632 -0.173786
v 0.005717 0.033323 -0.173323
v 0.007106 0.034193 -0.171935
v 0.007569 0.035496 -0.169620
v 0.007569 0.036206 -0.159307
v 0.007569 0.036206 -0.165279
v 0.007186 0.037846 -0.159307
v 0.006078 0.039124 -0.159307
v 0.007186 0.037846 -0.150282
v 0.006078 0.039124 -0.150282
v 0.004577 0.039528 -0.150282
v 0.003399 0.039531 -0.158324
v 0.004577 0.039528 -0.159307
v 0.003399 0.039531 -0.151266
v -0.000388 0.032944 -0.146708
v 0.001984 0.032944 -0.146708
v 0.006443 0.036206 -0.146708
v 0.004355 0.036206 -0.146708
v 0.007569 0.036206 -0.147833
v 0.007569 0.036206 -0.150282
v -0.000388 0.032944 -0.147996
v 0.001984 0.032944 -0.148002
v 0.004355 0.036206 -0.148002
v 0.007692 -0.033836 -0.164921
v 0.005805 0.031625 -0.104465
v 0.006485 0.033442 -0.104056
v 0.006485 0.031848 -0.104056
v 0.006052 -0.032889 -0.148052
v 0.006598 -0.033836 -0.164921
v 0.006052 -0.032889 -0.164921
v 0.006598 -0.033836 -0.148052
v 0.007692 -0.033836 -0.148052
v 0.008238 -0.032889 -0.164921
v 0.008238 -0.032889 -0.148052
v 0.007692 -0.031943 -0.164921
v 0.007692 -0.031943 -0.148052
v 0.006598 -0.031943 -0.164921
v 0.006598 -0.031943 -0.148052
v 0.005805 0.033664 -0.104465
v 0.003776 0.033442 -0.105685
v 0.004455 0.031625 -0.105276
v 0.009250 0.031848 -0.105588
v 0.004455 0.033664 -0.105276
v 0.003776 0.031848 -0.105685
v 0.008556 0.031625 -0.105204
v 0.009306 0.031848 -0.108748
v 0.009250 0.033442 -0.105588
v 0.008556 0.033664 -0.105204
v 0.007178 0.031625 -0.104440
v 0.007178 0.033664 -0.104440
v 0.009292 0.033664 -0.107955
v 0.009292 0.031625 -0.107955
v 0.009306 0.033442 -0.108748
v 0.009264 0.031625 -0.106380
v 0.009264 0.033664 -0.106380
v 0.006597 0.031848 -0.110377
v 0.007276 0.033664 -0.109968
v 0.007276 0.031625 -0.109968
v 0.006597 0.033442 -0.110377
v 0.008626 0.031625 -0.109157
v 0.003832 0.033442 -0.108845
v 0.005903 0.031625 -0.109993
v 0.004526 0.033664 -0.109229
v 0.004526 0.031625 -0.109229
v 0.008626 0.033664 -0.109157
v 0.003832 0.031848 -0.108845
v 0.005903 0.033664 -0.109993
v 0.003790 0.033664 -0.106477
v 0.003818 0.031625 -0.108052
v 0.003790 0.031625 -0.106477
v 0.006541 0.038247 -0.108850
v 0.004977 0.038247 -0.107286
v 0.005435 0.038247 -0.106180
v 0.008105 0.038247 -0.107286
v 0.007647 0.038247 -0.106180
v 0.006541 0.038247 -0.105722
v 0.007647 0.038228 -0.099075
v 0.005435 0.038228 -0.099075
v 0.006541 0.038228 -0.099533
v 0.004977 0.038228 -0.097969
v 0.005435 0.038228 -0.096863
v 0.008105 0.038228 -0.097969
v 0.007647 0.038228 -0.096863
v 0.006541 0.038228 -0.096405
v 0.003818 0.033664 -0.108052
v 0.007647 0.031268 -0.108392
v 0.007647 0.038247 -0.108392
v 0.005435 0.038247 -0.108392
v 0.006541 0.031268 -0.108850
v 0.005435 0.031268 -0.108392
v 0.004977 0.031268 -0.107286
v 0.005435 0.031268 -0.106180
v 0.006541 0.031268 -0.105722
v 0.007647 0.031268 -0.106180
v 0.008105 0.031268 -0.107286
v 0.007647 0.031265 -0.099075
v 0.006541 0.031265 -0.099533
v 0.005435 0.031265 -0.099075
v 0.004977 0.031265 -0.097969
v 0.005435 0.031265 -0.096863
v 0.006541 0.031265 -0.096405
v 0.007647 0.031265 -0.096863
v 0.008105 0.031265 -0.097969
v 0.004265 0.033914 -0.094546
v 0.004265 0.035508 -0.094546
v 0.002438 0.033914 -0.098229
v 0.003806 0.035730 -0.095470
v 0.003806 0.033692 -0.095470
v 0.002896 0.033692 -0.097305
v 0.002896 0.035730 -0.097305
v 0.002438 0.035508 -0.098229
v 0.005294 0.033692 -0.094481
v 0.008367 0.035508 -0.094286
v 0.008367 0.033914 -0.094286
v 0.007338 0.033692 -0.094352
v 0.007338 0.035730 -0.094352
v 0.010644 0.033914 -0.097709
v 0.005294 0.035730 -0.094481
v 0.010644 0.035508 -0.097709
v 0.010073 0.033692 -0.096851
v 0.008938 0.033692 -0.095145
v 0.010073 0.035730 -0.096851
v 0.008938 0.035730 -0.095145
v 0.008817 0.035508 -0.101393
v 0.009275 0.033692 -0.100469
v 0.008817 0.033914 -0.101393
v 0.009275 0.035730 -0.100469
v 0.010186 0.033692 -0.098633
v 0.010186 0.035730 -0.098633
v 0.004715 0.035508 -0.101652
v 0.005744 0.033692 -0.101587
v 0.004715 0.033914 -0.101652
v 0.005744 0.035730 -0.101587
v 0.007788 0.033692 -0.101458
v 0.007788 0.035730 -0.101458
v 0.003009 0.033692 -0.099088
v 0.003009 0.035730 -0.099088
v 0.004144 0.033692 -0.100794
v 0.004144 0.035730 -0.100794
v 0.004905 0.033310 -0.094198
v 0.004291 0.031494 -0.095026
v 0.004905 0.031716 -0.094198
v 0.004291 0.033532 -0.095026
v 0.003071 0.031494 -0.096671
v 0.002457 0.031716 -0.097500
v 0.003071 0.033532 -0.096671
v 0.002457 0.033310 -0.097500
v 0.008990 0.033310 -0.094667
v 0.007965 0.031494 -0.094549
v 0.008990 0.031716 -0.094667
v 0.007965 0.033532 -0.094549
v 0.005930 0.031494 -0.094315
v 0.005930 0.033532 -0.094315
v 0.010625 0.033310 -0.098439
v 0.010215 0.031494 -0.097493
v 0.010625 0.031716 -0.098439
v 0.010215 0.033532 -0.097493
v 0.009400 0.031494 -0.095613
v 0.009400 0.033532 -0.095613
v 0.008176 0.033310 -0.101741
v 0.008791 0.031494 -0.100913
v 0.008176 0.031716 -0.101741
v 0.008791 0.033532 -0.100913
v 0.010011 0.031494 -0.099267
v 0.010011 0.033532 -0.099267
v 0.004092 0.033310 -0.101272
v 0.005117 0.031494 -0.101389
v 0.004092 0.031716 -0.101272
v 0.005117 0.033532 -0.101389
v 0.007152 0.031494 -0.101623
v 0.007152 0.033532 -0.101623
v 0.002867 0.031494 -0.098446
v 0.002867 0.033532 -0.098446
v 0.003682 0.031494 -0.100325
v 0.003682 0.033532 -0.100325
v 0.008423 0.031151 -0.093156
v 0.004638 0.031151 -0.093156
v 0.006531 0.031151 -0.092541
v 0.003468 0.031151 -0.094765
v 0.009592 0.031151 -0.094765
v 0.009592 0.031151 -0.110806
v 0.006531 0.031151 -0.113030
v 0.003468 0.031151 -0.110806
v 0.008423 0.031151 -0.112415
v 0.004638 0.031151 -0.112415
v -0.000388 -0.013960 -0.147996
v -0.000388 -0.013960 -0.169460
v 0.005952 0.031417 -0.105266
v 0.005095 0.031417 -0.105782
v 0.004558 0.031417 -0.106752
v 0.004575 0.031417 -0.107751
v 0.005147 0.031417 -0.108701
v 0.006021 0.031417 -0.109186
v 0.007130 0.031417 -0.109166
v 0.007987 0.031417 -0.108651
v 0.008524 0.031417 -0.107681
v 0.008507 0.031417 -0.106682
v 0.007935 0.031417 -0.105731
v 0.007061 0.031417 -0.105247
v 0.009137 0.035939 -0.098526
v 0.007357 0.035939 -0.100496
v 0.008555 0.035939 -0.099699
v 0.006051 0.035939 -0.100578
v 0.004761 0.035939 -0.099939
v 0.004036 0.035939 -0.098849
v 0.004527 0.035939 -0.096240
v 0.003945 0.035939 -0.097413
v 0.005725 0.035939 -0.095443
v 0.007031 0.035939 -0.095360
v 0.008321 0.035939 -0.096000
v 0.009045 0.035939 -0.097089
v 0.009131 0.033484 -0.098528
v 0.009040 0.033484 -0.097088
v 0.008320 0.033484 -0.096006
v 0.007027 0.033484 -0.095365
v 0.005730 0.033484 -0.095447
v 0.004529 0.033484 -0.096246
v 0.003951 0.033484 -0.097411
v 0.004042 0.033484 -0.098850
v 0.006055 0.033484 -0.100574
v 0.004762 0.033484 -0.099933
v 0.008553 0.033484 -0.099693
v 0.007352 0.033484 -0.100492
v 0.008217 0.031285 -0.100021
v 0.009156 0.031285 -0.097544
v 0.008991 0.031285 -0.098977
v 0.007480 0.031285 -0.095492
v 0.008639 0.031285 -0.096351
v 0.006189 0.031285 -0.095344
v 0.004865 0.031285 -0.095917
v 0.004091 0.031285 -0.096962
v 0.003926 0.031285 -0.098395
v 0.004443 0.031285 -0.099587
v 0.005602 0.031285 -0.100447
v 0.006893 0.031285 -0.100595
v -0.017906 0.003600 -0.146024
v -0.017140 -0.017176 -0.150293
v -0.017853 0.003505 -0.141403
v -0.017906 -0.017412 -0.146024
v -0.010774 -0.016939 -0.168454
v -0.010774 0.004749 -0.168454
v -0.017140 0.004175 -0.150293
v -0.009017 0.004930 -0.172197
v -0.009017 -0.017484 -0.172197
v -0.006313 0.004977 -0.174569
v -0.006313 -0.017785 -0.174569
v 0.005338 0.005729 -0.174566
v 0.005334 -0.017258 -0.174568
v 0.007716 -0.017000 -0.172700
v 0.007716 0.005729 -0.172700
v 0.004832 0.005729 -0.173515
v -0.017025 0.003505 -0.141476
v -0.005614 -0.017785 -0.173612
v 0.007098 0.005729 -0.171991
v 0.004828 -0.017247 -0.173517
v 0.007098 -0.017000 -0.171991
v 0.016954 -0.016861 -0.144395
v 0.016339 -0.016892 -0.149424
v 0.016954 0.004705 -0.144396
v 0.016340 0.004732 -0.149421
v 0.016133 0.004708 -0.144212
v 0.015574 0.004735 -0.149125
v 0.016133 -0.016860 -0.144210
v 0.015573 -0.016892 -0.149127
v -0.016179 -0.017176 -0.149978
v -0.016981 0.003600 -0.145662
v -0.016179 0.004175 -0.149978
v -0.009777 0.004749 -0.168185
v -0.008131 -0.017484 -0.171635
v -0.009777 -0.016939 -0.168185
v -0.008131 0.004930 -0.171635
v -0.005614 0.004977 -0.173612
v -0.002696 -0.006853 -0.166864
v -0.002696 -0.006853 -0.153580
v -0.004548 -0.006853 -0.166864
v -0.004548 -0.006853 -0.153581
v -0.001111 -0.010239 -0.169160
v -0.005955 -0.010239 -0.169158
v -0.005955 -0.010239 -0.151290
v -0.001111 -0.010239 -0.151282
v -0.006793 -0.013116 -0.149780
v 0.005845 -0.013116 -0.149780
v 0.005845 -0.010239 -0.149780
v -0.006793 -0.010239 -0.149780
v -0.006793 -0.010239 -0.170152
v -0.006205 -0.013116 -0.171643
v -0.006701 -0.013116 -0.171102
v -0.006793 -0.013116 -0.170152
v -0.006701 -0.010239 -0.171102
v 0.005257 -0.013116 -0.171643
v -0.006205 -0.010239 -0.171643
v -0.006493 -0.033675 -0.173323
v -0.006757 -0.033675 -0.147833
v -0.007219 -0.033675 -0.146708
v -0.008345 -0.033675 -0.147833
v 0.005257 -0.010239 -0.171643
v -0.007882 -0.033675 -0.171935
v -0.008345 -0.033675 -0.165279
v -0.008345 -0.033675 -0.169620
v -0.004178 -0.033675 -0.173786
v -0.006757 -0.031759 -0.165279
v -0.008345 -0.031759 -0.165279
v -0.006757 -0.033675 -0.165279
v -0.008345 -0.031759 -0.147833
v -0.006757 -0.031759 -0.147833
v -0.004158 0.038454 -0.158324
v -0.006867 0.036206 -0.148185
v -0.004158 0.038454 -0.151266
v -0.006218 0.038050 -0.159307
v -0.006218 0.038050 -0.150282
v -0.005335 0.038452 -0.159307
v -0.005335 0.038452 -0.150282
v -0.007050 0.036206 -0.150282
v -0.006867 -0.013960 -0.148185
v -0.006873 0.037320 -0.150282
v -0.006873 0.037320 -0.159307
v -0.007050 0.035496 -0.169491
v -0.007050 -0.013960 -0.169491
v -0.007050 0.036206 -0.159307
v -0.007050 0.036206 -0.165283
v -0.005855 0.033394 -0.172131
v -0.005855 -0.013960 -0.172131
v -0.006689 0.034193 -0.171297
v -0.006689 -0.013960 -0.171297
v -0.004050 -0.013960 -0.172492
v -0.004050 0.032632 -0.172492
v -0.002760 0.032944 -0.146708
v -0.005131 0.036206 -0.146708
v -0.007219 0.036206 -0.146708
v -0.004175 0.039531 -0.151266
v -0.004175 0.039531 -0.158324
v -0.005353 0.039528 -0.159307
v -0.005353 0.039528 -0.150282
v -0.006854 0.039124 -0.150282
v -0.007962 0.037846 -0.159307
v -0.007962 0.037846 -0.150282
v -0.006854 0.039124 -0.159307
v -0.008345 0.036206 -0.147833
v -0.008345 0.036206 -0.150282
v -0.008345 0.036206 -0.165279
v -0.008345 0.036206 -0.159307
v -0.008345 0.035496 -0.169620
v -0.007882 0.034193 -0.171935
v -0.006493 0.033323 -0.173323
v -0.004178 0.032632 -0.173786
v -0.002760 0.032944 -0.148002
v -0.005131 0.036206 -0.148002
v -0.006828 -0.032889 -0.164921
v -0.008468 -0.031943 -0.164921
v -0.008468 -0.033836 -0.164921
v -0.007374 -0.033836 -0.164921
v -0.007374 -0.031943 -0.164921
v -0.009014 -0.032889 -0.164921
v -0.008468 -0.033836 -0.148052
v -0.007374 -0.033836 -0.148052
v -0.009014 -0.032889 -0.148052
v -0.007374 -0.031943 -0.148052
v -0.008468 -0.031943 -0.148052
v -0.006828 -0.032889 -0.148052
v -0.007261 0.031848 -0.104056
v -0.006581 0.031625 -0.104465
v -0.006581 0.033664 -0.104465
v -0.007261 0.033442 -0.104056
v -0.005231 0.033664 -0.105276
v -0.005231 0.031625 -0.105276
v -0.004552 0.033442 -0.105685
v -0.004552 0.031848 -0.105685
v -0.010026 0.031848 -0.105588
v -0.010026 0.033442 -0.105588
v -0.009332 0.033664 -0.105204
v -0.009332 0.031625 -0.105204
v -0.007954 0.031625 -0.104440
v -0.007954 0.033664 -0.104440
v -0.010082 0.031848 -0.108748
v -0.010068 0.031625 -0.107955
v -0.010082 0.033442 -0.108748
v -0.010068 0.033664 -0.107955
v -0.010040 0.031625 -0.106380
v -0.010040 0.033664 -0.106380
v -0.007373 0.031848 -0.110377
v -0.008052 0.031625 -0.109968
v -0.007373 0.033442 -0.110377
v -0.008052 0.033664 -0.109968
v -0.009402 0.031625 -0.109157
v -0.009402 0.033664 -0.109157
v -0.004608 0.031848 -0.108845
v -0.005302 0.033664 -0.109229
v -0.005302 0.031625 -0.109229
v -0.004608 0.033442 -0.108845
v -0.006679 0.031625 -0.109993
v -0.006679 0.033664 -0.109993
v -0.004566 0.031625 -0.106477
v -0.004566 0.033664 -0.106477
v -0.004594 0.031625 -0.108052
v -0.004594 0.033664 -0.108052
v -0.007317 0.038228 -0.096405
v -0.008423 0.038228 -0.096863
v -0.006211 0.038228 -0.096863
v -0.008881 0.038228 -0.097969
v -0.005753 0.038228 -0.097969
v -0.007317 0.038228 -0.099533
v -0.008423 0.038228 -0.099075
v -0.007317 0.038247 -0.105722
v -0.006211 0.038228 -0.099075
v -0.008423 0.038247 -0.106180
v -0.008881 0.038247 -0.107286
v -0.006211 0.038247 -0.106180
v -0.007317 0.038247 -0.108850
v -0.005753 0.038247 -0.107286
v -0.008423 0.038247 -0.108392
v -0.006211 0.038247 -0.108392
v -0.008423 0.031268 -0.108392
v -0.007317 0.031268 -0.108850
v -0.006211 0.031268 -0.108392
v -0.005753 0.031268 -0.107286
v -0.006211 0.031268 -0.106180
v -0.007317 0.031268 -0.105722
v -0.008423 0.031268 -0.106180
v -0.008881 0.031268 -0.107286
v -0.008423 0.031265 -0.099075
v -0.007317 0.031265 -0.099533
v -0.006211 0.031265 -0.099075
v -0.005753 0.031265 -0.097969
v -0.006211 0.031265 -0.096863
v -0.007317 0.031265 -0.096405
v -0.008423 0.031265 -0.096863
v -0.008881 0.031265 -0.097969
v -0.004582 0.033692 -0.095470
v -0.005041 0.033914 -0.094546
v -0.005041 0.035508 -0.094546
v -0.003672 0.033692 -0.097305
v -0.003214 0.035508 -0.098229
v -0.004582 0.035730 -0.095470
v -0.006070 0.033692 -0.094481
v -0.003214 0.033914 -0.098229
v -0.003672 0.035730 -0.097305
v -0.009143 0.033914 -0.094286
v -0.009143 0.035508 -0.094286
v -0.008114 0.033692 -0.094352
v -0.008114 0.035730 -0.094352
v -0.011420 0.033914 -0.097709
v -0.006070 0.035730 -0.094481
v -0.011420 0.035508 -0.097709
v -0.010849 0.033692 -0.096851
v -0.009714 0.033692 -0.095145
v -0.010849 0.035730 -0.096851
v -0.009714 0.035730 -0.095145
v -0.010051 0.033692 -0.100469
v -0.009593 0.035508 -0.101393
v -0.009593 0.033914 -0.101393
v -0.010051 0.035730 -0.100469
v -0.010962 0.033692 -0.098633
v -0.010962 0.035730 -0.098633
v -0.006520 0.033692 -0.101587
v -0.005491 0.035508 -0.101652
v -0.005491 0.033914 -0.101652
v -0.006520 0.035730 -0.101587
v -0.008564 0.033692 -0.101458
v -0.008564 0.035730 -0.101458
v -0.003785 0.033692 -0.099088
v -0.003785 0.035730 -0.099088
v -0.004920 0.033692 -0.100794
v -0.004920 0.035730 -0.100794
v -0.005067 0.031494 -0.095026
v -0.005681 0.033310 -0.094198
v -0.005681 0.031716 -0.094198
v -0.005067 0.033532 -0.095026
v -0.003847 0.031494 -0.096671
v -0.003233 0.031716 -0.097500
v -0.003847 0.033532 -0.096671
v -0.003233 0.033310 -0.097500
v -0.008741 0.031494 -0.094549
v -0.009766 0.033310 -0.094667
v -0.009766 0.031716 -0.094667
v -0.008741 0.033532 -0.094549
v -0.006706 0.031494 -0.094315
v -0.006706 0.033532 -0.094315
v -0.010991 0.031494 -0.097493
v -0.011401 0.033310 -0.098439
v -0.011401 0.031716 -0.098439
v -0.010991 0.033532 -0.097493
v -0.010176 0.031494 -0.095613
v -0.010176 0.033532 -0.095613
v -0.009567 0.031494 -0.100913
v -0.008952 0.033310 -0.101741
v -0.008952 0.031716 -0.101741
v -0.009567 0.033532 -0.100913
v -0.010787 0.031494 -0.099267
v -0.010787 0.033532 -0.099267
v -0.005893 0.031494 -0.101389
v -0.004868 0.033310 -0.101272
v -0.004868 0.031716 -0.101272
v -0.005893 0.033532 -0.101389
v -0.007928 0.031494 -0.101623
v -0.007928 0.033532 -0.101623
v -0.003643 0.031494 -0.098446
v -0.003643 0.033532 -0.098446
v -0.004458 0.031494 -0.100325
v -0.004458 0.033532 -0.100325
v -0.005414 0.031151 -0.093156
v -0.009199 0.031151 -0.093156
v -0.007306 0.031151 -0.092541
v -0.004244 0.031151 -0.094765
v -0.010368 0.031151 -0.094765
v -0.007306 0.031151 -0.113030
v -0.010368 0.031151 -0.110806
v -0.004244 0.031151 -0.110806
v 0.013105 -0.036525 -0.087481
v -0.005414 0.031151 -0.112415
v -0.009199 0.031151 -0.112415
v -0.013881 -0.036525 -0.087481
v -0.013881 -0.031385 -0.087480
v 0.013105 -0.031385 -0.087480
v -0.013881 0.028269 -0.087466
v 0.013105 0.028269 -0.087466
v 0.013105 -0.031385 -0.085215
v 0.013105 0.028269 -0.085215
v 0.013105 -0.036525 -0.085215
v -0.013881 -0.036525 -0.085215
v -0.013881 0.028269 -0.085215
v -0.013881 -0.031385 -0.085215
v -0.013881 -0.036525 -0.145727
v -0.015237 -0.035969 -0.085215
v -0.015237 -0.035969 -0.145727
v -0.016450 -0.034303 -0.085215
v -0.016450 -0.034303 -0.145727
v -0.016855 -0.031385 -0.145727
v -0.016855 -0.031385 -0.085215
v -0.016855 0.026065 -0.085215
v -0.016855 0.026065 -0.145727
v -0.016450 0.028269 -0.145727
v -0.015237 0.029936 -0.145727
v -0.016450 0.028269 -0.085215
v -0.013881 0.030491 -0.085215
v -0.013881 0.030491 -0.145727
v -0.015237 0.029936 -0.085215
v 0.013105 0.030491 -0.085215
v 0.013105 0.030491 -0.145727
v 0.014461 0.029936 -0.085215
v 0.014461 0.029936 -0.145727
v 0.015674 0.028269 -0.085215
v 0.015674 0.028269 -0.145727
v 0.016079 0.026065 -0.145727
v 0.016079 0.026065 -0.085215
v 0.016079 -0.031385 -0.085215
v 0.016079 -0.031385 -0.145727
v 0.015674 -0.034303 -0.085215
v 0.014461 -0.035969 -0.085215
v 0.013105 -0.036525 -0.145727
v 0.015674 -0.034303 -0.145727
v 0.014461 -0.035969 -0.145727
v -0.000388 0.018237 -0.145727
v 0.005753 -0.010239 -0.171102
v 0.005845 -0.010239 -0.170152
v 0.005845 -0.013116 -0.170152
v 0.005753 -0.013116 -0.171102
v 0.000998 0.031343 -0.149809
v -0.001774 0.031343 -0.149809
v -0.004017 0.032972 -0.149809
v -0.004873 0.035608 -0.166548
v -0.004873 0.035608 -0.149809
v -0.001774 0.031343 -0.166548
v -0.004017 0.032972 -0.166548
v -0.001473 0.032268 -0.169313
v -0.003229 0.033544 -0.169313
v 0.000998 0.031343 -0.166548
v 0.000697 0.032268 -0.169313
v -0.003229 0.037673 -0.169313
v -0.004017 0.038245 -0.166548
v -0.003900 0.035608 -0.169313
v -0.004017 0.038245 -0.149809
v -0.001473 0.038949 -0.169313
v -0.001774 0.039874 -0.149809
v 0.000697 0.038949 -0.169313
v -0.001774 0.039874 -0.166548
v 0.002453 0.037673 -0.169313
v 0.003241 0.038245 -0.166548
v 0.000998 0.039874 -0.166548
v 0.000998 0.039874 -0.149809
v 0.003124 0.035608 -0.169313
v 0.002453 0.033544 -0.169313
v 0.003241 0.038245 -0.149809
v 0.004097 0.035608 -0.166548
v -0.000388 0.035608 -0.172213
v 0.004097 0.035608 -0.149809
v 0.003241 0.032972 -0.166548
v 0.003241 0.032972 -0.149809
v -0.005871 0.031417 -0.105782
v -0.006728 0.031417 -0.105266
v -0.005334 0.031417 -0.106752
v -0.005923 0.031417 -0.108701
v -0.005351 0.031417 -0.107751
v -0.006797 0.031417 -0.109186
v -0.007906 0.031417 -0.109166
v -0.008763 0.031417 -0.108651
v -0.009300 0.031417 -0.107681
v -0.009282 0.031417 -0.106682
v -0.008711 0.031417 -0.105731
v -0.007837 0.031417 -0.105247
v -0.009331 0.035939 -0.099699
v -0.009913 0.035939 -0.098526
v -0.006827 0.035939 -0.100578
v -0.008133 0.035939 -0.100496
v -0.005537 0.035939 -0.099939
v -0.004721 0.035939 -0.097413
v -0.004812 0.035939 -0.098849
v -0.005303 0.035939 -0.096240
v -0.007807 0.035939 -0.095360
v -0.006501 0.035939 -0.095443
v -0.009821 0.035939 -0.097089
v -0.009097 0.035939 -0.096000
v -0.009096 0.033484 -0.096006
v -0.009816 0.033484 -0.097088
v -0.009907 0.033484 -0.098528
v -0.006506 0.033484 -0.095447
v -0.007803 0.033484 -0.095365
v -0.004727 0.033484 -0.097411
v -0.004818 0.033484 -0.098850
v -0.005538 0.033484 -0.099933
v -0.005305 0.033484 -0.096246
v -0.006831 0.033484 -0.100574
v -0.008128 0.033484 -0.100492
v -0.009329 0.033484 -0.099693
v -0.008993 0.031285 -0.100021
v -0.009767 0.031285 -0.098977
v -0.009932 0.031285 -0.097544
v -0.009415 0.031285 -0.096351
v -0.008256 0.031285 -0.095492
v -0.006965 0.031285 -0.095344
v -0.005641 0.031285 -0.095917
v -0.004867 0.031285 -0.096962
v -0.005219 0.031285 -0.099587
v -0.004702 0.031285 -0.098395
v -0.006378 0.031285 -0.100447
v -0.007669 0.031285 -0.100595
v 0.005725 0.037260 -0.095443
v 0.007031 0.037260 -0.095360
v 0.004527 0.037260 -0.096240
v 0.007993 0.037680 -0.096372
v 0.008321 0.037260 -0.096000
v 0.004899 0.037680 -0.096568
v 0.006933 0.037680 -0.095847
v 0.009137 0.037260 -0.098526
v 0.008183 0.037680 -0.099371
v 0.008575 0.037680 -0.097248
v 0.005884 0.037680 -0.095913
v 0.008650 0.037680 -0.098428
v 0.003945 0.037260 -0.097413
v 0.004432 0.037680 -0.097510
v 0.008555 0.037260 -0.099699
v 0.009045 0.037260 -0.097089
v 0.007357 0.037260 -0.100496
v 0.006148 0.037680 -0.100092
v 0.004761 0.037260 -0.099939
v 0.004036 0.037260 -0.098849
v 0.007198 0.037680 -0.100026
v 0.006541 0.037680 -0.097969
v 0.005089 0.037680 -0.099567
v 0.004507 0.037680 -0.098691
v 0.006051 0.037260 -0.100578
v 0.008423 0.030512 -0.112415
v 0.009592 0.030512 -0.110806
v 0.006531 0.030512 -0.113030
v 0.009592 0.030512 -0.094765
v 0.006531 0.030512 -0.092541
v 0.008423 0.030512 -0.093156
v 0.004638 0.030512 -0.093156
v 0.003468 0.030512 -0.110806
v 0.004638 0.030512 -0.112415
v 0.005142 0.033872 -0.108703
v 0.004572 0.033872 -0.107754
v 0.003468 0.030512 -0.094765
v 0.004554 0.033872 -0.106749
v 0.006023 0.033872 -0.109191
v 0.008510 0.033872 -0.106678
v 0.003920 0.033740 -0.098392
v 0.007129 0.033872 -0.109171
v 0.005090 0.033872 -0.105780
v 0.005953 0.033872 -0.105262
v 0.007059 0.033872 -0.105242
v 0.007939 0.033872 -0.105730
v 0.007991 0.033872 -0.108653
v 0.008528 0.033872 -0.107684
v 0.008218 0.033740 -0.100027
v 0.004441 0.033740 -0.099593
v 0.005597 0.033740 -0.100451
v 0.004085 0.033740 -0.096963
v 0.006897 0.033740 -0.100600
v 0.004864 0.033740 -0.095911
v 0.006185 0.033740 -0.095339
v 0.007485 0.033740 -0.095488
v 0.008641 0.033740 -0.096346
v 0.007753 0.017613 -0.086227
v 0.008997 0.033740 -0.098976
v -0.006889 0.003315 -0.086227
v 0.008300 0.015859 -0.086227
v 0.008300 0.005653 -0.086227
v 0.007753 0.003900 -0.086227
v 0.009162 0.033740 -0.097546
v -0.008529 0.003900 -0.086227
v -0.009076 0.015859 -0.086227
v 0.006113 0.003315 -0.086227
v -0.008529 0.017613 -0.086227
v -0.008529 0.017613 -0.087418
v -0.009076 0.005653 -0.086227
v -0.006889 0.018197 -0.087418
v -0.006889 0.018197 -0.086227
v 0.006113 0.018197 -0.086227
v -0.009076 0.015859 -0.087418
v -0.005537 0.037260 -0.099939
v -0.006827 0.037260 -0.100578
v 0.006113 0.018197 -0.087418
v 0.007753 0.017613 -0.087418
v 0.008300 0.015859 -0.087418
v 0.008300 0.005653 -0.087418
v 0.007753 0.003900 -0.087418
v 0.006113 0.003315 -0.087418
v -0.006889 0.003315 -0.087418
v -0.008529 0.003900 -0.087418
v -0.009076 0.005653 -0.087418
v -0.004721 0.037260 -0.097413
v -0.004812 0.037260 -0.098849
v -0.005675 0.037680 -0.096568
v -0.005865 0.037680 -0.099567
v -0.009097 0.037260 -0.096000
v -0.009351 0.037680 -0.097248
v -0.005208 0.037680 -0.097510
v -0.005283 0.037680 -0.098691
v -0.006924 0.037680 -0.100092
v -0.006501 0.037260 -0.095443
v -0.008133 0.037260 -0.100496
v -0.005303 0.037260 -0.096240
v -0.006660 0.037680 -0.095913
v -0.007709 0.037680 -0.095847
v -0.007974 0.037680 -0.100026
v -0.007317 0.037680 -0.097969
v -0.007807 0.037260 -0.095360
v -0.008769 0.037680 -0.096372
v -0.009821 0.037260 -0.097089
v -0.009426 0.037680 -0.098428
v -0.009331 0.037260 -0.099699
v -0.008959 0.037680 -0.099371
v -0.009913 0.037260 -0.098526
v -0.005414 0.030512 -0.112415
v -0.004244 0.030512 -0.094765
v -0.004244 0.030512 -0.110806
v -0.009199 0.030512 -0.093156
v -0.010368 0.030512 -0.094765
v -0.005414 0.030512 -0.093156
v -0.007306 0.030512 -0.113030
v -0.010368 0.030512 -0.110806
v -0.007306 0.030512 -0.092541
v 0.000739 0.032140 -0.148905
v 0.002563 0.033465 -0.148905
v -0.003339 0.033465 -0.148905
v -0.009199 0.030512 -0.112415
v -0.001515 0.032140 -0.148905
v -0.004035 0.035608 -0.148905
v 0.003259 0.035608 -0.148905
v -0.000388 0.035608 -0.148905
v -0.005348 0.033872 -0.107754
v -0.005918 0.033872 -0.108703
v -0.005330 0.033872 -0.106749
v -0.006799 0.033872 -0.109191
v -0.003339 0.037752 -0.148905
v -0.001515 0.039077 -0.148905
v 0.000739 0.039077 -0.148905
v 0.002563 0.037752 -0.148905
v -0.009304 0.033872 -0.107684
v -0.009286 0.033872 -0.106678
v -0.005866 0.033872 -0.105780
v -0.007905 0.033872 -0.109171
v -0.006729 0.033872 -0.105262
v -0.008767 0.033872 -0.108653
v -0.008715 0.033872 -0.105730
v -0.007835 0.033872 -0.105242
v -0.005217 0.033740 -0.099593
v -0.005640 0.033740 -0.095911
v -0.008994 0.033740 -0.100027
v -0.008261 0.033740 -0.095488
v -0.009938 0.033740 -0.097546
v -0.007673 0.033740 -0.100600
v -0.004861 0.033740 -0.096963
v -0.006373 0.033740 -0.100451
v -0.004696 0.033740 -0.098392
v -0.009773 0.033740 -0.098976
v -0.009417 0.033740 -0.096346
v -0.006961 0.033740 -0.095339
vn 0.0124 0.9997 -0.0196
vn -0.0051 0.9998 -0.0205
vn 0.0414 0.9991 -0.0125
vn -0.0194 -0.9995 0.0257
vn -0.0015 -1.0000 -0.0014
vn -0.0406 -0.9992 0.0044
vn -0.0307 0.9982 -0.0517
vn 0.0248 0.9990 -0.0369
vn -0.0212 -0.9995 0.0250
vn -0.0045 0.9987 -0.0515
vn 0.0184 -0.9997 0.0158
vn -0.9488 0.0262 0.3148
vn -0.9522 -0.0000 0.3055
vn -0.9447 0.0523 0.3238
vn 0.9512 0.0229 0.3078
vn 0.9433 -0.0000 0.3319
vn 0.9579 0.0458 0.2834
vn -0.0000 -1.0000 -0.0000
vn -0.0000 -0.0000 1.0000
vn -0.0000 -0.0000 -1.0000
vn -0.2129 -0.9771 -0.0000
vn -0.0020 -1.0000 -0.0000
vn -0.5343 -0.8453 -0.0000
vn -0.6464 -0.7630 -0.0000
vn -0.9028 -0.4300 -0.0000
vn -0.9967 -0.0779 -0.0219
vn -0.9993 -0.0380 -0.0022
vn -0.9995 0.0018 -0.0319
vn -0.9970 0.0004 0.0771
vn -1.0000 -0.0000 -0.0000
vn -0.9951 -0.0000 0.0985
vn -0.9246 -0.0000 0.3809
vn -0.8298 -0.0000 0.5580
vn -0.5580 -0.0000 0.8298
vn -0.9962 -0.0000 -0.0872
vn -0.3810 -0.0000 0.9246
vn -0.1335 -0.0000 0.9910
vn -0.0702 -0.0000 0.9975
vn 0.0986 -0.0000 -0.9951
vn 0.0985 -0.0000 -0.9951
vn 0.3810 -0.0000 -0.9246
vn 0.5580 -0.0000 -0.8299
vn 0.8298 -0.0000 -0.5580
vn 0.9246 -0.0000 -0.3809
vn 0.9951 -0.0000 -0.0985
vn 0.9978 -0.0000 -0.0657
vn 1.0000 -0.0000 -0.0000
vn 0.9934 0.1144 -0.0000
vn 0.9984 0.0571 -0.0000
vn 0.8907 0.4546 -0.0000
vn 0.6141 0.7892 -0.0000
vn 0.4423 0.8969 -0.0000
vn 0.1325 0.9912 -0.0000
vn 0.0029 1.0000 -0.0000
vn 0.9239 -0.0000 0.3827
vn 0.8629 -0.0000 0.5054
vn 0.3827 -0.0000 0.9239
vn 0.7071 -0.0000 0.7071
vn -0.3409 0.0055 0.9401
vn -0.6409 0.0103 0.7675
vn -0.6410 0.0103 0.7675
vn -0.3410 0.0055 -0.9401
vn -0.3409 0.0050 -0.9401
vn -0.6410 0.0103 -0.7675
vn -0.9999 0.0161 -0.0000
vn 0.0003 0.9985 -0.0556
vn -0.0000 1.0000 -0.0000
vn -0.0052 0.9940 -0.1096
vn -0.0881 0.9356 -0.3420
vn -0.0324 0.9445 -0.3270
vn -0.1769 0.8687 -0.4627
vn -0.3238 0.8549 -0.4052
vn -0.3121 0.9042 -0.2916
vn -0.3741 0.9098 -0.1795
vn -0.2128 0.9741 -0.0765
vn -0.1295 0.9915 -0.0128
vn -0.8088 0.5880 -0.0000
vn -0.9820 0.1890 -0.0000
vn -0.9820 -0.1889 -0.0000
vn -0.6546 0.7560 -0.0000
vn -0.3273 0.9449 -0.0000
vn 0.3273 0.9449 -0.0001
vn 0.6546 0.7559 -0.0000
vn 0.9820 0.1889 -0.0000
vn 0.9820 -0.1889 -0.0000
vn 0.6547 -0.7559 -0.0000
vn 0.3274 -0.9449 -0.0000
vn -0.3274 -0.9449 -0.0000
vn -0.6547 -0.7559 0.0001
vn -0.5153 -0.0000 0.8570
vn -0.5155 -0.0000 0.8569
vn 0.4845 -0.0000 0.8748
vn 0.4846 -0.0000 0.8747
vn 0.9998 -0.0000 0.0178
vn 0.9998 -0.0000 0.0177
vn 0.9998 -0.0000 0.0176
vn 0.5153 -0.0000 -0.8570
vn 0.5152 -0.0000 -0.8570
vn -0.4845 -0.0000 -0.8748
vn -0.4846 -0.0000 -0.8747
vn -0.4847 -0.0000 -0.8747
vn -0.9998 -0.0000 -0.0177
vn -0.9998 -0.0000 -0.0178
vn 0.6038 -0.0001 -0.7971
vn 0.7971 -0.0000 -0.6038
vn 0.1368 -0.0000 -0.9906
vn -0.1367 -0.0000 -0.9906
vn -0.6038 0.0001 -0.7972
vn -0.7972 -0.0001 -0.6037
vn -0.9906 -0.0000 -0.1367
vn -0.9906 -0.0000 0.1367
vn -0.7972 -0.0000 0.6037
vn -0.6037 -0.0000 0.7972
vn -0.1367 -0.0000 0.9906
vn 0.1368 -0.0000 0.9906
vn 0.6038 -0.0000 0.7972
vn 0.7971 -0.0001 0.6038
vn 0.9906 -0.0000 0.1368
vn 0.9906 -0.0000 -0.1368
vn 0.6038 -0.0000 -0.7972
vn -0.6037 -0.0000 -0.7972
vn -0.7972 -0.0000 -0.6037
vn -0.7972 -0.0000 0.6038
vn -0.6038 -0.0000 0.7971
vn 0.6038 0.0001 0.7971
vn 0.7971 -0.0000 0.6038
vn -0.8959 -0.0000 0.4443
vn -0.8958 -0.0000 0.4444
vn -0.8959 -0.0000 0.4442
vn -0.0632 -0.0000 0.9980
vn -0.0633 -0.0000 0.9980
vn -0.0634 -0.0000 0.9980
vn 0.8327 -0.0000 0.5538
vn 0.8327 -0.0001 0.5537
vn 0.8959 -0.0000 -0.4442
vn 0.8959 -0.0000 -0.4443
vn 0.8959 -0.0001 -0.4443
vn 0.0632 -0.0000 -0.9980
vn 0.0633 -0.0000 -0.9980
vn -0.8327 -0.0000 -0.5537
vn -0.8033 -0.0000 0.5956
vn 0.1143 -0.0000 0.9935
vn 0.1142 -0.0000 0.9935
vn 0.1141 -0.0000 0.9935
vn 0.9175 -0.0000 0.3978
vn 0.9174 -0.0000 0.3979
vn 0.8032 -0.0000 -0.5957
vn 0.8033 -0.0000 -0.5956
vn -0.1142 -0.0000 -0.9935
vn -0.9174 -0.0000 -0.3979
vn -0.9175 -0.0000 -0.3979
vn -0.9175 -0.0000 -0.3977
vn -0.9176 -0.0000 -0.3976
vn -0.0000 0.0006 -1.0000
vn -0.0122 0.0016 -0.9999
vn -0.0464 0.0014 -0.9989
vn -0.0550 0.0017 -0.9985
vn -0.1051 -0.0000 -0.9945
vn 0.0014 -0.9596 0.2813
vn -0.0053 -0.9553 0.2957
vn -0.0422 -0.9688 0.2441
vn -0.2211 -0.9629 0.1549
vn -0.2254 -0.9676 0.1138
vn -0.2587 -0.9553 0.1433
vn -0.2486 -0.9629 0.1053
vn -0.2160 -0.9676 0.1308
vn -0.2293 -0.9688 -0.0937
vn -0.2376 -0.9596 -0.1504
vn -0.2534 -0.9553 -0.1523
vn -0.2443 -0.9596 -0.1393
vn -0.1903 -0.9688 -0.1586
vn -0.0236 -0.9629 -0.2689
vn 0.0142 -0.9676 -0.2521
vn 0.0052 -0.9553 -0.2956
vn -0.0015 -0.9596 -0.2812
vn 0.0422 -0.9688 -0.2441
vn 0.2211 -0.9629 -0.1549
vn 0.2254 -0.9676 -0.1138
vn 0.2586 -0.9553 -0.1433
vn 0.2428 -0.9596 -0.1419
vn 0.2325 -0.9688 -0.0855
vn 0.2447 -0.9629 0.1140
vn 0.2113 -0.9676 0.1383
vn 0.2534 -0.9553 0.1523
vn 0.2443 -0.9596 0.1393
vn 0.1903 -0.9688 0.1586
vn 0.0236 -0.9629 0.2689
vn -0.0142 -0.9676 0.2521
vn 0.2117 0.9773 -0.0091
vn 0.2323 0.9725 0.0147
vn 0.1969 0.9802 0.0196
vn 0.1311 0.9810 -0.1431
vn 0.1185 0.9753 -0.1866
vn 0.1289 0.9725 -0.1938
vn 0.0980 0.9773 -0.1879
vn 0.1154 0.9802 -0.1607
vn -0.0584 0.9810 -0.1851
vn -0.1024 0.9753 -0.1959
vn -0.1034 0.9725 -0.2086
vn -0.1137 0.9773 -0.1788
vn -0.0815 0.9802 -0.1804
vn -0.1895 0.9810 -0.0420
vn -0.2208 0.9753 -0.0092
vn -0.2323 0.9725 -0.0147
vn -0.2117 0.9773 0.0091
vn -0.1969 0.9802 -0.0196
vn -0.1310 0.9810 0.1431
vn -0.1184 0.9753 0.1866
vn -0.1289 0.9725 0.1938
vn -0.0980 0.9773 0.1879
vn -0.1155 0.9802 0.1607
vn 0.0584 0.9810 0.1851
vn 0.1024 0.9753 0.1959
vn 0.1034 0.9725 0.2086
vn 0.1137 0.9773 0.1788
vn 0.0815 0.9802 0.1804
vn 0.1895 0.9810 0.0420
vn 0.2208 0.9753 0.0093
vn 0.2198 -0.9755 0.0087
vn 0.2106 -0.9775 -0.0087
vn 0.2311 -0.9728 0.0146
vn 0.1885 -0.9812 0.0413
vn 0.1128 -0.9775 0.1781
vn 0.0804 -0.9804 0.1796
vn 0.1029 -0.9728 0.2075
vn 0.1023 -0.9755 0.1947
vn 0.0585 -0.9812 0.1838
vn -0.0978 -0.9775 0.1867
vn -0.1154 -0.9805 0.1594
vn -0.1282 -0.9728 0.1928
vn -0.1174 -0.9755 0.1859
vn -0.1299 -0.9812 0.1426
vn -0.2106 -0.9775 0.0087
vn -0.1957 -0.9804 -0.0202
vn -0.2311 -0.9728 -0.0146
vn -0.2078 -0.9775 -0.0351
vn -0.1967 -0.9804 -0.0047
vn -0.1109 -0.9812 -0.1578
vn -0.0931 -0.9755 -0.1993
vn -0.1029 -0.9728 -0.2074
vn -0.1023 -0.9755 -0.1947
vn -0.0585 -0.9812 -0.1838
vn 0.0978 -0.9775 -0.1867
vn 0.1154 -0.9804 -0.1594
vn 0.1282 -0.9728 -0.1928
vn 0.1175 -0.9755 -0.1859
vn 0.1300 -0.9812 -0.1426
vn 0.1957 -0.9804 0.0202
vn 0.0828 -0.9755 -0.2039
vn 0.0921 -0.9728 -0.2125
vn 0.1028 -0.9812 -0.1634
vn 0.2059 -0.9775 -0.0458
vn 0.1964 -0.9804 -0.0148
vn 0.2301 -0.9728 -0.0264
vn 0.2180 -0.9755 -0.0302
vn 0.1929 -0.9812 0.0073
vn 0.1426 -0.9775 0.1554
vn 0.1110 -0.9804 0.1627
vn 0.1380 -0.9728 0.1861
vn 0.1351 -0.9755 0.1737
vn 0.0901 -0.9812 0.1708
vn -0.0632 -0.9775 0.2012
vn -0.0853 -0.9804 0.1774
vn -0.0921 -0.9728 0.2125
vn -0.0828 -0.9755 0.2039
vn -0.1028 -0.9812 0.1634
vn -0.2059 -0.9775 0.0458
vn -0.1964 -0.9804 0.0148
vn -0.2301 -0.9728 0.0265
vn -0.2109 -0.9775 0.0021
vn -0.1946 -0.9804 0.0301
vn -0.1372 -0.9812 -0.1358
vn -0.1270 -0.9755 -0.1797
vn -0.1380 -0.9728 -0.1861
vn -0.1351 -0.9755 -0.1737
vn -0.0901 -0.9812 -0.1708
vn 0.0633 -0.9775 -0.2012
vn 0.0853 -0.9804 -0.1775
vn -0.0000 0.9869 -0.1616
vn -0.0000 -0.8869 0.4619
vn -0.0000 0.1596 0.9872
vn -1.0000 -0.0009 0.0049
vn -1.0000 -0.0019 0.0050
vn -1.0000 -0.0001 0.0068
vn -1.0000 0.0006 0.0051
vn -0.9986 0.0005 -0.0535
vn -0.9934 -0.0000 -0.1143
vn -0.9735 -0.0000 -0.2286
vn -0.9600 -0.0000 -0.2802
vn -0.9257 -0.0000 -0.3783
vn -0.9257 -0.0000 -0.3784
vn -0.8390 -0.0000 -0.5441
vn -0.7555 -0.0000 -0.6551
vn -0.4660 -0.0000 -0.8848
vn -0.2329 -0.0000 -0.9725
vn 0.2164 -0.0000 -0.9763
vn 0.4324 -0.0000 -0.9017
vn 0.7490 -0.0000 -0.6625
vn 0.8596 -0.0000 -0.5110
vn -0.0817 0.3580 -0.9301
vn -0.0818 0.3580 -0.9301
vn -0.0456 0.9989 0.0073
vn -0.0215 0.9997 -0.0103
vn -0.0491 0.9987 0.0099
vn 0.0116 0.9999 0.0102
vn 0.0177 0.9996 0.0222
vn 0.0562 -0.9983 0.0158
vn 0.0639 -0.9969 0.0466
vn 0.0069 -0.9998 0.0192
vn 0.0481 -0.9982 0.0360
vn 0.0245 -0.9995 0.0223
vn 1.0000 -0.0000 0.0046
vn 0.9983 -0.0000 -0.0588
vn 0.9983 -0.0000 -0.0584
vn 0.9718 -0.0000 -0.2360
vn 0.0093 0.9999 -0.0131
vn 0.0005 0.9999 -0.0131
vn 0.0159 0.9997 0.0190
vn 0.0121 0.9997 0.0204
vn -0.0014 -1.0000 0.0077
vn 0.0006 -1.0000 0.0079
vn 0.0019 -1.0000 0.0051
vn 0.0020 -1.0000 0.0053
vn 0.0029 -0.0000 1.0000
vn 0.0060 -0.9998 -0.0181
vn 0.0137 -0.9992 -0.0383
vn 0.0081 -0.9996 -0.0253
vn -0.0260 -0.9981 0.0563
vn -0.0157 -0.9982 0.0582
vn -0.0524 -0.9929 0.1071
vn -0.0661 -0.9944 0.0829
vn -0.0257 -0.9992 0.0319
vn -0.0031 0.9998 0.0219
vn 0.0020 0.9997 0.0229
vn -0.0182 0.9983 0.0557
vn -0.0327 0.9954 0.0900
vn -0.0267 0.9967 0.0766
vn -0.0254 0.9967 0.0772
vn -0.0133 0.9993 0.0351
vn -0.0101 0.9992 0.0376
vn -0.0148 0.9994 0.0322
vn -0.0142 0.9997 0.0194
vn -0.0304 0.9992 0.0246
vn -0.0002 1.0000 -0.0000
vn -0.0003 0.5610 -0.8278
vn -0.0001 0.5609 -0.8279
vn -0.0002 0.5610 -0.8278
vn -0.0004 0.5611 -0.8278
vn -0.9235 0.3837 -0.0000
vn -0.0009 0.5612 0.8277
vn -0.0005 0.5614 0.8275
vn -0.0010 0.5611 0.8277
vn -0.0014 0.5608 0.8279
vn 0.9057 0.4239 -0.0000
vn -0.9989 -0.0000 -0.0478
vn -0.9530 -0.0000 -0.3029
vn -0.8628 -0.0000 -0.5056
vn -0.5311 -0.0000 -0.8473
vn -0.2656 -0.0000 -0.9641
vn 0.4027 -0.0000 -0.9153
vn 0.0020 -1.0000 -0.0000
vn 0.2129 -0.9771 -0.0000
vn 0.5343 -0.8453 -0.0000
vn 0.6464 -0.7630 -0.0000
vn 0.9028 -0.4300 -0.0000
vn 0.9967 -0.0779 -0.0219
vn 0.9993 -0.0380 -0.0022
vn 0.9995 0.0019 -0.0319
vn 0.9962 -0.0000 -0.0872
vn 0.9970 0.0004 0.0771
vn 0.9951 -0.0000 0.0985
vn 0.9246 -0.0000 0.3809
vn 0.8298 -0.0000 0.5580
vn 0.5580 -0.0000 0.8299
vn 0.3810 -0.0000 0.9246
vn 0.1335 -0.0000 0.9910
vn 0.0702 -0.0000 0.9975
vn -0.3827 -0.0000 0.9239
vn -0.8629 -0.0000 0.5054
vn -0.9239 -0.0000 0.3827
vn -0.9984 0.0571 -0.0000
vn -0.9934 0.1144 -0.0000
vn -0.8907 0.4546 -0.0000
vn -0.7071 -0.0000 0.7071
vn -0.6141 0.7892 -0.0000
vn -0.4423 0.8969 -0.0000
vn -0.1325 0.9912 -0.0000
vn -0.0029 1.0000 -0.0000
vn -0.9978 -0.0000 -0.0656
vn -0.9951 -0.0000 -0.0985
vn -0.9246 -0.0000 -0.3809
vn -0.8298 -0.0000 -0.5580
vn -0.5580 -0.0000 -0.8299
vn -0.3810 -0.0000 -0.9246
vn -0.0986 -0.0000 -0.9951
vn -0.0985 -0.0000 -0.9951
vn 0.6409 0.0103 0.7675
vn 0.3409 0.0055 0.9401
vn 0.3409 0.0050 0.9401
vn 0.6410 0.0103 -0.7675
vn 0.3410 0.0055 -0.9401
vn 0.9999 0.0161 -0.0000
vn -0.0002 0.9985 -0.0556
vn 0.0052 0.9940 -0.1096
vn 0.0881 0.9356 -0.3420
vn 0.0324 0.9445 -0.3269
vn 0.1769 0.8687 -0.4627
vn 0.3239 0.8549 -0.4052
vn 0.3121 0.9042 -0.2916
vn 0.3741 0.9098 -0.1795
vn 0.2128 0.9741 -0.0765
vn 0.1295 0.9915 -0.0128
vn 0.8088 0.5880 -0.0000
vn 0.6546 0.7560 -0.0000
vn 0.9820 0.1890 -0.0000
vn 0.3273 0.9449 -0.0000
vn -0.6547 -0.7559 -0.0000
vn 0.5153 -0.0000 0.8570
vn 0.5152 -0.0000 0.8570
vn 0.5155 -0.0000 0.8569
vn -0.4845 -0.0000 0.8748
vn -0.4846 -0.0000 0.8747
vn -0.9998 -0.0000 0.0178
vn -0.9998 -0.0000 0.0177
vn -0.9998 -0.0000 0.0176
vn -0.5152 -0.0000 -0.8571
vn -0.5153 -0.0000 -0.8570
vn -0.5154 -0.0000 -0.8570
vn 0.4845 -0.0000 -0.8748
vn 0.4846 -0.0000 -0.8747
vn 0.9998 -0.0000 -0.0178
vn 0.9998 -0.0000 -0.0177
vn -0.1368 -0.0000 -0.9906
vn -0.7971 -0.0000 -0.6038
vn -0.6038 -0.0000 -0.7971
vn 0.1367 -0.0000 -0.9906
vn 0.6038 -0.0000 -0.7971
vn 0.7972 -0.0000 -0.6038
vn 0.9906 -0.0000 -0.1367
vn 0.9906 -0.0000 0.1367
vn 0.7972 -0.0000 0.6037
vn 0.6037 -0.0000 0.7972
vn 0.1367 -0.0000 0.9906
vn -0.6038 -0.0000 0.7972
vn -0.7971 -0.0000 0.6038
vn -0.9906 -0.0000 -0.1368
vn -0.6038 -0.0000 -0.7972
vn 0.6037 -0.0000 -0.7972
vn 0.7972 -0.0000 -0.6037
vn 0.7972 -0.0000 0.6038
vn 0.6038 -0.0000 0.7971
vn -0.1368 -0.0000 0.9906
vn -0.9906 -0.0000 0.1368
vn 0.8958 -0.0000 0.4444
vn 0.8959 -0.0000 0.4443
vn 0.8959 -0.0000 0.4442
vn 0.0633 -0.0000 0.9980
vn 0.0632 -0.0000 0.9980
vn 0.0634 -0.0000 0.9980
vn -0.8327 -0.0000 0.5538
vn -0.8327 -0.0001 0.5537
vn -0.8326 -0.0000 0.5538
vn -0.8959 -0.0000 -0.4442
vn -0.8959 -0.0000 -0.4443
vn -0.8958 -0.0001 -0.4444
vn -0.0632 -0.0000 -0.9980
vn -0.0633 -0.0000 -0.9980
vn 0.8327 -0.0000 -0.5537
vn 0.8033 -0.0000 0.5956
vn -0.1142 -0.0000 0.9935
vn -0.1143 -0.0000 0.9935
vn -0.9175 -0.0000 0.3978
vn -0.9174 -0.0000 0.3979
vn -0.8032 -0.0000 -0.5957
vn -0.8033 -0.0000 -0.5956
vn 0.1142 -0.0000 -0.9935
vn 0.9174 -0.0000 -0.3979
vn 0.9175 -0.0000 -0.3977
vn 0.9176 -0.0000 -0.3976
vn -0.0000 -0.0002 1.0000
vn -0.0000 -0.0003 1.0000
vn -0.3790 -0.9254 -0.0000
vn -0.5404 -0.8414 -0.0000
vn -0.2316 -0.9728 -0.0000
vn -0.6172 -0.7868 -0.0000
vn -0.8930 -0.4500 -0.0000
vn -0.9553 -0.2956 -0.0000
vn -0.9976 -0.0688 -0.0000
vn -0.9959 0.0906 -0.0000
vn -0.1931 -0.9812 -0.0000
vn -0.9462 0.3236 -0.0000
vn -0.8865 0.4627 -0.0000
vn -0.6172 0.7868 -0.0000
vn -0.1931 0.9812 -0.0000
vn 0.1285 0.9917 -0.0000
vn 0.2569 0.9664 -0.0000
vn 0.5404 0.8414 -0.0000
vn 0.6885 0.7252 -0.0000
vn 0.8865 0.4627 -0.0000
vn 0.9462 0.3236 -0.0000
vn 0.9959 0.0906 -0.0000
vn 0.9976 -0.0688 -0.0000
vn 0.9553 -0.2956 -0.0000
vn 0.8930 -0.4500 -0.0000
vn 0.6172 -0.7868 -0.0000
vn 0.5403 -0.8414 -0.0000
vn 0.2883 -0.9575 -0.0000
vn 0.3790 -0.9254 -0.0000
vn 0.1285 -0.9917 -0.0000
vn 0.9989 -0.0000 -0.0479
vn 0.9530 -0.0000 -0.3030
vn 0.8628 -0.0000 -0.5056
vn 0.0122 0.0016 -0.9999
vn 0.0464 0.0016 -0.9989
vn 0.0550 0.0017 -0.9985
vn 0.1051 -0.0000 -0.9945
vn 0.7411 -0.6714 -0.0000
vn 0.2048 -0.9788 -0.0000
vn 0.3073 -0.9365 -0.1689
vn 0.7991 -0.5770 -0.1689
vn 0.3215 -0.7862 -0.5278
vn 0.7222 -0.4471 -0.5278
vn 0.9942 -0.1077 -0.0000
vn 0.9856 0.0028 -0.1689
vn 0.8470 0.0628 -0.5278
vn 0.8676 0.4973 -0.0000
vn 0.7957 0.5816 -0.1689
vn 0.6484 0.5487 -0.5278
vn 0.4096 0.9122 -0.0000
vn 0.3019 0.9383 -0.1689
vn 0.2020 0.8250 -0.5278
vn -0.2048 0.9788 -0.0000
vn -0.3073 0.9365 -0.1689
vn -0.3215 0.7862 -0.5278
vn -0.7411 0.6714 -0.0000
vn -0.7991 0.5770 -0.1689
vn -0.7222 0.4471 -0.5278
vn -0.8470 -0.0628 -0.5278
vn -0.6484 -0.5487 -0.5278
vn -0.2020 -0.8250 -0.5278
vn -0.9942 0.1077 -0.0000
vn -0.9856 -0.0028 -0.1689
vn -0.7957 -0.5816 -0.1689
vn -0.3019 -0.9383 -0.1689
vn -0.4096 -0.9122 -0.0000
vn -0.8676 -0.4973 -0.0000
vn 0.0422 -0.9688 0.2441
vn 0.0053 -0.9553 0.2957
vn -0.0014 -0.9596 0.2813
vn 0.2211 -0.9629 0.1549
vn 0.2254 -0.9676 0.1138
vn 0.2586 -0.9553 0.1433
vn 0.2486 -0.9629 0.1052
vn 0.2160 -0.9676 0.1308
vn 0.2293 -0.9688 -0.0937
vn 0.2376 -0.9596 -0.1504
vn 0.2534 -0.9553 -0.1524
vn 0.2443 -0.9596 -0.1393
vn 0.1903 -0.9688 -0.1586
vn 0.0236 -0.9629 -0.2689
vn -0.0142 -0.9676 -0.2521
vn -0.0052 -0.9553 -0.2957
vn 0.0015 -0.9596 -0.2813
vn -0.0422 -0.9688 -0.2441
vn -0.2211 -0.9629 -0.1549
vn -0.2254 -0.9676 -0.1138
vn -0.2586 -0.9553 -0.1433
vn -0.2428 -0.9596 -0.1419
vn -0.2325 -0.9688 -0.0855
vn -0.2447 -0.9629 0.1140
vn -0.2113 -0.9676 0.1383
vn -0.2534 -0.9553 0.1523
vn -0.2443 -0.9596 0.1393
vn -0.1903 -0.9688 0.1586
vn -0.0236 -0.9629 0.2689
vn 0.0142 -0.9676 0.2521
vn -0.1969 0.9802 0.0196
vn -0.2323 0.9725 0.0147
vn -0.2117 0.9773 -0.0091
vn -0.1311 0.9810 -0.1431
vn -0.1185 0.9753 -0.1866
vn -0.1289 0.9725 -0.1939
vn -0.0980 0.9773 -0.1879
vn -0.1154 0.9802 -0.1607
vn 0.0584 0.9810 -0.1851
vn 0.1024 0.9753 -0.1959
vn 0.1034 0.9725 -0.2086
vn 0.1137 0.9773 -0.1788
vn 0.0815 0.9802 -0.1804
vn 0.1895 0.9810 -0.0420
vn 0.2209 0.9753 -0.0092
vn 0.2323 0.9725 -0.0147
vn 0.2117 0.9773 0.0091
vn 0.1969 0.9802 -0.0196
vn 0.1311 0.9810 0.1431
vn 0.1184 0.9753 0.1866
vn 0.1289 0.9725 0.1938
vn 0.0980 0.9773 0.1879
vn 0.1155 0.9802 0.1607
vn -0.0584 0.9810 0.1851
vn -0.1024 0.9753 0.1959
vn -0.1034 0.9725 0.2086
vn -0.1137 0.9773 0.1788
vn -0.0815 0.9802 0.1804
vn -0.1895 0.9810 0.0420
vn -0.2208 0.9753 0.0093
vn -0.2311 -0.9728 0.0146
vn -0.2106 -0.9775 -0.0087
vn -0.2198 -0.9755 0.0087
vn -0.1885 -0.9812 0.0412
vn -0.1128 -0.9775 0.1781
vn -0.0803 -0.9804 0.1796
vn -0.1028 -0.9728 0.2074
vn -0.1023 -0.9755 0.1947
vn -0.0585 -0.9812 0.1838
vn 0.0978 -0.9775 0.1867
vn 0.1154 -0.9805 0.1594
vn 0.1282 -0.9728 0.1928
vn 0.1174 -0.9755 0.1859
vn 0.1299 -0.9812 0.1426
vn 0.2106 -0.9775 0.0087
vn 0.1957 -0.9804 -0.0202
vn 0.2311 -0.9728 -0.0146
vn 0.2078 -0.9775 -0.0351
vn 0.1967 -0.9804 -0.0046
vn 0.1109 -0.9812 -0.1578
vn 0.0930 -0.9755 -0.1993
vn 0.1029 -0.9728 -0.2074
vn 0.1023 -0.9755 -0.1947
vn 0.0585 -0.9812 -0.1838
vn -0.0978 -0.9775 -0.1867
vn -0.1154 -0.9804 -0.1594
vn -0.1282 -0.9728 -0.1928
vn -0.1175 -0.9755 -0.1859
vn -0.1300 -0.9812 -0.1426
vn -0.1957 -0.9804 0.0202
vn -0.1028 -0.9812 -0.1634
vn -0.0921 -0.9728 -0.2125
vn -0.0828 -0.9755 -0.2039
vn -0.2059 -0.9775 -0.0458
vn -0.1964 -0.9804 -0.0148
vn -0.2301 -0.9728 -0.0264
vn -0.2180 -0.9755 -0.0302
vn -0.1929 -0.9812 0.0073
vn -0.1426 -0.9775 0.1554
vn -0.1110 -0.9804 0.1627
vn -0.1380 -0.9728 0.1861
vn -0.1351 -0.9755 0.1737
vn -0.0901 -0.9812 0.1708
vn 0.0632 -0.9775 0.2012
vn 0.0853 -0.9804 0.1774
vn 0.0921 -0.9728 0.2125
vn 0.0828 -0.9755 0.2039
vn 0.1028 -0.9812 0.1634
vn 0.2059 -0.9775 0.0458
vn 0.1964 -0.9804 0.0148
vn 0.2301 -0.9728 0.0265
vn 0.2109 -0.9775 0.0021
vn 0.1946 -0.9804 0.0301
vn 0.1373 -0.9812 -0.1358
vn 0.1270 -0.9755 -0.1797
vn 0.1380 -0.9728 -0.1861
vn 0.1351 -0.9755 -0.1737
vn 0.0901 -0.9812 -0.1708
vn -0.0633 -0.9775 -0.2012
vn -0.0853 -0.9804 -0.1775
vn -0.0001 -0.0000 1.0000
vn -0.0000 -0.0001 1.0000
vn -0.0001 -0.0001 1.0000
vn 0.0001 -0.0001 1.0000
vn 0.0001 -0.0000 1.0000
vn -0.6209 0.7621 0.1837
vn -0.4459 0.7621 0.4694
vn -0.3310 0.9118 0.2429
vn -0.4082 0.9118 0.0449
vn -0.1652 0.9118 0.3759
vn -0.1514 0.7621 0.6295
vn 0.0449 0.9118 0.4081
vn 0.1836 0.7622 0.6207
vn -0.6294 0.7622 -0.1513
vn -0.3759 0.9118 -0.1652
vn -0.4694 0.7622 -0.4458
vn -0.2429 0.9118 -0.3310
vn -0.1836 0.7622 -0.6207
vn -0.0448 0.9118 -0.4082
vn 0.1514 0.7621 -0.6295
vn 0.1652 0.9118 -0.3759
vn 0.4458 0.7621 -0.4694
vn 0.3310 0.9118 -0.2429
vn 0.4081 0.9118 -0.0449
vn 0.3759 0.9118 0.1652
vn 0.2429 0.9118 0.3310
vn 0.6208 0.7622 -0.1836
vn 0.6295 0.7622 0.1514
vn 0.4694 0.7622 0.4458
vn -0.6886 -0.0000 0.7251
vn -0.8062 -0.0000 0.5916
vn -0.4024 -0.0000 0.9155
vn -0.2338 -0.0000 0.9723
vn 0.1092 -0.0000 0.9940
vn 0.2836 -0.0000 0.9590
vn 0.5916 -0.0000 0.8062
vn 0.7251 -0.0000 0.6886
vn 0.9155 -0.0000 0.4024
vn -0.9589 -0.0000 0.2836
vn -0.9940 -0.0000 0.1093
vn -0.9723 -0.0000 -0.2337
vn -0.9155 -0.0000 -0.4023
vn -0.7251 -0.0000 -0.6886
vn -0.5916 -0.0000 -0.8062
vn -0.2836 -0.0000 -0.9589
vn -0.1092 -0.0000 -0.9940
vn 0.2339 -0.0000 -0.9723
vn 0.4024 -0.0000 -0.9155
vn 0.6886 -0.0000 -0.7251
vn 0.8062 -0.0000 -0.5916
vn 0.9589 -0.0000 -0.2836
vn 0.9940 -0.0000 -0.1092
vn 0.9723 -0.0000 0.2339
vn -0.1077 -0.0000 -0.9942
vn 0.1077 -0.0000 -0.9942
vn -0.4973 -0.0000 -0.8676
vn -0.6714 -0.0000 -0.7411
vn -0.9122 -0.0000 -0.4097
vn -0.9788 -0.0000 -0.2049
vn -0.9788 -0.0000 0.2048
vn -0.9122 -0.0000 0.4096
vn -0.6714 -0.0000 0.7411
vn 0.4974 -0.0000 -0.8675
vn 0.6715 -0.0000 -0.7410
vn 0.9123 -0.0000 -0.4096
vn 0.9788 -0.0000 -0.2048
vn 0.9788 -0.0000 0.2048
vn 0.9123 -0.0000 0.4096
vn 0.6715 -0.0000 0.7410
vn 0.4973 -0.0000 0.8676
vn 0.1077 -0.0000 0.9942
vn -0.1077 -0.0000 0.9942
vn -0.4972 -0.0000 0.8676
vn -0.1976 0.9760 -0.0917
vn -0.2546 0.9549 -0.1530
vn -0.2127 0.9673 -0.1383
vn -0.2338 0.9685 0.0855
vn -0.1053 0.9926 0.0612
vn -0.2599 0.9549 0.1440
vn -0.1275 0.9878 0.0896
vn -0.2262 0.9673 0.1150
vn -0.0429 0.9685 0.2453
vn -0.1480 0.9853 -0.0848
vn -0.0162 0.9833 -0.1811
vn -0.0005 0.9898 -0.1421
vn 0.1275 0.9878 -0.0896
vn 0.0004 0.9898 0.1422
vn -0.0053 0.9549 0.2970
vn -0.1910 0.9685 -0.1598
vn 0.0134 0.9673 -0.2534
vn 0.0052 0.9548 -0.2970
vn 0.0429 0.9685 -0.2452
vn 0.2261 0.9673 -0.1150
vn 0.2598 0.9549 -0.1440
vn 0.1228 0.9899 -0.0715
vn 0.0138 0.9878 0.1552
vn -0.0135 0.9673 0.2534
vn 0.1909 0.9685 0.1598
vn 0.1848 0.9770 0.1059
vn 0.2546 0.9549 0.1530
vn 0.2338 0.9685 -0.0855
vn 0.1649 0.9833 0.0765
vn 0.2127 0.9673 0.1383
vn -0.1319 0.9911 0.0181
vn -0.1939 0.9810 -0.0078
vn -0.2313 0.9725 0.0266
vn -0.1186 0.9926 0.0266
vn -0.1973 0.9802 0.0155
vn -0.1037 0.9810 0.1640
vn -0.0420 0.9938 0.1027
vn -0.0926 0.9725 0.2136
vn -0.1151 0.9854 -0.1250
vn -0.0680 0.9938 -0.0877
vn 0.0363 0.9926 -0.1160
vn 0.0420 0.9938 -0.1027
vn -0.0363 0.9926 0.1160
vn -0.0852 0.9802 0.1786
vn 0.0902 0.9810 0.1719
vn -0.1121 0.9802 -0.1631
vn -0.1387 0.9725 -0.1870
vn -0.0902 0.9810 -0.1718
vn 0.0852 0.9802 -0.1786
vn 0.0926 0.9725 -0.2136
vn 0.1037 0.9810 -0.1641
vn 0.1186 0.9926 -0.0266
vn 0.0680 0.9938 0.0877
vn 0.1386 0.9725 0.1870
vn 0.1151 0.9855 0.1250
vn 0.1120 0.9802 0.1631
vn 0.1939 0.9810 0.0078
vn 0.1973 0.9802 -0.0155
vn 0.2313 0.9725 -0.0266
vn 0.1319 0.9911 -0.0180
vn -0.9950 0.1002 -0.0000
vn -0.9797 -0.2004 -0.0000
vn -0.9950 -0.1002 -0.0000
vn -0.9797 0.2004 -0.0000
vn -0.8251 0.5650 -0.0000
vn -0.5976 0.8018 -0.0000
vn -0.2267 0.9740 -0.0000
vn -0.1134 0.9936 -0.0000
vn 0.1134 0.9936 -0.0000
vn 0.2267 0.9740 -0.0000
vn 0.5976 0.8018 -0.0000
vn 0.8251 0.5650 -0.0000
vn 0.9797 0.2004 -0.0000
vn 0.9950 0.1002 -0.0000
vn 0.9950 -0.1002 -0.0000
vn 0.9797 -0.2004 -0.0000
vn 0.8251 -0.5650 -0.0000
vn 0.5977 -0.8017 -0.0000
vn 0.2268 -0.9739 -0.0000
vn 0.1134 -0.9935 -0.0000
vn -0.1134 -0.9935 -0.0000
vn -0.2268 -0.9739 -0.0000
vn -0.5977 -0.8017 -0.0000
vn -0.8251 -0.5650 -0.0000
vn 0.3310 0.9118 0.2429
vn 0.4459 0.7621 0.4694
vn 0.6208 0.7621 0.1837
vn 0.4082 0.9118 0.0449
vn 0.6294 0.7622 -0.1513
vn 0.3759 0.9118 -0.1652
vn 0.4694 0.7622 -0.4458
vn 0.2429 0.9118 -0.3310
vn 0.1836 0.7622 -0.6207
vn 0.1652 0.9118 0.3759
vn 0.0448 0.9118 -0.4082
vn -0.1514 0.7621 -0.6295
vn -0.1652 0.9118 -0.3759
vn -0.4458 0.7621 -0.4694
vn 0.1514 0.7621 0.6295
vn -0.0449 0.9118 0.4081
vn -0.2429 0.9118 0.3310
vn -0.3759 0.9118 0.1652
vn -0.4081 0.9118 -0.0449
vn -0.3310 0.9118 -0.2429
vn -0.1836 0.7622 0.6208
vn -0.4694 0.7622 0.4458
vn -0.6295 0.7621 0.1514
vn -0.6208 0.7622 -0.1836
vn 0.4024 -0.0000 0.9155
vn 0.8062 -0.0000 0.5916
vn 0.6886 -0.0000 0.7251
vn 0.2338 -0.0000 0.9723
vn -0.1093 -0.0000 0.9940
vn -0.2836 -0.0000 0.9590
vn -0.5916 -0.0000 0.8062
vn -0.7251 -0.0000 0.6886
vn -0.9155 -0.0000 0.4024
vn -0.9723 -0.0000 0.2339
vn -0.9940 -0.0000 -0.1092
vn -0.9589 -0.0000 -0.2836
vn -0.8062 -0.0000 -0.5916
vn -0.6886 -0.0000 -0.7251
vn -0.4024 -0.0000 -0.9155
vn -0.2339 -0.0000 -0.9723
vn 0.1092 -0.0000 -0.9940
vn 0.2836 -0.0000 -0.9589
vn 0.5916 -0.0000 -0.8062
vn 0.7251 -0.0000 -0.6886
vn 0.9155 -0.0000 -0.4023
vn 0.9723 -0.0000 -0.2337
vn 0.9940 -0.0000 0.1093
vn 0.9589 -0.0000 0.2837
vn 0.4973 -0.0000 -0.8676
vn 0.6714 -0.0000 -0.7411
vn 0.9122 -0.0000 -0.4097
vn 0.9788 -0.0000 -0.2049
vn -0.4973 -0.0000 0.8676
vn -0.6715 -0.0000 0.7410
vn -0.9123 -0.0000 0.4096
vn -0.9788 -0.0000 -0.2048
vn -0.9123 -0.0000 -0.4096
vn -0.6715 -0.0000 -0.7410
vn -0.4974 -0.0000 -0.8675
vn -0.0974 -0.4653 0.8798
vn -0.3012 -0.6708 0.6777
vn 0.1506 -0.7197 0.6777
vn 0.1947 -0.4337 0.8798
vn 0.5449 -0.4938 0.6777
vn 0.4125 -0.2364 0.8798
vn 0.7311 -0.0792 0.6777
vn 0.4726 0.0512 0.8798
vn 0.6380 0.3657 0.6776
vn -0.3523 -0.3192 0.8798
vn 0.3523 0.3192 0.8798
vn 0.3012 0.6709 0.6776
vn 0.0974 0.4654 0.8798
vn -0.1507 0.7198 0.6776
vn -0.6380 -0.3657 0.6776
vn -0.4727 -0.0512 0.8798
vn -0.4125 0.2364 0.8798
vn -0.1948 0.4337 0.8798
vn -0.7311 0.0792 0.6777
vn -0.5450 0.4938 0.6776
vn 0.2338 0.9685 0.0855
vn 0.2126 0.9673 -0.1384
vn 0.1976 0.9760 -0.0917
vn 0.1052 0.9926 0.0612
vn 0.1480 0.9853 -0.0848
vn 0.2546 0.9549 -0.1530
vn 0.2598 0.9549 0.1440
vn 0.1275 0.9878 0.0896
vn 0.0005 0.9898 -0.1421
vn 0.0162 0.9833 -0.1810
vn 0.1909 0.9685 -0.1597
vn 0.2262 0.9673 0.1150
vn 0.0429 0.9685 0.2452
vn -0.0005 0.9898 0.1421
vn -0.1275 0.9878 -0.0896
vn -0.0428 0.9685 -0.2452
vn -0.0052 0.9549 -0.2970
vn -0.0135 0.9673 -0.2534
vn 0.0053 0.9549 0.2970
vn -0.0139 0.9878 0.1552
vn -0.1229 0.9898 -0.0715
vn -0.2598 0.9549 -0.1440
vn -0.2261 0.9673 -0.1150
vn 0.0135 0.9673 0.2533
vn -0.1909 0.9685 0.1597
vn -0.1848 0.9770 0.1059
vn -0.1649 0.9833 0.0765
vn -0.2338 0.9685 -0.0855
vn -0.2546 0.9549 0.1530
vn -0.2127 0.9673 0.1384
vn 0.1939 0.9810 -0.0078
vn 0.1122 0.9802 -0.1631
vn 0.1151 0.9854 -0.1250
vn 0.1319 0.9911 0.0181
vn 0.0680 0.9938 -0.0877
vn 0.1387 0.9725 -0.1870
vn 0.2313 0.9725 0.0266
vn 0.1186 0.9926 0.0266
vn -0.0363 0.9926 -0.1160
vn 0.0902 0.9810 -0.1719
vn 0.1973 0.9802 0.0156
vn 0.1037 0.9810 0.1640
vn 0.0420 0.9938 0.1027
vn -0.0420 0.9938 -0.1027
vn -0.0926 0.9725 -0.2136
vn -0.0852 0.9802 -0.1787
vn 0.0926 0.9725 0.2136
vn 0.0363 0.9926 0.1160
vn -0.1186 0.9926 -0.0266
vn -0.1037 0.9810 -0.1641
vn 0.0852 0.9802 0.1786
vn -0.0902 0.9810 0.1719
vn -0.0680 0.9938 0.0877
vn -0.1320 0.9911 -0.0180
vn -0.2313 0.9725 -0.0266
vn -0.1973 0.9802 -0.0155
vn -0.1387 0.9725 0.1870
vn -0.1151 0.9854 0.1250
vn -0.1939 0.9810 0.0078
vn -0.1121 0.9802 0.1631
vt 0.515800 0.623300
vt 0.515800 0.618300
vt 0.692900 0.618300
vt 0.515800 0.498900
vt 0.515800 0.494000
vt 0.692900 0.494000
vt 0.615900 0.479300
vt 0.615900 0.483200
vt 0.304200 0.483200
vt 0.692900 0.623300
vt 0.692900 0.498900
vt 0.306100 0.479300
vt 0.272600 0.341100
vt 0.615900 0.341100
vt 0.615900 0.346900
vt 0.163100 0.850600
vt 0.189600 0.846700
vt 0.179000 0.879200
vt 0.162900 0.879200
vt 0.188800 0.969900
vt 0.162400 0.965700
vt 0.162600 0.937200
vt 0.178600 0.937300
vt 0.980600 0.298700
vt 0.980600 0.278400
vt 0.973000 0.273900
vt 0.956800 0.318300
vt 0.938400 0.318300
vt 0.937900 0.171700
vt 0.973000 0.178800
vt 0.972500 0.171700
vt 0.979100 0.171800
vt 0.976700 0.310500
vt 0.968900 0.317400
vt 0.988400 0.272400
vt 0.981700 0.270400
vt 0.981700 0.180900
vt 0.988400 0.177900
vt 0.431000 0.958400
vt 0.433800 0.954500
vt 0.433900 0.926400
vt 0.431300 0.922500
vt 0.429000 0.922500
vt 0.428700 0.958400
vt 0.426700 0.922400
vt 0.426500 0.958400
vt 0.423900 0.958200
vt 0.424100 0.922400
vt 0.224400 0.964600
vt 0.225000 0.879600
vt 0.424300 0.898400
vt 0.422700 0.881700
vt 0.419700 0.874200
vt 0.225000 0.872300
vt 0.417900 0.869500
vt 0.423900 0.966700
vt 0.225000 0.867700
vt 0.416200 0.862100
vt 0.225100 0.860200
vt 0.416200 0.847400
vt 0.225200 0.845700
vt 0.793800 0.631700
vt 0.433400 0.633000
vt 0.433200 0.653600
vt 0.793900 0.652300
vt 0.794300 0.665200
vt 0.430100 0.666300
vt 0.794500 0.676000
vt 0.425700 0.676200
vt 0.794700 0.688900
vt 0.418900 0.688200
vt 0.784000 0.712500
vt 0.414700 0.711300
vt 0.413900 0.744700
vt 0.413600 0.795900
vt 0.404200 0.794300
vt 0.404600 0.746300
vt 0.396200 0.746100
vt 0.794400 0.712600
vt 0.395800 0.794500
vt 0.389200 0.746100
vt 0.388700 0.794300
vt 0.383700 0.789000
vt 0.384100 0.751400
vt 0.784600 0.807300
vt 0.416000 0.808500
vt 0.795500 0.815900
vt 0.416400 0.815200
vt 0.415800 0.824800
vt 0.432400 0.838900
vt 0.795100 0.853000
vt 0.433700 0.852200
vt 0.795100 0.807200
vt 0.387100 0.798800
vt 0.379000 0.790800
vt 0.387700 0.741600
vt 0.379500 0.749500
vt 0.402400 0.800200
vt 0.407300 0.801300
vt 0.395300 0.800600
vt 0.408500 0.740900
vt 0.403200 0.740500
vt 0.395900 0.739900
vt 0.407900 0.710000
vt 0.412600 0.685900
vt 0.419300 0.673100
vt 0.423300 0.664300
vt 0.426000 0.652900
vt 0.426400 0.632900
vt 0.427500 0.853600
vt 0.425700 0.842000
vt 0.409800 0.826200
vt 0.409200 0.813000
vt 0.650800 0.876500
vt 0.657300 0.876500
vt 0.660500 0.870800
vt 0.657300 0.865300
vt 0.651000 0.865300
vt 0.647700 0.870800
vt 0.657100 0.986600
vt 0.660400 0.981000
vt 0.657100 0.975500
vt 0.650700 0.975500
vt 0.647600 0.981000
vt 0.650700 0.986600
vt 0.631700 0.876300
vt 0.631500 0.975500
vt 0.637900 0.975500
vt 0.638100 0.876500
vt 0.644300 0.975500
vt 0.644600 0.876500
vt 0.663600 0.975500
vt 0.663800 0.876500
vt 0.670000 0.975500
vt 0.670200 0.876500
vt 0.653100 0.440500
vt 0.653100 0.443700
vt 0.662500 0.449700
vt 0.662500 0.448200
vt 0.653100 0.435600
vt 0.662500 0.443100
vt 0.653100 0.434300
vt 0.662500 0.439000
vt 0.653100 0.376100
vt 0.653100 0.378100
vt 0.662500 0.372900
vt 0.662500 0.368500
vt 0.653100 0.370200
vt 0.662500 0.362100
vt 0.653100 0.366500
vt 0.662500 0.359700
vt 0.653100 0.389100
vt 0.653100 0.392100
vt 0.662500 0.389300
vt 0.662500 0.384600
vt 0.653100 0.381900
vt 0.662500 0.376500
vt 0.653100 0.403500
vt 0.653100 0.407100
vt 0.662500 0.407000
vt 0.662500 0.402500
vt 0.653100 0.395700
vt 0.662500 0.393700
vt 0.653100 0.417900
vt 0.653100 0.421800
vt 0.662500 0.424100
vt 0.662500 0.420200
vt 0.653100 0.410300
vt 0.662500 0.411800
vt 0.653100 0.430600
vt 0.662500 0.436100
vt 0.653100 0.424100
vt 0.662500 0.428900
vt 0.014600 0.870300
vt 0.021600 0.870300
vt 0.026500 0.865200
vt 0.026400 0.858200
vt 0.021400 0.853300
vt 0.009500 0.865400
vt 0.009500 0.858400
vt 0.014400 0.853400
vt 0.012500 0.935200
vt 0.019400 0.935200
vt 0.024400 0.930300
vt 0.024400 0.923200
vt 0.019400 0.918300
vt 0.007500 0.930300
vt 0.007500 0.923300
vt 0.012500 0.918300
vt 0.024600 0.972400
vt 0.065600 0.972300
vt 0.065500 0.965200
vt 0.024600 0.965500
vt 0.065500 0.958200
vt 0.024500 0.958400
vt 0.065500 0.951200
vt 0.024500 0.951400
vt 0.065500 0.944100
vt 0.024500 0.944300
vt 0.065400 0.937200
vt 0.024500 0.937300
vt 0.065400 0.930100
vt 0.065400 0.923100
vt 0.065400 0.916100
vt 0.024400 0.916200
vt 0.027200 0.907400
vt 0.068100 0.906800
vt 0.067900 0.899800
vt 0.027100 0.900400
vt 0.067800 0.892700
vt 0.026900 0.893300
vt 0.067700 0.885800
vt 0.026800 0.886300
vt 0.067700 0.878700
vt 0.026700 0.879300
vt 0.067500 0.871600
vt 0.026700 0.872300
vt 0.067400 0.864700
vt 0.067300 0.857600
vt 0.067200 0.850600
vt 0.026300 0.851200
vt 0.689500 0.385500
vt 0.687900 0.381000
vt 0.680200 0.380900
vt 0.678400 0.385400
vt 0.689500 0.395600
vt 0.678300 0.395500
vt 0.687700 0.400100
vt 0.680000 0.400000
vt 0.689800 0.366500
vt 0.688000 0.362000
vt 0.680400 0.362000
vt 0.678500 0.366400
vt 0.689600 0.376500
vt 0.678500 0.376400
vt 0.689800 0.347200
vt 0.688900 0.341700
vt 0.679900 0.341700
vt 0.678900 0.347100
vt 0.689800 0.357500
vt 0.678700 0.357400
vt 0.688900 0.442600
vt 0.687400 0.438100
vt 0.679700 0.438100
vt 0.678000 0.442600
vt 0.688900 0.453000
vt 0.677900 0.452900
vt 0.687900 0.458500
vt 0.678900 0.458300
vt 0.689300 0.423700
vt 0.687500 0.419200
vt 0.679800 0.419000
vt 0.678000 0.423500
vt 0.689200 0.433700
vt 0.678000 0.433600
vt 0.689400 0.404600
vt 0.678300 0.404500
vt 0.689300 0.414700
vt 0.678200 0.414500
vt 0.634300 0.402100
vt 0.634300 0.397300
vt 0.625200 0.396500
vt 0.625200 0.402200
vt 0.634200 0.412300
vt 0.625100 0.413300
vt 0.634100 0.417000
vt 0.625000 0.419300
vt 0.634400 0.384600
vt 0.634500 0.379800
vt 0.625400 0.376200
vt 0.625300 0.380600
vt 0.634300 0.393700
vt 0.625300 0.390600
vt 0.634500 0.371100
vt 0.634600 0.367100
vt 0.625500 0.361400
vt 0.625500 0.363900
vt 0.634500 0.377600
vt 0.625400 0.371200
vt 0.634600 0.364400
vt 0.634600 0.362100
vt 0.625600 0.355300
vt 0.625600 0.355400
vt 0.634600 0.367000
vt 0.625500 0.358200
vt 0.634000 0.438700
vt 0.634000 0.435900
vt 0.624800 0.441300
vt 0.624800 0.447000
vt 0.633900 0.446500
vt 0.624700 0.455300
vt 0.633800 0.451100
vt 0.624700 0.458500
vt 0.634100 0.421200
vt 0.625000 0.425500
vt 0.634000 0.431000
vt 0.624900 0.436300
vt 0.114300 0.854400
vt 0.103400 0.851100
vt 0.092600 0.854500
vt 0.085500 0.863300
vt 0.121100 0.863300
vt 0.121100 0.957000
vt 0.085500 0.957000
vt 0.114300 0.966000
vt 0.092600 0.965900
vt 0.103400 0.969300
vt 0.959000 0.144600
vt 0.978400 0.144800
vt 0.978700 0.128600
vt 0.949400 0.142600
vt 0.945000 0.138200
vt 0.943900 0.128600
vt 0.943900 0.015100
vt 0.978700 0.015100
vt 0.224300 0.990400
vt 0.416100 0.992500
vt 0.416200 0.983000
vt 0.423700 0.973700
vt 0.648500 0.437700
vt 0.648500 0.434100
vt 0.648500 0.429100
vt 0.648500 0.423900
vt 0.648500 0.417500
vt 0.648500 0.411500
vt 0.648500 0.404600
vt 0.648500 0.398400
vt 0.648500 0.391700
vt 0.648500 0.385900
vt 0.648500 0.380100
vt 0.648500 0.375500
vt 0.648500 0.373000
vt 0.672500 0.450900
vt 0.672200 0.442800
vt 0.672100 0.433000
vt 0.672200 0.424000
vt 0.672200 0.414100
vt 0.672300 0.405000
vt 0.672500 0.395000
vt 0.672500 0.385800
vt 0.672600 0.375800
vt 0.672700 0.366800
vt 0.672900 0.357000
vt 0.673400 0.348800
vt 0.670500 0.341700
vt 0.695200 0.349100
vt 0.698400 0.342000
vt 0.695600 0.357200
vt 0.695600 0.367100
vt 0.695600 0.376100
vt 0.695400 0.386000
vt 0.695400 0.395100
vt 0.695300 0.405100
vt 0.695200 0.414200
vt 0.695200 0.424200
vt 0.695100 0.433200
vt 0.694800 0.443100
vt 0.694500 0.451100
vt 0.639700 0.369000
vt 0.639600 0.371200
vt 0.639600 0.375300
vt 0.639600 0.380300
vt 0.639500 0.387300
vt 0.639400 0.394200
vt 0.639400 0.402800
vt 0.639300 0.410700
vt 0.639200 0.419600
vt 0.639100 0.427000
vt 0.639100 0.434700
vt 0.639000 0.440500
vt 0.639000 0.443600
vt 0.135500 0.946300
vt 0.136000 0.869500
vt 0.211900 0.870100
vt 0.211400 0.946900
vt 0.300300 0.468900
vt 0.272800 0.346900
vt 0.272800 0.468900
vt 0.248000 0.346900
vt 0.248000 0.468900
vt 0.139900 0.346900
vt 0.139900 0.468900
vt 0.117100 0.468900
vt 0.117100 0.346900
vt 0.097400 0.468900
vt 0.097400 0.346900
vt 0.034800 0.468900
vt 0.034800 0.346900
vt 0.018400 0.468900
vt 0.018400 0.346900
vt 0.298000 0.474600
vt 0.034800 0.474600
vt 0.018400 0.474600
vt 0.034800 0.341100
vt 0.097400 0.341100
vt 0.018400 0.341100
vt 0.015200 0.618700
vt 0.015200 0.497200
vt 0.340400 0.497200
vt 0.340400 0.618700
vt 0.367800 0.618700
vt 0.367800 0.497200
vt 0.502400 0.497200
vt 0.502400 0.618700
vt 0.015200 0.623400
vt 0.340400 0.623400
vt 0.367800 0.623400
vt 0.502400 0.623400
vt 0.015200 0.492600
vt 0.340400 0.492600
vt 0.367800 0.492600
vt 0.502400 0.492500
vt 0.248000 0.341100
vt 0.139900 0.341100
vt 0.117100 0.341100
vt 0.272800 0.474600
vt 0.248000 0.474600
vt 0.139900 0.474600
vt 0.117100 0.474600
vt 0.097400 0.474600
vt 0.497400 0.909900
vt 0.497500 0.903000
vt 0.572200 0.903900
vt 0.572200 0.910800
vt 0.481000 0.890500
vt 0.480700 0.922300
vt 0.588300 0.891400
vt 0.588500 0.923800
vt 0.612400 0.962600
vt 0.595200 0.963200
vt 0.595100 0.887800
vt 0.612200 0.888400
vt 0.470100 0.872200
vt 0.593100 0.870300
vt 0.475200 0.887000
vt 0.470400 0.889300
vt 0.459200 0.878300
vt 0.468000 0.892700
vt 0.453200 0.888000
vt 0.467500 0.957600
vt 0.452800 0.962300
vt 0.818400 0.628600
vt 0.965000 0.628900
vt 0.965000 0.656900
vt 0.818200 0.656700
vt 0.817900 0.980800
vt 0.964500 0.981100
vt 0.976800 0.981200
vt 0.977300 0.656900
vt 0.977400 0.628900
vt 0.806000 0.628600
vt 0.806000 0.656500
vt 0.805600 0.980800
vt 0.018500 0.010800
vt 0.026400 0.010800
vt 0.018400 0.022800
vt 0.025700 0.331500
vt 0.037600 0.010800
vt 0.037000 0.331500
vt 0.053600 0.010900
vt 0.053000 0.331500
vt 0.365600 0.332100
vt 0.366100 0.011400
vt 0.017800 0.331500
vt 0.378200 0.011400
vt 0.377900 0.332100
vt 0.389300 0.011400
vt 0.389200 0.332100
vt 0.397300 0.332100
vt 0.397100 0.011400
vt 0.543800 0.011300
vt 0.544200 0.332000
vt 0.551700 0.011300
vt 0.552300 0.331900
vt 0.562800 0.011200
vt 0.563600 0.331900
vt 0.574900 0.011200
vt 0.575800 0.331900
vt 0.888400 0.331000
vt 0.887400 0.010300
vt 0.903400 0.010200
vt 0.904500 0.330900
vt 0.914600 0.010200
vt 0.915700 0.330900
vt 0.922600 0.022200
vt 0.922600 0.010200
vt 0.923700 0.330800
vt 0.720200 0.341200
vt 0.833500 0.341200
vt 0.839200 0.344100
vt 0.714500 0.343000
vt 0.844200 0.351200
vt 0.709300 0.350000
vt 0.844700 0.363400
vt 0.706400 0.362200
vt 0.774800 0.571200
vt 0.844700 0.604600
vt 0.841900 0.613900
vt 0.836700 0.620800
vt 0.831000 0.622600
vt 0.717800 0.622600
vt 0.712100 0.619700
vt 0.706400 0.603400
vt 0.707000 0.612700
vt 0.987700 0.340300
vt 0.988200 0.621400
vt 0.857900 0.621600
vt 0.857400 0.340500
vt 0.964500 0.993300
vt 0.817900 0.993100
vt 0.475400 0.962300
vt 0.470100 0.960600
vt 0.593100 0.980800
vt 0.470300 0.977500
vt 0.459100 0.971700
vt 0.053700 0.779000
vt 0.039100 0.771800
vt 0.072300 0.680200
vt 0.082900 0.689000
vt 0.092000 0.667300
vt 0.096300 0.676900
vt 0.124800 0.669300
vt 0.069200 0.787800
vt 0.092400 0.697000
vt 0.102300 0.684000
vt 0.086400 0.795500
vt 0.102400 0.703500
vt 0.109000 0.689300
vt 0.105200 0.800500
vt 0.113300 0.707600
vt 0.116700 0.692800
vt 0.124800 0.802200
vt 0.124800 0.709100
vt 0.124800 0.694000
vt 0.144500 0.800500
vt 0.136400 0.707600
vt 0.133000 0.692800
vt 0.140600 0.689300
vt 0.147500 0.684000
vt 0.153400 0.676900
vt 0.157800 0.667300
vt 0.177300 0.680200
vt 0.163300 0.795500
vt 0.147300 0.703500
vt 0.157400 0.697000
vt 0.166800 0.689000
vt 0.210600 0.771800
vt 0.196000 0.779000
vt 0.180600 0.787800
vt 0.359500 0.810900
vt 0.388300 0.810900
vt 0.385300 0.818500
vt 0.375900 0.825300
vt 0.359500 0.827700
vt 0.036900 0.827700
vt 0.024500 0.810900
vt 0.024500 0.825300
vt 0.015200 0.818500
vt 0.012100 0.810900
vt 0.012100 0.659400
vt 0.024500 0.659400
vt 0.015200 0.651800
vt 0.024500 0.645000
vt 0.036900 0.642600
vt 0.359500 0.659400
vt 0.359500 0.642600
vt 0.375900 0.645000
vt 0.385300 0.651800
vt 0.388300 0.659400
vt 0.350600 0.764900
vt 0.346600 0.756700
vt 0.343700 0.759200
vt 0.346900 0.765700
vt 0.332600 0.768700
vt 0.337000 0.754700
vt 0.338300 0.751200
vt 0.329900 0.754300
vt 0.329100 0.750600
vt 0.350000 0.774800
vt 0.346400 0.773700
vt 0.345000 0.782300
vt 0.342400 0.779400
vt 0.336000 0.786800
vt 0.335200 0.783100
vt 0.326900 0.786300
vt 0.328200 0.782700
vt 0.318500 0.780700
vt 0.321400 0.778200
vt 0.318400 0.771900
vt 0.318900 0.763900
vt 0.322700 0.758000
vt 0.314500 0.772600
vt 0.315200 0.762600
vt 0.320100 0.755100
vt 0.353200 0.750900
vt 0.341000 0.742900
vt 0.327500 0.742100
vt 0.314500 0.748500
vt 0.307000 0.759900
vt 0.359100 0.763100
vt 0.358300 0.777700
vt 0.350800 0.788900
vt 0.337800 0.795300
vt 0.324100 0.794500
vt 0.312100 0.786500
vt 0.306000 0.774300
vt 0.103400 0.972700
vt 0.116300 0.968700
vt 0.124300 0.958100
vt 0.124300 0.862300
vt 0.116300 0.851500
vt 0.090700 0.968700
vt 0.082300 0.958100
vt 0.082300 0.862300
vt 0.090700 0.851600
vt 0.103400 0.847600
vt 0.271100 0.778500
vt 0.276900 0.786700
vt 0.276800 0.780800
vt 0.277100 0.769400
vt 0.271300 0.771300
vt 0.277400 0.763500
vt 0.267500 0.764400
vt 0.272100 0.760600
vt 0.262500 0.754800
vt 0.267100 0.785400
vt 0.260700 0.788800
vt 0.252900 0.788800
vt 0.246600 0.784900
vt 0.261400 0.760600
vt 0.257500 0.751400
vt 0.271600 0.789300
vt 0.261700 0.794700
vt 0.256700 0.797900
vt 0.251700 0.794600
vt 0.242000 0.788800
vt 0.236700 0.785900
vt 0.242800 0.778000
vt 0.253300 0.760600
vt 0.252400 0.754600
vt 0.242400 0.760100
vt 0.247100 0.763900
vt 0.237100 0.762700
vt 0.237100 0.780000
vt 0.242900 0.770800
vt 0.237300 0.768600
vt 0.351400 0.705500
vt 0.358900 0.706900
vt 0.363000 0.700400
vt 0.351300 0.695200
vt 0.358800 0.693800
vt 0.351600 0.681000
vt 0.346600 0.687100
vt 0.348000 0.674400
vt 0.346500 0.713700
vt 0.337600 0.718800
vt 0.328200 0.718900
vt 0.319300 0.713600
vt 0.337600 0.681800
vt 0.340400 0.674600
vt 0.325500 0.674700
vt 0.351500 0.719600
vt 0.347800 0.726300
vt 0.340300 0.726100
vt 0.325600 0.726100
vt 0.318000 0.726300
vt 0.314400 0.719500
vt 0.314600 0.705500
vt 0.328200 0.681900
vt 0.317900 0.674400
vt 0.319300 0.687100
vt 0.314200 0.681100
vt 0.307000 0.693800
vt 0.307000 0.706900
vt 0.303100 0.700300
vt 0.314600 0.695200
vt 0.786000 0.966600
vt 0.777600 0.970000
vt 0.777700 0.941600
vt 0.789500 0.957500
vt 0.789500 0.900200
vt 0.777700 0.917200
vt 0.786000 0.891100
vt 0.777600 0.887600
vt 0.704800 0.917200
vt 0.704800 0.887600
vt 0.696400 0.891100
vt 0.692900 0.900200
vt 0.692800 0.957500
vt 0.704800 0.941600
vt 0.696400 0.966600
vt 0.704800 0.970000
vt 0.686500 0.958800
vt 0.686500 0.898800
vt 0.692100 0.970700
vt 0.703300 0.976300
vt 0.779100 0.976300
vt 0.790200 0.970700
vt 0.795800 0.958800
vt 0.795800 0.898800
vt 0.790200 0.887000
vt 0.779100 0.881300
vt 0.703300 0.881300
vt 0.692100 0.887000
vt 0.225000 0.689500
vt 0.217900 0.684400
vt 0.235200 0.671800
vt 0.237800 0.680000
vt 0.256600 0.671800
vt 0.253800 0.680000
vt 0.273700 0.684400
vt 0.266700 0.689500
vt 0.280300 0.704700
vt 0.220000 0.704700
vt 0.245800 0.704700
vt 0.271600 0.704700
vt 0.273700 0.724900
vt 0.266700 0.719800
vt 0.256600 0.737400
vt 0.211300 0.704700
vt 0.225000 0.719800
vt 0.237800 0.729300
vt 0.253800 0.729300
vt 0.217900 0.724900
vt 0.235200 0.737400
s 1
usemtl wpn\wpn_gauss_mag
f 1/1/1 3/2/2 2/3/3
f 4/4/4 6/5/5 5/6/6
f 3/7/2 1/8/1 7/9/7
f 2/3/3 8/10/8 1/1/1
f 5/6/6 9/11/9 4/4/4
f 7/9/7 10/12/10 3/7/2
f 11/13/11 6/14/5 4/15/4
f 15/16/12 14/17/13 16/18/12
f 16/18/12 12/19/14 15/16/12
f 19/20/15 13/21/16 20/22/15
f 20/22/15 17/23/17 19/20/15
f 24/24/18 18/25/18 26/26/18
f 25/27/18 24/24/18 26/26/18
f 26/26/18 22/28/18 25/27/18
f 27/29/18 22/28/18 26/26/18
f 26/26/18 29/30/18 27/29/18
f 30/31/18 27/29/18 29/30/18
f 29/30/18 28/32/18 30/31/18
f 23/33/18 24/24/18 25/27/18
f 25/27/18 21/34/18 23/33/18
f 26/26/19 18/25/19 32/35/19
f 32/35/19 31/36/19 26/26/19
f 34/37/18 31/36/18 32/35/18
f 32/35/18 33/38/18 34/37/18
f 34/37/20 33/38/20 28/32/20
f 28/32/20 29/30/20 34/37/20
f 38/39/21 35/40/22 37/41/22
f 37/41/22 36/42/21 38/39/21
f 38/39/21 36/42/21 39/43/23
f 39/43/23 40/44/24 38/39/21
f 40/44/24 39/43/23 41/45/25
f 41/45/25 42/46/25 40/44/24
f 44/47/26 42/46/25 41/45/25
f 41/45/25 47/48/27 44/47/26
f 45/49/28 44/47/26 47/48/27
f 47/48/27 49/50/29 45/49/28
f 49/50/29 47/48/27 46/51/30
f 49/50/29 46/51/30 48/52/31
f 49/50/29 48/52/31 50/53/32
f 50/53/32 52/54/33 49/50/29
f 52/54/33 50/53/32 51/55/34
f 45/49/28 43/56/35 44/47/26
f 51/55/34 55/57/36 52/54/33
f 55/57/36 51/55/34 54/58/37
f 54/58/37 56/59/38 55/57/36
f 56/59/38 54/58/37 58/60/19
f 58/60/19 53/61/19 56/59/38
f 22/62/20 57/63/20 59/64/39
f 59/64/39 25/65/40 22/62/20
f 21/66/41 25/65/40 59/64/39
f 59/64/39 60/67/42 21/66/41
f 23/68/43 21/66/41 60/67/42
f 60/67/42 61/69/44 23/68/43
f 24/70/45 23/68/43 61/69/44
f 61/69/44 62/71/46 24/70/45
f 32/72/47 24/70/45 62/71/46
f 62/71/46 64/73/47 32/72/47
f 32/72/47 64/73/47 63/74/48
f 32/72/47 63/74/48 78/75/49
f 67/76/50 78/75/49 63/74/48
f 63/74/48 65/77/50 67/76/50
f 67/76/50 65/77/50 66/78/51
f 24/70/45 32/72/47 18/79/47
f 66/78/51 68/80/52 67/76/50
f 68/80/52 66/78/51 71/81/53
f 71/81/53 69/82/53 68/80/52
f 72/83/54 69/82/53 71/81/53
f 71/81/53 70/84/54 72/83/54
f 78/75/49 33/85/55 32/72/47
f 33/85/55 78/75/49 77/86/56
f 30/87/57 33/85/55 77/86/56
f 77/86/56 75/88/57 30/87/57
f 30/87/57 75/88/57 76/89/19
f 30/87/57 76/89/19 74/90/19
f 74/90/19 27/91/19 30/87/57
f 74/90/19 73/92/19 27/91/19
f 30/87/57 28/93/58 33/85/55
f 38/94/59 69/82/59 72/83/60
f 72/83/60 35/95/61 38/94/59
f 71/81/62 36/96/63 37/97/64
f 37/97/64 70/84/64 71/81/62
f 42/98/19 44/99/19 78/75/19
f 78/75/19 67/76/19 42/98/19
f 42/98/19 67/76/19 68/80/19
f 68/80/19 40/100/19 42/98/19
f 38/94/59 40/100/19 68/80/19
f 68/80/19 69/82/59 38/94/59
f 65/77/20 63/74/20 47/101/20
f 47/101/20 41/102/20 65/77/20
f 65/77/20 41/102/20 39/103/20
f 39/103/20 66/78/20 65/77/20
f 71/81/62 66/78/20 39/103/20
f 39/103/20 36/96/63 71/81/62
f 35/95/65 72/83/65 70/84/65
f 70/84/65 37/97/65 35/95/65
f 26/26/47 31/36/47 34/37/47
f 34/37/47 29/30/47 26/26/47
f 46/104/66 47/101/67 63/74/67
f 63/74/67 64/73/68 46/104/66
f 48/105/69 46/104/66 64/73/68
f 64/73/68 62/71/70 48/105/69
f 48/105/69 62/71/70 61/69/71
f 61/69/71 50/106/72 48/105/69
f 50/106/72 61/69/71 60/67/73
f 60/67/73 51/107/74 50/106/72
f 51/107/74 60/67/73 59/64/75
f 59/64/75 54/108/76 51/107/74
f 54/108/76 59/64/75 57/63/67
f 57/63/67 58/109/67 54/108/76
f 79/110/67 73/92/67 74/90/67
f 74/90/67 80/111/67 79/110/67
f 80/111/77 74/90/77 76/89/77
f 76/89/77 81/112/77 80/111/77
f 81/112/67 76/89/67 75/88/67
f 75/88/67 43/113/67 81/112/67
f 43/113/67 75/88/67 77/86/67
f 43/113/67 77/86/67 78/75/67
f 78/75/67 44/99/67 43/113/67
f 91/114/20 82/115/20 87/116/20
f 87/116/20 88/117/20 91/114/20
f 91/114/20 88/117/20 95/118/20
f 95/118/20 93/119/20 91/114/20
f 86/120/19 89/121/19 90/122/19
f 90/122/19 92/123/19 86/120/19
f 86/120/19 92/123/19 94/124/19
f 94/124/19 96/125/19 86/120/19
f 88/126/78 86/127/79 96/128/80
f 96/128/80 95/129/81 88/126/78
f 95/129/81 96/128/80 94/130/82
f 94/130/82 93/131/83 95/129/81
f 93/131/83 94/130/82 92/123/84
f 92/123/84 91/114/85 93/131/83
f 91/114/85 92/123/84 90/122/86
f 90/122/86 82/115/87 91/114/85
f 82/115/87 90/122/86 89/132/88
f 89/132/88 87/133/89 82/115/87
f 87/133/89 89/132/88 86/134/79
f 86/134/79 88/135/78 87/133/89
f 83/136/90 85/137/90 84/138/90
f 84/138/90 97/139/90 83/136/90
f 99/140/90 83/136/90 97/139/90
f 97/139/90 101/141/90 99/140/90
f 102/142/91 99/140/90 101/141/90
f 101/141/90 98/143/91 102/142/91
f 103/144/92 100/145/92 105/146/92
f 105/146/92 106/147/92 103/144/92
f 107/148/93 103/144/92 106/147/92
f 106/147/92 108/149/93 107/148/93
f 85/150/93 107/148/93 108/149/93
f 108/149/93 84/151/93 85/150/93
f 110/152/94 104/153/94 111/154/94
f 111/154/94 109/155/94 110/152/94
f 112/156/95 110/152/94 109/155/94
f 109/155/94 113/157/95 112/156/95
f 100/145/96 112/156/95 113/157/95
f 113/157/95 105/146/96 100/145/96
f 116/158/97 114/159/98 117/160/98
f 117/160/98 115/161/97 116/158/97
f 118/162/97 116/158/97 115/161/97
f 115/161/97 123/163/97 118/162/97
f 104/153/97 118/162/97 123/163/97
f 123/163/97 111/154/97 104/153/97
f 122/164/99 124/165/99 119/166/99
f 119/166/99 121/167/99 122/164/99
f 120/168/100 122/164/99 121/167/99
f 121/167/99 125/169/100 120/168/100
f 114/159/101 120/168/100 125/169/100
f 125/169/100 117/160/101 114/159/101
f 128/170/102 102/142/103 98/143/103
f 98/143/103 126/171/102 128/170/102
f 127/172/102 128/170/102 126/171/102
f 126/171/102 143/173/102 127/172/102
f 124/165/103 127/172/102 143/173/102
f 143/173/102 119/166/103 124/165/103
f 139/174/67 142/175/67 141/176/67
f 141/176/67 140/177/67 139/174/67
f 139/174/67 140/177/67 135/178/67
f 135/178/67 138/179/67 139/174/67
f 136/180/67 138/179/67 135/178/67
f 135/178/67 137/181/67 136/180/67
f 131/182/67 134/183/67 133/184/67
f 133/184/67 132/185/67 131/182/67
f 131/182/67 132/185/67 145/186/67
f 145/186/67 130/187/67 131/182/67
f 146/188/67 130/187/67 145/186/67
f 145/186/67 129/189/67 146/188/67
f 145/190/104 144/191/105 147/192/106
f 147/192/106 129/193/107 145/190/104
f 129/193/107 147/192/106 148/194/108
f 148/194/108 146/195/109 129/193/107
f 146/195/109 148/194/108 149/196/110
f 149/196/110 130/197/111 146/195/109
f 130/197/111 149/196/110 150/198/112
f 150/198/112 131/199/113 130/197/111
f 131/199/113 150/198/112 151/200/114
f 151/200/114 134/201/115 131/199/113
f 134/201/115 151/200/114 152/202/116
f 152/202/116 133/184/117 134/201/115
f 133/184/117 152/202/116 153/203/118
f 153/203/118 132/185/119 133/184/117
f 132/185/119 153/203/118 144/204/105
f 144/204/105 145/205/104 132/185/119
f 135/206/120 154/207/105 155/208/106
f 155/208/106 137/209/107 135/206/120
f 137/209/107 155/208/106 156/210/121
f 156/210/121 136/211/122 137/209/107
f 136/211/122 156/210/121 157/212/110
f 157/212/110 138/213/111 136/211/122
f 138/213/111 157/212/110 158/214/123
f 158/214/123 139/215/124 138/213/111
f 139/215/124 158/214/123 159/216/114
f 159/216/114 142/217/115 139/215/124
f 142/217/115 159/216/114 160/218/125
f 160/218/125 141/176/126 142/217/115
f 141/176/126 160/218/125 161/219/118
f 161/219/118 140/177/119 141/176/126
f 140/177/119 161/219/118 154/220/105
f 154/220/105 135/221/120 140/177/119
f 166/222/127 162/223/128 163/224/128
f 163/224/128 165/225/127 166/222/127
f 167/226/129 166/222/127 165/225/127
f 165/225/127 168/227/129 167/226/129
f 164/228/129 167/226/129 168/227/129
f 168/227/129 169/229/129 164/228/129
f 173/230/130 172/231/131 171/232/131
f 171/232/131 174/233/130 173/230/130
f 170/234/130 173/230/130 174/233/130
f 174/233/130 176/235/130 170/234/130
f 162/223/132 170/234/130 176/235/130
f 176/235/130 163/224/132 162/223/132
f 178/236/133 175/237/134 177/238/133
f 177/238/133 180/239/133 178/236/133
f 179/240/133 178/236/133 180/239/133
f 180/239/133 181/241/133 179/240/133
f 172/231/133 179/240/133 181/241/133
f 181/241/133 171/232/133 172/231/133
f 183/242/135 184/243/135 182/244/135
f 182/244/135 185/245/135 183/242/135
f 186/246/135 183/242/135 185/245/135
f 185/245/135 187/247/136 186/246/135
f 175/248/135 186/246/135 187/247/136
f 187/247/136 177/249/137 175/248/135
f 189/250/138 190/251/138 188/252/138
f 188/252/138 191/253/138 189/250/138
f 192/254/138 189/250/138 191/253/138
f 191/253/138 193/255/138 192/254/138
f 184/243/139 192/254/138 193/255/138
f 193/255/138 182/244/139 184/243/139
f 194/256/140 164/228/140 169/229/140
f 169/229/140 195/257/140 194/256/140
f 196/258/140 194/256/140 195/257/140
f 195/257/140 197/259/140 196/258/140
f 190/251/140 196/258/140 197/259/140
f 197/259/140 188/252/140 190/251/140
f 199/260/141 200/261/141 198/262/141
f 198/262/141 201/263/141 199/260/141
f 202/264/141 199/260/141 201/263/141
f 201/263/141 204/265/141 202/264/141
f 203/266/141 202/264/141 204/265/141
f 204/265/141 205/267/141 203/266/141
f 207/268/142 208/269/143 206/270/143
f 206/270/143 209/271/142 207/268/142
f 210/272/143 207/268/142 209/271/142
f 209/271/142 211/273/143 210/272/143
f 200/261/144 210/272/143 211/273/143
f 211/273/143 198/262/144 200/261/144
f 213/274/145 214/275/145 212/276/145
f 212/276/145 215/277/145 213/274/145
f 216/278/145 213/274/145 215/277/145
f 215/277/145 217/279/145 216/278/145
f 208/269/146 216/278/145 217/279/145
f 217/279/145 206/270/146 208/269/146
f 219/280/147 220/281/147 218/282/147
f 218/282/147 221/283/147 219/280/147
f 222/284/148 219/280/147 221/283/147
f 221/283/147 223/285/148 222/284/148
f 214/275/148 222/284/148 223/285/148
f 223/285/148 212/276/148 214/275/148
f 225/286/149 226/287/149 224/288/149
f 224/288/149 227/289/149 225/286/149
f 228/290/149 225/286/149 227/289/149
f 227/289/149 229/291/149 228/290/149
f 220/292/149 228/290/149 229/291/149
f 229/291/149 218/293/149 220/292/149
f 230/294/150 203/266/150 205/267/151
f 205/267/151 231/295/150 230/294/150
f 232/296/152 230/294/150 231/295/150
f 231/295/150 233/297/152 232/296/152
f 226/287/153 232/296/152 233/297/152
f 233/297/152 224/288/153 226/287/153
f 235/298/67 236/299/67 234/300/67
f 234/300/67 238/301/67 235/298/67
f 237/302/67 235/298/67 238/301/67
f 241/303/67 237/302/67 238/301/67
f 238/301/67 239/304/67 241/303/67
f 243/305/67 241/303/67 239/304/67
f 243/305/67 239/304/67 242/306/67
f 242/306/67 240/307/67 243/305/67
f 56/308/67 53/309/67 245/310/67
f 55/311/67 56/308/67 245/310/67
f 52/312/67 55/311/67 245/310/67
f 49/313/67 52/312/67 245/310/67
f 45/314/67 49/313/67 245/310/67
f 245/310/67 244/315/67 45/314/67
f 244/316/154 79/317/20 80/318/155
f 45/49/156 244/316/154 80/318/155
f 45/49/156 80/318/155 81/319/157
f 45/49/156 81/319/157 43/56/158
f 246/320/159 85/137/160 83/136/161
f 247/321/162 246/320/159 83/136/161
f 83/136/161 99/140/163 247/321/162
f 247/321/162 99/140/163 102/142/164
f 248/322/165 247/321/162 102/142/164
f 248/322/165 102/142/164 128/170/166
f 248/322/165 128/170/166 127/172/167
f 127/172/167 249/323/168 248/322/165
f 249/323/168 127/172/167 124/165/169
f 250/324/170 249/323/168 124/165/169
f 250/324/170 124/165/169 122/164/171
f 251/325/172 250/324/170 122/164/171
f 122/164/171 120/168/173 251/325/172
f 251/325/172 120/168/173 114/159/174
f 252/326/175 251/325/172 114/159/174
f 252/326/175 114/159/174 116/158/176
f 253/327/177 252/326/175 116/158/176
f 116/158/176 118/162/178 253/327/177
f 253/327/177 118/162/178 104/153/179
f 254/328/180 253/327/177 104/153/179
f 254/328/180 104/153/179 110/152/181
f 255/329/182 254/328/180 110/152/181
f 110/152/181 112/156/183 255/329/182
f 255/329/182 112/156/183 100/145/184
f 256/330/185 255/329/182 100/145/184
f 256/330/185 100/145/184 103/144/186
f 257/331/187 256/330/185 103/144/186
f 103/144/186 107/148/188 257/331/187
f 257/331/187 107/148/188 85/150/160
f 246/332/159 257/331/187 85/150/160
f 258/333/189 177/249/190 187/247/191
f 258/333/189 187/247/191 185/245/192
f 185/245/192 260/334/193 258/333/189
f 260/334/193 185/245/192 182/244/194
f 259/335/195 260/334/193 182/244/194
f 259/335/195 182/244/194 193/255/196
f 259/335/195 193/255/196 191/253/197
f 191/253/197 261/336/198 259/335/195
f 261/336/198 191/253/197 188/252/199
f 262/337/200 261/336/198 188/252/199
f 262/337/200 188/252/199 197/259/201
f 262/337/200 197/259/201 195/257/202
f 195/257/202 263/338/203 262/337/200
f 263/338/203 195/257/202 169/229/204
f 265/339/205 263/338/203 169/229/204
f 265/339/205 169/229/204 168/227/206
f 265/339/205 168/227/206 165/225/207
f 165/225/207 264/340/208 265/339/205
f 264/340/208 165/225/207 163/224/209
f 266/341/210 264/340/208 163/224/209
f 266/341/210 163/224/209 176/235/211
f 266/341/210 176/235/211 174/233/212
f 174/233/212 267/342/213 266/341/210
f 267/342/213 174/233/212 171/232/214
f 268/343/215 267/342/213 171/232/214
f 268/343/215 171/232/214 181/241/216
f 268/343/215 181/241/216 180/239/217
f 180/239/217 269/344/218 268/343/215
f 269/344/218 180/239/217 177/238/190
f 258/345/189 269/344/218 177/238/190
f 271/346/219 270/347/220 175/237/221
f 271/346/219 175/237/221 178/236/222
f 272/348/223 271/346/219 178/236/222
f 178/236/222 179/240/224 272/348/223
f 272/348/223 179/240/224 172/231/225
f 273/349/226 272/348/223 172/231/225
f 273/349/226 172/231/225 173/230/227
f 274/350/228 273/349/226 173/230/227
f 173/230/227 170/234/229 274/350/228
f 274/350/228 170/234/229 162/223/230
f 275/351/231 274/350/228 162/223/230
f 275/351/231 162/223/230 166/222/232
f 276/352/233 275/351/231 166/222/232
f 166/222/232 167/226/234 276/352/233
f 276/352/233 167/226/234 164/228/235
f 277/353/236 276/352/233 164/228/235
f 277/353/236 164/228/235 194/256/237
f 277/353/236 194/256/237 196/258/238
f 196/258/238 279/354/239 277/353/236
f 279/354/239 196/258/238 190/251/240
f 278/355/241 279/354/239 190/251/240
f 278/355/241 190/251/240 189/250/242
f 281/356/243 278/355/241 189/250/242
f 189/250/242 192/254/244 281/356/243
f 281/356/243 192/254/244 184/243/245
f 280/357/246 281/356/243 184/243/245
f 280/357/246 184/243/245 183/242/247
f 270/358/220 280/357/246 183/242/247
f 183/242/247 186/246/248 270/358/220
f 270/358/220 186/246/248 175/248/221
f 282/359/249 220/281/250 219/280/251
f 284/360/252 282/359/249 219/280/251
f 219/280/251 222/284/253 284/360/252
f 284/360/252 222/284/253 214/275/254
f 283/361/255 284/360/252 214/275/254
f 283/361/255 214/275/254 213/274/256
f 286/362/257 283/361/255 213/274/256
f 213/274/256 216/278/258 286/362/257
f 286/362/257 216/278/258 208/269/259
f 285/363/260 286/362/257 208/269/259
f 285/363/260 208/269/259 207/268/261
f 287/364/262 285/363/260 207/268/261
f 207/268/261 210/272/263 287/364/262
f 287/364/262 210/272/263 200/261/264
f 288/365/265 287/364/262 200/261/264
f 288/365/265 200/261/264 199/260/266
f 289/366/267 288/365/265 199/260/266
f 199/260/266 202/264/268 289/366/267
f 289/366/267 202/264/268 203/266/269
f 290/367/270 289/366/267 203/266/269
f 290/367/270 203/266/269 230/294/271
f 290/367/270 230/294/271 232/296/272
f 232/296/272 291/368/273 290/367/270
f 291/368/273 232/296/272 226/287/274
f 292/369/275 291/368/273 226/287/274
f 292/369/275 226/287/274 225/286/276
f 293/370/277 292/369/275 225/286/276
f 225/286/276 228/290/278 293/370/277
f 293/370/277 228/290/278 220/292/250
f 282/371/249 293/370/277 220/292/250
f 13/372/279 15/373/279 12/19/279
f 12/19/279 20/22/279 13/372/279
f 14/374/280 19/375/280 17/23/280
f 17/23/280 16/18/280 14/374/280
f 17/23/281 20/22/281 12/19/281
f 12/19/281 16/18/281 17/23/281
f 3/7/282 10/12/283 296/376/284
f 296/376/284 4/15/285 3/7/282
f 297/377/286 4/15/285 296/376/284
f 294/378/287 297/377/286 296/376/284
f 295/379/288 297/377/286 294/378/287
f 294/378/287 300/380/289 295/379/288
f 298/381/290 295/379/288 300/380/289
f 300/380/289 299/382/291 298/381/290
f 298/381/290 299/382/291 301/383/292
f 301/383/292 302/384/293 298/381/290
f 302/384/293 301/383/292 303/385/294
f 303/385/294 304/386/295 302/384/293
f 304/386/295 303/385/294 305/387/296
f 305/387/296 306/388/297 304/386/295
f 306/388/297 305/387/296 308/389/298
f 308/389/298 307/390/299 306/388/297
f 10/12/300 7/9/300 310/391/300
f 310/391/301 296/376/301 10/12/301
f 309/392/302 305/387/303 303/385/304
f 305/387/303 309/392/302 312/393/305
f 312/393/305 308/389/306 305/387/303
f 306/388/307 313/394/308 311/395/309
f 313/394/308 306/388/307 307/390/310
f 307/390/310 314/396/311 313/394/308
f 2/397/312 9/398/312 315/399/313
f 315/399/313 317/400/314 2/397/312
f 318/401/315 317/400/314 315/399/313
f 315/399/313 316/402/315 318/401/315
f 318/401/315 316/402/315 307/403/299
f 307/403/299 308/404/298 318/401/315
f 8/405/8 2/397/3 317/400/316
f 317/400/316 319/406/317 8/405/8
f 320/407/318 319/406/317 317/400/316
f 317/400/316 318/401/319 320/407/318
f 320/407/318 318/401/319 308/404/306
f 308/404/306 312/408/305 320/407/318
f 9/398/9 5/409/6 321/410/320
f 321/410/320 315/399/321 9/398/9
f 316/402/322 315/399/321 321/410/320
f 321/410/320 322/411/323 316/402/322
f 316/402/322 322/411/323 314/412/311
f 314/412/311 307/403/310 316/402/322
f 3/2/324 4/4/324 9/11/324
f 9/11/324 2/3/324 3/2/324
f 4/15/4 297/377/325 11/13/11
f 323/413/326 11/13/11 297/377/325
f 297/377/325 295/379/327 323/413/326
f 328/414/328 323/413/326 295/379/327
f 295/379/327 298/381/329 328/414/328
f 328/414/328 298/381/329 302/384/330
f 302/384/330 327/415/331 328/414/328
f 327/415/331 302/384/330 304/386/332
f 304/386/332 311/395/309 327/415/331
f 311/395/309 304/386/332 306/388/307
f 296/376/333 310/391/334 324/416/335
f 324/416/335 294/378/336 296/376/333
f 294/378/336 324/416/335 325/417/337
f 325/417/337 300/380/338 294/378/336
f 299/382/339 300/380/338 325/417/337
f 325/417/337 326/418/340 299/382/339
f 299/382/339 326/418/340 329/419/341
f 329/419/341 301/383/342 299/382/339
f 301/383/342 329/419/341 330/420/343
f 330/420/343 303/385/304 301/383/342
f 303/385/304 330/420/343 309/392/302
f 331/421/67 333/422/67 334/423/344
f 334/423/344 332/424/344 331/421/67
f 336/425/345 333/422/346 331/421/347
f 331/421/347 335/426/348 336/425/345
f 334/423/349 333/422/349 336/425/349
f 336/425/349 337/427/349 334/423/349
f 338/428/350 332/424/351 334/423/352
f 334/423/352 337/427/353 338/428/350
f 331/421/354 332/424/354 338/428/354
f 338/428/354 335/426/354 331/421/354
f 340/429/19 341/430/19 342/431/19
f 342/431/19 339/432/19 340/429/19
f 346/433/355 339/434/30 342/431/30
f 342/431/30 343/435/355 346/433/355
f 346/433/355 343/435/355 347/436/356
f 347/436/356 345/437/357 346/433/355
f 345/437/357 347/436/356 349/438/358
f 349/438/358 344/439/359 345/437/357
f 344/439/359 349/438/358 354/440/360
f 354/440/360 348/441/360 344/439/359
f 352/31/18 353/32/18 351/30/18
f 351/30/18 27/29/18 352/31/18
f 27/29/18 351/30/18 361/26/18
f 361/26/18 22/28/18 27/29/18
f 358/27/18 22/28/18 361/26/18
f 361/26/18 357/24/18 358/27/18
f 361/26/18 356/25/18 357/24/18
f 358/27/18 357/24/18 355/33/18
f 355/33/18 350/34/18 358/27/18
f 360/35/19 356/25/19 361/26/19
f 361/26/19 359/36/19 360/35/19
f 360/35/18 359/36/18 363/37/18
f 363/37/18 362/38/18 360/35/18
f 353/32/20 362/38/20 363/37/20
f 363/37/20 351/30/20 353/32/20
f 364/41/361 366/40/361 370/39/362
f 370/39/362 369/42/362 364/41/361
f 367/43/363 369/42/362 370/39/362
f 370/39/362 368/44/364 367/43/363
f 374/45/365 367/43/363 368/44/364
f 368/44/364 373/46/365 374/45/365
f 374/45/365 373/46/365 371/47/366
f 371/47/366 377/48/367 374/45/365
f 377/48/367 371/47/366 372/49/368
f 371/47/366 365/56/369 372/49/368
f 372/49/368 376/50/370 377/48/367
f 378/51/47 377/48/367 376/50/370
f 375/52/371 378/51/47 376/50/370
f 381/53/372 375/52/371 376/50/370
f 376/50/370 382/54/373 381/53/372
f 379/55/374 381/53/372 382/54/373
f 382/54/373 380/57/375 379/55/374
f 384/58/376 379/55/374 380/57/375
f 380/57/375 383/59/377 384/58/376
f 58/60/19 384/58/376 383/59/377
f 383/59/377 53/61/19 58/60/19
f 27/91/19 73/92/19 385/90/19
f 352/87/378 27/91/19 385/90/19
f 385/90/19 386/89/19 352/87/378
f 386/89/19 387/88/378 352/87/378
f 352/87/378 387/88/378 396/86/379
f 396/86/379 362/85/380 352/87/378
f 396/86/379 397/75/381 362/85/380
f 360/72/30 362/85/380 397/75/381
f 397/75/381 399/74/382 360/72/30
f 399/74/382 397/75/381 394/76/383
f 362/85/380 353/93/384 352/87/378
f 394/76/383 393/77/383 399/74/382
f 395/78/385 393/77/383 394/76/383
f 394/76/383 392/80/386 395/78/385
f 390/81/387 395/78/385 392/80/386
f 392/80/386 391/82/387 390/81/387
f 390/81/387 391/82/387 388/83/388
f 388/83/388 389/84/388 390/81/387
f 399/74/382 398/73/30 360/72/30
f 360/72/30 398/73/30 400/71/389
f 400/71/389 357/70/390 360/72/30
f 357/70/390 400/71/389 401/69/391
f 401/69/391 355/68/392 357/70/390
f 355/68/392 401/69/391 402/67/393
f 402/67/393 350/66/394 355/68/392
f 350/66/394 402/67/393 403/64/395
f 356/79/30 360/72/30 357/70/390
f 403/64/395 358/65/396 350/66/394
f 22/62/20 358/65/396 403/64/395
f 403/64/395 57/63/20 22/62/20
f 388/83/397 391/82/398 370/94/399
f 370/94/399 366/95/397 388/83/397
f 364/97/400 369/96/401 390/81/401
f 390/81/401 389/84/400 364/97/400
f 397/75/19 371/99/19 373/98/19
f 373/98/19 394/76/19 397/75/19
f 392/80/19 394/76/19 373/98/19
f 373/98/19 368/100/19 392/80/19
f 392/80/19 368/100/19 370/94/399
f 370/94/399 391/82/398 392/80/19
f 377/101/20 399/74/20 393/77/20
f 393/77/20 374/102/20 377/101/20
f 367/103/20 374/102/20 393/77/20
f 393/77/20 395/78/20 367/103/20
f 367/103/20 395/78/20 390/81/401
f 390/81/401 369/96/401 367/103/20
f 389/84/402 388/83/402 366/95/402
f 366/95/402 364/97/402 389/84/402
f 363/37/30 359/36/30 361/26/30
f 361/26/30 351/30/30 363/37/30
f 399/74/67 377/101/67 378/104/403
f 378/104/403 398/73/404 399/74/67
f 398/73/404 378/104/403 375/105/405
f 375/105/405 400/71/406 398/73/404
f 401/69/407 400/71/406 375/105/405
f 375/105/405 381/106/408 401/69/407
f 402/67/409 401/69/407 381/106/408
f 381/106/408 379/107/410 402/67/409
f 403/64/411 402/67/409 379/107/410
f 379/107/410 384/108/412 403/64/411
f 57/63/67 403/64/411 384/108/412
f 384/108/412 58/109/67 57/63/67
f 385/90/67 73/92/67 79/110/67
f 79/110/67 404/111/67 385/90/67
f 386/89/413 385/90/413 404/111/413
f 404/111/413 405/112/413 386/89/413
f 387/88/67 386/89/67 405/112/67
f 405/112/67 365/113/67 387/88/67
f 396/86/67 387/88/67 365/113/67
f 397/75/67 396/86/67 365/113/67
f 365/113/67 371/99/67 397/75/67
f 409/116/20 408/115/20 411/114/20
f 411/114/20 406/117/20 409/116/20
f 410/118/20 406/117/20 411/114/20
f 411/114/20 407/119/20 410/118/20
f 412/122/19 413/121/19 417/120/19
f 417/120/19 414/123/19 412/122/19
f 416/124/19 414/123/19 417/120/19
f 417/120/19 415/125/19 416/124/19
f 415/128/414 417/127/85 406/126/415
f 406/126/415 410/129/416 415/128/414
f 416/130/81 415/128/414 410/129/416
f 410/129/416 407/131/80 416/130/81
f 414/123/78 416/130/81 407/131/80
f 407/131/80 411/114/79 414/123/78
f 412/122/417 414/123/78 411/114/79
f 411/114/79 408/115/88 412/122/417
f 413/132/87 412/122/417 408/115/88
f 408/115/88 409/133/86 413/132/87
f 417/134/85 413/132/87 409/133/86
f 409/133/86 406/135/415 417/134/85
f 421/138/418 418/137/418 419/136/419
f 419/136/419 420/139/419 421/138/418
f 420/139/419 419/136/419 423/140/418
f 423/140/418 422/141/418 420/139/419
f 422/141/418 423/140/418 425/142/420
f 425/142/420 424/143/420 422/141/418
f 427/146/421 426/145/421 429/144/421
f 429/144/421 428/147/421 427/146/421
f 428/147/421 429/144/421 430/148/422
f 430/148/422 431/149/422 428/147/421
f 431/149/422 430/148/422 418/150/422
f 418/150/422 421/151/422 431/149/422
f 434/154/423 432/153/423 433/152/423
f 433/152/423 435/155/423 434/154/423
f 435/155/423 433/152/423 436/156/424
f 436/156/424 437/157/424 435/155/423
f 437/157/424 436/156/424 426/145/425
f 426/145/425 427/146/425 437/157/424
f 440/160/426 438/159/426 439/158/427
f 439/158/427 441/161/427 440/160/426
f 441/161/427 439/158/427 442/162/427
f 442/162/427 443/163/427 441/161/427
f 443/163/427 442/162/427 432/153/428
f 432/153/428 434/154/428 443/163/427
f 447/166/429 444/165/429 446/164/429
f 446/164/429 445/167/429 447/166/429
f 445/167/429 446/164/429 448/168/430
f 448/168/430 449/169/430 445/167/429
f 449/169/430 448/168/430 438/159/430
f 438/159/430 440/160/430 449/169/430
f 424/143/431 425/142/431 450/170/432
f 450/170/432 451/171/432 424/143/431
f 451/171/432 450/170/432 452/172/432
f 452/172/432 453/173/432 451/171/432
f 453/173/432 452/172/432 444/165/431
f 444/165/431 447/166/431 453/173/432
f 455/176/67 454/175/67 456/174/67
f 456/174/67 457/177/67 455/176/67
f 460/178/67 457/177/67 456/174/67
f 456/174/67 458/179/67 460/178/67
f 460/178/67 458/179/67 462/180/67
f 462/180/67 459/181/67 460/178/67
f 463/184/67 461/183/67 465/182/67
f 465/182/67 464/185/67 463/184/67
f 468/186/67 464/185/67 465/182/67
f 465/182/67 467/187/67 468/186/67
f 468/186/67 467/187/67 469/188/67
f 469/188/67 466/189/67 468/186/67
f 471/192/433 470/191/434 468/190/435
f 468/190/435 466/193/436 471/192/433
f 472/194/437 471/192/433 466/193/436
f 466/193/436 469/195/438 472/194/437
f 473/196/439 472/194/437 469/195/438
f 469/195/438 467/197/440 473/196/439
f 474/198/441 473/196/439 467/197/440
f 467/197/440 465/199/442 474/198/441
f 475/200/443 474/198/441 465/199/442
f 465/199/442 461/201/114 475/200/443
f 476/202/444 475/200/443 461/201/114
f 461/201/114 463/184/445 476/202/444
f 477/203/111 476/202/444 463/184/445
f 463/184/445 464/185/446 477/203/111
f 470/204/434 477/203/111 464/185/446
f 464/185/446 468/205/435 470/204/434
f 479/208/433 478/207/434 460/206/447
f 460/206/447 459/209/436 479/208/433
f 480/210/448 479/208/433 459/209/436
f 459/209/436 462/211/449 480/210/448
f 481/212/439 480/210/448 462/211/449
f 462/211/449 458/213/440 481/212/439
f 482/214/450 481/212/439 458/213/440
f 458/213/440 456/215/451 482/214/450
f 483/216/443 482/214/450 456/215/451
f 456/215/451 454/217/452 483/216/443
f 484/218/124 483/216/443 454/217/452
f 454/217/452 455/176/445 484/218/124
f 485/219/453 484/218/124 455/176/445
f 455/176/445 457/177/446 485/219/453
f 478/220/434 485/219/453 457/177/446
f 457/177/446 460/221/447 478/220/434
f 488/224/454 487/223/454 486/222/455
f 486/222/455 491/225/455 488/224/454
f 491/225/455 486/222/455 489/226/456
f 489/226/456 494/227/456 491/225/455
f 494/227/456 489/226/456 493/228/456
f 493/228/456 490/229/456 494/227/456
f 496/232/457 495/231/457 497/230/458
f 497/230/458 498/233/458 496/232/457
f 498/233/458 497/230/458 492/234/458
f 492/234/458 500/235/458 498/233/458
f 500/235/458 492/234/458 487/223/459
f 487/223/459 488/224/459 500/235/458
f 501/238/460 499/237/461 502/236/460
f 502/236/460 504/239/462 501/238/460
f 504/239/462 502/236/460 503/240/460
f 503/240/460 505/241/460 504/239/462
f 505/241/460 503/240/460 495/231/460
f 495/231/460 496/232/460 505/241/460
f 507/244/463 508/243/463 506/242/463
f 506/242/463 509/245/463 507/244/463
f 509/245/463 506/242/463 510/246/463
f 510/246/463 511/247/464 509/245/463
f 511/247/464 510/246/463 499/248/463
f 499/248/463 501/249/465 511/247/464
f 513/252/466 514/251/466 512/250/466
f 512/250/466 515/253/466 513/252/466
f 515/253/466 512/250/466 516/254/466
f 516/254/466 517/255/466 515/253/466
f 517/255/466 516/254/466 508/243/467
f 508/243/467 507/244/467 517/255/466
f 490/229/468 493/228/468 518/256/468
f 518/256/468 519/257/468 490/229/468
f 519/257/468 518/256/468 520/258/468
f 520/258/468 521/259/468 519/257/468
f 521/259/468 520/258/468 514/251/468
f 514/251/468 513/252/468 521/259/468
f 523/262/469 524/261/469 522/260/469
f 522/260/469 525/263/469 523/262/469
f 525/263/469 522/260/469 526/264/469
f 526/264/469 528/265/469 525/263/469
f 528/265/469 526/264/469 527/266/469
f 527/266/469 529/267/469 528/265/469
f 531/270/470 532/269/470 530/268/471
f 530/268/471 533/271/471 531/270/470
f 533/271/471 530/268/471 534/272/470
f 534/272/470 535/273/470 533/271/471
f 535/273/470 534/272/470 524/261/470
f 524/261/470 523/262/470 535/273/470
f 537/276/472 538/275/472 536/274/472
f 536/274/472 539/277/472 537/276/472
f 539/277/472 536/274/472 540/278/472
f 540/278/472 541/279/472 539/277/472
f 541/279/472 540/278/472 532/269/473
f 532/269/473 531/270/473 541/279/472
f 543/282/474 544/281/474 542/280/474
f 542/280/474 545/283/474 543/282/474
f 545/283/474 542/280/474 546/284/475
f 546/284/475 547/285/475 545/283/474
f 547/285/475 546/284/475 538/275/475
f 538/275/475 537/276/475 547/285/475
f 549/288/476 550/287/476 548/286/476
f 548/286/476 551/289/476 549/288/476
f 551/289/476 548/286/476 552/290/476
f 552/290/476 553/291/476 551/289/476
f 553/291/476 552/290/476 544/292/476
f 544/292/476 543/293/476 553/291/476
f 529/267/477 527/266/477 554/294/477
f 554/294/477 555/295/477 529/267/477
f 555/295/477 554/294/477 556/296/478
f 556/296/478 557/297/478 555/295/477
f 557/297/478 556/296/478 550/287/479
f 550/287/479 549/288/479 557/297/478
f 559/300/67 560/299/67 558/298/67
f 558/298/67 562/301/67 559/300/67
f 562/301/67 558/298/67 561/302/67
f 562/301/67 561/302/67 565/303/67
f 565/303/67 564/304/67 562/301/67
f 564/304/67 565/303/67 567/305/67
f 568/306/67 564/304/67 567/305/67
f 567/305/67 563/307/67 568/306/67
f 569/442/480 566/443/481 571/444/480
f 571/444/480 570/445/480 569/442/480
f 572/446/480 570/445/480 571/444/480
f 571/444/480 573/447/480 572/446/480
f 575/448/30 573/447/30 571/444/30
f 571/444/30 574/449/30 575/448/30
f 576/450/30 574/449/30 571/444/30
f 571/444/30 566/443/30 576/450/30
f 577/451/47 569/442/47 570/445/47
f 570/445/47 579/452/47 577/451/47
f 579/452/47 570/445/47 572/446/47
f 572/446/47 578/453/47 579/452/47
f 577/454/482 581/455/483 569/456/484
f 569/456/484 581/455/483 582/457/485
f 582/457/485 581/455/483 583/458/486
f 583/458/486 584/459/487 582/457/485
f 584/459/487 583/458/486 586/460/488
f 586/460/488 585/461/488 584/459/487
f 588/462/489 585/461/488 586/460/488
f 586/460/488 587/463/489 588/462/489
f 582/457/485 580/464/490 569/456/484
f 588/462/489 587/463/489 591/465/491
f 591/465/491 589/466/492 588/462/489
f 589/466/492 591/465/491 594/467/493
f 594/467/493 590/468/493 589/466/492
f 593/469/494 590/468/493 594/467/493
f 594/467/493 592/470/494 593/469/494
f 593/469/494 592/470/494 595/471/495
f 595/471/495 596/472/496 593/469/494
f 596/472/496 595/471/495 597/473/497
f 597/473/497 598/474/498 596/472/496
f 598/474/498 597/473/497 599/475/499
f 599/475/499 600/476/500 598/474/498
f 600/476/500 599/475/499 602/477/501
f 602/477/501 601/478/501 600/476/500
f 604/479/502 601/478/501 602/477/501
f 602/477/501 603/480/502 604/479/502
f 604/479/502 603/480/502 605/481/503
f 605/481/503 608/482/504 604/479/502
f 608/482/504 605/481/503 606/483/505
f 606/483/505 609/484/506 608/482/504
f 609/484/506 606/483/505 566/485/507
f 606/483/505 576/486/508 566/485/507
f 566/485/507 607/487/509 609/484/506
f 607/488/20 580/489/20 582/490/20
f 582/490/20 609/491/20 607/488/20
f 609/491/20 582/490/20 584/492/20
f 584/492/20 608/493/20 609/491/20
f 608/493/20 584/492/20 585/494/20
f 585/494/20 604/495/20 608/493/20
f 610/496/20 604/495/20 585/494/20
f 610/496/20 585/494/20 588/497/20
f 610/496/20 588/497/20 589/498/20
f 589/498/20 590/499/20 610/496/20
f 590/499/20 593/500/20 610/496/20
f 593/500/20 596/501/20 610/496/20
f 596/501/20 598/502/20 610/496/20
f 601/503/20 604/495/20 610/496/20
f 600/504/20 601/503/20 610/496/20
f 598/502/20 600/504/20 610/496/20
f 569/505/484 580/506/490 607/507/509
f 607/507/509 566/508/507 569/505/484
f 575/509/18 578/510/18 572/446/18
f 572/446/18 573/447/18 575/509/18
f 349/438/67 347/436/67 343/435/67
f 349/438/67 343/435/67 336/425/67
f 337/427/67 336/425/67 343/435/67
f 343/435/67 342/431/67 337/427/67
f 338/428/67 337/427/67 342/431/67
f 342/431/67 341/430/67 338/428/67
f 335/426/67 338/428/67 341/430/67
f 341/430/67 612/511/67 335/426/67
f 354/440/67 349/438/67 336/425/67
f 336/425/67 335/426/67 354/440/67
f 335/426/67 612/511/67 354/440/67
f 612/511/67 611/512/67 354/440/67
f 341/430/47 340/513/47 613/514/510
f 613/514/510 612/511/510 341/430/47
f 611/512/511 612/511/510 613/514/510
f 613/514/510 614/515/512 611/512/511
f 354/440/360 611/512/511 614/515/512
f 614/515/512 348/441/360 354/440/360
f 245/310/67 53/309/67 383/308/67
f 245/310/67 383/308/67 380/311/67
f 245/310/67 380/311/67 382/312/67
f 245/310/67 382/312/67 376/313/67
f 245/310/67 376/313/67 372/314/67
f 372/314/67 244/315/67 245/310/67
f 404/318/513 79/317/20 244/316/154
f 404/318/513 244/316/154 372/49/514
f 405/319/515 404/318/513 372/49/514
f 365/56/516 405/319/515 372/49/514
f 645/516/517 615/517/518 624/518/519
f 624/518/519 644/519/520 645/516/517
f 644/519/520 624/518/519 625/520/521
f 625/520/521 639/521/522 644/519/520
f 639/521/522 625/520/521 642/522/20
f 643/523/523 645/516/517 644/519/520
f 644/519/520 641/524/524 643/523/523
f 641/524/524 644/519/520 639/521/522
f 639/521/522 638/525/525 641/524/524
f 638/525/525 639/521/522 642/522/20
f 640/526/526 643/523/523 641/524/524
f 641/524/524 635/527/527 640/526/526
f 635/527/527 641/524/524 638/525/525
f 638/525/525 634/528/528 635/527/527
f 634/528/528 638/525/525 642/522/20
f 637/529/529 640/526/526 635/527/527
f 635/527/527 636/530/530 637/529/529
f 636/530/530 635/527/527 634/528/528
f 634/528/528 632/531/531 636/530/530
f 632/531/531 634/528/528 642/522/20
f 631/532/532 637/529/529 636/530/530
f 636/530/530 633/533/533 631/532/532
f 633/533/533 636/530/530 632/531/531
f 632/531/531 630/534/534 633/533/533
f 630/534/534 632/531/531 642/522/20
f 629/535/535 631/532/532 633/533/533
f 633/533/533 627/536/536 629/535/535
f 627/536/536 633/533/533 630/534/534
f 630/534/534 626/537/537 627/536/536
f 626/537/537 630/534/534 642/522/20
f 628/538/538 626/537/537 642/522/20
f 623/539/539 628/538/538 642/522/20
f 622/540/540 623/539/539 642/522/20
f 625/541/521 622/540/540 642/522/20
f 622/540/540 625/541/521 624/542/519
f 619/543/541 629/535/535 627/536/536
f 627/536/536 618/544/542 619/543/541
f 618/544/542 627/536/536 626/537/537
f 626/537/537 628/538/538 618/544/542
f 621/545/543 618/544/542 628/538/538
f 628/538/538 623/539/539 621/545/543
f 620/546/544 621/545/543 623/539/539
f 623/539/539 622/540/540 620/546/544
f 624/542/519 620/546/544 622/540/540
f 620/546/544 624/542/519 615/547/518
f 615/547/518 616/548/545 620/546/544
f 621/545/543 620/546/544 616/548/545
f 616/548/545 617/549/546 621/545/543
f 617/549/546 619/543/541 618/544/542
f 618/544/542 621/545/543 617/549/546
f 419/136/547 418/137/548 647/320/549
f 419/136/547 647/320/549 646/321/550
f 646/321/550 423/140/551 419/136/547
f 425/142/552 423/140/551 646/321/550
f 425/142/552 646/321/550 648/322/553
f 450/170/554 425/142/552 648/322/553
f 452/172/555 450/170/554 648/322/553
f 648/322/553 650/323/556 452/172/555
f 444/165/557 452/172/555 650/323/556
f 444/165/557 650/323/556 649/324/558
f 446/164/559 444/165/557 649/324/558
f 446/164/559 649/324/558 651/325/560
f 651/325/560 448/168/561 446/164/559
f 438/159/562 448/168/561 651/325/560
f 438/159/562 651/325/560 652/326/563
f 439/158/564 438/159/562 652/326/563
f 439/158/564 652/326/563 653/327/565
f 653/327/565 442/162/566 439/158/564
f 432/153/567 442/162/566 653/327/565
f 432/153/567 653/327/565 654/328/568
f 433/152/569 432/153/567 654/328/568
f 433/152/569 654/328/568 655/329/570
f 655/329/570 436/156/571 433/152/569
f 426/145/572 436/156/571 655/329/570
f 426/145/572 655/329/570 656/330/573
f 429/144/574 426/145/572 656/330/573
f 429/144/574 656/330/573 657/331/575
f 657/331/575 430/148/576 429/144/574
f 418/150/548 430/148/576 657/331/575
f 418/150/548 657/331/575 647/332/549
f 511/247/577 501/249/578 659/333/579
f 509/245/580 511/247/577 659/333/579
f 659/333/579 658/334/581 509/245/580
f 507/244/582 509/245/580 658/334/581
f 507/244/582 658/334/581 661/335/583
f 517/255/584 507/244/582 661/335/583
f 515/253/585 517/255/584 661/335/583
f 661/335/583 660/336/586 515/253/585
f 513/252/587 515/253/585 660/336/586
f 513/252/587 660/336/586 662/337/588
f 521/259/589 513/252/587 662/337/588
f 519/257/590 521/259/589 662/337/588
f 662/337/588 664/338/591 519/257/590
f 490/229/592 519/257/590 664/338/591
f 490/229/592 664/338/591 663/339/593
f 494/227/594 490/229/592 663/339/593
f 491/225/595 494/227/594 663/339/593
f 663/339/593 665/340/596 491/225/595
f 488/224/597 491/225/595 665/340/596
f 488/224/597 665/340/596 667/341/598
f 500/235/599 488/224/597 667/341/598
f 498/233/600 500/235/599 667/341/598
f 667/341/598 666/342/601 498/233/600
f 496/232/602 498/233/600 666/342/601
f 496/232/602 666/342/601 669/343/603
f 505/241/604 496/232/602 669/343/603
f 504/239/605 505/241/604 669/343/603
f 669/343/603 668/344/606 504/239/605
f 501/238/578 504/239/605 668/344/606
f 501/238/578 668/344/606 659/345/579
f 499/237/607 672/347/608 671/346/609
f 502/236/610 499/237/607 671/346/609
f 502/236/610 671/346/609 670/348/611
f 670/348/611 503/240/612 502/236/610
f 495/231/613 503/240/612 670/348/611
f 495/231/613 670/348/611 674/349/614
f 497/230/615 495/231/613 674/349/614
f 497/230/615 674/349/614 673/350/616
f 673/350/616 492/234/617 497/230/615
f 487/223/618 492/234/617 673/350/616
f 487/223/618 673/350/616 678/351/619
f 486/222/620 487/223/618 678/351/619
f 486/222/620 678/351/619 675/352/621
f 675/352/621 489/226/622 486/222/620
f 493/228/623 489/226/622 675/352/621
f 493/228/623 675/352/621 676/353/624
f 518/256/625 493/228/623 676/353/624
f 520/258/626 518/256/625 676/353/624
f 676/353/624 677/354/627 520/258/626
f 514/251/628 520/258/626 677/354/627
f 514/251/628 677/354/627 679/355/629
f 512/250/630 514/251/628 679/355/629
f 512/250/630 679/355/629 680/356/631
f 680/356/631 516/254/632 512/250/630
f 508/243/633 516/254/632 680/356/631
f 508/243/633 680/356/631 681/357/634
f 506/242/635 508/243/633 681/357/634
f 506/242/635 681/357/634 672/358/608
f 672/358/608 510/246/636 506/242/635
f 499/248/607 510/246/636 672/358/608
f 542/280/637 544/281/638 682/359/639
f 542/280/637 682/359/639 683/360/640
f 683/360/640 546/284/641 542/280/637
f 538/275/642 546/284/641 683/360/640
f 538/275/642 683/360/640 684/361/643
f 536/274/644 538/275/642 684/361/643
f 536/274/644 684/361/643 685/362/645
f 685/362/645 540/278/646 536/274/644
f 532/269/647 540/278/646 685/362/645
f 532/269/647 685/362/645 686/363/648
f 530/268/649 532/269/647 686/363/648
f 530/268/649 686/363/648 687/364/650
f 687/364/650 534/272/651 530/268/649
f 524/261/652 534/272/651 687/364/650
f 524/261/652 687/364/650 688/365/653
f 522/260/654 524/261/652 688/365/653
f 522/260/654 688/365/653 689/366/655
f 689/366/655 526/264/656 522/260/654
f 527/266/657 526/264/656 689/366/655
f 527/266/657 689/366/655 691/367/658
f 554/294/659 527/266/657 691/367/658
f 556/296/660 554/294/659 691/367/658
f 691/367/658 690/368/661 556/296/660
f 550/287/662 556/296/660 690/368/661
f 550/287/662 690/368/661 692/369/663
f 548/286/664 550/287/662 692/369/663
f 548/286/664 692/369/663 693/370/665
f 693/370/665 552/290/666 548/286/664
f 544/292/638 552/290/666 693/370/665
f 544/292/638 693/370/665 682/371/639
f 574/550/19 576/551/19 606/552/19
f 574/550/19 606/552/19 605/553/19
f 574/550/19 605/553/19 603/554/19
f 574/550/19 603/554/19 602/555/667
f 602/555/667 575/556/668 574/550/19
f 602/555/667 599/557/667 575/556/668
f 599/557/667 597/558/669 575/556/668
f 597/558/669 595/559/668 575/556/668
f 575/556/668 595/559/668 592/560/668
f 592/560/668 578/561/668 575/556/668
f 592/560/668 594/562/670 578/561/668
f 594/562/670 591/563/671 578/561/668
f 591/563/671 587/564/671 578/561/668
f 579/565/19 578/561/668 587/564/671
f 587/564/671 586/566/19 579/565/19
f 586/566/19 583/567/19 579/565/19
f 583/567/19 581/568/19 579/565/19
f 581/568/19 577/569/19 579/565/19
f 706/570/672 696/571/673 699/572/674
f 699/572/674 707/573/675 706/570/672
f 715/574/67 707/573/675 699/572/674
f 715/574/67 699/572/674 704/575/676
f 704/575/676 699/572/674 696/571/673
f 696/571/673 694/576/677 704/575/676
f 700/577/678 704/575/676 694/576/677
f 694/576/677 695/578/679 700/577/678
f 713/579/680 706/570/672 707/573/675
f 707/573/675 717/580/681 713/579/680
f 715/574/67 717/580/681 707/573/675
f 712/581/682 713/579/680 717/580/681
f 717/580/681 716/582/683 712/581/682
f 715/574/67 716/582/683 717/580/681
f 718/583/684 712/581/682 716/582/683
f 716/582/683 711/584/685 718/583/684
f 715/574/67 711/584/685 716/582/683
f 710/585/686 718/583/684 711/584/685
f 711/584/685 714/586/687 710/585/686
f 715/574/67 714/586/687 711/584/685
f 708/587/688 710/585/686 714/586/687
f 714/586/687 702/588/689 708/587/688
f 715/574/67 702/588/689 714/586/687
f 715/574/67 705/589/690 702/588/689
f 715/574/67 703/590/691 705/589/690
f 715/574/67 697/591/692 703/590/691
f 715/574/67 700/577/678 697/591/692
f 715/574/67 704/575/676 700/577/678
f 701/592/693 708/587/688 702/588/689
f 702/588/689 705/589/690 701/592/693
f 709/593/694 701/592/693 705/589/690
f 705/589/690 703/590/691 709/593/694
f 698/594/695 709/593/694 703/590/691
f 703/590/691 697/591/692 698/594/695
f 695/578/679 698/594/695 697/591/692
f 697/591/692 700/577/678 695/578/679
f 696/571/696 264/595/697 266/596/698
f 266/596/698 694/576/699 696/571/696
f 694/576/699 266/596/698 267/597/700
f 267/597/700 695/578/701 694/576/699
f 695/578/701 267/597/700 268/598/702
f 268/598/702 698/594/703 695/578/701
f 698/594/703 268/598/702 269/599/704
f 264/595/697 696/571/696 706/570/705
f 706/570/705 265/600/706 264/595/697
f 265/600/706 706/570/705 713/579/707
f 713/579/707 263/601/708 265/600/706
f 263/601/708 713/579/707 712/581/709
f 712/581/709 262/602/710 263/601/708
f 262/602/710 712/581/709 718/583/711
f 718/583/711 261/603/712 262/602/710
f 261/603/712 718/583/711 710/585/713
f 710/585/713 259/604/714 261/603/712
f 259/604/714 710/585/713 708/587/715
f 708/587/715 260/605/716 259/604/714
f 260/605/716 708/587/715 701/592/717
f 701/592/717 258/606/718 260/605/716
f 258/606/718 701/592/717 709/593/719
f 709/593/719 269/599/704 258/606/718
f 269/599/704 709/593/719 698/594/703
f 240/307/720 721/607/721 727/608/722
f 727/608/722 243/305/723 240/307/720
f 243/305/723 727/608/722 726/609/724
f 726/609/724 241/303/725 243/305/723
f 241/303/725 726/609/724 730/610/726
f 730/610/726 237/302/727 241/303/725
f 237/302/727 730/610/726 725/611/728
f 721/607/721 240/307/720 242/306/729
f 242/306/729 719/612/730 721/607/721
f 719/612/730 242/306/729 239/304/731
f 239/304/731 720/613/732 719/612/730
f 720/613/732 239/304/731 238/301/733
f 238/301/733 722/614/734 720/613/732
f 722/614/734 238/301/733 234/300/735
f 234/300/735 724/615/736 722/614/734
f 724/615/736 234/300/735 236/299/737
f 236/299/737 723/616/738 724/615/736
f 723/616/738 236/299/737 235/298/739
f 235/298/739 725/611/728 723/616/738
f 725/611/728 235/298/739 237/302/727
f 729/617/740 119/618/741 143/619/742
f 729/617/740 143/619/742 126/620/743
f 126/620/743 731/621/744 729/617/740
f 731/621/744 126/620/743 98/622/745
f 736/623/746 731/621/744 98/622/745
f 736/623/746 98/622/745 101/624/747
f 736/623/746 101/624/747 97/625/748
f 729/617/740 728/626/749 119/618/741
f 728/626/749 729/617/740 731/621/744
f 731/621/744 732/627/750 728/626/749
f 735/628/751 732/627/750 731/621/744
f 731/621/744 736/623/746 735/628/751
f 740/629/752 735/628/751 736/623/746
f 736/623/746 737/630/753 740/629/752
f 97/625/748 737/630/753 736/623/746
f 737/630/753 97/625/748 84/631/754
f 728/626/749 121/632/755 119/618/741
f 121/632/755 728/626/749 732/627/750
f 732/627/750 125/633/756 121/632/755
f 732/627/750 117/634/757 125/633/756
f 732/627/750 735/628/751 117/634/757
f 735/628/751 115/635/758 117/634/757
f 115/635/758 735/628/751 740/629/752
f 740/629/752 123/636/759 115/635/758
f 740/629/752 111/637/760 123/636/759
f 740/629/752 741/638/761 111/637/760
f 741/638/761 740/629/752 737/630/753
f 737/630/753 738/639/762 741/638/761
f 738/639/762 737/630/753 84/631/754
f 738/639/762 84/631/754 108/640/763
f 738/639/762 108/640/763 106/641/764
f 106/641/764 739/642/765 738/639/762
f 739/642/765 106/641/764 105/643/766
f 741/638/761 109/644/767 111/637/760
f 109/644/767 741/638/761 733/645/768
f 733/645/768 741/638/761 738/639/762
f 738/639/762 739/642/765 733/645/768
f 733/645/768 739/642/765 105/643/766
f 733/645/768 105/643/766 113/646/769
f 733/645/768 113/646/769 109/644/767
f 734/647/770 231/648/771 205/649/772
f 745/650/773 734/647/770 205/649/772
f 745/650/773 205/649/772 204/651/774
f 745/650/773 204/651/774 201/652/775
f 201/652/775 747/653/776 745/650/773
f 747/653/776 201/652/775 198/654/777
f 231/648/771 734/647/770 743/655/778
f 744/656/779 743/655/778 734/647/770
f 734/647/770 745/650/773 744/656/779
f 746/657/780 744/656/779 745/650/773
f 745/650/773 747/653/776 746/657/780
f 742/658/781 746/657/780 747/653/776
f 747/653/776 748/659/782 742/658/781
f 748/659/782 747/653/776 198/654/777
f 748/659/782 198/654/777 211/660/783
f 748/659/782 211/660/783 209/661/784
f 743/655/778 233/662/785 231/648/771
f 743/655/778 224/663/786 233/662/785
f 743/655/778 744/656/779 224/663/786
f 744/656/779 227/664/787 224/663/786
f 227/664/787 744/656/779 746/657/780
f 746/657/780 229/665/788 227/664/787
f 746/657/780 218/666/789 229/665/788
f 746/657/780 742/658/781 218/666/789
f 742/658/781 221/667/790 218/666/789
f 221/667/790 742/658/781 752/668/791
f 752/668/791 742/658/781 748/659/782
f 748/659/782 749/669/792 752/668/791
f 209/661/784 749/669/792 748/659/782
f 749/669/792 209/661/784 206/670/793
f 750/671/794 749/669/792 206/670/793
f 750/671/794 206/670/793 217/672/795
f 750/671/794 217/672/795 215/673/796
f 752/668/791 223/674/797 221/667/790
f 752/668/791 212/675/798 223/674/797
f 752/668/791 757/676/799 212/675/798
f 757/676/799 752/668/791 749/669/792
f 749/669/792 750/671/794 757/676/799
f 215/673/796 757/676/799 750/671/794
f 757/676/799 215/673/796 212/675/798
f 751/677/19 766/678/19 13/679/19
f 754/680/19 751/677/19 13/679/19
f 755/681/19 754/680/19 13/679/19
f 13/679/19 19/682/19 755/681/19
f 756/683/19 755/681/19 19/682/19
f 760/684/19 756/683/19 19/682/19
f 760/684/19 19/682/19 14/685/19
f 14/685/19 753/686/19 760/684/19
f 758/687/19 753/686/19 14/685/19
f 758/687/19 14/685/19 763/688/19
f 759/689/19 763/688/19 14/685/19
f 14/685/19 15/690/19 759/689/19
f 15/690/19 761/691/19 759/689/19
f 15/690/19 765/692/19 761/691/19
f 766/678/19 765/692/19 15/690/19
f 15/690/19 13/679/19 766/678/19
f 767/693/800 778/694/801 763/688/802
f 763/688/802 759/689/803 767/693/800
f 762/695/804 767/693/800 759/689/803
f 759/689/803 761/691/805 762/695/804
f 764/696/806 762/695/804 761/691/805
f 761/691/805 765/692/807 764/696/806
f 770/697/808 764/696/806 765/692/807
f 765/692/807 766/678/809 770/697/808
f 771/698/810 770/697/808 766/678/809
f 766/678/809 751/677/811 771/698/810
f 772/699/812 771/698/810 751/677/811
f 751/677/811 754/680/813 772/699/812
f 773/700/814 772/699/812 754/680/813
f 754/680/813 755/681/815 773/700/814
f 774/701/816 773/700/814 755/681/815
f 755/681/815 756/683/817 774/701/816
f 775/702/818 774/701/816 756/683/817
f 756/683/817 760/684/819 775/702/818
f 776/703/820 775/702/818 760/684/819
f 760/684/819 753/686/821 776/703/820
f 777/704/822 776/703/820 753/686/821
f 753/686/821 758/687/823 777/704/822
f 778/694/801 777/704/822 758/687/823
f 758/687/823 763/688/802 778/694/801
f 781/572/824 790/571/825 779/570/826
f 779/570/826 785/573/827 781/572/824
f 785/573/827 779/570/826 780/579/828
f 780/579/828 786/580/829 785/573/827
f 786/580/829 780/579/828 768/581/830
f 768/581/830 782/582/831 786/580/829
f 782/582/831 768/581/830 769/583/832
f 790/571/825 781/572/824 791/575/833
f 791/575/833 781/572/824 794/574/67
f 781/572/824 785/573/827 794/574/67
f 785/573/827 786/580/829 794/574/67
f 786/580/829 782/582/831 794/574/67
f 782/582/831 787/584/834 794/574/67
f 769/583/832 787/584/834 782/582/831
f 787/584/834 769/583/832 789/585/835
f 789/585/835 793/586/836 787/584/834
f 793/586/836 789/585/835 799/587/837
f 791/575/833 788/576/838 790/571/825
f 788/576/838 791/575/833 792/577/839
f 792/577/839 791/575/833 794/574/67
f 796/591/840 792/577/839 794/574/67
f 784/590/841 796/591/840 794/574/67
f 798/589/842 784/590/841 794/574/67
f 800/588/843 798/589/842 794/574/67
f 793/586/836 800/588/843 794/574/67
f 787/584/834 793/586/836 794/574/67
f 792/577/839 795/578/844 788/576/838
f 795/578/844 792/577/839 796/591/840
f 796/591/840 783/594/845 795/578/844
f 783/594/845 796/591/840 784/590/841
f 784/590/841 797/593/846 783/594/845
f 797/593/846 784/590/841 798/589/842
f 798/589/842 801/592/847 797/593/846
f 801/592/847 798/589/842 800/588/843
f 800/588/843 799/587/837 801/592/847
f 799/587/837 800/588/843 793/586/836
f 667/596/848 665/595/849 790/571/850
f 790/571/850 788/576/851 667/596/848
f 666/597/852 667/596/848 788/576/851
f 788/576/851 795/578/853 666/597/852
f 669/598/854 666/597/852 795/578/853
f 795/578/853 783/594/855 669/598/854
f 668/599/856 669/598/854 783/594/855
f 783/594/855 797/593/857 668/599/856
f 659/606/858 668/599/856 797/593/857
f 797/593/857 801/592/859 659/606/858
f 658/605/860 659/606/858 801/592/859
f 801/592/859 799/587/861 658/605/860
f 661/604/862 658/605/860 799/587/861
f 799/587/861 789/585/863 661/604/862
f 660/603/864 661/604/862 789/585/863
f 789/585/863 769/583/865 660/603/864
f 662/602/866 660/603/864 769/583/865
f 769/583/865 768/581/867 662/602/866
f 664/601/868 662/602/866 768/581/867
f 768/581/867 780/579/869 664/601/868
f 663/600/870 664/601/868 780/579/869
f 780/579/869 779/570/871 663/600/870
f 665/595/849 663/600/870 779/570/871
f 779/570/871 790/571/850 665/595/849
f 802/608/872 808/607/720 563/307/721
f 563/307/721 567/305/873 802/608/872
f 804/609/874 802/608/872 567/305/873
f 567/305/873 565/303/875 804/609/874
f 803/610/733 804/609/874 565/303/875
f 565/303/875 561/302/734 803/610/733
f 807/611/735 803/610/733 561/302/734
f 561/302/734 558/298/736 807/611/735
f 810/616/737 807/611/735 558/298/736
f 558/298/736 560/299/738 810/616/737
f 805/615/876 810/616/737 560/299/738
f 560/299/738 559/300/877 805/615/876
f 806/614/878 805/615/876 559/300/877
f 559/300/877 562/301/726 806/614/878
f 809/613/879 806/614/878 562/301/726
f 562/301/726 564/304/880 809/613/879
f 814/612/881 809/613/879 564/304/880
f 564/304/880 568/306/882 814/612/881
f 808/607/720 814/612/881 568/306/882
f 568/306/882 563/307/721 808/607/720
f 815/705/883 616/706/884 615/707/885
f 615/707/885 811/708/886 815/705/883
f 811/708/886 615/707/885 645/709/887
f 645/709/887 812/710/888 811/708/886
f 812/710/888 645/709/887 643/711/889
f 643/711/889 817/712/890 812/710/888
f 817/712/890 643/711/889 640/713/891
f 616/706/884 815/705/883 813/714/892
f 813/714/892 815/705/883 818/715/19
f 815/705/883 811/708/886 818/715/19
f 811/708/886 812/710/888 818/715/19
f 812/710/888 817/712/890 818/715/19
f 817/712/890 826/716/893 818/715/19
f 640/713/891 826/716/893 817/712/890
f 826/716/893 640/713/891 637/717/894
f 637/717/894 825/718/895 826/716/893
f 825/718/895 637/717/894 631/719/896
f 813/714/892 617/720/897 616/706/884
f 617/720/897 813/714/892 816/721/898
f 816/721/898 813/714/892 818/715/19
f 823/722/899 816/721/898 818/715/19
f 824/723/900 823/722/899 818/715/19
f 825/718/895 824/723/900 818/715/19
f 826/716/893 825/718/895 818/715/19
f 816/721/898 619/724/901 617/720/897
f 619/724/901 816/721/898 823/722/899
f 823/722/899 629/725/902 619/724/901
f 629/725/902 823/722/899 824/723/900
f 824/723/900 631/719/896 629/725/902
f 631/719/896 824/723/900 825/718/895
f 451/620/903 453/619/904 819/617/905
f 819/617/905 821/621/906 451/620/903
f 821/621/906 819/617/905 820/626/907
f 447/618/908 820/626/907 819/617/905
f 453/619/904 447/618/908 819/617/905
f 424/622/909 451/620/903 821/621/906
f 424/622/909 821/621/906 829/623/910
f 830/628/911 829/623/910 821/621/906
f 821/621/906 822/627/912 830/628/911
f 820/626/907 822/627/912 821/621/906
f 822/627/912 820/626/907 445/632/913
f 447/618/908 445/632/913 820/626/907
f 422/624/914 424/622/909 829/623/910
f 420/625/915 422/624/914 829/623/910
f 829/623/910 831/630/916 420/625/915
f 832/629/917 831/630/916 829/623/910
f 829/623/910 830/628/911 832/629/917
f 832/629/917 830/628/911 441/635/918
f 440/634/919 441/635/918 830/628/911
f 440/634/919 830/628/911 822/627/912
f 449/633/920 440/634/919 822/627/912
f 445/632/913 449/633/920 822/627/912
f 421/631/921 420/625/915 831/630/916
f 421/631/921 831/630/916 834/639/922
f 827/638/923 834/639/922 831/630/916
f 831/630/916 832/629/917 827/638/923
f 434/637/924 827/638/923 832/629/917
f 443/636/925 434/637/924 832/629/917
f 441/635/918 443/636/925 832/629/917
f 431/640/926 421/631/921 834/639/922
f 428/641/927 431/640/926 834/639/922
f 834/639/922 833/642/928 428/641/927
f 828/645/929 833/642/928 834/639/922
f 834/639/922 827/638/923 828/645/929
f 828/645/929 827/638/923 435/644/930
f 434/637/924 435/644/930 827/638/923
f 427/643/931 428/641/927 833/642/928
f 427/643/931 833/642/928 828/645/929
f 437/646/932 427/643/931 828/645/929
f 435/644/930 437/646/932 828/645/929
f 555/648/933 557/662/934 835/655/935
f 835/655/935 843/647/936 555/648/933
f 843/647/936 835/655/935 842/656/937
f 549/663/938 842/656/937 835/655/935
f 557/662/934 549/663/938 835/655/935
f 529/649/939 555/648/933 843/647/936
f 529/649/939 843/647/936 841/650/940
f 842/656/937 841/650/940 843/647/936
f 841/650/940 842/656/937 840/657/941
f 840/657/941 842/656/937 551/664/942
f 549/663/938 551/664/942 842/656/937
f 528/651/943 529/649/939 841/650/940
f 525/652/944 528/651/943 841/650/940
f 841/650/940 836/653/945 525/652/944
f 840/657/941 836/653/945 841/650/940
f 836/653/945 840/657/941 837/658/946
f 543/666/947 837/658/946 840/657/941
f 553/665/948 543/666/947 840/657/941
f 551/664/942 553/665/948 840/657/941
f 523/654/949 525/652/944 836/653/945
f 523/654/949 836/653/945 846/659/950
f 837/658/946 846/659/950 836/653/945
f 846/659/950 837/658/946 844/668/951
f 844/668/951 837/658/946 545/667/952
f 543/666/947 545/667/952 837/658/946
f 535/660/953 523/654/949 846/659/950
f 533/661/954 535/660/953 846/659/950
f 846/659/950 838/669/955 533/661/954
f 844/668/951 838/669/955 846/659/950
f 838/669/955 844/668/951 839/676/956
f 537/675/957 839/676/956 844/668/951
f 547/674/958 537/675/957 844/668/951
f 545/667/952 547/674/958 844/668/951
f 531/670/959 533/661/954 838/669/955
f 531/670/959 838/669/955 845/671/960
f 839/676/956 845/671/960 838/669/955
f 845/671/960 839/676/956 539/673/961
f 537/675/957 539/673/961 839/676/956
f 541/672/962 531/670/959 845/671/960
f 539/673/961 541/672/962 845/671/960
