# Blender 4.5.3 LTS
# www.blender.org
mtllib GP7JustStraps.mtl
o light_gp7b.ogf_04
v -0.094723 0.075114 -0.005716
v -0.093744 0.074449 -0.009089
v -0.094831 0.073927 -0.007273
v 0.088880 0.078934 -0.026876
v 0.091924 0.056930 -0.029290
v 0.091706 0.059130 -0.028738
v -0.079504 -0.011000 0.016922
v -0.080917 -0.012304 0.005197
v -0.081352 -0.013199 -0.003470
v -0.073525 -0.026478 0.019163
v -0.069068 -0.024715 0.028781
v -0.062981 -0.022969 0.039338
v 0.074422 -0.009151 0.026646
v 0.064747 -0.005128 0.047448
v 0.078553 -0.011022 0.017107
v 0.096815 0.065679 -0.011575
v 0.095620 0.074842 -0.008289
v 0.094967 0.074748 -0.009899
v 0.093119 0.075682 -0.006305
v 0.093228 0.074384 -0.007781
v 0.092141 0.074787 -0.009424
v 0.080944 -0.032371 -0.034968
v 0.084097 -0.033217 -0.036106
v 0.084423 -0.032857 -0.035028
v -0.082983 -0.032714 -0.035386
v -0.082765 -0.033170 -0.036477
v -0.079395 -0.032159 -0.035883
v 0.010286 0.169070 0.000627
v 0.009743 0.169142 0.002421
v 0.010286 0.166896 0.002240
v -0.008846 0.169142 0.002421
v -0.009389 0.169070 0.000627
v -0.009389 0.166896 0.002240
v 0.000503 0.167461 -0.003896
v -0.009281 0.167679 -0.004058
v -0.009824 0.168920 -0.003717
v 0.105946 0.062954 0.020625
v 0.104533 0.057585 0.018557
v 0.106055 0.065201 0.020807
v -0.087331 -0.015707 -0.041200
v -0.084505 -0.014962 -0.042425
v -0.083744 -0.014701 -0.039761
v 0.084423 -0.033407 -0.040925
v 0.081597 -0.032759 -0.042162
v 0.080836 -0.032413 -0.039392
v -0.009281 0.170093 -0.004420
v -0.096462 0.075433 -0.014611
v -0.093527 0.075851 -0.015594
v -0.093962 0.075437 -0.013857
v 0.095620 0.057645 -0.018389
v 0.092793 0.057966 -0.019384
v 0.093011 0.057649 -0.017637
v -0.107876 0.067586 0.019877
v -0.110376 0.060135 0.018682
v -0.110811 0.064681 0.019427
v 0.079966 -0.032967 -0.040495
v -0.081896 -0.014282 -0.040744
v 0.000503 0.168908 -0.003625
v 0.010177 0.167679 -0.004058
v 0.010177 0.166557 -0.002973
v 0.083118 -0.014317 -0.040466
v 0.085619 -0.015093 -0.042160
v 0.084966 -0.014736 -0.039483
v -0.009281 0.167607 -0.005853
v -0.077765 -0.031949 -0.040746
v -0.080265 -0.032724 -0.042440
v -0.080591 -0.032749 -0.040656
v -0.083091 -0.033372 -0.041203
v 0.088445 -0.015838 -0.040935
v 0.092141 0.075569 -0.014124
v 0.091706 0.075982 -0.015859
v 0.094750 0.075564 -0.014876
v 0.010177 0.170093 -0.004420
v 0.010177 0.167607 -0.005853
v -0.095266 0.057627 -0.017450
v -0.095049 0.057857 -0.019303
v -0.097875 0.057621 -0.018204
v -0.091679 -0.019765 -0.008599
v -0.091896 -0.027749 -0.007886
v -0.093310 -0.023562 -0.008219
v -0.089940 -0.027173 -0.006968
v 0.093880 0.067896 0.042763
v 0.085184 0.066041 0.061625
v 0.095511 0.069940 0.028722
v -0.095158 0.064965 -0.007430
v -0.094614 0.065425 -0.009537
v -0.095375 0.056579 -0.010621
v -0.096136 0.054793 -0.008959
v -0.095592 0.056740 -0.011918
v -0.094397 0.076299 -0.006512
v -0.092657 0.077597 -0.012182
v -0.092984 0.075040 -0.011462
v -0.092223 0.075425 -0.013765
v -0.093853 0.066143 -0.012928
v -0.093310 0.066518 -0.015139
v -0.094288 0.057562 -0.016142
v -0.095375 0.056982 -0.013863
v -0.095158 0.054857 -0.015816
v -0.090809 0.078460 -0.017531
v -0.091244 0.075892 -0.016717
v -0.090375 0.076277 -0.019020
v -0.092440 0.066898 -0.018195
v -0.091679 0.067465 -0.020382
v -0.093310 0.058266 -0.021792
v -0.093962 0.055708 -0.021071
v -0.088853 0.076871 -0.022991
v -0.087766 0.079566 -0.024823
v -0.088527 0.076014 -0.024036
v -0.087440 0.078721 -0.025961
v -0.090701 0.057901 -0.029171
v -0.091353 0.059934 -0.026477
v -0.091136 0.056716 -0.028376
v -0.091896 0.058762 -0.025775
v -0.039283 -0.014652 0.066874
v -0.032652 -0.012557 0.069858
v -0.032217 -0.011645 0.068088
v -0.044501 -0.016122 0.061240
v -0.044936 -0.016987 0.062638
v -0.050262 -0.019428 0.056885
v -0.056024 -0.021784 0.049639
v -0.064068 -0.023547 0.040020
v 0.070291 -0.007824 0.038185
v 0.065943 -0.005827 0.048303
v 0.055399 0.000600 0.061690
v 0.061160 -0.003238 0.056049
v 0.056160 -0.000157 0.063009
v 0.045289 0.006383 0.071520
v 0.051051 0.002771 0.068821
v 0.045833 0.005375 0.073278
v 0.028005 -0.010681 0.070651
v 0.036375 -0.012131 0.068029
v 0.035832 -0.011220 0.066259
v 0.018983 -0.009660 0.072751
v 0.018656 -0.008651 0.070994
v 0.000394 -0.007646 0.072434
v 0.000394 -0.008763 0.074271
v -0.017542 -0.009838 0.073388
v -0.017325 -0.008818 0.071538
v -0.025369 -0.010940 0.071935
v -0.041349 0.006016 0.072885
v -0.041892 0.005116 0.074562
v -0.046567 0.002444 0.070661
v -0.050915 0.000283 0.063439
v -0.051567 -0.000570 0.064744
v -0.057002 -0.003485 0.057241
v -0.069612 -0.007246 0.037504
v -0.063307 -0.005970 0.048662
v -0.071025 -0.007824 0.038185
v -0.075373 -0.009042 0.026565
v 0.000503 0.167444 -0.008506
v -0.008628 0.163802 -0.010174
v -0.009824 0.168737 -0.009382
v 0.000503 0.163185 -0.009968
v 0.009634 0.163704 -0.010187
v 0.010830 0.168639 -0.009394
v 0.006590 0.170421 -0.000713
v 0.000503 0.171007 0.001710
v -0.005693 0.170421 -0.000713
v 0.088989 -0.016673 -0.035019
v 0.086706 -0.024760 -0.035070
v 0.083771 -0.034957 -0.034815
v 0.083662 -0.036188 -0.033649
v 0.084205 -0.035308 -0.032790
v 0.087141 -0.024853 -0.032731
v 0.089532 -0.015525 -0.033938
v 0.088228 -0.015636 -0.036209
v 0.089532 -0.014523 -0.034850
v 0.088554 -0.014313 -0.039713
v 0.090076 -0.014388 -0.032764
v 0.090184 -0.013289 -0.033664
v 0.087249 -0.014118 -0.045237
v 0.089423 -0.015967 -0.038318
v 0.085727 -0.013917 -0.051606
v 0.085727 -0.015148 -0.050440
v 0.086706 -0.015255 -0.046411
v 0.087249 -0.015349 -0.044072
v 0.085836 -0.012675 -0.052864
v 0.085293 -0.014882 -0.052571
v 0.085184 -0.016114 -0.051405
v 0.085293 -0.013652 -0.053736
v 0.080183 -0.033435 -0.052588
v 0.080836 -0.032201 -0.051402
v 0.080727 -0.033203 -0.050491
v 0.080183 -0.034437 -0.051676
v 0.081597 -0.034648 -0.045215
v 0.081705 -0.033418 -0.046380
v 0.079640 -0.034572 -0.053762
v 0.079531 -0.035574 -0.052851
v 0.082792 -0.034832 -0.039783
v 0.082901 -0.033601 -0.040949
v 0.082249 -0.033512 -0.044041
v 0.084205 -0.024336 -0.046395
v 0.084749 -0.024430 -0.044056
v 0.083118 -0.033100 -0.038631
v 0.085401 -0.024531 -0.040871
v 0.085945 -0.024625 -0.038532
v 0.081270 -0.034674 -0.032335
v 0.080836 -0.035541 -0.033288
v 0.079531 -0.035387 -0.039287
v 0.080510 -0.033061 -0.038155
v 0.083010 -0.023978 -0.038171
v 0.082575 -0.023885 -0.040511
v 0.086271 -0.015207 -0.037284
v 0.085945 -0.012488 -0.039302
v 0.086053 -0.015026 -0.035570
v 0.078335 -0.035193 -0.044811
v 0.079314 -0.032877 -0.043587
v 0.078770 -0.032784 -0.045927
v 0.081814 -0.023796 -0.043602
v 0.081270 -0.023702 -0.045942
v 0.083771 -0.014621 -0.045957
v 0.084314 -0.014715 -0.043618
v 0.084749 -0.012294 -0.044825
v 0.077901 -0.032568 -0.050037
v 0.076705 -0.034939 -0.052396
v 0.077901 -0.031566 -0.050948
v 0.076705 -0.033938 -0.053308
v 0.082466 -0.013007 -0.053375
v 0.082358 -0.015468 -0.051044
v 0.082901 -0.012040 -0.052411
v 0.082792 -0.014502 -0.050080
v 0.087249 -0.012654 -0.033210
v 0.087141 -0.013656 -0.032298
v 0.086053 -0.016027 -0.034658
v 0.084205 -0.024219 -0.032277
v 0.083771 -0.024125 -0.034616
v 0.095728 0.056236 -0.016587
v 0.095511 0.056901 -0.013214
v 0.096598 0.057202 -0.015622
v 0.094315 0.057076 -0.021749
v 0.095946 0.055070 -0.016730
v 0.096924 0.055648 -0.011864
v 0.097033 0.056505 -0.010819
v 0.096598 0.057810 -0.011787
v 0.094098 0.066827 -0.016041
v 0.094859 0.066355 -0.013842
v 0.093663 0.075252 -0.012375
v 0.093337 0.075638 -0.014680
v 0.093663 0.076666 -0.013425
v 0.091815 0.077421 -0.018692
v 0.092250 0.076116 -0.017724
v 0.091489 0.076490 -0.019934
v 0.092467 0.067582 -0.021308
v 0.093228 0.067110 -0.019109
v 0.094532 0.058105 -0.020495
v 0.095293 0.076016 -0.008991
v 0.093663 0.077833 -0.013282
v 0.089641 0.078376 -0.024781
v 0.090076 0.077083 -0.023905
v 0.095728 0.076946 -0.007749
v 0.096489 0.065602 -0.008575
v 0.089858 0.076226 -0.024951
v 0.089423 0.077531 -0.025919
v 0.091924 0.060146 -0.027391
v 0.092467 0.058962 -0.026596
v 0.092141 0.057945 -0.027943
v 0.093772 0.058380 -0.022718
v 0.089206 0.079778 -0.025738
v 0.097359 0.055114 -0.009954
v 0.093663 0.056764 -0.012103
v 0.093663 0.056711 -0.010887
v 0.094532 0.054925 -0.009226
v 0.093663 0.065412 -0.007846
v 0.093011 0.065763 -0.009872
v 0.093119 0.054880 -0.016001
v 0.093119 0.057161 -0.014499
v 0.092032 0.057585 -0.016328
v 0.092032 0.066263 -0.013101
v 0.091271 0.066540 -0.015324
v 0.090510 0.075546 -0.013939
v 0.091271 0.075184 -0.011820
v 0.090836 0.077729 -0.012449
v 0.091706 0.055731 -0.021257
v 0.091054 0.058289 -0.021977
v 0.090402 0.067018 -0.018368
v 0.089641 0.067489 -0.020567
v 0.088662 0.076301 -0.019206
v 0.089423 0.075926 -0.016995
v 0.088989 0.078484 -0.017716
v 0.089641 0.058870 -0.025855
v 0.089097 0.056728 -0.028469
v 0.089206 0.059958 -0.026662
v 0.088771 0.057913 -0.029264
v 0.087032 0.076036 -0.024221
v 0.086053 0.078732 -0.026054
v 0.086380 0.079588 -0.025008
v 0.087249 0.076894 -0.023176
v 0.092793 0.076855 -0.007008
v -0.087005 -0.015602 -0.036486
v -0.088200 -0.015932 -0.038596
v -0.087331 -0.014278 -0.039991
v -0.086135 -0.014095 -0.045422
v -0.088961 -0.013242 -0.034034
v -0.088418 -0.014379 -0.035208
v -0.088309 -0.015393 -0.034204
v -0.087657 -0.016627 -0.035390
v -0.084178 -0.024496 -0.041149
v -0.084613 -0.024579 -0.038903
v -0.081787 -0.033065 -0.038908
v -0.081461 -0.034797 -0.040061
v -0.080374 -0.034615 -0.045492
v -0.080917 -0.033380 -0.044307
v -0.080482 -0.033384 -0.046658
v -0.082983 -0.024314 -0.046581
v -0.083526 -0.024396 -0.044334
v -0.086026 -0.015314 -0.044349
v -0.082439 -0.034911 -0.035185
v -0.082330 -0.036142 -0.034020
v -0.078961 -0.034328 -0.051757
v -0.079613 -0.033180 -0.050676
v -0.082874 -0.033945 -0.034221
v -0.082765 -0.035176 -0.033055
v -0.085809 -0.024710 -0.033089
v -0.088853 -0.014245 -0.033123
v -0.085374 -0.024714 -0.035440
v -0.078417 -0.035465 -0.052931
v -0.079069 -0.033315 -0.052761
v -0.079613 -0.032178 -0.051588
v -0.084178 -0.016091 -0.051590
v -0.084178 -0.014860 -0.052756
v -0.084722 -0.013895 -0.051792
v -0.084613 -0.015124 -0.050626
v -0.078417 -0.034452 -0.053935
v -0.084287 -0.013629 -0.053921
v -0.084722 -0.012664 -0.052957
v -0.085592 -0.015233 -0.046596
v -0.079830 -0.034541 -0.032602
v -0.082874 -0.024075 -0.032635
v -0.082439 -0.024079 -0.034987
v -0.084831 -0.015896 -0.034924
v -0.085918 -0.013610 -0.032669
v -0.084939 -0.014894 -0.035835
v -0.086026 -0.012608 -0.033581
v -0.084831 -0.012454 -0.039579
v -0.085048 -0.015075 -0.037550
v -0.081787 -0.023945 -0.038449
v -0.081243 -0.023862 -0.040696
v -0.079178 -0.032929 -0.038422
v -0.078308 -0.035352 -0.039565
v -0.083635 -0.012271 -0.045011
v -0.083200 -0.014680 -0.043896
v -0.082657 -0.014598 -0.046142
v -0.080591 -0.023761 -0.043880
v -0.080156 -0.023680 -0.046127
v -0.077547 -0.032750 -0.046204
v -0.078091 -0.032746 -0.043853
v -0.077113 -0.035073 -0.044984
v -0.081787 -0.014490 -0.050172
v -0.081896 -0.012030 -0.052503
v -0.081243 -0.015456 -0.051137
v -0.081461 -0.012995 -0.053468
v -0.076786 -0.031543 -0.051133
v -0.075591 -0.033817 -0.053481
v -0.075482 -0.034830 -0.052476
v -0.076678 -0.032545 -0.050222
v -0.079395 -0.035507 -0.033565
v -0.097549 0.065615 -0.010266
v -0.096571 0.074312 -0.009576
v -0.097223 0.074384 -0.007780
v -0.098419 0.057677 -0.011521
v -0.098745 0.056385 -0.010645
v -0.097440 0.056781 -0.013041
v -0.098636 0.055528 -0.011691
v -0.097875 0.056201 -0.016309
v -0.098854 0.054125 -0.010734
v -0.096679 0.055800 -0.021812
v -0.096571 0.057064 -0.021657
v -0.098093 0.065143 -0.008067
v -0.098962 0.054983 -0.009688
v -0.097549 0.075206 -0.006457
v -0.097006 0.075558 -0.008483
v -0.097332 0.076392 -0.007252
v -0.095484 0.077690 -0.012923
v -0.095484 0.076535 -0.013159
v -0.093636 0.077386 -0.018414
v -0.091136 0.078353 -0.024596
v -0.090592 0.079658 -0.025564
v -0.095810 0.075132 -0.012202
v -0.095158 0.075604 -0.014402
v -0.094071 0.076081 -0.017446
v -0.093201 0.076369 -0.019761
v -0.091679 0.076962 -0.023732
v -0.096136 0.066804 -0.015856
v -0.096679 0.066224 -0.013577
v -0.098636 0.057178 -0.015437
v -0.094505 0.067558 -0.021123
v -0.095266 0.067087 -0.018924
v -0.096788 0.058081 -0.020310
v -0.096027 0.058358 -0.022533
v -0.094614 0.058951 -0.026503
v -0.094288 0.057923 -0.027757
v -0.093744 0.059011 -0.028565
v -0.094071 0.060124 -0.027206
v -0.090809 0.077507 -0.025734
v -0.090266 0.078910 -0.026690
v -0.093418 0.057993 -0.029912
v -0.093853 0.056906 -0.029105
v 0.011156 0.169187 0.003650
v 0.013547 0.169164 0.003835
v 0.000503 0.169243 0.004785
v 0.012243 0.169120 0.002607
v 0.012134 0.168868 -0.002502
v 0.012134 0.168684 -0.008165
v 0.012134 0.168530 -0.014860
v 0.013439 0.168389 -0.016100
v -0.010150 0.169198 0.003557
v 0.000503 0.169142 0.002421
v -0.011237 0.169120 0.002607
v -0.011237 0.168964 -0.002489
v -0.009389 0.168724 -0.002143
v -0.011564 0.169243 0.004785
v -0.012651 0.169164 0.003835
v -0.011129 0.168782 -0.008154
v 0.000503 0.169009 -0.001262
v 0.010830 0.169009 -0.001262
v -0.011129 0.168530 -0.014860
v -0.009824 0.168576 -0.013633
v -0.009824 0.168826 -0.006926
v -0.012433 0.168486 -0.016089
v -0.010042 0.168548 -0.015799
v -0.008737 0.168605 -0.014664
v 0.009743 0.168605 -0.014664
v 0.011047 0.168548 -0.015799
v 0.010830 0.168576 -0.013633
v -0.011346 0.168504 -0.017026
v 0.012352 0.168407 -0.017039
v 0.010830 0.168729 -0.006938
v 0.000503 0.168834 -0.009369
v 0.000503 0.168826 -0.006926
v 0.012460 0.166647 0.005031
v 0.000503 0.166647 0.005031
v 0.000503 0.166558 0.002575
v -0.011564 0.166647 0.005031
v 0.013547 0.166579 0.003988
v 0.013439 0.166271 -0.002255
v 0.010830 0.166412 -0.001016
v 0.000503 0.166509 -0.001004
v -0.009281 0.166557 -0.002973
v -0.009824 0.166412 -0.001016
v -0.012433 0.166368 -0.002244
v 0.013330 0.165990 -0.007931
v 0.010721 0.166131 -0.006692
v 0.010721 0.166043 -0.009148
v 0.000503 0.166326 -0.006668
v 0.000503 0.166237 -0.009124
v -0.009824 0.166140 -0.009135
v -0.009824 0.166229 -0.006680
v -0.012433 0.166087 -0.007920
v 0.010721 0.165979 -0.013387
v 0.013330 0.165792 -0.015855
v 0.009634 0.166008 -0.014417
v 0.012243 0.165810 -0.016792
v 0.000503 0.166005 -0.016769
v -0.008737 0.166008 -0.014417
v -0.011346 0.165908 -0.016781
v -0.012433 0.165890 -0.015842
v -0.009824 0.165979 -0.013387
v -0.012651 0.166579 0.003988
v 0.009634 0.171892 -0.013321
v 0.009634 0.164018 -0.014286
v 0.009851 0.171852 -0.008247
v 0.008764 0.173164 -0.010061
v 0.008873 0.173144 -0.013073
v 0.006590 0.173092 -0.000762
v 0.000503 0.173702 0.001476
v -0.005585 0.173092 -0.000762
v -0.008955 0.171852 -0.008247
v -0.008737 0.171892 -0.013321
v -0.008628 0.164114 -0.014273
v -0.087331 -0.031367 -0.039076
v -0.090048 -0.025913 -0.036904
v -0.087440 -0.025072 -0.036518
v -0.084613 -0.030503 -0.038877
v -0.083961 -0.034242 -0.046105
v -0.082983 -0.034043 -0.050876
v -0.085157 -0.033623 -0.047909
v -0.086679 -0.025218 -0.045657
v -0.090701 -0.020026 -0.039003
v -0.089179 -0.016588 -0.046010
v -0.075373 -0.031495 -0.047554
v -0.074830 -0.031618 -0.051331
v -0.084505 -0.033677 -0.050643
v -0.089831 -0.017924 -0.047960
v -0.088200 -0.016766 -0.050921
v -0.088092 -0.019174 -0.038710
v -0.089288 -0.017871 -0.050774
v -0.085265 -0.025109 -0.051285
v -0.080156 -0.014450 -0.051296
v -0.080591 -0.014339 -0.047427
v -0.005585 0.170440 0.031636
v 0.000503 0.171010 0.033398
v -0.007976 0.169722 0.029478
v 0.010069 0.168303 0.024228
v -0.009172 0.168303 0.024228
v -0.009281 0.166464 0.016010
v 0.010286 0.166453 0.016103
v -0.009281 0.164860 0.006692
v 0.008873 0.169722 0.029478
v 0.006481 0.170440 0.031636
v 0.010286 0.164860 0.006692
v 0.010177 0.165260 0.001100
v -0.009281 0.165129 0.001365
v -0.009281 0.167458 -0.000700
v 0.010286 0.167458 -0.000700
v 0.105403 0.068364 0.019972
v 0.103881 0.070562 0.018173
v 0.100403 0.071888 0.013069
v 0.099859 0.055094 0.010824
v 0.095620 0.055479 0.002972
v 0.095946 0.072748 0.005371
v 0.092250 0.073774 -0.002872
v 0.092141 0.056259 -0.005676
v 0.090945 0.074625 -0.008127
v 0.103011 0.055712 0.016165
v 0.091163 0.057010 -0.011697
v 0.092793 0.075045 -0.010708
v 0.094424 0.057224 -0.015808
v 0.087249 -0.015422 -0.038721
v 0.082140 -0.032775 -0.037275
v 0.084749 -0.014734 -0.035534
v 0.081270 -0.032291 -0.030069
v 0.085401 -0.015014 -0.030114
v 0.083336 -0.032493 -0.022102
v 0.087575 -0.015691 -0.022299
v 0.090510 -0.016396 -0.015051
v 0.085836 -0.032529 -0.014677
v 0.091489 -0.027265 -0.006227
v 0.088228 -0.031876 -0.009613
v 0.092684 -0.017710 -0.010040
v 0.093119 -0.019942 -0.007963
v 0.092902 -0.022981 -0.006549
v 0.091054 0.067011 0.052246
v 0.087141 0.065766 0.062248
v 0.073118 0.065313 0.074605
v 0.081705 0.065146 0.069601
v 0.074531 0.065055 0.075890
v 0.043550 -0.014192 0.064767
v 0.049420 -0.016539 0.060624
v 0.054529 -0.019027 0.055242
v 0.059203 -0.021594 0.048909
v 0.063878 -0.023512 0.039742
v 0.068443 -0.024715 0.028781
v 0.072900 -0.026587 0.019243
v 0.076705 -0.027975 0.007413
v 0.082140 -0.012470 0.005740
v 0.079640 -0.029603 -0.001719
v 0.084749 -0.013862 -0.002892
v 0.086053 -0.014730 -0.010992
v 0.081162 -0.030887 -0.010433
v 0.081705 -0.031758 -0.019284
v 0.086162 -0.015042 -0.019587
v 0.081379 -0.032086 -0.028539
v 0.085510 -0.015004 -0.028608
v -0.077113 -0.031627 -0.036194
v -0.081352 -0.014167 -0.036122
v -0.086679 -0.031796 -0.010262
v -0.084287 -0.032459 -0.015233
v -0.089179 -0.016230 -0.015595
v -0.081896 -0.032338 -0.022552
v -0.086353 -0.015536 -0.022750
v -0.084178 -0.014979 -0.030392
v -0.079939 -0.032147 -0.030428
v -0.083635 -0.014699 -0.035812
v -0.091353 -0.017532 -0.010677
v -0.080809 -0.032741 -0.037552
v -0.086026 -0.015388 -0.038998
v -0.108528 0.062394 0.020368
v -0.108202 0.060180 0.019910
v -0.107006 0.057231 0.018232
v -0.105267 0.055346 0.015932
v -0.101789 0.054814 0.010695
v -0.102658 0.071162 0.013357
v -0.096897 0.055371 0.003053
v -0.097549 0.071975 0.006029
v -0.093636 0.073002 -0.002215
v -0.093527 0.056031 -0.005423
v -0.092331 0.074345 -0.008256
v -0.093092 0.056733 -0.011072
v -0.106354 0.069870 0.018182
v -0.094505 0.074707 -0.010374
v -0.096571 0.057202 -0.015622
v -0.086026 -0.015335 -0.034667
v -0.086461 -0.015465 -0.030451
v -0.088527 -0.016073 -0.023192
v -0.091136 -0.016927 -0.016338
v -0.093201 -0.018315 -0.011525
v 0.095837 0.075035 -0.012215
v 0.094532 0.073712 -0.003162
v 0.098120 0.072839 0.004630
v 0.102468 0.071941 0.011854
v 0.105838 0.070615 0.016957
v 0.107360 0.068502 0.018861
v 0.108121 0.065253 0.019591
v 0.043006 -0.013293 0.063091
v 0.053768 -0.018294 0.054109
v 0.062573 -0.022922 0.038968
v 0.074857 -0.027455 0.007195
v 0.079422 -0.031151 -0.019398
v 0.078444 -0.031770 -0.035834
v -0.092984 0.075287 -0.012653
v -0.089940 0.074648 -0.008312
v 0.087141 -0.015381 -0.034297
v 0.087684 -0.015609 -0.030093
v 0.089858 -0.016228 -0.022741
v 0.092467 -0.017007 -0.015690
v 0.094532 -0.018493 -0.010889
v 0.094859 -0.023654 -0.007478
v 0.093554 -0.027927 -0.007249
v 0.091815 -0.030739 -0.008440
v 0.090184 -0.032562 -0.010450
v 0.087901 -0.033226 -0.015421
v 0.085510 -0.033030 -0.022544
v 0.083553 -0.032788 -0.030036
v 0.083118 -0.032852 -0.034275
v 0.085293 -0.033644 -0.038227
v 0.082466 -0.014202 -0.035844
v 0.040941 0.007447 0.076446
v 0.032788 0.012335 0.079207
v 0.036593 0.009201 0.079011
v 0.033440 0.011229 0.080953
v 0.030614 0.015078 0.080954
v 0.031266 0.013864 0.082780
v 0.029962 0.017299 0.084517
v 0.029636 0.026157 0.085509
v 0.029636 0.021255 0.086036
v 0.030179 0.025137 0.087358
v 0.031375 0.030119 0.086183
v 0.032027 0.029186 0.088137
v 0.035180 0.033606 0.088303
v 0.038658 0.038315 0.086152
v 0.039419 0.037587 0.088038
v 0.044528 0.040676 0.087006
v 0.056051 0.045399 0.081567
v 0.050290 0.042936 0.085496
v 0.056921 0.044888 0.083291
v 0.064095 0.046356 0.079427
v 0.070074 0.047735 0.073109
v 0.071378 0.047391 0.074289
v 0.010177 0.165031 -0.004194
v -0.009281 0.165031 -0.004194
v -0.009281 0.163340 0.000676
v 0.010286 0.163242 0.000664
v -0.083526 -0.013707 -0.003344
v -0.084722 -0.014671 -0.011455
v -0.084831 -0.014983 -0.020049
v -0.084287 -0.014958 -0.028979
v -0.096245 0.076786 -0.024694
v -0.087766 0.077335 -0.024344
v -0.088309 0.076668 -0.020571
v -0.097332 0.076090 -0.019890
v -0.098093 0.075371 -0.022046
v -0.097549 0.075997 -0.024696
v -0.099723 0.059195 -0.024499
v -0.099180 0.059540 -0.027278
v -0.096245 0.068141 -0.026599
v -0.097114 0.071644 -0.012724
v -0.100049 0.071485 -0.013026
v -0.098636 0.065341 -0.011240
v -0.101354 0.065204 -0.011727
v -0.100919 0.059865 -0.014825
v -0.098093 0.060026 -0.014524
v -0.098962 0.057883 -0.022685
v -0.097875 0.058871 -0.027453
v -0.097658 0.067158 -0.021078
v -0.090157 0.058874 -0.023504
v -0.089505 0.059444 -0.027289
v -0.087657 0.068678 -0.026158
v 0.098446 0.071725 -0.013373
v 0.099750 0.065542 -0.012061
v 0.095511 0.071873 -0.012978
v 0.095620 0.076210 -0.020063
v 0.094859 0.076810 -0.024879
v 0.096707 0.075491 -0.022219
v 0.095728 0.067181 -0.021263
v 0.098989 0.059900 -0.015103
v 0.096815 0.057907 -0.022870
v 0.086597 0.076702 -0.020849
v 0.086380 0.077358 -0.024529
v 0.096272 0.076032 -0.024974
v 0.097685 0.059217 -0.024684
v 0.095946 0.058895 -0.027638
v 0.096054 0.060049 -0.014709
v 0.097250 0.059564 -0.027463
v 0.087793 0.058885 -0.023596
v 0.087467 0.059455 -0.027381
v -0.097549 0.074795 -0.011868
v -0.095919 0.072939 -0.002505
v -0.099832 0.071970 0.005275
v -0.104724 0.070899 0.012290
v -0.108311 0.069813 0.017047
v -0.109941 0.067724 0.018765
v -0.009281 0.170524 -0.001547
v 0.010286 0.170524 -0.001547
v 0.010286 0.166816 0.006838
v -0.009389 0.166816 0.006838
v 0.010286 0.168466 0.015785
v -0.009389 0.168466 0.015785
v 0.010177 0.170230 0.023805
v 0.000503 0.172899 0.032501
v -0.009172 0.170230 0.023805
v -0.007976 0.171553 0.029045
v -0.005585 0.172379 0.031121
v 0.008982 0.171553 0.029045
v 0.006481 0.172379 0.031121
v -0.073417 -0.027300 0.006744
v -0.075265 -0.027820 0.006962
v -0.078200 -0.029544 -0.002182
v -0.079721 -0.030828 -0.010896
v -0.080265 -0.031603 -0.019735
v -0.077982 -0.031106 -0.019768
v -0.079939 -0.032040 -0.028910
v 0.018113 0.010036 0.084191
v -0.017651 0.027300 0.091385
v 0.000177 0.040270 0.097394
v 0.030505 0.050974 0.094662
v -0.030043 0.013840 0.082966
v -0.029174 0.017276 0.084703
v -0.028956 0.021112 0.086395
v -0.029500 0.025068 0.087914
v -0.031348 0.029093 0.088877
v -0.034392 0.033370 0.089402
v -0.038414 0.037230 0.089311
v -0.029826 0.050560 0.096398
v -0.031783 0.011183 0.081324
v -0.034283 0.009035 0.079556
v -0.037870 0.007235 0.077361
v -0.043197 0.040308 0.088372
v -0.040805 0.069652 0.093661
v -0.034609 0.072011 0.096112
v -0.029717 0.075190 0.097536
v 0.000177 0.054302 0.100430
v -0.048741 0.042689 0.086689
v -0.048088 0.067992 0.090354
v -0.056024 0.066520 0.086318
v -0.054937 0.044721 0.083835
v -0.064068 0.065587 0.081126
v -0.061785 0.046368 0.079336
v -0.072112 0.065267 0.074976
v -0.069068 0.047472 0.073640
v -0.025804 0.079347 0.098233
v 0.000177 0.079041 0.101487
v 0.026483 0.079381 0.097956
v 0.030397 0.075345 0.097085
v 0.035397 0.072092 0.095464
v 0.041919 0.069842 0.092931
v -0.022325 0.083853 0.098504
v -0.019282 0.088817 0.098265
v 0.000285 0.098540 0.097859
v 0.019961 0.088938 0.098092
v 0.023005 0.083888 0.098226
v -0.016781 0.094360 0.097346
v -0.014607 0.100057 0.095976
v -0.012651 0.106018 0.094074
v -0.011129 0.112352 0.091559
v 0.000394 0.118942 0.089358
v 0.011917 0.112363 0.091466
v 0.013330 0.106127 0.093994
v 0.015287 0.100177 0.095803
v 0.017461 0.094371 0.097254
v -0.010042 0.119046 0.088524
v 0.010830 0.119057 0.088432
v 0.049637 0.068072 0.089706
v 0.058116 0.066542 0.086133
v 0.066487 0.065444 0.081485
v -0.033739 0.010140 0.077810
v -0.029500 0.014946 0.081221
v -0.028304 0.022217 0.084650
v -0.030696 0.029918 0.087004
v -0.037761 0.037947 0.087518
v -0.054176 0.045222 0.082203
v -0.067873 0.047804 0.072553
v -0.094071 0.067868 0.042196
v -0.095158 0.070412 0.019377
v -0.088309 0.067487 0.050800
v -0.090483 0.067247 0.051147
v -0.085918 0.066156 0.060698
v -0.079721 0.065514 0.068235
v -0.070808 0.065503 0.073876
v -0.076243 0.048192 0.067053
v -0.082330 0.048847 0.059423
v -0.086896 0.049886 0.049489
v -0.090809 0.050712 0.040470
v -0.094179 0.052528 0.026682
v -0.096897 0.069476 0.028477
v -0.097658 0.070240 0.019167
v -0.095919 0.053327 0.017095
v -0.096245 0.071233 0.009604
v -0.095375 0.054571 0.007092
v -0.093853 0.072673 -0.000374
v -0.093527 0.055777 -0.003385
v -0.009389 0.126026 0.084773
v -0.009933 0.118029 0.087177
v -0.009172 0.133243 0.079921
v -0.009063 0.138059 0.073741
v -0.009172 0.139630 0.074592
v -0.009172 0.145459 0.067407
v -0.009172 0.148474 0.060631
v -0.009172 0.150264 0.061321
v -0.009281 0.154313 0.054953
v -0.009281 0.156687 0.043020
v -0.009281 0.158585 0.043628
v -0.009281 0.161229 0.035866
v -0.009281 0.161294 0.027411
v -0.009281 0.163312 0.027847
v -0.009281 0.164625 0.018887
v -0.009389 0.165179 0.008894
v -0.083961 -0.033501 -0.038586
v -0.081787 -0.032807 -0.034645
v -0.082222 -0.032742 -0.030406
v -0.083961 -0.032972 -0.023006
v -0.086352 -0.033060 -0.015965
v -0.088527 -0.032384 -0.011087
v -0.090266 -0.030561 -0.009076
v 0.107794 0.060684 0.019031
v 0.106599 0.057626 0.017434
v 0.105077 0.055742 0.015134
v 0.101924 0.055123 0.009793
v 0.097902 0.055474 0.002219
v 0.094532 0.056197 -0.005966
v -0.095919 0.055968 -0.005712
v -0.099288 0.055365 0.002300
v -0.103963 0.054843 0.009664
v -0.107441 0.055387 0.014808
v -0.109181 0.057272 0.017108
v 0.091271 0.075420 -0.012920
v 0.092250 0.055995 -0.003546
v 0.092467 0.073457 -0.001124
v 0.093989 0.054669 0.007104
v 0.094641 0.071984 0.009132
v 0.094315 0.053595 0.017316
v 0.095837 0.070847 0.019054
v 0.093119 0.052665 0.027169
v 0.090728 0.050620 0.041211
v 0.087684 0.049639 0.050681
v 0.083662 0.048479 0.060788
v 0.078227 0.047945 0.068245
v 0.010286 0.165179 0.008894
v 0.010286 0.164625 0.018887
v 0.010286 0.163312 0.027847
v 0.010286 0.161229 0.035866
v 0.010286 0.158585 0.043628
v 0.010177 0.154324 0.054860
v 0.010069 0.150264 0.061321
v 0.010069 0.145459 0.067407
v 0.009960 0.139642 0.074500
v 0.010069 0.133243 0.079921
v 0.010177 0.126135 0.084691
v 0.090184 0.057701 -0.017254
v 0.088880 0.057020 -0.011789
v 0.092032 0.053669 0.017513
v 0.080075 -0.011938 0.005429
v 0.083771 -0.014220 -0.011117
v 0.010721 0.118137 0.087097
v 0.013112 0.105448 0.092311
v 0.017026 0.094019 0.095330
v 0.025831 0.079429 0.095987
v 0.034636 0.072225 0.093600
v 0.057138 0.066751 0.084466
v 0.085619 0.049890 0.050242
v 0.076705 0.048267 0.067250
v 0.093228 0.070036 0.028733
v 0.088445 0.074877 -0.008567
v 0.089315 0.075717 -0.013729
v 0.010286 0.162596 0.018545
v 0.010286 0.156687 0.043020
v 0.010069 0.148474 0.060631
v 0.009960 0.138059 0.073741
v 0.010177 0.124890 0.083598
v -0.055154 0.066716 0.084744
v -0.040044 0.069883 0.091808
v -0.029065 0.075335 0.095579
v -0.018847 0.088562 0.096353
v -0.012433 0.105437 0.092404
v -0.080482 0.049122 0.058799
v -0.091788 0.052722 0.026705
v -0.090701 0.057010 -0.011697
v -0.092440 0.057677 -0.017068
v 0.081705 -0.014459 -0.047254
v 0.081162 -0.014472 -0.051111
v 0.089315 -0.016789 -0.050736
v 0.090402 -0.016611 -0.045824
v 0.089315 -0.019306 -0.038445
v 0.092032 -0.020073 -0.038633
v 0.088771 -0.025118 -0.036148
v 0.091380 -0.025959 -0.036533
v 0.088662 -0.031510 -0.038718
v 0.085945 -0.030647 -0.038518
v 0.091054 -0.017959 -0.047682
v 0.087901 -0.025253 -0.045379
v 0.085184 -0.034277 -0.045827
v 0.090402 -0.017893 -0.050589
v 0.086380 -0.033646 -0.047724
v 0.084205 -0.034067 -0.050690
v 0.085727 -0.033700 -0.050458
v 0.076487 -0.031519 -0.047370
v 0.075944 -0.031640 -0.051146
v 0.000503 0.171784 -0.007692
v -0.007868 0.173164 -0.010061
v -0.007868 0.173144 -0.013073
v -0.093092 0.067582 -0.021308
v -0.088092 0.067965 -0.022014
v 0.091054 0.067604 -0.021494
v 0.086162 0.068074 -0.022094
v -0.077547 -0.022558 -0.047211
v 0.078662 -0.022678 -0.047038
v 0.086380 -0.025144 -0.051008
v 0.000503 0.171452 -0.013750
v 0.094532 0.068164 -0.026784
v 0.085836 0.068690 -0.026250
vn 0.5586 0.1033 0.8230
vn 0.9618 -0.2024 0.1843
vn 0.8907 -0.3898 0.2338
vn 0.4233 0.4475 -0.7877
vn 0.9453 0.1545 -0.2872
vn 0.6794 -0.2429 -0.6924
vn -0.9361 0.3073 0.1709
vn -0.2119 0.9738 -0.0828
vn -0.9277 0.3217 0.1891
vn -0.4980 -0.8119 0.3046
vn 0.3355 -0.9392 -0.0735
vn -0.5993 -0.7174 0.3552
vn 0.9042 0.2774 0.3249
vn 0.9119 0.3167 0.2611
vn 0.3770 0.9259 -0.0215
vn 0.4785 0.1640 -0.8626
vn 0.7550 0.1200 -0.6446
vn 0.9644 0.0893 -0.2488
vn -0.7718 -0.5047 0.3869
vn -0.8056 0.5845 -0.0965
vn 0.6251 0.1518 -0.7656
vn 0.8075 0.4714 -0.3546
vn -0.6070 0.1461 -0.7812
vn 0.7892 0.5945 -0.1538
vn -0.9039 0.2825 -0.3211
vn -0.9390 -0.2049 -0.2761
vn 0.9390 -0.2049 -0.2761
vn -0.0106 0.2434 0.9699
vn -0.0220 -0.2733 0.9617
vn -0.0106 0.2433 0.9699
vn 0.1876 -0.2411 0.9522
vn -0.0507 0.1340 0.9897
vn -0.4844 -0.2644 0.8339
vn -0.2627 0.9647 -0.0194
vn 0.1563 -0.9228 -0.3522
vn 0.4272 -0.8666 0.2580
vn 0.0425 -0.6427 -0.7649
vn -0.6917 -0.1071 -0.7142
vn -0.7655 0.4113 -0.4949
vn -0.9814 -0.0285 -0.1898
vn -0.4426 0.8112 -0.3822
vn 0.1409 0.7120 0.6879
vn -0.1848 0.9786 -0.0910
vn 0.1089 -0.8063 -0.5813
vn 0.1433 -0.9551 0.2593
vn 0.2100 -0.5705 -0.7940
vn -0.2261 0.0781 0.9710
vn -0.9412 0.0807 -0.3281
vn -0.6717 -0.4027 0.6218
vn -0.5012 -0.7235 -0.4747
vn -0.2349 0.9716 -0.0280
vn -0.0059 0.1844 -0.9828
vn -0.0206 0.1844 -0.9826
vn -0.0057 0.1844 -0.9828
vn -0.0036 0.6950 0.7190
vn -0.5760 0.7092 -0.4066
vn 0.3009 0.7910 0.5328
vn -0.2208 0.4022 -0.8885
vn -0.6362 0.1431 -0.7581
vn 0.2733 -0.9612 0.0367
vn 0.2356 -0.9714 0.0297
vn -0.3219 -0.8381 -0.4404
vn 0.0024 -0.3606 -0.9327
vn 0.2787 0.9585 -0.0599
vn -0.1097 0.8076 0.5794
vn 0.4231 0.8146 -0.3967
vn 0.2088 0.9529 -0.2199
vn 0.3733 0.7324 -0.5694
vn 1.0000 -0.0000 -0.0000
vn 0.7843 -0.0134 -0.6203
vn -0.1348 -0.9496 0.2830
vn -0.1285 -0.8170 -0.5622
vn -0.2396 -0.5853 -0.7746
vn -0.1576 0.3126 0.9367
vn -0.9949 -0.1001 -0.0131
vn -0.5349 -0.2243 0.8146
vn 0.5512 0.0536 0.8327
vn 0.9265 0.2907 0.2388
vn 0.6272 0.7658 0.1421
vn 0.0655 0.9887 0.1345
vn 0.5347 -0.1581 0.8301
vn 0.7508 0.0309 -0.6598
vn 0.9795 -0.0688 -0.1896
vn 0.5072 -0.6151 0.6037
vn 0.8175 -0.5385 -0.2042
vn 0.4884 0.7000 0.5211
vn 0.8450 0.4014 0.3533
vn 0.7870 -0.3870 0.4804
vn 0.9071 -0.4201 0.0255
vn 0.4676 -0.1838 0.8646
vn 0.6904 0.0453 -0.7220
vn 0.9448 0.3206 0.0680
vn 0.6241 -0.2071 0.7534
vn 0.6505 -0.7550 0.0829
vn 0.9938 -0.0004 0.1110
vn 0.8750 0.3091 0.3726
vn 0.7476 -0.4123 0.5206
vn 0.8648 -0.5020 0.0100
vn 0.4079 -0.2042 0.8899
vn 0.6632 0.0080 -0.7484
vn 0.9132 0.3308 0.2378
vn 0.6746 0.4047 0.6173
vn 0.8950 -0.4030 0.1910
vn 0.7106 -0.5642 0.4205
vn 0.6843 0.7256 0.0730
vn 0.7275 -0.3239 0.6048
vn 0.9071 0.2392 -0.3463
vn 0.8728 -0.2276 -0.4319
vn 0.4209 0.0572 0.9053
vn 0.6443 -0.7481 -0.1589
vn 0.7518 0.3245 0.5740
vn 0.9881 -0.0625 0.1404
vn -0.0926 -0.8506 0.5177
vn 0.3643 -0.8845 -0.2916
vn 0.1285 -0.9547 0.2683
vn 0.5866 -0.7614 -0.2761
vn 0.0300 -0.9130 0.4068
vn -0.3991 -0.7266 0.5592
vn -0.1414 -0.9329 0.3311
vn -0.2907 -0.9058 0.3082
vn 0.9237 0.0899 0.3724
vn 0.8569 0.3311 0.3950
vn 0.5899 0.8025 0.0893
vn 0.8465 0.2724 0.4575
vn 0.7716 0.1923 0.6064
vn 0.5680 0.7941 0.2163
vn 0.7425 0.2634 0.6159
vn 0.5242 -0.0263 0.8512
vn 0.1383 -0.7361 0.6626
vn -0.2672 -0.9080 -0.3228
vn -0.1608 -0.9644 0.2097
vn -0.0814 -0.9962 0.0314
vn -0.1694 -0.8680 -0.4669
vn -0.0027 -0.8660 -0.5001
vn 0.0084 -0.9652 0.2615
vn -0.0456 -0.8012 0.5966
vn 0.2012 -0.9091 -0.3647
vn -0.1005 -0.7627 0.6389
vn -0.5905 0.7818 0.2002
vn -0.7548 0.3968 0.5223
vn -0.5320 -0.0041 0.8467
vn -0.6558 0.7270 0.2032
vn -0.7540 0.0280 0.6563
vn -0.8117 0.3219 0.4874
vn -0.4649 0.8741 0.1405
vn -0.8024 0.1743 0.5707
vn -0.8658 0.1530 0.4765
vn -0.8220 0.5036 0.2659
vn -0.1058 -0.1825 0.9775
vn -0.0012 -0.3247 0.9458
vn -0.0433 -0.3244 0.9449
vn -0.0009 -0.3247 0.9458
vn 0.0411 -0.3244 0.9450
vn 0.1052 -0.1826 0.9775
vn 0.8341 -0.2786 0.4761
vn 0.8342 -0.2786 0.4760
vn 0.1331 -0.9560 0.2613
vn 0.0401 -0.9434 0.3291
vn -0.0394 -0.9435 0.3291
vn -0.1413 -0.9570 0.2533
vn 0.5671 -0.3039 -0.7655
vn 0.9510 -0.2869 -0.1151
vn 0.7047 -0.1981 -0.6813
vn 0.6294 -0.4073 0.6618
vn 0.4625 -0.8852 0.0511
vn 0.8892 -0.2515 0.3822
vn 0.9259 -0.2312 -0.2988
vn 0.4683 -0.6341 -0.6153
vn 0.8892 -0.3758 -0.2608
vn 0.9406 -0.2603 -0.2180
vn 0.8491 -0.0594 0.5249
vn 0.8364 0.5464 0.0429
vn 0.9513 -0.1721 -0.2557
vn 0.9410 -0.1289 -0.3130
vn 0.9206 0.2020 -0.3342
vn 0.7125 0.6319 0.3050
vn 0.9465 -0.2379 -0.2178
vn 0.4868 -0.8586 0.1609
vn 0.6157 -0.5445 -0.5696
vn 0.9062 -0.2906 -0.3070
vn 0.8784 0.2345 -0.4165
vn 0.9414 -0.2581 -0.2172
vn 0.8417 -0.3766 0.3869
vn 0.6473 0.1413 -0.7490
vn 0.9408 -0.2548 -0.2236
vn 0.8738 0.0205 0.4858
vn 0.8987 0.4252 0.1079
vn 0.9358 -0.2694 -0.2273
vn 0.9258 -0.3092 -0.2174
vn 0.7859 0.1694 -0.5947
vn 0.2590 -0.4021 -0.8782
vn 0.6384 -0.6705 -0.3780
vn 0.9440 -0.2795 -0.1751
vn 0.9310 0.0002 -0.3649
vn 0.9064 0.2598 0.3330
vn 0.9385 -0.2588 -0.2285
vn 0.7986 -0.2189 0.5607
vn 0.4194 -0.5395 0.7301
vn 0.9316 0.0627 -0.3580
vn 0.8642 -0.2218 0.4516
vn 0.9363 -0.3114 -0.1626
vn 0.7659 -0.2917 0.5729
vn 0.5739 -0.2786 0.7701
vn 0.1905 -0.0384 -0.9809
vn 0.8847 -0.3123 -0.3461
vn 0.4889 -0.1774 -0.8541
vn -0.7715 -0.4793 0.4184
vn -0.4977 -0.2791 0.8213
vn -0.9643 -0.2039 0.1690
vn -0.7424 0.5512 0.3808
vn -0.7951 0.6065 0.0072
vn -0.3845 0.0795 0.9197
vn -0.7844 0.2244 -0.5782
vn -0.9554 0.2288 0.1867
vn -0.9283 0.0492 0.3685
vn -0.7701 0.0536 0.6356
vn -0.7494 0.6336 0.1921
vn -0.9992 -0.0150 -0.0371
vn -0.9716 -0.1123 0.2081
vn -0.7148 0.5123 0.4761
vn -0.7503 0.6608 -0.0185
vn -0.5402 0.1501 0.8281
vn -0.7986 0.2189 -0.5606
vn -0.9816 -0.1909 -0.0064
vn -0.8696 -0.0687 0.4890
vn -0.7660 0.6155 0.1851
vn -0.6468 0.6586 0.3846
vn -0.8206 -0.5503 -0.1542
vn -0.5211 0.3829 0.7628
vn -0.8775 -0.0494 -0.4771
vn -0.7649 0.3815 -0.5190
vn -0.6719 -0.1611 0.7229
vn -0.4902 0.8516 -0.1857
vn -0.8805 -0.2537 0.4004
vn -0.5045 0.7672 0.3960
vn -0.5131 0.4590 0.7253
vn -0.8973 -0.1651 -0.4094
vn -0.5399 0.1588 0.8266
vn -0.5297 0.1699 -0.8310
vn 0.6281 -0.7547 0.1895
vn 0.8432 -0.3976 -0.3618
vn 0.9502 0.2156 -0.2252
vn 0.9457 0.0634 -0.3189
vn 0.3874 0.4264 -0.8173
vn 0.7208 -0.6452 -0.2535
vn 0.9192 0.3142 -0.2372
vn 0.8465 0.3625 -0.3898
vn 0.9431 0.1238 -0.3086
vn 0.6557 0.0213 -0.7547
vn 0.9288 0.2286 -0.2918
vn 0.9338 0.2306 -0.2737
vn 0.9415 0.1741 -0.2885
vn 0.7379 -0.1301 -0.6623
vn 0.9900 -0.0068 -0.1412
vn 0.2219 0.2019 -0.9539
vn 0.9543 0.0117 -0.2988
vn 0.9440 0.0747 -0.3215
vn 0.8556 -0.4861 0.1778
vn 0.9465 0.0841 -0.3116
vn 0.1884 0.1698 -0.9673
vn 0.9424 0.1496 -0.2991
vn 0.4709 0.1847 -0.8626
vn 0.8725 0.0356 0.4874
vn 0.9425 0.1642 -0.2910
vn 0.7933 0.5571 0.2456
vn 0.7913 -0.3645 -0.4910
vn 0.9350 0.0293 -0.3534
vn 0.6665 0.7345 -0.1275
vn 0.9486 0.0929 -0.3025
vn 0.9419 0.0996 -0.3207
vn 0.9421 0.0978 -0.3207
vn 0.8600 0.3607 0.3610
vn 0.9535 0.0406 0.2988
vn 0.9481 0.1192 -0.2949
vn 0.9467 0.1347 -0.2925
vn 0.9556 0.1180 -0.2701
vn 0.9626 0.1571 -0.2206
vn 0.9486 0.1596 -0.2734
vn 0.9254 0.2154 -0.3118
vn 0.9400 0.1208 -0.3189
vn 0.9465 0.0958 -0.3082
vn 0.9406 0.1768 -0.2899
vn 0.7233 0.5832 -0.3697
vn 0.1822 0.1728 -0.9680
vn 0.4669 0.1983 -0.8618
vn 0.9375 0.1787 -0.2987
vn 0.9388 0.1681 -0.3005
vn 0.9080 -0.2404 0.3433
vn -0.9607 -0.2455 0.1296
vn -0.6024 -0.7062 0.3719
vn -0.9770 -0.1877 -0.1016
vn -0.4771 -0.1281 0.8695
vn -0.8126 0.0147 -0.5826
vn -0.9896 -0.0489 0.1354
vn -0.5294 0.1381 0.8370
vn -0.7685 -0.6134 0.1821
vn -0.9224 -0.2124 0.3226
vn -0.9089 0.4138 0.0516
vn -0.8636 -0.1757 0.4725
vn -0.7110 0.0593 -0.7007
vn -0.9437 -0.1208 0.3080
vn -0.8758 -0.4825 0.0072
vn -0.9403 -0.1256 0.3163
vn -0.9424 -0.0808 0.3247
vn -0.7947 0.4905 0.3575
vn -0.9412 -0.0797 0.3283
vn -0.8588 -0.4894 0.1512
vn -0.6537 0.4148 0.6330
vn -0.8284 -0.1659 0.5350
vn -0.0986 -0.1573 0.9826
vn -0.6664 0.0132 -0.7455
vn -0.8714 -0.0593 -0.4869
vn -0.9399 -0.1880 0.2850
vn -0.6666 0.0410 -0.7443
vn -0.9438 -0.1503 0.2944
vn -0.8744 -0.0221 -0.4848
vn -0.7488 -0.4121 0.5191
vn -0.9453 -0.1112 0.3065
vn -0.8540 0.3790 0.3565
vn -0.9361 -0.1490 0.3187
vn -0.5874 -0.7959 -0.1463
vn -0.9361 -0.1503 0.3179
vn -0.9389 -0.1434 0.3128
vn -0.9647 -0.1030 0.2422
vn -0.7138 -0.1898 -0.6742
vn -0.1842 -0.1725 0.9676
vn -0.4711 -0.1943 0.8604
vn -0.9409 -0.1716 0.2921
vn -0.9074 0.2441 -0.3421
vn -0.9406 -0.1276 0.3145
vn -0.5632 0.8258 -0.0292
vn -0.9510 -0.1107 0.2886
vn -0.9422 -0.0835 0.3244
vn -0.9428 -0.0800 0.3236
vn -0.9437 -0.0779 0.3214
vn -0.4945 0.6954 0.5214
vn -0.7126 0.6319 0.3049
vn -0.9260 0.2438 -0.2881
vn -0.9436 -0.2505 -0.2164
vn -0.9459 -0.2141 -0.2437
vn -0.9403 -0.1282 -0.3153
vn -0.8346 0.5489 0.0466
vn -0.8895 -0.3905 -0.2374
vn -0.4396 -0.6555 -0.6141
vn -0.9205 -0.2662 -0.2861
vn -0.5229 -0.2896 -0.8017
vn -0.1862 -0.0407 -0.9817
vn -0.4136 -0.1934 -0.8897
vn -0.8897 -0.3210 -0.3248
vn -0.9093 -0.3705 -0.1896
vn -0.9312 -0.3100 -0.1917
vn -0.2331 -0.1339 -0.9632
vn -0.7401 -0.3558 -0.5706
vn -0.8255 0.1968 -0.5290
vn -0.9708 -0.1359 -0.1975
vn -0.9946 -0.1041 -0.0046
vn -0.9488 -0.2755 -0.1545
vn -0.9171 -0.3987 -0.0052
vn -0.8009 0.2003 -0.5643
vn -0.9495 -0.2602 -0.1752
vn -0.7992 -0.2247 0.5575
vn -0.9349 -0.2651 -0.2358
vn -0.6527 0.2823 0.7031
vn -0.4190 -0.5423 0.7282
vn -0.9264 0.0717 -0.3697
vn -0.9433 -0.2806 -0.1775
vn -0.5458 -0.8372 0.0355
vn -0.9189 -0.3355 -0.2075
vn -0.9057 0.4097 0.1085
vn -0.9500 -0.2621 -0.1695
vn -0.6277 -0.3813 0.6787
vn -0.8817 -0.2555 0.3966
vn -0.8397 -0.0650 0.5391
vn -0.5706 -0.1662 -0.8042
vn -0.6485 -0.6692 -0.3628
vn -0.9380 -0.2644 -0.2240
vn -0.7320 0.0259 0.6808
vn -0.8929 -0.4093 0.1876
vn -0.9376 -0.2561 -0.2351
vn -0.9413 -0.2487 -0.2282
vn -0.4868 -0.8553 0.1776
vn -0.2372 -0.4050 -0.8830
vn -0.6626 0.1586 -0.7319
vn -0.8765 0.2719 -0.3973
vn -0.6154 -0.5593 -0.5553
vn -0.8931 -0.3394 -0.2953
vn -0.9431 -0.2713 -0.1924
vn 0.4960 -0.2734 0.8241
vn 0.5416 0.1704 0.8232
vn 0.5058 0.1857 -0.8424
vn 0.9019 -0.1203 -0.4149
vn 0.5173 0.4835 0.7062
vn 0.9989 0.0210 -0.0429
vn 0.5120 0.7653 0.3901
vn 0.7331 0.6519 0.1940
vn 0.7656 0.0892 0.6371
vn 0.9319 0.0645 0.3568
vn 0.3527 0.0350 0.9351
vn 0.9432 0.2332 0.2367
vn 0.8944 0.3833 0.2305
vn 0.6815 0.4750 0.5567
vn 0.8720 0.4297 0.2344
vn 0.3602 0.1073 0.9267
vn 0.9189 -0.3394 0.2010
vn 0.7653 0.6189 0.1767
vn 0.8716 -0.0718 0.4849
vn 0.9824 -0.1863 -0.0161
vn 0.5457 0.1554 0.8234
vn 0.7867 0.2233 -0.5755
vn 0.7440 0.6675 -0.0300
vn 0.7428 0.5967 0.3037
vn 0.9821 -0.1391 0.1274
vn 0.8794 -0.2440 0.4088
vn 0.4803 0.8604 -0.1706
vn 0.5393 -0.1410 0.8302
vn 0.7630 0.3851 -0.5192
vn 0.6117 0.4646 0.6402
vn 0.8736 -0.0250 -0.4860
vn 0.8295 -0.5340 -0.1635
vn 0.6385 0.6733 0.3729
vn 0.7705 -0.4867 0.4115
vn -0.4184 0.1545 -0.8950
vn -0.9536 0.0877 -0.2880
vn -0.7935 0.0311 -0.6077
vn -0.5659 0.1022 -0.8181
vn -0.9698 0.0987 -0.2232
vn -0.8816 0.3395 -0.3278
vn -0.9339 0.3032 -0.1893
vn -0.9787 0.0804 -0.1888
vn -0.8270 -0.5610 -0.0369
vn -0.6818 -0.6653 -0.3043
vn -0.9447 0.0979 -0.3130
vn -0.9155 0.0038 0.4023
vn -0.7338 -0.2402 0.6355
vn -0.8759 0.1004 0.4719
vn -0.9555 0.0125 -0.2947
vn -0.6753 0.6407 0.3654
vn -0.6502 0.7538 -0.0947
vn -0.9509 0.0404 -0.3068
vn -0.9360 0.1121 -0.3338
vn -0.9233 0.1653 -0.3468
vn -0.7086 0.5954 -0.3788
vn -0.9631 0.0427 -0.2658
vn -0.7146 -0.0824 -0.6947
vn -0.9424 0.0134 0.3342
vn -0.9260 -0.3719 0.0658
vn -0.5905 -0.1195 -0.7981
vn -0.8369 -0.5205 0.1693
vn -0.6652 0.2352 -0.7086
vn -0.8354 0.0318 0.5487
vn -0.6896 0.0308 0.7235
vn -0.9460 0.2360 -0.2223
vn -0.8639 -0.4030 -0.3021
vn -0.3873 0.4175 -0.8220
vn -0.6681 -0.7122 0.2154
vn -0.7036 0.2129 -0.6779
vn -0.8695 0.0532 0.4910
vn -0.8333 0.5308 0.1543
vn -0.5814 0.4500 -0.6778
vn -0.7254 0.6824 0.0901
vn -0.9243 0.1247 -0.3608
vn -0.9173 0.1767 -0.3568
vn -0.9353 0.2962 0.1934
vn -0.9253 0.1620 -0.3429
vn -0.3820 0.4760 -0.7921
vn -0.3498 -0.2249 -0.9094
vn -0.7437 -0.3572 -0.5650
vn 0.0079 0.9997 0.0240
vn 0.0178 0.9987 -0.0484
vn 0.0074 0.9991 -0.0428
vn 0.6237 0.7808 -0.0373
vn 0.0157 0.9989 -0.0445
vn -0.1357 0.9899 -0.0410
vn -0.0481 0.9982 0.0351
vn 0.0102 0.9996 -0.0259
vn 0.5243 0.8121 -0.2560
vn -0.0091 0.8174 -0.5760
vn -0.0069 0.9988 -0.0476
vn -0.0000 0.6676 -0.7445
vn 0.0147 0.6938 -0.7201
vn -0.0089 0.9991 -0.0412
vn -0.0123 0.9990 -0.0428
vn -0.0004 0.9995 -0.0314
vn 0.1505 0.9810 -0.1226
vn 0.0004 0.9992 -0.0398
vn -0.2427 0.7717 0.5878
vn -0.6678 0.7302 0.1446
vn -0.0071 0.9994 -0.0347
vn 0.4009 0.9157 -0.0281
vn 0.1112 0.9895 0.0926
vn 0.0001 0.9923 0.1237
vn -0.0250 0.9988 -0.0429
vn -0.0000 0.9991 -0.0429
vn -0.0192 0.9995 -0.0258
vn 0.6055 0.7563 0.2479
vn 0.2760 0.7693 -0.5762
vn 0.3803 0.8600 0.3401
vn -0.4891 0.8399 -0.2354
vn -0.0133 0.9992 -0.0364
vn 0.2320 0.7712 0.5929
vn -0.1235 0.8486 0.5144
vn 0.0300 0.9980 -0.0560
vn -0.6838 0.6707 0.2873
vn -0.3198 0.4003 -0.8588
vn 0.2878 0.5491 -0.7847
vn -0.2750 0.7768 -0.5665
vn -0.1202 0.8756 0.4679
vn 0.0039 0.8799 -0.4751
vn 0.0039 0.7413 0.6712
vn -0.0605 0.9758 0.2099
vn 0.0932 0.8905 -0.4454
vn -0.2519 0.8954 -0.3673
vn 0.1069 0.9943 -0.0011
vn -0.0000 -0.9960 -0.0888
vn -0.0000 -0.4498 -0.8931
vn -0.0006 -0.6945 -0.7195
vn 0.0001 -0.9475 0.3199
vn 0.0294 -0.9838 -0.1771
vn -0.3946 -0.5554 0.7320
vn -0.0636 -0.9962 0.0594
vn 0.3703 -0.9289 0.0049
vn -0.0842 -0.9962 -0.0233
vn 0.3972 -0.9169 0.0386
vn -0.0217 -0.9420 0.3349
vn -0.2843 -0.9584 -0.0246
vn -0.0058 -0.6985 0.7156
vn -0.0589 -0.9482 -0.3122
vn 0.0582 -0.9482 -0.3122
vn 0.4861 -0.8732 -0.0340
vn 0.0043 -0.5593 0.8289
vn -0.0021 -0.9403 0.3404
vn -0.4084 -0.9122 0.0335
vn 0.3331 -0.9420 0.0416
vn -0.3226 -0.8906 0.3206
vn -0.4564 -0.8693 -0.1897
vn -0.0027 -0.6579 0.7531
vn -0.0030 -0.5193 -0.8546
vn 0.4483 -0.8752 -0.1817
vn 0.3214 -0.8947 0.3103
vn -0.3333 -0.9418 0.0440
vn -0.5205 -0.8232 0.2267
vn 0.6584 -0.6911 -0.2982
vn -0.3115 -0.7812 0.5410
vn 0.2083 -0.7808 -0.5890
vn -0.0025 -0.7520 -0.6591
vn 0.2728 -0.6972 0.6629
vn -0.2175 -0.7666 -0.6041
vn -0.6736 -0.6716 -0.3084
vn 0.5027 -0.8345 0.2256
vn -0.5847 -0.7635 0.2742
vn 0.8083 0.3892 -0.4418
vn 0.4619 0.0857 -0.8828
vn 0.9024 -0.1540 -0.4024
vn 0.6867 0.7019 0.1891
vn 0.9520 0.3036 -0.0384
vn 0.3894 0.8868 0.2490
vn 0.2386 0.8293 -0.5053
vn 0.9013 0.1267 0.4142
vn 0.4904 0.7900 0.3679
vn 0.9172 0.0073 0.3984
vn 0.3711 0.0170 0.9284
vn -0.0000 0.0865 0.9963
vn -0.0000 0.8241 0.5664
vn -0.4835 0.7953 0.3657
vn -0.3666 0.0320 0.9298
vn -0.6851 0.7034 0.1897
vn -0.9137 0.0446 0.4039
vn -0.9056 0.1029 0.4115
vn -0.8019 0.3942 -0.4490
vn -0.9587 0.2818 -0.0389
vn -0.9112 -0.1599 -0.3796
vn -0.9999 -0.0138 -0.0011
vn -0.4620 0.0793 -0.8834
vn -0.6342 -0.7203 0.2809
vn -0.1338 -0.0392 0.9902
vn -0.8482 -0.2496 0.4671
vn 0.0513 -0.3752 0.9255
vn -0.4323 -0.8916 0.1348
vn 0.2375 -0.8539 0.4631
vn 0.2810 -0.8418 0.4608
vn -0.0552 -0.8884 -0.4558
vn 0.2409 -0.9705 0.0089
vn -0.8091 -0.5849 0.0575
vn -0.9589 -0.2834 -0.0152
vn -0.9357 0.2663 0.2316
vn -0.8580 0.5110 0.0518
vn 0.3379 -0.9397 -0.0534
vn 0.2881 -0.9549 0.0725
vn 0.1121 -0.4616 -0.8800
vn -0.5311 -0.4664 -0.7074
vn -0.9885 0.1276 0.0813
vn -0.4950 0.6908 -0.5270
vn -0.3667 0.9242 -0.1066
vn -0.2785 0.8915 0.3573
vn -0.3258 0.8749 0.3584
vn -0.2083 0.3204 0.9241
vn -0.7737 0.0058 -0.6335
vn -0.1167 -0.0368 -0.9925
vn -0.1459 0.4271 -0.8924
vn -0.2062 0.9548 -0.2142
vn -0.2788 0.9586 -0.0587
vn -0.8993 -0.3039 -0.3144
vn -0.3128 -0.9494 -0.0287
vn -0.2739 0.9515 -0.1400
vn 0.0063 0.9892 0.1462
vn 0.0065 0.9892 0.1462
vn 0.0062 0.9892 0.1462
vn 0.1775 0.6311 0.7551
vn 0.1679 0.6016 0.7810
vn 0.2648 -0.1114 0.9578
vn 0.2600 -0.1113 0.9592
vn 0.2055 -0.7774 0.5945
vn 0.2054 -0.7773 0.5947
vn 0.2055 -0.7775 0.5943
vn 0.2054 -0.7772 0.5948
vn 0.0255 -0.9873 -0.1566
vn 0.0256 -0.9873 -0.1565
vn 0.0257 -0.9873 -0.1565
vn 0.0259 -0.9873 -0.1565
vn 0.0219 0.9990 0.0380
vn -0.7758 0.1672 -0.6084
vn 0.0330 0.9898 0.1383
vn 0.0217 0.9871 0.1586
vn -0.0486 0.9979 0.0431
vn -0.4058 0.8790 -0.2504
vn -0.0559 0.9982 0.0206
vn 0.0438 -0.9572 -0.2861
vn 0.0842 -0.9729 -0.2154
vn 0.0861 -0.9700 -0.2275
vn 0.7997 0.1735 -0.5748
vn -0.9748 -0.0681 -0.2124
vn -0.9829 -0.1097 -0.1478
vn -0.9609 -0.0262 -0.2757
vn 0.0729 0.0939 0.9929
vn 0.0371 0.2657 0.9634
vn 0.0370 0.2658 0.9633
vn -0.0000 0.4291 0.9032
vn 0.6928 0.0428 0.7199
vn -0.0000 0.0942 0.9956
vn -0.4388 -0.2303 0.8686
vn -0.5544 -0.5845 0.5925
vn -0.0530 -0.5794 0.8133
vn 0.4908 -0.8214 0.2906
vn -0.8206 -0.5122 0.2534
vn -0.7838 -0.6065 0.1334
vn 0.7944 -0.5952 0.1212
vn -0.4384 -0.8974 0.0488
vn 0.6410 -0.4459 0.6248
vn 0.3977 -0.0331 0.9169
vn 0.7100 -0.7037 0.0271
vn 0.9824 -0.0659 -0.1747
vn -0.9863 0.1464 -0.0767
vn -0.2350 -0.5912 -0.7715
vn 0.4446 -0.4601 -0.7685
vn 0.0125 -0.8766 -0.4811
vn 0.0173 -0.9970 -0.0754
vn 0.0275 -0.9051 0.4243
vn -0.0116 -0.8415 0.5402
vn -0.1408 -0.9865 -0.0841
vn -0.2785 0.3366 0.8995
vn -0.2414 0.6626 0.7090
vn -0.6484 0.5639 0.5115
vn -0.5887 -0.7114 0.3839
vn -0.6379 -0.7243 0.2617
vn -0.3851 0.8726 0.3004
vn -0.7718 0.5258 0.3576
vn -0.8038 -0.5747 0.1538
vn -0.0548 0.9976 -0.0424
vn -0.0885 -0.8530 0.5143
vn 0.1588 -0.9739 -0.1619
vn -0.7641 -0.2037 -0.6121
vn -0.7647 0.4135 -0.4942
vn -0.9450 -0.3250 -0.0366
vn -0.6183 0.7614 0.1947
vn -0.8625 -0.4548 0.2221
vn -0.9220 0.2171 0.3206
vn -0.6453 0.4773 -0.5964
vn -0.7950 -0.3956 -0.4599
vn 0.3117 0.9274 -0.2069
vn -0.0955 -0.9950 -0.0294
vn -0.9231 -0.3584 0.1395
vn -0.6510 0.7342 0.1927
vn -0.8202 -0.5137 0.2517
vn -0.1829 0.9710 0.1539
vn -0.5078 0.7853 0.3540
vn -0.7985 -0.4611 0.3870
vn -0.4900 0.0453 0.8705
vn -0.3855 -0.6185 0.6847
vn -0.2661 0.7762 0.5715
vn -0.0922 0.5560 0.8260
vn 0.3293 0.3057 0.8934
vn 0.8453 0.4032 0.3507
vn 0.6808 0.5622 0.4695
vn 0.1054 0.9822 0.1557
vn 0.1055 0.9821 0.1557
vn 0.7011 0.2620 0.6632
vn 0.0824 0.9907 0.1084
vn 0.0912 -0.8391 0.5363
vn 0.0462 -0.8623 0.5044
vn 0.2294 -0.8342 0.5015
vn 0.4231 -0.7942 0.4361
vn 0.2774 -0.9217 0.2711
vn 0.6080 -0.7121 0.3510
vn 0.5541 -0.7572 0.3459
vn 0.4358 -0.8580 0.2720
vn 0.8599 0.4688 0.2021
vn 0.6910 -0.6706 0.2698
vn 0.8635 0.4867 0.1328
vn 0.9281 0.3663 0.0663
vn 0.4674 -0.8694 0.1606
vn 0.5024 -0.8626 0.0596
vn 0.9434 0.3299 -0.0341
vn 0.7636 -0.6446 -0.0371
vn 0.7454 0.6643 -0.0557
vn 0.3115 0.9274 -0.2069
vn 0.2475 0.0587 -0.9671
vn 0.5222 0.1238 -0.8438
vn 0.5154 0.1207 -0.8484
vn 0.6514 -0.7581 -0.0302
vn 0.9622 0.2250 -0.1537
vn 0.8446 -0.5288 -0.0836
vn 0.9647 0.2347 -0.1193
vn 0.3674 -0.6267 0.6873
vn 0.7918 -0.4740 0.3852
vn 0.4959 0.7966 0.3458
vn 0.8307 -0.4976 0.2498
vn 0.1792 0.9722 0.1506
vn 0.6590 0.7294 0.1832
vn 0.8457 -0.5133 0.1457
vn 0.2818 0.9487 -0.1430
vn 0.9674 0.2345 0.0959
vn -0.0388 0.7677 0.6397
vn 0.7197 0.1775 -0.6712
vn 0.7599 0.1824 -0.6239
vn 0.5691 0.6000 -0.5622
vn 0.7751 0.1861 -0.6038
vn 0.7946 0.1876 -0.5774
vn 0.9218 0.2227 0.3173
vn 0.9218 0.2227 0.3172
vn 0.2953 0.0757 0.9524
vn 0.8105 0.1130 0.5748
vn 0.7414 -0.0297 0.6704
vn 0.7860 -0.0321 0.6174
vn 0.7854 -0.0322 0.6181
vn 0.7866 -0.0319 0.6166
vn 0.7841 -0.0326 0.6197
vn 0.8330 -0.0008 0.5533
vn 0.7943 -0.0562 0.6049
vn 0.7325 0.4208 0.5351
vn 0.8429 -0.0425 0.5364
vn 0.8326 -0.0558 0.5510
vn 0.5335 0.7153 0.4513
vn 0.9046 -0.0405 0.4244
vn 0.6580 -0.7245 0.2052
vn 0.6581 -0.7244 0.2052
vn 0.9291 -0.0629 0.3645
vn 0.9784 -0.0323 0.2041
vn 0.9961 -0.0542 0.0699
vn 0.8026 -0.0982 0.5884
vn 0.7752 0.0670 -0.6282
vn 0.2530 0.9582 -0.1332
vn 0.7698 0.0867 -0.6324
vn 0.7519 0.4003 -0.5238
vn 0.9386 -0.3448 -0.0130
vn 0.5575 0.8070 0.1950
vn -0.2798 0.9597 0.0268
vn -0.2438 0.9698 -0.0050
vn -0.2437 0.9698 -0.0047
vn -0.2423 0.9702 0.0030
vn -0.2450 0.9694 -0.0129
vn -0.2719 0.9620 -0.0239
vn -0.2605 0.9655 -0.0012
vn -0.9534 0.2423 0.1796
vn -0.6326 0.7708 -0.0751
vn -0.9108 0.3384 -0.2364
vn -0.8871 0.3564 -0.2932
vn -0.7212 0.6772 0.1460
vn 0.6750 0.7261 -0.1313
vn 0.0870 0.9841 0.1547
vn 0.0746 0.9841 0.1612
vn 0.0545 0.9757 0.2121
vn 0.7140 0.6992 -0.0356
vn 0.4477 0.8932 -0.0418
vn 0.7461 0.5972 -0.2945
vn 0.6999 0.6337 -0.3295
vn 0.6031 0.7964 -0.0443
vn 0.6059 0.5460 0.5786
vn 0.9996 -0.0236 -0.0147
vn -0.4536 -0.8395 -0.2991
vn -0.5288 -0.8395 -0.1251
vn -0.4951 -0.8670 -0.0571
vn -0.2433 -0.9685 0.0525
vn -0.2725 -0.9590 0.0780
vn -0.6391 -0.7681 -0.0396
vn -0.6318 0.6227 0.4616
vn -0.1978 0.9703 0.1396
vn 0.2634 0.9643 -0.0265
vn 0.2725 0.9616 -0.0333
vn 0.2942 0.9555 -0.0205
vn 0.2479 0.9683 -0.0295
vn 0.2451 0.9694 -0.0128
vn 0.2147 0.9767 -0.0004
vn 0.2178 0.9760 -0.0064
vn 0.9526 0.2493 0.1746
vn 0.6421 0.7623 -0.0812
vn 0.9056 0.3469 -0.2442
vn 0.8814 0.3752 -0.2869
vn 0.7300 0.6048 0.3182
vn 0.9808 -0.1864 0.0576
vn 0.7061 -0.4111 0.5765
vn 0.5531 -0.7201 0.4191
vn 0.3614 -0.9269 0.1016
vn 0.4458 -0.8778 -0.1753
vn 0.6299 -0.7409 -0.2330
vn 0.5132 -0.8506 -0.1148
vn 0.3119 -0.9377 0.1528
vn 0.6418 -0.6054 0.4707
vn 0.8413 -0.1947 0.5043
vn 0.8399 -0.1944 0.5067
vn 0.8393 -0.1940 0.5079
vn 0.8382 -0.1935 0.5098
vn 0.8376 -0.1931 0.5110
vn 0.9113 -0.2147 -0.3512
vn 0.6090 -0.1395 -0.7808
vn 0.4868 -0.8424 -0.2311
vn -0.2493 -0.9670 0.0516
vn -0.2516 -0.9664 0.0525
vn -0.0027 0.9995 -0.0304
vn 0.5984 0.3258 0.7320
vn 0.6522 0.6983 0.2949
vn 0.5047 -0.0042 0.8633
vn 0.7468 0.2849 0.6009
vn 0.9094 0.4098 0.0715
vn 0.7627 0.0599 0.6439
vn 0.8411 -0.0761 0.5355
vn 0.9918 -0.0791 -0.1004
vn 0.7804 -0.2347 0.5796
vn 0.7265 -0.3966 0.5611
vn 0.8016 -0.4455 -0.3987
vn 0.7856 -0.5025 0.3611
vn 0.7408 -0.6479 0.1775
vn 0.5369 -0.7838 -0.3120
vn 0.5990 -0.7286 0.3321
vn 0.4802 -0.7224 0.4976
vn 0.2017 -0.9629 -0.1793
vn 0.4163 -0.5446 0.7280
vn 0.4395 -0.6786 0.5885
vn 0.4134 -0.7989 0.4369
vn 0.0803 -0.9870 -0.1394
vn -0.0347 -0.9690 -0.2444
vn 0.6361 -0.6597 -0.4001
vn 0.0013 -0.2373 -0.9714
vn -0.8217 -0.4700 -0.3224
vn -0.7080 -0.6649 -0.2379
vn 0.9573 -0.2648 -0.1156
vn -0.8556 0.5033 0.1213
vn -0.9386 0.3381 0.0690
vn -0.2896 0.9571 -0.0103
vn -0.2894 0.9571 -0.0103
vn -0.9536 0.2997 -0.0280
vn -0.8611 0.5053 -0.0565
vn -0.6387 0.7686 -0.0362
vn -0.2262 0.9741 0.0058
vn -0.2201 0.9755 0.0016
vn -0.2648 0.9248 -0.2730
vn 0.0750 0.5948 0.8004
vn -0.0029 0.6173 -0.7867
vn 0.2498 0.7403 0.6241
vn -0.5984 0.7607 0.2515
vn -0.9014 0.4001 0.1655
vn -0.7416 0.3815 -0.5518
vn -0.9653 -0.2605 0.0159
vn -0.6141 -0.1530 -0.7743
vn -0.0559 0.1611 -0.9854
vn 0.3982 0.4751 0.7847
vn -0.6953 0.4693 0.5443
vn 0.2674 -0.1748 0.9476
vn -0.8884 -0.0101 0.4590
vn -0.6862 -0.5731 0.4480
vn 0.4620 -0.7266 0.5085
vn -0.5249 -0.8501 0.0430
vn 0.3697 -0.8762 0.3092
vn -0.1560 -0.8222 -0.5474
vn -0.9962 0.0864 -0.0055
vn 0.1586 -0.8052 0.5714
vn 0.0562 -0.3464 -0.9364
vn 0.0408 0.1593 -0.9864
vn 0.7080 0.4680 0.5289
vn -0.2516 -0.1475 0.9565
vn 0.8955 -0.0202 0.4446
vn -0.3763 0.4861 0.7887
vn 0.5771 0.7679 0.2781
vn -0.2531 0.7475 0.6142
vn 0.2292 0.9347 -0.2716
vn 0.8872 0.3985 0.2325
vn 0.9984 0.0570 0.0062
vn 0.6934 -0.5732 0.4365
vn 0.5191 -0.8533 0.0486
vn -0.0807 0.6048 0.7922
vn -0.0017 0.6164 -0.7874
vn 0.7380 0.3729 -0.5623
vn 0.9539 -0.2950 0.0545
vn 0.1550 -0.8255 -0.5427
vn -0.3644 -0.8761 0.3157
vn -0.4531 -0.7138 0.5340
vn 0.6125 -0.1773 -0.7703
vn -0.1476 -0.8044 0.5755
vn -0.0651 -0.3460 -0.9360
vn 0.9901 -0.1319 -0.0487
vn 0.9890 -0.0883 -0.1190
vn 0.9844 -0.1745 0.0218
vn -0.0485 -0.9771 -0.2073
vn -0.0389 -0.9880 -0.1496
vn -0.0164 -0.9814 -0.1913
vn 0.2725 -0.9621 -0.0069
vn 0.3956 0.8797 -0.2640
vn -0.0589 0.9893 0.1332
vn -0.0496 0.9918 0.1180
vn -0.0258 0.9841 0.1759
vn -0.2246 0.1129 -0.9679
vn -0.3265 0.1894 -0.9260
vn -0.1445 0.0381 -0.9888
vn -0.1445 0.0380 -0.9888
vn -0.2506 -0.9655 0.0701
vn -0.2269 -0.9736 0.0238
vn -0.1172 0.0408 -0.9923
vn 0.2277 -0.1193 0.9664
vn 0.2554 -0.1238 0.9589
vn 0.2554 -0.1375 0.9570
vn 0.2811 -0.1231 0.9518
vn 0.2810 -0.1231 0.9518
vn 0.3065 -0.1086 0.9457
vn 0.3217 0.1826 -0.9291
vn 0.1481 0.0577 -0.9873
vn 0.1477 0.0489 -0.9878
vn 0.1495 0.0413 -0.9879
vn 0.1494 0.0415 -0.9879
vn 0.3001 -0.9504 0.0816
vn 0.2614 -0.9652 0.0030
vn -0.0300 -0.0066 -0.9995
vn 0.1478 0.0491 -0.9878
vn -0.2615 -0.1919 0.9459
vn -0.1378 -0.0922 0.9862
vn -0.1476 -0.0498 0.9878
vn -0.1805 -0.0495 0.9823
vn -0.0051 0.4390 0.8985
vn -0.0911 0.1022 0.9906
vn -0.0000 0.1027 0.9947
vn 0.0020 0.0945 0.9955
vn 0.0091 0.1844 -0.9828
vn -0.0605 -0.3125 -0.9480
vn -0.6992 0.7059 -0.1128
vn -0.1359 0.9562 0.2592
vn -0.0761 0.9579 0.2770
vn -0.0948 0.9677 0.2336
vn -0.7218 0.6913 0.0342
vn -0.6847 0.7179 -0.1255
vn -0.0468 0.9867 0.1554
vn -0.0469 0.9867 0.1554
vn -0.0530 0.9771 0.2059
vn -0.0401 0.9937 0.1045
vn -0.7400 0.5938 -0.3158
vn -0.0395 0.9927 0.1136
vn -0.7480 0.4909 -0.4466
vn -0.1344 0.9908 0.0162
vn -0.7234 0.6643 -0.1884
vn -0.1729 0.9805 0.0934
vn -0.1247 0.9781 0.1665
vn -0.7487 0.5452 0.3769
vn -0.3518 0.7429 0.5696
vn -0.3066 0.6905 0.6551
vn -0.2546 0.9449 0.2056
vn 0.3990 0.9067 0.1369
vn -0.0000 0.8311 0.5561
vn -0.0000 0.5959 0.8031
vn 0.9157 0.4018 0.0022
vn -0.7245 0.6892 -0.0040
vn 0.8071 0.5894 -0.0338
vn -0.8225 0.5647 -0.0679
vn 0.5549 0.8171 -0.1566
vn -0.4671 0.8638 -0.1889
vn 0.7263 0.6793 -0.1048
vn 0.0352 0.9891 0.1429
vn -0.8470 0.5293 -0.0495
vn -0.7698 0.6201 0.1512
vn -0.4803 0.4952 0.7239
vn 0.7845 0.5962 0.1707
vn 0.5339 0.5064 0.6772
vn 0.2669 -0.9604 0.0798
vn -0.5947 -0.7732 0.2204
vn -0.6865 -0.6751 0.2700
vn -0.4494 -0.8793 0.1578
vn -0.4922 -0.8676 0.0706
vn 0.2348 -0.9702 0.0596
vn -0.6655 -0.7460 -0.0250
vn 0.2562 -0.9658 0.0407
vn 0.2323 -0.9717 0.0432
vn 0.2526 -0.9666 0.0429
vn 0.2736 -0.9605 0.0502
vn -0.9693 -0.2351 -0.0715
vn -0.9373 -0.2287 0.2631
vn -0.9845 -0.1733 0.0272
vn 0.1270 -0.4218 0.8978
vn -0.1538 -0.3461 0.9255
vn 0.0424 -0.2837 0.9580
vn 0.2619 -0.1956 0.9451
vn -0.6461 -0.1351 0.7512
vn -0.9151 -0.0472 0.4005
vn -0.8602 -0.2244 0.4579
vn -0.8976 -0.3522 0.2652
vn -0.7727 -0.5146 0.3717
vn -0.7323 -0.6437 0.2222
vn -0.5301 -0.6448 0.5507
vn -0.2513 -0.1702 0.9528
vn -0.7479 0.2124 0.6290
vn -0.5192 0.0320 0.8541
vn -0.6383 0.3850 0.6666
vn -0.5202 -0.5980 0.6098
vn -0.4685 0.3265 0.8210
vn -0.5211 0.6735 0.5243
vn -0.4986 0.4050 0.7664
vn 0.0176 -0.0956 0.9953
vn -0.4838 -0.6212 0.6164
vn -0.4101 0.7392 0.5343
vn -0.4534 0.5861 0.6715
vn -0.5030 -0.6650 0.5520
vn -0.5467 0.4050 0.7328
vn -0.4461 -0.7986 0.4041
vn -0.6183 0.2989 0.7269
vn -0.4225 -0.8251 0.3750
vn -0.5156 0.3437 0.7849
vn 0.0047 0.0720 0.9974
vn 0.5521 0.3687 0.7478
vn 0.4921 0.3174 0.8106
vn 0.5645 0.6221 0.5425
vn 0.4362 0.2805 0.8550
vn -0.7115 0.5011 0.4927
vn -0.5794 0.3953 0.7128
vn 0.0025 0.2912 0.9567
vn 0.5542 0.3708 0.7452
vn 0.7299 0.4764 0.4902
vn -0.7075 0.4127 0.5736
vn -0.8067 0.4105 0.4251
vn -0.7436 0.4028 0.5337
vn -0.7026 0.3845 0.5988
vn 0.0037 0.3846 0.9231
vn 0.4453 0.4207 0.7904
vn 0.8343 0.3577 0.4196
vn 0.8484 0.3944 0.3531
vn 0.7436 0.4151 0.5241
vn -0.0681 0.4212 0.9044
vn 0.0756 0.4219 0.9035
vn 0.4234 0.4349 0.7947
vn 0.4317 0.5301 0.7298
vn 0.5077 0.4029 0.7615
vn 0.5038 0.5223 0.6880
vn 0.5840 -0.1760 0.7924
vn -0.6767 0.6872 0.2642
vn -0.9225 0.3814 0.0601
vn -0.9813 0.0214 -0.1913
vn -0.8467 -0.4260 -0.3188
vn -0.5299 -0.8108 -0.2486
vn -0.1706 -0.9635 -0.2065
vn 0.0171 -0.9845 -0.1743
vn -0.8324 0.4614 0.3069
vn -0.0934 0.9861 0.1374
vn -0.0566 0.9921 0.1122
vn -0.8313 0.3814 0.4044
vn -0.7417 0.3870 0.5479
vn -0.4726 0.7251 0.5008
vn -0.1314 0.9826 0.1313
vn -0.5254 -0.7339 0.4305
vn -0.6427 -0.7075 0.2938
vn -0.6812 -0.6962 0.2264
vn -0.4335 -0.9000 0.0458
vn -0.8131 -0.5764 0.0815
vn -0.7595 0.6282 0.1688
vn -0.8071 0.5851 0.0790
vn -0.7759 -0.6267 -0.0731
vn -0.9058 0.4141 -0.0897
vn -0.7917 -0.5786 -0.1963
vn -0.8704 0.4834 -0.0932
vn -0.6462 -0.7319 -0.2161
vn -0.5261 0.8450 0.0958
vn -0.9974 0.0511 -0.0501
vn -0.9884 0.0186 0.1506
vn -0.1593 -0.9846 -0.0728
vn -0.6420 -0.7347 0.2193
vn -0.9936 0.0354 -0.1069
vn -0.8129 0.3596 0.4582
vn -0.9944 0.0819 0.0674
vn -0.4185 0.5114 0.7506
vn -0.9998 -0.0119 -0.0165
vn -0.3797 0.6735 0.6341
vn -0.8425 0.4195 0.3380
vn -0.9999 -0.0130 -0.0004
vn -0.5544 0.6853 0.4722
vn -0.8358 0.4885 0.2507
vn -1.0000 -0.0058 -0.0011
vn -0.3715 0.8793 0.2981
vn -0.8295 0.5349 0.1603
vn -0.9999 -0.0101 -0.0002
vn -0.5553 0.8180 0.1503
vn -0.5508 0.8314 0.0739
vn -0.7173 0.6966 0.0171
vn -0.9863 0.1463 -0.0766
vn -0.7075 0.6723 0.2176
vn 0.2436 -0.9698 -0.0088
vn 0.1988 -0.9799 0.0180
vn -0.5046 -0.8377 -0.2088
vn 0.2017 -0.9787 0.0389
vn 0.2435 -0.9683 0.0562
vn 0.2723 -0.9597 0.0698
vn -0.2813 -0.9453 0.1653
vn -0.6431 -0.6111 0.4616
vn 0.2777 -0.9594 0.0499
vn -0.4913 -0.8650 -0.1022
vn -0.6134 -0.7577 -0.2230
vn -0.4432 -0.8804 -0.1685
vn -0.3743 -0.9233 0.0863
vn -0.5557 -0.7109 0.4311
vn -0.8492 -0.2047 0.4867
vn -0.8382 -0.2020 0.5067
vn -0.8381 -0.2019 0.5068
vn -0.9189 -0.2219 -0.3260
vn -0.6075 -0.1453 -0.7809
vn 0.6731 -0.3723 0.6390
vn 0.7506 -0.6413 0.1589
vn 0.5828 -0.8055 -0.1072
vn 0.6150 -0.6997 -0.3635
vn 0.7414 -0.5273 -0.4151
vn 0.6594 -0.6935 -0.2903
vn 0.3821 -0.9079 -0.1727
vn 0.7835 -0.0888 0.6150
vn 0.7772 -0.0920 0.6225
vn 0.9370 -0.0360 0.3474
vn 0.9125 -0.0388 0.4071
vn 0.9277 0.1079 -0.3574
vn 0.9426 0.1077 -0.3160
vn -0.0448 -0.9922 -0.1167
vn -0.0532 -0.9934 -0.1014
vn 0.0002 -0.9923 -0.1236
vn 0.0018 -0.9899 -0.1416
vn 0.0018 -0.9900 -0.1413
vn 0.0033 -0.9872 -0.1592
vn -0.0032 -0.9871 -0.1603
vn -0.0032 -0.9871 -0.1604
vn -0.0031 -0.9873 -0.1589
vn -0.0034 -0.9868 -0.1618
vn 0.0371 -0.9882 -0.1484
vn 0.0474 -0.9912 -0.1235
vn 0.0435 -0.9917 -0.1208
vn -0.4192 -0.8937 -0.1599
vn 0.0429 -0.9914 -0.1235
vn -0.8590 -0.4102 -0.3063
vn 0.0407 -0.9919 -0.1203
vn 0.0340 -0.9974 -0.0641
vn 0.0218 -0.9979 -0.0617
vn -0.7224 -0.5208 -0.4549
vn -0.6984 -0.5355 -0.4748
vn 0.0162 -0.9979 -0.0623
vn -0.0479 -0.9962 0.0729
vn -0.7066 -0.6710 -0.2246
vn -0.0530 -0.9964 0.0660
vn -0.2655 -0.8343 0.4832
vn -0.8546 -0.5190 -0.0177
vn -0.2655 -0.8343 0.4831
vn -0.3859 -0.5694 0.7258
vn -0.3974 -0.5638 0.7240
vn -0.6418 -0.0467 0.7655
vn -0.4730 -0.2450 0.8463
vn -0.6418 -0.0466 0.7655
vn -0.7627 0.1552 0.6278
vn -0.7609 -0.0999 0.6411
vn -0.7818 -0.0887 0.6172
vn -0.8018 -0.0773 0.5925
vn -0.9216 -0.0308 0.3870
vn -0.8965 -0.0342 0.4417
vn -0.9319 0.1264 -0.3399
vn -0.9615 0.1256 -0.2443
vn 0.9766 -0.0319 -0.2127
vn 0.9428 0.3225 -0.0841
vn 0.8966 0.3680 0.2462
vn 0.9833 -0.1155 0.1404
vn 0.9834 -0.1152 0.1400
vn 0.9339 -0.2272 0.2760
vn 0.7460 0.5471 0.3796
vn 0.6334 -0.7443 0.2118
vn 0.1589 -0.9739 -0.1618
vn -0.0550 0.9976 -0.0424
vn 0.8206 -0.5329 -0.2066
vn 0.7443 0.6661 -0.0477
vn 0.6779 -0.7141 -0.1748
vn 0.8643 0.5012 -0.0431
vn 0.7949 -0.6027 -0.0699
vn 0.8776 0.4758 0.0575
vn 0.8454 -0.5333 0.0303
vn 0.6391 -0.7672 0.0550
vn 0.5741 -0.8117 0.1073
vn 0.6608 -0.7058 0.2553
vn 0.4531 -0.8304 0.3242
vn 0.6486 -0.1893 0.7372
vn 0.6588 -0.1837 0.7296
vn 0.0036 0.6950 0.7190
vn -0.0000 0.7142 0.6999
vn 0.9824 -0.0661 -0.1748
vn 0.7071 0.6738 0.2145
vn 0.5938 0.8044 0.0201
vn 0.5551 0.8262 0.0958
vn 0.4482 0.8671 0.2173
vn 0.8296 0.5349 0.1603
vn 0.7071 0.6643 0.2425
vn 0.4508 0.7966 0.4028
vn 0.6011 0.6356 0.4845
vn 0.7139 0.5430 0.4422
vn 0.8391 0.3860 0.3833
vn 0.3719 0.5524 0.7460
vn -0.0042 0.5527 0.8333
vn -0.0653 0.4771 0.8764
vn 0.9505 0.2011 0.2369
vn 0.0728 0.4712 0.8790
vn -0.7926 0.5386 0.2860
vn -0.9979 0.0634 -0.0095
vn -0.9980 0.0629 -0.0079
vn -0.9984 -0.0535 -0.0168
vn -0.9971 -0.0750 0.0094
vn -0.9986 -0.0319 -0.0430
vn -0.0171 -0.9923 -0.1224
vn -0.0152 -0.9927 -0.1194
vn -0.0308 -0.9928 -0.1156
vn 0.2588 0.9634 -0.0696
vn 0.2506 0.9674 -0.0369
vn 0.9849 0.0942 -0.1451
vn 0.9820 0.1790 -0.0597
vn 0.9590 0.2130 -0.1869
vn 0.9820 0.1790 -0.0598
vn 0.9086 0.3991 -0.1233
vn 0.7188 0.6931 -0.0543
vn 0.3748 0.9213 0.1034
vn 0.1969 0.9768 0.0847
vn 0.1262 0.9902 0.0601
vn -0.1003 -0.9842 -0.1458
vn -0.0968 -0.9810 -0.1684
vn -0.0849 -0.9789 -0.1860
vn -0.0880 -0.9782 -0.1883
vn 0.0925 0.9897 0.1096
vn 0.0914 0.9845 0.1497
vn 0.0782 0.9792 0.1871
vn 1.0000 -0.0049 0.0049
vn 0.9999 -0.0119 -0.0004
vn 1.0000 0.0049 -0.0072
vn 0.9987 0.0331 -0.0378
vn 0.9962 0.0573 -0.0653
vn 0.9946 0.0281 -0.1003
vn -0.1839 0.9815 0.0539
vn -0.3315 0.9407 0.0718
vn -0.6746 0.7382 0.0025
vn -0.8918 0.4376 -0.1148
vn -0.9669 0.2379 -0.0923
vn -0.9779 0.1939 0.0775
vn -0.9775 0.1228 -0.1717
vn 0.0772 -0.9872 -0.1396
vn 0.1065 -0.9871 -0.1197
vn 0.0808 -0.9885 -0.1276
vn 0.0299 -0.9919 -0.1235
vn 0.2748 0.9606 -0.0419
vn 0.4898 0.6892 -0.5339
vn 0.1486 0.4258 -0.8925
vn 0.1899 0.9558 -0.2244
vn 0.7637 0.6335 0.1239
vn 0.3232 0.9373 0.1301
vn -0.0544 0.7536 0.6551
vn 0.8048 0.3362 0.4892
vn -0.2922 0.0890 0.9522
vn 0.8508 -0.2464 0.4642
vn 0.4930 -0.6987 0.5185
vn -0.4481 -0.5619 0.6954
vn 0.9892 0.1295 0.0683
vn 0.9591 -0.2824 -0.0218
vn 0.2971 -0.9330 0.2030
vn 0.7587 0.0092 -0.6513
vn 0.8105 -0.5839 0.0470
vn 0.0564 -0.8868 -0.4588
vn 0.5196 -0.4594 -0.7203
vn -0.2679 -0.9344 0.2347
vn -0.3330 -0.9415 -0.0515
vn -0.2847 -0.9559 0.0718
vn -0.1045 -0.4598 -0.8819
vn -0.0000 0.9903 0.1389
vn -0.3127 0.9292 0.1971
vn -0.2844 0.7176 -0.6358
vn 0.5923 -0.1956 0.7816
vn 0.1509 -0.1758 0.9728
vn -0.5802 -0.1718 0.7962
vn -0.1353 -0.1592 0.9779
vn 0.8708 0.2766 0.4065
vn 0.8785 0.2492 0.4075
vn 0.8786 0.2528 0.4052
vn 0.8785 0.2487 0.4079
vn 0.8786 0.2531 0.4051
vn 0.1557 0.0464 0.9867
vn 0.1070 0.0257 0.9939
vn 0.1069 0.0259 0.9939
vn 0.0954 0.0614 0.9935
vn 0.1182 -0.0094 0.9929
vn 0.1599 0.0357 0.9865
vn 0.8912 0.2424 0.3834
vn -0.8753 0.2572 0.4096
vn -0.8787 0.2426 0.4112
vn -0.1590 0.0455 0.9862
vn -0.1073 0.0266 0.9939
vn -0.1073 0.0267 0.9939
vn -0.0967 0.0619 0.9934
vn -0.1177 -0.0083 0.9930
vn -0.1692 0.0482 0.9844
vn -0.8868 0.2448 0.3919
vn 0.1078 -0.0336 -0.9936
vn 0.0001 0.1874 -0.9823
vn 0.0355 0.1568 -0.9870
vn -0.0513 0.1549 -0.9866
vt 1.387200 0.430500
vt 1.381700 0.436000
vt 1.379400 0.433800
vt 1.614400 0.990300
vt 1.617200 0.944000
vt 1.614400 0.941300
vt 0.729200 0.551300
vt 0.724200 0.506300
vt 0.729200 0.528100
vt 0.768100 0.551300
vt 0.773600 0.599300
vt 0.768100 0.575100
vt 0.142000 0.055600
vt 0.165900 0.055600
vt 0.094100 0.060600
vt 1.658800 0.965800
vt 1.658800 0.984800
vt 1.661600 0.987500
vt 1.750600 0.375300
vt 1.756600 0.375300
vt 1.756600 0.372100
vt 0.756600 0.317100
vt 0.750600 0.313900
vt 0.756600 0.313900
vt 0.756600 0.375300
vt 0.750600 0.375300
vt 0.756600 0.372100
vt 0.418200 0.036900
vt 0.416900 0.018100
vt 0.418200 0.018100
vt 1.318900 0.036900
vt 1.320800 0.044800
vt 1.326900 0.022900
vt 1.817500 0.177300
vt 1.813600 0.171700
vt 1.817500 0.171700
vt 1.856500 0.177300
vt 1.860500 0.171700
vt 1.856500 0.171700
vt 0.860500 0.177300
vt 0.856500 0.177300
vt 0.860500 0.171700
vt 1.818300 0.270000
vt 1.827900 0.271500
vt 1.846100 0.271500
vt 0.304100 0.016700
vt 0.300200 0.011200
vt 0.304100 0.011200
vt 0.724200 0.413100
vt 0.729200 0.413100
vt 0.724200 0.417000
vt 0.770200 0.294000
vt 0.770200 0.313400
vt 0.764400 0.294000
vt 0.422500 0.055700
vt 0.418200 0.055700
vt 0.300200 0.060600
vt 0.304100 0.055600
vt 0.304100 0.060600
vt 0.856500 0.171700
vt 0.773600 0.417000
vt 0.768100 0.413100
vt 0.773600 0.413100
vt 0.817500 0.177300
vt 0.813600 0.171700
vt 0.817500 0.171700
vt 1.848900 0.275800
vt 0.620400 0.084400
vt 0.596300 0.084400
vt 0.668600 0.079700
vt 1.387200 0.455000
vt 1.381700 0.455000
vt 1.381700 0.474000
vt 1.387200 0.479500
vt 1.379400 0.476300
vt 1.385000 0.428200
vt 1.370600 0.428200
vt 1.373300 0.433800
vt 1.367800 0.433800
vt 1.373300 0.455000
vt 1.367800 0.455000
vt 1.367800 0.476300
vt 1.373300 0.476300
vt 1.370600 0.481800
vt 1.357500 0.428200
vt 1.360300 0.433800
vt 1.354700 0.433800
vt 1.360300 0.455000
vt 1.354700 0.455000
vt 1.354700 0.476300
vt 1.360300 0.476300
vt 1.357500 0.481800
vt 1.345100 0.433800
vt 1.339500 0.428200
vt 1.342800 0.436000
vt 1.337200 0.430500
vt 1.337200 0.479500
vt 1.342800 0.474000
vt 1.339500 0.481800
vt 1.345100 0.476300
vt 1.385000 0.481800
vt 0.768100 0.689600
vt 0.773600 0.709600
vt 0.768100 0.709600
vt 0.773600 0.668100
vt 0.768100 0.668100
vt 0.768100 0.646000
vt 0.768100 0.623100
vt 0.768100 0.599300
vt 0.117900 0.055600
vt 0.094100 0.055600
vt 0.049000 0.060600
vt 0.071200 0.055600
vt 0.049000 0.055600
vt 0.007600 0.060600
vt 0.027600 0.055600
vt 0.007600 0.055600
vt 0.419000 0.089700
vt 0.436900 0.078800
vt 0.438600 0.083700
vt 0.400200 0.093600
vt 0.399500 0.088300
vt 0.365300 0.091200
vt 0.365200 0.096700
vt 0.330300 0.093300
vt 0.331100 0.088100
vt 0.311700 0.088700
vt 0.292100 0.082500
vt 0.294000 0.077700
vt 0.724200 0.709600
vt 0.729200 0.689600
vt 0.729200 0.709600
vt 0.724200 0.668100
vt 0.729200 0.668100
vt 0.729200 0.646000
vt 0.724200 0.599300
vt 0.729200 0.623100
vt 0.729200 0.599300
vt 0.729200 0.575100
vt 0.550200 0.422100
vt 0.570200 0.420700
vt 0.569400 0.432000
vt 0.550400 0.433100
vt 0.531400 0.432600
vt 0.530200 0.421400
vt 0.537700 0.402500
vt 0.549800 0.396800
vt 0.562000 0.402000
vt 1.661600 0.944000
vt 1.658800 0.946800
vt 1.656600 0.944500
vt 1.664400 0.941300
vt 1.662100 0.939000
vt 1.664400 0.965800
vt 1.656600 0.987000
vt 1.659400 0.989800
vt 1.647700 0.989800
vt 1.664400 0.990300
vt 1.662100 0.992600
vt 1.634700 0.989800
vt 1.644900 0.987000
vt 1.650500 0.987000
vt 1.619500 0.989800
vt 1.622200 0.987000
vt 1.631900 0.987000
vt 1.637500 0.987000
vt 1.616700 0.992600
vt 1.617200 0.987500
vt 1.620000 0.984800
vt 1.620000 0.946800
vt 1.622200 0.944500
vt 1.619400 0.941800
vt 1.634700 0.941800
vt 1.631900 0.944500
vt 1.616700 0.939000
vt 1.647700 0.941800
vt 1.644900 0.944500
vt 1.637500 0.944500
vt 1.631900 0.965800
vt 1.637500 0.965800
vt 1.659400 0.941800
vt 1.650500 0.944500
vt 1.644900 0.965800
vt 1.650500 0.965800
vt 1.647700 0.939000
vt 1.647700 0.992600
vt 1.634700 0.939000
vt 0.661600 0.987500
vt 0.664400 0.965800
vt 0.664400 0.990300
vt 0.659400 0.989800
vt 0.656600 0.987000
vt 0.647700 0.989800
vt 0.662100 0.992600
vt 0.634700 0.989800
vt 0.619500 0.989800
vt 0.616700 0.992600
vt 0.658800 0.984800
vt 0.661600 0.944000
vt 0.658800 0.965800
vt 0.658800 0.946800
vt 0.656600 0.944500
vt 0.659400 0.941800
vt 0.647700 0.941800
vt 0.650500 0.944500
vt 0.664400 0.941300
vt 0.662100 0.939000
vt 0.634700 0.941800
vt 0.644900 0.944500
vt 0.644900 0.965800
vt 0.650500 0.965800
vt 0.650500 0.987000
vt 0.619400 0.941800
vt 0.622200 0.944500
vt 0.631900 0.944500
vt 0.637500 0.944500
vt 0.616700 0.939000
vt 0.617200 0.944000
vt 0.620000 0.946800
vt 0.620000 0.984800
vt 0.617200 0.987500
vt 0.622200 0.987000
vt 0.614400 0.941300
vt 0.614400 0.990300
vt 0.631900 0.987000
vt 0.637500 0.987000
vt 0.631900 0.965800
vt 0.637500 0.965800
vt 0.644900 0.987000
vt 0.387200 0.430500
vt 0.387200 0.455000
vt 0.381700 0.436000
vt 0.381700 0.455000
vt 0.381700 0.474000
vt 0.387200 0.479500
vt 0.379400 0.433800
vt 0.385000 0.428200
vt 0.370600 0.428200
vt 0.373300 0.433800
vt 0.367800 0.433800
vt 0.373300 0.455000
vt 0.367800 0.455000
vt 0.367800 0.476300
vt 0.373300 0.476300
vt 0.370600 0.481800
vt 0.379400 0.476300
vt 0.357500 0.428200
vt 0.360300 0.433800
vt 0.354700 0.433800
vt 0.360300 0.455000
vt 0.354700 0.455000
vt 0.354700 0.476300
vt 0.360300 0.476300
vt 0.357500 0.481800
vt 0.345100 0.433800
vt 0.339500 0.428200
vt 0.342800 0.436000
vt 0.337200 0.430500
vt 0.337200 0.455000
vt 0.342800 0.474000
vt 0.337200 0.479500
vt 0.339500 0.481800
vt 0.345100 0.476300
vt 0.385000 0.481800
vt 0.561600 0.359100
vt 0.543600 0.368100
vt 0.542900 0.358800
vt 0.554800 0.370300
vt 0.563500 0.370700
vt 0.565900 0.365700
vt 0.565400 0.358900
vt 0.567100 0.390900
vt 0.571900 0.386900
vt 0.583100 0.397200
vt 0.583100 0.391200
vt 0.594200 0.386700
vt 0.599000 0.390700
vt 0.602400 0.370500
vt 0.611100 0.370000
vt 0.604200 0.358800
vt 0.622300 0.367700
vt 0.622900 0.358400
vt 1.594200 0.386700
vt 1.583100 0.397200
vt 1.583100 0.391200
vt 1.599000 0.390700
vt 1.602400 0.370500
vt 1.611100 0.370000
vt 1.604200 0.358800
vt 1.599900 0.365400
vt 1.583000 0.369600
vt 1.571900 0.386900
vt 1.563500 0.370700
vt 1.622300 0.367700
vt 1.622900 0.358400
vt 1.600400 0.358700
vt 1.565900 0.365700
vt 1.561600 0.359100
vt 1.554800 0.370300
vt 1.567100 0.390900
vt 1.565400 0.358900
vt 1.582800 0.353900
vt 1.563900 0.355700
vt 1.563500 0.336900
vt 1.601900 0.336600
vt 1.601900 0.355400
vt 1.543600 0.368100
vt 1.542900 0.358800
vt 1.764400 0.326600
vt 1.770200 0.326600
vt 1.764400 0.313400
vt 1.770200 0.313400
vt 0.770200 0.326600
vt 0.764400 0.326600
vt 0.764400 0.313400
vt 1.764400 0.365300
vt 1.770200 0.365300
vt 1.764400 0.378400
vt 1.770200 0.378400
vt 1.743200 0.369200
vt 1.737200 0.378900
vt 1.743200 0.378900
vt 1.737200 0.369200
vt 1.737200 0.365900
vt 1.743200 0.365900
vt 1.743200 0.327800
vt 1.737200 0.327800
vt 1.743200 0.324600
vt 1.737200 0.324600
vt 1.737200 0.314800
vt 1.743200 0.314800
vt 1.750600 0.313900
vt 1.756600 0.313900
vt 1.750600 0.294800
vt 1.756600 0.294800
vt 0.737200 0.378900
vt 0.743200 0.369200
vt 0.743200 0.378900
vt 0.737200 0.369200
vt 0.737200 0.365900
vt 0.743200 0.365900
vt 0.743200 0.327800
vt 0.737200 0.327800
vt 0.743200 0.324600
vt 0.737200 0.324600
vt 0.737200 0.314800
vt 0.743200 0.314800
vt 1.680900 0.992500
vt 1.680900 0.967400
vt 1.674800 0.992500
vt 1.674800 0.967400
vt 1.680900 0.964200
vt 1.674800 0.964200
vt 1.674800 0.949400
vt 1.674800 0.936000
vt 1.674800 0.920000
vt 1.680900 0.920000
vt 1.680900 0.916700
vt 1.674800 0.916700
vt 1.680900 0.866600
vt 1.674800 0.866600
vt 1.674800 0.863300
vt 1.680900 0.863300
vt 1.680900 0.819200
vt 1.674800 0.847400
vt 1.674800 0.834000
vt 1.674800 0.819200
vt 1.674800 0.815900
vt 1.680900 0.815900
vt 1.674800 0.790800
vt 1.680900 0.790800
vt 1.756600 0.365900
vt 1.750600 0.365900
vt 1.750600 0.372100
vt 1.750600 0.394400
vt 1.756600 0.394400
vt 1.680900 0.949400
vt 1.680900 0.834000
vt 1.750600 0.323200
vt 1.756600 0.317100
vt 1.756600 0.323200
vt 1.750600 0.317100
vt 1.680900 0.847400
vt 0.750600 0.294800
vt 0.756600 0.294800
vt 0.750600 0.323200
vt 0.750600 0.317100
vt 0.756600 0.323200
vt 0.680900 0.992500
vt 0.674800 0.992500
vt 0.680900 0.967400
vt 0.674800 0.967400
vt 0.674800 0.964200
vt 0.680900 0.964200
vt 0.674800 0.949400
vt 0.674800 0.936000
vt 0.674800 0.920000
vt 0.680900 0.920000
vt 0.680900 0.916700
vt 0.674800 0.916700
vt 0.674800 0.891700
vt 0.680900 0.866600
vt 0.674800 0.866600
vt 0.674800 0.863300
vt 0.680900 0.863300
vt 0.680900 0.819200
vt 0.674800 0.847400
vt 0.674800 0.834000
vt 0.674800 0.819200
vt 0.674800 0.815900
vt 0.680900 0.815900
vt 0.674800 0.790800
vt 0.680900 0.790800
vt 0.750600 0.394400
vt 0.756600 0.394400
vt 0.326900 0.022900
vt 0.334100 0.019600
vt 0.318900 0.036900
vt 0.348500 0.055700
vt 0.348500 0.018100
vt 0.366500 0.018100
vt 0.366500 0.055700
vt 0.389400 0.018100
vt 0.334100 0.054200
vt 0.326900 0.050800
vt 0.389400 0.055700
vt 0.402500 0.055700
vt 0.402500 0.018100
vt 0.409800 0.018100
vt 0.409800 0.055700
vt 0.414100 0.055700
vt 0.414100 0.018100
vt 0.416900 0.055700
vt 1.326900 0.050800
vt 1.334100 0.054200
vt 1.348500 0.055700
vt 1.348500 0.018100
vt 1.366500 0.018100
vt 1.366500 0.055700
vt 1.389400 0.055700
vt 1.389400 0.018100
vt 1.402500 0.055700
vt 1.334100 0.019600
vt 1.402500 0.018100
vt 1.409800 0.018100
vt 1.409800 0.055700
vt 1.414100 0.018100
vt 1.414100 0.055700
vt 1.416900 0.055700
vt 1.416900 0.018100
vt 1.320800 0.029000
vt 0.644600 0.084400
vt 0.668600 0.084400
vt 0.716400 0.079700
vt 0.692500 0.084400
vt 0.716400 0.084400
vt 0.027600 0.016700
vt 0.007600 0.016700
vt 0.049000 0.016700
vt 0.071200 0.016700
vt 0.094100 0.016700
vt 0.117900 0.016700
vt 0.142000 0.016700
vt 0.165900 0.016700
vt 0.189100 0.016700
vt 0.189100 0.055600
vt 0.210900 0.016700
vt 0.210900 0.055600
vt 0.231200 0.055600
vt 0.231200 0.016700
vt 0.252100 0.016700
vt 0.252100 0.055600
vt 0.273800 0.016700
vt 0.273800 0.055600
vt 0.290200 0.055600
vt 0.290200 0.016700
vt 0.300200 0.016700
vt 0.300200 0.055600
vt 1.856500 0.162800
vt 1.817500 0.162800
vt 1.856500 0.151100
vt 1.817500 0.151100
vt 1.813600 0.183300
vt 1.813600 0.177300
vt 1.817500 0.183300
vt 1.817500 0.188900
vt 1.813600 0.188900
vt 1.817500 0.195100
vt 1.813600 0.195100
vt 1.817500 0.206300
vt 1.813600 0.206300
vt 1.813600 0.228400
vt 1.817500 0.228400
vt 1.817500 0.249100
vt 1.813600 0.249100
vt 1.817500 0.261000
vt 1.813600 0.262800
vt 1.821900 0.266800
vt 1.825200 0.275800
vt 1.837000 0.278300
vt 1.855700 0.270000
vt 0.007600 0.011200
vt 0.027600 0.011200
vt 0.071200 0.011200
vt 0.117900 0.011200
vt 0.189100 0.011200
vt 0.252100 0.011200
vt 0.290200 0.011200
vt 0.713600 0.154200
vt 0.718000 0.149400
vt 0.718000 0.154200
vt 0.701700 0.149400
vt 1.852100 0.266800
vt 1.860500 0.262800
vt 1.856500 0.261000
vt 1.860500 0.249100
vt 1.856500 0.249100
vt 1.856500 0.228400
vt 1.856500 0.206300
vt 1.856500 0.195100
vt 1.856500 0.188900
vt 1.856500 0.183300
vt 1.860500 0.228400
vt 1.860500 0.206300
vt 1.860500 0.195100
vt 1.860500 0.188900
vt 1.860500 0.183300
vt 1.860500 0.177300
vt 0.468400 0.127800
vt 0.451400 0.131200
vt 0.465900 0.123200
vt 0.435900 0.148000
vt 0.439700 0.138000
vt 0.431700 0.144700
vt 0.431400 0.154700
vt 0.426500 0.152500
vt 0.423600 0.162000
vt 0.429700 0.180500
vt 0.423000 0.172100
vt 0.424600 0.182000
vt 0.433600 0.189100
vt 0.428900 0.191800
vt 0.436500 0.201700
vt 0.449900 0.206100
vt 0.447000 0.210500
vt 0.460000 0.217000
vt 0.494100 0.219600
vt 0.475300 0.221600
vt 0.493400 0.224600
vt 0.514000 0.226100
vt 0.536100 0.220900
vt 0.536600 0.225700
vt 0.817500 0.162800
vt 0.837000 0.171700
vt 0.856500 0.162800
vt 0.856500 0.151100
vt 0.817500 0.151100
vt 0.729200 0.506300
vt 0.729200 0.486000
vt 0.724200 0.426900
vt 0.729200 0.465100
vt 0.729200 0.443400
vt 0.729200 0.426900
vt 0.729200 0.417000
vt 1.582700 0.334900
vt 0.750600 0.365900
vt 0.750600 0.372100
vt 0.756600 0.365900
vt 0.770200 0.378400
vt 0.764400 0.378400
vt 0.770200 0.365300
vt 0.764400 0.365300
vt 1.770200 0.294000
vt 1.764400 0.294000
vt 1.743200 0.293500
vt 1.737200 0.293500
vt 1.764400 0.345900
vt 1.770200 0.345900
vt 1.764400 0.397800
vt 1.770200 0.397800
vt 1.737200 0.400300
vt 1.743200 0.400300
vt 1.750600 0.344600
vt 1.756600 0.344600
vt 0.737200 0.293500
vt 0.743200 0.293500
vt 0.750600 0.344600
vt 0.756600 0.344600
vt 0.764400 0.345900
vt 0.770200 0.345900
vt 0.770200 0.397800
vt 0.764400 0.397800
vt 0.743200 0.400300
vt 0.737200 0.400300
vt 0.856500 0.183300
vt 0.817500 0.183300
vt 0.817500 0.188900
vt 0.856500 0.188900
vt 0.856500 0.195100
vt 0.817500 0.195100
vt 0.817500 0.206300
vt 0.856500 0.206300
vt 0.817500 0.228400
vt 0.856500 0.228400
vt 0.817500 0.249100
vt 0.837000 0.273400
vt 0.856500 0.249100
vt 0.856500 0.261000
vt 0.852100 0.266800
vt 0.817500 0.261000
vt 0.821900 0.266800
vt 0.773600 0.528100
vt 0.768100 0.528100
vt 0.768100 0.506300
vt 0.768100 0.486000
vt 0.768100 0.465100
vt 0.773600 0.465100
vt 0.768100 0.443400
vt 0.768100 0.426900
vt 0.773600 0.426900
vt 0.768100 0.417000
vt 0.398500 0.146200
vt 0.330700 0.190000
vt 0.364900 0.222400
vt 0.425700 0.244400
vt 0.303300 0.152100
vt 0.306000 0.161700
vt 0.306700 0.172000
vt 0.305000 0.182000
vt 0.300700 0.191900
vt 0.293200 0.202000
vt 0.282800 0.211000
vt 0.304400 0.244800
vt 0.298200 0.144000
vt 0.290200 0.137100
vt 0.278700 0.130000
vt 0.264400 0.121700
vt 0.269800 0.217700
vt 0.277500 0.287100
vt 0.292900 0.293700
vt 0.304000 0.302300
vt 0.365000 0.255200
vt 0.254500 0.222400
vt 0.258700 0.281500
vt 0.237100 0.276400
vt 0.236500 0.225600
vt 0.213900 0.271800
vt 0.215900 0.227300
vt 0.189700 0.268200
vt 0.193300 0.227200
vt 0.312500 0.312300
vt 0.365300 0.311900
vt 0.418100 0.311800
vt 0.426500 0.301700
vt 0.437600 0.293200
vt 0.452900 0.286400
vt 0.319800 0.323200
vt 0.326000 0.335000
vt 0.365600 0.356700
vt 0.404900 0.334500
vt 0.411000 0.322700
vt 0.331100 0.348000
vt 0.335600 0.361700
vt 0.339500 0.376300
vt 0.342600 0.392300
vt 0.366000 0.408500
vt 0.389200 0.392000
vt 0.392100 0.375900
vt 0.395700 0.361300
vt 0.400000 0.347500
vt 0.344800 0.409900
vt 0.387300 0.409600
vt 0.471700 0.280700
vt 0.493300 0.275400
vt 0.516400 0.270600
vt 0.540600 0.266800
vt 0.261800 0.126300
vt 0.286800 0.141100
vt 0.298300 0.154200
vt 0.301300 0.171700
vt 0.296100 0.189200
vt 0.279800 0.206600
vt 0.235700 0.220700
vt 0.193800 0.222300
vt 0.581000 0.154200
vt 0.556700 0.149400
vt 0.628800 0.149400
vt 0.556700 0.154200
vt 0.532700 0.154200
vt 0.508800 0.154200
vt 0.485000 0.149400
vt 0.485000 0.154200
vt 0.508800 0.195700
vt 0.485000 0.195700
vt 0.532700 0.195700
vt 0.556700 0.195700
vt 0.581000 0.195700
vt 0.605100 0.195700
vt 0.605100 0.154200
vt 0.628800 0.154200
vt 0.628800 0.195700
vt 0.654400 0.154200
vt 0.654400 0.195700
vt 0.681400 0.154200
vt 0.681400 0.195700
vt 0.701700 0.154200
vt 0.701700 0.195700
vt 0.713600 0.195700
vt 0.718000 0.195700
vt 0.697700 0.018100
vt 0.718400 0.013200
vt 0.718400 0.018100
vt 0.674200 0.018100
vt 0.649400 0.013200
vt 0.649400 0.018100
vt 0.624100 0.018100
vt 0.598600 0.013200
vt 0.598600 0.018100
vt 0.573100 0.018100
vt 0.547900 0.013200
vt 0.547900 0.018100
vt 0.523600 0.018100
vt 0.500700 0.013200
vt 0.500700 0.018100
vt 0.477200 0.018100
vt 0.452200 0.018100
vt 0.433200 0.018100
vt 0.433200 0.013200
vt 0.422500 0.013200
vt 0.422500 0.018100
vt 0.418200 0.013200
vt 0.813600 0.183300
vt 0.813600 0.177300
vt 0.813600 0.188900
vt 0.813600 0.195100
vt 0.813600 0.206300
vt 0.813600 0.228400
vt 0.813600 0.249100
vt 0.813600 0.262800
vt 0.818300 0.270000
vt 0.837000 0.278300
vt 0.487700 0.084400
vt 0.483400 0.125900
vt 0.483400 0.084400
vt 0.487700 0.125900
vt 0.499600 0.125900
vt 0.499600 0.084400
vt 0.519900 0.125900
vt 0.519900 0.084400
vt 0.547000 0.125900
vt 0.547000 0.084400
vt 0.572500 0.125900
vt 0.572500 0.084400
vt 0.596300 0.125900
vt 0.620400 0.125900
vt 0.644600 0.125900
vt 0.668600 0.125900
vt 0.692500 0.125900
vt 0.716400 0.125900
vt 0.433200 0.055700
vt 0.452200 0.055700
vt 0.477200 0.055700
vt 0.500700 0.055700
vt 0.523600 0.055700
vt 0.547900 0.055700
vt 0.573100 0.055700
vt 0.598600 0.055700
vt 0.624100 0.055700
vt 0.649400 0.055700
vt 0.674200 0.055700
vt 0.718400 0.036900
vt 0.697700 0.055700
vt 0.718400 0.055700
vt 0.860500 0.183300
vt 0.860500 0.188900
vt 0.860500 0.195100
vt 0.860500 0.206300
vt 0.860500 0.228400
vt 0.860500 0.249100
vt 0.860500 0.262800
vt 0.855700 0.270000
vt 0.487700 0.129500
vt 0.483400 0.129500
vt 0.499600 0.129500
vt 0.572500 0.129500
vt 0.189100 0.060600
vt 0.231200 0.060600
vt 0.290200 0.060600
vt 0.392200 0.409900
vt 0.397100 0.377100
vt 0.405100 0.349300
vt 0.422600 0.315000
vt 0.440500 0.297800
vt 0.494500 0.280300
vt 0.540900 0.271600
vt 0.644600 0.129500
vt 0.692500 0.129500
vt 0.716400 0.129500
vt 0.596300 0.079700
vt 0.499600 0.079700
vt 0.487700 0.079700
vt 0.483400 0.079700
vt 0.422500 0.060600
vt 0.418200 0.060600
vt 0.433200 0.060600
vt 0.477200 0.060600
vt 0.547900 0.060600
vt 0.598600 0.060600
vt 0.649400 0.060600
vt 0.697700 0.060600
vt 0.718400 0.060600
vt 0.189400 0.273100
vt 0.235900 0.281300
vt 0.275600 0.292100
vt 0.300200 0.306200
vt 0.321000 0.337200
vt 0.334500 0.377500
vt 0.339900 0.410300
vt 0.485000 0.199300
vt 0.532700 0.199300
vt 0.605100 0.199300
vt 0.701700 0.199300
vt 0.713600 0.199300
vt 0.718000 0.199300
vt 0.583000 0.369600
vt 0.599900 0.365400
vt 0.600400 0.358700
vt 1.562000 0.402000
vt 1.550200 0.422100
vt 1.549800 0.396800
vt 1.537700 0.402500
vt 1.530200 0.421400
vt 1.531400 0.432600
vt 1.550400 0.433100
vt 1.569400 0.432000
vt 1.570200 0.420700
vt 0.563900 0.355700
vt 0.582800 0.353900
vt 0.601900 0.355400
vt 0.601900 0.336600
vt 0.563500 0.336900
s 1
usemtl act\gasmask\gasmask_gp7vm
f 1/1/1 3/2/2 2/3/3
f 4/4/4 6/5/5 5/6/6
f 7/7/7 9/8/8 8/9/9
f 10/10/10 12/11/11 11/12/12
f 13/13/13 15/14/14 14/15/15
f 16/16/16 18/17/17 17/18/18
f 19/1/19 21/3/19 20/2/19
f 22/19/20 24/20/21 23/21/22
f 25/20/23 27/19/24 26/21/25
f 28/22/26 30/23/26 29/24/26
f 31/25/27 33/26/27 32/27/27
f 34/28/28 36/29/29 35/30/30
f 37/31/31 39/32/32 38/33/33
f 40/34/34 42/35/34 41/36/34
f 43/37/35 45/38/36 44/39/37
f 36/40/38 46/41/39 35/42/40
f 47/34/41 49/35/42 48/36/43
f 50/37/44 52/38/45 51/39/46
f 53/43/47 55/44/48 54/45/49
f 45/46/36 56/47/50 44/48/37
f 41/49/51 42/50/51 57/51/51
f 58/52/52 59/53/53 34/54/54
f 34/28/55 60/55/55 59/56/55
f 61/57/56 63/58/57 62/59/58
f 35/42/40 46/41/39 64/60/59
f 65/61/60 67/62/60 66/63/60
f 67/38/61 68/37/62 66/39/63
f 63/35/64 69/34/64 62/36/64
f 70/35/65 72/34/66 71/36/67
f 73/64/68 59/65/69 74/66/70
f 75/38/71 77/37/72 76/39/73
f 78/43/74 80/44/75 79/45/76
f 78/43/74 79/45/76 81/67/77
f 82/68/78 84/69/79 83/70/80
f 1/1/1 85/71/81 3/2/2
f 86/72/82 3/2/2 85/71/81
f 86/72/82 85/71/81 87/73/83
f 88/74/84 87/73/83 85/71/81
f 88/74/85 89/75/85 87/73/85
f 2/3/3 90/76/86 1/1/1
f 2/3/3 91/77/87 90/76/86
f 92/78/88 91/77/87 2/3/3
f 91/77/87 92/78/88 93/79/89
f 92/78/88 94/80/90 93/79/89
f 95/81/91 93/79/89 94/80/90
f 95/81/91 94/80/90 96/82/92
f 96/82/92 94/80/90 97/83/93
f 97/83/93 98/84/94 96/82/92
f 98/84/95 97/83/95 89/75/95
f 93/79/89 99/85/96 91/77/87
f 100/86/97 99/85/96 93/79/89
f 99/85/96 100/86/97 101/87/98
f 100/86/97 102/88/99 101/87/98
f 103/89/100 101/87/98 102/88/99
f 103/89/100 102/88/99 104/90/101
f 104/90/101 102/88/99 76/91/102
f 76/91/102 105/92/103 104/90/101
f 96/82/92 105/92/103 76/91/102
f 105/92/103 96/82/92 98/84/94
f 106/93/104 99/85/96 101/87/98
f 107/94/105 99/85/96 106/93/104
f 107/94/105 106/93/104 108/95/106
f 108/95/106 109/96/107 107/94/105
f 109/96/107 108/95/106 110/97/108
f 111/98/109 110/97/108 108/95/106
f 110/97/108 111/98/109 112/99/110
f 112/99/110 111/98/109 113/100/111
f 112/99/110 113/100/111 105/92/103
f 104/90/101 105/92/103 113/100/111
f 98/84/94 89/75/112 88/101/84
f 114/102/113 116/103/114 115/104/115
f 114/102/113 117/105/116 116/103/114
f 118/106/117 117/105/116 114/102/113
f 119/107/118 117/105/116 118/106/117
f 120/108/119 117/105/116 119/107/118
f 120/108/119 12/11/11 117/105/116
f 12/11/11 120/108/119 121/109/120
f 11/12/12 12/11/11 121/109/120
f 13/13/13 14/15/15 122/110/121
f 122/110/121 14/15/15 123/111/122
f 123/111/122 14/15/15 124/112/123
f 123/111/122 124/112/123 125/113/124
f 125/113/124 124/112/123 126/114/125
f 126/114/125 124/112/123 127/115/126
f 127/115/126 128/116/127 126/114/125
f 128/116/127 127/115/126 129/117/128
f 130/118/129 132/119/130 131/120/131
f 133/121/132 132/119/130 130/118/129
f 133/121/132 134/122/133 132/119/130
f 134/122/133 133/121/132 135/123/134
f 136/124/135 135/123/134 133/121/132
f 135/123/134 136/124/135 137/125/136
f 137/125/136 138/126/137 135/123/134
f 139/127/138 138/126/137 137/125/136
f 138/126/137 139/127/138 115/128/115
f 116/129/114 138/126/137 115/128/115
f 140/130/139 142/131/140 141/132/141
f 143/133/142 142/131/140 140/130/139
f 143/133/142 144/134/143 142/131/140
f 143/133/142 145/135/144 144/134/143
f 145/135/144 143/133/142 146/136/145
f 146/136/145 147/137/146 145/135/144
f 147/137/146 146/136/145 148/138/147
f 148/138/147 146/136/145 149/139/148
f 149/139/148 146/136/145 9/8/8
f 149/139/148 9/8/8 7/7/7
f 150/140/149 152/141/149 151/142/149
f 150/140/150 151/142/151 153/143/152
f 150/140/150 153/143/152 154/144/153
f 150/140/154 154/144/155 155/145/156
f 156/146/157 150/140/157 155/145/157
f 150/140/158 156/146/158 157/147/158
f 158/148/159 150/140/159 157/147/159
f 158/148/160 152/141/160 150/140/160
f 159/17/161 161/149/162 160/16/163
f 160/16/163 161/149/162 24/150/21
f 24/150/21 161/149/162 23/151/22
f 161/149/162 163/152/164 162/153/165
f 161/149/162 164/154/166 163/152/164
f 161/149/162 165/18/167 164/154/166
f 165/18/167 161/149/162 159/17/161
f 166/155/168 165/18/167 159/17/161
f 165/18/167 166/155/168 167/156/169
f 167/156/169 166/155/168 168/157/170
f 164/154/166 165/18/167 169/158/171
f 165/18/167 167/156/169 169/158/171
f 169/158/171 167/156/169 170/159/172
f 167/156/169 168/157/170 170/159/172
f 168/157/170 171/160/173 170/159/172
f 168/157/170 69/161/174 171/160/173
f 69/161/175 168/157/175 172/162/175
f 168/157/176 166/155/176 172/162/176
f 171/160/173 173/163/177 170/159/172
f 174/164/178 173/163/177 171/160/173
f 174/164/178 171/160/173 175/165/179
f 171/160/173 176/166/180 175/165/179
f 171/160/173 69/161/174 176/166/180
f 170/159/172 173/163/177 177/167/181
f 177/167/181 173/163/177 178/168/182
f 173/163/177 179/169/183 178/168/182
f 173/163/177 174/164/178 179/169/183
f 177/167/181 178/168/182 180/4/184
f 178/168/182 181/5/185 180/4/184
f 178/168/182 179/169/183 181/5/185
f 182/170/186 181/5/185 179/169/183
f 181/5/185 182/170/186 183/171/187
f 181/5/185 183/171/187 184/172/188
f 184/172/188 183/171/187 185/173/189
f 185/173/189 183/171/187 186/174/190
f 180/4/184 181/5/185 187/6/191
f 187/6/191 181/5/185 188/175/192
f 181/5/185 184/172/188 188/175/192
f 184/172/188 162/153/165 188/175/192
f 185/173/189 162/153/165 184/172/188
f 185/173/189 189/176/193 162/153/165
f 189/176/193 185/173/189 190/177/194
f 190/177/194 185/173/189 191/178/195
f 191/178/195 185/173/189 186/174/190
f 186/174/196 192/179/196 191/178/196
f 192/179/196 193/180/197 191/178/195
f 193/180/197 192/179/196 176/166/198
f 175/165/196 176/166/196 192/179/196
f 189/176/193 161/181/162 162/153/165
f 161/181/162 189/176/193 23/151/22
f 189/176/199 194/182/199 23/151/199
f 190/177/194 194/182/200 189/176/193
f 190/177/194 195/183/201 194/182/200
f 195/183/201 196/184/202 194/182/200
f 196/184/202 195/183/201 172/162/203
f 69/161/204 172/162/205 195/183/206
f 22/75/20 198/101/207 197/74/208
f 22/75/20 199/84/209 198/101/207
f 200/83/210 199/84/209 22/75/20
f 199/84/209 200/83/210 56/82/211
f 200/83/210 201/80/212 56/82/211
f 202/81/213 56/82/211 201/80/212
f 202/81/214 201/80/214 63/79/214
f 63/79/215 201/80/212 203/78/216
f 203/78/216 204/77/217 63/79/215
f 204/77/217 203/78/216 205/3/218
f 56/82/211 206/92/219 199/84/209
f 207/91/220 206/92/219 56/82/211
f 206/92/219 207/91/220 208/90/221
f 209/88/222 208/90/221 207/91/220
f 210/89/223 208/90/221 209/88/222
f 210/89/223 209/88/222 211/87/224
f 212/86/225 211/87/224 209/88/222
f 212/86/225 213/85/226 211/87/224
f 63/79/215 213/85/226 212/86/225
f 213/85/226 63/79/215 204/77/217
f 206/92/219 208/90/221 214/100/227
f 215/99/228 206/92/219 214/100/227
f 215/99/228 214/100/227 216/98/229
f 216/98/229 217/97/230 215/99/228
f 217/97/230 216/98/229 218/96/231
f 216/98/229 219/95/232 218/96/231
f 218/96/231 219/95/232 220/94/233
f 220/94/233 219/95/232 221/93/234
f 220/94/233 221/93/234 213/85/226
f 213/85/226 221/93/234 211/87/224
f 204/77/217 205/3/218 222/76/235
f 222/76/235 205/3/218 223/1/236
f 223/1/236 205/3/218 224/2/237
f 223/1/236 224/2/237 225/71/238
f 226/72/239 225/71/238 224/2/237
f 226/72/239 22/73/20 225/71/238
f 197/74/208 225/71/238 22/73/20
f 227/176/240 229/182/240 228/151/240
f 50/177/241 229/182/241 227/176/241
f 227/176/242 230/173/243 50/177/244
f 230/173/243 227/176/242 231/185/245
f 227/176/242 232/181/246 231/185/245
f 232/181/246 227/176/242 228/151/247
f 232/181/246 228/151/247 233/149/248
f 234/150/249 233/149/248 228/151/247
f 50/177/250 235/183/250 229/182/250
f 236/184/251 229/182/251 235/183/251
f 236/184/252 235/183/252 237/162/252
f 238/161/253 237/162/254 235/183/255
f 238/161/253 239/157/256 237/162/254
f 239/157/256 238/161/253 240/160/257
f 240/160/257 238/161/253 241/166/258
f 240/160/257 241/166/258 242/165/259
f 242/165/260 241/166/261 243/179/262
f 244/180/263 243/179/264 241/166/258
f 244/180/263 245/178/265 243/179/264
f 239/157/266 18/155/266 237/162/266
f 239/157/256 246/156/267 18/155/17
f 246/156/267 239/157/256 247/186/268
f 239/157/256 240/160/257 247/186/268
f 240/160/257 248/163/269 247/186/268
f 249/164/270 248/163/269 240/160/257
f 249/164/271 240/160/271 242/165/271
f 17/18/18 18/155/17 246/156/267
f 250/158/272 17/18/18 246/156/267
f 251/154/273 17/18/18 250/158/272
f 246/156/267 247/186/268 250/159/272
f 248/163/274 249/164/274 252/169/274
f 253/168/275 248/163/269 252/169/276
f 254/170/277 253/168/277 252/169/277
f 6/5/5 253/168/275 254/170/278
f 6/5/279 254/170/279 255/171/279
f 255/171/280 256/172/281 6/5/5
f 255/171/280 230/173/243 256/172/281
f 230/173/282 255/171/282 257/174/282
f 248/163/269 253/168/275 258/167/283
f 258/167/283 253/168/275 4/4/4
f 253/168/275 6/5/5 4/4/4
f 247/186/268 248/163/269 258/167/283
f 230/173/243 231/185/245 256/172/281
f 256/172/281 231/185/245 5/175/6
f 256/172/281 5/175/6 6/5/5
f 257/174/284 243/179/285 245/178/286
f 230/173/243 257/174/287 245/178/265
f 50/177/244 230/173/243 245/178/265
f 259/153/288 232/181/246 233/149/248
f 231/185/245 232/181/246 259/153/288
f 233/149/248 251/154/273 259/152/288
f 17/18/18 251/154/273 233/149/248
f 233/149/248 234/150/249 17/18/18
f 16/16/16 17/18/18 234/150/249
f 260/75/289 262/74/290 261/73/291
f 262/74/290 263/71/292 261/73/291
f 264/72/293 261/73/291 263/71/292
f 264/72/293 263/71/292 20/2/294
f 19/1/295 20/2/294 263/71/292
f 260/75/289 265/84/296 262/101/290
f 266/83/297 265/84/296 260/75/289
f 265/84/296 266/83/297 267/82/298
f 266/83/299 268/80/299 267/82/299
f 269/81/300 267/82/298 268/80/301
f 269/81/300 268/80/301 270/79/302
f 270/79/303 268/80/303 271/78/303
f 271/78/304 272/77/305 270/79/302
f 272/77/306 271/78/306 21/3/306
f 267/82/298 273/92/307 265/84/296
f 51/91/308 273/92/307 267/82/298
f 273/92/307 51/91/308 274/90/309
f 275/88/310 274/90/309 51/91/308
f 276/89/311 274/90/312 275/88/313
f 276/89/314 275/88/315 277/87/316
f 278/86/317 277/87/318 275/88/310
f 278/86/317 279/85/319 277/87/318
f 279/85/319 278/86/317 270/79/302
f 279/85/319 270/79/302 272/77/305
f 273/92/320 274/90/320 280/100/320
f 281/99/321 273/92/307 280/100/322
f 282/98/323 281/99/323 280/100/323
f 282/98/324 283/97/325 281/99/321
f 282/98/326 284/95/327 283/97/328
f 285/96/329 283/97/325 284/95/330
f 285/96/329 284/95/330 286/94/331
f 287/93/332 286/94/332 284/95/332
f 286/94/331 287/93/333 279/85/319
f 279/85/334 287/93/334 277/87/334
f 272/77/305 21/3/335 288/76/336
f 288/76/336 21/3/335 19/1/295
f 289/155/337 291/157/337 290/162/337
f 291/157/338 40/161/338 290/162/338
f 291/157/339 292/160/340 40/161/341
f 291/157/339 293/159/342 292/160/340
f 291/157/339 294/156/343 293/159/342
f 294/156/343 291/157/339 289/155/344
f 289/155/344 295/18/345 294/156/343
f 295/18/345 289/155/344 296/17/346
f 40/161/347 297/183/348 290/162/349
f 298/184/350 290/162/350 297/183/350
f 298/184/351 297/183/351 299/182/351
f 67/177/352 299/182/353 297/183/348
f 299/182/354 67/177/354 300/176/354
f 300/176/355 67/177/356 301/173/357
f 301/173/357 67/177/356 302/178/358
f 301/173/357 302/178/358 303/174/359
f 303/174/360 302/178/360 304/179/360
f 305/180/361 304/179/362 302/178/363
f 305/180/361 306/166/364 304/179/362
f 299/182/365 300/176/365 26/151/365
f 300/176/355 307/181/366 26/151/25
f 307/181/366 300/176/355 308/153/367
f 301/173/357 308/153/367 300/176/355
f 301/173/357 309/172/368 308/153/367
f 309/172/368 301/173/357 310/171/369
f 310/171/369 301/173/357 303/174/359
f 26/151/25 307/181/366 311/149/370
f 307/181/366 308/153/367 311/149/370
f 312/152/371 311/149/370 308/153/367
f 313/154/372 311/149/370 312/152/371
f 311/149/370 313/154/372 295/18/345
f 295/18/345 313/154/372 314/158/373
f 294/156/343 295/18/345 314/158/373
f 294/156/343 314/158/373 293/159/342
f 311/149/370 25/150/23 26/151/25
f 315/16/374 25/150/23 311/149/370
f 311/149/370 296/17/346 315/16/374
f 295/18/345 296/17/346 311/149/370
f 308/153/367 309/172/368 316/175/375
f 309/172/368 317/5/376 316/175/375
f 310/171/369 317/5/376 309/172/368
f 318/170/377 317/5/376 310/171/369
f 319/169/378 317/5/376 318/170/377
f 320/168/379 317/5/376 319/169/378
f 319/169/378 321/163/380 320/168/379
f 322/164/381 321/163/380 319/169/378
f 317/5/376 323/6/382 316/175/375
f 317/5/376 324/4/383 323/6/382
f 317/5/376 320/168/379 324/4/383
f 320/168/379 325/167/384 324/4/383
f 321/163/380 325/167/384 320/168/379
f 321/163/380 293/159/342 325/167/384
f 292/160/340 293/159/342 321/163/380
f 321/163/380 322/164/381 292/160/340
f 292/160/340 322/164/381 326/165/385
f 306/166/386 292/160/340 326/165/385
f 326/165/387 304/179/387 306/166/387
f 40/161/341 292/160/340 306/166/386
f 327/74/388 27/73/24 328/71/389
f 329/72/390 328/71/389 27/73/24
f 329/72/390 330/2/391 328/71/389
f 331/1/392 328/71/389 330/2/391
f 332/3/393 331/1/392 330/2/391
f 332/3/393 333/76/394 331/1/392
f 332/3/393 334/77/395 333/76/394
f 335/78/396 334/77/395 332/3/393
f 334/77/395 335/78/396 42/79/397
f 336/80/398 42/79/397 335/78/396
f 337/81/399 42/79/399 336/80/399
f 337/81/400 336/80/400 65/82/400
f 338/83/401 65/82/402 336/80/403
f 338/83/401 339/84/404 65/82/402
f 339/84/404 338/83/401 27/75/24
f 42/79/397 340/85/405 334/77/395
f 340/85/405 42/79/397 341/86/406
f 340/85/405 341/86/406 342/87/407
f 343/88/408 342/87/407 341/86/406
f 344/89/409 342/87/407 343/88/408
f 344/89/409 343/88/408 345/90/410
f 346/91/411 345/90/410 343/88/408
f 346/91/411 347/92/412 345/90/410
f 347/92/412 346/91/411 65/82/402
f 347/92/412 65/82/402 339/84/404
f 340/85/405 342/87/407 348/93/413
f 349/94/414 340/85/405 348/93/413
f 350/95/415 349/94/414 348/93/413
f 350/95/415 351/96/416 349/94/414
f 350/95/415 352/98/417 351/96/416
f 353/97/418 351/96/416 352/98/417
f 353/97/418 352/98/417 354/99/419
f 355/100/420 354/99/419 352/98/417
f 354/99/419 355/100/420 347/92/412
f 347/92/412 355/100/420 345/90/410
f 339/84/404 27/75/24 356/101/421
f 356/101/421 27/75/24 327/74/388
f 357/16/422 359/18/423 358/17/424
f 357/16/422 360/150/425 359/18/423
f 361/149/426 359/18/423 360/150/425
f 362/151/427 361/149/426 360/150/425
f 362/151/427 363/181/428 361/149/426
f 364/176/429 363/181/428 362/151/427
f 363/181/428 364/176/429 365/153/430
f 365/153/430 364/176/429 366/187/431
f 367/173/432 366/187/431 364/176/429
f 359/18/423 361/149/426 368/154/433
f 368/154/433 361/149/426 369/152/434
f 361/149/426 365/153/430 369/152/434
f 363/181/428 365/153/430 361/149/426
f 359/18/423 368/154/433 370/158/435
f 359/18/423 370/158/435 371/156/436
f 371/156/436 370/158/435 372/159/437
f 373/186/438 371/156/436 372/159/437
f 374/157/439 371/156/436 373/186/438
f 374/157/439 373/186/438 375/160/440
f 375/160/440 373/186/438 376/163/441
f 376/163/441 373/186/438 377/167/442
f 358/155/424 359/18/423 371/156/436
f 358/155/424 371/156/436 374/157/439
f 358/155/443 374/157/443 378/162/443
f 374/157/439 379/161/444 378/162/445
f 374/157/439 375/160/440 379/161/444
f 379/161/444 375/160/440 380/166/446
f 375/160/440 381/165/447 380/166/446
f 381/165/447 375/160/440 382/164/448
f 382/164/448 375/160/440 376/163/441
f 379/161/444 383/183/449 378/162/445
f 383/183/449 384/184/450 378/162/445
f 384/184/450 383/183/449 385/182/451
f 77/177/452 385/182/452 383/183/452
f 77/177/453 364/176/453 385/182/453
f 364/176/429 77/177/454 367/173/432
f 364/176/455 362/151/455 385/182/455
f 381/165/447 386/179/456 380/166/446
f 386/179/456 387/180/457 380/166/446
f 387/180/457 386/179/456 388/178/458
f 389/174/459 388/178/458 386/179/456
f 389/174/459 367/173/432 388/178/458
f 367/173/432 389/174/459 390/171/460
f 391/172/461 367/173/432 390/171/460
f 390/171/460 392/5/462 391/172/461
f 393/170/463 392/5/462 390/171/460
f 392/5/462 393/170/463 394/168/464
f 394/168/464 393/170/463 382/169/448
f 367/173/432 77/177/454 388/178/458
f 376/163/441 394/168/464 382/169/448
f 394/168/464 376/163/441 377/167/442
f 394/168/464 377/167/442 395/4/465
f 394/168/464 395/4/465 392/5/462
f 392/5/462 395/4/465 396/6/466
f 392/5/462 396/6/466 397/175/467
f 391/172/461 392/5/462 397/175/467
f 366/187/431 391/172/461 397/175/467
f 366/187/431 367/173/432 391/172/461
f 398/188/468 400/189/468 399/190/468
f 401/191/469 398/188/470 399/190/471
f 28/192/472 398/188/470 401/191/469
f 401/191/469 402/193/473 28/192/472
f 402/193/473 401/191/469 399/194/471
f 402/193/473 399/194/471 403/195/474
f 403/195/474 399/194/471 404/196/475
f 404/196/475 399/194/471 405/197/476
f 398/188/470 28/192/472 29/198/477
f 398/188/470 29/198/477 406/199/478
f 406/199/478 29/198/477 407/200/479
f 407/200/479 31/201/480 406/199/478
f 406/199/478 31/201/480 32/202/481
f 32/202/481 408/203/482 406/199/478
f 409/204/483 408/203/482 32/202/481
f 410/205/484 409/204/484 32/202/484
f 406/199/478 400/189/485 398/188/470
f 400/189/485 406/199/478 411/206/486
f 411/206/486 406/199/478 412/207/487
f 408/203/482 412/207/487 406/199/478
f 408/203/482 409/204/483 412/207/487
f 413/208/488 412/207/487 409/204/483
f 409/204/483 36/209/489 413/208/488
f 410/205/490 36/209/490 409/204/490
f 36/209/491 410/205/491 58/210/491
f 414/211/492 58/210/492 410/205/492
f 414/211/493 415/212/493 58/210/493
f 413/208/488 416/213/494 412/207/487
f 417/214/495 416/213/494 413/208/488
f 417/214/495 413/208/488 152/215/496
f 413/208/488 418/216/497 152/215/496
f 413/208/488 36/209/489 418/216/497
f 412/207/487 416/213/494 419/217/498
f 416/213/494 420/218/499 419/217/498
f 417/214/495 420/218/499 416/213/494
f 421/219/500 420/218/499 417/214/495
f 421/219/500 422/220/501 420/218/499
f 423/221/502 420/218/499 422/220/501
f 423/221/502 422/220/501 404/196/475
f 424/222/503 404/196/475 422/220/501
f 420/218/499 425/223/504 419/217/498
f 420/218/499 426/224/505 425/223/504
f 420/218/499 423/221/502 426/224/505
f 423/221/502 405/197/476 426/224/505
f 405/197/476 423/221/502 404/196/475
f 404/196/475 424/222/503 403/195/474
f 403/195/474 424/222/503 155/225/506
f 427/226/507 403/195/474 155/225/506
f 155/225/506 428/227/508 427/226/507
f 429/228/509 427/226/507 428/227/508
f 429/228/509 428/227/508 418/216/497
f 152/215/496 418/216/497 428/227/508
f 59/229/510 403/195/474 427/226/507
f 59/229/511 58/210/511 415/212/511
f 402/193/512 59/229/512 415/212/512
f 28/192/513 402/193/513 415/212/513
f 402/193/473 403/195/474 59/229/510
f 430/230/514 431/231/514 30/232/514
f 432/233/515 30/232/516 431/231/517
f 432/233/515 431/231/517 33/234/518
f 433/235/519 33/234/518 431/231/517
f 30/236/520 434/237/521 430/230/522
f 30/236/520 435/238/523 434/237/521
f 436/239/524 435/238/523 30/236/520
f 435/238/523 436/239/524 60/240/525
f 436/239/524 437/241/526 60/240/525
f 34/242/527 60/240/527 437/241/527
f 34/242/528 437/241/528 438/243/528
f 438/243/529 437/241/530 439/244/531
f 439/244/531 440/245/532 438/243/529
f 440/245/532 439/244/531 33/246/518
f 60/240/525 441/247/533 435/238/523
f 442/248/534 441/247/533 60/240/525
f 441/247/533 442/248/534 443/249/535
f 442/248/534 444/250/536 443/249/535
f 445/251/537 443/249/535 444/250/536
f 445/251/537 444/250/536 446/252/538
f 446/252/538 444/250/536 447/253/539
f 447/253/539 448/254/540 446/252/538
f 438/243/529 448/254/540 447/253/539
f 448/254/540 438/243/529 440/245/532
f 449/255/541 441/247/533 443/249/535
f 450/256/542 441/247/533 449/255/541
f 450/256/542 449/255/541 451/257/543
f 451/257/543 452/258/544 450/256/542
f 452/258/544 451/257/543 453/259/545
f 454/260/546 453/259/545 451/257/543
f 453/259/545 454/260/546 455/261/547
f 455/261/547 454/260/546 456/262/548
f 456/262/548 454/260/546 457/263/549
f 456/262/548 457/263/549 448/254/540
f 446/252/538 448/254/540 457/263/549
f 440/245/532 33/246/518 458/264/550
f 458/264/550 33/246/518 433/235/519
f 459/265/551 154/266/69 460/267/552
f 459/265/553 155/268/156 154/266/155
f 459/265/551 461/269/554 155/268/555
f 459/265/551 462/270/556 461/269/554
f 462/270/556 459/265/551 463/271/557
f 461/269/558 156/272/558 155/268/558
f 461/269/554 464/273/559 156/272/560
f 156/272/561 464/273/561 157/274/561
f 157/274/562 464/273/559 465/275/563
f 466/276/564 157/274/562 465/275/563
f 466/276/565 158/277/565 157/274/565
f 467/278/566 158/277/567 466/276/564
f 158/277/568 467/278/568 152/279/568
f 467/278/566 468/280/569 152/279/570
f 152/279/571 468/280/571 151/281/571
f 151/281/572 468/280/569 469/282/573
f 470/283/574 472/284/575 471/285/576
f 470/283/577 473/286/577 472/284/577
f 474/287/578 473/286/579 470/283/574
f 473/286/580 474/287/580 303/288/580
f 474/287/578 475/289/581 303/288/582
f 475/289/581 474/287/578 476/290/583
f 474/287/578 477/291/584 476/290/583
f 474/287/578 470/283/574 477/291/584
f 477/291/584 470/283/574 471/285/576
f 478/292/585 477/291/584 471/285/576
f 479/293/586 477/291/584 478/292/585
f 303/288/587 475/289/587 480/294/587
f 480/294/588 475/289/581 481/295/589
f 475/289/581 476/290/583 482/296/590
f 477/291/584 483/297/591 476/290/583
f 483/297/591 477/291/584 479/293/586
f 484/298/592 483/297/591 479/293/586
f 484/298/592 479/293/586 326/299/593
f 479/293/594 485/300/594 326/299/594
f 479/293/586 478/292/585 485/300/595
f 485/300/596 478/292/596 472/284/596
f 472/284/575 478/292/585 471/285/576
f 483/297/591 484/298/592 486/301/597
f 476/290/583 483/297/591 486/301/597
f 476/290/583 486/301/597 482/296/590
f 482/296/590 486/301/597 487/302/598
f 487/302/598 486/301/597 484/303/592
f 488/304/599 487/302/598 484/303/592
f 481/305/589 487/302/598 488/304/599
f 475/306/581 487/302/598 481/305/589
f 475/306/581 482/296/590 487/302/598
f 484/298/600 326/299/600 489/307/600
f 484/298/592 489/307/601 488/308/599
f 278/309/317 241/310/258 270/311/302
f 238/312/253 270/311/302 241/310/258
f 427/313/507 442/314/534 60/315/525
f 60/315/602 59/53/602 427/313/602
f 176/310/198 63/311/215 212/309/225
f 69/312/603 63/311/603 176/310/603
f 346/316/411 302/317/363 65/318/402
f 67/319/604 65/318/604 302/317/604
f 380/310/446 100/309/97 93/311/89
f 93/311/89 379/312/444 380/310/446
f 183/320/187 208/321/221 186/322/190
f 208/321/221 183/320/187 214/323/227
f 214/323/227 183/320/187 216/324/229
f 182/325/186 216/324/229 183/320/187
f 182/325/186 179/326/183 216/324/229
f 219/327/232 216/324/229 179/326/183
f 174/328/178 219/327/232 179/326/183
f 219/327/232 174/328/178 221/329/234
f 221/329/234 174/328/178 211/330/224
f 211/330/224 174/328/178 175/331/179
f 224/332/237 159/333/161 226/334/239
f 226/334/239 159/333/161 160/335/163
f 446/336/538 417/337/495 152/338/496
f 417/337/495 446/336/538 457/339/549
f 454/340/546 417/337/495 457/339/549
f 454/340/546 421/341/500 417/337/495
f 421/341/500 454/340/546 422/342/501
f 451/343/543 422/342/501 454/340/546
f 451/343/543 424/344/503 422/342/501
f 449/345/541 424/344/503 451/343/543
f 424/344/503 449/345/541 443/346/535
f 424/344/503 443/346/535 155/347/506
f 255/320/605 274/321/605 257/322/606
f 274/321/605 255/320/605 280/323/607
f 255/320/608 282/324/608 280/323/608
f 254/325/609 282/324/609 255/320/609
f 254/325/610 252/326/611 282/324/326
f 284/327/327 282/324/326 252/326/611
f 249/328/612 284/327/613 252/326/614
f 249/328/612 287/329/615 284/327/613
f 287/329/616 249/328/617 277/330/618
f 277/330/618 249/328/617 242/331/619
f 389/322/459 104/321/101 390/320/460
f 390/320/460 104/321/101 113/323/111
f 111/324/109 390/320/460 113/323/111
f 111/324/109 393/325/463 390/320/460
f 393/325/463 111/324/109 382/326/448
f 108/327/106 382/326/448 111/324/109
f 106/329/104 382/328/448 108/327/106
f 382/328/448 106/329/104 101/330/98
f 101/330/98 381/331/447 382/328/448
f 303/322/359 345/321/410 310/320/369
f 355/323/420 310/320/369 345/321/410
f 310/320/369 355/323/420 352/324/417
f 352/324/417 318/325/377 310/320/369
f 352/324/417 350/327/415 318/325/377
f 319/326/378 318/325/377 350/327/415
f 350/327/415 322/328/381 319/326/378
f 322/328/381 350/327/415 348/329/413
f 342/330/407 322/328/381 348/329/413
f 322/328/381 342/330/407 326/331/385
f 164/348/166 169/349/171 225/350/238
f 223/351/236 225/350/238 169/349/171
f 223/351/236 169/349/171 170/352/172
f 170/352/172 222/353/235 223/351/236
f 170/352/172 204/354/217 222/353/235
f 170/352/172 213/355/226 204/354/217
f 213/355/226 170/352/172 220/356/233
f 177/357/181 220/356/233 170/352/172
f 220/356/233 177/357/181 180/358/184
f 180/358/184 218/359/231 220/356/233
f 180/358/184 187/360/191 218/359/231
f 217/361/230 218/359/231 187/360/191
f 217/361/230 187/360/191 215/362/228
f 215/362/228 187/360/191 188/363/192
f 188/363/192 162/364/165 215/362/228
f 206/365/219 215/362/228 162/364/165
f 206/365/219 162/364/165 199/366/209
f 199/366/209 162/364/165 198/367/207
f 198/367/207 162/364/165 197/368/208
f 163/369/164 197/368/208 162/364/165
f 197/368/208 163/369/164 225/370/238
f 164/371/166 225/370/238 163/369/164
f 194/372/620 200/373/620 23/21/620
f 23/21/22 200/373/210 22/374/20
f 22/19/20 226/375/239 24/20/21
f 160/376/163 24/20/21 226/375/239
f 20/332/621 18/333/621 264/334/621
f 16/335/16 264/334/293 18/333/17
f 251/348/273 250/349/272 263/350/292
f 19/351/295 263/350/292 250/349/272
f 250/352/272 288/353/336 19/351/295
f 247/377/268 288/353/336 250/352/272
f 247/377/268 272/354/305 288/353/336
f 247/377/268 279/355/319 272/354/305
f 279/355/319 247/377/268 286/356/331
f 258/357/283 286/356/331 247/377/268
f 286/356/331 258/357/283 4/358/4
f 4/358/4 285/359/329 286/356/331
f 285/359/329 4/358/4 283/361/325
f 4/358/4 5/360/6 283/361/325
f 283/361/325 5/360/6 281/362/321
f 5/363/6 231/378/245 281/362/321
f 273/365/307 281/362/321 231/378/245
f 273/365/307 231/378/245 265/366/296
f 265/366/296 231/378/245 262/367/290
f 262/367/290 231/378/245 259/364/288
f 262/368/290 259/369/288 263/370/292
f 251/371/273 263/370/292 259/369/288
f 229/372/622 266/373/622 228/21/622
f 228/21/623 266/373/623 260/374/623
f 228/21/624 260/374/624 261/19/624
f 261/19/625 234/20/625 228/21/625
f 261/19/291 264/375/293 234/20/249
f 16/376/16 234/20/249 264/375/293
f 313/348/372 328/350/389 314/349/373
f 331/351/392 314/349/373 328/350/389
f 314/349/373 331/351/392 293/352/342
f 333/353/394 293/352/342 331/351/392
f 334/354/395 293/352/342 333/353/394
f 340/355/405 293/352/342 334/354/395
f 340/355/405 349/356/414 293/352/342
f 325/357/384 293/352/342 349/356/414
f 325/357/384 349/356/414 324/358/383
f 351/359/416 324/358/383 349/356/414
f 324/358/383 351/359/416 323/360/382
f 353/361/418 323/360/382 351/359/416
f 323/360/382 353/361/418 354/362/419
f 323/360/382 354/362/419 316/363/375
f 316/363/375 354/362/419 308/364/367
f 347/365/412 308/364/367 354/362/419
f 308/364/367 347/365/412 339/366/404
f 308/364/367 339/366/404 356/367/421
f 308/364/367 356/367/421 327/368/388
f 327/368/388 312/369/371 308/364/367
f 327/368/388 328/370/389 312/369/371
f 313/371/372 312/369/371 328/370/389
f 338/373/626 299/372/626 26/21/626
f 338/373/401 26/21/25 27/374/24
f 27/19/24 25/20/23 329/375/390
f 315/376/374 329/375/390 25/20/23
f 92/379/627 358/380/627 378/381/627
f 358/380/628 92/379/88 2/382/3
f 3/332/629 358/380/629 2/382/629
f 3/332/630 86/334/630 358/333/630
f 357/335/422 358/333/424 86/334/82
f 368/348/433 85/350/81 370/349/435
f 1/351/1 370/349/435 85/350/81
f 370/349/435 1/351/1 372/352/437
f 90/353/86 372/352/437 1/351/1
f 90/353/86 373/377/438 372/352/437
f 91/354/87 373/377/438 90/353/86
f 99/355/96 373/377/438 91/354/87
f 99/355/96 107/356/105 373/377/438
f 377/357/442 373/377/438 107/356/105
f 377/357/442 107/356/105 395/358/465
f 109/359/107 395/358/465 107/356/105
f 109/359/107 110/361/108 395/358/465
f 395/358/465 110/361/108 396/360/466
f 396/360/466 110/361/108 112/362/110
f 396/360/466 112/362/110 397/363/467
f 112/362/110 366/383/431 397/363/467
f 105/365/103 366/383/431 112/362/110
f 366/383/431 105/365/103 98/366/94
f 365/364/430 366/383/431 98/366/94
f 365/364/430 98/366/94 88/367/84
f 365/364/430 88/368/84 369/369/434
f 88/368/84 85/370/81 369/369/434
f 368/371/433 369/369/434 85/370/81
f 87/19/83 360/20/425 86/375/82
f 357/376/422 86/375/82 360/20/425
f 29/24/477 432/384/515 407/385/479
f 30/23/516 432/384/515 29/24/477
f 28/22/631 436/386/631 30/387/632
f 415/388/633 436/386/631 28/22/631
f 400/389/634 431/390/635 399/391/636
f 430/392/637 399/391/636 431/390/635
f 434/393/638 399/394/638 430/392/638
f 435/395/523 399/394/471 434/393/521
f 441/396/533 399/394/471 435/395/523
f 441/396/533 450/397/542 399/394/471
f 405/398/476 399/394/471 450/397/542
f 405/398/476 450/397/542 426/399/505
f 452/400/544 426/399/505 450/397/542
f 452/400/544 453/401/545 426/399/505
f 426/399/505 453/401/545 425/402/504
f 425/402/504 453/401/545 455/403/547
f 425/402/504 455/403/547 456/404/548
f 425/402/504 456/404/548 419/405/498
f 419/405/498 456/404/548 412/406/487
f 448/407/540 412/406/487 456/404/548
f 412/406/487 448/407/540 440/408/532
f 412/406/487 440/408/532 458/409/550
f 412/406/487 458/409/550 433/410/519
f 433/410/519 411/411/486 412/406/487
f 433/410/519 431/412/517 411/411/486
f 400/413/639 411/411/639 431/412/639
f 33/26/518 31/25/480 432/414/515
f 407/415/479 432/414/515 31/25/480
f 490/416/640 492/417/641 491/418/642
f 491/418/642 492/417/641 493/419/643
f 494/420/644 493/419/643 492/417/641
f 494/420/644 495/421/645 493/419/643
f 493/419/643 495/421/645 496/422/646
f 496/422/646 495/421/645 497/423/647
f 491/418/642 493/419/643 498/424/648
f 499/425/649 491/418/642 498/424/648
f 496/422/646 497/423/647 500/426/650
f 500/426/650 497/423/647 501/427/651
f 501/427/651 497/423/647 502/428/652
f 501/427/651 502/428/652 503/429/653
f 501/427/651 503/429/653 504/430/654
f 504/430/654 503/429/653 415/431/655
f 415/431/655 503/429/653 410/432/656
f 59/433/657 415/431/657 34/28/657
f 415/431/655 410/432/656 34/28/658
f 34/28/659 410/432/659 36/29/659
f 505/434/660 38/33/33 39/32/32
f 38/33/33 505/434/660 506/435/661
f 507/436/662 38/33/33 506/435/661
f 507/436/662 508/437/663 38/33/33
f 507/436/662 509/438/664 508/437/663
f 510/439/665 509/438/664 507/436/662
f 511/440/666 509/438/664 510/439/665
f 512/441/667 509/438/664 511/440/666
f 512/441/667 511/440/666 513/442/668
f 514/443/669 38/33/33 508/437/663
f 512/441/667 513/442/668 515/444/670
f 515/444/670 513/442/668 266/445/671
f 516/446/672 266/445/671 513/442/668
f 266/445/671 516/446/672 517/447/673
f 237/448/674 517/447/673 516/446/672
f 517/447/673 237/448/674 70/449/65
f 70/449/65 52/450/45 517/447/673
f 63/449/57 45/450/36 194/447/675
f 194/447/675 518/448/676 63/449/57
f 518/448/676 194/447/675 203/446/677
f 519/445/678 203/446/677 194/447/675
f 519/445/678 520/442/679 203/446/677
f 22/444/680 520/442/679 519/445/678
f 521/441/681 520/442/679 22/444/680
f 521/441/681 522/440/682 520/442/679
f 523/438/683 522/440/682 521/441/681
f 523/438/683 524/439/684 522/440/682
f 524/439/684 523/438/683 525/436/685
f 525/436/685 523/438/683 526/437/686
f 526/437/686 527/451/687 525/436/685
f 528/443/688 527/451/687 526/437/686
f 525/436/685 527/451/687 529/435/689
f 527/451/687 530/434/690 529/435/689
f 531/32/691 530/434/690 527/451/687
f 82/68/78 83/70/80 532/452/692
f 532/452/692 83/70/80 533/453/693
f 533/453/693 83/70/80 534/454/694
f 533/453/693 534/454/695 535/455/696
f 535/455/697 534/454/697 536/456/697
f 537/457/698 129/117/128 131/458/131
f 537/457/698 128/116/127 129/117/128
f 128/116/127 537/457/698 126/114/125
f 538/459/699 126/114/125 537/457/698
f 539/460/700 126/114/125 538/459/699
f 539/460/700 125/113/124 126/114/125
f 539/460/700 123/111/122 125/113/124
f 540/461/701 123/111/122 539/460/700
f 540/461/701 122/110/121 123/111/122
f 122/110/121 540/461/701 541/462/702
f 541/462/702 542/463/703 122/110/121
f 542/463/703 13/13/13 122/110/121
f 13/13/13 542/463/703 543/464/704
f 15/14/14 13/13/13 543/464/704
f 15/14/14 543/464/704 544/465/705
f 15/14/14 544/465/705 545/466/706
f 545/466/706 544/465/705 546/467/707
f 546/467/707 547/468/708 545/466/706
f 547/468/708 546/467/707 548/469/709
f 549/470/710 548/469/709 546/467/707
f 548/469/709 549/470/710 550/471/711
f 550/471/711 551/472/712 548/469/709
f 551/472/712 550/471/711 552/473/713
f 551/472/712 552/473/713 553/474/714
f 553/474/714 552/473/713 520/475/715
f 520/475/715 552/473/713 22/476/680
f 520/475/715 22/476/680 45/477/36
f 520/475/715 45/477/36 63/478/57
f 41/36/716 65/479/717 66/39/63
f 57/480/718 65/479/717 41/36/716
f 65/479/719 57/480/720 554/481/721
f 554/481/722 57/480/722 555/482/722
f 556/443/723 557/437/724 81/451/77
f 558/436/725 81/451/77 557/437/724
f 559/438/726 558/436/725 557/437/724
f 559/438/726 560/439/727 558/436/725
f 560/439/727 559/438/726 561/440/728
f 562/441/729 561/440/728 559/438/726
f 563/442/730 561/440/728 562/441/729
f 563/442/731 562/441/731 27/444/731
f 564/435/732 81/451/77 558/436/725
f 78/434/74 81/451/77 564/435/732
f 563/442/733 27/444/733 565/445/733
f 563/442/730 565/445/734 335/446/735
f 335/446/735 565/445/734 299/447/736
f 335/446/737 299/447/738 566/448/739
f 566/448/739 299/447/738 42/449/740
f 42/449/741 299/447/741 67/450/741
f 567/31/742 568/451/742 53/434/742
f 569/33/743 53/434/744 568/451/745
f 53/434/744 569/33/743 570/443/746
f 571/437/747 53/434/747 570/443/747
f 571/437/748 572/436/748 53/434/748
f 572/436/749 571/437/750 573/438/751
f 573/438/751 574/439/752 572/436/749
f 574/439/753 573/438/753 575/440/753
f 573/438/754 576/441/755 575/440/756
f 575/440/757 576/441/757 577/442/757
f 577/442/758 576/441/758 578/444/758
f 579/435/759 53/434/759 572/436/759
f 577/442/760 578/444/760 97/445/760
f 577/442/761 97/445/762 580/446/763
f 580/446/763 97/445/762 581/447/764
f 580/446/763 581/447/764 378/448/765
f 581/447/764 49/449/42 378/448/765
f 49/449/42 581/447/764 75/450/71
f 40/34/766 566/483/766 42/484/766
f 290/485/767 566/483/768 40/34/769
f 289/486/770 566/483/768 290/485/767
f 289/486/771 335/487/771 566/483/771
f 335/487/772 289/486/772 582/488/772
f 582/488/773 563/489/730 335/487/735
f 583/490/774 563/489/730 582/488/773
f 561/491/728 563/489/730 583/490/774
f 583/490/774 560/492/727 561/491/728
f 584/493/775 560/492/727 583/490/774
f 584/493/775 585/494/776 560/492/727
f 560/492/727 585/494/776 558/495/725
f 586/496/777 558/495/725 585/494/776
f 586/496/777 564/497/732 558/495/725
f 80/44/75 564/497/732 586/496/777
f 80/44/75 78/43/74 564/497/732
f 237/483/674 72/34/66 70/484/65
f 237/483/674 587/485/778 72/34/66
f 237/483/779 18/486/779 587/485/779
f 18/486/780 237/483/780 516/487/780
f 516/487/781 20/488/781 18/486/781
f 20/488/782 516/487/672 513/489/668
f 513/489/668 588/490/783 20/488/782
f 511/491/666 588/490/783 513/489/668
f 510/492/665 588/490/783 511/491/666
f 510/492/665 589/493/784 588/490/783
f 510/492/665 590/494/785 589/493/784
f 590/494/785 510/492/665 507/495/662
f 590/494/785 507/495/662 591/496/786
f 591/496/786 507/495/662 506/497/661
f 506/497/661 592/498/787 591/496/786
f 505/43/660 592/498/787 506/497/661
f 592/498/787 505/43/660 39/499/32
f 39/499/32 593/44/788 592/498/787
f 37/500/31 593/44/788 39/499/32
f 593/44/788 37/500/31 38/501/33
f 132/502/130 594/503/789 131/458/131
f 594/503/789 537/457/698 131/458/131
f 537/457/698 594/503/789 595/504/790
f 595/504/790 538/459/699 537/457/698
f 595/504/790 539/460/700 538/459/699
f 539/460/700 595/504/790 596/505/791
f 596/505/791 540/461/701 539/460/700
f 540/461/701 596/505/791 541/462/702
f 541/462/702 596/505/791 597/506/792
f 542/463/703 541/462/702 597/506/792
f 542/463/703 597/506/792 543/464/704
f 543/464/704 597/506/792 544/465/705
f 544/465/705 597/506/792 598/507/793
f 544/465/705 598/507/793 546/467/707
f 598/507/793 549/470/710 546/467/707
f 549/470/710 598/507/793 550/471/711
f 550/471/711 598/507/793 599/508/794
f 550/471/711 599/508/794 552/473/713
f 552/473/713 599/508/794 22/476/680
f 599/508/794 56/47/50 22/476/680
f 22/476/680 56/47/50 45/477/36
f 600/509/795 48/510/43 49/511/42
f 600/509/795 601/512/796 48/510/43
f 518/483/797 69/34/798 63/484/799
f 518/483/797 172/485/800 69/34/798
f 518/483/797 166/486/801 172/485/800
f 166/486/802 518/483/802 203/487/802
f 203/487/803 602/488/803 166/486/803
f 520/489/679 602/488/804 203/487/677
f 520/489/679 603/490/805 602/488/804
f 522/491/682 603/490/805 520/489/679
f 524/492/684 603/490/805 522/491/682
f 604/493/806 603/490/805 524/492/684
f 604/493/806 524/492/684 605/494/807
f 605/494/807 524/492/684 525/495/685
f 605/494/807 525/495/685 606/496/808
f 606/496/808 525/495/685 529/497/689
f 530/43/690 606/496/808 529/497/689
f 531/499/691 606/496/808 530/43/690
f 531/499/691 607/44/809 606/496/808
f 607/44/809 531/499/691 527/67/687
f 527/67/687 608/45/810 607/44/809
f 608/45/810 527/67/687 609/513/811
f 528/514/688 609/513/811 527/67/687
f 528/514/688 610/515/812 609/513/811
f 610/515/812 528/514/688 526/516/686
f 607/44/809 605/494/807 606/496/808
f 607/44/809 611/517/813 605/494/807
f 611/517/813 607/44/809 610/515/812
f 610/515/812 607/44/809 609/513/811
f 608/45/810 609/513/811 607/44/809
f 612/518/814 605/494/807 611/517/813
f 612/518/814 604/493/806 605/494/807
f 613/519/815 604/493/806 612/518/814
f 603/490/805 604/493/806 613/519/815
f 603/490/805 613/519/815 602/488/804
f 614/520/816 602/488/804 613/519/815
f 602/488/804 614/520/816 23/521/817
f 602/488/804 23/521/817 166/486/818
f 166/486/819 23/521/820 172/485/821
f 172/485/821 23/521/820 615/522/822
f 172/485/823 615/522/823 69/34/823
f 43/37/35 69/34/824 615/522/825
f 69/34/824 43/37/35 44/39/37
f 69/34/824 44/39/37 62/36/58
f 526/516/686 611/517/813 610/515/812
f 523/523/683 611/517/813 526/516/686
f 523/523/683 612/518/814 611/517/813
f 523/523/683 613/519/815 612/518/814
f 613/519/815 523/523/683 521/524/681
f 613/519/815 521/524/681 22/525/680
f 614/520/816 613/519/815 22/525/680
f 614/520/816 22/525/680 519/526/678
f 614/520/816 519/526/678 23/521/817
f 23/521/826 519/526/826 194/527/826
f 23/521/827 194/527/827 615/522/827
f 194/527/675 43/37/35 615/522/825
f 45/528/36 43/37/35 194/527/675
f 56/479/50 62/36/58 44/39/37
f 56/479/50 61/480/56 62/36/58
f 56/479/50 599/481/794 61/480/56
f 616/482/828 61/480/56 599/481/794
f 127/529/126 617/530/829 129/531/128
f 618/532/830 617/530/829 127/529/126
f 619/533/831 617/530/829 618/532/830
f 619/533/831 618/532/830 620/534/832
f 620/534/832 618/532/830 621/535/833
f 621/535/833 622/536/834 620/534/832
f 622/536/834 621/535/833 623/537/835
f 624/538/836 623/537/835 621/535/833
f 624/538/836 625/539/837 623/537/835
f 624/538/836 626/540/838 625/539/837
f 626/540/838 624/538/836 627/541/839
f 627/541/839 628/542/840 626/540/838
f 627/541/839 629/543/841 628/542/840
f 629/543/841 627/541/839 630/544/842
f 630/544/842 631/545/843 629/543/841
f 632/546/844 631/545/843 630/544/842
f 632/546/844 630/544/842 633/547/845
f 632/546/844 633/547/845 634/548/846
f 634/548/846 633/547/845 635/549/847
f 635/549/847 633/547/845 636/550/848
f 636/550/848 633/547/845 637/551/849
f 636/550/850 637/551/850 638/552/850
f 639/553/851 444/554/852 74/66/70
f 639/553/851 640/555/853 444/554/852
f 640/555/853 639/553/851 641/556/854
f 642/557/855 641/556/854 639/553/851
f 444/554/852 640/555/853 64/60/59
f 8/9/9 9/8/8 643/558/856
f 643/558/856 9/8/8 644/559/857
f 644/559/857 9/8/8 555/560/858
f 555/560/859 645/561/860 644/559/857
f 645/561/860 555/560/859 646/562/861
f 646/562/861 555/560/859 563/563/862
f 563/563/862 555/560/859 42/564/863
f 57/51/864 42/564/864 555/560/864
f 647/298/865 649/307/866 648/308/867
f 647/298/865 381/299/868 649/307/866
f 647/298/865 650/293/869 381/299/868
f 647/298/865 651/297/870 650/293/869
f 651/297/870 647/298/865 652/301/871
f 653/290/872 651/297/870 652/301/871
f 653/290/872 652/301/871 654/296/873
f 654/296/873 652/301/871 655/302/874
f 655/302/874 652/301/871 647/303/865
f 650/293/869 656/300/875 381/299/868
f 656/300/875 650/293/869 657/292/876
f 656/300/875 657/292/876 658/284/877
f 658/284/877 657/292/876 659/285/878
f 660/283/879 658/284/877 659/285/878
f 660/283/879 661/286/880 658/284/877
f 662/287/881 661/286/880 660/283/879
f 661/286/880 662/287/881 389/288/882
f 662/287/881 663/289/883 389/288/882
f 663/289/883 662/287/881 653/290/872
f 664/291/884 653/290/872 662/287/881
f 660/283/879 664/291/884 662/287/881
f 664/291/884 660/283/879 659/285/878
f 657/292/876 664/291/884 659/285/878
f 650/293/869 664/291/884 657/292/876
f 389/288/882 663/289/883 665/294/885
f 665/294/885 663/289/883 666/295/886
f 663/289/883 653/290/872 654/296/873
f 651/297/870 664/291/884 650/293/869
f 664/291/884 651/297/870 653/290/872
f 648/304/867 655/302/874 647/303/865
f 667/565/887 655/302/874 648/304/867
f 655/302/874 667/565/887 666/305/886
f 663/306/883 655/302/874 666/305/886
f 663/306/883 654/296/873 655/302/874
f 668/292/888 16/284/889 669/285/890
f 668/292/888 670/300/891 16/284/889
f 671/293/892 670/300/891 668/292/888
f 670/300/891 671/293/892 242/299/893
f 671/293/892 672/298/894 242/299/893
f 673/297/895 672/298/894 671/293/892
f 674/291/896 673/297/895 671/293/892
f 674/291/896 671/293/892 668/292/888
f 674/291/896 668/292/888 669/285/890
f 675/283/897 674/291/896 669/285/890
f 674/291/896 675/283/897 676/287/898
f 242/299/893 672/298/894 677/307/899
f 677/307/899 672/298/894 678/308/900
f 672/298/894 673/297/895 679/301/901
f 673/297/895 680/290/902 679/301/901
f 673/297/895 674/291/896 680/290/902
f 680/290/902 674/291/896 676/287/898
f 676/287/898 681/289/903 680/290/902
f 681/289/903 676/287/898 257/288/904
f 676/287/898 682/286/905 257/288/904
f 682/286/905 676/287/898 675/283/897
f 682/286/905 675/283/897 16/284/889
f 16/284/889 675/283/897 669/285/890
f 679/301/901 680/290/902 683/296/906
f 680/290/902 681/289/903 683/296/906
f 681/289/903 257/288/904 684/294/907
f 681/289/903 684/294/907 685/295/908
f 439/566/909 32/27/909 33/567/910
f 439/566/909 410/568/911 32/27/909
f 21/382/912 18/380/912 20/332/912
f 271/379/913 18/380/913 21/382/913
f 271/379/914 237/381/914 18/380/914
f 42/311/397 306/310/364 341/309/406
f 42/311/915 40/312/915 306/310/915
f 36/569/489 438/570/529 418/571/497
f 418/571/497 438/570/529 447/572/539
f 77/319/454 96/318/92 388/317/458
f 388/317/458 96/318/92 76/316/102
f 267/318/298 50/319/244 245/317/265
f 245/317/265 51/316/308 267/318/298
f 87/19/916 362/21/916 360/20/916
f 89/374/917 362/21/917 87/19/917
f 97/373/918 362/21/918 89/374/918
f 97/373/919 385/372/919 362/21/919
f 56/318/211 190/319/194 191/317/195
f 191/317/195 207/316/220 56/318/211
f 195/573/206 202/574/920 69/312/204
f 63/311/921 69/312/204 202/574/920
f 192/575/922 210/576/922 175/331/923
f 211/330/224 175/331/179 210/576/223
f 224/332/237 166/380/168 159/333/161
f 205/382/218 166/380/168 224/332/237
f 203/379/924 166/380/924 205/382/924
f 172/381/925 166/380/925 203/379/925
f 191/317/195 209/577/222 207/316/220
f 193/578/197 209/577/222 191/317/195
f 193/578/197 176/310/198 209/577/222
f 212/309/225 209/577/222 176/310/198
f 56/318/211 202/579/213 190/319/194
f 195/580/926 190/319/926 202/579/926
f 208/321/221 210/581/223 186/322/190
f 192/582/922 186/322/922 210/581/922
f 201/583/212 172/381/203 203/379/216
f 196/584/202 172/381/203 201/583/212
f 196/584/202 201/583/212 194/372/200
f 200/373/210 194/372/200 201/583/212
f 235/573/255 269/574/300 238/312/253
f 270/311/302 238/312/253 269/574/300
f 243/575/262 276/576/314 242/331/260
f 277/330/316 242/331/260 276/576/314
f 245/317/265 275/577/310 51/316/308
f 244/578/263 275/577/310 245/317/265
f 275/577/310 244/578/263 241/310/258
f 278/309/317 275/577/310 241/310/258
f 267/318/298 269/579/300 50/319/244
f 235/580/255 50/319/244 269/579/300
f 274/321/312 276/581/311 257/322/284
f 243/582/285 257/322/284 276/581/311
f 268/583/927 237/381/927 271/379/927
f 268/583/928 236/584/928 237/381/928
f 236/584/929 268/583/930 229/372/931
f 266/373/932 229/372/931 268/583/930
f 42/311/933 337/574/934 40/312/347
f 297/573/348 40/312/347 337/574/934
f 342/330/407 344/576/409 326/331/385
f 304/575/935 326/331/936 344/576/937
f 296/333/346 329/334/390 315/335/374
f 330/332/391 329/334/390 296/333/346
f 289/380/344 330/332/391 296/333/346
f 289/380/344 332/382/393 330/332/391
f 289/380/938 335/379/938 332/382/938
f 290/381/939 335/379/939 289/380/939
f 297/580/348 337/579/934 67/319/352
f 65/318/940 67/319/352 337/579/934
f 304/582/935 344/581/937 303/322/941
f 345/321/410 303/322/359 344/581/409
f 290/381/942 336/583/398 335/379/396
f 298/584/943 336/583/943 290/381/943
f 336/583/944 298/584/944 299/372/944
f 338/373/401 336/583/403 299/372/945
f 306/310/364 343/577/408 341/309/406
f 305/578/361 343/577/408 306/310/364
f 343/577/408 305/578/361 302/317/363
f 346/316/411 343/577/408 302/317/363
f 93/311/89 95/574/91 379/312/444
f 383/573/449 379/312/444 95/574/91
f 101/330/98 103/576/100 381/331/447
f 386/575/456 381/331/447 103/576/100
f 94/583/90 385/372/451 97/373/93
f 384/584/450 385/372/451 94/583/90
f 384/584/450 94/583/90 378/381/445
f 92/379/88 378/381/445 94/583/90
f 102/577/99 388/317/458 76/316/102
f 387/578/457 388/317/458 102/577/99
f 387/578/457 102/577/99 380/310/446
f 100/309/97 380/310/446 102/577/99
f 383/580/449 95/579/91 77/319/454
f 96/318/92 77/319/454 95/579/91
f 386/582/456 103/581/100 389/322/459
f 104/321/101 389/322/459 103/581/100
f 443/346/535 445/585/537 155/347/506
f 428/586/508 155/347/506 445/585/537
f 437/587/530 410/568/946 439/566/531
f 437/587/947 414/588/947 410/568/947
f 414/588/948 437/587/948 415/388/948
f 436/386/524 415/388/949 437/587/526
f 444/589/536 418/571/497 447/572/539
f 444/589/536 429/590/509 418/571/497
f 429/590/509 444/589/536 427/313/507
f 442/314/534 427/313/507 444/589/536
f 58/591/52 34/592/54 36/569/950
f 438/570/951 36/569/951 34/592/951
f 428/593/508 445/594/537 152/338/496
f 446/336/538 152/338/496 445/594/537
f 49/484/42 47/34/41 378/483/765
f 686/485/952 378/483/765 47/34/41
f 358/486/953 378/483/953 686/485/953
f 358/486/954 580/487/954 378/483/954
f 580/487/955 358/486/955 3/488/955
f 3/488/956 577/489/761 580/487/763
f 687/490/957 577/489/761 3/488/956
f 687/490/958 575/491/959 577/489/960
f 687/490/958 574/492/961 575/491/959
f 688/493/962 574/492/963 687/490/957
f 689/494/964 574/492/963 688/493/962
f 689/494/965 572/495/749 574/492/752
f 690/496/966 572/495/967 689/494/964
f 690/496/968 579/497/968 572/495/968
f 690/496/966 691/498/969 579/497/970
f 579/497/971 691/498/971 53/43/971
f 53/43/47 691/498/969 55/44/48
f 444/554/852 73/64/68 74/66/70
f 64/60/59 73/64/68 444/554/852
f 46/41/39 73/64/68 64/60/59
f 692/595/972 73/64/68 46/41/39
f 692/595/972 693/596/973 73/64/68
f 692/595/972 28/597/974 693/596/973
f 32/598/974 28/597/974 692/595/972
f 33/599/975 28/597/975 32/598/975
f 33/599/975 30/600/975 28/597/975
f 30/600/976 33/599/977 694/601/978
f 695/602/979 694/601/978 33/599/977
f 695/602/979 696/603/980 694/601/978
f 695/602/979 697/604/981 696/603/980
f 696/603/980 697/604/981 698/605/982
f 697/604/981 699/606/983 698/605/982
f 699/606/983 697/604/981 700/607/984
f 699/606/983 700/607/984 701/608/985
f 702/609/986 699/606/983 701/608/985
f 698/605/982 699/606/983 703/610/987
f 704/611/988 703/610/987 699/606/983
f 10/10/10 705/612/989 12/11/11
f 706/613/990 705/612/989 10/10/10
f 705/612/989 706/613/990 707/614/991
f 708/615/992 705/612/989 707/614/991
f 709/616/993 705/612/989 708/615/992
f 709/616/993 710/617/994 705/612/989
f 711/618/995 710/617/994 709/616/993
f 710/617/994 711/618/995 27/619/996
f 554/620/997 710/617/994 27/619/996
f 554/620/721 27/619/998 65/61/719
f 65/61/719 27/619/998 67/621/999
f 141/132/141 114/102/113 115/104/115
f 142/131/140 114/102/113 141/132/141
f 144/134/143 114/102/113 142/131/140
f 144/134/143 118/106/117 114/102/113
f 144/134/143 119/107/118 118/106/117
f 145/135/144 119/107/118 144/134/143
f 147/137/146 119/107/118 145/135/144
f 147/137/146 120/108/119 119/107/118
f 120/108/119 147/137/146 148/138/147
f 120/108/119 148/138/147 121/109/120
f 148/138/147 11/12/12 121/109/120
f 11/12/12 148/138/147 149/139/148
f 149/139/148 10/10/10 11/12/12
f 7/7/7 10/10/10 149/139/148
f 10/10/10 7/7/7 706/613/990
f 706/613/990 7/7/7 8/9/9
f 706/613/990 8/9/9 707/614/991
f 707/614/991 8/9/9 643/558/856
f 707/614/991 643/558/856 644/559/857
f 644/559/857 708/615/992 707/614/991
f 644/559/857 709/616/993 708/615/992
f 645/561/860 709/616/993 644/559/857
f 645/561/860 711/618/995 709/616/993
f 711/618/995 645/561/860 646/562/861
f 711/618/995 646/562/861 563/563/862
f 711/618/1000 563/563/1000 27/619/1000
f 27/619/1001 563/563/1001 67/621/1001
f 67/621/1002 563/563/1002 42/564/1002
f 129/531/128 130/118/129 131/120/131
f 617/530/829 130/118/129 129/531/128
f 617/530/829 619/533/831 130/118/129
f 130/118/129 619/533/831 712/622/1003
f 712/622/1003 619/533/831 620/534/832
f 622/536/834 712/622/1003 620/534/832
f 712/622/1003 622/536/834 623/537/835
f 625/539/837 712/622/1003 623/537/835
f 626/540/838 712/622/1003 625/539/837
f 712/622/1003 133/121/132 130/118/129
f 136/124/135 133/121/132 712/622/1003
f 136/124/135 712/622/1003 137/125/136
f 713/623/1004 137/125/136 712/622/1003
f 712/622/1003 714/624/1005 713/623/1004
f 626/540/838 714/624/1005 712/622/1003
f 715/625/1006 714/624/1005 626/540/838
f 628/542/840 715/625/1006 626/540/838
f 715/625/1006 628/542/840 629/543/841
f 631/545/843 715/625/1006 629/543/841
f 632/546/844 715/625/1006 631/545/843
f 137/125/136 713/623/1004 716/626/1007
f 713/623/1004 717/627/1008 716/626/1007
f 713/623/1004 718/628/1009 717/627/1008
f 718/628/1009 713/623/1004 719/629/1010
f 713/623/1004 720/630/1011 719/629/1010
f 720/630/1011 713/623/1004 721/631/1012
f 721/631/1012 713/623/1004 722/632/1013
f 713/623/1004 723/633/1014 722/632/1013
f 714/624/1005 723/633/1014 713/623/1004
f 137/125/136 716/626/1007 724/634/1015
f 725/635/1016 137/125/136 724/634/1015
f 725/635/1016 139/127/138 137/125/136
f 139/127/138 725/635/1016 726/636/1017
f 139/127/138 726/636/1017 141/637/141
f 139/127/138 141/637/141 115/128/115
f 723/633/1014 727/638/1018 722/632/1013
f 723/633/1014 728/639/1019 727/638/1018
f 723/633/1014 729/640/1020 728/639/1019
f 729/640/1020 723/633/1014 730/641/1021
f 730/641/1021 723/633/1014 731/642/1022
f 723/633/1014 714/624/1005 731/642/1022
f 714/624/1005 715/625/1006 731/642/1022
f 728/639/1019 732/643/1023 727/638/1018
f 733/644/1024 732/643/1023 728/639/1019
f 734/645/1025 732/643/1023 733/644/1024
f 734/645/1025 735/646/1026 732/643/1023
f 734/645/1025 736/647/1027 735/646/1026
f 737/648/1028 735/646/1026 736/647/1027
f 737/648/1028 736/647/1027 738/649/1029
f 737/648/1028 738/649/1029 739/650/1030
f 731/642/1022 740/651/1031 730/641/1021
f 731/642/1022 741/652/1032 740/651/1031
f 742/653/1033 741/652/1032 731/642/1022
f 731/642/1022 743/654/1034 742/653/1033
f 731/642/1022 715/625/1006 743/654/1034
f 715/625/1006 744/655/1035 743/654/1034
f 715/625/1006 745/656/1036 744/655/1035
f 745/656/1036 715/625/1006 632/546/844
f 740/651/1031 741/652/1032 746/657/1037
f 746/657/1037 741/652/1032 747/658/1038
f 741/652/1032 748/659/1039 747/658/1038
f 741/652/1032 749/660/1040 748/659/1039
f 749/660/1040 741/652/1032 750/661/1041
f 750/661/1041 741/652/1032 742/653/1033
f 748/659/1039 751/662/1042 747/658/1038
f 751/662/1042 748/659/1039 752/663/1043
f 752/663/1043 748/659/1039 753/664/1044
f 753/664/1044 748/659/1039 754/665/1045
f 754/665/1045 748/659/1039 755/666/1046
f 755/666/1046 748/659/1039 756/667/1047
f 756/667/1047 748/659/1039 757/668/1048
f 748/659/1039 758/669/1049 757/668/1048
f 758/669/1049 748/659/1039 759/670/1050
f 759/670/1050 748/659/1039 749/660/1040
f 754/665/1051 755/666/1051 760/671/1051
f 755/666/1052 756/667/1052 761/672/1052
f 745/656/1036 632/546/844 634/548/846
f 634/548/846 762/673/1053 745/656/1036
f 762/673/1053 634/548/846 763/674/1054
f 763/674/1054 634/548/846 635/549/847
f 635/549/847 764/675/1055 763/674/1054
f 764/675/1055 635/549/847 636/550/848
f 764/675/1055 636/550/848 536/676/1056
f 536/676/1057 636/550/1057 638/552/1057
f 726/636/1017 140/677/139 141/637/141
f 726/636/1017 765/678/1058 140/677/139
f 725/635/1016 765/678/1058 726/636/1017
f 765/678/1058 725/635/1016 724/634/1015
f 724/634/1015 766/679/1059 765/678/1058
f 716/626/1007 766/679/1059 724/634/1015
f 717/627/1008 766/679/1059 716/626/1007
f 717/627/1008 767/680/1060 766/679/1059
f 718/628/1009 767/680/1060 717/627/1008
f 719/629/1010 767/680/1060 718/628/1009
f 719/629/1010 768/681/1061 767/680/1060
f 720/630/1011 768/681/1061 719/629/1010
f 768/681/1061 720/630/1011 721/631/1012
f 721/631/1012 769/682/1062 768/681/1061
f 769/682/1062 721/631/1012 722/632/1013
f 727/638/1018 769/682/1062 722/632/1013
f 732/643/1023 769/682/1062 727/638/1018
f 769/682/1062 732/643/1023 770/683/1063
f 735/646/1026 770/683/1063 732/643/1023
f 735/646/1026 737/648/1028 770/683/1063
f 770/683/1063 737/648/1028 771/684/1064
f 771/684/1064 737/648/1028 739/650/1030
f 772/685/1065 774/686/1066 773/687/1067
f 775/688/1068 774/686/1066 772/685/1065
f 774/686/1066 775/688/1068 776/689/1069
f 774/686/1066 776/689/1069 777/690/1070
f 774/686/1066 777/690/1070 778/691/1071
f 778/691/1071 777/690/1070 738/692/1029
f 738/692/1029 779/693/1072 739/694/1030
f 777/690/1070 779/693/1072 738/692/1029
f 776/689/1069 779/693/1072 777/690/1070
f 776/689/1069 780/695/1073 779/693/1072
f 775/688/1068 780/695/1073 776/689/1069
f 775/688/1068 781/696/1074 780/695/1073
f 781/696/1074 775/688/1068 772/685/1065
f 782/697/1075 781/696/1074 772/685/1065
f 782/697/1075 772/685/1065 783/698/1076
f 784/699/1077 783/698/1076 772/685/1065
f 783/698/1076 784/699/1077 785/700/1078
f 785/700/1078 786/701/1079 783/698/1076
f 787/702/1080 786/701/1079 785/700/1078
f 787/702/1080 788/703/1081 786/701/1079
f 787/702/1080 789/704/1082 788/703/1081
f 788/703/1081 789/704/1082 790/705/1083
f 790/705/1083 789/704/1082 577/706/1084
f 790/705/1085 577/706/1085 578/707/1085
f 578/707/1086 577/706/1086 600/509/1086
f 578/707/1087 600/509/795 96/708/1088
f 96/708/1088 600/509/795 75/709/71
f 75/709/71 600/509/795 49/511/42
f 791/710/1089 792/711/1089 760/712/1089
f 793/713/1090 792/711/1091 791/710/1092
f 793/713/1090 794/714/1093 792/711/1091
f 794/714/1093 793/713/1090 795/715/1094
f 796/716/1095 794/714/1093 795/715/1094
f 796/716/1095 797/717/1096 794/714/1093
f 798/718/1097 797/717/1096 796/716/1095
f 799/719/1098 797/717/1096 798/718/1097
f 799/719/1098 800/720/1099 797/717/1096
f 801/721/1100 800/720/1099 799/719/1098
f 801/721/1100 802/722/1101 800/720/1099
f 802/722/1101 803/723/1102 800/720/1099
f 803/723/1102 802/722/1101 804/724/1103
f 805/725/1104 803/723/1102 804/724/1103
f 803/723/1102 805/725/1104 806/726/1105
f 803/723/1102 806/726/1105 502/727/1106
f 641/728/854 803/723/1102 502/727/1106
f 641/728/854 502/727/1106 640/729/853
f 640/729/853 502/727/1106 438/730/1107
f 640/729/853 438/730/1107 35/30/40
f 640/729/853 35/30/40 64/731/59
f 299/527/1108 68/37/1108 67/528/1108
f 299/527/1109 807/522/1110 68/37/62
f 807/522/1111 299/527/1111 26/521/1111
f 565/526/1112 26/521/1112 299/527/1112
f 565/526/1113 808/520/1114 26/521/1115
f 27/525/1116 808/520/1114 565/526/1113
f 27/525/1116 809/519/1117 808/520/1114
f 562/524/729 809/519/1117 27/525/1116
f 559/523/726 809/519/1117 562/524/729
f 559/523/726 810/518/1118 809/519/1117
f 810/518/1118 559/523/726 811/517/1119
f 811/517/1119 559/523/726 557/516/724
f 557/516/724 812/515/1120 811/517/1119
f 556/514/723 812/515/1120 557/516/724
f 556/514/723 813/513/1121 812/515/1120
f 813/513/1121 556/514/723 81/67/77
f 81/67/77 79/45/76 813/513/1121
f 79/45/76 80/44/75 813/513/1121
f 813/513/1121 80/44/75 812/515/1120
f 812/515/1120 80/44/75 811/517/1119
f 811/517/1119 80/44/75 585/494/776
f 80/44/75 586/496/777 585/494/776
f 585/494/776 810/518/1118 811/517/1119
f 585/494/776 584/493/775 810/518/1118
f 810/518/1118 584/493/775 809/519/1117
f 809/519/1117 584/493/775 583/490/774
f 809/519/1117 583/490/774 582/488/773
f 809/519/1117 582/488/773 808/520/1114
f 808/520/1114 582/488/773 26/521/1115
f 289/486/1122 26/521/1115 582/488/773
f 26/521/1123 289/486/1123 290/485/1123
f 290/485/1124 807/522/1124 26/521/1124
f 807/522/1125 290/485/1125 40/34/1125
f 807/522/1110 40/34/1126 68/37/62
f 68/37/62 40/34/1126 66/39/63
f 66/39/63 40/34/1126 41/36/716
f 577/706/1084 601/512/796 600/509/795
f 789/704/1082 601/512/796 577/706/1084
f 787/702/1080 601/512/796 789/704/1082
f 601/512/796 787/702/1080 785/700/1078
f 785/700/1078 773/687/1067 601/512/796
f 784/699/1077 773/687/1067 785/700/1078
f 773/687/1067 784/699/1077 772/685/1065
f 38/501/33 814/45/1127 593/44/788
f 814/45/1127 815/513/1128 593/44/788
f 38/501/33 815/513/1128 814/45/1127
f 514/514/669 815/513/1128 38/501/33
f 514/514/669 816/515/1129 815/513/1128
f 816/515/1129 514/514/669 508/516/663
f 508/516/663 817/517/1130 816/515/1129
f 509/523/664 817/517/1130 508/516/663
f 816/515/1129 593/44/788 815/513/1128
f 817/517/1130 593/44/788 816/515/1129
f 593/44/788 817/517/1130 590/494/785
f 817/517/1130 818/518/1131 590/494/785
f 590/494/785 818/518/1131 589/493/784
f 589/493/784 818/518/1131 819/519/1132
f 589/493/784 819/519/1132 588/490/783
f 588/490/783 819/519/1132 20/488/782
f 261/520/1133 20/488/782 819/519/1132
f 593/44/788 590/494/785 591/496/786
f 592/498/787 593/44/788 591/496/786
f 20/488/1134 261/520/1134 228/521/1134
f 20/488/1135 228/521/1135 18/486/1135
f 18/486/1136 228/521/1136 587/485/1136
f 587/485/1137 228/521/1137 229/522/1137
f 587/485/778 229/522/1138 72/34/66
f 72/34/1139 229/522/1139 50/37/1139
f 72/34/66 50/37/44 51/39/46
f 72/34/66 51/39/46 71/36/67
f 818/518/1131 817/517/1130 509/523/664
f 818/518/1131 509/523/664 819/519/1132
f 512/524/667 819/519/1132 509/523/664
f 819/519/1132 512/524/667 515/525/670
f 515/525/670 261/520/1133 819/519/1132
f 261/520/1133 515/525/670 266/526/671
f 261/520/1140 266/526/1140 228/521/1140
f 228/521/1141 266/526/1141 517/527/1141
f 228/521/1142 517/527/1143 229/522/1144
f 229/522/1144 517/527/1143 50/37/1145
f 52/528/45 50/37/44 517/527/673
f 581/527/764 77/37/72 75/528/71
f 581/527/1146 385/522/1147 77/37/1148
f 385/522/1147 581/527/1146 362/521/1149
f 97/526/1150 362/521/1150 581/527/1150
f 97/526/1151 87/520/1151 362/521/1151
f 578/525/1152 87/520/1153 97/526/1154
f 578/525/1152 820/519/1155 87/520/1153
f 576/524/1156 820/519/1156 578/525/1156
f 576/524/755 573/523/754 820/519/1157
f 573/523/1158 821/518/1159 820/519/1155
f 821/518/1159 573/523/1158 822/517/1160
f 571/516/1161 822/517/1161 573/523/1161
f 822/517/1160 571/516/1162 823/515/1163
f 823/515/1164 571/516/1164 570/514/1164
f 570/514/1165 824/513/1166 823/515/1163
f 569/501/1167 824/513/1167 570/514/1167
f 824/513/1168 569/501/1168 568/67/1168
f 568/67/1169 54/45/49 824/513/1166
f 54/45/1170 568/67/1171 567/500/1172
f 54/45/1170 567/500/1172 53/43/1173
f 54/45/49 55/44/48 824/513/1166
f 824/513/1166 55/44/48 823/515/1163
f 55/44/48 822/517/1160 823/515/1163
f 55/44/48 689/494/964 822/517/1160
f 55/44/48 690/496/966 689/494/964
f 691/498/969 690/496/966 55/44/48
f 689/494/964 821/518/1159 822/517/1160
f 821/518/1159 689/494/964 688/493/962
f 821/518/1159 688/493/962 820/519/1155
f 820/519/1155 688/493/962 687/490/957
f 820/519/1155 687/490/957 3/488/956
f 820/519/1155 3/488/956 87/520/1153
f 87/520/1174 3/488/1175 362/521/1175
f 358/486/1176 362/521/1175 3/488/1175
f 362/521/1177 358/486/1177 686/485/1177
f 686/485/1178 385/522/1178 362/521/1178
f 385/522/1179 686/485/952 47/34/41
f 385/522/1180 47/34/1180 77/37/1180
f 77/37/72 47/34/41 76/39/73
f 76/39/73 47/34/41 48/36/43
f 73/64/1181 415/732/1181 59/733/1181
f 693/596/973 415/732/1182 73/64/68
f 28/597/1183 415/732/1183 693/596/1183
f 28/597/1184 504/734/1185 415/732/1186
f 30/600/69 504/734/1185 28/597/1184
f 30/600/976 501/735/651 504/734/654
f 501/735/651 30/600/976 694/601/978
f 694/601/978 500/736/650 501/735/651
f 694/601/978 496/737/646 500/736/650
f 696/603/980 496/737/646 694/601/978
f 698/605/982 496/737/646 696/603/980
f 698/605/982 493/738/643 496/737/646
f 493/738/643 698/605/982 703/610/987
f 493/738/643 703/610/987 498/739/648
f 704/611/988 498/739/648 703/610/987
f 704/611/988 499/740/649 498/739/648
f 499/740/649 704/611/988 699/606/983
f 699/606/983 491/741/642 499/740/649
f 825/742/1187 52/743/45 70/744/65
f 825/742/1187 267/745/1188 52/743/45
f 825/742/1187 515/746/1189 267/745/1188
f 513/747/1190 515/746/1189 825/742/1187
f 513/747/1190 826/748/1191 515/746/1189
f 827/749/1192 826/748/1191 513/747/1190
f 827/749/1192 828/750/1193 826/748/1191
f 829/751/1194 828/750/1193 827/749/1192
f 828/750/1193 829/751/1194 830/752/1195
f 830/752/1195 829/751/1194 831/753/1196
f 830/752/1195 831/753/1196 832/754/1197
f 832/754/1197 831/753/1196 84/69/79
f 84/69/79 82/68/78 832/754/1197
f 832/754/1197 82/68/78 833/755/1198
f 833/755/1198 82/68/78 834/756/1199
f 834/756/1199 82/68/78 532/452/692
f 834/756/1199 532/452/692 835/757/1200
f 835/757/1200 532/452/692 533/453/693
f 533/453/693 836/758/1201 835/757/1200
f 836/758/1201 533/453/693 535/455/696
f 836/758/1201 535/455/696 536/456/1202
f 836/758/1203 536/456/1203 638/759/1203
f 438/730/1204 34/28/28 35/30/30
f 34/28/1205 438/730/1205 60/55/1205
f 438/730/1107 501/760/1206 60/55/1207
f 502/727/1106 501/760/1206 438/730/1107
f 502/727/1106 837/761/1208 501/760/1206
f 806/726/1105 837/761/1208 502/727/1106
f 805/725/1104 837/761/1208 806/726/1105
f 805/725/1104 838/762/1209 837/761/1208
f 838/762/1209 805/725/1104 804/724/1103
f 838/762/1209 804/724/1103 839/763/1210
f 802/722/1101 839/763/1210 804/724/1103
f 801/721/1100 839/763/1210 802/722/1101
f 839/763/1210 801/721/1100 840/764/1211
f 840/764/1211 801/721/1100 841/765/1212
f 801/721/1100 842/766/1213 841/765/1212
f 842/766/1213 801/721/1100 799/719/1098
f 842/766/1213 799/719/1098 798/718/1097
f 798/718/1097 843/767/1214 842/766/1213
f 843/767/1214 798/718/1097 796/716/1095
f 843/767/1214 796/716/1095 795/715/1094
f 795/715/1094 844/768/1215 843/767/1214
f 845/769/1216 844/768/1215 795/715/1094
f 795/715/1094 846/770/1217 845/769/1216
f 793/713/1090 846/770/1217 795/715/1094
f 846/770/1217 793/713/1090 791/710/1092
f 846/770/1217 791/710/1092 755/771/1218
f 755/771/1219 791/710/1219 760/712/1219
f 755/771/1218 847/772/1220 846/770/1217
f 847/772/1221 755/771/1221 761/773/1221
f 410/774/1222 46/41/1222 36/40/1222
f 410/774/1223 692/595/972 46/41/39
f 410/774/1224 32/598/1224 692/595/1224
f 503/775/1225 32/598/1225 410/774/1226
f 503/775/1225 33/599/1227 32/598/1225
f 502/776/652 33/599/977 503/775/653
f 502/776/652 695/602/979 33/599/977
f 497/777/647 695/602/979 502/776/652
f 495/778/645 695/602/979 497/777/647
f 697/604/981 695/602/979 495/778/645
f 697/604/981 495/778/645 700/607/984
f 494/779/644 700/607/984 495/778/645
f 700/607/984 494/779/644 701/608/985
f 701/608/985 494/779/644 492/780/641
f 492/780/641 702/609/986 701/608/985
f 702/609/986 492/780/641 490/781/640
f 702/609/986 490/781/640 491/741/642
f 702/609/986 491/741/642 699/606/983
f 52/743/45 848/782/1228 51/783/46
f 267/745/1188 848/782/1228 52/743/45
f 515/746/1189 848/782/1228 267/745/1188
f 515/746/1189 849/784/1229 848/782/1228
f 826/748/1191 849/784/1229 515/746/1189
f 828/750/1193 849/784/1229 826/748/1191
f 828/750/1193 850/785/1230 849/784/1229
f 830/752/1195 850/785/1230 828/750/1193
f 850/785/1230 830/752/1195 832/754/1197
f 850/785/1230 832/754/1197 833/755/1198
f 14/15/15 15/14/14 545/466/706
f 545/466/706 851/786/1231 14/15/15
f 547/468/708 851/786/1231 545/466/706
f 851/786/1231 547/468/708 548/469/709
f 548/469/709 852/787/1232 851/786/1231
f 551/472/712 852/787/1232 548/469/709
f 852/787/1232 551/472/712 553/474/714
f 852/787/1232 553/474/714 616/788/828
f 616/788/828 553/474/714 520/475/715
f 616/788/828 520/475/715 63/478/57
f 61/57/56 616/788/828 63/478/57
f 756/667/1233 853/789/1233 761/672/1233
f 757/668/1048 853/789/1234 756/667/1047
f 757/668/1048 854/790/1235 853/789/1236
f 758/669/1049 854/790/1235 757/668/1048
f 758/669/1049 855/791/1237 854/790/1235
f 855/791/1237 758/669/1049 759/670/1050
f 855/791/1237 759/670/1050 749/660/1040
f 855/791/1237 749/660/1040 750/661/1041
f 750/661/1041 856/792/1238 855/791/1237
f 856/792/1238 750/661/1041 742/653/1033
f 743/654/1034 856/792/1238 742/653/1033
f 744/655/1035 856/792/1238 743/654/1034
f 744/655/1035 857/793/1239 856/792/1238
f 745/656/1036 857/793/1239 744/655/1035
f 762/673/1053 857/793/1239 745/656/1036
f 762/673/1053 763/674/1054 857/793/1239
f 763/674/1054 858/794/1240 857/793/1239
f 764/675/1055 858/794/1240 763/674/1054
f 858/794/1240 764/675/1055 536/676/1056
f 534/795/1241 858/794/1241 536/676/1241
f 850/785/1230 833/755/1198 834/756/1199
f 834/756/1199 859/796/1242 850/785/1230
f 859/796/1242 834/756/1199 835/757/1200
f 836/758/1201 859/796/1242 835/757/1200
f 836/758/1201 860/797/1243 859/796/1242
f 860/797/1243 836/758/1201 638/759/1244
f 637/798/1245 860/797/1245 638/759/1245
f 84/69/79 861/799/1246 83/70/80
f 831/753/1196 861/799/1246 84/69/79
f 829/751/1194 861/799/1246 831/753/1196
f 861/799/1246 829/751/1194 827/749/1192
f 827/749/1192 862/800/1247 861/799/1246
f 862/800/1247 827/749/1192 513/747/1190
f 862/800/1247 513/747/1190 825/742/1187
f 825/742/1187 863/801/1248 862/800/1247
f 863/801/1248 825/742/1187 70/744/65
f 71/802/67 863/801/1248 70/744/65
f 59/56/69 639/803/851 74/804/70
f 60/55/69 639/803/69 59/56/69
f 501/760/1206 639/803/851 60/55/1207
f 642/805/855 639/803/851 501/760/1206
f 837/761/1208 642/805/855 501/760/1206
f 837/761/1208 864/806/69 642/805/855
f 838/762/1209 864/806/69 837/761/1208
f 864/806/69 838/762/1209 839/763/1210
f 864/806/69 839/763/1210 840/764/1211
f 840/764/1211 865/807/1249 864/806/69
f 865/807/1249 840/764/1211 841/765/1212
f 842/766/1213 865/807/1249 841/765/1212
f 843/767/1214 865/807/1249 842/766/1213
f 843/767/1214 866/808/1250 865/807/1249
f 844/768/1215 866/808/1250 843/767/1214
f 844/768/1215 845/769/1216 866/808/1250
f 845/769/1216 867/809/1251 866/808/1250
f 846/770/1217 867/809/1251 845/769/1216
f 847/772/1220 867/809/1251 846/770/1217
f 847/772/1220 868/810/1252 867/809/1251
f 868/810/1252 847/772/1220 761/773/1253
f 853/811/1254 868/810/1254 761/773/1254
f 736/647/1027 778/812/1071 738/649/1029
f 736/647/1027 734/645/1025 778/812/1071
f 734/645/1025 869/813/1255 778/812/1071
f 869/813/1255 734/645/1025 733/644/1024
f 733/644/1024 870/814/1256 869/813/1255
f 870/814/1256 733/644/1024 728/639/1019
f 729/640/1020 870/814/1256 728/639/1019
f 729/640/1020 871/815/1257 870/814/1256
f 871/815/1257 729/640/1020 730/641/1021
f 740/651/1031 871/815/1257 730/641/1021
f 746/657/1037 871/815/1257 740/651/1031
f 746/657/1037 872/816/1258 871/815/1257
f 872/816/1258 746/657/1037 747/658/1038
f 751/662/1042 872/816/1258 747/658/1038
f 872/816/1258 751/662/1042 752/663/1043
f 752/663/1043 873/817/1259 872/816/1258
f 873/817/1259 752/663/1043 753/664/1044
f 873/817/1259 753/664/1044 754/665/1045
f 873/817/1259 754/665/1045 760/671/1260
f 792/818/1261 873/817/1261 760/671/1261
f 779/693/1072 771/819/1064 739/694/1030
f 779/693/1072 874/820/1262 771/819/1064
f 780/695/1073 874/820/1262 779/693/1072
f 781/696/1074 874/820/1262 780/695/1073
f 782/697/1075 874/820/1262 781/696/1074
f 782/697/1075 875/821/1263 874/820/1262
f 875/821/1263 782/697/1075 783/698/1076
f 786/701/1079 875/821/1263 783/698/1076
f 788/703/1081 875/821/1263 786/701/1079
f 875/821/1263 788/703/1081 790/705/1083
f 875/821/1263 790/705/1083 578/707/1087
f 578/707/1087 876/822/1264 875/821/1263
f 578/707/1087 877/823/1265 876/822/1264
f 877/823/1265 578/707/1087 96/708/1088
f 877/823/1265 96/708/1088 75/709/71
f 76/824/73 877/823/1265 75/709/71
f 878/307/1266 880/298/1267 879/308/1268
f 175/299/1269 880/298/1269 878/307/1269
f 881/293/1270 880/298/1267 175/299/1271
f 882/300/1272 881/293/1270 175/299/1271
f 883/292/1273 881/293/1270 882/300/1272
f 883/292/1273 882/300/1272 884/284/1274
f 883/292/1273 884/284/1274 885/285/1275
f 884/284/1274 886/283/1276 885/285/1275
f 887/286/1277 886/283/1276 884/284/1274
f 888/297/1278 880/298/1267 881/293/1270
f 889/291/1279 888/297/1278 881/293/1270
f 883/292/1273 889/291/1279 881/293/1270
f 889/291/1279 883/292/1273 885/285/1275
f 886/283/1276 889/291/1279 885/285/1275
f 890/287/1280 889/291/1279 886/283/1276
f 880/298/1267 888/297/1278 891/301/1281
f 888/297/1278 892/290/1282 891/301/1281
f 889/291/1279 892/290/1282 888/297/1278
f 889/291/1279 890/287/1280 892/290/1282
f 890/287/1280 893/289/1283 892/290/1282
f 892/290/1282 893/289/1283 894/296/1284
f 891/301/1281 892/290/1282 894/296/1284
f 887/286/1277 890/287/1280 886/283/1276
f 890/287/1280 887/286/1277 186/288/1285
f 893/289/1283 890/287/1280 186/288/1285
f 893/289/1286 186/288/1286 895/294/1286
f 893/289/1283 895/294/1287 896/295/1288
f 462/270/556 897/825/1289 461/269/554
f 461/269/554 897/825/1289 464/273/559
f 464/273/559 897/825/1289 465/275/563
f 897/825/1289 466/276/564 465/275/563
f 466/276/564 897/825/1289 467/278/566
f 897/825/1289 898/826/1290 467/278/566
f 462/270/556 898/826/1290 897/825/1289
f 898/826/1290 462/270/556 463/271/557
f 898/826/1290 463/271/557 899/827/1291
f 468/280/569 898/826/1290 899/827/1291
f 898/826/1290 468/280/569 467/278/566
f 661/828/880 900/829/1292 658/830/877
f 900/829/1292 656/831/875 658/830/877
f 656/831/875 900/829/1292 381/832/868
f 900/829/1292 649/833/866 381/832/868
f 900/829/1292 901/834/1293 649/833/866
f 900/829/1292 665/835/885 901/834/1293
f 900/829/1292 389/836/882 665/835/885
f 900/829/1292 661/828/880 389/836/882
f 902/829/1294 682/828/905 16/830/889
f 670/831/891 902/829/1294 16/830/889
f 902/829/1294 670/831/891 242/832/893
f 677/833/899 902/829/1294 242/832/893
f 903/834/1295 902/829/1294 677/833/899
f 902/829/1294 903/834/1295 684/835/907
f 257/836/904 902/829/1294 684/835/907
f 682/828/905 902/829/1294 257/836/904
f 473/828/1296 304/829/1296 472/830/1296
f 304/829/1297 485/831/1298 472/830/1299
f 485/831/1298 304/829/1297 326/832/1300
f 304/829/1301 489/833/1301 326/832/1301
f 304/829/1302 904/834/1303 489/833/1304
f 304/829/1302 480/835/1305 904/834/1303
f 304/829/1306 303/836/1306 480/835/1306
f 304/829/1307 473/828/1307 303/836/1307
f 192/829/1308 887/828/1277 884/830/1274
f 882/831/1272 192/829/1308 884/830/1274
f 192/829/1309 882/831/1309 175/832/1309
f 878/833/1310 192/829/1310 175/832/1310
f 905/834/1311 192/829/1312 878/833/1313
f 192/829/1312 905/834/1311 895/835/1314
f 186/836/1315 192/829/1315 895/835/1315
f 887/828/1316 192/829/1316 186/836/1316
f 893/306/1283 906/302/1317 894/296/1284
f 894/296/1284 906/302/1317 891/301/1281
f 891/301/1281 906/302/1317 880/303/1267
f 906/302/1317 879/304/1268 880/303/1267
f 906/302/1317 896/305/1288 879/304/1268
f 906/302/1317 893/306/1283 896/305/1288
f 459/837/551 907/838/1318 463/271/557
f 463/271/557 907/838/1318 899/827/1291
f 899/827/1291 907/838/1318 468/839/569
f 907/838/1318 469/840/573 468/839/569
f 907/838/1318 460/841/552 469/840/573
f 907/838/1318 459/837/551 460/841/552
f 681/306/903 908/302/1319 683/296/906
f 683/296/906 908/302/1319 679/301/901
f 679/301/901 908/302/1319 672/303/894
f 908/302/1319 678/304/900 672/303/894
f 908/302/1319 909/565/1320 678/304/900
f 908/302/1319 685/305/908 909/565/1320
f 908/302/1319 681/306/903 685/305/908
