# Blender 4.5.3 LTS
# www.blender.org
mtllib GP7Mask.mtl
o light_gp7b.ogf_04
v -0.017383 -0.095671 -0.135741
v 0.000457 -0.101251 -0.132306
v 0.000457 -0.099884 -0.133146
v 0.018297 -0.095669 -0.135742
v 0.024825 -0.077301 -0.147048
v 0.024827 -0.087145 -0.140988
v -0.017381 -0.068781 -0.152293
v 0.006986 -0.063857 -0.155324
v -0.006071 -0.063858 -0.155323
v 0.018296 -0.068778 -0.152294
v 0.000446 -0.080382 -0.104211
v 0.000451 -0.081759 -0.107317
v 0.000443 -0.077583 -0.101660
v 0.000444 -0.083027 -0.106830
v 0.000444 -0.083287 -0.105636
v 0.000443 -0.086537 -0.105491
v 0.000444 -0.086939 -0.106655
v 0.000443 -0.089259 -0.103816
v 0.000443 -0.090215 -0.104638
v 0.000442 -0.090725 -0.101057
v 0.000442 -0.091978 -0.101318
v 0.000441 -0.088756 -0.095343
v 0.000441 -0.090539 -0.097956
v 0.000441 -0.091757 -0.097585
v 0.000441 -0.089607 -0.094439
v 0.000441 -0.085850 -0.093918
v 0.000440 -0.086110 -0.092724
v 0.000443 -0.078414 -0.098497
v 0.000442 -0.079879 -0.095739
v 0.000441 -0.082602 -0.094063
v 0.000441 -0.082198 -0.092898
v 0.000442 -0.078924 -0.094915
v 0.000448 -0.073338 -0.093270
v 0.000461 -0.046565 -0.132449
v 0.000459 -0.047984 -0.136571
v -0.002568 -0.047290 -0.136783
v -0.002568 -0.045846 -0.132593
v -0.004784 -0.043953 -0.133186
v -0.005597 -0.042797 -0.138152
v -0.005596 -0.041323 -0.133874
v -0.004786 -0.038686 -0.134541
v -0.002569 -0.038303 -0.139520
v -0.002568 -0.036780 -0.135092
v 0.000459 -0.036110 -0.135381
v 0.003488 -0.038303 -0.139521
v 0.003488 -0.036779 -0.135093
v 0.005704 -0.038686 -0.134541
v 0.006517 -0.042797 -0.138153
v 0.006516 -0.041322 -0.133875
v 0.005704 -0.043953 -0.133187
v 0.003490 -0.047290 -0.136783
v 0.003490 -0.045846 -0.132593
v -0.035973 0.008842 -0.149433
v -0.026215 0.024033 -0.150108
v -0.032206 0.017016 -0.149797
v -0.037259 0.000066 -0.149044
v -0.021055 -0.019301 -0.148734
v 0.000452 0.033954 -0.150552
v -0.009320 0.032801 -0.150500
v -0.018410 0.029415 -0.150349
v -0.035974 -0.008705 -0.148653
v -0.032201 -0.016879 -0.148289
v -0.026205 -0.023898 -0.147974
v -0.018393 -0.029284 -0.147734
v -0.009306 -0.032670 -0.147583
v 0.000457 -0.033823 -0.147532
v 0.027111 -0.023898 -0.147977
v 0.038161 0.000066 -0.149043
v 0.027119 0.024033 -0.150109
v 0.010223 0.032801 -0.150500
v 0.019313 0.029415 -0.150350
v 0.010219 -0.032670 -0.147585
v 0.019305 -0.029283 -0.147737
v 0.036874 0.008842 -0.149433
v 0.033109 0.017016 -0.149797
v 0.036874 -0.008705 -0.148653
v 0.033107 -0.016878 -0.148290
v 0.022849 -0.110296 -0.130325
v 0.029494 -0.109504 -0.130812
v 0.029548 -0.114389 -0.137871
v 0.019111 -0.121330 -0.146396
v -0.021942 -0.110296 -0.130325
v -0.018208 -0.121330 -0.146396
v -0.028644 -0.114389 -0.137871
v -0.028588 -0.109506 -0.130812
v 0.023892 -0.120540 -0.146939
v -0.022987 -0.120540 -0.146939
v -0.012705 0.079783 -0.119298
v -0.020730 0.086347 -0.117659
v -0.027683 0.087422 -0.117216
v -0.019474 0.080783 -0.118743
v -0.013910 0.074632 -0.119234
v -0.010230 0.075748 -0.119462
v -0.009573 0.071351 -0.119448
v -0.008362 0.071514 -0.118584
v -0.009077 0.076107 -0.118603
v -0.029236 0.084598 -0.116819
v -0.025051 0.081290 -0.117299
v -0.018108 0.076934 -0.118321
v -0.015965 0.070599 -0.118555
v -0.013473 0.070890 -0.119230
v -0.042561 0.085869 -0.112434
v -0.042691 0.083878 -0.111842
v -0.053515 0.086103 -0.106918
v -0.062631 0.083782 -0.099954
v -0.063356 0.085762 -0.100035
v -0.074748 0.081075 -0.087571
v -0.042006 0.088913 -0.112700
v -0.053576 0.089124 -0.106944
v -0.063911 0.088794 -0.099657
v -0.073034 0.084273 -0.090575
v -0.078280 0.080495 -0.083568
v -0.078309 0.076603 -0.082442
v -0.041388 0.089851 -0.111943
v -0.063352 0.089734 -0.098894
v -0.074059 0.087061 -0.089436
v -0.081316 0.079393 -0.078408
v -0.082402 0.071121 -0.075886
v -0.080791 0.070686 -0.078954
v -0.079175 0.070416 -0.080727
v -0.024894 0.088425 -0.109276
v -0.037792 0.089971 -0.105151
v -0.057525 0.089916 -0.093705
v -0.066625 0.088110 -0.084468
v -0.076743 0.086059 -0.084170
v -0.019266 0.086480 -0.110408
v -0.014858 0.083849 -0.111011
v -0.011181 0.080473 -0.112008
v -0.008197 0.071837 -0.112362
v -0.069488 0.086236 -0.080501
v -0.071354 0.083524 -0.077085
v -0.080781 0.079923 -0.077249
v -0.081890 0.071275 -0.074605
v -0.080730 0.059660 -0.076305
v -0.081214 0.059829 -0.077592
v -0.073861 0.076218 -0.072748
v -0.073283 0.059911 -0.073593
v -0.070510 0.045990 -0.077535
v -0.077688 0.045349 -0.080947
v -0.075797 0.038986 -0.085503
v -0.078219 0.053888 -0.082465
v -0.076577 0.054578 -0.084067
v -0.064921 0.032419 -0.084483
v -0.072008 0.032048 -0.088523
v -0.068103 0.027586 -0.094193
v -0.072460 0.041922 -0.089105
v -0.060947 0.027076 -0.088633
v -0.067674 0.026795 -0.093214
v -0.058313 0.021640 -0.102500
v -0.052038 0.020990 -0.096062
v -0.046071 0.021997 -0.109807
v -0.046693 0.020549 -0.099606
v -0.040914 0.021240 -0.102765
v -0.035144 0.023311 -0.105189
v -0.038797 0.023499 -0.111986
v -0.029312 0.027071 -0.107141
v -0.026113 0.032242 -0.115931
v -0.033498 0.027954 -0.114923
v -0.040910 0.027282 -0.112191
v -0.052050 0.026151 -0.106110
v -0.024797 0.032090 -0.109710
v -0.015901 0.045547 -0.117734
v -0.015755 0.043865 -0.111126
v -0.010098 0.059896 -0.118424
v -0.011336 0.060063 -0.119262
v -0.017099 0.045949 -0.118510
v -0.029804 0.035186 -0.116009
v -0.011948 0.052998 -0.111583
v -0.008259 0.066634 -0.113011
v -0.015223 0.060683 -0.118962
v -0.026657 0.042135 -0.116315
v -0.036448 0.032409 -0.113516
v -0.017697 0.061102 -0.118235
v -0.057197 0.026745 -0.102806
v -0.065615 0.032066 -0.096017
v -0.016618 0.070634 -0.111024
v -0.020024 0.055419 -0.110324
v -0.025820 0.043252 -0.108853
v -0.033988 0.033979 -0.106403
v -0.047157 0.027918 -0.100042
v -0.010511 0.061555 -0.102686
v -0.018545 0.042612 -0.101384
v -0.027333 0.032878 -0.099248
v -0.036733 0.027560 -0.095354
v -0.009007 0.071072 -0.102856
v -0.041308 0.026622 -0.092846
v -0.045870 0.027220 -0.089878
v -0.051538 0.028514 -0.097242
v -0.058721 0.033654 -0.091529
v -0.064617 0.043061 -0.085804
v -0.053204 0.032552 -0.083686
v -0.058989 0.042415 -0.077339
v -0.068334 0.055354 -0.081504
v -0.070742 0.070473 -0.078612
v -0.068849 0.078274 -0.081803
v -0.063456 0.061360 -0.071107
v -0.064520 0.070883 -0.069621
v -0.063843 0.077095 -0.071261
v -0.061067 0.081530 -0.075978
v -0.064602 0.081370 -0.087077
v -0.048251 0.082921 -0.100435
v -0.028333 0.081653 -0.108824
v -0.050842 0.084206 -0.087315
v -0.042487 0.084503 -0.093076
v -0.033076 0.084244 -0.097620
v -0.021776 0.083152 -0.101144
v -0.013712 0.079764 -0.102592
v -0.020819 0.078512 -0.110550
v -0.016893 0.073904 -0.111047
v -0.009276 0.074370 -0.102877
v 0.011397 0.061555 -0.102686
v 0.009888 0.071072 -0.102856
v 0.017502 0.070634 -0.111024
v 0.020915 0.055419 -0.110324
v 0.019440 0.042612 -0.101384
v 0.026718 0.043252 -0.108853
v 0.028233 0.032878 -0.099248
v 0.034889 0.033979 -0.106403
v 0.037634 0.027560 -0.095355
v 0.018586 0.061102 -0.118235
v 0.027556 0.042135 -0.116315
v 0.037349 0.032409 -0.113516
v 0.048059 0.027918 -0.100046
v 0.042211 0.026625 -0.092847
v 0.046773 0.027220 -0.089880
v 0.016853 0.070599 -0.118555
v 0.052952 0.026153 -0.106112
v 0.052443 0.028515 -0.097247
v 0.059632 0.033656 -0.091536
v 0.054111 0.032552 -0.083689
v 0.065543 0.043062 -0.085812
v 0.059901 0.042415 -0.077344
v 0.069277 0.055355 -0.081510
v 0.063298 0.055067 -0.072698
v 0.058101 0.026745 -0.102812
v 0.066529 0.032067 -0.096027
v 0.073397 0.041926 -0.089115
v 0.077539 0.054580 -0.084075
v 0.080119 0.070408 -0.080690
v 0.071578 0.070454 -0.078508
v 0.065303 0.070859 -0.069502
v 0.064406 0.077002 -0.070837
v 0.069456 0.078199 -0.081449
v 0.063225 0.079366 -0.072669
v 0.065210 0.081295 -0.086730
v 0.059157 0.082713 -0.078396
v 0.079132 0.076571 -0.082296
v 0.075503 0.081027 -0.087349
v 0.063522 0.083766 -0.099882
v 0.049124 0.082914 -0.100397
v 0.043243 0.084518 -0.093146
v 0.051401 0.084138 -0.087006
v 0.043605 0.083878 -0.111842
v 0.029226 0.081656 -0.108833
v 0.033973 0.084311 -0.097917
v 0.018105 0.081756 -0.102208
v 0.021705 0.078512 -0.110550
v 0.011883 0.077430 -0.102747
v 0.054452 0.086101 -0.106909
v 0.043476 0.085869 -0.112434
v 0.025943 0.081290 -0.117300
v 0.030132 0.084599 -0.116821
v 0.020363 0.080783 -0.118743
v 0.018996 0.076934 -0.118321
v 0.014795 0.074632 -0.119234
v 0.054501 0.089120 -0.106925
v 0.042919 0.088914 -0.112715
v 0.028577 0.087422 -0.117216
v 0.012520 0.080329 -0.118463
v 0.064227 0.085743 -0.099943
v 0.070180 0.088117 -0.094418
v 0.064133 0.089698 -0.098728
v 0.053907 0.090076 -0.106182
v 0.042301 0.089860 -0.111989
v 0.021618 0.086348 -0.117662
v 0.073783 0.084221 -0.090335
v 0.077936 0.085171 -0.084679
v 0.080629 0.077669 -0.080828
v 0.082093 0.079346 -0.078195
v 0.081735 0.070679 -0.078920
v 0.083342 0.071115 -0.075855
v 0.082814 0.071268 -0.074568
v 0.081525 0.079868 -0.076981
v 0.079179 0.053891 -0.082473
v 0.082178 0.059830 -0.077602
v 0.081688 0.059661 -0.076312
v 0.074221 0.059910 -0.073598
v 0.074962 0.071565 -0.071957
v 0.073468 0.079935 -0.073865
v 0.075011 0.040751 -0.087864
v 0.079065 0.045756 -0.082191
v 0.078625 0.045351 -0.080958
v 0.071433 0.045992 -0.077542
v 0.069012 0.027589 -0.094205
v 0.076727 0.038988 -0.085514
v 0.072923 0.032051 -0.088536
v 0.065832 0.032420 -0.084491
v 0.058675 0.020736 -0.101698
v 0.046252 0.021092 -0.109106
v 0.041812 0.027282 -0.112191
v 0.034398 0.027954 -0.114923
v 0.039698 0.023499 -0.111986
v 0.030705 0.035186 -0.116010
v 0.027014 0.032242 -0.115932
v 0.017993 0.045948 -0.118511
v 0.016794 0.045547 -0.117735
v 0.012224 0.060063 -0.119262
v 0.010987 0.059896 -0.118424
v 0.016649 0.043865 -0.111126
v 0.025696 0.032091 -0.109710
v 0.016113 0.060683 -0.118962
v 0.014358 0.070890 -0.119231
v 0.010458 0.071351 -0.119449
v 0.009245 0.071514 -0.118584
v 0.009141 0.066634 -0.113011
v 0.012837 0.052998 -0.111584
v 0.009078 0.071837 -0.112362
v 0.030213 0.027071 -0.107141
v 0.036046 0.023311 -0.105189
v 0.041815 0.021240 -0.102766
v 0.047593 0.020551 -0.099610
v 0.052937 0.020991 -0.096066
v 0.068579 0.026798 -0.093227
v 0.061849 0.027079 -0.088642
v 0.069847 0.086004 -0.079425
v 0.066998 0.087895 -0.083477
v 0.011114 0.075748 -0.119462
v 0.009960 0.076108 -0.118603
v 0.012062 0.080473 -0.112008
v 0.015741 0.083864 -0.111078
v 0.020150 0.086514 -0.110564
v 0.025783 0.088469 -0.109474
v 0.038696 0.090040 -0.105479
v 0.048999 0.090239 -0.100164
v 0.058073 0.089833 -0.093316
v 0.017779 0.073904 -0.111047
v 0.029576 -0.086591 -0.144918
v 0.029177 -0.088052 -0.154072
v 0.023993 -0.097644 -0.161116
v 0.020170 -0.086411 -0.168027
v 0.024905 -0.078131 -0.160179
v 0.020407 -0.073734 -0.162886
v 0.011837 -0.080132 -0.171891
v 0.024825 -0.073343 -0.153072
v 0.020341 -0.068961 -0.155771
v 0.014525 -0.065584 -0.157850
v 0.007758 -0.068230 -0.166272
v 0.000452 -0.077833 -0.173306
v -0.006850 -0.068231 -0.166272
v -0.010932 -0.080132 -0.171891
v -0.019498 -0.073736 -0.162885
v -0.019263 -0.086411 -0.168026
v 0.007734 -0.063477 -0.159148
v 0.000457 -0.062741 -0.159598
v -0.006822 -0.063477 -0.159144
v -0.013613 -0.065584 -0.157848
v -0.019431 -0.068964 -0.155770
v -0.023997 -0.078133 -0.160177
v -0.028271 -0.088053 -0.154070
v -0.023086 -0.097646 -0.161114
v -0.028667 -0.086594 -0.144917
v -0.023916 -0.073347 -0.153070
v -0.051731 -0.059176 -0.109833
v -0.045103 -0.055557 -0.107124
v -0.048016 -0.055044 -0.101862
v -0.054917 -0.058614 -0.104069
v -0.061938 -0.064743 -0.114000
v -0.065551 -0.064105 -0.107466
v -0.063631 -0.065699 -0.114695
v -0.067318 -0.065048 -0.108019
v -0.071507 -0.061624 -0.102397
v -0.051322 -0.052342 -0.097430
v -0.058538 -0.055653 -0.099214
v -0.069651 -0.060751 -0.101960
v -0.075565 -0.055946 -0.098682
v -0.073626 -0.055192 -0.098321
v -0.078888 -0.048882 -0.097441
v -0.054525 -0.047865 -0.094502
v -0.062045 -0.050750 -0.096007
v -0.064912 -0.044649 -0.094935
v -0.076880 -0.048273 -0.097107
v -0.078924 -0.041048 -0.098494
v -0.080977 -0.041504 -0.098859
v -0.081505 -0.034936 -0.102725
v -0.057140 -0.042293 -0.093523
v -0.058771 -0.036475 -0.094644
v -0.066705 -0.038277 -0.096161
v -0.067149 -0.032606 -0.099499
v -0.079440 -0.034620 -0.102280
v -0.078338 -0.029961 -0.107889
v -0.080381 -0.030180 -0.108453
v -0.077760 -0.027958 -0.115169
v -0.059169 -0.031296 -0.097692
v -0.058265 -0.027546 -0.102204
v -0.066168 -0.028497 -0.104441
v -0.063903 -0.026577 -0.110240
v -0.075773 -0.027783 -0.114464
v -0.074048 -0.028608 -0.121850
v -0.072137 -0.028423 -0.121003
v -0.067994 -0.031777 -0.126513
v -0.069817 -0.032032 -0.127474
v -0.056197 -0.025794 -0.107496
v -0.053276 -0.026308 -0.112762
v -0.060700 -0.027141 -0.116007
v -0.057057 -0.030099 -0.120864
v -0.053529 -0.035003 -0.124070
v -0.063986 -0.037335 -0.130150
v -0.065724 -0.037709 -0.131190
v -0.049953 -0.029010 -0.117195
v -0.046735 -0.033487 -0.120124
v -0.044115 -0.039058 -0.121101
v -0.050657 -0.041106 -0.125145
v -0.060728 -0.044254 -0.131363
v -0.062394 -0.044776 -0.132428
v -0.060332 -0.052153 -0.131004
v -0.058708 -0.051480 -0.129970
v -0.058232 -0.057910 -0.126180
v -0.059845 -0.058720 -0.127135
v -0.042493 -0.044877 -0.119980
v -0.048875 -0.047478 -0.123915
v -0.048456 -0.053150 -0.120573
v -0.049460 -0.057257 -0.115628
v -0.059368 -0.062567 -0.120573
v -0.061005 -0.063478 -0.121407
v -0.042113 -0.050055 -0.116928
v -0.043030 -0.053807 -0.112416
v 0.019348 -0.078924 -0.094915
v 0.019348 -0.069232 -0.092062
v 0.019346 -0.070323 -0.096322
v 0.019346 -0.077160 -0.098235
v 0.019345 -0.077382 -0.101966
v 0.019341 -0.075459 -0.109739
v 0.019343 -0.079528 -0.105113
v 0.019343 -0.083024 -0.106829
v 0.026026 -0.078978 -0.098613
v 0.026027 -0.080309 -0.096107
v 0.022770 -0.078924 -0.094915
v 0.022769 -0.077160 -0.098235
v 0.022768 -0.077382 -0.101966
v 0.026023 -0.080765 -0.103802
v 0.022767 -0.079528 -0.105113
v 0.026023 -0.083405 -0.105096
v 0.022767 -0.083024 -0.106829
v 0.022768 -0.086939 -0.106655
v 0.026024 -0.088828 -0.103443
v 0.022769 -0.090212 -0.104638
v 0.026026 -0.090157 -0.100939
v 0.022770 -0.091978 -0.101317
v 0.022771 -0.091757 -0.097585
v 0.026027 -0.088372 -0.095748
v 0.007479 -0.081253 -0.107512
v 0.016402 -0.077444 -0.108976
v 0.022772 -0.089608 -0.094438
v 0.022772 -0.086110 -0.092724
v 0.026027 -0.082783 -0.094586
v 0.022772 -0.082199 -0.092897
v 0.000457 -0.101611 -0.135673
v -0.005603 -0.100998 -0.136051
v -0.016102 -0.096430 -0.138863
v -0.022162 -0.086795 -0.141206
v -0.019836 -0.092780 -0.141108
v -0.022164 -0.088518 -0.143732
v -0.022164 -0.079383 -0.149355
v -0.016102 -0.071472 -0.154225
v -0.005603 -0.066904 -0.157038
v 0.006516 -0.066902 -0.157039
v 0.017013 -0.071470 -0.154228
v 0.023074 -0.079381 -0.149357
v 0.023074 -0.088517 -0.143732
v 0.017014 -0.096428 -0.138863
v 0.006517 -0.100996 -0.136050
v -0.023916 -0.087148 -0.140988
v -0.023915 -0.077305 -0.147047
v 0.042680 -0.067691 -0.115128
v 0.045443 -0.069399 -0.108531
v 0.046969 -0.065295 -0.108581
v 0.043016 -0.060896 -0.119445
v 0.039927 -0.059241 -0.126626
v 0.042445 -0.051413 -0.127477
v 0.041383 -0.046154 -0.133368
v 0.046666 -0.031932 -0.133550
v 0.045414 -0.039388 -0.130525
v 0.051134 -0.028043 -0.127773
v 0.054371 -0.020390 -0.127120
v 0.058079 -0.020418 -0.119960
v 0.062436 -0.014616 -0.115801
v 0.064374 -0.018556 -0.109175
v 0.065905 -0.014453 -0.109228
v 0.068307 -0.022955 -0.098311
v 0.070525 -0.019625 -0.096457
v 0.069025 -0.027193 -0.093782
v 0.071125 -0.030772 -0.087015
v 0.067737 -0.038329 -0.088047
v 0.067600 -0.044908 -0.083431
v 0.063237 -0.050426 -0.087891
v 0.064556 -0.051916 -0.084208
v 0.060131 -0.055808 -0.089982
v 0.056904 -0.063460 -0.090638
v 0.053234 -0.063433 -0.097798
v 0.052809 -0.067210 -0.095853
v -0.044551 -0.069398 -0.108527
v -0.046077 -0.065295 -0.108578
v -0.051916 -0.067209 -0.095849
v -0.052345 -0.063433 -0.097793
v -0.056009 -0.063461 -0.090635
v -0.059238 -0.055808 -0.089979
v -0.062345 -0.050427 -0.087889
v -0.063655 -0.051917 -0.084211
v -0.066702 -0.044908 -0.083432
v -0.066854 -0.038330 -0.088037
v -0.070247 -0.030774 -0.087004
v -0.067953 -0.032442 -0.090268
v -0.067448 -0.022959 -0.098295
v -0.069665 -0.019630 -0.096438
v -0.065864 -0.020012 -0.103547
v -0.065047 -0.014456 -0.109214
v -0.060561 -0.018697 -0.114759
v -0.061573 -0.014618 -0.115794
v -0.057633 -0.016643 -0.121901
v -0.057210 -0.020419 -0.119954
v -0.049454 -0.025605 -0.131093
v -0.050254 -0.028043 -0.127773
v -0.042722 -0.038943 -0.134327
v -0.047127 -0.033424 -0.129864
v -0.042624 -0.045521 -0.129711
v -0.040489 -0.046154 -0.133369
v -0.039229 -0.053078 -0.130742
v -0.041553 -0.051411 -0.127477
v -0.042124 -0.060896 -0.119443
v -0.039901 -0.064227 -0.121301
v -0.017531 0.163684 -0.010718
v 0.000473 0.165323 -0.010628
v 0.000485 0.154962 -0.009988
v -0.031733 0.150429 -0.010610
v -0.052458 0.152332 -0.010809
v -0.034674 0.158995 -0.022444
v -0.017373 0.163146 -0.022210
v 0.000465 0.164990 -0.022225
v -0.016740 0.161201 -0.037701
v 0.000455 0.162924 -0.038255
v -0.059407 0.135871 -0.009440
v -0.068240 0.142186 -0.011229
v -0.079790 0.129163 -0.011658
v -0.076571 0.110929 -0.011887
v -0.085697 0.112215 -0.013530
v -0.080550 0.080823 -0.015194
v -0.090937 0.047516 -0.026543
v -0.080632 0.046237 -0.023743
v -0.078474 -0.027073 -0.045710
v -0.069056 -0.024913 -0.042631
v -0.074465 -0.036893 -0.049063
v -0.060175 -0.039190 -0.047727
v -0.067903 -0.045469 -0.052514
v -0.041889 -0.050915 -0.054643
v -0.047217 -0.058138 -0.058624
v -0.034268 -0.064063 -0.061119
v -0.017694 -0.059413 -0.059378
v -0.008775 -0.069052 -0.063798
v 0.000428 -0.069426 -0.063789
v -0.008594 -0.070750 -0.085502
v -0.039499 -0.059067 -0.082172
v 0.000426 -0.060791 -0.059795
v 0.000451 -0.071245 -0.085516
v -0.008032 -0.072990 -0.093694
v -0.028162 -0.064879 -0.094927
v -0.034027 -0.061199 -0.089226
v -0.040330 -0.058047 -0.084950
v -0.046590 -0.054105 -0.081948
v -0.053836 -0.050303 -0.076219
v -0.007535 -0.077254 -0.101958
v -0.014844 -0.075081 -0.103479
v -0.021952 -0.070785 -0.106279
v -0.026097 -0.064974 -0.111045
v -0.028378 -0.063889 -0.102285
v -0.030240 -0.063206 -0.095238
v -0.005277 -0.083424 -0.111701
v -0.015924 -0.079028 -0.112661
v -0.023231 -0.069835 -0.117999
v -0.027703 -0.060120 -0.116405
v -0.028043 -0.063022 -0.109712
v 0.000457 -0.083835 -0.111118
v -0.015275 -0.079069 -0.114239
v -0.021484 -0.070232 -0.118849
v -0.024956 -0.056251 -0.125980
v -0.027452 -0.055404 -0.121910
v -0.027787 -0.049360 -0.126033
v -0.027296 -0.042410 -0.131330
v -0.028930 -0.042489 -0.128588
v -0.031355 -0.035431 -0.129626
v -0.021924 -0.062690 -0.123710
v -0.023131 -0.056564 -0.127489
v -0.024053 -0.049736 -0.130459
v -0.025344 -0.042582 -0.132717
v -0.032287 -0.026888 -0.134193
v -0.034248 -0.028471 -0.128810
v -0.015546 -0.054586 -0.128827
v -0.010633 -0.051651 -0.130277
v -0.009734 -0.032774 -0.135740
v -0.019096 -0.029347 -0.136367
v -0.030362 -0.026416 -0.135812
v -0.005287 -0.050088 -0.130927
v 0.000461 -0.049332 -0.131460
v -0.027161 -0.023839 -0.136459
v -0.033378 -0.016320 -0.136477
v -0.037684 -0.008011 -0.135635
v -0.037369 -0.017255 -0.129483
v -0.037339 -0.022063 -0.126166
v -0.040053 -0.016549 -0.121736
v -0.042676 -0.007961 -0.117163
v -0.042905 -0.012351 -0.116129
v -0.036379 -0.008468 -0.137109
v -0.038290 -0.000009 -0.137750
v -0.038636 0.001089 -0.135919
v -0.036212 0.009660 -0.137732
v -0.037352 0.010023 -0.136073
v -0.038994 0.009879 -0.117455
v -0.045587 -0.005924 -0.109452
v -0.045832 -0.010266 -0.109683
v -0.033846 0.018544 -0.136248
v -0.028073 0.026115 -0.117985
v -0.034980 0.019444 -0.108589
v -0.040965 0.009601 -0.108902
v -0.057150 -0.006569 -0.095848
v -0.050174 -0.010161 -0.103758
v -0.032251 0.017872 -0.138110
v -0.026258 0.025232 -0.138223
v -0.027355 0.026155 -0.136126
v -0.023179 0.031622 -0.117794
v -0.046944 0.017426 -0.099841
v -0.018582 0.031196 -0.138592
v -0.009070 0.045402 -0.132381
v -0.010522 0.049010 -0.116310
v -0.004491 0.042771 -0.137106
v -0.004160 0.052321 -0.128565
v -0.006942 0.054939 -0.120951
v -0.009056 0.035021 -0.139024
v 0.000451 0.038673 -0.138863
v 0.005392 0.042771 -0.137107
v 0.005054 0.052321 -0.128565
v 0.000442 0.062932 -0.118193
v -0.007354 0.060866 -0.115862
v 0.000451 0.035837 -0.138933
v 0.009958 0.035022 -0.139025
v 0.018418 0.031946 -0.138615
v 0.009968 0.045403 -0.132382
v 0.007832 0.054939 -0.120951
v 0.008240 0.060866 -0.115862
v 0.005056 0.067363 -0.115238
v -0.004173 0.067363 -0.115238
v -0.005936 0.077779 -0.112756
v 0.028258 0.026156 -0.136128
v 0.024080 0.031622 -0.117795
v 0.011415 0.049010 -0.116310
v 0.027160 0.025232 -0.138224
v 0.034747 0.018544 -0.136248
v 0.028975 0.026116 -0.117987
v 0.033152 0.017872 -0.138111
v 0.037115 0.009660 -0.137732
v 0.038253 0.010023 -0.136073
v 0.039894 0.009879 -0.117455
v 0.035881 0.019444 -0.108589
v 0.047842 0.017428 -0.099844
v 0.039535 0.001089 -0.135918
v 0.043568 -0.007961 -0.117164
v 0.046477 -0.005923 -0.109455
v 0.041864 0.009603 -0.108903
v 0.038423 0.000636 -0.137454
v 0.038584 -0.008011 -0.135635
v 0.038271 -0.017255 -0.129483
v 0.040951 -0.016549 -0.121736
v 0.043799 -0.012351 -0.116130
v 0.046722 -0.010266 -0.109687
v 0.037280 -0.008468 -0.137109
v 0.034283 -0.016320 -0.136478
v 0.033191 -0.026888 -0.134194
v 0.035151 -0.028469 -0.128809
v 0.038236 -0.022064 -0.126165
v 0.031268 -0.026415 -0.135814
v 0.026255 -0.042582 -0.132718
v 0.028206 -0.042410 -0.131331
v 0.032261 -0.035431 -0.129626
v 0.028069 -0.023839 -0.136460
v 0.020010 -0.029347 -0.136368
v 0.010652 -0.032773 -0.135742
v 0.024966 -0.049734 -0.130459
v 0.025867 -0.056250 -0.125980
v 0.028694 -0.049358 -0.126034
v 0.029838 -0.042487 -0.128589
v 0.000459 -0.033981 -0.135889
v 0.028362 -0.055402 -0.121910
v 0.028614 -0.060118 -0.116404
v 0.024142 -0.069835 -0.117998
v 0.027005 -0.064973 -0.111043
v 0.028951 -0.063021 -0.109709
v 0.029286 -0.063890 -0.102282
v 0.029067 -0.064880 -0.094926
v 0.031147 -0.063207 -0.095237
v 0.034930 -0.061199 -0.089226
v 0.022397 -0.070229 -0.118849
v 0.020833 -0.074915 -0.114757
v 0.023421 -0.068164 -0.096026
v 0.027131 -0.065362 -0.086995
v 0.040404 -0.059067 -0.082173
v 0.041232 -0.058047 -0.084950
v 0.047496 -0.054105 -0.081947
v 0.022838 -0.062688 -0.123710
v 0.024044 -0.056563 -0.127489
v 0.016464 -0.054586 -0.128827
v 0.011553 -0.051651 -0.130277
v 0.006209 -0.050088 -0.130927
v 0.016188 -0.079066 -0.114237
v 0.006191 -0.083423 -0.111700
v 0.008980 -0.072833 -0.093122
v 0.009495 -0.070749 -0.085504
v 0.020509 -0.067976 -0.063141
v 0.048179 -0.058135 -0.058637
v 0.054756 -0.050304 -0.076212
v 0.054094 -0.048815 -0.080819
v 0.018560 -0.059405 -0.059416
v 0.042828 -0.050909 -0.054657
v 0.069022 -0.045491 -0.052415
v 0.061248 -0.039210 -0.047641
v 0.075636 -0.036930 -0.048900
v 0.070185 -0.024949 -0.042464
v 0.079661 -0.027121 -0.045500
v 0.089268 0.047535 -0.026626
v 0.079461 0.046249 -0.023802
v 0.079139 0.080863 -0.015372
v 0.086433 0.113252 -0.013505
v 0.077288 0.111782 -0.011861
v 0.079402 0.130188 -0.011574
v 0.058970 0.136044 -0.009462
v 0.067383 0.142477 -0.011238
v 0.052471 0.151931 -0.010922
v 0.032771 0.150108 -0.010679
v 0.018538 0.163492 -0.010756
v 0.035731 0.158580 -0.022533
v 0.051847 0.151664 -0.022248
v 0.065550 0.142222 -0.021903
v 0.077046 0.130025 -0.021493
v 0.059320 -0.042912 -0.080885
v 0.061227 -0.043770 -0.075290
v 0.066919 -0.034095 -0.076173
v 0.063358 -0.035888 -0.082008
v 0.067781 -0.025845 -0.080670
v 0.064582 -0.028608 -0.084756
v 0.066550 -0.018736 -0.084899
v 0.063470 -0.022276 -0.088557
v 0.068367 -0.039935 -0.064011
v 0.076731 -0.014733 -0.064592
v 0.068884 0.001788 -0.082467
v 0.058030 -0.006566 -0.095859
v 0.060573 -0.016982 -0.093179
v 0.078550 -0.021328 -0.054193
v 0.081985 0.017594 -0.051429
v 0.068787 0.029871 -0.078415
v 0.062317 0.024646 -0.087367
v 0.053280 0.018535 -0.095692
v 0.087056 0.032063 -0.037543
v 0.087553 0.050128 -0.034970
v 0.074766 0.039060 -0.068713
v 0.083690 0.114665 -0.021987
v 0.075245 0.081435 -0.067411
v 0.078342 0.065895 -0.065051
v 0.074357 0.129462 -0.034631
v 0.071395 0.126060 -0.046292
v 0.071230 0.088067 -0.069993
v 0.070667 0.085123 -0.073234
v 0.064074 0.141070 -0.036523
v 0.061802 0.137231 -0.050071
v 0.057662 0.130675 -0.060636
v 0.055543 0.111358 -0.073394
v 0.064479 0.090506 -0.077448
v 0.051061 0.150345 -0.037415
v 0.049076 0.146334 -0.051832
v 0.045410 0.139524 -0.063701
v 0.043907 0.128666 -0.072686
v 0.043227 0.116696 -0.079181
v 0.052989 0.091219 -0.090538
v 0.035420 0.156911 -0.037274
v 0.033720 0.152785 -0.052105
v 0.031075 0.144918 -0.065840
v 0.029501 0.133241 -0.076203
v 0.043100 0.091866 -0.096061
v 0.055093 0.089472 -0.092677
v 0.018369 0.162947 -0.022250
v 0.017676 0.161123 -0.037718
v 0.017703 0.156604 -0.052442
v 0.000441 0.150301 -0.067264
v 0.000437 0.136576 -0.078067
v 0.011465 0.090475 -0.105821
v 0.000447 0.157779 -0.053838
v 0.000435 0.097495 -0.100538
v -0.010588 0.090355 -0.105275
v 0.000439 0.084064 -0.112640
v 0.011035 0.084113 -0.111619
v 0.019190 0.086665 -0.108567
v 0.036732 0.089450 -0.102477
v -0.016465 0.098485 -0.098260
v -0.042396 0.091773 -0.095639
v -0.035834 0.089352 -0.102027
v -0.018309 0.086613 -0.108333
v -0.010157 0.084102 -0.111564
v -0.013725 0.135631 -0.077771
v -0.043217 0.128203 -0.070745
v -0.052561 0.091319 -0.090992
v -0.015230 0.148737 -0.066815
v -0.030177 0.144494 -0.064141
v -0.048167 0.145861 -0.049939
v -0.060627 0.136732 -0.048022
v -0.065354 0.088680 -0.080420
v -0.016807 0.156604 -0.052442
v -0.032818 0.152561 -0.051224
v -0.050538 0.150551 -0.037370
v -0.064014 0.140939 -0.036461
v -0.073714 0.128846 -0.034687
v -0.034438 0.157129 -0.037228
v -0.051898 0.152074 -0.022144
v -0.066238 0.141941 -0.021921
v -0.077217 0.129013 -0.021621
v -0.082832 0.113640 -0.022065
v -0.074521 0.081565 -0.068004
v -0.086383 0.083664 -0.031918
v -0.089051 0.050112 -0.034906
v -0.077429 0.065895 -0.065049
v -0.077485 -0.021299 -0.054326
v -0.066888 -0.025845 -0.080668
v -0.067999 0.001787 -0.082456
v -0.073869 0.039060 -0.068711
v -0.067363 -0.039924 -0.064064
v -0.066002 -0.034092 -0.076186
v -0.062460 -0.035888 -0.082008
v -0.063694 -0.028609 -0.084750
v -0.065667 -0.018738 -0.084892
v -0.060302 -0.043768 -0.075303
v -0.058414 -0.042911 -0.080889
v -0.053187 -0.048815 -0.080822
v -0.062590 -0.022278 -0.088547
v -0.059695 -0.016985 -0.093168
v -0.052382 0.018532 -0.095686
v -0.061415 0.024644 -0.087357
v -0.055261 -0.012656 -0.098116
v 0.006815 0.077779 -0.112756
v 0.056141 -0.012655 -0.098124
v 0.051059 -0.010160 -0.103765
v -0.022472 -0.084129 -0.103755
v -0.025114 -0.080043 -0.109941
v -0.028704 -0.081013 -0.109453
v -0.025719 -0.085453 -0.104080
v -0.032322 -0.081730 -0.108756
v -0.028162 -0.085652 -0.102538
v -0.023665 -0.086458 -0.102864
v -0.019312 -0.084314 -0.103565
v -0.019342 -0.086801 -0.102499
v -0.019350 -0.087754 -0.100060
v -0.023144 -0.086470 -0.097796
v -0.019329 -0.086612 -0.097677
v -0.019297 -0.084047 -0.096745
v -0.027030 -0.082790 -0.098193
v -0.025243 -0.080681 -0.098818
v -0.019267 -0.081560 -0.097809
v -0.029336 -0.084142 -0.100595
v -0.032886 -0.076519 -0.104540
v -0.029295 -0.075549 -0.105029
v -0.025677 -0.074833 -0.105725
v -0.022655 -0.080387 -0.100475
v -0.019260 -0.080608 -0.100249
v -0.032781 -0.079165 -0.106618
v -0.022659 -0.081328 -0.103112
v -0.025219 -0.077397 -0.107862
v -0.021570 -0.081705 -0.102654
v -0.019279 -0.081749 -0.102632
v -0.007560 -0.047173 -0.146026
v -0.018238 -0.043500 -0.148286
v -0.017112 -0.043111 -0.144919
v -0.010422 -0.046929 -0.149032
v -0.003968 -0.048871 -0.146746
v -0.004353 -0.047368 -0.143546
v -0.001865 -0.048693 -0.144362
v -0.000610 -0.045673 -0.135569
v -0.003408 -0.044636 -0.135752
v -0.005013 -0.044407 -0.142422
v -0.004568 -0.042229 -0.136469
v -0.006001 -0.044849 -0.144364
v -0.008705 -0.044294 -0.145163
v -0.014361 -0.039506 -0.144951
v -0.012290 -0.037935 -0.143998
v -0.006937 -0.042613 -0.146676
v -0.004160 -0.042420 -0.144476
v -0.003410 -0.039863 -0.137300
v -0.004675 -0.041459 -0.147935
v -0.001592 -0.041692 -0.145678
v -0.000610 -0.038924 -0.137759
v 0.000893 -0.043017 -0.146496
v 0.002188 -0.039965 -0.137577
v 0.001843 -0.045615 -0.146448
v 0.003348 -0.042371 -0.136860
v 0.000701 -0.047965 -0.145564
v 0.002189 -0.044736 -0.136029
v -0.004066 -0.042587 -0.150265
v -0.000858 -0.045820 -0.149481
v -0.005676 -0.047424 -0.150564
v -0.011418 -0.036182 -0.146985
v -0.012543 -0.036571 -0.150353
v -0.009743 -0.045687 -0.151271
v -0.017366 -0.041744 -0.151272
v -0.008352 -0.043355 -0.151908
v -0.014961 -0.039124 -0.150968
v -0.019262 -0.080126 -0.104286
v -0.019319 -0.084405 -0.105841
v -0.017756 -0.084420 -0.105844
v -0.017699 -0.080142 -0.104289
v -0.019230 -0.078224 -0.100311
v -0.017668 -0.078239 -0.100315
v -0.019244 -0.079811 -0.096244
v -0.017681 -0.079826 -0.096248
v -0.019290 -0.083958 -0.094469
v 0.004216 -0.080358 -0.104333
v 0.004249 -0.078456 -0.100360
v 0.004240 -0.080042 -0.096292
v 0.004194 -0.084190 -0.094517
v -0.017729 -0.083972 -0.094471
v -0.019348 -0.088235 -0.096023
v 0.004161 -0.084637 -0.105888
v 0.004138 -0.088466 -0.096070
v -0.017784 -0.088251 -0.096026
v -0.019378 -0.090138 -0.099998
v -0.017816 -0.090154 -0.100001
v -0.019366 -0.088552 -0.104065
v -0.017803 -0.088567 -0.104068
v 0.004105 -0.090370 -0.100046
v 0.004114 -0.088783 -0.104113
v 0.008518 0.041270 -0.140802
v 0.021215 0.037604 -0.141461
v 0.020922 0.036715 -0.138890
v 0.036062 0.027462 -0.142527
v 0.031301 0.030620 -0.139562
v 0.039173 0.022224 -0.140369
v 0.033392 0.025073 -0.138684
v 0.024936 0.031758 -0.138022
v 0.014098 0.036400 -0.137405
v 0.008487 0.040303 -0.138245
v 0.001648 0.041893 -0.140483
v 0.045379 0.011834 -0.143943
v 0.046088 0.005391 -0.141798
v 0.039782 0.015935 -0.139541
v 0.034254 0.019381 -0.139890
v 0.027471 0.026636 -0.139192
v 0.047322 -0.000436 -0.144856
v 0.046047 -0.006193 -0.142685
v 0.043324 -0.005961 -0.141287
v 0.043372 0.004948 -0.140447
v 0.039044 0.009879 -0.140741
v 0.037492 0.009652 -0.143115
v 0.032871 0.018812 -0.142291
v 0.045502 -0.011667 -0.145819
v 0.042488 -0.017037 -0.143630
v 0.039987 -0.016117 -0.142183
v 0.039121 -0.010294 -0.142381
v 0.040689 -0.000623 -0.141543
v 0.039084 -0.000440 -0.143890
v 0.039991 -0.022385 -0.146643
v 0.035189 -0.026911 -0.144175
v 0.028375 -0.029354 -0.142708
v 0.034455 -0.019307 -0.143118
v 0.033111 -0.018381 -0.145418
v 0.037588 -0.009688 -0.144693
v 0.030491 -0.031844 -0.146788
v 0.024734 -0.034447 -0.144004
v 0.017910 -0.034466 -0.142432
v 0.016815 -0.031882 -0.143094
v 0.026398 -0.027222 -0.143343
v 0.025298 -0.026124 -0.145667
v 0.025021 -0.035107 -0.146652
v 0.012511 -0.038626 -0.143570
v -0.006259 -0.040394 -0.140448
v -0.012665 -0.039467 -0.140126
v -0.008253 -0.036640 -0.143519
v 0.010370 -0.032241 -0.145208
v -0.000211 -0.042341 -0.145183
v -0.005714 -0.042867 -0.141755
v -0.015224 -0.043654 -0.138110
v -0.021117 -0.044448 -0.136563
v -0.018995 -0.040895 -0.140908
v -0.002290 -0.035968 -0.146914
v -0.014671 -0.047210 -0.141841
v -0.014166 -0.046003 -0.139394
v -0.024421 -0.052878 -0.130144
v -0.027196 -0.051488 -0.130198
v -0.029851 -0.051691 -0.131691
v -0.030828 -0.053373 -0.133750
v -0.024064 -0.045564 -0.140803
v -0.021474 -0.053197 -0.136950
v -0.023147 -0.055052 -0.131561
v -0.027919 -0.060032 -0.122932
v -0.030858 -0.058968 -0.122676
v -0.033677 -0.059529 -0.123825
v -0.034726 -0.061388 -0.125713
v -0.026179 -0.060380 -0.130002
v -0.026581 -0.062100 -0.124444
v -0.029070 -0.066310 -0.116353
v -0.032085 -0.065650 -0.115737
v -0.034932 -0.071828 -0.109929
v -0.036209 -0.074627 -0.111968
v -0.028679 -0.070196 -0.119787
v -0.027233 -0.071804 -0.114203
v -0.028236 -0.073929 -0.115833
v -0.023904 -0.077089 -0.108079
v -0.027488 -0.070680 -0.110495
v 0.025719 -0.026703 -0.148319
v 0.033782 -0.018628 -0.148076
v 0.038373 -0.009659 -0.147336
v 0.039892 -0.000255 -0.146520
v 0.032234 -0.024416 -0.149743
v 0.038983 -0.015148 -0.149188
v 0.042215 -0.005214 -0.148309
v 0.042235 0.005308 -0.147499
v 0.038249 0.010065 -0.145731
v 0.038646 -0.021459 -0.148942
v 0.043965 -0.011058 -0.148131
v 0.045715 -0.000252 -0.147203
v 0.043825 0.011607 -0.146316
v 0.038687 0.016096 -0.146606
v 0.033524 0.019420 -0.144892
v 0.029393 -0.030747 -0.149113
v 0.022730 -0.031413 -0.149633
v 0.018310 -0.036189 -0.148816
v -0.013643 -0.041958 -0.146231
v -0.022881 -0.047836 -0.142131
v -0.016441 -0.046566 -0.144014
v -0.029553 -0.055547 -0.135166
v -0.026775 -0.056940 -0.135111
v -0.033385 -0.063457 -0.127225
v -0.030446 -0.064521 -0.127480
v -0.034404 -0.076952 -0.114241
v -0.031530 -0.071147 -0.120594
v -0.028601 -0.081965 -0.110222
v -0.030571 -0.077441 -0.115417
v -0.034097 -0.079474 -0.106401
v -0.031318 -0.070193 -0.109319
v -0.029399 -0.074599 -0.104259
v 0.034808 0.026733 -0.144944
v 0.028694 0.028468 -0.145435
v 0.022737 0.029342 -0.143927
v 0.019128 0.034097 -0.144821
v 0.025918 0.033766 -0.144246
v 0.008136 0.040081 -0.143279
v 0.001328 0.038002 -0.143936
v 0.012730 0.033631 -0.143362
v -0.005324 0.040399 -0.142676
v -0.011050 0.036651 -0.143505
v -0.004583 0.035159 -0.142582
v -0.012094 0.040351 -0.139970
v -0.017921 0.037216 -0.142358
v -0.021932 0.032212 -0.143315
v -0.015485 0.032410 -0.142348
v -0.024142 0.035416 -0.139742
v -0.033102 0.026656 -0.141997
v -0.034587 0.020218 -0.142973
v -0.024621 0.027036 -0.142184
v -0.023747 0.026286 -0.139668
v -0.014936 0.031472 -0.139824
v -0.033973 0.027423 -0.139466
v -0.041210 0.016831 -0.139406
v -0.042217 0.011199 -0.142086
v -0.039389 0.010478 -0.143138
v -0.044780 0.006160 -0.139844
v -0.044089 0.000556 -0.142829
v -0.040718 -0.004627 -0.144476
v -0.038206 0.000522 -0.142759
v -0.034713 0.014276 -0.141973
v -0.044884 -0.005647 -0.141056
v -0.042302 -0.010752 -0.144340
v -0.037461 -0.014961 -0.146065
v -0.036637 -0.009340 -0.144092
v -0.035481 -0.009452 -0.141554
v -0.037030 0.000249 -0.140239
v -0.033598 0.013819 -0.139460
v -0.038369 -0.022292 -0.143725
v -0.037335 -0.021287 -0.146111
v -0.031561 -0.024270 -0.147808
v -0.032213 -0.018727 -0.145682
v -0.031123 -0.018672 -0.143119
v -0.032154 -0.019677 -0.140734
v -0.036668 -0.010148 -0.139119
v -0.024037 -0.036533 -0.150040
v -0.021489 -0.033805 -0.150925
v -0.018862 -0.031631 -0.149174
v -0.017694 -0.031281 -0.145813
v -0.018670 -0.032962 -0.142812
v -0.025013 -0.038215 -0.147039
v -0.015007 -0.038876 -0.152128
v -0.014647 -0.040807 -0.143143
v -0.021217 -0.035690 -0.141928
v -0.034704 -0.021154 -0.139923
v -0.039508 -0.011022 -0.138211
v -0.023844 -0.037865 -0.143678
v -0.037278 -0.022238 -0.141161
v -0.042335 -0.011560 -0.139366
v -0.041252 -0.000101 -0.136747
v -0.034710 0.014243 -0.136932
v -0.044177 0.000025 -0.137821
v -0.037399 0.015301 -0.135869
v -0.024494 0.027167 -0.137141
v -0.040092 0.016374 -0.136893
v -0.030666 0.025149 -0.135933
v -0.021805 0.032366 -0.136182
v -0.015395 0.032528 -0.137304
v -0.032962 0.026801 -0.136955
v -0.017831 0.037338 -0.137314
v -0.010867 0.036863 -0.136373
v -0.004366 0.035353 -0.137543
v -0.004322 0.034169 -0.140044
v -0.005106 0.040592 -0.137637
v 0.001769 0.038322 -0.136814
v 0.007492 0.035101 -0.138051
v 0.007110 0.033914 -0.140528
v 0.017675 0.030862 -0.141073
v 0.026392 0.025745 -0.141625
v 0.000457 -0.086070 -0.112452
v 0.012318 -0.083675 -0.113926
v 0.000457 -0.089661 -0.117710
v 0.012318 -0.087263 -0.119184
v 0.011348 -0.086689 -0.120971
v 0.000457 -0.088890 -0.119617
v 0.011348 -0.088730 -0.123962
v 0.000457 -0.090932 -0.122609
v 0.017220 -0.080825 -0.115679
v 0.023357 -0.076405 -0.125870
v 0.019321 -0.080678 -0.124672
v 0.019322 -0.082719 -0.127662
v 0.023357 -0.072814 -0.120610
v 0.023356 -0.067154 -0.131564
v 0.022235 -0.072468 -0.129725
v 0.023355 -0.063563 -0.126304
v 0.020997 -0.059248 -0.128961
v 0.017216 -0.059143 -0.136495
v 0.019317 -0.064257 -0.134780
v 0.012315 -0.052704 -0.132990
v 0.011346 -0.058248 -0.138479
v 0.000461 -0.050309 -0.134464
v 0.000459 -0.053899 -0.139722
v 0.000459 -0.056048 -0.139831
v 0.011346 -0.060289 -0.141469
v 0.019320 -0.066300 -0.137770
v -0.011395 -0.052706 -0.132990
v -0.010428 -0.058248 -0.138478
v -0.010429 -0.060292 -0.141469
v 0.000459 -0.058093 -0.142823
v -0.020082 -0.059248 -0.128960
v -0.016300 -0.059145 -0.136495
v -0.018402 -0.064260 -0.134779
v -0.022442 -0.067154 -0.131563
v -0.021322 -0.072470 -0.129726
v -0.022445 -0.076405 -0.125870
v -0.018408 -0.080680 -0.124672
v -0.022441 -0.063566 -0.126306
v -0.022445 -0.072814 -0.120611
v -0.016307 -0.080826 -0.115680
v -0.011403 -0.087266 -0.119185
v -0.010433 -0.086689 -0.120972
v -0.018408 -0.082721 -0.127663
v -0.011404 -0.083675 -0.113927
v -0.010433 -0.088732 -0.123962
v -0.021322 -0.074511 -0.132716
v -0.018403 -0.066300 -0.137769
v 0.022235 -0.074509 -0.132716
v 0.000457 -0.093545 -0.121010
v -0.012164 -0.090989 -0.122576
v -0.021405 -0.084023 -0.126861
v -0.024782 -0.074511 -0.132716
v -0.021401 -0.064997 -0.138571
v -0.012158 -0.058034 -0.142859
v 0.000459 -0.055486 -0.144436
v 0.013076 -0.058034 -0.142861
v 0.022313 -0.064995 -0.138572
v 0.025695 -0.074509 -0.132716
v 0.022318 -0.084022 -0.126861
v 0.013078 -0.090988 -0.122576
v -0.066942 -0.066424 -0.107442
v -0.061843 -0.067540 -0.114293
v -0.062971 -0.067126 -0.114634
v -0.071453 -0.062734 -0.101383
v -0.075822 -0.056618 -0.097384
v -0.078820 -0.048812 -0.095082
v -0.081147 -0.040595 -0.096661
v -0.082226 -0.033983 -0.101738
v -0.081016 -0.028855 -0.107907
v -0.078194 -0.026462 -0.115144
v -0.074193 -0.027163 -0.122341
v -0.077574 -0.025511 -0.114820
v -0.078257 -0.028134 -0.106927
v -0.079362 -0.033199 -0.100755
v -0.069634 -0.030851 -0.128402
v -0.065222 -0.036969 -0.132403
v -0.061635 -0.044582 -0.133738
v -0.060460 -0.044239 -0.134039
v -0.059414 -0.052532 -0.132205
v -0.058164 -0.052458 -0.132454
v -0.058891 -0.059607 -0.128035
v -0.057625 -0.059770 -0.128145
v -0.058919 -0.065066 -0.121768
v -0.060142 -0.064733 -0.121866
v -0.060379 -0.066185 -0.113637
v -0.064138 -0.065438 -0.106413
v -0.048348 -0.062141 -0.109010
v -0.052215 -0.061469 -0.101965
v -0.068443 -0.061718 -0.100323
v -0.056661 -0.057863 -0.096021
v -0.072683 -0.055603 -0.096305
v -0.060920 -0.051872 -0.092099
v -0.076258 -0.048042 -0.094983
v -0.064441 -0.044403 -0.090796
v -0.066586 -0.036605 -0.092361
v -0.078639 -0.040180 -0.096602
v -0.067172 -0.029693 -0.096384
v -0.065956 -0.024673 -0.102418
v -0.075520 -0.025775 -0.114145
v -0.063209 -0.022338 -0.109504
v -0.071416 -0.026432 -0.121250
v -0.059276 -0.023014 -0.116550
v -0.054844 -0.026627 -0.122483
v -0.066868 -0.030095 -0.127270
v -0.062577 -0.036205 -0.131283
v -0.050510 -0.032622 -0.126403
v -0.047029 -0.040077 -0.127707
v -0.059235 -0.043843 -0.132697
v -0.044847 -0.047858 -0.126185
v -0.056687 -0.058836 -0.127094
v -0.044348 -0.054789 -0.122124
v -0.057698 -0.063850 -0.120873
v -0.045554 -0.059793 -0.116087
v 0.008606 -0.085593 -0.171130
v -0.007700 -0.085593 -0.171130
v 0.000455 -0.097089 -0.165834
v 0.016758 -0.096232 -0.164581
v 0.022545 -0.099448 -0.159964
v -0.015850 -0.096233 -0.164580
v -0.007698 -0.106871 -0.158031
v 0.008606 -0.106871 -0.158032
v 0.006405 -0.111681 -0.152403
v -0.005497 -0.111682 -0.152404
v -0.021637 -0.099450 -0.159963
v -0.009675 -0.033327 -0.137411
v 0.000459 -0.034526 -0.137358
v -0.019110 -0.029810 -0.137568
v -0.027224 -0.024219 -0.137819
v -0.009679 -0.033847 -0.146170
v -0.019116 -0.030331 -0.146326
v -0.027227 -0.024738 -0.146576
v -0.033457 -0.017449 -0.146904
v -0.033456 -0.016930 -0.138144
v -0.037376 -0.008443 -0.138522
v 0.000457 -0.035045 -0.146117
v -0.037374 -0.008961 -0.147282
v -0.038710 0.000147 -0.147688
v -0.037372 0.009259 -0.148090
v -0.037374 0.009788 -0.139331
v -0.033458 0.018281 -0.139706
v -0.033459 0.017748 -0.148468
v -0.027233 0.025577 -0.140026
v -0.019126 0.031172 -0.140275
v -0.009689 0.034689 -0.140431
v -0.027238 0.025036 -0.148792
v -0.019133 0.030627 -0.149041
v -0.009693 0.034139 -0.149199
v 0.000451 0.035887 -0.140485
v 0.010593 0.034689 -0.140432
v 0.000452 0.035337 -0.149252
v 0.010598 0.034139 -0.149199
v 0.020029 0.031172 -0.140277
v 0.020036 0.030627 -0.149041
v 0.028137 0.025577 -0.140028
v 0.034360 0.018281 -0.139706
v 0.038275 0.009787 -0.139330
v 0.028141 0.025037 -0.148793
v 0.034362 0.017748 -0.148468
v 0.038274 0.009259 -0.148090
v 0.039610 0.000147 -0.147686
v 0.038275 -0.008443 -0.138522
v 0.034360 -0.017449 -0.146904
v 0.034359 -0.016930 -0.138145
v 0.028131 -0.024219 -0.137820
v 0.028133 -0.024738 -0.146579
v 0.020027 -0.030330 -0.146329
v 0.020023 -0.029810 -0.137569
v 0.010593 -0.033326 -0.137413
v 0.010594 -0.033846 -0.146172
v -0.044903 -0.038910 -0.105124
v 0.060319 -0.043208 -0.104268
v -0.071274 0.072479 -0.046402
v -0.064575 0.090180 -0.053544
v -0.069515 0.045672 -0.051457
v -0.058962 0.031702 -0.074813
v -0.052351 0.100579 -0.066414
v -0.039095 0.104342 -0.075753
v -0.025615 0.106797 -0.078103
v -0.011038 0.095460 -0.093186
v 0.000436 0.085757 -0.099109
v 0.000440 0.066777 -0.102564
v 0.000437 0.113655 -0.077388
v 0.000435 0.097134 -0.093580
v 0.000444 0.046727 -0.100286
v -0.012159 0.032477 -0.095561
v -0.025182 0.024589 -0.090686
v -0.042909 0.022854 -0.084490
v 0.000458 -0.086535 -0.144954
v 0.011913 0.095676 -0.094171
v 0.013057 0.032476 -0.095560
v 0.026085 0.024588 -0.090685
v 0.043810 0.022855 -0.084493
v 0.059862 0.031703 -0.074817
v 0.070056 0.045671 -0.051460
v 0.071444 0.072484 -0.046426
v 0.065629 0.090048 -0.052945
v 0.053098 0.100367 -0.065461
v 0.039588 0.104238 -0.075284
v 0.026456 0.106909 -0.078608
v -0.014827 -0.039840 -0.147635
v -0.019304 -0.084182 -0.100155
v -0.029000 -0.078279 -0.107240
vn -0.5507 -0.8347 0.0116
vn -0.0000 -0.9725 0.2328
vn 0.0001 -0.9982 0.0595
vn 0.6231 -0.7759 0.0988
vn 0.8999 0.0472 -0.4335
vn 0.9037 -0.4043 -0.1410
vn -0.6304 0.4191 -0.6534
vn -0.2159 0.5694 -0.7932
vn 0.2196 0.5872 -0.7790
vn 0.6195 0.3957 -0.6780
vn -1.0000 0.0004 -0.0010
vn -0.9001 -0.3711 0.2282
vn -0.4947 -0.8331 0.2474
vn -0.8031 -0.1521 -0.5762
vn -1.0000 0.0005 0.0001
vn -1.0000 -0.0001 -0.0005
vn -0.7170 -0.1467 -0.6815
vn -1.0000 0.0001 -0.0003
vn -0.7181 -0.4624 -0.5201
vn -1.0000 0.0002 -0.0003
vn -0.7188 -0.6624 -0.2110
vn -1.0000 0.0001 -0.0001
vn -1.0000 0.0002 -0.0002
vn -0.6142 -0.7468 0.2551
vn -0.7176 -0.4081 0.5643
vn -1.0000 -0.0000 -0.0005
vn -0.8402 -0.1072 0.5316
vn -1.0000 0.0006 -0.0000
vn -0.6125 0.2323 0.7555
vn -0.7348 -0.0095 0.6782
vn -0.4138 -0.7812 0.4674
vn -0.0000 -0.8965 -0.4431
vn -0.4565 -0.8568 -0.2398
vn -0.0001 -0.8842 -0.4672
vn -0.3452 -0.8153 -0.4648
vn -0.5045 -0.5473 -0.6677
vn -0.8363 -0.1606 -0.5243
vn -0.5649 -0.2229 -0.7945
vn -0.5759 0.1640 -0.8009
vn -0.4386 0.6790 -0.5887
vn -0.3357 0.3964 -0.8545
vn -0.0001 0.3386 -0.9409
vn 0.2632 0.2298 -0.9370
vn 0.3357 0.3963 -0.8546
vn 0.5758 0.1641 -0.8010
vn 0.9361 -0.1031 -0.3363
vn 0.5648 -0.2226 -0.7946
vn 0.5047 -0.5473 -0.6677
vn 0.4566 -0.8568 -0.2398
vn 0.3453 -0.8154 -0.4647
vn -0.4665 0.0998 -0.8789
vn -0.4485 0.2797 -0.8489
vn -0.1270 0.0962 -0.9872
vn -0.3765 -0.0583 -0.9246
vn -0.0189 -0.0655 -0.9977
vn -0.0002 0.3493 -0.9370
vn -0.0908 0.3344 -0.9380
vn -0.2747 0.4914 -0.8265
vn -0.3764 -0.1536 -0.9137
vn -0.4075 -0.2769 -0.8702
vn -0.3528 -0.4293 -0.8314
vn -0.1957 -0.4148 -0.8886
vn -0.1334 -0.5092 -0.8502
vn 0.0005 -0.4989 -0.8667
vn 0.2061 -0.2716 -0.9401
vn 0.3039 -0.0531 -0.9512
vn 0.1251 0.0949 -0.9876
vn 0.0907 0.3343 -0.9381
vn 0.2746 0.4915 -0.8265
vn 0.1286 -0.4913 -0.8614
vn 0.2374 -0.4939 -0.8365
vn 0.4666 0.0997 -0.8788
vn 0.4486 0.2797 -0.8489
vn 0.2997 -0.1297 -0.9452
vn 0.4430 -0.3081 -0.8419
vn 0.0667 -0.3867 0.9198
vn 0.7451 -0.6160 0.2558
vn 0.4456 0.0920 0.8905
vn 0.0525 -0.9731 -0.2241
vn -0.0539 -0.4938 0.8679
vn -0.0696 -0.9706 -0.2303
vn -0.7451 -0.6159 0.2559
vn -0.4456 0.0922 0.8905
vn 0.5344 -0.6475 -0.5433
vn -0.5343 -0.6475 -0.5433
vn 0.3374 0.4447 -0.8297
vn -0.1160 0.3954 -0.9111
vn 0.3079 0.8984 -0.3133
vn -0.2004 -0.0795 -0.9765
vn -0.1539 -0.0431 -0.9872
vn 0.3236 0.1053 -0.9403
vn 0.2720 -0.0252 -0.9620
vn 0.8720 0.0125 -0.4894
vn 0.8439 0.3549 -0.4024
vn -0.2827 -0.1000 -0.9540
vn -0.3907 -0.6338 -0.6675
vn -0.6342 -0.4680 -0.6154
vn -0.7016 -0.0471 -0.7110
vn -0.1428 -0.0079 -0.9897
vn -0.3862 -0.1342 -0.9126
vn -0.3032 -0.7771 -0.5515
vn -0.5011 -0.2037 -0.8411
vn -0.3405 -0.7736 -0.5343
vn -0.6222 -0.1487 -0.7686
vn -0.4148 -0.6192 -0.6668
vn -0.3271 0.3017 -0.8955
vn -0.4760 0.3775 -0.7943
vn -0.6437 0.3011 -0.7035
vn -0.7165 -0.1236 -0.6865
vn -0.7873 -0.0878 -0.6102
vn -0.2893 -0.3844 -0.8767
vn -0.0390 0.9642 -0.2624
vn -0.2463 0.9563 -0.1577
vn -0.7725 0.3999 -0.4933
vn -0.9594 0.2557 -0.1191
vn -0.9971 -0.0244 -0.0721
vn -0.7843 -0.0418 -0.6190
vn -0.1760 0.0262 -0.9840
vn 0.2009 0.9790 -0.0340
vn 0.0800 0.9959 0.0412
vn -0.0901 0.9924 -0.0843
vn -0.2520 0.9655 0.0663
vn -0.4498 0.8718 0.1940
vn 0.3934 0.9044 -0.1656
vn 0.3772 0.7773 -0.5034
vn 0.4514 0.4676 -0.7600
vn 0.7695 0.1894 -0.6100
vn -0.5269 0.8351 0.1578
vn -0.6748 0.6639 0.3224
vn -0.5913 0.5584 0.5819
vn -0.6906 0.0719 0.7197
vn -0.6898 -0.2611 0.6753
vn -0.9772 -0.1341 -0.1649
vn -0.8785 0.2612 0.4000
vn -0.9012 -0.1737 0.3971
vn -0.7878 -0.3955 0.4722
vn -0.6655 -0.4731 0.5773
vn -0.9187 -0.2147 -0.3315
vn -0.7858 0.0070 -0.6185
vn -0.2651 0.2303 -0.9363
vn -0.8243 -0.5423 0.1626
vn -0.6364 -0.6730 0.3769
vn -0.7814 -0.2218 -0.5833
vn -0.3519 0.3218 -0.8790
vn -0.6607 -0.7451 0.0914
vn -0.5166 -0.8389 0.1714
vn -0.5924 -0.5479 -0.5907
vn -0.5721 -0.6817 -0.4561
vn -0.1874 -0.7567 -0.6263
vn -0.4030 -0.6052 -0.6866
vn -0.4189 -0.2850 -0.8621
vn -0.0747 -0.6463 -0.7594
vn 0.2839 -0.8395 -0.4633
vn -0.5536 0.0118 -0.8327
vn 0.3430 -0.5355 -0.7717
vn -0.1485 -0.2527 -0.9561
vn -0.3778 0.0780 -0.9226
vn -0.4364 0.5736 -0.6932
vn 0.4951 -0.5568 -0.6670
vn 0.7042 -0.4590 -0.5416
vn 0.1643 0.0765 -0.9834
vn 0.8553 -0.2554 -0.4508
vn 0.2332 -0.1104 -0.9661
vn 0.0402 -0.1297 -0.9907
vn -0.2613 -0.0108 -0.9652
vn -0.5802 0.1181 -0.8059
vn 0.2049 0.0879 -0.9748
vn -0.2010 0.0062 -0.9796
vn -0.7046 0.3984 -0.5872
vn -0.5703 0.6178 -0.5414
vn -0.8322 0.2122 -0.5122
vn -0.4030 0.4953 -0.7696
vn -0.1595 0.6002 -0.7838
vn -0.9403 0.1034 0.3243
vn -0.8669 0.3587 0.3462
vn -0.7160 0.5772 0.3928
vn -0.5123 0.8177 0.2627
vn -0.1134 0.9906 0.0760
vn -0.4773 0.1668 0.8628
vn -0.3639 0.3599 0.8591
vn -0.3183 0.6677 0.6730
vn -0.0953 0.8863 0.4531
vn -0.4846 0.0088 0.8747
vn 0.1350 0.9465 0.2931
vn 0.4581 0.8770 0.1454
vn 0.1520 0.9457 -0.2872
vn 0.3948 0.7826 -0.4813
vn 0.5069 0.5506 -0.6632
vn 0.7790 0.6266 0.0238
vn 0.9422 0.3337 -0.0302
vn 0.5488 0.3265 -0.7696
vn 0.6193 -0.1081 -0.7777
vn 0.4075 -0.7455 -0.5275
vn 0.9549 0.2071 -0.2128
vn 0.9988 -0.0046 -0.0490
vn 0.9278 -0.3582 -0.1039
vn 0.6719 -0.7343 0.0972
vn 0.1558 -0.9822 -0.1051
vn -0.0139 -0.9993 -0.0345
vn -0.1492 -0.9765 0.1554
vn 0.4488 -0.8020 0.3942
vn 0.2198 -0.9033 0.3685
vn 0.1754 -0.7977 0.5770
vn -0.0538 -0.7983 0.5999
vn -0.3022 -0.6217 0.7226
vn -0.5491 -0.8213 0.1545
vn -0.8541 -0.3575 0.3779
vn -0.3650 -0.2028 0.9087
vn 0.4771 0.1670 0.8628
vn 0.9402 0.1034 0.3246
vn 0.4611 -0.0755 0.8842
vn 0.8667 0.3590 0.3463
vn 0.3638 0.3600 0.8591
vn 0.7158 0.5774 0.3928
vn 0.3182 0.6678 0.6729
vn 0.5122 0.8177 0.2627
vn 0.0952 0.8864 0.4531
vn 0.8322 0.2126 -0.5121
vn 0.7046 0.3987 -0.5870
vn 0.5703 0.6179 -0.5413
vn 0.1134 0.9906 0.0759
vn -0.1349 0.9465 0.2931
vn -0.4578 0.8771 0.1453
vn 0.7017 -0.0472 -0.7109
vn 0.4586 0.5061 -0.7305
vn -0.1521 0.9457 -0.2872
vn -0.3946 0.7828 -0.4811
vn -0.7786 0.6271 0.0236
vn -0.5064 0.5510 -0.6633
vn -0.9395 0.3417 -0.0255
vn -0.5507 0.3345 -0.7648
vn -0.9509 0.2271 -0.2104
vn 0.4247 0.4285 -0.7975
vn 0.2652 0.5189 -0.8127
vn 0.2369 0.3860 -0.8916
vn 0.2654 0.2316 -0.9359
vn 0.1737 0.0369 -0.9841
vn -0.6166 -0.0992 -0.7810
vn -0.9981 -0.0108 -0.0602
vn -0.9354 -0.3350 -0.1132
vn -0.4188 -0.7283 -0.5424
vn -0.7441 -0.6674 0.0296
vn -0.1910 -0.9746 -0.1170
vn -0.5797 -0.7973 0.1682
vn 0.3268 -0.3444 -0.8801
vn 0.4203 -0.6130 -0.6691
vn 0.3448 -0.7732 -0.5323
vn 0.0121 -0.9993 -0.0341
vn -0.2325 -0.9044 0.3577
vn -0.4460 -0.8048 0.3916
vn 0.3024 -0.7787 -0.5496
vn 0.1321 -0.9833 0.1252
vn -0.1799 -0.7882 0.5886
vn 0.1541 -0.7061 0.6911
vn 0.5357 -0.8120 0.2319
vn 0.4560 -0.4069 0.7915
vn 0.5047 -0.2020 -0.8393
vn 0.3864 -0.1349 -0.9124
vn 0.3904 -0.6341 -0.6674
vn 0.2822 -0.1008 -0.9540
vn 0.1634 -0.0396 -0.9858
vn 0.6342 -0.4681 -0.6154
vn 0.1445 -0.0017 -0.9895
vn 0.5008 0.3470 -0.7930
vn 0.3289 0.2929 -0.8978
vn 0.1011 0.3877 -0.9162
vn -0.3876 0.4773 -0.7886
vn 0.6409 -0.1158 -0.7588
vn 0.6852 0.3665 -0.6294
vn 0.2524 0.9567 -0.1450
vn 0.2101 0.9189 -0.3339
vn 0.0563 0.9433 -0.3272
vn -0.3003 0.8993 -0.3178
vn 0.7387 -0.1153 -0.6642
vn 0.6482 0.7614 -0.0090
vn 0.8070 -0.0619 -0.5874
vn 0.9652 0.2561 -0.0522
vn 0.7996 -0.0136 -0.6004
vn 0.9979 -0.0130 -0.0632
vn 0.6457 0.0898 0.7583
vn 0.6358 0.5768 0.5129
vn 0.7791 0.0176 -0.6267
vn 0.9769 -0.1146 -0.1803
vn 0.7369 -0.2696 0.6199
vn 0.9064 -0.1905 0.3770
vn 0.9695 0.1009 0.2233
vn 0.7117 0.5835 0.3912
vn 0.7361 0.0266 -0.6763
vn 0.9671 -0.1906 -0.1687
vn 0.6331 -0.4893 0.5998
vn 0.7871 -0.3964 0.4726
vn 0.7815 -0.2589 -0.5677
vn 0.9291 -0.3170 -0.1902
vn 0.6355 -0.6738 0.3770
vn 0.8794 -0.4752 0.0286
vn 0.5600 -0.6429 -0.5226
vn 0.1536 -0.8028 -0.5761
vn 0.3745 0.0238 -0.9269
vn 0.1800 -0.2504 -0.9513
vn -0.2870 -0.8227 -0.4908
vn 0.2615 -0.0106 -0.9652
vn -0.3430 -0.5356 -0.7717
vn -0.0402 -0.1297 -0.9907
vn -0.7041 -0.4592 -0.5416
vn -0.2333 -0.1105 -0.9661
vn -0.8551 -0.2558 -0.4510
vn -0.1642 0.0765 -0.9835
vn -0.4949 -0.5570 -0.6670
vn 0.2011 0.0063 -0.9796
vn 0.1428 -0.0078 -0.9897
vn -0.2717 -0.0252 -0.9621
vn -0.8716 0.0123 -0.4900
vn -0.2048 0.0878 -0.9749
vn 0.5801 0.1183 -0.8059
vn -0.7694 0.1893 -0.6100
vn 0.5536 0.0119 -0.8327
vn 0.0167 -0.6516 -0.7584
vn 0.4143 -0.3107 -0.8555
vn 0.3869 -0.6439 -0.6601
vn 0.5691 -0.7057 -0.4221
vn 0.5115 -0.8360 0.1985
vn 0.6605 -0.7453 0.0909
vn 0.5028 0.8521 0.1453
vn 0.1616 0.9782 0.1304
vn -0.3134 0.1413 -0.9391
vn -0.8726 0.3188 -0.3701
vn -0.5151 0.4469 -0.7314
vn -0.3821 0.7883 -0.4822
vn -0.3948 0.9014 -0.1779
vn -0.2001 0.9789 -0.0422
vn -0.0850 0.9959 0.0305
vn -0.0296 0.9976 0.0630
vn -0.0011 0.9912 0.1326
vn 0.8790 -0.3501 0.3237
vn 0.8196 0.3681 0.4390
vn 0.9471 0.0131 -0.3208
vn 0.5114 -0.4188 -0.7504
vn 0.5768 -0.0818 -0.8128
vn 0.8245 0.3505 -0.4443
vn 0.5927 0.5141 -0.6201
vn 0.3280 0.1772 -0.9279
vn 0.7373 0.6063 0.2980
vn 0.5833 0.7987 0.1477
vn 0.3897 0.9199 0.0430
vn 0.2263 0.6832 -0.6943
vn -0.0000 0.1625 -0.9867
vn -0.2264 0.6833 -0.6941
vn -0.3281 0.1773 -0.9279
vn -0.5927 0.5142 -0.6199
vn -0.5768 -0.0818 -0.8128
vn 0.1661 0.9594 0.2281
vn 0.0001 1.0000 -0.0096
vn -0.1661 0.9593 0.2282
vn -0.3898 0.9199 0.0432
vn -0.5833 0.7987 0.1478
vn -0.8244 0.3507 -0.4442
vn -0.9471 0.0133 -0.3207
vn -0.5113 -0.4188 -0.7505
vn -0.8195 0.3682 0.4391
vn -0.7372 0.6064 0.2981
vn -0.4438 0.8902 -0.1028
vn -0.5965 0.6057 -0.5266
vn -0.7404 0.6345 -0.2218
vn -0.2874 0.8403 -0.4597
vn -0.4336 0.8897 -0.1432
vn -0.2818 0.8273 -0.4859
vn -0.8300 0.4472 -0.3333
vn -0.7614 0.2879 -0.5808
vn -0.7284 0.0968 -0.6783
vn -0.4413 0.4620 -0.7693
vn -0.1182 0.6583 -0.7434
vn -0.0963 0.6143 -0.7832
vn -0.6261 0.0475 -0.7783
vn 0.0560 0.3263 -0.9436
vn -0.3134 -0.1294 -0.9408
vn -0.2990 0.2365 -0.9245
vn 0.0381 0.3820 -0.9234
vn 0.1641 0.0484 -0.9852
vn 0.1693 0.0113 -0.9855
vn 0.2414 -0.3317 -0.9120
vn -0.7835 -0.3732 -0.4968
vn -0.3025 -0.6053 -0.7363
vn -0.1854 -0.0383 -0.9819
vn -0.1119 -0.3315 -0.9368
vn 0.2451 -0.3050 -0.9203
vn 0.2682 -0.6323 -0.7268
vn 0.2614 -0.6625 -0.7019
vn 0.2126 -0.8911 -0.4010
vn -0.4347 -0.7236 -0.5361
vn -0.5714 -0.7192 -0.3952
vn -0.0879 -0.6078 -0.7892
vn -0.1192 -0.8255 -0.5516
vn 0.2255 -0.8773 -0.4236
vn 0.1218 -0.9908 -0.0593
vn 0.0938 -0.9956 0.0007
vn -0.5123 -0.8572 -0.0517
vn -0.0451 -0.9429 0.3300
vn -0.2059 -0.7669 0.6078
vn -0.7753 -0.6252 -0.0894
vn -0.2036 -0.9448 -0.2566
vn -0.3288 -0.9432 0.0469
vn -0.0240 -0.9538 0.2995
vn -0.1872 -0.7818 0.5947
vn -0.3456 -0.5073 0.7894
vn -0.3652 -0.4770 0.7994
vn -0.7638 -0.5676 0.3073
vn -0.4756 -0.8235 0.3093
vn -0.6240 -0.6059 0.4935
vn -0.7545 -0.3195 0.5732
vn -0.4801 -0.1666 0.8613
vn -0.4950 -0.1429 0.8571
vn -0.9350 -0.3522 0.0408
vn -0.8805 0.0208 0.4736
vn -0.5821 0.2344 0.7786
vn -0.6070 0.5569 0.5669
vn -0.9960 -0.0095 -0.0893
vn -0.8469 -0.0007 0.5317
vn -0.5717 0.1997 0.7958
vn -0.6013 0.5381 0.5906
vn -0.5566 0.7852 0.2714
vn -0.5471 0.8111 0.2069
vn -0.9757 0.1320 -0.1747
vn -0.8807 0.3012 0.3655
vn -0.8433 0.5287 0.0969
vn 0.3124 0.4336 0.8452
vn 0.9381 -0.3302 0.1049
vn 0.5297 -0.7515 0.3933
vn 0.5676 0.8173 0.0992
vn 0.7185 0.6348 -0.2843
vn 0.8467 -0.5317 -0.0206
vn 0.7188 0.4558 -0.5249
vn 0.1305 -0.0430 -0.9905
vn 0.7855 0.6108 0.0994
vn 0.3045 0.7272 0.6152
vn 0.6880 0.4820 0.5425
vn 0.2055 0.9423 0.2643
vn 0.2825 0.9219 -0.2651
vn 0.8282 0.4306 -0.3588
vn 0.2142 0.6133 -0.7602
vn 0.7754 0.0983 -0.6238
vn 0.2477 0.1981 -0.9484
vn 0.2364 -0.2851 -0.9289
vn 0.8278 -0.3408 -0.4456
vn 0.2539 -0.7619 -0.5958
vn 0.7857 -0.6104 -0.1001
vn 0.2058 -0.9667 -0.1519
vn 0.3385 -0.8903 0.3047
vn 0.7187 -0.4560 0.5249
vn 0.2143 -0.9373 -0.2747
vn 0.3411 -0.8102 -0.4767
vn 0.2002 -0.6811 0.7043
vn 0.2349 -0.1985 0.9515
vn 0.9518 0.0428 0.3038
vn 0.2489 0.3630 0.8980
vn -0.2772 -0.8283 0.4868
vn -0.0000 -0.8257 0.5642
vn -0.7224 -0.6572 0.2152
vn -0.8435 -0.4581 -0.2806
vn -0.8155 -0.3090 0.4894
vn -0.9763 -0.1783 0.1225
vn -0.9672 0.2352 -0.0962
vn -0.5750 0.2789 -0.7691
vn -0.2269 0.6916 -0.6857
vn 0.2024 0.4567 -0.8663
vn 0.6497 0.5038 -0.5692
vn 0.8215 -0.0626 -0.5668
vn 0.9397 -0.3416 -0.0151
vn 0.5913 -0.8050 -0.0473
vn 0.2773 -0.8283 0.4868
vn -0.7867 -0.4997 -0.3626
vn -0.7766 -0.1092 -0.6204
vn 0.3133 -0.8018 -0.5089
vn 0.8296 -0.3534 -0.4323
vn 0.2762 -0.9374 -0.2119
vn 0.8251 -0.3429 -0.4490
vn 0.1612 -0.6333 -0.7570
vn 0.8280 -0.3271 -0.4554
vn 0.0424 -0.2570 -0.9655
vn 0.4189 0.0088 -0.9080
vn 0.8253 -0.3128 -0.4701
vn 0.8349 -0.3002 -0.4614
vn 0.4780 0.3748 -0.7944
vn 0.8435 -0.2892 -0.4526
vn 0.6516 0.5627 -0.5087
vn 0.8539 -0.2839 -0.4362
vn 0.8515 0.4490 -0.2710
vn 0.8624 -0.2865 -0.4173
vn 0.8910 0.4385 0.1180
vn 0.8674 -0.2962 -0.3998
vn 0.9163 0.1044 0.3867
vn 0.8671 -0.3143 -0.3865
vn 0.8890 -0.2713 0.3689
vn 0.8602 -0.3347 -0.3849
vn 0.7157 -0.4983 0.4893
vn 0.8504 -0.3488 -0.3938
vn 0.6587 -0.7220 0.2120
vn 0.8399 -0.3497 -0.4150
vn 0.2918 -0.9274 0.2342
vn -0.1267 -0.9763 -0.1753
vn -0.4323 -0.8936 0.1208
vn -0.7819 -0.4584 -0.4226
vn -0.8217 -0.4540 -0.3445
vn -0.7307 -0.6766 0.0909
vn -0.8575 -0.4345 -0.2756
vn -0.8832 -0.3588 -0.3020
vn -0.5956 -0.4779 0.6457
vn -0.8883 -0.2721 0.3699
vn -0.9075 -0.3113 -0.2820
vn -0.9645 0.0318 0.2623
vn -0.9295 -0.2372 -0.2825
vn -0.9136 -0.2073 -0.3498
vn -0.8908 0.4387 0.1185
vn -0.8952 -0.1760 -0.4095
vn -0.8513 0.4492 -0.2711
vn -0.8666 -0.1910 -0.4609
vn -0.5386 0.7189 -0.4395
vn -0.6206 0.3476 -0.7028
vn -0.8358 -0.1849 -0.5170
vn -0.3905 0.2353 -0.8900
vn -0.8062 -0.2172 -0.5504
vn -0.4760 -0.1382 -0.8685
vn -0.7631 -0.2568 -0.5931
vn -0.7737 -0.3196 -0.5469
vn -0.0096 -0.2488 -0.9685
vn -0.3951 -0.4986 -0.7716
vn -0.7328 -0.3861 -0.5603
vn -0.7546 -0.4266 -0.4985
vn -0.1773 -0.7729 -0.6092
vn -0.1569 0.7047 0.6919
vn 0.0013 0.0478 0.9989
vn 0.0052 0.9121 0.4100
vn -0.0114 0.0448 0.9989
vn -0.3758 0.7384 0.5600
vn -0.3165 0.9463 -0.0652
vn -0.1643 0.9827 -0.0851
vn 0.0042 0.9956 -0.0941
vn -0.1695 0.9614 -0.2170
vn 0.0013 0.9691 -0.2465
vn -0.0865 0.0677 0.9939
vn -0.6311 0.6534 0.4180
vn -0.7457 0.3397 0.5732
vn -0.1566 -0.0525 0.9863
vn -0.9158 0.0964 0.3898
vn -0.3319 -0.1490 0.9315
vn -0.7893 -0.1629 0.5920
vn -0.2681 -0.2661 0.9259
vn -0.8222 -0.3301 0.4636
vn -0.1981 -0.3639 0.9101
vn -0.7309 -0.5494 0.4049
vn -0.1198 -0.4847 0.8664
vn -0.5331 -0.7504 0.3908
vn -0.0226 -0.4817 0.8761
vn -0.4752 -0.8435 0.2502
vn -0.1981 -0.8324 0.5176
vn 0.0034 -0.4211 0.9070
vn -0.0656 -0.8172 0.5727
vn 0.0017 -0.8183 0.5748
vn -0.2050 -0.9733 0.1034
vn -0.5234 -0.8397 -0.1449
vn 0.0010 -0.4198 0.9076
vn -0.0000 -0.9793 0.2022
vn -0.2101 -0.9144 0.3459
vn -0.5849 -0.8110 0.0125
vn -0.3990 -0.9134 0.0809
vn -0.2424 -0.8876 0.3917
vn -0.4451 -0.8126 0.3763
vn -0.6518 -0.7243 -0.2249
vn -0.1659 -0.8599 0.4827
vn -0.4301 -0.8231 0.3709
vn -0.6977 -0.7089 0.1033
vn -0.7911 -0.6056 -0.0859
vn -0.3260 -0.9441 -0.0486
vn -0.1441 -0.9800 0.1372
vn -0.2738 -0.7766 0.5675
vn -0.6352 -0.7721 -0.0205
vn -0.7542 -0.5426 -0.3700
vn -0.5380 -0.7113 -0.4524
vn -0.0988 -0.9593 -0.2646
vn 0.0154 -0.7641 0.6449
vn -0.6816 -0.4968 0.5371
vn -0.8820 -0.4162 -0.2210
vn -0.6913 -0.4089 -0.5957
vn -0.0837 -0.6654 -0.7418
vn -0.2437 -0.4368 -0.8659
vn -0.7325 -0.3456 -0.5865
vn -0.2621 -0.3038 -0.9160
vn -0.3126 -0.1748 -0.9337
vn -0.8960 -0.0722 -0.4380
vn -0.3420 -0.4786 -0.8087
vn -0.2365 -0.3615 -0.9019
vn -0.3107 -0.3028 -0.9010
vn -0.7100 -0.2982 -0.6380
vn -0.5477 -0.0213 -0.8364
vn -0.5416 0.2260 -0.8097
vn -0.2708 0.1972 -0.9422
vn -0.1233 -0.5740 -0.8095
vn -0.4180 -0.8316 -0.3656
vn -0.3038 -0.2093 -0.9294
vn -0.1628 0.2712 -0.9487
vn -0.0000 0.4359 -0.9000
vn -0.5561 -0.6142 -0.5600
vn -0.8408 -0.4490 -0.3025
vn -0.8734 -0.2256 -0.4315
vn -0.9212 -0.2156 -0.3238
vn -0.5297 0.2254 -0.8177
vn -0.5982 0.4020 -0.6932
vn -0.9474 -0.0099 -0.3199
vn -0.5247 0.6498 -0.5499
vn -0.9565 -0.2913 -0.0153
vn -0.9993 -0.0170 0.0340
vn -0.9657 0.0737 -0.2491
vn -0.9468 0.3154 -0.0643
vn -0.9066 0.2410 -0.3464
vn -0.9205 0.3575 -0.1577
vn -0.8654 0.1381 -0.4816
vn -0.7345 0.4939 -0.4653
vn -0.7827 0.4841 -0.3913
vn -0.7823 0.6167 -0.0882
vn -0.6953 0.5271 -0.4886
vn -0.7999 0.3391 -0.4951
vn -0.7435 0.0807 -0.6638
vn -0.6492 0.6186 -0.4427
vn -0.8430 0.5362 -0.0427
vn -0.6931 0.7205 -0.0204
vn -0.6789 0.6621 -0.3174
vn -0.7652 0.6275 -0.1441
vn -0.5992 0.1817 -0.7797
vn -0.4891 0.7321 -0.4742
vn -0.6443 0.6305 -0.4329
vn -0.8492 0.4271 -0.3106
vn -0.1759 0.4974 -0.8495
vn -0.3328 0.6679 -0.6657
vn -0.8413 0.3806 -0.3839
vn -0.2241 0.7356 -0.6392
vn -0.0001 0.2085 -0.9780
vn 0.1489 0.5239 -0.8386
vn 0.3883 0.6600 -0.6431
vn -0.0000 0.5792 -0.8152
vn -0.6628 0.3627 -0.6551
vn -0.0001 0.8641 -0.5033
vn 0.2110 0.7163 -0.6651
vn 0.4722 0.7228 -0.5046
vn 0.6431 0.6303 -0.4348
vn 0.8412 0.3810 -0.3836
vn 0.6629 0.3629 -0.6549
vn 0.2297 0.2968 -0.9269
vn -0.2757 0.3081 -0.9105
vn -0.1616 0.1240 -0.9790
vn 0.6774 0.6624 -0.3199
vn 0.7650 0.6277 -0.1439
vn 0.8491 0.4275 -0.3104
vn 0.6918 0.7219 -0.0159
vn 0.7828 0.4840 -0.3912
vn 0.7822 0.6167 -0.0881
vn 0.8430 0.5362 -0.0423
vn 0.9468 0.2984 -0.1204
vn 0.9067 0.2409 -0.3462
vn 0.9206 0.3574 -0.1576
vn 0.6953 0.5271 -0.4886
vn 0.5991 0.1814 -0.7798
vn 0.9230 0.0570 -0.3805
vn 0.9475 -0.0098 -0.3196
vn 0.8655 0.1380 -0.4815
vn 0.8000 0.3389 -0.4952
vn 0.9976 -0.0107 -0.0685
vn 0.8465 -0.2109 -0.4888
vn 0.9214 -0.2156 -0.3233
vn 0.7128 0.2880 -0.6395
vn 0.5179 0.6293 -0.5795
vn 0.7346 0.4940 -0.4651
vn 0.9691 -0.2457 -0.0232
vn 0.8409 -0.4486 -0.3026
vn 0.7104 -0.2981 -0.6376
vn 0.6647 -0.0963 -0.7408
vn 0.3820 0.3232 -0.8658
vn 0.3042 -0.2093 -0.9293
vn 0.3110 -0.3028 -0.9009
vn 0.7329 -0.3455 -0.5861
vn 0.3321 -0.1514 -0.9310
vn 0.5562 -0.6139 -0.5602
vn 0.4181 -0.8315 -0.3658
vn 0.1232 -0.5740 -0.8095
vn 0.2367 -0.3615 -0.9018
vn 0.6916 -0.4088 -0.5955
vn 0.2523 -0.4624 -0.8500
vn 0.2623 -0.3038 -0.9159
vn -0.0000 -0.9889 -0.1486
vn 0.2399 -0.6502 -0.7209
vn 0.3996 -0.7747 -0.4901
vn 0.7603 -0.5241 -0.3837
vn 0.8096 -0.5766 -0.1102
vn 0.0942 -0.9691 -0.2281
vn 0.3256 -0.9442 -0.0486
vn 0.6285 -0.7757 -0.0578
vn 0.1440 -0.9800 0.1374
vn 0.3994 -0.9132 0.0806
vn 0.8626 -0.4220 -0.2788
vn 0.6951 -0.7104 -0.1107
vn 0.4909 -0.8499 0.1918
vn 0.3738 -0.9246 0.0731
vn 0.5578 -0.8145 -0.1598
vn 0.2426 -0.8877 0.3914
vn 0.4451 -0.8129 0.3756
vn 0.8962 -0.0721 -0.4378
vn 0.3423 -0.4786 -0.8086
vn 0.5418 0.2259 -0.8096
vn 0.2709 0.1973 -0.9422
vn 0.1628 0.2712 -0.9487
vn 0.6428 -0.6242 0.4440
vn 0.2636 -0.6760 0.6881
vn 0.1154 -0.7605 0.6390
vn 0.1556 -0.9792 0.1299
vn 0.1637 -0.8782 0.4495
vn 0.4098 -0.8518 0.3264
vn 0.6516 -0.7240 -0.2264
vn 0.6053 -0.6756 0.4209
vn 0.0008 -0.4259 0.9048
vn 0.0221 -0.5076 0.8613
vn 0.5306 -0.7537 0.3877
vn 0.1145 -0.4872 0.8657
vn 0.7298 -0.5531 0.4019
vn 0.2208 -0.3398 0.9142
vn 0.8095 -0.3514 0.4704
vn 0.8441 -0.1768 0.5062
vn 0.2981 -0.2509 0.9210
vn 0.3196 -0.1604 0.9339
vn 0.8607 0.0701 0.5043
vn 0.1567 -0.0541 0.9862
vn 0.7195 0.3773 0.5830
vn 0.0841 0.0756 0.9936
vn 0.6043 0.6737 0.4254
vn 0.3789 0.7379 0.5585
vn 0.0136 0.0480 0.9988
vn 0.1665 0.7024 0.6921
vn 0.3311 0.9418 -0.0573
vn 0.5034 0.8600 -0.0836
vn 0.6482 0.7516 -0.1221
vn 0.7980 0.5735 -0.1853
vn 0.7709 -0.5543 0.3139
vn 0.7331 -0.6226 -0.2736
vn 0.8471 -0.4136 -0.3337
vn 0.9070 -0.1956 0.3728
vn 0.8944 -0.2099 -0.3949
vn 0.9987 0.0391 0.0333
vn 0.8365 -0.0761 -0.5427
vn 0.8574 0.4528 0.2448
vn 0.8684 -0.3860 -0.3111
vn 0.9271 -0.1488 -0.3440
vn 0.8377 0.0251 -0.5455
vn 0.7435 0.0805 -0.6639
vn 0.8710 0.4313 -0.2352
vn 0.9540 -0.1811 -0.2389
vn 0.9332 -0.0131 -0.3591
vn 0.8672 -0.0420 -0.4963
vn 0.7575 -0.0772 -0.6483
vn 0.6573 0.0480 -0.7521
vn 0.9773 -0.0522 -0.2055
vn 0.9597 0.0544 -0.2758
vn 0.9096 -0.0712 -0.4094
vn 0.9221 0.2806 -0.2665
vn 0.9087 0.2357 -0.3444
vn 0.9376 0.0299 -0.3464
vn 0.8142 0.5290 -0.2393
vn 0.7911 0.3955 -0.4666
vn 0.7852 0.3553 -0.5072
vn 0.8107 0.5163 -0.2759
vn 0.6709 0.7079 -0.2208
vn 0.6461 0.6408 -0.4146
vn 0.6157 0.4870 -0.6195
vn 0.6261 0.4090 -0.6639
vn 0.6969 0.5465 -0.4643
vn 0.4698 0.8558 -0.2166
vn 0.4877 0.7424 -0.4593
vn 0.4238 0.6466 -0.6343
vn 0.4681 0.4609 -0.7540
vn 0.4608 0.4676 -0.7543
vn 0.4568 0.7738 -0.4389
vn 0.2925 0.9380 -0.1859
vn 0.3048 0.8669 -0.3944
vn 0.2493 0.7445 -0.6193
vn 0.2655 0.5524 -0.7901
vn 0.3162 0.6896 -0.6515
vn 0.1339 0.9815 -0.1368
vn 0.1741 0.9814 -0.0814
vn 0.1701 0.9635 -0.2068
vn 0.1519 0.8995 -0.4097
vn 0.0600 0.7557 -0.6522
vn -0.0205 0.5576 -0.8299
vn 0.0636 0.6580 -0.7504
vn -0.0203 0.9076 -0.4194
vn -0.0693 0.5496 -0.8325
vn -0.0850 0.7038 -0.7053
vn -0.0048 0.4224 -0.9064
vn 0.0955 0.3986 -0.9122
vn -0.1255 0.8758 -0.4661
vn -0.0057 0.9859 -0.1673
vn -0.1285 0.5283 -0.8393
vn -0.2305 0.7181 -0.6567
vn 0.0158 0.9798 -0.1992
vn 0.1262 0.8893 -0.4396
vn -0.0959 0.4247 -0.9003
vn -0.2129 0.5539 -0.8049
vn -0.4623 0.5488 -0.6965
vn -0.3559 0.8549 -0.3775
vn -0.1640 0.7504 -0.6403
vn -0.3402 0.7000 -0.6279
vn -0.4728 0.7113 -0.5201
vn -0.6346 0.5863 -0.5035
vn -0.6410 0.6927 -0.3305
vn -0.1871 0.8942 -0.4067
vn -0.3103 0.8590 -0.4073
vn -0.4658 0.8411 -0.2749
vn -0.6570 0.7080 -0.2592
vn -0.8269 0.4508 -0.3361
vn -0.2833 0.9363 -0.2077
vn -0.4990 0.8610 -0.0982
vn -0.6689 0.7299 -0.1408
vn -0.8222 0.5277 -0.2133
vn -0.9173 0.2832 -0.2799
vn -0.9161 0.2853 -0.2817
vn -0.9549 0.1528 -0.2546
vn -0.9576 0.0048 -0.2879
vn -0.9324 0.0198 -0.3610
vn -0.9288 -0.2129 -0.3032
vn -0.9050 -0.1924 -0.3794
vn -0.8345 0.0210 -0.5506
vn -0.8959 -0.0702 -0.4386
vn -0.8636 -0.4042 -0.3015
vn -0.8482 -0.4141 -0.3303
vn -0.9062 -0.1966 0.3744
vn -0.9987 0.0383 0.0344
vn -0.8368 -0.0762 -0.5422
vn -0.7338 -0.6232 -0.2704
vn -0.7703 -0.5544 0.3152
vn -0.6051 -0.6752 0.4218
vn -0.8572 0.4526 0.2458
vn -0.8710 0.4315 -0.2349
vn -0.6576 0.0482 -0.7518
vn -0.7700 -0.0855 -0.6323
vn -0.6832 0.7143 -0.1516
vn 0.1849 0.1052 -0.9771
vn 0.6835 0.7140 -0.1519
vn 0.6493 0.6184 -0.4427
vn 0.3409 -0.1749 -0.9237
vn 0.1655 -0.7395 -0.6524
vn 0.8481 -0.1720 -0.5011
vn 0.0510 -0.7664 -0.6404
vn -0.4233 -0.8501 -0.3133
vn -0.4719 -0.8807 -0.0412
vn -0.0120 -0.7420 -0.6703
vn 0.0554 -0.1511 -0.9870
vn 0.0017 -0.7188 -0.6952
vn -0.1408 -0.9900 0.0040
vn -0.2884 -0.6797 0.6744
vn -0.0480 -0.6702 0.7406
vn -0.1190 0.0831 0.9894
vn -0.3824 0.1994 0.9022
vn -0.0445 0.6741 0.7373
vn 0.0099 0.8203 0.5718
vn -0.7578 -0.4681 0.4545
vn -0.6966 0.1687 0.6973
vn -0.1737 0.6760 0.7161
vn 0.4959 0.7506 0.4368
vn 0.4788 0.8776 0.0256
vn 0.0528 0.9785 -0.1994
vn -0.8783 -0.4348 0.1989
vn 0.8040 0.4171 -0.4239
vn 0.9204 0.3316 -0.2073
vn 0.2189 0.7184 -0.6603
vn 0.0406 0.5855 -0.8096
vn -0.3592 -0.9058 0.2247
vn -0.4091 -0.9013 -0.1424
vn -0.3356 -0.9266 -0.1697
vn -0.3600 -0.5907 0.7222
vn -0.1347 -0.9904 0.0306
vn -0.5832 -0.6716 0.4570
vn 0.0522 -0.9701 0.2370
vn -0.1234 -0.9331 0.3377
vn -0.7860 -0.5531 0.2761
vn -0.9688 -0.0200 0.2469
vn -0.9894 0.1415 0.0333
vn -0.6307 0.1730 0.7565
vn -0.0818 -0.0459 0.9956
vn -0.1390 -0.2482 0.9587
vn 0.1896 -0.0725 0.9792
vn -0.0075 0.5963 0.8027
vn -0.6470 0.7402 0.1827
vn -0.5805 0.7854 -0.2147
vn 0.0899 -0.0598 0.9942
vn 0.2040 0.9527 0.2254
vn 0.0277 0.9710 -0.2376
vn 0.1236 0.9318 -0.3414
vn 0.5878 0.6496 -0.4822
vn 0.7722 0.5569 -0.3059
vn 0.9230 -0.0059 -0.3847
vn 0.9781 -0.1879 -0.0896
vn 0.5897 -0.7756 -0.2251
vn 0.5753 -0.7972 0.1833
vn 0.3977 0.5924 -0.7006
vn 0.5522 -0.1234 -0.8245
vn 0.0967 -0.7099 -0.6977
vn 0.5943 0.6829 0.4248
vn 0.5581 0.7823 -0.2766
vn -0.1889 -0.5561 -0.8094
vn -0.3840 -0.7425 -0.5488
vn 0.1263 0.0274 -0.9916
vn -0.0749 -0.0254 -0.9969
vn 0.0973 0.2790 -0.9554
vn 0.1067 0.1359 -0.9850
vn 0.6976 0.5103 0.5030
vn 0.0014 0.3416 -0.9399
vn 0.0058 0.7296 -0.6838
vn -0.0016 0.0508 -0.9987
vn 0.0015 0.3416 -0.9399
vn 0.0084 0.9020 -0.4317
vn 0.0099 0.9987 0.0491
vn 0.0079 0.9019 -0.4319
vn 0.0098 0.9315 0.3636
vn 0.0078 0.6579 0.7530
vn 0.0094 0.9316 0.3634
vn -0.7026 0.2866 0.6513
vn 0.0059 0.3934 0.9194
vn -0.7025 0.2867 0.6514
vn 0.0036 0.5656 -0.8247
vn 0.0092 0.9836 -0.1799
vn 0.0092 0.8078 0.5894
vn 0.0038 0.1583 0.9874
vn 0.0012 -0.0507 0.9987
vn 0.0049 0.3937 0.9192
vn -0.0019 -0.3414 0.9399
vn -0.0038 -0.1583 -0.9874
vn -0.0035 -0.5655 0.8248
vn -0.0060 -0.7296 0.6838
vn -0.0021 -0.3414 0.9399
vn -0.0089 -0.9019 0.4319
vn -0.0100 -0.9987 -0.0492
vn -0.0084 -0.9020 0.4318
vn -0.0104 -0.9316 -0.3634
vn -0.0080 -0.6579 -0.7530
vn -0.0100 -0.9315 -0.3635
vn -0.7115 -0.2697 -0.6489
vn -0.0058 -0.3937 -0.9192
vn -0.7114 -0.2698 -0.6490
vn -0.0091 -0.9837 0.1798
vn -0.0092 -0.8078 -0.5894
vn 0.2053 0.9782 0.0324
vn 0.3602 0.7328 0.5773
vn 0.4034 0.9046 -0.1376
vn 0.6914 0.7082 -0.1432
vn 0.4830 0.5397 0.6895
vn 0.6583 0.3597 0.6613
vn 0.0903 -0.0108 0.9959
vn 0.0698 0.0072 0.9975
vn 0.0560 0.0130 0.9983
vn 0.1320 0.7060 0.6958
vn -0.0040 0.9992 -0.0399
vn 0.9316 0.3532 -0.0858
vn 0.7025 0.0728 0.7080
vn 0.1298 -0.0321 0.9910
vn -0.4694 -0.3763 0.7988
vn -0.3678 -0.5041 0.7814
vn -0.2348 -0.5991 0.7654
vn 0.9824 0.0368 -0.1832
vn 0.7335 -0.1863 0.6536
vn 0.1144 -0.0869 0.9896
vn 0.0458 -0.0719 0.9964
vn -0.5365 -0.2156 0.8159
vn -0.9413 -0.3117 0.1295
vn -0.8122 -0.5736 0.1059
vn 0.9223 -0.2822 -0.2639
vn 0.6507 -0.3983 0.6464
vn 0.0951 -0.1045 0.9900
vn -0.5285 0.1280 0.8392
vn -0.5565 -0.0418 0.8298
vn -0.9885 -0.0058 0.1513
vn 0.7777 -0.5920 -0.2116
vn 0.5668 -0.5929 0.5720
vn 0.0819 -0.0913 0.9924
vn -0.4551 0.3322 0.8262
vn -0.7980 0.5747 0.1814
vn -0.9388 0.2977 0.1732
vn 0.6074 -0.7907 -0.0762
vn 0.3763 -0.6789 0.6305
vn 0.1076 -0.1400 0.9843
vn -0.1704 0.6061 0.7769
vn -0.3239 0.4634 0.8248
vn -0.5281 0.7785 0.3392
vn 0.3770 -0.9103 -0.1710
vn 0.2604 -0.7745 0.5765
vn 0.1920 -0.1746 0.9657
vn -0.0433 0.5641 0.8246
vn -0.2772 0.9563 0.0934
vn -0.2932 0.9420 0.1635
vn 0.2655 -0.9568 -0.1187
vn 0.3483 -0.6637 0.6620
vn 0.3264 0.1629 0.9311
vn -0.1466 0.7082 0.6907
vn -0.5211 0.8443 0.1250
vn -0.4740 0.6023 -0.6423
vn -0.2798 0.7172 -0.6382
vn 0.4197 -0.9029 -0.0931
vn 0.6773 -0.5104 0.5298
vn 0.5477 0.3083 0.7778
vn -0.0802 0.7012 0.7085
vn -0.6624 0.7018 0.2619
vn -0.8967 0.2983 -0.3271
vn -0.7341 0.3711 -0.5687
vn 0.6097 -0.7594 -0.2270
vn 0.8997 -0.2793 0.3355
vn 0.6141 0.4475 0.6500
vn 0.0241 0.7049 0.7089
vn -0.6558 0.6216 0.4284
vn -0.9771 0.0946 -0.1904
vn 0.7003 -0.6406 -0.3150
vn 0.9807 -0.0640 0.1850
vn 0.6337 0.6072 0.4793
vn -0.0457 0.7563 0.6526
vn -0.6503 0.5364 0.5380
vn -0.9976 -0.0248 0.0647
vn 0.7092 -0.5355 -0.4586
vn 0.9868 0.0843 -0.1383
vn 0.7007 -0.3778 -0.6052
vn 0.8677 -0.0284 -0.4963
vn 0.8654 -0.0395 -0.4996
vn 0.7006 0.6487 0.2973
vn 0.9333 0.3564 -0.0440
vn 0.8132 0.5791 0.0576
vn -0.4665 0.7128 -0.5237
vn -0.6359 0.4675 -0.6141
vn -0.7290 0.2645 -0.6314
vn -0.7594 0.0253 -0.6502
vn -0.1118 0.1370 -0.9843
vn -0.1219 0.1379 -0.9829
vn -0.1350 0.1042 -0.9853
vn -0.1363 0.0553 -0.9891
vn -0.7194 -0.2067 -0.6631
vn 0.4795 -0.2749 -0.8334
vn 0.4806 -0.0857 -0.8727
vn 0.5679 0.0422 -0.8220
vn 0.5795 0.2740 -0.7675
vn -0.1368 0.0154 -0.9905
vn -0.6295 -0.4451 -0.6369
vn 0.3546 -0.4836 -0.8003
vn -0.0850 0.0535 -0.9949
vn 0.1708 -0.6182 -0.7672
vn -0.2288 0.0036 -0.9735
vn 0.0592 -0.5666 -0.8219
vn -0.4264 -0.1646 -0.8894
vn 0.0972 -0.6721 -0.7340
vn -0.5617 -0.3320 -0.7578
vn 0.0858 -0.7108 -0.6981
vn -0.6068 -0.4552 -0.6516
vn 0.0467 -0.7155 -0.6971
vn -0.6187 -0.5824 -0.5273
vn 0.1000 -0.6784 -0.7278
vn -0.8422 -0.5220 -0.1351
vn -0.2738 -0.7743 -0.5706
vn 0.1480 -0.6443 -0.7503
vn -0.2739 -0.7743 -0.5705
vn -0.8423 -0.5219 -0.1349
vn -0.8987 0.0990 0.4272
vn -0.8986 0.0991 0.4274
vn -0.3934 0.6143 0.6840
vn 0.0021 0.7906 0.6123
vn -0.3933 0.6143 0.6841
vn 0.2736 0.7744 0.5705
vn 0.2735 0.7745 0.5705
vn 0.5255 -0.4358 -0.7307
vn 0.3936 -0.6141 -0.6840
vn 0.3855 0.4118 -0.8257
vn -0.1127 -0.0210 -0.9934
vn -0.4309 -0.6188 -0.6568
vn -0.0763 -0.0481 -0.9959
vn 0.2985 0.5878 -0.7519
vn 0.0890 0.6689 -0.7380
vn -0.0530 -0.0559 -0.9970
vn -0.2190 -0.7262 -0.6517
vn -0.1006 0.6623 -0.7425
vn -0.0170 -0.0356 -0.9992
vn 0.0516 -0.7700 -0.6360
vn -0.2478 0.9685 -0.0227
vn -0.2847 0.6079 -0.7412
vn -0.0069 -0.0272 -0.9996
vn 0.2726 -0.6358 -0.7221
vn -0.5262 0.8503 -0.0104
vn -0.4945 0.4328 -0.7538
vn 0.0457 -0.0557 -0.9974
vn 0.4616 -0.4987 -0.7336
vn 0.6566 -0.7542 0.0041
vn 0.3796 -0.9250 0.0156
vn -0.7357 0.6774 0.0019
vn -0.8801 0.4747 -0.0096
vn -0.6496 0.2593 -0.7147
vn -0.0354 0.0787 -0.9963
vn -0.9839 0.1752 0.0351
vn -0.6440 0.0843 -0.7604
vn 0.0455 0.1244 -0.9912
vn 0.6810 0.0712 -0.7288
vn 0.6024 -0.2398 -0.7613
vn -0.9847 -0.1699 -0.0397
vn -0.6508 -0.1032 -0.7522
vn 0.0125 0.1722 -0.9850
vn 0.6318 0.3281 -0.7023
vn 0.9570 0.2854 0.0511
vn 0.9985 -0.0537 0.0137
vn 0.8944 -0.4473 -0.0018
vn -0.8663 -0.4764 -0.1499
vn -0.5248 -0.1703 -0.8340
vn -0.0437 0.2120 -0.9763
vn 0.5121 0.5373 -0.6701
vn 0.8145 0.5717 0.0988
vn 0.5583 0.2459 0.7923
vn 0.6387 0.0653 0.7667
vn -0.5134 -0.3064 -0.8015
vn -0.0472 0.2221 -0.9739
vn 0.3653 0.6118 -0.7016
vn 0.6623 0.7478 0.0454
vn 0.5047 0.4157 0.7566
vn -0.7129 -0.7006 -0.0316
vn -0.5796 -0.6160 -0.5334
vn 0.5395 -0.6150 -0.5751
vn -0.2456 -0.0863 -0.9655
vn 0.5395 -0.6152 -0.5748
vn -0.2452 -0.0843 -0.9658
vn 0.1968 0.4573 -0.8672
vn 0.1973 0.4593 -0.8661
vn 0.5592 0.7815 -0.2768
vn 0.5591 0.7819 -0.2759
vn 0.5808 0.6167 0.5314
vn 0.5795 0.6162 0.5335
vn -0.5795 -0.6172 -0.5322
vn 0.2461 0.0854 0.9655
vn 0.0552 -0.1200 0.9912
vn 0.2447 0.0846 0.9659
vn 0.0026 -0.1744 0.9847
vn -0.0015 -0.1668 0.9860
vn 0.6526 -0.1257 0.7472
vn -0.1964 -0.4580 0.8670
vn -0.1977 -0.4585 0.8664
vn -0.4324 -0.5715 0.6974
vn -0.5617 -0.4923 0.6650
vn -0.6579 -0.3101 0.6863
vn -0.0124 -0.1182 0.9929
vn 0.5879 -0.3352 0.7362
vn -0.5584 -0.7820 0.2770
vn -0.5591 -0.7818 0.2759
vn -0.6433 -0.0334 0.7649
vn -0.0217 -0.0424 0.9989
vn 0.4103 -0.4786 0.7763
vn -0.5808 0.2426 0.7770
vn -0.0526 0.0451 0.9976
vn 0.0073 0.0093 0.9999
vn 0.2493 -0.6314 0.7343
vn -0.4970 0.5020 0.7078
vn -0.2618 0.6321 0.7293
vn 0.0255 0.0015 0.9997
vn 0.0798 -0.6658 0.7418
vn 0.1420 -0.9832 0.1148
vn -0.0553 0.7048 0.7073
vn 0.0428 0.0123 0.9990
vn -0.0850 -0.6530 0.7526
vn -0.1138 -0.9906 0.0762
vn -0.3731 -0.9266 0.0476
vn -0.6082 -0.7859 0.1118
vn -0.0000 -0.6896 0.7242
vn 0.3620 -0.6206 0.6955
vn 0.0001 -0.9947 0.1025
vn 0.5251 -0.8459 0.0938
vn 0.4287 -0.9027 0.0359
vn -0.0000 -0.9611 0.2761
vn 0.2628 -0.1531 0.9526
vn -0.0001 -0.0111 0.9999
vn 0.7111 -0.4834 0.5106
vn 0.8493 -0.5130 -0.1249
vn 0.7331 -0.6727 -0.0998
vn 0.6557 -0.0289 0.7544
vn 0.9340 -0.1055 0.3413
vn 0.8876 -0.0010 -0.4605
vn 0.9070 -0.2209 -0.3587
vn 0.9747 0.2187 0.0456
vn 0.8049 0.5603 -0.1953
vn 0.6160 0.3361 -0.7124
vn 0.6980 0.1747 -0.6945
vn 0.4275 0.7814 -0.4545
vn 0.3685 0.4737 -0.7999
vn -0.0000 0.8980 -0.4400
vn -0.0000 0.5537 -0.8327
vn -0.0001 0.6217 -0.7832
vn 0.3273 0.9061 0.2679
vn 0.7390 0.6156 0.2739
vn -0.4274 0.7814 -0.4546
vn -0.3685 0.4736 -0.8000
vn -0.3717 0.9196 0.1275
vn 0.0001 0.9095 0.4156
vn -0.8048 0.5604 -0.1955
vn -0.6159 0.3362 -0.7125
vn -0.6979 0.1748 -0.6945
vn -0.8877 -0.0008 -0.4605
vn -0.9070 -0.2207 -0.3587
vn -0.8494 -0.5128 -0.1247
vn -0.7330 -0.6728 -0.1000
vn -0.9747 0.2188 0.0455
vn -0.9340 -0.1054 0.3413
vn -0.7110 -0.4834 0.5106
vn -0.5249 -0.8460 0.0937
vn -0.4285 -0.9029 0.0356
vn -0.6557 -0.0290 0.7544
vn -0.3620 -0.6207 0.6955
vn -0.2223 -0.0263 0.9746
vn -0.5380 0.4419 0.7179
vn -0.7389 0.6158 0.2737
vn 0.5379 0.4419 0.7179
vn -0.0001 -0.0112 0.9999
vn -0.3442 -0.3280 0.8797
vn -0.5728 0.0690 0.8168
vn -0.6890 0.3801 0.6171
vn -0.4967 0.6958 0.5189
vn -0.3244 0.9060 0.2720
vn -0.0000 0.9740 0.2264
vn 0.3831 0.9203 0.0790
vn 0.4967 0.6958 0.5188
vn 0.6890 0.3801 0.6171
vn 0.5729 0.0690 0.8167
vn 0.2910 -0.1542 0.9442
vn -0.4889 -0.8693 -0.0724
vn -0.5796 -0.7145 -0.3920
vn 0.3080 -0.9513 0.0125
vn -0.4475 -0.8321 0.3277
vn -0.7148 -0.6030 0.3542
vn -0.7212 -0.2454 0.6479
vn -0.6754 0.2044 0.7086
vn -0.9197 0.3016 0.2516
vn -0.9571 0.2289 -0.1779
vn -0.8968 0.1884 -0.4002
vn -0.6538 0.5320 -0.5380
vn -0.3786 0.9252 -0.0258
vn -0.3122 0.8576 0.4087
vn -0.3700 0.6019 0.7077
vn -0.4364 0.4226 -0.7944
vn -0.3324 0.1258 -0.9347
vn -0.6186 -0.2367 -0.7492
vn 0.1563 0.0378 -0.9870
vn -0.5695 -0.3598 -0.7391
vn 0.3285 -0.3074 -0.8931
vn -0.4605 -0.5603 -0.6885
vn 0.4038 -0.6062 -0.6852
vn 0.2622 -0.8582 -0.4414
vn -0.5360 -0.6565 -0.5308
vn 0.4124 -0.9047 0.1071
vn 0.1612 -0.9030 0.3983
vn -0.1468 -0.9805 -0.1310
vn -0.3980 -0.9137 0.0823
vn -0.0085 -0.7215 0.6923
vn -0.5518 -0.7677 0.3257
vn -0.1219 -0.4370 0.8911
vn -0.7020 -0.5382 0.4664
vn -0.2185 -0.0640 0.9737
vn -0.8704 -0.3162 0.3775
vn -0.8310 0.0574 0.5534
vn -0.2075 0.2814 0.9369
vn -0.9648 0.1977 0.1735
vn -0.8085 0.5826 0.0826
vn -0.1448 0.9891 0.0252
vn -0.7351 0.5952 -0.3246
vn -0.0955 0.9132 -0.3963
vn -0.6983 0.4121 -0.5853
vn -0.3797 0.4716 -0.7959
vn 0.0609 0.7421 -0.6675
vn 0.2085 0.4840 -0.8499
vn -0.4396 0.0915 -0.8935
vn -0.2220 -0.0557 -0.9735
vn 0.4638 0.1961 -0.8640
vn -0.0451 -0.3638 -0.9304
vn 0.6649 -0.5140 -0.5420
vn -0.1259 -0.6683 -0.7332
vn 0.5939 -0.7633 -0.2544
vn -0.1738 -0.8629 -0.4746
vn 0.1045 -0.3368 -0.9358
vn -0.1046 -0.3368 -0.9358
vn -0.0000 -0.5247 -0.8513
vn 0.1995 -0.5261 -0.8267
vn 0.1312 -0.6190 -0.7744
vn -0.1995 -0.5261 -0.8267
vn -0.1360 -0.6854 -0.7153
vn 0.1133 -0.6995 -0.7056
vn 0.0878 -0.6665 -0.7403
vn -0.0582 -0.6622 -0.7470
vn -0.1311 -0.6190 -0.7744
vn -0.2490 -0.9453 0.2107
vn 0.0001 -0.9876 0.1571
vn -0.4809 -0.8614 0.1632
vn -0.6779 -0.7160 0.1669
vn -0.1825 -0.9286 -0.3230
vn -0.4014 -0.8301 -0.3870
vn -0.6179 -0.7401 -0.2655
vn -0.7871 -0.5362 -0.3050
vn -0.8376 -0.5306 0.1304
vn -0.9362 -0.2818 0.2098
vn -0.0000 -0.9470 -0.3213
vn -0.8180 -0.2663 -0.5098
vn -0.9441 -0.0013 -0.3298
vn -0.8788 0.2431 -0.4107
vn -0.9378 0.2833 0.2004
vn -0.7704 0.5084 0.3847
vn -0.7995 0.4781 -0.3636
vn -0.6619 0.7396 0.1224
vn -0.4514 0.8896 0.0696
vn -0.2052 0.9762 -0.0699
vn -0.5742 0.6130 -0.5427
vn -0.4622 0.8146 -0.3504
vn -0.2166 0.8784 -0.4261
vn -0.0000 0.9995 -0.0310
vn 0.2052 0.9762 -0.0698
vn -0.0000 0.9047 -0.4261
vn 0.2166 0.8784 -0.4261
vn 0.4481 0.8930 0.0434
vn 0.4622 0.8147 -0.3502
vn 0.6619 0.7395 0.1225
vn 0.7704 0.5083 0.3850
vn 0.9397 0.2675 0.2131
vn 0.5742 0.6129 -0.5427
vn 0.7995 0.4780 -0.3636
vn 0.8788 0.2429 -0.4108
vn 0.9519 0.0083 -0.3062
vn 0.9363 -0.2636 0.2321
vn 0.7987 -0.2682 -0.5387
vn 0.7824 -0.5473 -0.2974
vn 0.8378 -0.5303 0.1301
vn 0.6781 -0.7158 0.1666
vn 0.6181 -0.7399 -0.2656
vn 0.4016 -0.8300 -0.3870
vn 0.4811 -0.8614 0.1632
vn 0.2491 -0.9453 0.2107
vn 0.1825 -0.9286 -0.3231
vn -0.8463 -0.3165 -0.4284
vn 0.8510 -0.3202 -0.4164
vn 0.8896 -0.3649 0.2745
vn 0.9594 -0.0944 0.2658
vn 0.9398 0.0628 0.3358
vn 0.8123 0.3661 0.4540
vn 0.6814 -0.5755 0.4522
vn 0.3971 -0.6552 0.6427
vn 0.2048 -0.6878 0.6965
vn 0.1029 -0.6030 0.7910
vn 0.0298 -0.3146 0.9488
vn -0.0098 0.0112 0.9999
vn 0.0210 -0.7121 0.7018
vn 0.0403 -0.5754 0.8169
vn -0.0000 0.2736 0.9619
vn -0.1708 0.5067 0.8451
vn -0.0671 0.7788 0.6237
vn 0.2799 0.8704 0.4051
vn -0.0000 0.5242 0.8516
vn -0.0915 -0.6025 0.7928
vn 0.1707 0.5067 0.8450
vn 0.0672 0.7788 0.6237
vn -0.2799 0.8704 0.4051
vn -0.8139 0.3665 0.4509
vn -0.9445 0.0662 0.3219
vn -0.9624 -0.1036 0.2510
vn -0.8966 -0.3360 0.2886
vn -0.7117 -0.5607 0.4233
vn -0.4241 -0.6587 0.6214
vn -0.2314 -0.6936 0.6822
vn 0.7359 -0.6553 -0.1702
vn 0.7358 -0.6555 -0.1703
vn 0.7357 -0.6556 -0.1701
vn 0.7357 -0.6555 -0.1702
vn 0.7358 -0.6554 -0.1705
vn 0.7357 -0.6554 -0.1705
vn 0.7359 -0.6553 -0.1705
vn -0.9999 0.0125 0.0019
vn -0.9999 0.0125 0.0020
vn -0.9999 0.0124 0.0020
vn -0.9999 0.0126 0.0019
vn -0.9999 0.0125 0.0018
vn -0.9999 0.0126 0.0018
vn -0.9999 0.0127 0.0020
vn -0.9999 0.0121 0.0020
vn -0.9999 0.0124 0.0017
vn 0.2636 -0.5895 0.7636
vn 0.2635 -0.5897 0.7634
vn 0.2638 -0.5893 0.7636
vn 0.2637 -0.5894 0.7636
vn 0.2635 -0.5894 0.7637
vn 0.2635 -0.5895 0.7636
vn 0.2636 -0.5897 0.7634
vt 0.855800 0.550300
vt 0.859700 0.588200
vt 0.855800 0.588200
vt 0.859700 0.293600
vt 0.855800 0.331300
vt 0.855800 0.293600
vt 0.855800 0.380300
vt 0.855800 0.356300
vt 0.855800 0.476700
vt 0.855800 0.452600
vt 0.855800 0.428600
vt 0.855800 0.404600
vt 0.285600 0.400300
vt 0.294000 0.402800
vt 0.277700 0.401400
vt 0.277300 0.398300
vt 0.279400 0.396400
vt 0.276100 0.389800
vt 0.273200 0.390400
vt 0.276400 0.382500
vt 0.273700 0.381600
vt 0.280400 0.376300
vt 0.278400 0.374200
vt 0.294300 0.373300
vt 0.286900 0.372900
vt 0.286300 0.370100
vt 0.295100 0.370500
vt 0.300400 0.377300
vt 0.302600 0.375300
vt 0.292900 0.400700
vt 0.299500 0.397300
vt 0.303500 0.391200
vt 0.303800 0.383800
vt 0.306600 0.383200
vt 0.306200 0.392000
vt 0.315900 0.401000
vt 0.190300 0.353600
vt 0.183900 0.343000
vt 0.190300 0.343000
vt 0.183900 0.353600
vt 0.177500 0.353600
vt 0.171100 0.343000
vt 0.171100 0.353600
vt 0.164700 0.353600
vt 0.158300 0.343000
vt 0.158300 0.353600
vt 0.151900 0.353600
vt 0.145500 0.343000
vt 0.145500 0.353600
vt 0.139100 0.353600
vt 0.132700 0.343000
vt 0.132700 0.353600
vt 0.126300 0.353600
vt 0.119900 0.343000
vt 0.119900 0.353600
vt 0.113500 0.353600
vt 0.113500 0.343000
vt 0.166800 0.161100
vt 0.161800 0.180500
vt 0.152000 0.197900
vt 0.166600 0.141100
vt 0.127800 0.102400
vt 0.101400 0.227800
vt 0.120700 0.222400
vt 0.138000 0.212200
vt 0.161200 0.121800
vt 0.151000 0.104500
vt 0.136700 0.090500
vt 0.119300 0.080700
vt 0.099900 0.075700
vt 0.079900 0.075900
vt 0.029300 0.105700
vt 0.014600 0.162600
vt 0.044500 0.213200
vt 0.081300 0.228000
vt 0.061900 0.223000
vt 0.060500 0.081300
vt 0.043300 0.091400
vt 0.020000 0.181900
vt 0.030200 0.199100
vt 0.014400 0.142600
vt 0.019400 0.123200
vt 0.797000 0.166500
vt 0.777200 0.152600
vt 0.797000 0.152800
vt 0.751700 0.173900
vt 0.797000 0.257600
vt 0.751700 0.250200
vt 0.777200 0.271400
vt 0.797000 0.271300
vt 0.751700 0.163900
vt 0.751700 0.260100
vt 1.923900 0.032400
vt 1.923900 0.061400
vt 1.926700 0.050300
vt 1.917300 0.041000
vt 1.917300 0.024400
vt 1.923900 0.024400
vt 1.923900 0.017000
vt 1.926700 0.017000
vt 1.926700 0.024400
vt 1.926700 0.032400
vt 1.917300 0.061400
vt 1.912900 0.050300
vt 1.912900 0.032400
vt 1.912900 0.017000
vt 1.917300 0.017000
vt 1.917300 0.088100
vt 1.912900 0.088100
vt 1.917300 0.111700
vt 1.912900 0.135300
vt 1.917300 0.135300
vt 1.912900 0.173300
vt 1.923900 0.088100
vt 1.923900 0.111700
vt 1.923900 0.135300
vt 1.917300 0.162800
vt 1.917300 0.182800
vt 1.912900 0.191500
vt 1.926700 0.088100
vt 1.926700 0.135300
vt 1.923900 0.162800
vt 1.923900 0.191500
vt 1.923900 0.207800
vt 1.917300 0.207800
vt 1.912900 0.207800
vt 1.941500 0.061400
vt 1.941500 0.088100
vt 1.941500 0.135300
vt 1.941500 0.162800
vt 1.926700 0.173300
vt 1.941500 0.050300
vt 1.941500 0.041000
vt 1.941500 0.032400
vt 1.941500 0.017000
vt 1.941500 0.173300
vt 1.941500 0.182800
vt 1.926700 0.191500
vt 1.926700 0.207800
vt 1.926700 0.230500
vt 1.923900 0.230500
vt 1.941500 0.199600
vt 1.941500 0.230500
vt 1.941500 0.261000
vt 1.926700 0.261000
vt 1.923900 0.276900
vt 1.917300 0.245400
vt 1.912900 0.245400
vt 1.941500 0.292900
vt 1.926700 0.292900
vt 1.923900 0.308200
vt 1.912900 0.276900
vt 1.941500 0.308200
vt 1.926700 0.308200
vt 1.926700 0.334500
vt 1.941500 0.334500
vt 1.926700 0.360200
vt 1.941500 0.347500
vt 1.941500 0.360200
vt 1.941500 0.373400
vt 1.926700 0.373400
vt 1.941500 0.387000
vt 1.926700 0.401700
vt 1.923900 0.387000
vt 1.923900 0.360200
vt 1.917300 0.373400
vt 1.912900 0.347500
vt 1.923900 0.334500
vt 1.941500 0.401700
vt 1.926700 0.433200
vt 1.941500 0.433200
vt 1.926700 0.464200
vt 1.923900 0.464200
vt 1.923900 0.433200
vt 1.923900 0.401700
vt 1.917300 0.401700
vt 1.941500 0.449300
vt 1.941500 0.478600
vt 1.926700 0.486700
vt 1.923900 0.486700
vt 1.917300 0.486700
vt 1.917300 0.464200
vt 1.912900 0.417300
vt 1.912900 0.387000
vt 1.941500 0.486700
vt 1.912900 0.464200
vt 1.912900 0.486700
vt 1.912900 0.334500
vt 1.912900 0.308200
vt 1.897100 0.486700
vt 1.897100 0.449300
vt 1.897100 0.417300
vt 1.897100 0.387000
vt 1.897100 0.347500
vt 1.876400 0.464200
vt 1.876400 0.417300
vt 1.876400 0.387000
vt 1.876400 0.360200
vt 1.876400 0.486700
vt 1.876400 0.347500
vt 1.876400 0.334500
vt 1.897100 0.334500
vt 1.897100 0.308200
vt 1.897100 0.276900
vt 1.876400 0.308200
vt 1.876400 0.276900
vt 1.897100 0.245400
vt 1.897100 0.207800
vt 1.897100 0.182800
vt 1.876400 0.230500
vt 1.876400 0.207800
vt 1.876400 0.191500
vt 1.876400 0.173300
vt 1.897100 0.162800
vt 1.897100 0.111700
vt 1.897100 0.061400
vt 1.876400 0.135300
vt 1.876400 0.111700
vt 1.876400 0.088100
vt 1.876400 0.061400
vt 1.876400 0.041000
vt 1.897100 0.041000
vt 1.897100 0.024400
vt 1.897100 0.017000
vt 1.876400 0.017000
vt 1.876400 0.024400
vt 0.876400 0.464200
vt 0.897100 0.486700
vt 0.876400 0.486700
vt 0.897100 0.449300
vt 0.876400 0.417300
vt 0.897100 0.417300
vt 0.876400 0.387000
vt 0.897100 0.387000
vt 0.876400 0.360200
vt 0.912900 0.464200
vt 0.912900 0.417300
vt 0.912900 0.387000
vt 0.897100 0.347500
vt 0.876400 0.347500
vt 0.876400 0.334500
vt 0.912900 0.486700
vt 0.912900 0.347500
vt 0.897100 0.334500
vt 0.897100 0.308200
vt 0.876400 0.308200
vt 0.897100 0.276900
vt 0.876400 0.276900
vt 0.897100 0.245400
vt 0.876400 0.245400
vt 0.912900 0.334500
vt 0.912900 0.308200
vt 0.912900 0.276900
vt 0.912900 0.245400
vt 0.912900 0.207800
vt 0.897100 0.207800
vt 0.876400 0.207800
vt 0.876400 0.191500
vt 0.897100 0.182800
vt 0.876400 0.182800
vt 0.897100 0.162800
vt 0.876400 0.162800
vt 0.912900 0.191500
vt 0.912900 0.173300
vt 0.912900 0.135300
vt 0.897100 0.111700
vt 0.876400 0.111700
vt 0.876400 0.135300
vt 0.912900 0.088100
vt 0.897100 0.061400
vt 0.876400 0.088100
vt 0.876400 0.050300
vt 0.897100 0.041000
vt 0.876400 0.032400
vt 0.917300 0.111700
vt 0.917300 0.088100
vt 0.912900 0.050300
vt 0.917300 0.061400
vt 0.917300 0.041000
vt 0.912900 0.032400
vt 0.917300 0.024400
vt 0.912900 0.017000
vt 0.923900 0.111700
vt 0.923900 0.088100
vt 0.923900 0.061400
vt 0.923900 0.032400
vt 0.917300 0.135300
vt 0.923900 0.149400
vt 0.926700 0.135300
vt 0.926700 0.111700
vt 0.926700 0.088100
vt 0.926700 0.050300
vt 0.917300 0.162800
vt 0.923900 0.173300
vt 0.917300 0.191500
vt 0.923900 0.191500
vt 0.917300 0.207800
vt 0.923900 0.207800
vt 0.926700 0.207800
vt 0.926700 0.191500
vt 0.926700 0.173300
vt 0.917300 0.245400
vt 0.923900 0.230500
vt 0.926700 0.230500
vt 0.941500 0.230500
vt 0.941500 0.207800
vt 0.941500 0.191500
vt 0.917300 0.276900
vt 0.923900 0.261000
vt 0.926700 0.261000
vt 0.941500 0.261000
vt 0.923900 0.308200
vt 0.923900 0.276900
vt 0.926700 0.292900
vt 0.941500 0.292900
vt 0.923900 0.334500
vt 0.923900 0.360200
vt 0.917300 0.373400
vt 0.923900 0.387000
vt 0.926700 0.373400
vt 0.917300 0.401700
vt 0.923900 0.401700
vt 0.923900 0.433200
vt 0.926700 0.433200
vt 0.923900 0.464200
vt 0.926700 0.464200
vt 0.941500 0.433200
vt 0.941500 0.401700
vt 0.926700 0.401700
vt 0.917300 0.464200
vt 0.917300 0.486700
vt 0.923900 0.486700
vt 0.926700 0.486700
vt 0.941500 0.478600
vt 0.941500 0.449300
vt 0.941500 0.486700
vt 0.941500 0.387000
vt 0.941500 0.373400
vt 0.926700 0.360200
vt 0.941500 0.360200
vt 0.941500 0.347500
vt 0.941500 0.334500
vt 0.926700 0.334500
vt 0.926700 0.308200
vt 0.941500 0.308200
vt 0.941500 0.173300
vt 0.941500 0.162800
vt 0.923900 0.024400
vt 0.923900 0.017000
vt 0.917300 0.017000
vt 0.926700 0.017000
vt 0.926700 0.024400
vt 0.941500 0.017000
vt 0.941500 0.032400
vt 0.926700 0.032400
vt 0.941500 0.041000
vt 0.941500 0.050300
vt 0.941500 0.061400
vt 0.941500 0.088100
vt 0.941500 0.111700
vt 0.941500 0.135300
vt 0.897100 0.024400
vt 0.876400 0.017000
vt 0.897100 0.017000
vt 0.975200 0.485600
vt 0.995200 0.419400
vt 0.995200 0.485600
vt 0.975200 0.409800
vt 0.949400 0.485600
vt 0.949400 0.419400
vt 0.949400 0.381800
vt 0.975200 0.381800
vt 0.975200 0.367100
vt 0.949400 0.352600
vt 0.995200 0.381800
vt 0.995200 0.367100
vt 0.995200 0.352600
vt 0.975200 0.338400
vt 0.949400 0.324600
vt 0.975200 0.310800
vt 0.949400 0.296600
vt 0.975200 0.282100
vt 0.949400 0.267400
vt 0.995200 0.338400
vt 0.995200 0.324600
vt 0.995200 0.310800
vt 0.995200 0.296600
vt 0.995200 0.282100
vt 0.975200 0.267400
vt 0.975200 0.239400
vt 0.949400 0.229800
vt 0.949400 0.163600
vt 0.975200 0.163600
vt 0.995200 0.229800
vt 0.995200 0.163600
vt 0.995200 0.267400
vt 0.714500 0.722200
vt 0.697700 0.738200
vt 0.697700 0.722200
vt 0.714500 0.738200
vt 0.740300 0.722200
vt 0.740300 0.738200
vt 0.744700 0.722200
vt 0.744700 0.738200
vt 0.744700 0.754800
vt 0.697700 0.754800
vt 0.714500 0.754800
vt 0.740300 0.754800
vt 0.744700 0.771800
vt 0.740300 0.771800
vt 0.744700 0.789000
vt 0.697700 0.771800
vt 0.714500 0.771800
vt 0.714500 0.789000
vt 0.740300 0.789000
vt 0.740300 0.806200
vt 0.744700 0.806200
vt 0.744700 0.823400
vt 0.697700 0.789000
vt 0.697700 0.806200
vt 0.714500 0.806200
vt 0.714500 0.823400
vt 0.740300 0.823400
vt 0.740300 0.840700
vt 0.744700 0.840700
vt 0.744700 0.857900
vt 0.697700 0.823400
vt 0.697700 0.840700
vt 0.714500 0.840700
vt 0.714500 0.857900
vt 0.740300 0.857900
vt 0.744700 0.875200
vt 0.740300 0.875200
vt 0.740300 0.892500
vt 0.744700 0.892500
vt 0.697700 0.857900
vt 0.697700 0.875200
vt 0.714500 0.875200
vt 0.714500 0.892500
vt 0.714500 0.909800
vt 0.740300 0.909800
vt 0.744700 0.909800
vt 0.697700 0.892500
vt 0.697700 0.909800
vt 0.697700 0.927100
vt 0.714500 0.927100
vt 0.740300 0.927100
vt 0.744700 0.927100
vt 0.744700 0.944300
vt 0.740300 0.944300
vt 0.740300 0.961500
vt 0.744700 0.961500
vt 0.697700 0.944300
vt 0.714500 0.944300
vt 0.714500 0.961500
vt 0.714500 0.978400
vt 0.740300 0.978400
vt 0.744700 0.978400
vt 0.697700 0.961500
vt 0.697700 0.978400
vt 0.697700 0.995100
vt 0.714500 0.995100
vt 0.740300 0.995100
vt 0.744700 0.995100
vt 0.423700 0.382900
vt 0.419100 0.402100
vt 0.408900 0.400300
vt 0.429300 0.389700
vt 0.437600 0.392800
vt 0.452700 0.404200
vt 0.446300 0.391400
vt 0.453100 0.385700
vt 0.187900 0.178000
vt 0.195700 0.186300
vt 0.187900 0.186300
vt 0.195700 0.178000
vt 0.195700 0.169600
vt 0.187900 0.161400
vt 0.195700 0.161400
vt 0.187900 0.152300
vt 0.202700 0.186300
vt 0.202700 0.178000
vt 0.202700 0.169600
vt 0.202700 0.161400
vt 0.202700 0.152300
vt 0.195700 0.152300
vt 0.195700 0.143800
vt 0.187900 0.135300
vt 0.195700 0.135300
vt 0.187900 0.126700
vt 0.241500 0.143800
vt 0.241500 0.135300
vt 0.241500 0.126700
vt 0.195700 0.126700
vt 0.195700 0.118200
vt 0.187900 0.109700
vt 0.241500 0.152300
vt 0.229500 0.157600
vt 0.241500 0.156400
vt 0.212600 0.167100
vt 0.206800 0.172000
vt 0.241500 0.118200
vt 0.195700 0.109700
vt 0.195700 0.101300
vt 0.187900 0.092900
vt 0.195700 0.092900
vt 0.187900 0.084700
vt 0.195700 0.084700
vt 0.202700 0.084700
vt 0.241500 0.109700
vt 0.241500 0.101300
vt 0.241500 0.092900
vt 0.241500 0.084700
vt 0.867000 0.575500
vt 0.867000 0.588200
vt 0.867000 0.550300
vt 0.859700 0.525300
vt 0.867000 0.537900
vt 0.867000 0.525300
vt 0.867000 0.501100
vt 0.867000 0.476700
vt 0.867000 0.452600
vt 0.867000 0.428600
vt 0.867000 0.404600
vt 0.867000 0.380300
vt 0.867000 0.356300
vt 0.867000 0.331300
vt 0.867000 0.306300
vt 0.867000 0.293600
vt 0.855800 0.525300
vt 0.855800 0.501100
vt 0.804700 0.616700
vt 0.795000 0.600300
vt 0.804700 0.600300
vt 0.795000 0.633200
vt 0.804700 0.649700
vt 0.795000 0.666200
vt 0.804700 0.682700
vt 0.804700 0.715700
vt 0.454100 0.359000
vt 0.447900 0.369700
vt 0.435600 0.369700
vt 0.447900 0.348300
vt 0.441800 0.346700
vt 0.435600 0.348300
vt 0.429400 0.359000
vt 0.795000 0.699200
vt 0.795000 0.732100
vt 0.804700 0.748600
vt 0.795000 0.765000
vt 0.804700 0.781400
vt 0.795000 0.797700
vt 0.804700 0.797700
vt 0.795000 0.830600
vt 0.804700 0.830600
vt 0.795000 0.847100
vt 0.804700 0.863600
vt 0.795000 0.880400
vt 0.804700 0.897200
vt 0.795000 0.913500
vt 0.804700 0.913500
vt 0.795000 0.930100
vt 0.804700 0.946500
vt 0.795000 0.963200
vt 0.804700 0.963200
vt 0.804700 0.995200
vt 0.795000 0.995200
vt 0.887900 0.601300
vt 0.887900 0.633200
vt 0.897600 0.601300
vt 0.897600 0.633200
vt 0.887900 0.649900
vt 0.897600 0.666300
vt 0.897600 0.682900
vt 0.887900 0.682900
vt 0.887900 0.699300
vt 0.897600 0.716100
vt 0.887900 0.733000
vt 0.897600 0.733000
vt 0.897600 0.765900
vt 0.887900 0.765900
vt 0.897600 0.782400
vt 0.887900 0.798900
vt 0.897600 0.815300
vt 0.887900 0.815300
vt 0.887900 0.831700
vt 0.897600 0.831700
vt 0.887900 0.864700
vt 0.897600 0.864700
vt 0.887900 0.897700
vt 0.897600 0.881200
vt 0.897600 0.914200
vt 0.887900 0.914200
vt 0.887900 0.930600
vt 0.897600 0.930600
vt 0.897600 0.963600
vt 0.887900 0.963600
vt 0.897600 0.996400
vt 0.887900 0.996400
vt 0.301300 0.354500
vt 0.307300 0.343100
vt 0.305800 0.349600
vt 0.300500 0.332200
vt 0.294000 0.330700
vt 0.283100 0.337500
vt 0.281600 0.344100
vt 0.288400 0.355000
vt 0.515900 0.943500
vt 0.513800 0.985600
vt 0.491100 0.971700
vt 0.560800 0.932100
vt 0.568500 0.890000
vt 0.522400 0.899700
vt 0.495400 0.925100
vt 0.468100 0.951200
vt 0.468400 0.897600
vt 0.439800 0.918900
vt 0.611500 0.876700
vt 0.592500 0.861000
vt 0.612900 0.830900
vt 0.651800 0.806400
vt 0.635100 0.795900
vt 0.682300 0.730200
vt 0.680400 0.643800
vt 0.701000 0.645200
vt 0.694900 0.469600
vt 0.715800 0.471800
vt 0.694100 0.446700
vt 0.716500 0.427800
vt 0.692600 0.424200
vt 0.714700 0.375800
vt 0.692000 0.374600
vt 0.693000 0.345400
vt 0.717100 0.319500
vt 0.700200 0.293400
vt 0.705500 0.275500
vt 0.650200 0.279100
vt 0.641100 0.347400
vt 0.726300 0.282900
vt 0.655500 0.261300
vt 0.630900 0.271800
vt 0.618300 0.315300
vt 0.628300 0.331900
vt 0.634000 0.348300
vt 0.636600 0.364800
vt 0.645200 0.384200
vt 0.637400 0.255500
vt 0.610500 0.262900
vt 0.603200 0.277600
vt 0.593900 0.294300
vt 0.580600 0.309400
vt 0.600800 0.315400
vt 0.616600 0.320700
vt 0.617000 0.247700
vt 0.602100 0.241200
vt 0.586800 0.247600
vt 0.580400 0.271000
vt 0.565500 0.295600
vt 0.566300 0.319900
vt 0.583300 0.315500
vt 0.592400 0.237000
vt 0.576700 0.269600
vt 0.562700 0.292500
vt 0.540900 0.323200
vt 0.550600 0.328600
vt 0.536500 0.339900
vt 0.517900 0.349700
vt 0.524500 0.353200
vt 0.515200 0.368500
vt 0.547600 0.307500
vt 0.536700 0.320200
vt 0.525200 0.333000
vt 0.513900 0.346300
vt 0.495800 0.380700
vt 0.509000 0.385300
vt 0.522500 0.312100
vt 0.510400 0.309400
vt 0.488400 0.312400
vt 0.485000 0.317500
vt 0.479300 0.320000
vt 0.475300 0.336600
vt 0.481400 0.356100
vt 0.491100 0.378000
vt 0.500500 0.303500
vt 0.488900 0.306100
vt 0.486100 0.300300
vt 0.491200 0.295900
vt 0.482200 0.376800
vt 0.477200 0.397500
vt 0.470000 0.417400
vt 0.493700 0.407300
vt 0.506400 0.402400
vt 0.508500 0.419600
vt 0.506900 0.442600
vt 0.514200 0.435500
vt 0.467200 0.413900
vt 0.455500 0.431500
vt 0.458500 0.434800
vt 0.443200 0.448300
vt 0.446800 0.451300
vt 0.483000 0.477400
vt 0.520800 0.456100
vt 0.525000 0.447200
vt 0.434300 0.467100
vt 0.453300 0.511600
vt 0.485500 0.509600
vt 0.501400 0.488200
vt 0.558500 0.467900
vt 0.539300 0.453100
vt 0.429900 0.463700
vt 0.416700 0.479000
vt 0.420600 0.483300
vt 0.441500 0.524500
vt 0.473200 0.528700
vt 0.488200 0.521400
vt 0.502500 0.518500
vt 0.519000 0.513600
vt 0.401800 0.492200
vt 0.384500 0.528600
vt 0.405100 0.561100
vt 0.426400 0.560000
vt 0.456400 0.537300
vt 0.373900 0.517700
vt 0.374100 0.547000
vt 0.385000 0.563600
vt 0.407500 0.575400
vt 0.383100 0.500100
vt 0.364200 0.507700
vt 0.354500 0.517700
vt 0.354200 0.547000
vt 0.364000 0.582500
vt 0.384600 0.582000
vt 0.383900 0.596900
vt 0.364200 0.501300
vt 0.345200 0.500200
vt 0.326600 0.492600
vt 0.343900 0.528800
vt 0.343200 0.563600
vt 0.343500 0.581900
vt 0.354000 0.595700
vt 0.373800 0.595800
vt 0.376500 0.622000
vt 0.382500 0.608600
vt 0.308000 0.483700
vt 0.286800 0.524700
vt 0.323100 0.561100
vt 0.320600 0.575300
vt 0.344000 0.596700
vt 0.311900 0.479500
vt 0.294600 0.467600
vt 0.275000 0.511700
vt 0.255000 0.528600
vt 0.271900 0.537400
vt 0.301800 0.560100
vt 0.299100 0.464200
vt 0.286200 0.448800
vt 0.282500 0.451700
vt 0.245900 0.477200
vt 0.242900 0.509300
vt 0.240000 0.521000
vt 0.225700 0.517900
vt 0.209200 0.512500
vt 0.211100 0.519400
vt 0.271300 0.435200
vt 0.222800 0.441800
vt 0.208700 0.455000
vt 0.227400 0.487500
vt 0.274400 0.432000
vt 0.260400 0.417700
vt 0.237100 0.406800
vt 0.221900 0.418600
vt 0.215700 0.434400
vt 0.204700 0.446000
vt 0.263300 0.414300
vt 0.254100 0.397900
vt 0.236500 0.380200
vt 0.223100 0.384100
vt 0.224700 0.401400
vt 0.241400 0.377700
vt 0.220600 0.345000
vt 0.216400 0.348300
vt 0.218000 0.367000
vt 0.250300 0.377000
vt 0.252500 0.356500
vt 0.259600 0.337300
vt 0.256400 0.320500
vt 0.250800 0.317700
vt 0.209900 0.331300
vt 0.194500 0.321200
vt 0.198400 0.337800
vt 0.209700 0.351400
vt 0.262900 0.320300
vt 0.268300 0.316800
vt 0.272000 0.320200
vt 0.184700 0.326400
vt 0.169200 0.317600
vt 0.170600 0.293400
vt 0.155100 0.306800
vt 0.152200 0.312900
vt 0.134500 0.312200
vt 0.116900 0.311500
vt 0.118400 0.316900
vt 0.106300 0.327900
vt 0.173500 0.290500
vt 0.162300 0.280500
vt 0.117500 0.297500
vt 0.097600 0.310700
vt 0.092900 0.343100
vt 0.100000 0.344200
vt 0.096800 0.360800
vt 0.188200 0.305500
vt 0.198800 0.318300
vt 0.213400 0.310600
vt 0.225700 0.308300
vt 0.247600 0.312400
vt 0.235900 0.302900
vt 0.247400 0.306000
vt 0.250400 0.300300
vt 0.245500 0.295700
vt 0.161300 0.267200
vt 0.150100 0.277900
vt 0.117100 0.287900
vt 0.106100 0.290500
vt 0.148100 0.270000
vt 0.143800 0.249100
vt 0.154700 0.244100
vt 0.151200 0.232600
vt 0.140800 0.234900
vt 0.103400 0.267500
vt 0.085400 0.274300
vt 0.039200 0.308800
vt 0.041000 0.368800
vt 0.087300 0.380000
vt 0.098800 0.378700
vt 0.080300 0.256400
vt 0.030200 0.269400
vt 0.017600 0.313000
vt 0.018300 0.369300
vt 0.038400 0.418500
vt 0.098000 0.250700
vt 0.109700 0.245500
vt 0.126100 0.280200
vt 0.009300 0.276300
vt 0.014500 0.421300
vt 0.036100 0.441000
vt 0.013700 0.465600
vt 0.034600 0.464000
vt 0.045100 0.638800
vt 0.024500 0.639900
vt 0.042000 0.725400
vt 0.088400 0.791700
vt 0.071500 0.802000
vt 0.110100 0.827100
vt 0.111000 0.872900
vt 0.130100 0.857500
vt 0.153800 0.886800
vt 0.160900 0.928900
vt 0.205700 0.940900
vt 0.199800 0.897000
vt 0.173200 0.870800
vt 0.149500 0.844000
vt 0.127300 0.815300
vt 0.207300 0.983100
vt 0.230100 0.969400
vt 0.104000 0.395300
vt 0.090600 0.399500
vt 0.099800 0.422700
vt 0.112200 0.412400
vt 0.116100 0.437300
vt 0.124500 0.426900
vt 0.131800 0.449200
vt 0.139000 0.437900
vt 0.068000 0.420500
vt 0.085300 0.475700
vt 0.140400 0.495300
vt 0.170900 0.466100
vt 0.155400 0.445700
vt 0.057600 0.470000
vt 0.077100 0.553800
vt 0.151900 0.556700
vt 0.172600 0.538700
vt 0.195200 0.518600
vt 0.056100 0.595900
vt 0.065900 0.636300
vt 0.133500 0.583500
vt 0.168600 0.558000
vt 0.177100 0.543200
vt 0.197800 0.523700
vt 0.106600 0.783700
vt 0.170700 0.666900
vt 0.146900 0.640500
vt 0.161300 0.620100
vt 0.159900 0.590500
vt 0.151800 0.799000
vt 0.172600 0.779000
vt 0.187300 0.676700
vt 0.191000 0.667500
vt 0.183200 0.656600
vt 0.168700 0.643000
vt 0.175700 0.823400
vt 0.199100 0.799900
vt 0.219100 0.775400
vt 0.232100 0.722600
vt 0.211500 0.674400
vt 0.203900 0.660600
vt 0.199600 0.847700
vt 0.224500 0.821900
vt 0.246500 0.795100
vt 0.259400 0.762500
vt 0.264700 0.731200
vt 0.248800 0.665900
vt 0.215300 0.658500
vt 0.224600 0.872200
vt 0.250100 0.844000
vt 0.273500 0.810800
vt 0.289000 0.774300
vt 0.273200 0.665100
vt 0.247100 0.658600
vt 0.242700 0.654100
vt 0.226400 0.922800
vt 0.253800 0.895600
vt 0.277000 0.863600
vt 0.328700 0.841100
vt 0.345100 0.794100
vt 0.341200 0.658800
vt 0.253400 0.949300
vt 0.282200 0.917400
vt 0.308100 0.880300
vt 0.362700 0.680600
vt 0.384600 0.659400
vt 0.363200 0.636800
vt 0.342600 0.638000
vt 0.326500 0.646500
vt 0.290500 0.654800
vt 0.397500 0.683300
vt 0.452300 0.666800
vt 0.435100 0.656300
vt 0.399500 0.647500
vt 0.383700 0.638500
vt 0.378500 0.794700
vt 0.406000 0.786000
vt 0.464600 0.764300
vt 0.476600 0.668000
vt 0.482900 0.656300
vt 0.436900 0.648200
vt 0.412300 0.645100
vt 0.423100 0.828300
vt 0.449800 0.812500
vt 0.498600 0.824300
vt 0.524300 0.802600
vt 0.514500 0.670900
vt 0.510100 0.661100
vt 0.394200 0.842000
vt 0.414300 0.881500
vt 0.445600 0.865200
vt 0.472700 0.846000
vt 0.523200 0.850300
vt 0.547400 0.826400
vt 0.571600 0.802300
vt 0.497900 0.874500
vt 0.549300 0.873800
vt 0.573300 0.847300
vt 0.595900 0.818900
vt 0.617000 0.787600
vt 0.554500 0.669800
vt 0.521400 0.663300
vt 0.632500 0.713000
vt 0.659700 0.640800
vt 0.578600 0.643600
vt 0.550300 0.653900
vt 0.532100 0.662700
vt 0.671800 0.475000
vt 0.614100 0.440600
vt 0.588200 0.498000
vt 0.592900 0.586600
vt 0.564500 0.622900
vt 0.662900 0.425200
vt 0.631000 0.426400
vt 0.618900 0.415700
vt 0.606100 0.429900
vt 0.598100 0.452000
vt 0.641100 0.403600
vt 0.627900 0.398900
vt 0.633700 0.382500
vt 0.591200 0.440500
vt 0.574500 0.447900
vt 0.532900 0.520000
vt 0.554900 0.540800
vt 0.556900 0.452800
vt 0.530200 0.525000
vt 0.550300 0.545200
vt 0.558500 0.560100
vt 0.566400 0.593100
vt 0.516900 0.520300
vt 0.401600 0.642800
vt 0.392900 0.638700
vt 0.386700 0.629600
vt 0.350500 0.621700
vt 0.340000 0.629000
vt 0.333400 0.637900
vt 0.324500 0.641800
vt 0.313700 0.643900
vt 0.288900 0.646700
vt 0.265800 0.649800
vt 0.345000 0.608200
vt 0.172800 0.450900
vt 0.190300 0.451600
vt 0.473000 0.319400
vt 0.467700 0.315700
vt 0.463900 0.318900
vt 0.650200 0.874600
vt 0.632300 0.880200
vt 0.632300 0.874600
vt 0.650200 0.880200
vt 0.632300 0.885700
vt 0.650200 0.885700
vt 0.656200 0.880200
vt 0.656200 0.874600
vt 0.665100 0.874600
vt 0.665100 0.880200
vt 0.665100 0.885700
vt 0.659100 0.891200
vt 0.665100 0.891200
vt 0.665100 0.896700
vt 0.653200 0.896700
vt 0.653200 0.902200
vt 0.665100 0.902200
vt 0.650200 0.891200
vt 0.632300 0.896700
vt 0.632300 0.902200
vt 0.632300 0.907700
vt 0.656200 0.907700
vt 0.665100 0.907700
vt 0.632300 0.891200
vt 0.650200 0.918800
vt 0.632300 0.918800
vt 0.650200 0.913300
vt 0.632300 0.913300
vt 0.659100 0.913300
vt 0.665100 0.913300
vt 0.656200 0.918800
vt 0.665100 0.918800
vt 0.690000 0.216300
vt 0.666800 0.216300
vt 0.666800 0.210800
vt 0.684200 0.210800
vt 0.695800 0.210800
vt 0.701600 0.216300
vt 0.701600 0.210800
vt 0.721900 0.210800
vt 0.721900 0.216300
vt 0.707400 0.221900
vt 0.721900 0.221900
vt 0.695800 0.221900
vt 0.684200 0.221900
vt 0.666800 0.221900
vt 0.666800 0.227400
vt 0.684200 0.227400
vt 0.701600 0.227400
vt 0.721900 0.227400
vt 0.690000 0.232900
vt 0.701600 0.232900
vt 0.721900 0.232900
vt 0.701600 0.238400
vt 0.721900 0.238400
vt 0.701600 0.243900
vt 0.721900 0.243900
vt 0.701600 0.249400
vt 0.721900 0.249400
vt 0.690000 0.238400
vt 0.695800 0.243900
vt 0.690000 0.249400
vt 0.695800 0.255000
vt 0.701600 0.255000
vt 0.721900 0.255000
vt 0.666800 0.232900
vt 0.666800 0.238400
vt 0.684200 0.255000
vt 0.684200 0.249400
vt 0.666800 0.255000
vt 0.666800 0.249400
vt 0.684200 0.243900
vt 0.666800 0.243900
vt 0.197400 0.419000
vt 0.206600 0.416000
vt 0.206600 0.419000
vt 0.197400 0.416000
vt 0.188200 0.419000
vt 0.188200 0.416000
vt 0.179000 0.419000
vt 0.179000 0.416000
vt 0.169800 0.419000
vt 0.197400 0.372600
vt 0.188200 0.372600
vt 0.179000 0.372600
vt 0.169800 0.372600
vt 0.169800 0.416000
vt 0.160600 0.419000
vt 0.206600 0.372600
vt 0.160600 0.372600
vt 0.160600 0.416000
vt 0.151400 0.419000
vt 0.151400 0.416000
vt 0.142200 0.419000
vt 0.142200 0.416000
vt 0.133000 0.419000
vt 0.133000 0.416000
vt 0.151400 0.372600
vt 0.142200 0.372600
vt 0.133000 0.372600
vt 0.944000 0.687800
vt 0.950300 0.706000
vt 0.944000 0.706000
vt 0.944000 0.733400
vt 0.950300 0.724200
vt 0.950300 0.742500
vt 0.956700 0.733400
vt 0.956700 0.715100
vt 0.956700 0.696900
vt 0.950300 0.687800
vt 0.944000 0.678600
vt 0.944000 0.760700
vt 0.950300 0.769800
vt 0.956700 0.751600
vt 0.963000 0.742500
vt 0.963000 0.724200
vt 0.963000 0.706000
vt 0.944000 0.779000
vt 0.950300 0.788100
vt 0.956700 0.788100
vt 0.956700 0.769800
vt 0.963000 0.760700
vt 0.969300 0.760700
vt 0.969300 0.742500
vt 0.944000 0.797200
vt 0.950300 0.806300
vt 0.956700 0.806300
vt 0.963000 0.797200
vt 0.963000 0.779000
vt 0.969300 0.779000
vt 0.944000 0.815400
vt 0.950300 0.824600
vt 0.956700 0.833700
vt 0.963000 0.815400
vt 0.969300 0.815400
vt 0.969300 0.797200
vt 0.944000 0.833700
vt 0.950300 0.842800
vt 0.956700 0.851900
vt 0.963000 0.851900
vt 0.963000 0.833700
vt 0.969300 0.833700
vt 0.944000 0.842800
vt 0.950300 0.861000
vt 0.956700 0.888400
vt 0.963000 0.897500
vt 0.969300 0.888400
vt 0.969300 0.861000
vt 0.944000 0.879300
vt 0.950300 0.888400
vt 0.956700 0.906600
vt 0.963000 0.915800
vt 0.969300 0.906600
vt 0.975600 0.897500
vt 0.975600 0.879300
vt 0.944000 0.906600
vt 0.950300 0.906600
vt 0.956700 0.934000
vt 0.963000 0.934000
vt 0.969300 0.934000
vt 0.975600 0.934000
vt 0.975600 0.915800
vt 0.944000 0.924900
vt 0.950300 0.934000
vt 0.956700 0.952200
vt 0.963000 0.952200
vt 0.969300 0.952200
vt 0.975600 0.952200
vt 0.944000 0.943100
vt 0.950300 0.952200
vt 0.956700 0.970500
vt 0.963000 0.970500
vt 0.969300 0.983600
vt 0.975600 0.983600
vt 0.944000 0.970500
vt 0.950300 0.979600
vt 0.944000 0.979600
vt 0.950300 0.995900
vt 0.944000 0.995900
vt 0.956700 0.983600
vt 0.956700 0.995900
vt 0.975600 0.833700
vt 0.975600 0.815400
vt 0.975600 0.797200
vt 0.975600 0.779000
vt 0.981900 0.824600
vt 0.981900 0.806300
vt 0.981900 0.788100
vt 0.981900 0.769800
vt 0.975600 0.760700
vt 0.988300 0.815400
vt 0.988300 0.797200
vt 0.988300 0.779000
vt 0.988300 0.760700
vt 0.981900 0.751600
vt 0.975600 0.742500
vt 0.988300 0.833700
vt 0.994600 0.815400
vt 0.994600 0.797200
vt 0.994600 0.779000
vt 0.981900 0.842800
vt 0.988300 0.851900
vt 0.994600 0.842800
vt 0.994600 0.833700
vt 0.981900 0.897500
vt 0.988300 0.888400
vt 0.994600 0.879300
vt 0.981900 0.915800
vt 0.988300 0.906600
vt 0.994600 0.906600
vt 0.981900 0.934000
vt 0.988300 0.934000
vt 0.994600 0.924900
vt 0.981900 0.952200
vt 0.988300 0.952200
vt 0.994600 0.943100
vt 0.981900 0.983600
vt 0.988300 0.970500
vt 0.994600 0.970500
vt 0.981900 0.995900
vt 0.988300 0.995900
vt 0.988300 0.983600
vt 0.994600 0.979600
vt 0.975600 0.995900
vt 0.969300 0.995900
vt 0.963000 0.983600
vt 0.963000 0.995900
vt 0.994600 0.995900
vt 0.994600 0.760700
vt 0.994600 0.733400
vt 0.988300 0.733400
vt 0.981900 0.724200
vt 0.975600 0.715100
vt 0.981900 0.706000
vt 0.988300 0.715100
vt 0.988300 0.687800
vt 0.981900 0.678600
vt 0.975600 0.696900
vt 0.994600 0.706000
vt 0.994600 0.687800
vt 0.994600 0.678600
vt 0.988300 0.669500
vt 0.981900 0.660400
vt 0.975600 0.669500
vt 0.994600 0.660400
vt 0.988300 0.651300
vt 0.981900 0.642200
vt 0.975600 0.651300
vt 0.994600 0.642200
vt 0.988300 0.623900
vt 0.981900 0.614800
vt 0.975600 0.633000
vt 0.969300 0.633000
vt 0.969300 0.651300
vt 0.994600 0.623900
vt 0.994600 0.605700
vt 0.988300 0.596600
vt 0.981900 0.596600
vt 0.994600 0.587400
vt 0.988300 0.578300
vt 0.981900 0.569200
vt 0.975600 0.578300
vt 0.975600 0.605700
vt 0.994600 0.569200
vt 0.988300 0.560100
vt 0.981900 0.551000
vt 0.975600 0.560100
vt 0.969300 0.560100
vt 0.969300 0.578300
vt 0.969300 0.605700
vt 0.994600 0.541800
vt 0.988300 0.541800
vt 0.981900 0.532700
vt 0.975600 0.541800
vt 0.969300 0.541800
vt 0.963000 0.541800
vt 0.963000 0.560100
vt 0.988300 0.510500
vt 0.981900 0.510500
vt 0.975600 0.510500
vt 0.969300 0.510500
vt 0.963000 0.510500
vt 0.994600 0.510500
vt 0.988300 0.498200
vt 0.981900 0.498200
vt 0.975600 0.498200
vt 0.969300 0.498200
vt 0.963000 0.498200
vt 0.994600 0.498200
vt 0.956700 0.498200
vt 0.956700 0.510500
vt 0.956700 0.541800
vt 0.956700 0.560100
vt 0.963000 0.578300
vt 0.950300 0.498200
vt 0.950300 0.510500
vt 0.950300 0.541800
vt 0.950300 0.560100
vt 0.956700 0.578300
vt 0.963000 0.605700
vt 0.944000 0.498200
vt 0.944000 0.510500
vt 0.944000 0.541800
vt 0.944000 0.569200
vt 0.950300 0.578300
vt 0.956700 0.605700
vt 0.963000 0.633000
vt 0.944000 0.587400
vt 0.950300 0.605700
vt 0.956700 0.623900
vt 0.956700 0.642200
vt 0.963000 0.651300
vt 0.944000 0.605700
vt 0.950300 0.623900
vt 0.950300 0.651300
vt 0.956700 0.660400
vt 0.963000 0.669500
vt 0.969300 0.669500
vt 0.944000 0.623900
vt 0.944000 0.642200
vt 0.944000 0.660400
vt 0.950300 0.669500
vt 0.956700 0.678600
vt 0.963000 0.687800
vt 0.969300 0.687800
vt 0.969300 0.706000
vt 0.969300 0.724200
vt 0.786500 0.293600
vt 0.779800 0.306300
vt 0.779800 0.293600
vt 0.786500 0.318900
vt 0.801800 0.293600
vt 0.801800 0.318900
vt 0.806900 0.318900
vt 0.806900 0.293600
vt 0.815600 0.318900
vt 0.815600 0.293600
vt 0.779800 0.331300
vt 0.786500 0.331300
vt 0.801800 0.356300
vt 0.806900 0.343700
vt 0.815600 0.343700
vt 0.786500 0.356300
vt 0.801800 0.380300
vt 0.806900 0.368400
vt 0.779800 0.356300
vt 0.786500 0.380300
vt 0.786500 0.392600
vt 0.801800 0.404600
vt 0.806900 0.392600
vt 0.779800 0.380300
vt 0.779800 0.404600
vt 0.786500 0.416700
vt 0.806900 0.416700
vt 0.779800 0.416700
vt 0.779800 0.428600
vt 0.786500 0.440600
vt 0.801800 0.440600
vt 0.806900 0.440600
vt 0.815600 0.416700
vt 0.815600 0.392600
vt 0.779800 0.440600
vt 0.779800 0.452600
vt 0.786500 0.464500
vt 0.806900 0.464500
vt 0.815600 0.464500
vt 0.815600 0.440600
vt 0.779800 0.464500
vt 0.779800 0.476700
vt 0.786500 0.488800
vt 0.801800 0.476700
vt 0.806900 0.488800
vt 0.801800 0.501100
vt 0.806900 0.513100
vt 0.801800 0.525300
vt 0.806900 0.537900
vt 0.779800 0.501100
vt 0.786500 0.501100
vt 0.779800 0.525300
vt 0.786500 0.525300
vt 0.786500 0.550300
vt 0.801800 0.562800
vt 0.806900 0.562800
vt 0.815600 0.537900
vt 0.779800 0.550300
vt 0.786500 0.562800
vt 0.801800 0.588200
vt 0.806900 0.588200
vt 0.815600 0.562800
vt 0.779800 0.575500
vt 0.786500 0.588200
vt 0.779800 0.588200
vt 0.815600 0.588200
vt 0.815600 0.513100
vt 0.815600 0.488800
vt 0.815600 0.368400
vt 0.823000 0.588200
vt 0.823000 0.562800
vt 0.823000 0.537900
vt 0.823000 0.513100
vt 0.823000 0.488800
vt 0.823000 0.464500
vt 0.823000 0.440600
vt 0.823000 0.416700
vt 0.823000 0.392600
vt 0.823000 0.368400
vt 0.823000 0.343700
vt 0.823000 0.318900
vt 0.823000 0.293600
vt 0.748100 0.738200
vt 0.748100 0.722200
vt 0.750700 0.722200
vt 0.748100 0.754800
vt 0.748100 0.771800
vt 0.748100 0.789000
vt 0.748100 0.806200
vt 0.748100 0.823400
vt 0.748100 0.840700
vt 0.748100 0.857900
vt 0.748100 0.875200
vt 0.750700 0.857900
vt 0.750700 0.840700
vt 0.755400 0.840700
vt 0.750700 0.823400
vt 0.755400 0.823400
vt 0.750700 0.806200
vt 0.748100 0.892500
vt 0.748100 0.909800
vt 0.748100 0.927100
vt 0.750700 0.927100
vt 0.748100 0.944300
vt 0.750700 0.944300
vt 0.748100 0.961500
vt 0.750700 0.961500
vt 0.750700 0.978400
vt 0.748100 0.978400
vt 0.748100 0.995100
vt 0.750700 0.995100
vt 0.755400 0.722200
vt 0.750700 0.738200
vt 0.755400 0.738200
vt 0.783500 0.722200
vt 0.783500 0.738200
vt 0.755400 0.754800
vt 0.783500 0.754800
vt 0.755400 0.771800
vt 0.783500 0.771800
vt 0.750700 0.754800
vt 0.750700 0.771800
vt 0.750700 0.789000
vt 0.755400 0.789000
vt 0.783500 0.789000
vt 0.783500 0.806200
vt 0.755400 0.806200
vt 0.783500 0.823400
vt 0.783500 0.840700
vt 0.755400 0.857900
vt 0.783500 0.857900
vt 0.755400 0.875200
vt 0.783500 0.875200
vt 0.783500 0.892500
vt 0.750700 0.875200
vt 0.750700 0.892500
vt 0.755400 0.892500
vt 0.755400 0.909800
vt 0.783500 0.909800
vt 0.783500 0.927100
vt 0.755400 0.927100
vt 0.783500 0.944300
vt 0.750700 0.909800
vt 0.755400 0.961500
vt 0.783500 0.961500
vt 0.755400 0.978400
vt 0.783500 0.978400
vt 0.755400 0.995100
vt 0.783500 0.995100
vt 0.832300 0.616700
vt 0.835200 0.600300
vt 0.831000 0.633200
vt 0.831300 0.649700
vt 0.832100 0.666200
vt 0.833000 0.682700
vt 0.832900 0.699200
vt 0.833400 0.715700
vt 0.834700 0.732100
vt 0.837700 0.748600
vt 0.840700 0.765000
vt 0.843100 0.781400
vt 0.841200 0.797700
vt 0.836100 0.814200
vt 0.830400 0.830600
vt 0.826500 0.847100
vt 0.824100 0.863600
vt 0.823800 0.880400
vt 0.826600 0.897200
vt 0.830800 0.913500
vt 0.836300 0.930100
vt 0.840000 0.946500
vt 0.842500 0.963200
vt 0.839300 0.979400
vt 0.832500 0.995200
vt 0.861900 0.980100
vt 0.859300 0.996400
vt 0.862800 0.963600
vt 0.862100 0.947100
vt 0.860900 0.930600
vt 0.859600 0.914200
vt 0.859400 0.897700
vt 0.858700 0.881200
vt 0.857100 0.864700
vt 0.854000 0.848200
vt 0.850800 0.831700
vt 0.848500 0.815300
vt 0.850400 0.798900
vt 0.855500 0.782400
vt 0.861400 0.765900
vt 0.865600 0.749500
vt 0.868200 0.733000
vt 0.868700 0.716100
vt 0.866100 0.699300
vt 0.862100 0.682900
vt 0.856700 0.666300
vt 0.853200 0.649900
vt 0.850800 0.633200
vt 0.854000 0.617000
vt 0.860900 0.601300
vt 0.401800 0.896700
vt 0.378000 0.890900
vt 0.385500 0.879200
vt 0.360700 0.871800
vt 0.343200 0.890800
vt 0.360400 0.919100
vt 0.393500 0.919700
vt 0.408600 0.927100
vt 0.405700 0.932000
vt 0.409100 0.988400
vt 0.399400 0.990700
vt 0.335800 0.878900
vt 0.319300 0.896300
vt 0.327400 0.919300
vt 0.343700 0.947700
vt 0.376900 0.947900
vt 0.373200 0.965100
vt 0.347300 0.965000
vt 0.320800 0.990300
vt 0.312200 0.926700
vt 0.315000 0.931600
vt 0.311200 0.987900
vt 0.907900 0.975600
vt 0.907900 0.996400
vt 0.903200 0.996400
vt 0.903200 0.975600
vt 0.903200 0.954900
vt 0.907900 0.954900
vt 0.907900 0.934100
vt 0.903200 0.934100
vt 0.903200 0.913200
vt 0.932400 0.975600
vt 0.932400 0.954900
vt 0.932400 0.934100
vt 0.932400 0.913200
vt 0.907900 0.913200
vt 0.907900 0.892800
vt 0.903200 0.892800
vt 0.932400 0.996400
vt 0.937600 0.996400
vt 0.937600 0.975600
vt 0.937600 0.954900
vt 0.937600 0.934100
vt 0.937600 0.913200
vt 0.932400 0.892800
vt 0.937600 0.892800
vt 0.937600 0.871900
vt 0.932400 0.871900
vt 0.903200 0.871900
vt 0.937600 0.851100
vt 0.932400 0.851100
vt 0.907900 0.851100
vt 0.903200 0.851100
vt 0.907900 0.830300
vt 0.903200 0.830300
vt 0.903200 0.809400
vt 0.932400 0.830300
vt 0.907900 0.809400
vt 0.907900 0.788500
vt 0.903200 0.788500
vt 0.903200 0.767500
vt 0.907900 0.767500
vt 0.903200 0.746900
vt 0.937600 0.830300
vt 0.932400 0.809400
vt 0.932400 0.788500
vt 0.932400 0.767500
vt 0.907900 0.746900
vt 0.907900 0.726300
vt 0.903200 0.726300
vt 0.937600 0.809400
vt 0.937600 0.788500
vt 0.937600 0.767500
vt 0.937600 0.746900
vt 0.932400 0.746900
vt 0.932400 0.726300
vt 0.907900 0.705300
vt 0.903200 0.705300
vt 0.903200 0.684400
vt 0.937600 0.726300
vt 0.937600 0.705300
vt 0.932400 0.705300
vt 0.907900 0.684400
vt 0.907900 0.663500
vt 0.903200 0.663500
vt 0.903200 0.642700
vt 0.907900 0.642700
vt 0.903200 0.621900
vt 0.932400 0.684400
vt 0.932400 0.663500
vt 0.932400 0.642700
vt 0.932400 0.621900
vt 0.907900 0.601000
vt 0.903200 0.601000
vt 0.903200 0.580600
vt 0.937600 0.684400
vt 0.937600 0.663500
vt 0.937600 0.642700
vt 0.937600 0.621900
vt 0.932400 0.601000
vt 0.932400 0.580600
vt 0.907900 0.580600
vt 0.907900 0.559700
vt 0.903200 0.559700
vt 0.903200 0.538900
vt 0.937600 0.601000
vt 0.937600 0.580600
vt 0.937600 0.559700
vt 0.932400 0.559700
vt 0.932400 0.538900
vt 0.907900 0.538900
vt 0.907900 0.518200
vt 0.903200 0.518200
vt 0.903200 0.497400
vt 0.907900 0.497400
vt 0.937600 0.538900
vt 0.937600 0.518200
vt 0.932400 0.518200
vt 0.937600 0.497400
vt 0.932400 0.497400
vt 0.477900 0.626200
vt 0.494100 0.593300
vt 0.491700 0.629900
vt 0.505900 0.628000
vt 0.518300 0.620900
vt 0.527000 0.609500
vt 0.530700 0.595700
vt 0.528900 0.581500
vt 0.521700 0.569100
vt 0.510400 0.560400
vt 0.496500 0.556700
vt 0.482300 0.558600
vt 0.470000 0.565700
vt 0.461200 0.577100
vt 0.457500 0.590900
vt 0.459400 0.605100
vt 0.466600 0.617500
vt 0.263400 0.548300
vt 0.232400 0.605100
vt 0.236700 0.536400
vt 0.207700 0.539400
vt 0.184000 0.556400
vt 0.172000 0.583100
vt 0.175000 0.612200
vt 0.192100 0.635900
vt 0.218800 0.647800
vt 0.233600 0.648200
vt 0.260800 0.637800
vt 0.279300 0.615100
vt 0.283500 0.601000
vt 0.280500 0.572000
vt 0.537900 0.629500
vt 0.537800 0.613200
vt 0.550400 0.603100
vt 0.542300 0.595200
vt 0.548300 0.574000
vt 0.539800 0.576900
vt 0.530600 0.560900
vt 0.532000 0.549800
vt 0.515800 0.549800
vt 0.505600 0.537300
vt 0.498000 0.545500
vt 0.490800 0.536800
vt 0.479900 0.549000
vt 0.463700 0.547600
vt 0.464200 0.558800
vt 0.452900 0.557500
vt 0.453000 0.573700
vt 0.440200 0.583700
vt 0.448300 0.591500
vt 0.439300 0.598400
vt 0.450700 0.609800
vt 0.448800 0.625900
vt 0.460000 0.625700
vt 0.458700 0.636900
vt 0.474900 0.636600
vt 0.485100 0.649200
vt 0.492800 0.640800
vt 0.499800 0.649700
vt 0.511100 0.637900
vt 0.527200 0.639400
vt 0.526800 0.628200
vt 1.066500 0.888400
vt 1.081400 0.859400
vt 1.052900 0.853200
vt 1.058900 0.888200
vt 1.017600 0.871700
vt 1.048100 0.893800
vt 1.027400 0.911100
vt 1.011800 0.913500
vt 1.072700 0.894300
vt 1.102500 0.881800
vt 1.079500 0.912600
vt 1.115000 0.903800
vt 1.083600 0.925000
vt 1.087800 0.937400
vt 1.126900 0.918400
vt 1.117800 0.950400
vt 1.092900 0.950800
vt 1.094500 0.961400
vt 1.112500 0.971600
vt 1.091400 0.969400
vt 1.087100 0.985200
vt 1.087700 0.971700
vt 1.154300 0.940700
vt 1.127900 0.961200
vt 1.075000 0.974800
vt 1.047900 0.971200
vt 1.057600 0.994200
vt 1.032600 0.982400
vt 1.033500 0.962300
vt 1.016400 0.966700
vt 1.024600 0.952300
vt 1.008400 0.942100
vt 1.021400 0.946800
vt 1.019300 0.940500
vt 1.019500 0.926700
vt 0.781100 0.069600
vt 0.817100 0.018900
vt 0.827800 0.020600
vt 0.827900 0.069500
vt 0.820300 0.097700
vt 0.813100 0.107100
vt 0.803700 0.114300
vt 0.792800 0.118700
vt 0.781100 0.120300
vt 0.745100 0.018900
vt 0.734500 0.020600
vt 0.734300 0.069500
vt 0.742000 0.097700
vt 0.749200 0.107100
vt 0.758500 0.114300
vt 0.769400 0.118700
vt 0.087100 0.985200
vt 0.075000 0.974800
vt 0.087700 0.971700
vt 0.112500 0.971600
vt 0.093800 0.965600
vt 0.094200 0.956500
vt 0.117800 0.950400
vt 0.087800 0.937400
vt 0.047900 0.971200
vt 0.057600 0.994200
vt 0.032600 0.982400
vt 0.033500 0.962300
vt 0.016400 0.966700
vt 0.024600 0.952300
vt 0.008400 0.942100
vt 0.021400 0.946800
vt 0.019300 0.940500
vt 0.011800 0.913500
vt 0.019500 0.926700
vt 0.027400 0.911100
vt 0.017600 0.871700
vt 0.040900 0.898500
vt 0.058900 0.888200
vt 0.052900 0.853200
vt 0.066500 0.888400
vt 0.081400 0.859400
vt 0.069700 0.890800
vt 0.102500 0.881800
vt 0.075100 0.898800
vt 0.079500 0.912600
vt 0.115000 0.903800
vt 0.083600 0.925000
vt 0.126900 0.918400
vt 0.154300 0.940700
vt 0.127900 0.961200
vt 0.273600 0.158300
vt 0.266700 0.165100
vt 0.266700 0.155400
vt 0.259900 0.158300
vt 0.257000 0.165100
vt 0.259900 0.172000
vt 0.266700 0.174900
vt 0.273600 0.172000
vt 0.276500 0.165100
vt 0.230300 0.189300
vt 0.238800 0.197800
vt 0.230300 0.201300
vt 0.221800 0.197800
vt 0.218200 0.189300
vt 0.221800 0.180800
vt 0.230300 0.177300
vt 0.238800 0.180800
vt 0.242300 0.189300
vt 0.264300 0.192700
vt 0.271100 0.199600
vt 0.264300 0.202400
vt 0.257400 0.199600
vt 0.254600 0.192700
vt 0.257400 0.185800
vt 0.264300 0.183000
vt 0.271100 0.185800
vt 0.274000 0.192700
s 1
usemtl act\gasmask\gasmask_gp7vm
f 1/1/1 3/2/2 2/3/3
f 3/4/2 4/5/4 2/6/3
f 5/7/5 6/8/6 4/5/4
f 7/9/7 9/10/8 8/11/9
f 10/12/10 5/7/5 8/11/9
f 11/13/11 13/14/12 12/15/13
f 14/16/14 11/13/11 12/15/13
f 15/17/15 11/13/11 14/16/14
f 15/17/15 14/16/14 16/18/16
f 16/18/16 14/16/14 17/19/17
f 18/20/18 16/18/16 17/19/17
f 18/20/18 17/19/17 19/21/19
f 20/22/20 18/20/18 19/21/19
f 20/22/20 19/21/19 21/23/21
f 15/17/15 22/24/22 11/13/11
f 22/24/22 15/17/15 16/18/16
f 22/24/22 16/18/16 18/20/18
f 18/20/18 20/22/20 22/24/22
f 22/24/22 20/22/20 23/25/23
f 23/25/23 20/22/20 21/23/21
f 23/25/23 21/23/21 24/26/24
f 22/24/22 23/25/23 24/26/24
f 22/24/22 24/26/24 25/27/25
f 26/28/26 22/24/22 25/27/25
f 26/28/26 25/27/25 27/29/27
f 22/24/22 13/30/12 11/13/11
f 22/24/22 28/31/28 13/30/12
f 28/31/28 22/24/22 29/32/20
f 29/32/20 22/24/22 30/33/20
f 30/33/20 22/24/22 26/28/26
f 30/33/20 26/28/26 27/29/27
f 30/33/20 27/29/27 31/34/29
f 31/34/29 29/32/20 30/33/20
f 32/35/30 29/32/20 31/34/29
f 28/31/28 29/32/20 32/35/30
f 32/35/30 33/36/31 28/31/28
f 28/31/28 33/36/31 13/14/12
f 34/37/32 36/38/33 35/39/34
f 37/40/35 36/38/33 34/37/32
f 36/38/33 37/40/35 38/41/36
f 38/41/36 39/42/37 36/38/33
f 40/43/38 39/42/37 38/41/36
f 39/42/37 40/43/38 41/44/39
f 41/44/39 42/45/40 39/42/37
f 42/45/40 41/44/39 43/46/41
f 42/45/40 43/46/41 44/47/42
f 42/45/40 44/47/42 45/48/43
f 46/49/44 45/48/43 44/47/42
f 47/50/45 45/48/43 46/49/44
f 47/50/45 48/51/46 45/48/43
f 49/52/47 48/51/46 47/50/45
f 48/51/46 49/52/47 50/53/48
f 51/54/49 48/51/46 50/53/48
f 52/55/50 51/54/49 50/53/48
f 51/54/49 52/55/50 34/56/32
f 51/54/49 34/56/32 35/57/34
f 53/58/51 55/59/52 54/60/53
f 54/60/53 56/61/54 53/58/51
f 57/62/55 56/61/54 54/60/53
f 57/62/55 54/60/53 58/63/56
f 59/64/57 58/63/56 54/60/53
f 54/60/53 60/65/58 59/64/57
f 56/61/54 57/62/55 61/66/59
f 57/62/55 62/67/60 61/66/59
f 62/67/60 57/62/55 63/68/61
f 57/62/55 64/69/62 63/68/61
f 64/69/62 57/62/55 65/70/63
f 65/70/63 57/62/55 66/71/64
f 57/62/55 67/72/65 66/71/64
f 57/62/55 68/73/66 67/72/65
f 57/62/55 69/74/67 68/73/66
f 57/62/55 58/63/56 69/74/67
f 69/74/67 58/63/56 70/75/68
f 71/76/69 69/74/67 70/75/68
f 67/72/65 72/77/70 66/71/64
f 67/72/65 73/78/71 72/77/70
f 68/73/66 69/74/67 74/79/72
f 75/80/73 74/79/72 69/74/67
f 67/72/65 68/73/66 76/81/74
f 77/82/75 67/72/65 76/81/74
f 78/83/76 80/84/77 79/85/78
f 81/86/79 80/84/77 78/83/76
f 78/83/76 82/87/80 81/86/79
f 83/88/81 81/86/79 82/87/80
f 84/89/82 83/88/81 82/87/80
f 84/89/82 82/87/80 85/90/83
f 80/84/77 81/86/79 86/91/84
f 83/88/81 84/89/82 87/92/85
f 88/93/86 90/94/87 89/95/88
f 91/96/89 90/94/87 88/93/86
f 91/96/89 88/93/86 92/97/90
f 93/98/91 92/97/90 88/93/86
f 92/97/90 93/98/91 94/99/92
f 94/99/92 93/98/91 95/100/93
f 93/98/91 96/101/94 95/100/93
f 96/101/94 93/98/91 88/102/86
f 97/103/95 90/94/87 91/96/89
f 97/103/95 91/96/89 98/104/96
f 98/104/96 91/96/89 99/105/97
f 91/96/89 92/97/90 99/105/97
f 99/105/97 92/97/90 100/106/98
f 92/97/90 101/107/99 100/106/98
f 101/107/99 92/97/90 94/99/92
f 102/108/100 97/103/95 98/104/96
f 102/108/100 98/104/96 103/109/101
f 104/110/102 102/108/100 103/109/101
f 104/110/102 103/109/101 105/111/103
f 104/110/102 105/111/103 106/112/104
f 107/113/105 106/112/104 105/111/103
f 97/103/95 102/108/100 108/114/106
f 102/108/100 109/115/107 108/114/106
f 102/108/100 104/110/102 109/115/107
f 109/115/107 104/110/102 106/112/104
f 109/115/107 106/112/104 110/116/108
f 106/112/104 111/117/109 110/116/108
f 111/117/109 106/112/104 107/113/105
f 112/118/110 111/117/109 107/113/105
f 112/118/110 107/113/105 113/119/111
f 97/103/95 108/114/106 90/94/87
f 114/120/112 90/94/87 108/114/106
f 109/115/107 114/120/112 108/114/106
f 115/121/113 114/120/112 109/115/107
f 109/115/107 110/116/108 115/121/113
f 110/116/108 116/122/114 115/121/113
f 116/122/114 110/116/108 111/117/109
f 116/122/114 111/117/109 112/118/110
f 116/122/114 112/118/110 117/123/115
f 112/118/110 118/124/116 117/123/115
f 119/125/117 118/124/116 112/118/110
f 119/125/117 112/118/110 113/119/111
f 119/125/117 113/119/111 120/126/118
f 90/94/87 114/120/112 89/95/88
f 89/95/88 114/120/112 121/127/119
f 114/120/112 122/128/120 121/127/119
f 114/120/112 123/129/121 122/128/120
f 114/120/112 115/121/113 123/129/121
f 115/121/113 124/130/122 123/129/121
f 115/121/113 125/131/123 124/130/122
f 115/121/113 116/122/114 125/131/123
f 116/122/114 117/123/115 125/131/123
f 89/95/88 121/127/119 126/132/124
f 89/95/88 126/132/124 127/133/125
f 89/95/88 127/133/125 88/102/86
f 88/102/86 127/133/125 128/134/126
f 88/102/86 128/134/126 96/101/94
f 96/101/94 128/134/126 129/135/127
f 96/101/94 129/135/127 95/100/93
f 124/130/122 125/131/123 130/136/128
f 130/136/128 125/131/123 131/137/129
f 131/137/129 125/131/123 132/138/130
f 125/131/123 117/123/115 132/138/130
f 117/123/115 133/139/131 132/138/130
f 117/123/115 118/124/116 133/139/131
f 118/124/116 134/140/132 133/139/131
f 135/141/133 134/140/132 118/124/116
f 119/125/117 135/141/133 118/124/116
f 132/138/130 136/142/134 131/137/129
f 133/139/131 136/142/134 132/138/130
f 133/139/131 137/143/135 136/142/134
f 134/140/132 137/143/135 133/139/131
f 137/143/135 134/140/132 138/144/136
f 134/140/132 139/145/137 138/144/136
f 135/141/133 139/145/137 134/140/132
f 135/141/133 140/146/138 139/145/137
f 141/147/139 140/146/138 135/141/133
f 141/147/139 135/141/133 119/125/117
f 141/147/139 119/125/117 142/148/140
f 142/148/140 119/125/117 120/126/118
f 139/145/137 143/149/141 138/144/136
f 139/145/137 144/150/142 143/149/141
f 140/146/138 144/150/142 139/145/137
f 140/146/138 145/151/143 144/150/142
f 145/151/143 140/146/138 146/152/144
f 140/146/138 141/147/139 146/152/144
f 146/152/144 141/147/139 142/148/140
f 143/149/141 144/150/142 147/153/145
f 147/153/145 144/150/142 148/154/146
f 144/150/142 145/151/143 148/154/146
f 145/151/143 149/155/147 148/154/146
f 148/154/146 149/155/147 150/156/148
f 150/156/148 149/155/147 151/157/149
f 147/153/145 148/154/146 150/156/148
f 151/157/149 152/158/150 150/156/148
f 151/157/149 153/159/151 152/158/150
f 151/157/149 154/160/152 153/159/151
f 155/161/153 154/160/152 151/157/149
f 155/161/153 156/162/154 154/160/152
f 155/161/153 157/163/155 156/162/154
f 155/161/153 158/164/156 157/163/155
f 151/165/149 158/164/156 155/161/153
f 159/166/157 158/164/156 151/165/149
f 160/167/158 159/166/157 151/165/149
f 149/168/147 160/167/158 151/165/149
f 157/163/155 161/169/159 156/162/154
f 162/170/160 161/169/159 157/163/155
f 161/169/159 162/170/160 163/171/161
f 162/170/160 164/172/162 163/171/161
f 162/170/160 165/173/163 164/172/162
f 166/174/164 165/173/163 162/170/160
f 157/175/155 166/174/164 162/170/160
f 167/176/165 166/174/164 157/175/155
f 167/176/165 157/175/155 159/166/157
f 158/164/156 159/166/157 157/175/155
f 164/172/162 168/177/166 163/171/161
f 168/177/166 164/172/162 169/178/167
f 169/178/167 164/172/162 95/179/93
f 164/172/162 94/180/92 95/179/93
f 165/173/163 94/180/92 164/172/162
f 165/173/163 101/181/99 94/180/92
f 165/173/163 170/182/168 101/181/99
f 166/174/164 170/182/168 165/173/163
f 170/182/168 166/174/164 171/183/169
f 171/183/169 166/174/164 167/176/165
f 171/183/169 167/176/165 172/184/170
f 167/176/165 159/166/157 172/184/170
f 169/178/167 95/179/93 129/185/127
f 160/167/158 172/184/170 159/166/157
f 170/182/168 171/183/169 173/186/171
f 100/187/98 170/182/168 173/186/171
f 101/181/99 170/182/168 100/187/98
f 149/168/147 174/188/172 160/167/158
f 145/151/143 174/188/172 149/168/147
f 174/188/172 145/151/143 175/189/173
f 145/151/143 146/152/144 175/189/173
f 173/186/171 176/190/174 100/187/98
f 177/191/175 176/190/174 173/186/171
f 177/191/175 173/186/171 171/183/169
f 177/191/175 171/183/169 178/192/176
f 179/193/177 178/192/176 171/183/169
f 179/193/177 171/183/169 172/184/170
f 179/193/177 172/184/170 180/194/178
f 180/194/178 172/184/170 160/167/158
f 176/190/174 177/191/175 181/195/179
f 182/196/180 181/195/179 177/191/175
f 182/196/180 177/191/175 178/192/176
f 182/196/180 178/192/176 183/197/181
f 178/192/176 179/193/177 183/197/181
f 179/193/177 184/198/182 183/197/181
f 179/193/177 180/194/178 184/198/182
f 176/190/174 181/195/179 185/199/183
f 180/194/178 186/200/184 184/198/182
f 180/194/178 187/201/185 186/200/184
f 188/202/186 187/201/185 180/194/178
f 160/167/158 188/202/186 180/194/178
f 174/188/172 188/202/186 160/167/158
f 175/189/173 188/202/186 174/188/172
f 189/203/187 188/202/186 175/189/173
f 146/152/144 189/203/187 175/189/173
f 146/152/144 190/204/188 189/203/187
f 142/148/140 190/204/188 146/152/144
f 189/203/187 187/201/185 188/202/186
f 189/203/187 191/205/189 187/201/185
f 190/204/188 191/205/189 189/203/187
f 192/206/190 191/205/189 190/204/188
f 193/207/191 192/206/190 190/204/188
f 142/148/140 193/207/191 190/204/188
f 142/148/140 120/126/118 193/207/191
f 194/208/192 193/207/191 120/126/118
f 194/208/192 120/126/118 113/119/111
f 195/209/193 194/208/192 113/119/111
f 107/113/105 195/209/193 113/119/111
f 192/206/190 193/207/191 196/210/194
f 194/208/192 196/210/194 193/207/191
f 196/210/194 194/208/192 197/211/195
f 194/208/192 198/212/196 197/211/195
f 195/209/193 198/212/196 194/208/192
f 198/212/196 195/209/193 199/213/197
f 200/214/198 199/213/197 195/209/193
f 107/113/105 200/214/198 195/209/193
f 105/111/103 200/214/198 107/113/105
f 105/111/103 201/215/199 200/214/198
f 201/215/199 105/111/103 103/109/101
f 202/216/200 201/215/199 103/109/101
f 202/216/200 103/109/101 98/104/96
f 200/214/198 203/217/201 199/213/197
f 200/214/198 204/218/202 203/217/201
f 201/215/199 204/218/202 200/214/198
f 204/218/202 201/215/199 202/216/200
f 205/219/203 204/218/202 202/216/200
f 205/219/203 202/216/200 206/220/204
f 206/220/204 202/216/200 207/221/205
f 207/221/205 202/216/200 208/222/206
f 202/216/200 98/104/96 208/222/206
f 208/222/206 98/104/96 99/105/97
f 209/223/207 208/222/206 99/105/97
f 209/223/207 99/105/97 100/106/98
f 209/223/207 100/106/98 176/224/174
f 185/225/183 209/223/207 176/224/174
f 210/226/208 209/223/207 185/225/183
f 209/223/207 207/221/205 208/222/206
f 207/221/205 209/223/207 210/226/208
f 211/227/209 213/228/210 212/229/211
f 213/228/210 211/227/209 214/230/212
f 215/231/213 214/230/212 211/227/209
f 214/230/212 215/231/213 216/232/214
f 216/232/214 215/231/213 217/233/215
f 218/234/216 216/232/214 217/233/215
f 219/235/217 218/234/216 217/233/215
f 213/228/210 214/230/212 220/236/218
f 220/236/218 214/230/212 221/237/219
f 221/237/219 214/230/212 216/232/214
f 216/232/214 218/234/216 221/237/219
f 221/237/219 218/234/216 222/238/220
f 222/238/220 218/234/216 223/239/221
f 223/239/221 218/234/216 219/235/217
f 224/240/222 223/239/221 219/235/217
f 223/239/221 224/240/222 225/241/223
f 213/228/210 220/236/218 226/242/224
f 222/238/220 223/239/221 227/243/225
f 228/244/226 227/243/225 223/239/221
f 225/241/223 228/244/226 223/239/221
f 228/244/226 225/241/223 229/245/227
f 230/246/228 229/245/227 225/241/223
f 230/246/228 231/247/229 229/245/227
f 231/247/229 230/246/228 232/248/230
f 232/248/230 233/249/231 231/247/229
f 234/250/232 233/249/231 232/248/230
f 228/244/226 235/251/233 227/243/225
f 228/244/226 236/252/234 235/251/233
f 228/244/226 229/245/227 236/252/234
f 229/245/227 237/253/235 236/252/234
f 231/247/229 237/253/235 229/245/227
f 231/247/229 238/254/236 237/253/235
f 233/249/231 238/254/236 231/247/229
f 239/255/237 238/254/236 233/249/231
f 240/256/238 239/255/237 233/249/231
f 240/256/238 233/249/231 234/250/232
f 240/256/238 234/250/232 241/257/239
f 242/258/240 240/256/238 241/257/239
f 243/259/241 240/256/238 242/258/240
f 243/259/241 242/258/240 244/260/242
f 244/260/242 245/261/243 243/259/241
f 246/262/244 245/261/243 244/260/242
f 239/255/237 240/256/238 247/263/245
f 240/256/238 243/259/241 247/263/245
f 243/259/241 248/264/246 247/263/245
f 245/261/243 248/264/246 243/259/241
f 245/261/243 249/265/247 248/264/246
f 245/261/243 250/266/248 249/265/247
f 250/266/248 245/261/243 251/267/249
f 252/268/250 251/267/249 245/261/243
f 252/268/250 245/261/243 246/262/244
f 250/266/248 253/269/251 249/265/247
f 250/266/248 254/270/252 253/269/251
f 250/266/248 251/267/249 254/270/252
f 254/270/252 251/267/249 255/271/253
f 254/270/252 255/271/253 256/272/254
f 254/270/252 256/272/254 257/273/255
f 258/274/256 257/273/255 256/272/254
f 259/275/257 249/265/247 253/269/251
f 259/275/257 253/269/251 260/276/258
f 261/277/259 260/276/258 253/269/251
f 262/278/260 260/276/258 261/277/259
f 263/279/261 262/278/260 261/277/259
f 263/279/261 261/277/259 264/280/262
f 265/281/263 263/279/261 264/280/262
f 265/281/263 264/280/262 226/282/224
f 266/283/264 259/275/257 260/276/258
f 266/283/264 260/276/258 267/284/265
f 260/276/258 262/278/260 267/284/265
f 267/284/265 262/278/260 268/285/266
f 268/285/266 262/278/260 263/279/261
f 268/285/266 263/279/261 269/286/267
f 269/286/267 263/279/261 265/281/263
f 266/283/264 270/287/268 259/275/257
f 270/287/268 266/283/264 271/288/269
f 271/288/269 266/283/264 272/289/270
f 273/290/271 272/289/270 266/283/264
f 273/290/271 266/283/264 274/291/272
f 267/284/265 274/291/272 266/283/264
f 274/291/272 267/284/265 268/285/266
f 275/292/273 274/291/272 268/285/266
f 259/275/257 270/287/268 249/265/247
f 270/287/268 248/264/246 249/265/247
f 248/264/246 270/287/268 276/293/274
f 276/293/274 270/287/268 271/288/269
f 277/294/275 276/293/274 271/288/269
f 276/293/274 277/294/275 278/295/276
f 278/295/276 277/294/275 279/296/277
f 248/264/246 276/293/274 278/295/276
f 248/264/246 278/295/276 247/263/245
f 278/295/276 280/297/278 247/263/245
f 281/298/279 280/297/278 278/295/276
f 281/298/279 278/295/276 279/296/277
f 281/298/279 279/296/277 282/299/280
f 282/299/280 279/296/277 283/300/281
f 279/296/277 277/301/275 283/300/281
f 247/263/245 280/297/278 239/255/237
f 280/297/278 238/254/236 239/255/237
f 280/297/278 284/302/282 238/254/236
f 285/303/283 284/302/282 280/297/278
f 285/303/283 280/297/278 281/298/279
f 285/303/283 281/298/279 286/304/284
f 286/304/284 281/298/279 282/299/280
f 287/305/285 286/304/284 282/299/280
f 287/305/285 282/299/280 288/306/286
f 282/299/280 289/307/287 288/306/286
f 289/307/287 282/299/280 283/300/281
f 277/301/275 289/307/287 283/300/281
f 284/302/282 237/253/235 238/254/236
f 284/302/282 290/308/288 237/253/235
f 284/302/282 291/309/289 290/308/288
f 291/309/289 284/302/282 285/303/283
f 291/309/289 285/303/283 286/304/284
f 291/309/289 286/304/284 292/310/290
f 292/310/290 286/304/284 293/311/291
f 293/311/291 286/304/284 287/305/285
f 290/308/288 236/252/234 237/253/235
f 290/308/288 294/312/292 236/252/234
f 295/313/293 294/312/292 290/308/288
f 290/308/288 291/309/289 295/313/293
f 291/309/289 292/310/290 295/313/293
f 296/314/294 295/313/293 292/310/290
f 296/314/294 292/310/290 297/315/295
f 297/315/295 292/310/290 293/311/291
f 294/312/292 235/251/233 236/252/234
f 235/251/233 294/312/292 298/316/296
f 235/251/233 298/316/296 227/243/225
f 227/243/225 298/316/296 299/317/297
f 300/318/298 227/243/225 299/317/297
f 301/319/299 300/318/298 299/317/297
f 301/319/299 299/317/297 302/320/300
f 222/238/220 227/243/225 300/318/298
f 300/318/298 303/321/301 222/238/220
f 304/322/302 303/321/301 300/318/298
f 300/318/298 301/319/299 304/322/302
f 303/321/301 221/237/219 222/238/220
f 305/323/303 221/237/219 303/321/301
f 305/323/303 303/321/301 304/322/302
f 305/323/303 304/322/302 306/324/304
f 307/325/305 305/323/303 306/324/304
f 307/325/305 306/324/304 308/326/306
f 308/326/306 306/324/304 309/327/307
f 309/327/307 306/324/304 310/328/308
f 310/328/308 306/324/304 304/329/302
f 311/330/309 221/237/219 305/323/303
f 311/330/309 305/323/303 307/325/305
f 311/330/309 307/325/305 312/331/310
f 312/331/310 307/325/305 313/332/311
f 313/332/311 307/325/305 308/326/306
f 313/332/311 308/326/306 314/333/312
f 308/326/306 315/334/313 314/333/312
f 308/326/306 316/335/314 315/334/313
f 316/335/314 308/326/306 309/327/307
f 221/237/219 311/330/309 220/236/218
f 311/330/309 226/242/224 220/236/218
f 311/330/309 312/331/310 226/242/224
f 314/333/312 315/334/313 317/336/315
f 269/286/267 275/292/273 268/285/266
f 310/328/308 304/329/302 318/337/316
f 304/329/302 302/320/300 318/337/316
f 301/319/299 302/320/300 304/329/302
f 302/320/300 319/338/317 318/337/316
f 319/338/317 302/320/300 299/339/297
f 319/338/317 299/339/297 320/340/318
f 320/340/318 299/339/297 321/341/319
f 321/341/319 299/339/297 322/342/320
f 298/343/296 322/342/320 299/339/297
f 298/343/296 323/344/321 322/342/320
f 298/343/296 294/312/292 323/344/321
f 294/312/292 296/314/294 323/344/321
f 294/312/292 295/313/293 296/314/294
f 323/344/321 324/345/322 322/342/320
f 296/314/294 324/345/322 323/344/321
f 296/314/294 297/315/295 324/345/322
f 289/307/287 277/301/275 325/346/323
f 277/301/275 326/347/324 325/346/323
f 277/301/275 272/289/270 326/347/324
f 277/301/275 271/288/269 272/289/270
f 265/281/263 327/348/325 269/286/267
f 327/348/325 265/281/263 313/349/311
f 265/281/263 312/350/310 313/349/311
f 312/350/310 265/281/263 226/282/224
f 327/348/325 313/349/311 314/351/312
f 328/352/326 327/348/325 314/351/312
f 317/353/315 328/352/326 314/351/312
f 329/354/327 328/352/326 317/353/315
f 329/354/327 269/355/267 328/352/326
f 330/356/328 269/355/267 329/354/327
f 275/292/273 269/355/267 330/356/328
f 331/357/329 275/292/273 330/356/328
f 327/348/325 328/352/326 269/355/267
f 275/292/273 331/357/329 332/358/330
f 274/291/272 275/292/273 332/358/330
f 333/359/331 274/291/272 332/358/330
f 334/360/332 274/291/272 333/359/331
f 334/360/332 273/290/271 274/291/272
f 273/290/271 334/360/332 272/289/270
f 272/289/270 334/360/332 335/361/333
f 326/347/324 272/289/270 335/361/333
f 253/269/251 254/270/252 261/277/259
f 261/277/259 254/270/252 257/273/255
f 261/277/259 257/273/255 264/280/262
f 257/273/255 336/362/334 264/280/262
f 336/362/334 257/273/255 258/274/256
f 336/362/334 258/274/256 212/363/211
f 336/362/334 212/363/211 213/364/210
f 226/282/224 336/362/334 213/364/210
f 264/280/262 336/362/334 226/282/224
f 80/365/77 337/366/335 79/367/78
f 80/365/77 338/368/336 337/366/335
f 80/365/77 86/369/84 338/368/336
f 339/370/337 338/368/336 86/369/84
f 338/368/336 339/370/337 340/371/338
f 338/368/336 340/371/338 341/372/339
f 341/372/339 340/371/338 342/373/340
f 342/373/340 340/371/338 343/374/341
f 337/366/335 338/368/336 344/375/342
f 338/368/336 341/372/339 344/375/342
f 341/372/339 345/376/343 344/375/342
f 345/376/343 341/372/339 342/373/340
f 342/373/340 346/377/344 345/376/343
f 342/373/340 347/378/345 346/377/344
f 342/373/340 343/374/341 347/378/345
f 348/379/346 347/378/345 343/374/341
f 347/378/345 348/379/346 349/380/347
f 349/380/347 348/379/346 350/381/348
f 350/381/348 351/382/349 349/380/347
f 351/382/349 350/381/348 352/383/350
f 346/377/344 347/378/345 353/384/351
f 353/384/351 347/378/345 354/385/352
f 347/378/345 349/380/347 354/385/352
f 349/380/347 355/386/353 354/385/352
f 355/386/353 349/380/347 356/387/354
f 349/380/347 351/382/349 356/387/354
f 356/387/354 351/382/349 357/388/355
f 358/389/356 357/388/355 351/382/349
f 352/383/350 358/389/356 351/382/349
f 352/383/350 359/390/357 358/389/356
f 360/391/358 359/390/357 352/383/350
f 360/391/358 87/392/85 359/390/357
f 359/390/357 87/392/85 84/393/82
f 359/390/357 84/393/82 361/394/359
f 361/394/359 84/393/82 85/395/83
f 357/388/355 358/389/356 362/396/360
f 358/389/356 359/390/357 362/396/360
f 359/390/357 361/394/359 362/396/360
f 363/397/361 365/398/362 364/399/363
f 363/397/361 366/400/364 365/398/362
f 367/401/365 366/400/364 363/397/361
f 368/402/366 366/400/364 367/401/365
f 368/402/366 367/401/365 369/403/367
f 368/402/366 369/403/367 370/404/368
f 371/405/369 368/402/366 370/404/368
f 366/400/364 372/406/370 365/398/362
f 366/400/364 373/407/371 372/406/370
f 368/402/366 373/407/371 366/400/364
f 374/408/372 373/407/371 368/402/366
f 374/408/372 368/402/366 371/405/369
f 375/409/373 374/408/372 371/405/369
f 375/409/373 376/410/374 374/408/372
f 375/409/373 377/411/375 376/410/374
f 373/407/371 378/412/376 372/406/370
f 373/407/371 379/413/377 378/412/376
f 374/408/372 379/413/377 373/407/371
f 376/410/374 379/413/377 374/408/372
f 376/410/374 380/414/378 379/413/377
f 380/414/378 376/410/374 381/415/379
f 376/410/374 377/411/375 381/415/379
f 377/411/375 382/416/380 381/415/379
f 382/416/380 377/411/375 383/417/381
f 384/418/382 382/416/380 383/417/381
f 379/413/377 385/419/383 378/412/376
f 379/413/377 380/414/378 385/419/383
f 380/414/378 386/420/384 385/419/383
f 380/414/378 387/421/385 386/420/384
f 380/414/378 381/415/379 387/421/385
f 382/416/380 387/421/385 381/415/379
f 382/416/380 388/422/386 387/421/385
f 389/423/387 388/422/386 382/416/380
f 389/423/387 382/416/380 384/418/382
f 390/424/388 389/423/387 384/418/382
f 390/424/388 384/418/382 391/425/389
f 392/426/390 390/424/388 391/425/389
f 387/421/385 393/427/391 386/420/384
f 387/421/385 388/422/386 393/427/391
f 388/422/386 394/428/392 393/427/391
f 388/422/386 395/429/393 394/428/392
f 388/422/386 389/423/387 395/429/393
f 395/429/393 389/423/387 390/424/388
f 390/424/388 396/430/394 395/429/393
f 397/431/395 396/430/394 390/424/388
f 397/431/395 390/424/388 392/426/390
f 398/432/396 397/431/395 392/426/390
f 398/432/396 399/433/397 397/431/395
f 399/433/397 398/432/396 400/434/398
f 400/434/398 398/432/396 401/435/399
f 395/429/393 402/436/400 394/428/392
f 395/429/393 396/430/394 402/436/400
f 396/430/394 403/437/401 402/436/400
f 396/430/394 404/438/402 403/437/401
f 397/431/395 404/438/402 396/430/394
f 399/433/397 404/438/402 397/431/395
f 399/433/397 405/439/403 404/438/402
f 400/434/398 405/439/403 399/433/397
f 406/440/404 405/439/403 400/434/398
f 407/441/405 406/440/404 400/434/398
f 407/441/405 400/434/398 408/442/406
f 408/442/406 400/434/398 401/435/399
f 404/438/402 409/443/407 403/437/401
f 404/438/402 405/439/403 409/443/407
f 405/439/403 410/444/408 409/443/407
f 405/439/403 406/440/404 410/444/408
f 406/440/404 411/445/409 410/444/408
f 406/440/404 412/446/410 411/445/409
f 407/441/405 412/446/410 406/440/404
f 412/446/410 407/441/405 413/447/411
f 407/441/405 408/442/406 413/447/411
f 408/442/406 414/448/412 413/447/411
f 414/448/412 415/449/413 413/447/411
f 413/447/411 415/449/413 416/450/414
f 416/450/414 415/449/413 417/451/415
f 415/449/413 418/452/416 417/451/415
f 412/446/410 419/453/417 411/445/409
f 412/446/410 420/454/418 419/453/417
f 412/446/410 413/447/411 420/454/418
f 420/454/418 413/447/411 416/450/414
f 416/450/414 421/455/419 420/454/418
f 421/455/419 416/450/414 417/451/415
f 421/455/419 417/451/415 422/456/420
f 422/456/420 417/451/415 423/457/421
f 417/451/415 424/458/422 423/457/421
f 418/452/416 424/458/422 417/451/415
f 420/454/418 425/459/423 419/453/417
f 420/454/418 421/455/419 425/459/423
f 421/455/419 426/460/424 425/459/423
f 421/455/419 422/456/420 426/460/424
f 422/456/420 364/461/363 426/460/424
f 422/456/420 363/462/361 364/461/363
f 422/456/420 423/457/421 363/462/361
f 363/462/361 423/457/421 367/463/365
f 423/457/421 369/464/367 367/463/365
f 423/457/421 424/458/422 369/464/367
f 427/465/425 429/466/426 428/467/427
f 430/468/428 429/466/426 427/465/425
f 431/469/429 429/466/426 430/468/428
f 432/470/430 429/466/426 431/469/429
f 431/469/429 433/471/431 432/470/430
f 432/470/430 433/471/431 434/472/432
f 435/473/433 437/474/434 436/475/435
f 435/473/433 438/476/436 437/474/434
f 435/473/433 439/477/437 438/476/436
f 440/478/438 439/477/437 435/473/433
f 440/478/438 441/479/439 439/477/437
f 442/480/440 441/479/439 440/478/438
f 437/474/434 438/476/436 427/481/425
f 427/481/425 438/476/436 430/482/428
f 439/477/437 430/482/428 438/476/436
f 439/477/437 431/483/429 430/482/428
f 439/477/437 441/479/439 431/483/429
f 431/483/429 441/479/439 433/484/431
f 433/484/431 441/479/439 434/485/432
f 443/486/441 434/485/432 441/479/439
f 442/480/440 443/486/441 441/479/439
f 442/480/440 444/487/442 443/486/441
f 444/487/442 442/480/440 445/488/443
f 445/488/443 446/489/444 444/487/442
f 447/490/445 446/489/444 445/488/443
f 443/486/441 444/487/442 434/485/432
f 444/487/442 17/491/17 434/485/432
f 444/487/442 19/492/19 17/491/17
f 446/489/444 19/492/19 444/487/442
f 19/492/19 446/489/444 21/493/21
f 21/493/21 446/489/444 448/494/446
f 448/494/446 446/489/444 447/490/445
f 448/494/446 447/490/445 449/495/447
f 449/495/447 447/490/445 450/496/448
f 434/485/432 17/491/17 14/497/14
f 434/485/432 14/497/14 451/498/449
f 451/498/449 14/497/14 12/499/13
f 434/485/432 451/498/449 452/500/450
f 434/485/432 452/500/450 432/501/430
f 21/493/21 448/494/446 24/502/24
f 24/502/24 448/494/446 449/495/447
f 453/503/451 24/502/24 449/495/447
f 450/496/448 453/503/451 449/495/447
f 454/504/452 453/503/451 450/496/448
f 455/505/453 454/504/452 450/496/448
f 456/506/454 454/504/452 455/505/453
f 456/506/454 455/505/453 436/507/435
f 456/506/454 436/507/435 437/508/434
f 427/509/425 456/506/454 437/508/434
f 24/502/24 453/503/451 25/510/25
f 454/504/452 25/510/25 453/503/451
f 454/504/452 27/511/27 25/510/25
f 27/511/27 454/504/452 31/512/29
f 31/512/29 454/504/452 456/506/454
f 31/512/29 456/506/454 427/509/425
f 31/512/29 427/509/425 32/513/30
f 3/2/2 458/514/455 457/515/456
f 3/2/2 1/1/1 458/514/455
f 458/514/455 1/1/1 459/516/457
f 1/1/1 460/517/458 459/516/457
f 461/518/459 459/516/457 460/517/458
f 462/519/460 461/518/459 460/517/458
f 460/517/458 463/520/461 462/519/460
f 460/517/458 7/9/7 463/520/461
f 463/520/461 7/9/7 464/521/462
f 7/9/7 465/522/463 464/521/462
f 7/9/7 8/11/9 465/522/463
f 465/522/463 8/11/9 466/523/464
f 8/11/9 467/524/465 466/523/464
f 8/11/9 5/7/5 467/524/465
f 467/524/465 5/7/5 468/525/466
f 5/7/5 469/526/467 468/525/466
f 5/7/5 4/5/4 469/526/467
f 469/526/467 4/5/4 470/527/468
f 4/5/4 471/528/469 470/527/468
f 4/5/4 3/4/2 471/528/469
f 471/528/469 3/4/2 457/529/456
f 1/1/1 472/530/470 460/517/458
f 472/530/470 473/531/471 460/517/458
f 473/531/471 7/9/7 460/517/458
f 474/532/472 476/533/473 475/534/474
f 474/532/472 477/535/475 476/533/473
f 474/532/472 478/536/476 477/535/475
f 477/535/475 478/536/476 479/537/477
f 480/538/478 479/537/477 478/536/476
f 480/538/478 481/539/479 479/537/477
f 39/540/37 42/541/40 45/542/43
f 39/540/37 45/542/43 36/543/33
f 36/543/33 45/542/43 35/544/34
f 45/542/43 51/545/49 35/544/34
f 48/546/46 51/545/49 45/542/43
f 481/539/479 482/547/480 479/537/477
f 482/547/480 481/539/479 483/548/481
f 481/539/479 484/549/482 483/548/481
f 484/549/482 485/550/483 483/548/481
f 485/550/483 484/549/482 486/551/484
f 485/550/483 486/551/484 487/552/485
f 487/552/485 486/551/484 488/553/486
f 488/553/486 489/554/487 487/552/485
f 488/553/486 490/555/488 489/554/487
f 490/555/488 491/556/489 489/554/487
f 490/555/488 492/557/490 491/556/489
f 491/556/489 492/557/490 493/558/491
f 492/557/490 494/559/492 493/558/491
f 494/559/492 495/560/493 493/558/491
f 496/561/494 495/560/493 494/559/492
f 495/560/493 496/561/494 497/562/495
f 497/562/495 496/561/494 498/563/496
f 497/562/495 498/563/496 499/564/497
f 500/565/498 499/564/497 498/563/496
f 500/565/498 475/566/474 499/564/497
f 499/564/497 475/566/474 476/567/473
f 501/568/499 503/569/500 502/570/501
f 503/569/500 504/571/502 502/570/501
f 504/571/502 503/569/500 505/572/503
f 504/571/502 505/572/503 506/573/504
f 505/572/503 507/574/505 506/573/504
f 505/572/503 508/575/506 507/574/505
f 507/574/505 508/575/506 509/576/507
f 510/577/508 507/574/505 509/576/507
f 509/576/507 511/578/509 510/577/508
f 511/578/509 512/579/510 510/577/508
f 511/578/509 513/580/511 512/579/510
f 511/578/509 514/581/512 513/580/511
f 514/581/512 515/582/513 513/580/511
f 514/581/512 516/583/514 515/582/513
f 515/582/513 516/583/514 517/584/515
f 518/585/516 517/584/515 516/583/514
f 517/584/515 518/585/516 519/586/517
f 519/586/517 520/587/518 517/584/515
f 519/586/517 521/588/519 520/587/518
f 520/587/518 521/588/519 522/589/520
f 521/588/519 523/590/521 522/589/520
f 523/590/521 524/591/522 522/589/520
f 524/591/522 523/590/521 525/592/523
f 525/592/523 523/590/521 526/593/524
f 525/592/523 526/593/524 527/594/525
f 527/594/525 528/595/526 525/592/523
f 527/594/525 529/596/527 528/595/526
f 527/594/525 530/597/528 529/596/527
f 530/597/528 502/598/501 529/596/527
f 530/597/528 501/599/499 502/598/501
f 455/600/453 435/601/433 436/602/435
f 440/603/438 435/601/433 455/600/453
f 455/600/453 442/604/440 440/603/438
f 445/605/443 442/604/440 455/600/453
f 455/600/453 447/606/445 445/605/443
f 450/607/448 447/606/445 455/600/453
f 531/608/529 533/609/530 532/610/531
f 531/608/529 534/611/532 533/609/530
f 531/608/529 535/612/533 534/611/532
f 531/608/529 536/613/534 535/612/533
f 537/614/535 536/613/534 531/608/529
f 537/614/535 531/608/529 532/610/531
f 537/614/535 532/610/531 538/615/536
f 539/616/537 537/614/535 538/615/536
f 539/616/537 538/615/536 540/617/538
f 534/611/532 535/612/533 541/618/539
f 541/618/539 535/612/533 542/619/540
f 541/618/539 542/619/540 543/620/541
f 543/620/541 544/621/542 541/618/539
f 545/622/543 544/621/542 543/620/541
f 545/622/543 546/623/544 544/621/542
f 545/622/543 547/624/545 546/623/544
f 547/624/545 548/625/546 546/623/544
f 548/625/546 547/624/545 549/626/547
f 548/625/546 549/626/547 550/627/548
f 551/628/549 550/627/548 549/626/547
f 551/628/549 552/629/550 550/627/548
f 552/629/550 551/628/549 553/630/551
f 553/630/551 554/631/552 552/629/550
f 553/630/551 555/632/553 554/631/552
f 554/631/552 555/632/553 556/633/554
f 554/631/552 556/633/554 557/634/555
f 558/635/556 557/634/555 556/633/554
f 558/635/556 559/636/557 557/634/555
f 558/635/556 560/637/558 559/636/557
f 560/637/558 558/635/556 556/633/554
f 560/637/558 556/633/554 561/638/559
f 555/632/553 561/638/559 556/633/554
f 557/634/555 559/636/557 562/639/560
f 559/636/557 560/637/558 563/640/561
f 564/641/562 563/640/561 560/637/558
f 565/642/563 564/641/562 560/637/558
f 565/642/563 560/637/558 561/638/559
f 565/642/563 561/638/559 566/643/564
f 561/638/559 567/644/565 566/643/564
f 567/644/565 561/638/559 568/645/566
f 561/638/559 569/646/567 568/645/566
f 561/638/559 555/632/553 569/646/567
f 563/640/561 564/641/562 33/647/31
f 564/641/562 570/648/568 33/647/31
f 564/641/562 571/649/569 570/648/568
f 564/641/562 565/642/563 571/649/569
f 572/650/570 571/649/569 565/642/563
f 573/651/571 572/650/570 565/642/563
f 573/651/571 565/642/563 574/652/572
f 574/652/572 565/642/563 575/653/573
f 575/653/573 565/642/563 566/643/564
f 33/647/31 570/648/568 13/654/12
f 13/654/12 570/648/568 12/655/13
f 570/648/568 576/656/574 12/655/13
f 571/649/569 576/656/574 570/648/568
f 571/649/569 577/657/575 576/656/574
f 571/649/569 572/650/570 577/657/575
f 572/650/570 573/651/571 577/657/575
f 577/657/575 573/651/571 578/658/576
f 579/659/577 578/658/576 573/651/571
f 573/651/571 580/660/578 579/659/577
f 580/660/578 573/651/571 574/652/572
f 12/655/13 576/656/574 581/661/579
f 576/656/574 577/657/575 582/662/580
f 577/657/575 583/663/581 582/662/580
f 577/657/575 578/658/576 583/663/581
f 578/658/576 584/664/582 583/663/581
f 578/658/576 579/659/577 584/664/582
f 585/665/583 584/664/582 579/659/577
f 586/666/584 584/664/582 585/665/583
f 586/666/584 587/667/585 584/664/582
f 588/668/586 587/667/585 586/666/584
f 587/667/585 588/668/586 589/669/587
f 583/663/581 584/664/582 590/670/588
f 591/671/589 590/670/588 584/664/582
f 592/672/590 591/671/589 584/664/582
f 584/664/582 593/673/591 592/672/590
f 587/667/585 593/673/591 584/664/582
f 594/674/592 593/673/591 587/667/585
f 589/669/587 594/674/592 587/667/585
f 595/675/593 594/674/592 589/669/587
f 591/671/589 596/676/594 590/670/588
f 591/671/589 592/672/590 596/676/594
f 592/672/590 597/677/595 596/676/594
f 592/672/590 38/678/36 597/677/595
f 592/672/590 40/679/38 38/678/36
f 593/673/591 40/679/38 592/672/590
f 40/679/38 593/673/591 41/680/39
f 41/680/39 593/673/591 598/681/596
f 593/673/591 599/682/597 598/681/596
f 599/682/597 593/673/591 600/683/598
f 594/674/592 600/683/598 593/673/591
f 597/677/595 38/678/36 601/684/599
f 37/685/35 601/684/599 38/678/36
f 601/684/599 37/685/35 34/686/32
f 601/684/599 34/686/32 602/687/600
f 599/682/597 600/683/598 603/688/601
f 600/683/598 604/689/602 603/688/601
f 600/683/598 594/674/592 604/689/602
f 594/674/592 605/690/603 604/689/602
f 594/674/592 595/675/593 605/690/603
f 606/691/604 605/690/603 595/675/593
f 606/691/604 595/675/593 607/692/605
f 608/693/606 606/691/604 607/692/605
f 609/694/607 606/691/604 608/693/606
f 609/694/607 608/693/606 610/695/608
f 604/689/602 605/690/603 611/696/609
f 605/690/603 612/697/610 611/696/609
f 605/690/603 613/698/611 612/697/610
f 605/690/603 609/694/607 613/698/611
f 609/694/607 605/690/603 606/691/604
f 613/698/611 614/699/612 612/697/610
f 615/700/613 614/699/612 613/698/611
f 616/701/614 615/700/613 613/698/611
f 613/698/611 609/694/607 616/701/614
f 617/702/615 616/701/614 609/694/607
f 617/702/615 609/694/607 618/703/616
f 618/703/616 609/694/607 610/695/608
f 615/700/613 619/704/617 614/699/612
f 616/701/614 619/704/617 615/700/613
f 620/705/618 619/704/617 616/701/614
f 620/705/618 616/701/614 621/706/619
f 621/706/619 616/701/614 622/707/620
f 616/701/614 617/702/615 622/707/620
f 622/707/620 617/702/615 623/708/621
f 624/709/622 623/708/621 617/702/615
f 624/709/622 617/702/615 618/703/616
f 619/704/617 625/710/623 614/699/612
f 625/710/623 619/704/617 626/711/624
f 627/712/625 626/711/624 619/704/617
f 620/705/618 627/712/625 619/704/617
f 627/712/625 620/705/618 628/713/626
f 620/705/618 156/714/154 628/713/626
f 620/705/618 621/706/619 156/714/154
f 621/706/619 154/715/152 156/714/154
f 154/715/152 621/706/619 153/716/151
f 621/706/619 629/717/627 153/716/151
f 622/707/620 629/717/627 621/706/619
f 622/707/620 623/708/621 629/717/627
f 627/712/625 630/718/628 626/711/624
f 627/712/625 631/719/629 630/718/628
f 628/713/626 631/719/629 627/712/625
f 631/719/629 628/713/626 632/720/630
f 628/713/626 163/721/161 632/720/630
f 628/713/626 161/722/159 163/721/161
f 161/722/159 628/713/626 156/714/154
f 631/719/629 633/723/631 630/718/628
f 633/723/631 631/719/629 634/724/632
f 631/719/629 635/725/633 634/724/632
f 635/725/633 631/719/629 632/720/630
f 168/726/166 635/725/633 632/720/630
f 168/726/166 632/720/630 163/721/161
f 630/718/628 633/723/631 636/727/634
f 636/727/634 633/723/631 637/728/635
f 633/723/631 638/729/636 637/728/635
f 634/724/632 638/729/636 633/723/631
f 639/730/637 638/729/636 634/724/632
f 639/730/637 634/724/632 640/731/638
f 634/724/632 641/732/639 640/731/638
f 641/732/639 634/724/632 635/725/633
f 641/732/639 635/725/633 168/726/166
f 641/732/639 168/726/166 169/733/167
f 637/728/635 642/734/640 636/727/634
f 642/734/640 637/728/635 643/735/641
f 638/729/636 643/735/641 637/728/635
f 638/729/636 644/736/642 643/735/641
f 638/729/636 645/737/643 644/736/642
f 645/737/643 638/729/636 639/730/637
f 646/738/644 645/737/643 639/730/637
f 646/738/644 639/730/637 647/739/645
f 639/730/637 640/731/638 647/739/645
f 647/739/645 640/731/638 648/740/646
f 648/740/646 640/731/638 649/741/647
f 640/731/638 641/732/639 649/741/647
f 641/732/639 169/733/167 649/741/647
f 650/742/648 649/741/647 169/733/167
f 650/742/648 169/733/167 129/743/127
f 645/737/643 651/744/649 644/736/642
f 645/737/643 652/745/650 651/744/649
f 652/745/650 645/737/643 653/746/651
f 645/737/643 646/738/644 653/746/651
f 646/738/644 316/747/314 653/746/651
f 646/738/644 647/739/645 316/747/314
f 316/747/314 647/739/645 315/748/313
f 315/748/313 647/739/645 648/740/646
f 644/736/642 651/744/649 654/749/652
f 654/749/652 651/744/649 655/750/653
f 651/744/649 656/751/654 655/750/653
f 656/751/654 651/744/649 652/745/650
f 318/752/316 656/751/654 652/745/650
f 652/745/650 310/753/308 318/752/316
f 310/753/308 652/745/650 309/754/307
f 309/754/307 652/745/650 653/746/651
f 653/746/651 316/747/314 309/754/307
f 655/750/653 657/755/655 654/749/652
f 657/755/655 655/750/653 658/756/656
f 655/750/653 659/757/657 658/756/656
f 655/750/653 660/758/658 659/757/657
f 655/750/653 656/751/654 660/758/658
f 660/758/658 656/751/654 661/759/659
f 661/759/659 656/751/654 318/752/316
f 319/760/317 661/759/659 318/752/316
f 661/759/659 319/760/317 320/761/318
f 662/762/660 661/759/659 320/761/318
f 321/763/319 662/762/660 320/761/318
f 658/756/656 659/757/657 663/764/661
f 659/757/657 660/758/658 663/764/661
f 663/764/661 660/758/658 664/765/662
f 660/758/658 665/766/663 664/765/662
f 665/766/663 660/758/658 666/767/664
f 660/758/658 661/759/659 666/767/664
f 662/762/660 666/767/664 661/759/659
f 658/756/656 663/764/661 667/768/665
f 663/764/661 668/769/666 667/768/665
f 664/765/662 668/769/666 663/764/661
f 668/769/666 664/765/662 669/770/667
f 669/770/667 664/765/662 670/771/668
f 670/771/668 664/765/662 671/772/669
f 664/765/662 672/773/670 671/772/669
f 664/765/662 665/766/663 672/773/670
f 667/768/665 668/769/666 673/774/671
f 668/769/666 674/775/672 673/774/671
f 668/769/666 675/776/673 674/775/672
f 676/777/674 675/776/673 668/769/666
f 668/769/666 669/770/667 676/777/674
f 676/777/674 669/770/667 677/778/675
f 669/770/667 670/771/668 677/778/675
f 675/776/673 678/779/676 674/775/672
f 675/776/673 679/780/677 678/779/676
f 679/780/677 675/776/673 680/781/678
f 675/776/673 681/782/679 680/781/678
f 675/776/673 676/777/674 681/782/679
f 674/775/672 678/779/676 682/783/680
f 678/779/676 683/784/681 682/783/680
f 679/780/677 683/784/681 678/779/676
f 683/784/681 679/780/677 684/785/682
f 679/780/677 47/786/45 684/785/682
f 679/780/677 49/787/47 47/786/45
f 49/787/47 679/780/677 685/788/683
f 679/780/677 686/789/684 685/788/683
f 679/780/677 680/781/678 686/789/684
f 680/781/678 687/790/685 686/789/684
f 680/781/678 688/791/686 687/790/685
f 688/791/686 680/781/678 681/782/679
f 684/785/682 47/786/45 46/792/44
f 684/785/682 46/792/44 44/793/42
f 684/785/682 44/793/42 689/794/687
f 686/789/684 687/790/685 690/795/688
f 686/789/684 690/795/688 691/796/689
f 691/796/689 692/797/690 686/789/684
f 692/797/690 691/796/689 693/798/691
f 693/798/691 691/796/689 694/799/692
f 695/800/693 693/798/691 694/799/692
f 696/801/694 693/798/691 695/800/693
f 696/801/694 695/800/693 697/802/695
f 696/801/694 697/802/695 698/803/696
f 692/797/690 699/804/697 686/789/684
f 699/804/697 692/797/690 700/805/698
f 692/797/690 693/798/691 700/805/698
f 696/801/694 700/805/698 693/798/691
f 700/805/698 696/801/694 701/806/699
f 701/806/699 696/801/694 702/807/700
f 703/808/701 702/807/700 696/801/694
f 703/808/701 696/801/694 698/803/696
f 704/809/702 703/808/701 698/803/696
f 703/808/701 704/809/702 705/810/703
f 686/789/684 699/804/697 706/811/704
f 706/811/704 707/812/705 686/789/684
f 708/813/706 707/812/705 706/811/704
f 685/788/683 707/812/705 708/813/706
f 709/814/707 685/788/683 708/813/706
f 50/815/48 685/788/683 709/814/707
f 50/815/48 709/814/707 710/816/708
f 707/812/705 685/788/683 686/789/684
f 49/787/47 685/788/683 50/815/48
f 710/816/708 52/817/50 50/815/48
f 52/817/50 710/816/708 34/818/32
f 34/818/32 710/816/708 602/819/600
f 699/804/697 700/805/698 711/820/709
f 711/820/709 700/805/698 432/821/430
f 700/805/698 701/806/699 432/821/430
f 432/821/430 701/806/699 429/822/426
f 701/806/699 428/823/427 429/822/426
f 701/806/699 702/807/700 428/823/427
f 452/824/450 711/820/709 432/821/430
f 711/820/709 452/824/450 451/825/449
f 711/820/709 451/825/449 712/826/710
f 712/826/710 451/825/449 581/827/579
f 581/827/579 451/825/449 12/828/13
f 702/807/700 713/829/711 428/823/427
f 702/807/700 714/830/712 713/829/711
f 715/831/713 714/830/712 702/807/700
f 702/807/700 716/832/714 715/831/713
f 702/807/700 703/808/701 716/832/714
f 716/832/714 703/808/701 717/833/715
f 717/833/715 703/808/701 705/810/703
f 717/833/715 705/810/703 718/834/716
f 713/829/711 714/830/712 563/835/561
f 714/830/712 559/836/557 563/835/561
f 714/830/712 715/831/713 559/836/557
f 715/831/713 719/837/717 559/836/557
f 715/831/713 716/832/714 719/837/717
f 716/832/714 720/838/718 719/837/717
f 720/838/718 716/832/714 721/839/719
f 713/829/711 563/835/561 33/840/31
f 32/841/30 713/829/711 33/840/31
f 427/842/425 713/829/711 32/841/30
f 428/823/427 713/829/711 427/842/425
f 559/836/557 719/837/717 562/843/560
f 720/838/718 721/839/719 722/844/720
f 723/845/721 722/844/720 721/839/719
f 723/845/721 724/846/722 722/844/720
f 724/846/722 723/845/721 725/847/723
f 725/847/723 726/848/724 724/846/722
f 724/846/722 726/848/724 727/849/725
f 726/848/724 728/850/726 727/849/725
f 726/848/724 729/851/727 728/850/726
f 728/850/726 729/851/727 730/852/728
f 730/852/728 729/851/727 731/853/729
f 731/853/729 732/854/730 730/852/728
f 733/855/731 732/854/730 731/853/729
f 732/854/730 733/855/731 734/856/732
f 734/856/732 735/857/733 732/854/730
f 734/856/732 736/858/734 735/857/733
f 737/859/735 736/858/734 734/856/732
f 738/860/736 737/859/735 734/856/732
f 739/861/737 738/860/736 734/856/732
f 739/861/737 734/856/732 733/855/731
f 740/862/738 739/861/737 733/855/731
f 740/862/738 733/855/731 731/853/729
f 735/857/733 736/858/734 533/863/530
f 533/863/530 736/858/734 532/864/531
f 717/833/715 718/834/716 741/865/739
f 717/833/715 741/865/739 742/866/740
f 743/867/741 742/866/740 741/865/739
f 743/867/741 741/865/739 744/868/742
f 743/867/741 744/868/742 745/869/743
f 745/869/743 744/868/742 746/870/744
f 746/870/744 747/871/745 745/869/743
f 747/871/745 746/870/744 748/872/746
f 716/832/714 717/833/715 742/866/740
f 716/832/714 742/866/740 721/839/719
f 749/873/747 721/839/719 742/866/740
f 749/873/747 742/866/740 743/867/741
f 745/869/743 749/873/747 743/867/741
f 750/874/748 749/873/747 745/869/743
f 751/875/749 750/874/748 745/869/743
f 747/871/745 751/875/749 745/869/743
f 752/876/750 751/875/749 747/871/745
f 752/876/750 747/871/745 753/877/751
f 753/877/751 747/871/745 748/872/746
f 749/873/747 723/845/721 721/839/719
f 749/873/747 754/878/752 723/845/721
f 750/874/748 754/878/752 749/873/747
f 755/879/753 754/878/752 750/874/748
f 751/875/749 755/879/753 750/874/748
f 751/875/749 756/880/754 755/879/753
f 756/880/754 751/875/749 757/881/755
f 751/875/749 758/882/756 757/881/755
f 751/875/749 752/876/750 758/882/756
f 723/845/721 754/878/752 725/847/723
f 754/878/752 726/848/724 725/847/723
f 754/878/752 759/883/757 726/848/724
f 755/879/753 759/883/757 754/878/752
f 759/883/757 755/879/753 760/884/758
f 761/885/759 760/884/758 755/879/753
f 755/879/753 756/880/754 761/885/759
f 756/880/754 297/886/295 761/885/759
f 297/886/295 756/880/754 757/881/755
f 297/886/295 757/881/755 324/887/322
f 324/887/322 757/881/755 322/888/320
f 757/881/755 758/882/756 322/888/320
f 726/848/724 759/883/757 760/884/758
f 760/884/758 729/851/727 726/848/724
f 760/884/758 762/889/760 729/851/727
f 763/890/761 762/889/760 760/884/758
f 760/884/758 764/891/762 763/890/761
f 760/884/758 761/885/759 764/891/762
f 761/885/759 287/892/285 764/891/762
f 287/892/285 761/885/759 293/893/291
f 761/885/759 297/886/295 293/893/291
f 762/889/760 731/853/729 729/851/727
f 762/889/760 740/862/738 731/853/729
f 762/889/760 765/894/763 740/862/738
f 762/889/760 766/895/764 765/894/763
f 763/890/761 766/895/764 762/889/760
f 766/895/764 763/890/761 767/896/765
f 763/890/761 768/897/766 767/896/765
f 289/898/287 768/897/766 763/890/761
f 289/898/287 763/890/761 288/899/286
f 764/891/762 288/899/286 763/890/761
f 764/891/762 287/892/285 288/899/286
f 765/894/763 739/861/737 740/862/738
f 769/900/767 739/861/737 765/894/763
f 766/895/764 769/900/767 765/894/763
f 769/900/767 766/895/764 770/901/768
f 766/895/764 771/902/769 770/901/768
f 771/902/769 766/895/764 772/903/770
f 772/903/770 766/895/764 773/904/771
f 773/904/771 766/895/764 767/896/765
f 768/897/766 773/904/771 767/896/765
f 768/897/766 325/905/323 773/904/771
f 768/897/766 289/898/287 325/905/323
f 739/861/737 769/900/767 738/860/736
f 738/860/736 769/900/767 774/906/772
f 774/906/772 769/900/767 770/901/768
f 774/906/772 770/901/768 775/907/773
f 771/902/769 775/907/773 770/901/768
f 771/902/769 776/908/774 775/907/773
f 771/902/769 777/909/775 776/908/774
f 777/909/775 771/902/769 772/903/770
f 777/909/775 772/903/770 778/910/776
f 779/911/777 778/910/776 772/903/770
f 779/911/777 772/903/770 773/904/771
f 779/911/777 773/904/771 325/905/323
f 326/912/324 779/911/777 325/905/323
f 774/906/772 737/859/735 738/860/736
f 774/906/772 780/913/778 737/859/735
f 781/914/779 780/913/778 774/906/772
f 781/914/779 774/906/772 775/907/773
f 776/908/774 781/914/779 775/907/773
f 781/914/779 776/908/774 782/915/780
f 776/908/774 783/916/781 782/915/780
f 776/908/774 777/909/775 783/916/781
f 783/916/781 777/909/775 778/910/776
f 784/917/782 783/916/781 778/910/776
f 784/917/782 778/910/776 779/911/777
f 785/918/783 784/917/782 779/911/777
f 779/911/777 326/912/324 785/918/783
f 785/918/783 326/912/324 335/919/333
f 780/913/778 786/920/784 737/859/735
f 780/913/778 787/921/785 786/920/784
f 780/913/778 781/914/779 787/921/785
f 787/921/785 781/914/779 788/922/786
f 788/922/786 781/914/779 782/915/780
f 788/922/786 782/915/780 789/923/787
f 783/916/781 789/923/787 782/915/780
f 783/916/781 790/924/788 789/923/787
f 783/916/781 791/925/789 790/924/788
f 791/925/789 783/916/781 784/917/782
f 737/859/735 786/920/784 736/858/734
f 736/858/734 786/920/784 532/864/531
f 532/864/531 786/920/784 538/926/536
f 786/920/784 787/921/785 538/926/536
f 538/926/536 787/921/785 540/927/538
f 787/921/785 788/922/786 540/927/538
f 540/927/538 788/922/786 792/928/790
f 788/922/786 789/923/787 792/928/790
f 790/924/788 791/925/789 793/929/791
f 791/925/789 794/930/792 793/929/791
f 791/925/789 795/931/793 794/930/792
f 791/925/789 796/932/794 795/931/793
f 796/932/794 791/925/789 797/933/795
f 791/925/789 798/934/796 797/933/795
f 791/925/789 784/917/782 798/934/796
f 799/935/797 793/929/791 794/930/792
f 800/936/798 799/935/797 794/930/792
f 801/937/799 800/936/798 794/930/792
f 801/937/799 794/930/792 802/938/800
f 794/930/792 803/939/801 802/938/800
f 794/930/792 795/931/793 803/939/801
f 799/935/797 790/940/788 793/929/791
f 799/935/797 804/941/802 790/940/788
f 799/935/797 800/936/798 804/941/802
f 805/942/803 804/941/802 800/936/798
f 805/942/803 800/936/798 806/943/804
f 800/936/798 123/944/121 806/943/804
f 800/936/798 801/937/799 123/944/121
f 122/945/120 123/944/121 801/937/799
f 122/945/120 801/937/799 121/946/119
f 801/937/799 802/938/800 121/946/119
f 790/940/788 804/941/802 807/947/805
f 804/941/802 808/948/806 807/947/805
f 804/941/802 805/942/803 808/948/806
f 808/948/806 805/942/803 809/949/807
f 809/949/807 805/942/803 810/950/808
f 810/950/808 805/942/803 811/951/809
f 811/951/809 805/942/803 806/943/804
f 806/943/804 124/952/122 811/951/809
f 124/952/122 806/943/804 123/944/121
f 790/940/788 807/947/805 789/953/787
f 807/947/805 792/954/790 789/953/787
f 812/955/810 792/954/790 807/947/805
f 808/948/806 812/955/810 807/947/805
f 808/948/806 813/956/811 812/955/810
f 809/949/807 813/956/811 808/948/806
f 813/956/811 809/949/807 814/957/812
f 809/949/807 810/950/808 814/957/812
f 814/957/812 810/950/808 815/958/813
f 810/950/808 816/959/814 815/958/813
f 810/950/808 811/951/809 816/959/814
f 812/955/810 540/617/538 792/954/790
f 812/955/810 539/616/537 540/617/538
f 813/956/811 539/616/537 812/955/810
f 813/956/811 817/960/815 539/616/537
f 817/960/815 813/956/811 814/957/812
f 817/960/815 814/957/812 536/613/534
f 818/961/816 536/613/534 814/957/812
f 818/961/816 814/957/812 815/958/813
f 818/961/816 815/958/813 819/962/817
f 819/962/817 815/958/813 816/959/814
f 539/616/537 817/960/815 537/614/535
f 537/614/535 817/960/815 536/613/534
f 536/613/534 818/961/816 535/612/533
f 818/961/816 819/962/817 535/612/533
f 535/612/533 819/962/817 542/619/540
f 819/962/817 820/963/818 542/619/540
f 819/962/817 816/959/814 820/963/818
f 816/959/814 821/964/819 820/963/818
f 816/959/814 822/965/820 821/964/819
f 822/965/820 816/959/814 811/951/809
f 822/965/820 811/951/809 130/966/128
f 811/951/809 124/952/122 130/966/128
f 542/619/540 820/963/818 543/620/541
f 821/964/819 543/620/541 820/963/818
f 821/964/819 545/622/543 543/620/541
f 821/964/819 823/967/821 545/622/543
f 822/965/820 823/967/821 821/964/819
f 822/965/820 824/968/822 823/967/821
f 824/968/822 822/965/820 825/969/823
f 825/969/823 822/965/820 136/970/134
f 822/965/820 131/971/129 136/970/134
f 822/965/820 130/966/128 131/971/129
f 823/967/821 824/968/822 545/622/543
f 545/622/543 824/968/822 547/624/545
f 824/968/822 549/626/547 547/624/545
f 824/968/822 826/972/824 549/626/547
f 824/968/822 827/973/825 826/972/824
f 824/968/822 828/974/826 827/973/825
f 829/975/827 828/974/826 824/968/822
f 829/975/827 824/968/822 825/969/823
f 829/975/827 825/969/823 137/976/135
f 137/976/135 825/969/823 136/970/134
f 826/972/824 551/628/549 549/626/547
f 826/972/824 830/977/828 551/628/549
f 826/972/824 827/973/825 830/977/828
f 830/977/828 827/973/825 831/978/829
f 831/978/829 827/973/825 832/979/830
f 832/979/830 827/973/825 833/980/831
f 834/981/832 833/980/831 827/973/825
f 828/974/826 834/981/832 827/973/825
f 551/628/549 830/977/828 553/630/551
f 553/630/551 830/977/828 835/982/833
f 835/982/833 830/977/828 831/978/829
f 831/978/829 836/983/834 835/982/833
f 836/983/834 831/978/829 832/979/830
f 835/982/833 555/632/553 553/630/551
f 569/646/567 555/632/553 835/982/833
f 836/983/834 569/646/567 835/982/833
f 837/984/835 569/646/567 836/983/834
f 568/645/566 569/646/567 837/984/835
f 833/980/831 834/981/832 838/985/836
f 834/981/832 839/986/837 838/985/836
f 834/981/832 623/708/621 839/986/837
f 828/974/826 623/708/621 834/981/832
f 840/987/838 623/708/621 828/974/826
f 840/987/838 828/974/826 841/988/839
f 828/974/826 829/975/827 841/988/839
f 839/986/837 623/708/621 842/989/840
f 623/708/621 624/709/622 842/989/840
f 623/708/621 840/987/838 629/717/627
f 840/987/838 150/990/148 629/717/627
f 840/987/838 841/988/839 150/990/148
f 841/988/839 147/991/145 150/990/148
f 841/988/839 143/992/141 147/991/145
f 829/975/827 143/992/141 841/988/839
f 143/992/141 829/975/827 138/993/136
f 829/975/827 137/976/135 138/993/136
f 152/994/150 629/717/627 150/990/148
f 629/717/627 152/994/150 153/716/151
f 121/946/119 802/938/800 126/995/124
f 126/995/124 802/938/800 127/996/125
f 802/938/800 803/939/801 127/996/125
f 127/996/125 803/939/801 128/997/126
f 650/742/648 128/997/126 803/939/801
f 795/931/793 650/742/648 803/939/801
f 843/998/841 650/742/648 795/931/793
f 843/998/841 795/931/793 796/932/794
f 843/998/841 796/932/794 329/999/327
f 329/999/327 796/932/794 330/1000/328
f 796/932/794 797/933/795 330/1000/328
f 650/742/648 129/743/127 128/997/126
f 797/933/795 331/1001/329 330/1000/328
f 797/933/795 332/1002/330 331/1001/329
f 797/933/795 798/934/796 332/1002/330
f 798/934/796 333/1003/331 332/1002/330
f 798/934/796 334/1004/332 333/1003/331
f 785/918/783 334/1004/332 798/934/796
f 798/934/796 784/917/782 785/918/783
f 334/1004/332 785/918/783 335/919/333
f 317/1005/315 843/998/841 329/999/327
f 315/748/313 843/998/841 317/1005/315
f 648/740/646 843/998/841 315/748/313
f 650/742/648 843/998/841 648/740/646
f 650/742/648 648/740/646 649/741/647
f 752/876/750 753/877/751 844/1006/842
f 845/1007/843 752/876/750 844/1006/842
f 752/876/750 845/1007/843 665/766/663
f 665/766/663 845/1007/843 672/773/670
f 666/767/664 752/876/750 665/766/663
f 752/876/750 666/767/664 662/762/660
f 758/882/756 752/876/750 662/762/660
f 322/888/320 758/882/756 662/762/660
f 662/762/660 321/763/319 322/888/320
f 41/680/39 598/681/596 43/1008/41
f 43/1008/41 598/681/596 44/1009/42
f 44/1009/42 598/681/596 689/1010/687
f 846/1011/844 848/1012/845 847/1013/846
f 849/1014/847 848/1012/845 846/1011/844
f 848/1012/845 849/1014/847 850/1015/848
f 851/1016/849 850/1015/848 849/1014/847
f 851/1016/849 849/1014/847 852/1017/850
f 849/1014/847 846/1018/844 852/1017/850
f 853/1019/851 852/1017/850 846/1018/844
f 854/1020/852 852/1017/850 853/1019/851
f 852/1017/850 854/1020/852 855/1021/853
f 851/1016/849 852/1017/850 855/1021/853
f 851/1016/849 855/1021/853 856/1022/854
f 856/1022/854 855/1021/853 857/1023/855
f 858/1024/856 856/1022/854 857/1023/855
f 859/1025/857 856/1022/854 858/1024/856
f 858/1024/856 860/1026/858 859/1025/857
f 860/1026/858 858/1024/856 861/1027/859
f 856/1022/854 862/1028/860 851/1016/849
f 859/1025/857 862/1028/860 856/1022/854
f 859/1025/857 863/1029/861 862/1028/860
f 859/1025/857 864/1030/862 863/1029/861
f 860/1026/858 864/1030/862 859/1025/857
f 864/1030/862 860/1026/858 865/1031/863
f 865/1031/863 860/1026/858 866/1032/864
f 866/1032/864 860/1026/858 861/1027/859
f 867/1033/865 866/1032/864 861/1027/859
f 862/1028/860 868/1034/866 851/1016/849
f 862/1028/860 863/1029/861 868/1034/866
f 851/1016/849 868/1034/866 850/1015/848
f 846/1035/844 847/1036/846 869/1037/867
f 870/1038/868 869/1037/867 847/1036/846
f 869/1037/867 870/1038/868 866/1032/864
f 866/1032/864 870/1038/868 865/1031/863
f 871/1039/869 869/1037/867 866/1032/864
f 867/1033/865 871/1039/869 866/1032/864
f 871/1039/869 867/1033/865 872/1040/870
f 846/1041/844 871/1039/869 872/1040/870
f 846/1041/844 872/1040/870 853/1042/851
f 846/1041/844 869/1037/867 871/1039/869
f 873/1043/871 875/1044/871 874/1045/871
f 874/1045/872 876/1046/873 873/1043/874
f 873/1043/874 876/1046/873 877/1047/875
f 878/1048/876 873/1043/874 877/1047/875
f 879/1049/877 878/1048/876 877/1047/875
f 880/1050/878 878/1048/876 879/1049/877
f 881/1051/879 878/1048/876 880/1050/878
f 878/1048/876 881/1051/879 882/1052/880
f 882/1052/880 881/1051/879 883/1053/881
f 884/1054/882 873/1043/874 878/1048/876
f 878/1048/876 882/1052/880 884/1054/882
f 884/1054/882 885/1055/883 873/1043/874
f 885/1055/883 886/1056/884 873/1043/874
f 885/1055/883 887/1057/885 886/1056/884
f 888/1058/886 887/1057/885 885/1055/883
f 888/1058/886 885/1055/883 884/1054/882
f 889/1059/887 888/1058/886 884/1054/882
f 882/1052/880 889/1059/887 884/1054/882
f 882/1052/880 883/1053/881 889/1059/887
f 890/1060/888 889/1059/887 883/1053/881
f 875/1044/889 873/1043/874 886/1056/884
f 888/1058/886 889/1059/887 891/1061/890
f 889/1059/887 892/1062/891 891/1061/890
f 889/1059/887 890/1060/888 892/1062/891
f 892/1062/891 890/1060/888 893/1063/892
f 893/1063/892 894/1064/893 892/1062/891
f 894/1064/893 893/1063/892 895/1065/894
f 894/1064/893 895/1065/894 896/1066/895
f 897/1067/896 896/1066/895 895/1065/894
f 897/1067/896 898/1068/897 896/1066/895
f 898/1068/897 897/1067/896 899/1069/898
f 894/1064/893 900/1070/899 892/1062/891
f 901/1071/900 900/1070/899 894/1064/893
f 901/1071/900 894/1064/893 896/1066/895
f 898/1068/897 901/1071/900 896/1066/895
f 898/1068/897 902/1072/901 901/1071/900
f 902/1072/901 898/1068/897 877/1073/875
f 898/1068/897 879/1074/877 877/1073/875
f 898/1068/897 899/1069/898 879/1074/877
f 879/1074/877 899/1069/898 880/1075/878
f 892/1062/891 900/1070/899 891/1061/890
f 900/1070/899 903/1076/902 891/1061/890
f 900/1070/903 904/1077/903 903/1076/903
f 876/1078/873 902/1072/901 877/1073/875
f 876/1078/873 905/1079/904 902/1072/901
f 874/1080/872 905/1079/904 876/1078/873
f 906/1081/905 905/1079/905 874/1080/905
f 907/1082/906 905/1079/904 906/1081/907
f 907/1082/906 906/1081/907 908/1083/908
f 907/1082/906 908/1083/908 900/1070/899
f 904/1077/909 900/1070/899 908/1083/908
f 905/1079/904 907/1082/906 902/1072/901
f 907/1082/906 901/1071/900 902/1072/901
f 901/1071/900 907/1082/906 900/1070/899
f 888/1058/910 903/1076/910 887/1057/910
f 891/1061/890 903/1076/902 888/1058/886
f 909/1084/911 911/1085/911 910/1086/911
f 912/1087/912 911/1085/913 909/1084/914
f 913/1088/915 912/1087/915 909/1084/915
f 914/1089/916 912/1087/912 913/1088/917
f 915/1090/918 914/1089/918 913/1088/918
f 916/1091/919 914/1089/916 915/1090/920
f 917/1092/921 916/1091/922 915/1090/923
f 912/1087/912 918/1093/924 911/1085/913
f 912/1087/912 919/1094/925 918/1093/924
f 914/1089/916 919/1094/925 912/1087/912
f 914/1089/916 920/1095/926 919/1094/925
f 920/1095/926 914/1089/916 916/1091/919
f 916/1091/919 921/1096/927 920/1095/926
f 921/1096/927 916/1091/919 922/1097/928
f 922/1097/928 916/1091/919 917/1092/929
f 923/1098/930 922/1097/930 917/1092/930
f 911/1085/913 918/1093/924 924/1099/931
f 922/1097/928 925/1100/932 921/1096/927
f 926/1101/933 925/1100/932 922/1097/928
f 926/1101/933 922/1097/928 923/1098/934
f 927/1102/935 926/1101/935 923/1098/935
f 928/1103/936 926/1101/933 927/1102/937
f 929/1104/938 928/1103/938 927/1102/938
f 930/1105/939 928/1103/936 929/1104/940
f 910/1106/941 930/1105/942 929/1104/943
f 911/1107/913 930/1105/939 910/1106/942
f 925/1100/932 926/1101/933 931/1108/944
f 926/1101/933 928/1103/936 931/1108/944
f 928/1103/936 932/1109/945 931/1108/944
f 930/1105/939 932/1109/945 928/1103/936
f 932/1109/945 930/1105/939 924/1110/931
f 924/1110/931 930/1105/939 911/1107/913
f 933/1111/946 935/1112/947 934/1113/948
f 935/1112/947 936/1114/949 934/1113/948
f 935/1112/947 937/1115/950 936/1114/949
f 936/1114/949 937/1115/950 938/1116/951
f 937/1115/950 939/1117/952 938/1116/951
f 937/1115/950 940/1118/953 939/1117/952
f 935/1112/947 940/1118/953 937/1115/950
f 940/1118/953 935/1112/947 941/1119/954
f 941/1119/954 935/1112/947 942/1120/955
f 942/1120/955 935/1112/947 933/1111/946
f 943/1121/956 942/1120/955 933/1111/946
f 938/1116/951 944/1122/957 936/1114/949
f 938/1116/951 945/1123/958 944/1122/957
f 938/1116/951 946/1124/959 945/1123/958
f 939/1117/952 946/1124/959 938/1116/951
f 947/1125/960 946/1124/959 939/1117/952
f 948/1126/961 947/1125/960 939/1117/952
f 940/1118/953 948/1126/961 939/1117/952
f 940/1118/953 644/1127/962 948/1126/961
f 941/1119/954 644/1127/962 940/1118/953
f 945/1123/958 949/1128/963 944/1122/957
f 945/1123/958 950/1129/964 949/1128/963
f 945/1123/958 951/1130/965 950/1129/964
f 952/1131/966 951/1130/965 945/1123/958
f 945/1123/958 946/1124/959 952/1131/966
f 946/1124/959 953/1132/967 952/1131/966
f 946/1124/959 947/1125/960 953/1132/967
f 947/1125/960 954/1133/968 953/1132/967
f 955/1134/969 954/1133/968 947/1125/960
f 948/1126/961 955/1134/969 947/1125/960
f 949/1128/963 950/1129/964 956/1135/970
f 956/1135/970 950/1129/964 957/1136/971
f 950/1129/964 958/1137/972 957/1136/971
f 951/1130/965 958/1137/972 950/1129/964
f 958/1137/972 951/1130/965 959/1138/973
f 951/1130/965 960/1139/974 959/1138/973
f 960/1139/974 951/1130/965 952/1131/966
f 960/1139/974 952/1131/966 953/1132/967
f 961/1140/975 960/1139/974 953/1132/967
f 961/1140/975 953/1132/967 954/1133/968
f 956/1135/970 957/1136/971 962/1141/976
f 957/1136/971 963/1142/977 962/1141/976
f 963/1142/977 957/1136/971 964/1143/978
f 964/1143/978 957/1136/971 958/1137/972
f 965/1144/979 964/1143/978 958/1137/972
f 965/1144/979 958/1137/972 959/1138/973
f 965/1144/979 959/1138/973 966/1145/980
f 967/1146/981 966/1145/980 959/1138/973
f 960/1139/974 967/1146/981 959/1138/973
f 967/1146/981 960/1139/974 961/1140/975
f 962/1141/976 963/1142/977 968/1147/982
f 968/1147/982 963/1142/977 969/1148/983
f 963/1142/977 964/1143/978 969/1148/983
f 970/1149/984 969/1148/983 964/1143/978
f 970/1149/984 964/1143/978 971/1150/985
f 972/1151/986 971/1150/985 964/1143/978
f 965/1144/979 972/1151/986 964/1143/978
f 973/1152/987 972/1151/986 965/1144/979
f 973/1152/987 965/1144/979 966/1145/980
f 968/1147/982 969/1148/983 974/1153/988
f 975/1154/989 974/1153/988 969/1148/983
f 970/1149/984 975/1154/989 969/1148/983
f 975/1154/989 970/1149/984 976/1155/990
f 970/1149/984 977/1156/991 976/1155/990
f 977/1156/991 970/1149/984 971/1150/985
f 977/1156/991 971/1150/985 978/1157/992
f 971/1150/985 979/1158/993 978/1157/992
f 979/1158/993 971/1150/985 973/1152/987
f 973/1152/987 971/1150/985 972/1151/986
f 975/1154/989 980/1159/994 974/1153/988
f 980/1159/994 975/1154/989 981/1160/995
f 975/1154/989 976/1155/990 981/1160/995
f 981/1160/995 976/1155/990 982/1161/996
f 976/1155/990 977/1156/991 982/1161/996
f 983/1162/997 982/1161/996 977/1156/991
f 983/1162/997 977/1156/991 984/1163/998
f 977/1156/991 978/1157/992 984/1163/998
f 978/1157/992 886/1164/999 984/1163/998
f 978/1157/992 985/1165/1000 886/1164/999
f 978/1157/992 979/1158/993 985/1165/1000
f 980/1159/994 981/1160/995 986/1166/1001
f 986/1166/1001 981/1160/995 987/1167/1002
f 981/1160/995 982/1161/996 987/1167/1002
f 988/1168/1003 987/1167/1002 982/1161/996
f 989/1169/1004 988/1168/1003 982/1161/996
f 989/1169/1004 982/1161/996 983/1162/997
f 989/1169/1004 983/1162/997 990/1170/1005
f 990/1170/1005 983/1162/997 984/1163/998
f 991/1171/1006 990/1170/1005 984/1163/998
f 991/1171/1006 984/1163/998 992/1172/1007
f 992/1172/1007 984/1163/998 886/1164/999
f 987/1167/1002 993/1173/1008 986/1166/1001
f 987/1167/1002 994/1174/1009 993/1173/1008
f 988/1168/1003 994/1174/1009 987/1167/1002
f 995/1175/1010 994/1174/1009 988/1168/1003
f 996/1176/1011 995/1175/1010 988/1168/1003
f 996/1176/1011 988/1168/1003 989/1169/1004
f 997/1177/1012 996/1176/1011 989/1169/1004
f 997/1177/1012 989/1169/1004 990/1170/1005
f 997/1177/1012 990/1170/1005 998/1178/1013
f 991/1171/1006 998/1178/1013 990/1170/1005
f 994/1174/1009 999/1179/1014 993/1173/1008
f 994/1174/1009 1000/1180/1015 999/1179/1014
f 995/1175/1010 1000/1180/1015 994/1174/1009
f 995/1175/1010 1001/1181/1016 1000/1180/1015
f 1002/1182/1017 1001/1181/1016 995/1175/1010
f 996/1176/1011 1002/1182/1017 995/1175/1010
f 997/1177/1012 1002/1182/1017 996/1176/1011
f 1002/1182/1017 997/1177/1012 1003/1183/1018
f 1003/1183/1018 997/1177/1012 1004/1184/1019
f 1004/1184/1019 997/1177/1012 998/1178/1013
f 1000/1180/1015 1005/1185/1020 999/1179/1014
f 1000/1180/1015 1006/1186/1021 1005/1185/1020
f 1005/1185/1020 1006/1186/1021 1007/1187/1022
f 1006/1186/1021 1008/1188/1023 1007/1187/1022
f 1007/1187/1024 1008/1188/1024 847/1189/1024
f 1000/1180/1015 1001/1181/1016 1006/1186/1021
f 1006/1186/1021 1001/1181/1016 1009/1190/1025
f 865/1191/1026 1006/1186/1021 1009/1190/1025
f 1006/1186/1027 865/1191/1027 1008/1188/1027
f 985/1165/1000 979/1158/993 1010/1192/1028
f 1010/1192/1028 979/1158/993 973/1152/987
f 973/1152/987 966/1145/980 1010/1192/1028
f 1010/1192/1028 966/1145/980 1011/1193/1029
f 966/1145/980 967/1146/981 1011/1193/1029
f 1011/1193/1029 967/1146/981 1012/1194/1030
f 1012/1194/1030 967/1146/981 961/1140/975
f 1012/1194/1030 961/1140/975 1013/1195/1031
f 961/1140/975 954/1133/968 1013/1195/1031
f 1014/1196/1032 1010/1192/1028 1011/1193/1029
f 1014/1196/1032 1011/1193/1029 1015/1197/1033
f 1011/1193/1029 1012/1194/1030 1015/1197/1033
f 1015/1197/1033 1012/1194/1030 1016/1198/1034
f 1016/1198/1034 1012/1194/1030 1013/1195/1031
f 1016/1198/1034 1013/1195/1031 1017/1199/1035
f 1013/1195/1031 1018/1200/1036 1017/1199/1035
f 1013/1195/1031 954/1133/968 1018/1200/1036
f 954/1133/968 955/1134/969 1018/1200/1036
f 1015/1197/1033 1019/1201/1037 1014/1196/1032
f 1019/1201/1037 1015/1197/1033 1020/1202/1038
f 1016/1198/1034 1020/1202/1038 1015/1197/1033
f 1016/1198/1034 1021/1203/1039 1020/1202/1038
f 1021/1203/1039 1016/1198/1034 1017/1199/1035
f 1021/1203/1039 1017/1199/1035 1022/1204/1040
f 1023/1205/1041 1022/1204/1040 1017/1199/1035
f 1018/1200/1036 1023/1205/1041 1017/1199/1035
f 1018/1200/1036 1024/1206/1042 1023/1205/1041
f 955/1134/969 1024/1206/1042 1018/1200/1036
f 1014/1196/1032 1019/1201/1037 1025/1207/1043
f 1025/1207/1043 1019/1201/1037 962/1208/976
f 1019/1201/1037 956/1209/970 962/1208/976
f 1019/1201/1037 1020/1202/1038 956/1209/970
f 1020/1202/1038 1021/1203/1039 956/1209/970
f 956/1209/970 1021/1203/1039 949/1210/963
f 1021/1203/1039 1022/1204/1040 949/1210/963
f 1026/1211/1044 1014/1196/1032 1025/1207/1043
f 1027/1212/1045 1026/1211/1044 1025/1207/1043
f 974/1213/988 1027/1212/1045 1025/1207/1043
f 1025/1207/1043 968/1214/982 974/1213/988
f 1025/1207/1043 962/1208/976 968/1214/982
f 1026/1211/1044 1010/1192/1028 1014/1196/1032
f 985/1165/1000 1010/1192/1028 1026/1211/1044
f 1026/1211/1044 1028/1215/1046 985/1165/1000
f 1028/1215/1046 1026/1211/1044 888/1216/1047
f 888/1216/1047 1026/1211/1044 1027/1212/1045
f 888/1216/1047 1027/1212/1045 980/1217/994
f 980/1217/994 1027/1212/1045 974/1213/988
f 985/1165/1000 1028/1215/1046 886/1164/999
f 1028/1215/1046 1029/1218/1048 886/1164/999
f 1030/1219/1049 1029/1218/1048 1028/1215/1046
f 1028/1215/1046 888/1216/1047 1030/1219/1049
f 888/1216/1047 986/1220/1001 1030/1219/1049
f 888/1216/1047 980/1217/994 986/1220/1001
f 886/1164/999 1029/1218/1048 992/1172/1007
f 1029/1218/1048 1031/1221/1050 992/1172/1007
f 1031/1221/1050 1029/1218/1048 1032/1222/1051
f 1032/1222/1051 1029/1218/1048 1030/1219/1049
f 1032/1222/1051 1030/1219/1049 993/1223/1008
f 993/1223/1008 1030/1219/1049 986/1220/1001
f 1031/1221/1050 991/1171/1006 992/1172/1007
f 1031/1221/1050 1033/1224/1052 991/1171/1006
f 1034/1225/1053 1033/1224/1052 1031/1221/1050
f 1034/1225/1053 1031/1221/1050 1032/1222/1051
f 999/1226/1014 1034/1225/1053 1032/1222/1051
f 1032/1222/1051 993/1223/1008 999/1226/1014
f 991/1171/1006 1033/1224/1052 998/1178/1013
f 1033/1224/1052 1035/1227/1054 998/1178/1013
f 1035/1227/1054 1033/1224/1052 1036/1228/1055
f 1036/1228/1055 1033/1224/1052 1034/1225/1053
f 1005/1229/1020 1036/1228/1055 1034/1225/1053
f 1005/1229/1020 1034/1225/1053 999/1226/1014
f 1004/1184/1019 998/1178/1013 1035/1227/1054
f 850/1230/1056 1004/1184/1019 1035/1227/1054
f 1035/1227/1057 1037/1231/1057 850/1230/1057
f 1038/1232/1058 1037/1231/1059 1035/1227/1054
f 1036/1228/1055 1038/1232/1058 1035/1227/1054
f 1007/1233/1022 1038/1232/1058 1036/1228/1055
f 1036/1228/1055 1005/1229/1020 1007/1233/1022
f 1039/1234/1060 1004/1184/1060 850/1230/1060
f 1003/1183/1018 1004/1184/1019 1039/1234/1061
f 1003/1183/1062 1039/1234/1062 863/1235/1062
f 863/1235/1063 1040/1236/1064 1003/1183/1018
f 1041/1237/1065 1040/1236/1065 863/1235/1065
f 1009/1190/1025 1040/1236/1064 1041/1237/1066
f 1009/1190/1067 1041/1237/1067 865/1191/1067
f 1040/1236/1064 1002/1182/1017 1003/1183/1018
f 1001/1181/1016 1002/1182/1017 1040/1236/1064
f 1001/1181/1016 1040/1236/1064 1009/1190/1025
f 1038/1232/1058 1007/1233/1022 847/1238/1068
f 1038/1232/1069 847/1238/1069 1037/1231/1069
f 949/1210/963 1022/1204/1040 944/1239/957
f 1022/1204/1040 936/1240/949 944/1239/957
f 1022/1204/1040 1042/1241/1070 936/1240/949
f 1022/1204/1040 1023/1205/1041 1042/1241/1070
f 1023/1205/1041 1043/1242/1071 1042/1241/1070
f 1024/1206/1042 1043/1242/1071 1023/1205/1041
f 1024/1206/1042 1044/1243/1072 1043/1242/1071
f 1043/1242/1071 1044/1243/1072 1045/1244/1073
f 1042/1241/1070 1046/1245/1074 936/1240/949
f 1043/1242/1071 1046/1245/1074 1042/1241/1070
f 1043/1242/1071 1045/1244/1073 1046/1245/1074
f 1046/1245/1074 1045/1244/1073 1047/1246/1075
f 1045/1244/1073 1048/1247/1076 1047/1246/1075
f 1049/1248/1077 1048/1247/1076 1045/1244/1073
f 1044/1243/1072 1049/1248/1077 1045/1244/1073
f 936/1240/949 1046/1245/1074 934/1249/948
f 1046/1245/1074 1047/1246/1075 934/1249/948
f 934/1249/948 1047/1246/1075 933/1250/946
f 1047/1246/1075 943/1251/956 933/1250/946
f 1047/1246/1075 1050/1252/1078 943/1251/956
f 1048/1247/1076 1050/1252/1078 1047/1246/1075
f 1048/1247/1076 1051/1253/1079 1050/1252/1078
f 1051/1253/1079 1048/1247/1076 1052/1254/1080
f 1049/1248/1077 1052/1254/1080 1048/1247/1076
f 943/1251/956 1050/1252/1078 1053/1255/1081
f 1050/1252/1078 1054/1256/1082 1053/1255/1081
f 1050/1252/1078 1051/1253/1079 1054/1256/1082
f 1051/1253/1079 1055/1257/1083 1054/1256/1082
f 1056/1258/1084 1055/1257/1083 1051/1253/1079
f 1052/1254/1080 1056/1258/1084 1051/1253/1079
f 1053/1255/1081 1054/1256/1082 1057/1259/1085
f 1054/1256/1082 1058/1260/1086 1057/1259/1085
f 1055/1257/1083 1058/1260/1086 1054/1256/1082
f 1059/1261/1087 1058/1260/1086 1055/1257/1083
f 1055/1257/1083 1060/1262/1088 1059/1261/1087
f 1056/1258/1084 1060/1262/1088 1055/1257/1083
f 1056/1258/1084 1061/1263/1089 1060/1262/1088
f 1062/1264/1090 1061/1263/1089 1056/1258/1084
f 1062/1264/1090 1056/1258/1084 1052/1254/1080
f 1057/1259/1085 1058/1260/1086 1063/1265/1091
f 1058/1260/1086 1064/1266/1092 1063/1265/1091
f 1058/1260/1086 1065/1267/1093 1064/1266/1092
f 1065/1267/1093 1058/1260/1086 1066/1268/1094
f 1066/1268/1094 1058/1260/1086 1059/1261/1087
f 1065/1267/1093 1067/1269/1095 1064/1266/1092
f 1065/1267/1093 1068/1270/1096 1067/1269/1095
f 1066/1268/1094 1068/1270/1096 1065/1267/1093
f 1066/1268/1094 1069/1271/1097 1068/1270/1096
f 1070/1272/1098 1069/1271/1097 1066/1268/1094
f 1071/1273/1099 1070/1272/1098 1066/1268/1094
f 1071/1273/1099 1066/1268/1094 1059/1261/1087
f 1060/1262/1088 1071/1273/1099 1059/1261/1087
f 1067/1269/1095 1068/1270/1096 1072/1274/1100
f 1068/1270/1096 1073/1275/1101 1072/1274/1100
f 1069/1271/1097 1073/1275/1101 1068/1270/1096
f 1074/1276/1102 1073/1275/1101 1069/1271/1097
f 1074/1276/1102 1069/1271/1097 1075/1277/1103
f 1075/1277/1103 1069/1271/1097 1070/1272/1098
f 1070/1272/1098 1076/1278/1104 1075/1277/1103
f 1077/1279/1105 1076/1278/1104 1070/1272/1098
f 1071/1273/1099 1077/1279/1105 1070/1272/1098
f 1078/1280/1106 1077/1279/1105 1071/1273/1099
f 1060/1262/1088 1078/1280/1106 1071/1273/1099
f 1061/1263/1089 1078/1280/1106 1060/1262/1088
f 1072/1274/1100 1073/1275/1101 1079/1281/1107
f 1079/1281/1107 1073/1275/1101 1080/1282/1108
f 1073/1275/1101 1074/1276/1102 1080/1282/1108
f 1080/1282/1108 1074/1276/1102 1081/1283/1109
f 1074/1276/1102 1082/1284/1110 1081/1283/1109
f 1074/1276/1102 1075/1277/1103 1082/1284/1110
f 1075/1277/1103 1083/1285/1111 1082/1284/1110
f 1075/1277/1103 1076/1278/1104 1083/1285/1111
f 1076/1278/1104 1084/1286/1112 1083/1285/1111
f 1084/1286/1112 1076/1278/1104 1085/1287/1113
f 1085/1287/1113 1076/1278/1104 1077/1279/1105
f 1080/1282/1108 1086/1288/1114 1079/1281/1107
f 1086/1288/1114 1080/1282/1108 1081/1283/1109
f 1081/1283/1109 1087/1289/1115 1086/1288/1114
f 1087/1289/1115 1081/1283/1109 1088/1290/1116
f 1088/1290/1116 1081/1283/1109 1082/1284/1110
f 1082/1284/1110 1089/1291/1117 1088/1290/1116
f 1083/1285/1111 1089/1291/1117 1082/1284/1110
f 1089/1291/1117 1083/1285/1111 1090/1292/1118
f 1084/1286/1112 1090/1292/1118 1083/1285/1111
f 1086/1288/1114 1091/1293/1119 1079/1281/1107
f 1091/1293/1119 1086/1288/1114 906/1294/1120
f 906/1294/1121 1086/1288/1122 1092/1295/1123
f 1086/1288/1114 1087/1289/1115 1092/1295/1124
f 1087/1289/1125 904/1296/1125 1092/1295/1125
f 904/1296/1126 1087/1289/1115 1088/1290/1116
f 1088/1290/1127 903/1297/1127 904/1296/1127
f 1088/1290/1116 1089/1291/1117 903/1297/1128
f 1089/1291/1129 887/1298/1129 903/1297/1129
f 887/1298/1130 1089/1291/1117 1090/1292/1118
f 1091/1293/1131 906/1294/1131 874/1299/1131
f 1090/1292/1132 1093/1300/1132 887/1298/1132
f 1090/1292/1118 1094/1301/1133 1093/1300/1134
f 1090/1292/1118 1084/1286/1112 1094/1301/1133
f 1094/1301/1133 1084/1286/1112 1095/1302/1135
f 1084/1286/1112 1085/1287/1113 1095/1302/1135
f 1085/1287/1113 1096/1303/1136 1095/1302/1135
f 1096/1303/1136 1085/1287/1113 612/1304/1137
f 1085/1287/1113 1077/1279/1105 612/1304/1137
f 1093/1300/1138 1094/1301/1138 875/1305/1138
f 875/1305/1139 1094/1301/1133 1097/1306/1140
f 1094/1301/1133 1095/1302/1135 1097/1306/1140
f 1095/1302/1135 1098/1307/1141 1097/1306/1140
f 1096/1303/1136 1098/1307/1141 1095/1302/1135
f 1098/1307/1141 1096/1303/1136 1099/1308/1142
f 1099/1308/1142 1096/1303/1136 1100/1309/1143
f 1100/1309/1143 1096/1303/1136 612/1304/1137
f 1101/1310/1144 1100/1309/1143 612/1304/1137
f 1078/1280/1106 1101/1310/1144 612/1304/1137
f 612/1304/1137 1077/1279/1105 1078/1280/1106
f 1097/1306/1145 874/1311/1145 875/1305/1145
f 1097/1306/1140 1091/1312/1119 874/1311/1146
f 1097/1306/1140 1098/1307/1141 1091/1312/1119
f 1091/1312/1119 1098/1307/1141 1079/1313/1107
f 1098/1307/1141 1099/1308/1142 1079/1313/1107
f 1072/1314/1100 1079/1313/1107 1099/1308/1142
f 1072/1314/1100 1099/1308/1142 1102/1315/1147
f 1099/1308/1142 1100/1309/1143 1102/1315/1147
f 1103/1316/1148 1102/1315/1147 1100/1309/1143
f 1103/1316/1148 1100/1309/1143 1101/1310/1144
f 1104/1317/1149 1103/1316/1148 1101/1310/1144
f 1104/1317/1149 1101/1310/1144 1061/1263/1089
f 1061/1263/1089 1101/1310/1144 1078/1280/1106
f 1072/1314/1100 1102/1315/1147 1067/1318/1095
f 1102/1315/1147 1105/1319/1150 1067/1318/1095
f 1102/1315/1147 1103/1316/1148 1105/1319/1150
f 1103/1316/1148 1106/1320/1151 1105/1319/1150
f 1106/1320/1151 1103/1316/1148 1104/1317/1149
f 1107/1321/1152 1106/1320/1151 1104/1317/1149
f 1104/1317/1149 1108/1322/1153 1107/1321/1152
f 1062/1264/1090 1108/1322/1153 1104/1317/1149
f 1061/1263/1089 1062/1264/1090 1104/1317/1149
f 1067/1318/1095 1105/1319/1150 1064/1323/1092
f 1105/1319/1150 1109/1324/1154 1064/1323/1092
f 1105/1319/1150 1106/1320/1151 1109/1324/1154
f 1106/1320/1151 1107/1321/1152 1109/1324/1154
f 1109/1324/1154 1107/1321/1152 1110/1325/1155
f 1107/1321/1152 1111/1326/1156 1110/1325/1155
f 1108/1322/1153 1111/1326/1156 1107/1321/1152
f 1111/1326/1156 1108/1322/1153 1112/1327/1157
f 1108/1322/1153 1113/1328/1158 1112/1327/1157
f 1108/1322/1153 1062/1264/1090 1113/1328/1158
f 1113/1328/1158 1062/1264/1090 1052/1254/1080
f 1064/1323/1092 1109/1324/1154 1063/1329/1091
f 1109/1324/1154 1057/1330/1085 1063/1329/1091
f 1109/1324/1154 1110/1325/1155 1057/1330/1085
f 1110/1325/1155 1053/1331/1081 1057/1330/1085
f 1114/1332/1159 1053/1331/1081 1110/1325/1155
f 1111/1326/1156 1114/1332/1159 1110/1325/1155
f 1111/1326/1156 1115/1333/1160 1114/1332/1159
f 1111/1326/1156 1112/1327/1157 1115/1333/1160
f 1112/1327/1157 1116/1334/1161 1115/1333/1160
f 1112/1327/1157 1117/1335/1162 1116/1334/1161
f 1113/1328/1158 1117/1335/1162 1112/1327/1157
f 1113/1328/1158 1052/1254/1080 1117/1335/1162
f 1052/1254/1080 1049/1248/1077 1117/1335/1162
f 1117/1335/1162 1049/1248/1077 1118/1336/1163
f 1044/1243/1072 1118/1336/1163 1049/1248/1077
f 1053/1331/1081 1114/1332/1159 943/1121/956
f 943/1121/956 1114/1332/1159 942/1120/955
f 1114/1332/1159 1115/1333/1160 942/1120/955
f 1115/1333/1160 941/1119/954 942/1120/955
f 1116/1334/1161 941/1119/954 1115/1333/1160
f 1116/1334/1161 644/1127/962 941/1119/954
f 644/1127/962 1116/1334/1161 1118/1336/1163
f 1116/1334/1161 1117/1335/1162 1118/1336/1163
f 1119/1337/1164 644/1127/962 1118/1336/1163
f 1044/1243/1072 1119/1337/1164 1118/1336/1163
f 1044/1243/1072 1024/1206/1042 1119/1337/1164
f 1119/1337/1164 1024/1206/1042 955/1134/969
f 948/1126/961 1119/1337/1164 955/1134/969
f 644/1127/962 1119/1337/1164 948/1126/961
f 1120/1338/1165 712/1339/710 581/1340/579
f 1120/1338/1165 1121/1341/1166 712/1339/710
f 1122/1342/1167 1121/1341/1166 1120/1338/1165
f 1123/1343/1168 1121/1341/1166 1122/1342/1167
f 1123/1343/1168 1122/1342/1167 1124/1344/1169
f 1124/1344/1169 1122/1342/1167 1125/1345/1170
f 1126/1346/1171 1124/1344/1169 1125/1345/1170
f 1126/1346/1171 1125/1345/1170 1127/1347/1172
f 712/1339/710 1121/1341/1166 711/1348/709
f 1128/1349/1173 711/1348/709 1121/1341/1166
f 1123/1343/1168 1128/1349/1173 1121/1341/1166
f 1123/1343/1168 1129/1350/1174 1128/1349/1173
f 1123/1343/1168 1130/1351/1175 1129/1350/1174
f 1130/1351/1175 1123/1343/1168 1124/1344/1169
f 1130/1351/1175 1124/1344/1169 1131/1352/1176
f 1131/1352/1176 1124/1344/1169 1126/1346/1171
f 1128/1349/1173 1132/1353/1177 711/1348/709
f 1129/1350/1174 1132/1353/1177 1128/1349/1173
f 1133/1354/1178 1132/1353/1177 1129/1350/1174
f 1133/1354/1178 1129/1350/1174 1134/1355/1179
f 1130/1351/1175 1134/1355/1179 1129/1350/1174
f 711/1348/709 1132/1353/1177 699/1356/697
f 1132/1353/1177 1135/1357/1180 699/1356/697
f 1132/1353/1177 1133/1354/1178 1135/1357/1180
f 1133/1354/1178 1136/1358/1181 1135/1357/1180
f 1133/1354/1178 1137/1359/1182 1136/1358/1181
f 1133/1354/1178 1138/1360/1183 1137/1359/1182
f 1138/1360/1183 1133/1354/1178 1134/1355/1179
f 699/1356/697 1135/1357/1180 706/1361/704
f 1136/1358/1181 706/1361/704 1135/1357/1180
f 1136/1358/1181 708/1362/706 706/1361/704
f 1136/1358/1181 1139/1363/1184 708/1362/706
f 1136/1358/1181 1137/1359/1182 1139/1363/1184
f 1140/1364/1185 1139/1363/1184 1137/1359/1182
f 1138/1360/1183 1140/1364/1185 1137/1359/1182
f 1139/1363/1184 709/1365/707 708/1362/706
f 709/1365/707 1139/1363/1184 710/1366/708
f 1139/1363/1184 1141/1367/1186 710/1366/708
f 1139/1363/1184 1142/1368/1187 1141/1367/1186
f 1140/1364/1185 1142/1368/1187 1139/1363/1184
f 1142/1368/1187 1140/1364/1185 1143/1369/1188
f 1140/1364/1185 1144/1370/1189 1143/1369/1188
f 1138/1360/1183 1144/1370/1189 1140/1364/1185
f 1144/1370/1189 1138/1360/1183 1145/1371/1190
f 1138/1360/1183 1134/1355/1179 1145/1371/1190
f 710/1366/708 1141/1367/1186 602/1372/600
f 1141/1367/1186 601/1373/599 602/1372/600
f 1141/1367/1186 1146/1374/1191 601/1373/599
f 1142/1368/1187 1146/1374/1191 1141/1367/1186
f 1146/1374/1191 1142/1368/1187 1147/1375/1192
f 1147/1375/1192 1142/1368/1187 1143/1369/1188
f 1148/1376/1193 1147/1375/1192 1143/1369/1188
f 1148/1376/1193 1143/1369/1188 1149/1377/1194
f 1143/1369/1188 1144/1370/1189 1149/1377/1194
f 1146/1374/1191 597/1378/595 601/1373/599
f 597/1378/595 1146/1374/1191 596/1379/594
f 1146/1374/1191 1150/1380/1195 596/1379/594
f 1146/1374/1191 1151/1381/1196 1150/1380/1195
f 1146/1374/1191 1147/1375/1192 1151/1381/1196
f 1147/1375/1192 1152/1382/1197 1151/1381/1196
f 1152/1382/1197 1153/1383/1198 1151/1381/1196
f 1153/1383/1198 1152/1382/1197 1154/1384/1199
f 1155/1385/1200 1153/1383/1198 1154/1384/1199
f 1154/1384/1199 1156/1386/1201 1155/1385/1200
f 596/1379/594 1150/1380/1195 590/1387/588
f 590/1387/588 1150/1380/1195 1157/1388/1202
f 1150/1380/1195 1153/1383/1198 1157/1388/1202
f 1151/1381/1196 1153/1383/1198 1150/1380/1195
f 1157/1388/1202 583/1389/581 590/1387/588
f 1157/1388/1202 1158/1390/1203 583/1389/581
f 1153/1383/1198 1158/1390/1203 1157/1388/1202
f 1158/1390/1203 1153/1383/1198 1155/1385/1200
f 1158/1390/1203 1155/1385/1200 1159/1391/1204
f 1155/1385/1200 1160/1392/1205 1159/1391/1204
f 1156/1386/1201 1160/1392/1205 1155/1385/1200
f 1160/1392/1205 1156/1386/1201 1161/1393/1206
f 1161/1393/1206 1156/1386/1201 1162/1394/1207
f 1154/1384/1199 1162/1394/1207 1156/1386/1201
f 1158/1390/1203 582/1395/580 583/1389/581
f 1158/1390/1203 1159/1391/1204 582/1395/580
f 582/1395/580 1159/1391/1204 1163/1396/1208
f 1159/1391/1204 1160/1392/1205 1163/1396/1208
f 1163/1396/1208 1160/1392/1205 1122/1397/1167
f 1122/1397/1167 1160/1392/1205 1161/1393/1206
f 1122/1397/1167 1161/1393/1206 1125/1398/1170
f 1161/1393/1206 1164/1399/1209 1125/1398/1170
f 1161/1393/1206 1162/1394/1207 1164/1399/1209
f 1163/1396/1208 576/1400/574 582/1395/580
f 576/1400/574 1163/1396/1208 1120/1401/1165
f 1163/1396/1208 1122/1397/1167 1120/1401/1165
f 576/1400/574 1120/1401/1165 581/1402/579
f 1125/1398/1170 1164/1399/1209 1127/1403/1172
f 1154/1384/1199 1165/1404/1210 1162/1394/1207
f 1154/1384/1199 1166/1405/1211 1165/1404/1210
f 1154/1384/1199 1152/1382/1197 1166/1405/1211
f 1152/1382/1197 1148/1376/1193 1166/1405/1211
f 1148/1376/1193 1152/1382/1197 1147/1375/1192
f 1145/1371/1190 1134/1355/1179 1167/1406/1212
f 1167/1406/1212 1134/1355/1179 1131/1352/1176
f 1131/1352/1176 1134/1355/1179 1130/1351/1175
f 1164/1399/1209 1168/1407/1213 1127/1403/1172
f 1164/1399/1209 1169/1408/1214 1168/1407/1213
f 1170/1409/1215 1169/1408/1214 1164/1399/1209
f 1164/1399/1209 1162/1394/1207 1170/1409/1215
f 1162/1394/1207 1171/1410/1216 1170/1409/1215
f 1165/1404/1210 1171/1410/1216 1162/1394/1207
f 1171/1410/1216 1165/1404/1210 1172/1411/1217
f 1165/1404/1210 1166/1405/1211 1172/1411/1217
f 1166/1405/1211 1148/1376/1193 1172/1411/1217
f 1173/1412/1218 1172/1411/1217 1148/1376/1193
f 1173/1412/1218 1148/1376/1193 1149/1377/1194
f 1173/1412/1218 1149/1377/1194 1174/1413/1219
f 1149/1377/1194 1144/1370/1189 1174/1413/1219
f 1144/1370/1189 1175/1414/1220 1174/1413/1219
f 1176/1415/1221 1175/1414/1220 1144/1370/1189
f 1144/1370/1189 1145/1371/1190 1176/1415/1221
f 1145/1371/1190 1167/1406/1212 1176/1415/1221
f 1167/1406/1212 1177/1416/1222 1176/1415/1221
f 1177/1416/1222 1167/1406/1212 1131/1352/1176
f 1177/1416/1222 1131/1352/1176 1178/1417/1223
f 1131/1352/1176 1126/1346/1171 1178/1417/1223
f 1179/1418/1224 1178/1417/1223 1126/1346/1171
f 1179/1418/1224 1126/1346/1171 1127/1347/1172
f 1179/1418/1224 1127/1347/1172 1168/1419/1213
f 2/6/3 1179/1418/1224 1168/1419/1213
f 2/6/3 4/5/4 1179/1418/1224
f 4/5/4 1178/1417/1223 1179/1418/1224
f 6/8/6 1178/1417/1223 4/5/4
f 6/8/6 1177/1416/1222 1178/1417/1223
f 1177/1416/1222 6/8/6 5/7/5
f 1176/1415/1221 1177/1416/1222 5/7/5
f 1176/1415/1221 5/7/5 10/12/10
f 1176/1415/1221 10/12/10 1175/1414/1220
f 1175/1414/1220 10/12/10 8/11/9
f 1175/1414/1220 8/11/9 1174/1413/1219
f 9/10/8 1174/1413/1219 8/11/9
f 9/10/8 1173/1412/1218 1174/1413/1219
f 1173/1412/1218 9/10/8 7/9/7
f 1172/1411/1217 1173/1412/1218 7/9/7
f 7/9/7 473/531/471 1172/1411/1217
f 473/531/471 1171/1410/1216 1172/1411/1217
f 1171/1410/1216 473/531/471 472/530/470
f 1171/1410/1216 472/530/470 1170/1409/1215
f 472/530/470 1/1/1 1170/1409/1215
f 1170/1409/1215 1/1/1 1169/1408/1214
f 1169/1408/1214 1/1/1 2/3/3
f 1169/1408/1214 2/3/3 1168/1407/1213
f 1180/1420/1225 1182/1421/1226 1181/1422/1227
f 1182/1421/1226 1180/1420/1225 369/403/367
f 1180/1420/1225 370/404/368 369/403/367
f 370/404/368 1180/1420/1225 371/405/369
f 1180/1420/1225 1183/1423/1228 371/405/369
f 371/405/369 1183/1423/1228 1184/1424/1229
f 375/409/373 371/405/369 1184/1424/1229
f 1185/1425/1230 375/409/373 1184/1424/1229
f 375/409/373 1185/1425/1230 377/411/375
f 1185/1425/1230 383/417/381 377/411/375
f 1185/1425/1230 1186/1426/1231 383/417/381
f 383/417/381 1186/1426/1231 1187/1427/1232
f 1187/1427/1232 384/418/382 383/417/381
f 384/418/382 1187/1427/1232 1188/1428/1233
f 391/425/389 384/418/382 1188/1428/1233
f 392/426/390 391/425/389 1188/1428/1233
f 1189/1429/1234 392/426/390 1188/1428/1233
f 1190/1430/1235 392/426/390 1189/1429/1234
f 1190/1430/1235 1189/1429/1234 1191/1431/1236
f 1189/1429/1234 1188/1432/1233 1191/1431/1236
f 1192/1433/1237 1191/1431/1236 1188/1432/1233
f 1187/1434/1232 1192/1433/1237 1188/1432/1233
f 1193/1435/1238 1192/1433/1237 1187/1434/1232
f 1186/1436/1231 1193/1435/1238 1187/1434/1232
f 398/432/396 392/426/390 1190/1430/1235
f 1194/1437/1239 398/432/396 1190/1430/1235
f 1194/1437/1239 401/435/399 398/432/396
f 1194/1437/1239 1195/1438/1240 401/435/399
f 408/442/406 401/435/399 1195/1438/1240
f 1196/1439/1241 408/442/406 1195/1438/1240
f 1196/1439/1241 1195/1438/1240 1197/1440/1242
f 1198/1441/1243 1196/1439/1241 1197/1440/1242
f 1198/1441/1243 1197/1440/1242 1199/1442/1244
f 1200/1443/1245 1198/1441/1243 1199/1442/1244
f 1201/1444/1246 1200/1443/1245 1199/1442/1244
f 1202/1445/1247 1200/1443/1245 1201/1444/1246
f 1196/1439/1241 414/448/412 408/442/406
f 414/448/412 1196/1439/1241 1198/1441/1243
f 415/449/413 414/448/412 1198/1441/1243
f 418/452/416 415/449/413 1198/1441/1243
f 1200/1443/1245 418/452/416 1198/1441/1243
f 1200/1443/1245 424/458/422 418/452/416
f 424/458/422 1200/1443/1245 1203/1446/1248
f 1203/1446/1248 1200/1443/1245 1202/1445/1247
f 1182/1447/1226 1203/1446/1248 1202/1445/1247
f 1182/1447/1226 1202/1445/1247 1181/1448/1227
f 1182/1447/1226 424/458/422 1203/1446/1248
f 424/458/422 1182/1447/1226 369/464/367
f 1204/1449/1249 1180/1450/1225 1181/1422/1227
f 1204/1449/1249 1205/1451/1250 1180/1450/1225
f 1205/1451/1250 1204/1449/1249 1206/1452/1251
f 1207/1453/1252 1205/1451/1250 1206/1452/1251
f 1207/1453/1252 1208/1454/1253 1205/1451/1250
f 1208/1454/1253 1207/1453/1252 1209/1455/1254
f 1208/1454/1253 1209/1455/1254 1210/1456/1255
f 1211/1457/1256 1210/1456/1255 1209/1455/1254
f 1205/1451/1250 1183/1458/1228 1180/1450/1225
f 1205/1451/1250 1208/1454/1253 1183/1458/1228
f 1208/1454/1253 1184/1459/1229 1183/1458/1228
f 1208/1454/1253 1210/1456/1255 1184/1459/1229
f 1210/1456/1255 1185/1460/1230 1184/1459/1229
f 1210/1456/1255 1212/1461/1257 1185/1460/1230
f 1212/1461/1257 1210/1456/1255 1211/1457/1256
f 1212/1461/1257 1211/1457/1256 1213/1462/1258
f 1214/1463/1259 1212/1461/1257 1213/1462/1258
f 1215/1464/1260 1212/1461/1257 1214/1463/1259
f 1215/1464/1260 1214/1463/1259 1193/1435/1238
f 1216/1465/1261 1193/1435/1238 1214/1463/1259
f 1193/1435/1238 1216/1465/1261 1217/1466/1262
f 1212/1461/1257 1215/1464/1260 1185/1460/1230
f 1185/1460/1230 1215/1464/1260 1186/1436/1231
f 1215/1464/1260 1193/1435/1238 1186/1436/1231
f 1193/1435/1238 1217/1466/1262 1192/1433/1237
f 1217/1466/1262 1218/1467/1263 1192/1433/1237
f 1219/1468/1264 1218/1467/1263 1217/1466/1262
f 1220/1469/1265 1218/1467/1263 1219/1468/1264
f 1219/1468/1264 1221/1470/1266 1220/1469/1265
f 1220/1469/1265 1221/1470/1266 1222/1471/1267
f 1192/1433/1237 1218/1467/1263 1191/1431/1236
f 1218/1467/1263 1190/1472/1235 1191/1431/1236
f 1218/1467/1263 1220/1469/1265 1190/1472/1235
f 1220/1469/1265 1194/1473/1239 1190/1472/1235
f 1220/1469/1265 1223/1474/1268 1194/1473/1239
f 1222/1471/1267 1223/1474/1268 1220/1469/1265
f 1223/1474/1268 1222/1471/1267 1224/1475/1269
f 1224/1475/1269 1222/1471/1267 1225/1476/1270
f 1224/1475/1269 1225/1476/1270 1226/1477/1271
f 1227/1478/1272 1224/1475/1269 1226/1477/1271
f 1228/1479/1273 1227/1478/1272 1226/1477/1271
f 1223/1474/1268 1224/1475/1269 1194/1473/1239
f 1194/1473/1239 1224/1475/1269 1195/1480/1240
f 1224/1475/1269 1227/1478/1272 1195/1480/1240
f 1195/1480/1240 1227/1478/1272 1197/1440/1242
f 1227/1478/1272 1199/1442/1244 1197/1440/1242
f 1227/1478/1272 1228/1479/1273 1199/1442/1244
f 1228/1479/1273 1229/1481/1274 1199/1442/1244
f 1230/1482/1275 1229/1481/1274 1228/1479/1273
f 1229/1481/1274 1230/1482/1275 1231/1483/1276
f 1231/1483/1276 1230/1482/1275 1232/1484/1277
f 1231/1483/1276 1232/1484/1277 1204/1485/1249
f 1204/1485/1249 1232/1484/1277 1206/1486/1251
f 1201/1444/1246 1199/1442/1244 1229/1481/1274
f 1202/1445/1247 1201/1444/1246 1229/1481/1274
f 1229/1481/1274 1231/1483/1276 1202/1445/1247
f 1231/1483/1276 1181/1448/1227 1202/1445/1247
f 1231/1483/1276 1204/1485/1249 1181/1448/1227
f 694/1487/692 475/534/474 695/1488/693
f 694/1487/692 474/532/472 475/534/474
f 691/1489/689 474/532/472 694/1487/692
f 691/1489/689 478/536/476 474/532/472
f 690/1490/688 478/536/476 691/1489/689
f 687/1491/685 478/536/476 690/1490/688
f 687/1491/685 480/538/478 478/536/476
f 688/1492/686 480/538/478 687/1491/685
f 480/538/478 688/1492/686 681/1493/679
f 681/1493/679 481/539/479 480/538/478
f 676/1494/674 481/539/479 681/1493/679
f 677/1495/675 481/539/479 676/1494/674
f 481/539/479 677/1495/675 484/549/482
f 670/1496/668 484/549/482 677/1495/675
f 484/549/482 670/1496/668 671/1497/669
f 671/1497/669 486/551/484 484/549/482
f 672/1498/670 486/551/484 671/1497/669
f 845/1499/843 486/551/484 672/1498/670
f 486/551/484 845/1499/843 488/553/486
f 844/1500/842 488/553/486 845/1499/843
f 844/1500/842 490/555/488 488/553/486
f 490/555/488 844/1500/842 753/1501/751
f 490/555/488 753/1501/751 748/1502/746
f 490/555/488 748/1502/746 492/557/490
f 746/1503/744 492/557/490 748/1502/746
f 492/557/490 746/1503/744 744/1504/742
f 492/557/490 744/1504/742 494/559/492
f 741/1505/739 494/559/492 744/1504/742
f 741/1505/739 496/561/494 494/559/492
f 718/1506/716 496/561/494 741/1505/739
f 705/1507/703 496/561/494 718/1506/716
f 498/563/496 496/561/494 705/1507/703
f 704/1508/702 498/563/496 705/1507/703
f 704/1508/702 500/565/498 498/563/496
f 500/565/498 704/1508/702 698/1509/696
f 697/1510/695 500/565/498 698/1509/696
f 475/566/474 500/565/498 697/1510/695
f 475/566/474 697/1510/695 695/1511/693
f 501/599/499 580/1512/578 574/1513/572
f 530/597/528 580/1512/578 501/599/499
f 580/1512/578 530/597/528 579/1514/577
f 530/597/528 585/1515/583 579/1514/577
f 527/594/525 585/1515/583 530/597/528
f 527/594/525 586/1516/584 585/1515/583
f 526/593/524 586/1516/584 527/594/525
f 526/593/524 588/1517/586 586/1516/584
f 588/1517/586 526/593/524 589/1518/587
f 523/590/521 589/1518/587 526/593/524
f 523/590/521 595/1519/593 589/1518/587
f 521/588/519 595/1519/593 523/590/521
f 521/588/519 607/1520/605 595/1519/593
f 608/1521/606 607/1520/605 521/588/519
f 519/586/517 608/1521/606 521/588/519
f 608/1521/606 519/586/517 610/1522/608
f 518/585/516 610/1522/608 519/586/517
f 518/585/516 618/1523/616 610/1522/608
f 518/585/516 624/1524/622 618/1523/616
f 624/1524/622 518/585/516 516/583/514
f 624/1524/622 516/583/514 842/1525/840
f 516/583/514 514/581/512 842/1525/840
f 514/581/512 839/1526/837 842/1525/840
f 839/1526/837 514/581/512 838/1527/836
f 511/578/509 838/1527/836 514/581/512
f 511/578/509 833/1528/831 838/1527/836
f 833/1528/831 511/578/509 832/1529/830
f 511/578/509 509/576/507 832/1529/830
f 509/576/507 836/1530/834 832/1529/830
f 508/575/506 836/1530/834 509/576/507
f 508/575/506 837/1531/835 836/1530/834
f 508/575/506 568/1532/566 837/1531/835
f 505/572/503 568/1532/566 508/575/506
f 505/572/503 567/1533/565 568/1532/566
f 503/569/500 567/1533/565 505/572/503
f 567/1533/565 503/569/500 566/1534/564
f 503/569/500 575/1535/573 566/1534/564
f 575/1535/573 503/569/500 501/568/499
f 575/1535/573 501/568/499 574/1536/572
f 340/1537/338 1233/1538/1278 343/1539/341
f 1233/1538/1278 348/1540/346 343/1539/341
f 348/1540/346 1233/1538/1278 1234/1541/1279
f 1235/1542/1280 1234/1541/1279 1233/1538/1278
f 1236/1543/1281 1235/1542/1280 1233/1538/1278
f 1236/1543/1281 1233/1538/1278 340/1537/338
f 1236/1543/1281 340/1537/338 339/1544/337
f 1237/1545/1282 1236/1543/1281 339/1544/337
f 86/1546/84 1237/1545/1282 339/1544/337
f 81/1547/79 1237/1545/1282 86/1546/84
f 348/1540/346 1234/1541/1279 350/1548/348
f 1234/1541/1279 352/1549/350 350/1548/348
f 1234/1541/1279 1238/1550/1283 352/1549/350
f 1234/1541/1279 1235/1542/1280 1238/1550/1283
f 1239/1551/1284 1238/1550/1283 1235/1542/1280
f 1239/1551/1284 1235/1542/1280 1240/1552/1285
f 1236/1543/1281 1240/1552/1285 1235/1542/1280
f 1237/1545/1282 1240/1552/1285 1236/1543/1281
f 1240/1552/1285 1237/1545/1282 1241/1553/1286
f 1241/1553/1286 1237/1545/1282 81/1547/79
f 1241/1553/1286 81/1547/79 1242/1554/1287
f 1242/1554/1287 81/1547/79 83/1555/81
f 352/1549/350 1238/1550/1283 360/1556/358
f 1238/1550/1283 1243/1557/1288 360/1556/358
f 1238/1550/1283 1239/1551/1284 1243/1557/1288
f 1243/1557/1288 1239/1551/1284 1242/1554/1287
f 1239/1551/1284 1240/1552/1285 1242/1554/1287
f 1242/1554/1287 1240/1552/1285 1241/1553/1286
f 1243/1557/1288 87/1558/85 360/1556/358
f 1243/1557/1288 83/1555/81 87/1558/85
f 1243/1557/1288 1242/1554/1287 83/1555/81
f 1244/1559/1289 1245/1560/1290 689/1561/687
f 1244/1559/1289 689/1561/687 598/1562/596
f 599/1563/597 1244/1559/1289 598/1562/596
f 1246/1564/1291 1244/1559/1289 599/1563/597
f 1246/1564/1291 599/1563/597 1247/1565/1292
f 1247/1565/1292 599/1563/597 603/1566/601
f 604/1567/602 1247/1565/1292 603/1566/601
f 1244/1559/1289 1248/1568/1293 1245/1560/1290
f 1244/1559/1289 1249/1569/1294 1248/1568/1293
f 1246/1564/1291 1249/1569/1294 1244/1559/1289
f 1246/1564/1291 1250/1570/1295 1249/1569/1294
f 1250/1570/1295 1246/1564/1291 1247/1565/1292
f 1247/1565/1292 1251/1571/1296 1250/1570/1295
f 1252/1572/1297 1251/1571/1296 1247/1565/1292
f 1252/1572/1297 1247/1565/1292 604/1567/602
f 1253/1573/1298 1252/1572/1297 604/1567/602
f 1253/1573/1298 604/1567/602 611/1574/609
f 1245/1560/1290 1248/1568/1293 1254/1575/1299
f 1248/1568/1293 66/1576/64 1254/1575/1299
f 1248/1568/1293 65/1577/63 66/1576/64
f 1248/1568/1293 1249/1569/1294 65/1577/63
f 1249/1569/1294 64/1578/62 65/1577/63
f 64/1578/62 1249/1569/1294 63/1579/61
f 1250/1570/1295 63/1579/61 1249/1569/1294
f 1250/1570/1295 1251/1571/1296 63/1579/61
f 1251/1571/1296 62/1580/60 63/1579/61
f 62/1580/60 1251/1571/1296 1255/1581/1300
f 1253/1573/1298 1255/1581/1300 1251/1571/1296
f 1251/1571/1296 1252/1572/1297 1253/1573/1298
f 62/1580/60 1255/1581/1300 61/1582/59
f 1255/1581/1300 56/1583/54 61/1582/59
f 56/1583/54 1255/1581/1300 1256/1584/1301
f 1255/1581/1300 1253/1573/1298 1256/1584/1301
f 1256/1584/1301 1253/1573/1298 612/1585/610
f 612/1585/610 1253/1573/1298 611/1574/609
f 56/1583/54 1256/1584/1301 53/1586/51
f 1256/1584/1301 1257/1587/1302 53/1586/51
f 1256/1584/1301 1258/1588/1303 1257/1587/1302
f 1256/1584/1301 612/1585/610 1258/1588/1303
f 1258/1588/1303 612/1585/610 614/1589/612
f 1259/1590/1304 1258/1588/1303 614/1589/612
f 1259/1590/1304 614/1589/612 625/1591/623
f 626/1592/624 1259/1590/1304 625/1591/623
f 53/1586/51 1257/1587/1302 1260/1593/1305
f 1257/1587/1302 1258/1588/1303 1260/1593/1305
f 1259/1590/1304 1260/1593/1305 1258/1588/1303
f 1261/1594/1306 1260/1593/1305 1259/1590/1304
f 1261/1594/1306 1259/1590/1304 626/1592/624
f 1262/1595/1307 1261/1594/1306 626/1592/624
f 1262/1595/1307 626/1592/624 630/1596/628
f 636/1597/634 1262/1595/1307 630/1596/628
f 636/1597/634 1263/1598/1308 1262/1595/1307
f 642/1599/640 1263/1598/1308 636/1597/634
f 53/1586/51 1260/1593/1305 55/1600/52
f 1260/1593/1305 1264/1601/1309 55/1600/52
f 1261/1594/1306 1264/1601/1309 1260/1593/1305
f 1264/1601/1309 1261/1594/1306 1265/1602/1310
f 1262/1595/1307 1265/1602/1310 1261/1594/1306
f 1265/1602/1310 1262/1595/1307 1266/1603/1311
f 1263/1598/1308 1266/1603/1311 1262/1595/1307
f 1267/1604/1312 1266/1603/1311 1263/1598/1308
f 1267/1604/1312 1263/1598/1308 642/1599/640
f 1268/1605/1313 1267/1604/1312 642/1599/640
f 1268/1605/1313 642/1599/640 643/1606/641
f 55/1600/52 1264/1601/1309 54/1607/53
f 54/1607/53 1264/1601/1309 60/1608/58
f 60/1608/58 1264/1601/1309 1265/1602/1310
f 1265/1602/1310 1266/1603/1311 60/1608/58
f 60/1608/58 1266/1603/1311 59/1609/57
f 1266/1603/1311 58/1610/56 59/1609/57
f 1266/1603/1311 1269/1611/1314 58/1610/56
f 1266/1603/1311 1267/1604/1312 1269/1611/1314
f 1269/1611/1314 1267/1604/1312 1270/1612/1315
f 1268/1605/1313 1270/1612/1315 1267/1604/1312
f 1271/1613/1316 1270/1612/1315 1268/1605/1313
f 1271/1613/1316 1268/1605/1313 643/1606/641
f 1271/1613/1316 643/1606/641 644/1614/642
f 654/1615/652 1271/1613/1316 644/1614/642
f 58/1610/56 1269/1611/1314 1270/1612/1315
f 58/1610/56 1270/1612/1315 70/1616/68
f 1270/1612/1315 71/1617/69 70/1616/68
f 1270/1612/1315 1272/1618/1317 71/1617/69
f 1271/1613/1316 1272/1618/1317 1270/1612/1315
f 1272/1618/1317 1271/1613/1316 1273/1619/1318
f 1273/1619/1318 1271/1613/1316 654/1615/652
f 1274/1620/1319 1273/1619/1318 654/1615/652
f 1274/1620/1319 654/1615/652 657/1621/655
f 658/1622/656 1274/1620/1319 657/1621/655
f 1275/1623/1320 1274/1620/1319 658/1622/656
f 667/1624/665 1275/1623/1320 658/1622/656
f 1276/1625/1321 71/1617/69 1272/1618/1317
f 1273/1619/1318 1276/1625/1321 1272/1618/1317
f 1276/1625/1321 1273/1619/1318 1277/1626/1322
f 1277/1626/1322 1273/1619/1318 1274/1620/1319
f 1277/1626/1322 1274/1620/1319 1275/1623/1320
f 1275/1623/1320 1278/1627/1323 1277/1626/1322
f 1278/1627/1323 1275/1623/1320 1279/1628/1324
f 667/1624/665 1279/1628/1324 1275/1623/1320
f 1280/1629/1325 1279/1628/1324 667/1624/665
f 1280/1629/1325 667/1624/665 673/1630/671
f 674/1631/672 1280/1629/1325 673/1630/671
f 1276/1625/1321 69/1632/67 71/1617/69
f 1276/1625/1321 75/1633/73 69/1632/67
f 1276/1625/1321 1277/1626/1322 75/1633/73
f 1277/1626/1322 74/1634/72 75/1633/73
f 1278/1627/1323 74/1634/72 1277/1626/1322
f 1278/1627/1323 1279/1628/1324 74/1634/72
f 1279/1628/1324 68/1635/66 74/1634/72
f 1012/1636/1326 68/1635/66 1279/1628/1324
f 1280/1629/1325 1012/1636/1326 1279/1628/1324
f 1281/1637/1327 1012/1636/1326 1280/1629/1325
f 1282/1638/1328 1281/1637/1327 1280/1629/1325
f 1282/1638/1328 1280/1629/1325 674/1631/672
f 1283/1639/1329 1282/1638/1328 674/1631/672
f 1283/1639/1329 674/1631/672 682/1640/680
f 683/1641/681 1283/1639/1329 682/1640/680
f 68/1635/66 1012/1636/1326 76/1642/74
f 1012/1636/1326 77/1643/75 76/1642/74
f 1281/1637/1327 77/1643/75 1012/1636/1326
f 77/1643/75 1281/1637/1327 67/1644/65
f 1281/1637/1327 1284/1645/1330 67/1644/65
f 1281/1637/1327 1283/1639/1329 1284/1645/1330
f 1281/1637/1327 1282/1638/1328 1283/1639/1329
f 67/1644/65 1284/1645/1330 1285/1646/1331
f 1284/1645/1330 1286/1647/1332 1285/1646/1331
f 1286/1647/1332 1284/1645/1330 1283/1639/1329
f 683/1641/681 1286/1647/1332 1283/1639/1329
f 1287/1648/1333 1286/1647/1332 683/1641/681
f 1287/1648/1333 683/1641/681 684/1649/682
f 689/1650/687 1287/1648/1333 684/1649/682
f 1245/1651/1290 1287/1648/1333 689/1650/687
f 1285/1646/1331 73/1652/71 67/1644/65
f 73/1652/71 1285/1646/1331 72/1653/70
f 1285/1646/1331 1288/1654/1334 72/1653/70
f 1285/1646/1331 1287/1648/1333 1288/1654/1334
f 1285/1646/1331 1286/1647/1332 1287/1648/1333
f 72/1653/70 1288/1654/1334 66/1655/64
f 66/1655/64 1288/1654/1334 1254/1656/1299
f 1288/1654/1334 1245/1651/1290 1254/1656/1299
f 1288/1654/1334 1287/1648/1333 1245/1651/1290
f 393/1657/391 1289/1658/1335 386/1659/384
f 385/1660/383 386/1659/384 1289/1658/1335
f 385/1660/383 1289/1658/1335 378/1661/376
f 378/1661/376 1289/1658/1335 372/1662/370
f 372/1662/370 1289/1658/1335 365/1663/362
f 365/1663/362 1289/1658/1335 364/1664/363
f 1289/1658/1335 426/1665/424 364/1664/363
f 426/1665/424 1289/1658/1335 425/1666/423
f 425/1666/423 1289/1658/1335 419/1667/417
f 1289/1658/1335 411/1668/409 419/1667/417
f 411/1668/409 1289/1658/1335 410/1669/408
f 409/1670/407 410/1669/408 1289/1658/1335
f 409/1670/407 1289/1658/1335 403/1671/401
f 403/1671/401 1289/1658/1335 402/1672/400
f 402/1672/400 1289/1658/1335 394/1673/392
f 1289/1658/1335 393/1657/391 394/1673/392
f 485/1674/483 1290/1675/1336 483/1676/481
f 482/1677/480 483/1676/481 1290/1675/1336
f 482/1677/480 1290/1675/1336 479/1678/477
f 479/1678/477 1290/1675/1336 477/1679/475
f 477/1679/475 1290/1675/1336 476/1680/473
f 1290/1675/1336 499/1681/497 476/1680/473
f 1290/1675/1336 497/1682/495 499/1681/497
f 1290/1675/1336 495/1683/493 497/1682/495
f 495/1683/493 1290/1675/1336 493/1684/491
f 1290/1675/1336 491/1685/489 493/1684/491
f 491/1685/489 1290/1675/1336 489/1686/487
f 489/1686/487 1290/1675/1336 487/1687/485
f 1290/1675/1336 485/1674/483 487/1687/485
f 506/1688/504 1209/1689/1254 504/1690/502
f 1207/1691/1252 504/1690/502 1209/1689/1254
f 504/1690/502 1207/1691/1252 502/1692/501
f 502/1692/501 1207/1691/1252 1206/1693/1251
f 1232/1694/1277 502/1692/501 1206/1693/1251
f 1232/1694/1277 529/1695/527 502/1692/501
f 529/1695/527 1232/1694/1277 1230/1696/1275
f 529/1695/527 1230/1696/1275 528/1697/526
f 528/1697/526 1230/1696/1275 1228/1698/1273
f 528/1697/526 1228/1698/1273 525/1699/523
f 525/1699/523 1228/1698/1273 1226/1700/1271
f 1226/1700/1271 524/1701/522 525/1699/523
f 1225/1702/1270 524/1701/522 1226/1700/1271
f 524/1701/522 1225/1702/1270 522/1703/520
f 1222/1704/1267 522/1703/520 1225/1702/1270
f 1222/1704/1267 520/1705/518 522/1703/520
f 1221/1706/1266 520/1705/518 1222/1704/1267
f 520/1705/518 1221/1706/1266 517/1707/515
f 1219/1708/1264 517/1707/515 1221/1706/1266
f 517/1707/515 1219/1708/1264 515/1709/513
f 515/1709/513 1219/1708/1264 1217/1710/1262
f 515/1709/513 1217/1710/1262 513/1711/511
f 1216/1712/1261 513/1711/511 1217/1710/1262
f 1216/1712/1261 512/1713/510 513/1711/511
f 512/1713/510 1216/1712/1261 1214/1714/1259
f 512/1713/510 1214/1714/1259 510/1715/508
f 510/1715/508 1214/1714/1259 1213/1716/1258
f 1213/1716/1258 507/1717/505 510/1715/508
f 1211/1718/1256 507/1717/505 1213/1716/1258
f 507/1717/505 1211/1718/1256 506/1688/504
f 1211/1718/1256 1209/1689/1254 506/1688/504
f 198/1719/196 1292/1720/1337 1291/1721/1338
f 198/1719/196 1291/1721/1338 197/1722/195
f 197/1722/195 1291/1721/1338 1293/1723/1339
f 1293/1723/1339 196/1724/194 197/1722/195
f 1293/1723/1339 192/1725/190 196/1724/194
f 192/1725/190 1293/1723/1339 1294/1726/1340
f 1292/1720/1337 198/1719/196 199/1727/197
f 199/1727/197 1295/1728/1341 1292/1720/1337
f 203/1729/201 1295/1728/1341 199/1727/197
f 1295/1728/1341 203/1729/201 1296/1730/1342
f 204/1731/202 1296/1730/1342 203/1729/201
f 204/1731/202 205/1732/203 1296/1730/1342
f 205/1732/203 1297/1733/1343 1296/1730/1342
f 1298/1734/1344 1297/1733/1343 205/1732/203
f 1298/1734/1344 205/1732/203 206/1735/204
f 1298/1734/1344 206/1735/204 207/1736/205
f 207/1736/205 1299/1737/1345 1298/1734/1344
f 1299/1737/1345 207/1736/205 210/1738/208
f 1300/1739/1346 1299/1737/1345 210/1738/208
f 1300/1739/1346 210/1738/208 185/1740/183
f 1297/1733/1343 1298/1734/1344 1301/1741/1347
f 1301/1741/1347 1298/1734/1344 1302/1742/1348
f 1298/1734/1344 1299/1737/1345 1302/1742/1348
f 181/1743/179 1300/1739/1346 185/1740/183
f 182/1744/180 1300/1739/1346 181/1743/179
f 1300/1739/1346 182/1744/180 1303/1745/1349
f 182/1744/180 1304/1746/1350 1303/1745/1349
f 1304/1746/1350 182/1744/180 183/1747/181
f 183/1747/181 1305/1748/1351 1304/1746/1350
f 1305/1748/1351 183/1747/181 184/1749/182
f 184/1749/182 1306/1750/1352 1305/1748/1351
f 186/1751/184 1306/1750/1352 184/1749/182
f 187/1752/185 1306/1750/1352 186/1751/184
f 1306/1750/1352 187/1752/185 1294/1726/1340
f 191/1753/189 1294/1726/1340 187/1752/185
f 1294/1726/1340 191/1753/189 192/1725/190
f 1307/1754/1353 78/1755/76 79/1756/78
f 79/1756/78 337/1757/335 1307/1754/1353
f 1307/1754/1353 337/1757/335 344/1758/342
f 345/1759/343 1307/1754/1353 344/1758/342
f 346/1760/344 1307/1754/1353 345/1759/343
f 1307/1754/1353 346/1760/344 353/1761/351
f 1307/1754/1353 353/1761/351 354/1762/352
f 78/1755/76 1307/1754/1353 82/1763/80
f 82/1763/80 1307/1754/1353 85/1764/83
f 361/1765/359 85/1764/83 1307/1754/1353
f 361/1765/359 1307/1754/1353 362/1766/360
f 1307/1754/1353 357/1767/355 362/1766/360
f 1307/1754/1353 356/1768/354 357/1767/355
f 1307/1754/1353 355/1769/353 356/1768/354
f 355/1769/353 1307/1754/1353 354/1762/352
f 1300/1770/1346 211/1771/209 212/1772/211
f 1300/1770/1346 212/1772/211 1299/1773/1345
f 258/1774/256 1299/1773/1345 212/1772/211
f 256/1775/254 1299/1773/1345 258/1774/256
f 1299/1773/1345 256/1775/254 1308/1776/1354
f 255/1777/253 1308/1776/1354 256/1775/254
f 215/1778/213 211/1771/209 1300/1770/1346
f 215/1778/213 1300/1770/1346 1303/1779/1349
f 1309/1780/1355 215/1778/213 1303/1779/1349
f 215/1778/213 1309/1780/1355 217/1781/215
f 217/1781/215 1309/1780/1355 1310/1782/1356
f 217/1781/215 1310/1782/1356 219/1783/217
f 219/1783/217 1310/1782/1356 1311/1784/1357
f 1311/1784/1357 224/1785/222 219/1783/217
f 224/1785/222 1311/1784/1357 225/1786/223
f 225/1786/223 1311/1784/1357 1312/1787/1358
f 1312/1787/1358 230/1788/228 225/1786/223
f 230/1788/228 1312/1787/1358 232/1789/230
f 232/1789/230 1312/1787/1358 1313/1790/1359
f 1313/1790/1359 234/1791/232 232/1789/230
f 234/1791/232 1313/1790/1359 241/1792/239
f 241/1792/239 1313/1790/1359 1314/1793/1360
f 241/1792/239 1314/1793/1360 242/1794/240
f 1315/1795/1361 242/1794/240 1314/1793/1360
f 242/1794/240 1315/1795/1361 244/1796/242
f 244/1796/242 1315/1795/1361 1316/1797/1362
f 1316/1797/1362 246/1798/244 244/1796/242
f 1316/1797/1362 252/1799/250 246/1798/244
f 252/1799/250 1316/1797/1362 1317/1800/1363
f 251/1801/249 252/1799/250 1317/1800/1363
f 251/1801/249 1317/1800/1363 255/1777/253
f 255/1777/253 1317/1800/1363 1318/1802/1364
f 1308/1776/1354 255/1777/253 1318/1802/1364
f 1308/1776/1354 1318/1802/1364 1301/1803/1347
f 1308/1776/1354 1301/1803/1347 1302/1804/1348
f 1299/1773/1345 1308/1776/1354 1302/1804/1348
f 887/1805/1365 1319/1806/1366 903/1807/1367
f 903/1807/1367 1319/1806/1366 904/1808/1368
f 904/1808/1368 1319/1806/1366 1092/1809/1123
f 1092/1809/1123 1319/1806/1366 906/1810/1121
f 906/1810/1121 1319/1806/1366 874/1811/1369
f 874/1811/1369 1319/1806/1366 875/1812/1370
f 1319/1806/1366 1093/1813/1371 875/1812/1370
f 1093/1813/1371 1319/1806/1366 887/1805/1365
f 1320/1814/1372 909/1815/1373 910/1816/1373
f 929/1817/943 1320/1814/1374 910/1816/941
f 1320/1814/1375 929/1817/1372 927/1818/1376
f 927/1818/1376 923/1819/1377 1320/1814/1375
f 1320/1814/1375 923/1819/1377 917/1820/1378
f 915/1821/923 1320/1814/1379 917/1820/921
f 915/1821/1380 913/1822/1376 1320/1814/1372
f 913/1822/1376 909/1815/1373 1320/1814/1372
f 1321/1823/1381 1041/1824/1382 863/1825/1381
f 1039/1826/1383 1321/1823/1381 863/1825/1381
f 1321/1823/1381 1039/1826/1383 850/1827/1384
f 1037/1828/1385 1321/1823/1381 850/1827/1384
f 1037/1828/1385 847/1829/1385 1321/1823/1381
f 1008/1830/1386 1321/1823/1381 847/1829/1385
f 865/1831/1387 1321/1823/1381 1008/1830/1386
f 865/1831/1387 1041/1824/1382 1321/1823/1381
