# Blender 4.5.3 LTS
# www.blender.org
mtllib GP7WStraps.mtl
o light_gp7b.ogf_04
v -0.094723 0.075114 -0.005716
v -0.093744 0.074449 -0.009089
v -0.094831 0.073927 -0.007273
v 0.088880 0.078934 -0.026876
v 0.091924 0.056930 -0.029290
v 0.091706 0.059130 -0.028738
v -0.079504 -0.011000 0.016922
v -0.080917 -0.012304 0.005197
v -0.081352 -0.013199 -0.003470
v -0.073525 -0.026478 0.019163
v -0.069068 -0.024715 0.028781
v -0.062981 -0.022969 0.039338
v 0.074422 -0.009151 0.026646
v 0.064747 -0.005128 0.047448
v 0.078553 -0.011022 0.017107
v 0.096815 0.065679 -0.011575
v 0.095620 0.074842 -0.008289
v 0.094967 0.074748 -0.009899
v 0.093119 0.075682 -0.006305
v 0.093228 0.074384 -0.007781
v 0.092141 0.074787 -0.009424
v 0.080944 -0.032371 -0.034968
v 0.084097 -0.033217 -0.036106
v 0.084423 -0.032857 -0.035028
v -0.082983 -0.032714 -0.035386
v -0.082765 -0.033170 -0.036477
v -0.079395 -0.032159 -0.035883
v 0.010286 0.169070 0.000627
v 0.009743 0.169142 0.002421
v 0.010286 0.166896 0.002240
v -0.008846 0.169142 0.002421
v -0.009389 0.169070 0.000627
v -0.009389 0.166896 0.002240
v 0.000503 0.167461 -0.003896
v -0.009281 0.167679 -0.004058
v -0.009824 0.168920 -0.003717
v 0.105946 0.062954 0.020625
v 0.104533 0.057585 0.018557
v 0.106055 0.065201 0.020807
v -0.087331 -0.015707 -0.041200
v -0.084505 -0.014962 -0.042425
v -0.083744 -0.014701 -0.039761
v 0.084423 -0.033407 -0.040925
v 0.081597 -0.032759 -0.042162
v 0.080836 -0.032413 -0.039392
v -0.009281 0.170093 -0.004420
v -0.096462 0.075433 -0.014611
v -0.093527 0.075851 -0.015594
v -0.093962 0.075437 -0.013857
v 0.095620 0.057645 -0.018389
v 0.092793 0.057966 -0.019384
v 0.093011 0.057649 -0.017637
v -0.107876 0.067586 0.019877
v -0.110376 0.060135 0.018682
v -0.110811 0.064681 0.019427
v 0.079966 -0.032967 -0.040495
v -0.081896 -0.014282 -0.040744
v 0.000503 0.168908 -0.003625
v 0.010177 0.167679 -0.004058
v 0.010177 0.166557 -0.002973
v 0.083118 -0.014317 -0.040466
v 0.085619 -0.015093 -0.042160
v 0.084966 -0.014736 -0.039483
v -0.009281 0.167607 -0.005853
v -0.077765 -0.031949 -0.040746
v -0.080265 -0.032724 -0.042440
v -0.080591 -0.032749 -0.040656
v -0.083091 -0.033372 -0.041203
v 0.088445 -0.015838 -0.040935
v 0.092141 0.075569 -0.014124
v 0.091706 0.075982 -0.015859
v 0.094750 0.075564 -0.014876
v 0.010177 0.170093 -0.004420
v 0.010177 0.167607 -0.005853
v -0.095266 0.057627 -0.017450
v -0.095049 0.057857 -0.019303
v -0.097875 0.057621 -0.018204
v -0.091679 -0.019765 -0.008599
v -0.091896 -0.027749 -0.007886
v -0.093310 -0.023562 -0.008219
v -0.089940 -0.027173 -0.006968
v 0.093880 0.067896 0.042763
v 0.085184 0.066041 0.061625
v 0.095511 0.069940 0.028722
v -0.017383 -0.095671 -0.135741
v 0.000457 -0.101251 -0.132306
v 0.000457 -0.099884 -0.133146
v 0.018297 -0.095669 -0.135742
v 0.024825 -0.077301 -0.147048
v 0.024827 -0.087145 -0.140988
v -0.017381 -0.068781 -0.152293
v 0.006986 -0.063857 -0.155324
v -0.006071 -0.063858 -0.155323
v 0.018296 -0.068778 -0.152294
v -0.095158 0.064965 -0.007430
v -0.094614 0.065425 -0.009537
v -0.095375 0.056579 -0.010621
v -0.096136 0.054793 -0.008959
v -0.095592 0.056740 -0.011918
v -0.094397 0.076299 -0.006512
v -0.092657 0.077597 -0.012182
v -0.092984 0.075040 -0.011462
v -0.092223 0.075425 -0.013765
v -0.093853 0.066143 -0.012928
v -0.093310 0.066518 -0.015139
v -0.094288 0.057562 -0.016142
v -0.095375 0.056982 -0.013863
v -0.095158 0.054857 -0.015816
v -0.090809 0.078460 -0.017531
v -0.091244 0.075892 -0.016717
v -0.090375 0.076277 -0.019020
v -0.092440 0.066898 -0.018195
v -0.091679 0.067465 -0.020382
v -0.093310 0.058266 -0.021792
v -0.093962 0.055708 -0.021071
v -0.088853 0.076871 -0.022991
v -0.087766 0.079566 -0.024823
v -0.088527 0.076014 -0.024036
v -0.087440 0.078721 -0.025961
v -0.090701 0.057901 -0.029171
v -0.091353 0.059934 -0.026477
v -0.091136 0.056716 -0.028376
v -0.091896 0.058762 -0.025775
v 0.000446 -0.080382 -0.104211
v 0.000451 -0.081759 -0.107317
v 0.000443 -0.077583 -0.101660
v 0.000444 -0.083027 -0.106830
v 0.000444 -0.083287 -0.105636
v 0.000443 -0.086537 -0.105491
v 0.000444 -0.086939 -0.106655
v 0.000443 -0.089259 -0.103816
v 0.000443 -0.090215 -0.104638
v 0.000442 -0.090725 -0.101057
v 0.000442 -0.091978 -0.101318
v 0.000441 -0.088756 -0.095343
v 0.000441 -0.090539 -0.097956
v 0.000441 -0.091757 -0.097585
v 0.000441 -0.089607 -0.094439
v 0.000441 -0.085850 -0.093918
v 0.000440 -0.086110 -0.092724
v 0.000443 -0.078414 -0.098497
v 0.000442 -0.079879 -0.095739
v 0.000441 -0.082602 -0.094063
v 0.000441 -0.082198 -0.092898
v 0.000442 -0.078924 -0.094915
v 0.000448 -0.073338 -0.093270
v -0.039283 -0.014652 0.066874
v -0.032652 -0.012557 0.069858
v -0.032217 -0.011645 0.068088
v -0.044501 -0.016122 0.061240
v -0.044936 -0.016987 0.062638
v -0.050262 -0.019428 0.056885
v -0.056024 -0.021784 0.049639
v -0.064068 -0.023547 0.040020
v 0.070291 -0.007824 0.038185
v 0.065943 -0.005827 0.048303
v 0.055399 0.000600 0.061690
v 0.061160 -0.003238 0.056049
v 0.056160 -0.000157 0.063009
v 0.045289 0.006383 0.071520
v 0.051051 0.002771 0.068821
v 0.045833 0.005375 0.073278
v 0.028005 -0.010681 0.070651
v 0.036375 -0.012131 0.068029
v 0.035832 -0.011220 0.066259
v 0.018983 -0.009660 0.072751
v 0.018656 -0.008651 0.070994
v 0.000394 -0.007646 0.072434
v 0.000394 -0.008763 0.074271
v -0.017542 -0.009838 0.073388
v -0.017325 -0.008818 0.071538
v -0.025369 -0.010940 0.071935
v -0.041349 0.006016 0.072885
v -0.041892 0.005116 0.074562
v -0.046567 0.002444 0.070661
v -0.050915 0.000283 0.063439
v -0.051567 -0.000570 0.064744
v -0.057002 -0.003485 0.057241
v -0.069612 -0.007246 0.037504
v -0.063307 -0.005970 0.048662
v -0.071025 -0.007824 0.038185
v -0.075373 -0.009042 0.026565
v 0.000503 0.167444 -0.008506
v -0.008628 0.163802 -0.010174
v -0.009824 0.168737 -0.009382
v 0.000503 0.163185 -0.009968
v 0.009634 0.163704 -0.010187
v 0.010830 0.168639 -0.009394
v 0.006590 0.170421 -0.000713
v 0.000503 0.171007 0.001710
v -0.005693 0.170421 -0.000713
v 0.088989 -0.016673 -0.035019
v 0.086706 -0.024760 -0.035070
v 0.083771 -0.034957 -0.034815
v 0.083662 -0.036188 -0.033649
v 0.084205 -0.035308 -0.032790
v 0.087141 -0.024853 -0.032731
v 0.089532 -0.015525 -0.033938
v 0.088228 -0.015636 -0.036209
v 0.089532 -0.014523 -0.034850
v 0.088554 -0.014313 -0.039713
v 0.090076 -0.014388 -0.032764
v 0.090184 -0.013289 -0.033664
v 0.087249 -0.014118 -0.045237
v 0.089423 -0.015967 -0.038318
v 0.085727 -0.013917 -0.051606
v 0.085727 -0.015148 -0.050440
v 0.086706 -0.015255 -0.046411
v 0.087249 -0.015349 -0.044072
v 0.085836 -0.012675 -0.052864
v 0.085293 -0.014882 -0.052571
v 0.085184 -0.016114 -0.051405
v 0.085293 -0.013652 -0.053736
v 0.080183 -0.033435 -0.052588
v 0.080836 -0.032201 -0.051402
v 0.080727 -0.033203 -0.050491
v 0.080183 -0.034437 -0.051676
v 0.081597 -0.034648 -0.045215
v 0.081705 -0.033418 -0.046380
v 0.079640 -0.034572 -0.053762
v 0.079531 -0.035574 -0.052851
v 0.082792 -0.034832 -0.039783
v 0.082901 -0.033601 -0.040949
v 0.082249 -0.033512 -0.044041
v 0.084205 -0.024336 -0.046395
v 0.084749 -0.024430 -0.044056
v 0.083118 -0.033100 -0.038631
v 0.085401 -0.024531 -0.040871
v 0.085945 -0.024625 -0.038532
v 0.081270 -0.034674 -0.032335
v 0.080836 -0.035541 -0.033288
v 0.079531 -0.035387 -0.039287
v 0.080510 -0.033061 -0.038155
v 0.083010 -0.023978 -0.038171
v 0.082575 -0.023885 -0.040511
v 0.086271 -0.015207 -0.037284
v 0.085945 -0.012488 -0.039302
v 0.086053 -0.015026 -0.035570
v 0.078335 -0.035193 -0.044811
v 0.079314 -0.032877 -0.043587
v 0.078770 -0.032784 -0.045927
v 0.081814 -0.023796 -0.043602
v 0.081270 -0.023702 -0.045942
v 0.083771 -0.014621 -0.045957
v 0.084314 -0.014715 -0.043618
v 0.084749 -0.012294 -0.044825
v 0.077901 -0.032568 -0.050037
v 0.076705 -0.034939 -0.052396
v 0.077901 -0.031566 -0.050948
v 0.076705 -0.033938 -0.053308
v 0.082466 -0.013007 -0.053375
v 0.082358 -0.015468 -0.051044
v 0.082901 -0.012040 -0.052411
v 0.082792 -0.014502 -0.050080
v 0.087249 -0.012654 -0.033210
v 0.087141 -0.013656 -0.032298
v 0.086053 -0.016027 -0.034658
v 0.084205 -0.024219 -0.032277
v 0.083771 -0.024125 -0.034616
v 0.095728 0.056236 -0.016587
v 0.095511 0.056901 -0.013214
v 0.096598 0.057202 -0.015622
v 0.094315 0.057076 -0.021749
v 0.095946 0.055070 -0.016730
v 0.096924 0.055648 -0.011864
v 0.097033 0.056505 -0.010819
v 0.096598 0.057810 -0.011787
v 0.094098 0.066827 -0.016041
v 0.094859 0.066355 -0.013842
v 0.093663 0.075252 -0.012375
v 0.093337 0.075638 -0.014680
v 0.093663 0.076666 -0.013425
v 0.091815 0.077421 -0.018692
v 0.092250 0.076116 -0.017724
v 0.091489 0.076490 -0.019934
v 0.092467 0.067582 -0.021308
v 0.093228 0.067110 -0.019109
v 0.094532 0.058105 -0.020495
v 0.095293 0.076016 -0.008991
v 0.093663 0.077833 -0.013282
v 0.089641 0.078376 -0.024781
v 0.090076 0.077083 -0.023905
v 0.095728 0.076946 -0.007749
v 0.096489 0.065602 -0.008575
v 0.089858 0.076226 -0.024951
v 0.089423 0.077531 -0.025919
v 0.091924 0.060146 -0.027391
v 0.092467 0.058962 -0.026596
v 0.092141 0.057945 -0.027943
v 0.093772 0.058380 -0.022718
v 0.089206 0.079778 -0.025738
v 0.097359 0.055114 -0.009954
v 0.093663 0.056764 -0.012103
v 0.093663 0.056711 -0.010887
v 0.094532 0.054925 -0.009226
v 0.093663 0.065412 -0.007846
v 0.093011 0.065763 -0.009872
v 0.093119 0.054880 -0.016001
v 0.093119 0.057161 -0.014499
v 0.092032 0.057585 -0.016328
v 0.092032 0.066263 -0.013101
v 0.091271 0.066540 -0.015324
v 0.090510 0.075546 -0.013939
v 0.091271 0.075184 -0.011820
v 0.090836 0.077729 -0.012449
v 0.091706 0.055731 -0.021257
v 0.091054 0.058289 -0.021977
v 0.090402 0.067018 -0.018368
v 0.089641 0.067489 -0.020567
v 0.088662 0.076301 -0.019206
v 0.089423 0.075926 -0.016995
v 0.088989 0.078484 -0.017716
v 0.089641 0.058870 -0.025855
v 0.089097 0.056728 -0.028469
v 0.089206 0.059958 -0.026662
v 0.088771 0.057913 -0.029264
v 0.087032 0.076036 -0.024221
v 0.086053 0.078732 -0.026054
v 0.086380 0.079588 -0.025008
v 0.087249 0.076894 -0.023176
v 0.092793 0.076855 -0.007008
v -0.087005 -0.015602 -0.036486
v -0.088200 -0.015932 -0.038596
v -0.087331 -0.014278 -0.039991
v -0.086135 -0.014095 -0.045422
v -0.088961 -0.013242 -0.034034
v -0.088418 -0.014379 -0.035208
v -0.088309 -0.015393 -0.034204
v -0.087657 -0.016627 -0.035390
v -0.084178 -0.024496 -0.041149
v -0.084613 -0.024579 -0.038903
v -0.081787 -0.033065 -0.038908
v -0.081461 -0.034797 -0.040061
v -0.080374 -0.034615 -0.045492
v -0.080917 -0.033380 -0.044307
v -0.080482 -0.033384 -0.046658
v -0.082983 -0.024314 -0.046581
v -0.083526 -0.024396 -0.044334
v -0.086026 -0.015314 -0.044349
v -0.082439 -0.034911 -0.035185
v -0.082330 -0.036142 -0.034020
v -0.078961 -0.034328 -0.051757
v -0.079613 -0.033180 -0.050676
v -0.082874 -0.033945 -0.034221
v -0.082765 -0.035176 -0.033055
v -0.085809 -0.024710 -0.033089
v -0.088853 -0.014245 -0.033123
v -0.085374 -0.024714 -0.035440
v -0.078417 -0.035465 -0.052931
v -0.079069 -0.033315 -0.052761
v -0.079613 -0.032178 -0.051588
v -0.084178 -0.016091 -0.051590
v -0.084178 -0.014860 -0.052756
v -0.084722 -0.013895 -0.051792
v -0.084613 -0.015124 -0.050626
v -0.078417 -0.034452 -0.053935
v -0.084287 -0.013629 -0.053921
v -0.084722 -0.012664 -0.052957
v -0.085592 -0.015233 -0.046596
v -0.079830 -0.034541 -0.032602
v -0.082874 -0.024075 -0.032635
v -0.082439 -0.024079 -0.034987
v -0.084831 -0.015896 -0.034924
v -0.085918 -0.013610 -0.032669
v -0.084939 -0.014894 -0.035835
v -0.086026 -0.012608 -0.033581
v -0.084831 -0.012454 -0.039579
v -0.085048 -0.015075 -0.037550
v -0.081787 -0.023945 -0.038449
v -0.081243 -0.023862 -0.040696
v -0.079178 -0.032929 -0.038422
v -0.078308 -0.035352 -0.039565
v -0.083635 -0.012271 -0.045011
v -0.083200 -0.014680 -0.043896
v -0.082657 -0.014598 -0.046142
v -0.080591 -0.023761 -0.043880
v -0.080156 -0.023680 -0.046127
v -0.077547 -0.032750 -0.046204
v -0.078091 -0.032746 -0.043853
v -0.077113 -0.035073 -0.044984
v -0.081787 -0.014490 -0.050172
v -0.081896 -0.012030 -0.052503
v -0.081243 -0.015456 -0.051137
v -0.081461 -0.012995 -0.053468
v -0.076786 -0.031543 -0.051133
v -0.075591 -0.033817 -0.053481
v -0.075482 -0.034830 -0.052476
v -0.076678 -0.032545 -0.050222
v -0.079395 -0.035507 -0.033565
v -0.097549 0.065615 -0.010266
v -0.096571 0.074312 -0.009576
v -0.097223 0.074384 -0.007780
v -0.098419 0.057677 -0.011521
v -0.098745 0.056385 -0.010645
v -0.097440 0.056781 -0.013041
v -0.098636 0.055528 -0.011691
v -0.097875 0.056201 -0.016309
v -0.098854 0.054125 -0.010734
v -0.096679 0.055800 -0.021812
v -0.096571 0.057064 -0.021657
v -0.098093 0.065143 -0.008067
v -0.098962 0.054983 -0.009688
v -0.097549 0.075206 -0.006457
v -0.097006 0.075558 -0.008483
v -0.097332 0.076392 -0.007252
v -0.095484 0.077690 -0.012923
v -0.095484 0.076535 -0.013159
v -0.093636 0.077386 -0.018414
v -0.091136 0.078353 -0.024596
v -0.090592 0.079658 -0.025564
v -0.095810 0.075132 -0.012202
v -0.095158 0.075604 -0.014402
v -0.094071 0.076081 -0.017446
v -0.093201 0.076369 -0.019761
v -0.091679 0.076962 -0.023732
v -0.096136 0.066804 -0.015856
v -0.096679 0.066224 -0.013577
v -0.098636 0.057178 -0.015437
v -0.094505 0.067558 -0.021123
v -0.095266 0.067087 -0.018924
v -0.096788 0.058081 -0.020310
v -0.096027 0.058358 -0.022533
v -0.094614 0.058951 -0.026503
v -0.094288 0.057923 -0.027757
v -0.093744 0.059011 -0.028565
v -0.094071 0.060124 -0.027206
v -0.090809 0.077507 -0.025734
v -0.090266 0.078910 -0.026690
v -0.093418 0.057993 -0.029912
v -0.093853 0.056906 -0.029105
v 0.011156 0.169187 0.003650
v 0.013547 0.169164 0.003835
v 0.000503 0.169243 0.004785
v 0.012243 0.169120 0.002607
v 0.012134 0.168868 -0.002502
v 0.012134 0.168684 -0.008165
v 0.012134 0.168530 -0.014860
v 0.013439 0.168389 -0.016100
v -0.010150 0.169198 0.003557
v 0.000503 0.169142 0.002421
v -0.011237 0.169120 0.002607
v -0.011237 0.168964 -0.002489
v -0.009389 0.168724 -0.002143
v -0.011564 0.169243 0.004785
v -0.012651 0.169164 0.003835
v -0.011129 0.168782 -0.008154
v 0.000503 0.169009 -0.001262
v 0.010830 0.169009 -0.001262
v -0.011129 0.168530 -0.014860
v -0.009824 0.168576 -0.013633
v -0.009824 0.168826 -0.006926
v -0.012433 0.168486 -0.016089
v -0.010042 0.168548 -0.015799
v -0.008737 0.168605 -0.014664
v 0.009743 0.168605 -0.014664
v 0.011047 0.168548 -0.015799
v 0.010830 0.168576 -0.013633
v -0.011346 0.168504 -0.017026
v 0.012352 0.168407 -0.017039
v 0.010830 0.168729 -0.006938
v 0.000503 0.168834 -0.009369
v 0.000503 0.168826 -0.006926
v 0.012460 0.166647 0.005031
v 0.000503 0.166647 0.005031
v 0.000503 0.166558 0.002575
v -0.011564 0.166647 0.005031
v 0.013547 0.166579 0.003988
v 0.013439 0.166271 -0.002255
v 0.010830 0.166412 -0.001016
v 0.000503 0.166509 -0.001004
v -0.009281 0.166557 -0.002973
v -0.009824 0.166412 -0.001016
v -0.012433 0.166368 -0.002244
v 0.013330 0.165990 -0.007931
v 0.010721 0.166131 -0.006692
v 0.010721 0.166043 -0.009148
v 0.000503 0.166326 -0.006668
v 0.000503 0.166237 -0.009124
v -0.009824 0.166140 -0.009135
v -0.009824 0.166229 -0.006680
v -0.012433 0.166087 -0.007920
v 0.010721 0.165979 -0.013387
v 0.013330 0.165792 -0.015855
v 0.009634 0.166008 -0.014417
v 0.012243 0.165810 -0.016792
v 0.000503 0.166005 -0.016769
v -0.008737 0.166008 -0.014417
v -0.011346 0.165908 -0.016781
v -0.012433 0.165890 -0.015842
v -0.009824 0.165979 -0.013387
v -0.012651 0.166579 0.003988
v 0.009634 0.171892 -0.013321
v 0.009634 0.164018 -0.014286
v 0.009851 0.171852 -0.008247
v 0.008764 0.173164 -0.010061
v 0.008873 0.173144 -0.013073
v 0.006590 0.173092 -0.000762
v 0.000503 0.173702 0.001476
v -0.005585 0.173092 -0.000762
v -0.008955 0.171852 -0.008247
v -0.008737 0.171892 -0.013321
v -0.008628 0.164114 -0.014273
v -0.087331 -0.031367 -0.039076
v -0.090048 -0.025913 -0.036904
v -0.087440 -0.025072 -0.036518
v -0.084613 -0.030503 -0.038877
v -0.083961 -0.034242 -0.046105
v -0.082983 -0.034043 -0.050876
v -0.085157 -0.033623 -0.047909
v -0.086679 -0.025218 -0.045657
v -0.090701 -0.020026 -0.039003
v -0.089179 -0.016588 -0.046010
v -0.075373 -0.031495 -0.047554
v -0.074830 -0.031618 -0.051331
v -0.084505 -0.033677 -0.050643
v -0.089831 -0.017924 -0.047960
v -0.088200 -0.016766 -0.050921
v -0.088092 -0.019174 -0.038710
v -0.089288 -0.017871 -0.050774
v -0.085265 -0.025109 -0.051285
v -0.080156 -0.014450 -0.051296
v -0.080591 -0.014339 -0.047427
v -0.005585 0.170440 0.031636
v 0.000503 0.171010 0.033398
v -0.007976 0.169722 0.029478
v 0.010069 0.168303 0.024228
v -0.009172 0.168303 0.024228
v -0.009281 0.166464 0.016010
v 0.010286 0.166453 0.016103
v -0.009281 0.164860 0.006692
v 0.008873 0.169722 0.029478
v 0.006481 0.170440 0.031636
v 0.010286 0.164860 0.006692
v 0.010177 0.165260 0.001100
v -0.009281 0.165129 0.001365
v -0.009281 0.167458 -0.000700
v 0.010286 0.167458 -0.000700
v 0.105403 0.068364 0.019972
v 0.103881 0.070562 0.018173
v 0.100403 0.071888 0.013069
v 0.099859 0.055094 0.010824
v 0.095620 0.055479 0.002972
v 0.095946 0.072748 0.005371
v 0.092250 0.073774 -0.002872
v 0.092141 0.056259 -0.005676
v 0.090945 0.074625 -0.008127
v 0.103011 0.055712 0.016165
v 0.091163 0.057010 -0.011697
v 0.092793 0.075045 -0.010708
v 0.094424 0.057224 -0.015808
v 0.087249 -0.015422 -0.038721
v 0.082140 -0.032775 -0.037275
v 0.084749 -0.014734 -0.035534
v 0.081270 -0.032291 -0.030069
v 0.085401 -0.015014 -0.030114
v 0.083336 -0.032493 -0.022102
v 0.087575 -0.015691 -0.022299
v 0.090510 -0.016396 -0.015051
v 0.085836 -0.032529 -0.014677
v 0.091489 -0.027265 -0.006227
v 0.088228 -0.031876 -0.009613
v 0.092684 -0.017710 -0.010040
v 0.093119 -0.019942 -0.007963
v 0.092902 -0.022981 -0.006549
v 0.091054 0.067011 0.052246
v 0.087141 0.065766 0.062248
v 0.073118 0.065313 0.074605
v 0.081705 0.065146 0.069601
v 0.074531 0.065055 0.075890
v 0.043550 -0.014192 0.064767
v 0.049420 -0.016539 0.060624
v 0.054529 -0.019027 0.055242
v 0.059203 -0.021594 0.048909
v 0.063878 -0.023512 0.039742
v 0.068443 -0.024715 0.028781
v 0.072900 -0.026587 0.019243
v 0.076705 -0.027975 0.007413
v 0.082140 -0.012470 0.005740
v 0.079640 -0.029603 -0.001719
v 0.084749 -0.013862 -0.002892
v 0.086053 -0.014730 -0.010992
v 0.081162 -0.030887 -0.010433
v 0.081705 -0.031758 -0.019284
v 0.086162 -0.015042 -0.019587
v 0.081379 -0.032086 -0.028539
v 0.085510 -0.015004 -0.028608
v -0.077113 -0.031627 -0.036194
v -0.081352 -0.014167 -0.036122
v -0.086679 -0.031796 -0.010262
v -0.084287 -0.032459 -0.015233
v -0.089179 -0.016230 -0.015595
v -0.081896 -0.032338 -0.022552
v -0.086353 -0.015536 -0.022750
v -0.084178 -0.014979 -0.030392
v -0.079939 -0.032147 -0.030428
v -0.083635 -0.014699 -0.035812
v -0.091353 -0.017532 -0.010677
v -0.080809 -0.032741 -0.037552
v -0.086026 -0.015388 -0.038998
v -0.108528 0.062394 0.020368
v -0.108202 0.060180 0.019910
v -0.107006 0.057231 0.018232
v -0.105267 0.055346 0.015932
v -0.101789 0.054814 0.010695
v -0.102658 0.071162 0.013357
v -0.096897 0.055371 0.003053
v -0.097549 0.071975 0.006029
v -0.093636 0.073002 -0.002215
v -0.093527 0.056031 -0.005423
v -0.092331 0.074345 -0.008256
v -0.093092 0.056733 -0.011072
v -0.106354 0.069870 0.018182
v -0.094505 0.074707 -0.010374
v -0.096571 0.057202 -0.015622
v -0.086026 -0.015335 -0.034667
v -0.086461 -0.015465 -0.030451
v -0.088527 -0.016073 -0.023192
v -0.091136 -0.016927 -0.016338
v -0.093201 -0.018315 -0.011525
v 0.095837 0.075035 -0.012215
v 0.094532 0.073712 -0.003162
v 0.098120 0.072839 0.004630
v 0.102468 0.071941 0.011854
v 0.105838 0.070615 0.016957
v 0.107360 0.068502 0.018861
v 0.108121 0.065253 0.019591
v 0.043006 -0.013293 0.063091
v 0.053768 -0.018294 0.054109
v 0.062573 -0.022922 0.038968
v 0.074857 -0.027455 0.007195
v 0.079422 -0.031151 -0.019398
v 0.078444 -0.031770 -0.035834
v -0.092984 0.075287 -0.012653
v -0.089940 0.074648 -0.008312
v 0.087141 -0.015381 -0.034297
v 0.087684 -0.015609 -0.030093
v 0.089858 -0.016228 -0.022741
v 0.092467 -0.017007 -0.015690
v 0.094532 -0.018493 -0.010889
v 0.094859 -0.023654 -0.007478
v 0.093554 -0.027927 -0.007249
v 0.091815 -0.030739 -0.008440
v 0.090184 -0.032562 -0.010450
v 0.087901 -0.033226 -0.015421
v 0.085510 -0.033030 -0.022544
v 0.083553 -0.032788 -0.030036
v 0.083118 -0.032852 -0.034275
v 0.085293 -0.033644 -0.038227
v 0.082466 -0.014202 -0.035844
v 0.040941 0.007447 0.076446
v 0.032788 0.012335 0.079207
v 0.036593 0.009201 0.079011
v 0.033440 0.011229 0.080953
v 0.030614 0.015078 0.080954
v 0.031266 0.013864 0.082780
v 0.029962 0.017299 0.084517
v 0.029636 0.026157 0.085509
v 0.029636 0.021255 0.086036
v 0.030179 0.025137 0.087358
v 0.031375 0.030119 0.086183
v 0.032027 0.029186 0.088137
v 0.035180 0.033606 0.088303
v 0.038658 0.038315 0.086152
v 0.039419 0.037587 0.088038
v 0.044528 0.040676 0.087006
v 0.056051 0.045399 0.081567
v 0.050290 0.042936 0.085496
v 0.056921 0.044888 0.083291
v 0.064095 0.046356 0.079427
v 0.070074 0.047735 0.073109
v 0.071378 0.047391 0.074289
v 0.010177 0.165031 -0.004194
v -0.009281 0.165031 -0.004194
v -0.009281 0.163340 0.000676
v 0.010286 0.163242 0.000664
v -0.083526 -0.013707 -0.003344
v -0.084722 -0.014671 -0.011455
v -0.084831 -0.014983 -0.020049
v -0.084287 -0.014958 -0.028979
v -0.096245 0.076786 -0.024694
v -0.087766 0.077335 -0.024344
v -0.088309 0.076668 -0.020571
v -0.097332 0.076090 -0.019890
v -0.098093 0.075371 -0.022046
v -0.097549 0.075997 -0.024696
v -0.099723 0.059195 -0.024499
v -0.099180 0.059540 -0.027278
v -0.096245 0.068141 -0.026599
v -0.097114 0.071644 -0.012724
v -0.100049 0.071485 -0.013026
v -0.098636 0.065341 -0.011240
v -0.101354 0.065204 -0.011727
v -0.100919 0.059865 -0.014825
v -0.098093 0.060026 -0.014524
v -0.098962 0.057883 -0.022685
v -0.097875 0.058871 -0.027453
v -0.097658 0.067158 -0.021078
v -0.090157 0.058874 -0.023504
v -0.089505 0.059444 -0.027289
v -0.087657 0.068678 -0.026158
v 0.098446 0.071725 -0.013373
v 0.099750 0.065542 -0.012061
v 0.095511 0.071873 -0.012978
v 0.095620 0.076210 -0.020063
v 0.094859 0.076810 -0.024879
v 0.096707 0.075491 -0.022219
v 0.095728 0.067181 -0.021263
v 0.098989 0.059900 -0.015103
v 0.096815 0.057907 -0.022870
v 0.086597 0.076702 -0.020849
v 0.086380 0.077358 -0.024529
v 0.096272 0.076032 -0.024974
v 0.097685 0.059217 -0.024684
v 0.095946 0.058895 -0.027638
v 0.096054 0.060049 -0.014709
v 0.097250 0.059564 -0.027463
v 0.087793 0.058885 -0.023596
v 0.087467 0.059455 -0.027381
v -0.097549 0.074795 -0.011868
v -0.095919 0.072939 -0.002505
v -0.099832 0.071970 0.005275
v -0.104724 0.070899 0.012290
v -0.108311 0.069813 0.017047
v -0.109941 0.067724 0.018765
v -0.009281 0.170524 -0.001547
v 0.010286 0.170524 -0.001547
v 0.010286 0.166816 0.006838
v -0.009389 0.166816 0.006838
v 0.010286 0.168466 0.015785
v -0.009389 0.168466 0.015785
v 0.010177 0.170230 0.023805
v 0.000503 0.172899 0.032501
v -0.009172 0.170230 0.023805
v -0.007976 0.171553 0.029045
v -0.005585 0.172379 0.031121
v 0.008982 0.171553 0.029045
v 0.006481 0.172379 0.031121
v -0.073417 -0.027300 0.006744
v -0.075265 -0.027820 0.006962
v -0.078200 -0.029544 -0.002182
v -0.079721 -0.030828 -0.010896
v -0.080265 -0.031603 -0.019735
v -0.077982 -0.031106 -0.019768
v -0.079939 -0.032040 -0.028910
v 0.018113 0.010036 0.084191
v -0.017651 0.027300 0.091385
v 0.000177 0.040270 0.097394
v 0.030505 0.050974 0.094662
v -0.030043 0.013840 0.082966
v -0.029174 0.017276 0.084703
v -0.028956 0.021112 0.086395
v -0.029500 0.025068 0.087914
v -0.031348 0.029093 0.088877
v -0.034392 0.033370 0.089402
v -0.038414 0.037230 0.089311
v -0.029826 0.050560 0.096398
v -0.031783 0.011183 0.081324
v -0.034283 0.009035 0.079556
v -0.037870 0.007235 0.077361
v -0.043197 0.040308 0.088372
v -0.040805 0.069652 0.093661
v -0.034609 0.072011 0.096112
v -0.029717 0.075190 0.097536
v 0.000177 0.054302 0.100430
v -0.048741 0.042689 0.086689
v -0.048088 0.067992 0.090354
v -0.056024 0.066520 0.086318
v -0.054937 0.044721 0.083835
v -0.064068 0.065587 0.081126
v -0.061785 0.046368 0.079336
v -0.072112 0.065267 0.074976
v -0.069068 0.047472 0.073640
v -0.025804 0.079347 0.098233
v 0.000177 0.079041 0.101487
v 0.026483 0.079381 0.097956
v 0.030397 0.075345 0.097085
v 0.035397 0.072092 0.095464
v 0.041919 0.069842 0.092931
v -0.022325 0.083853 0.098504
v -0.019282 0.088817 0.098265
v 0.000285 0.098540 0.097859
v 0.019961 0.088938 0.098092
v 0.023005 0.083888 0.098226
v -0.016781 0.094360 0.097346
v -0.014607 0.100057 0.095976
v -0.012651 0.106018 0.094074
v -0.011129 0.112352 0.091559
v 0.000394 0.118942 0.089358
v 0.011917 0.112363 0.091466
v 0.013330 0.106127 0.093994
v 0.015287 0.100177 0.095803
v 0.017461 0.094371 0.097254
v -0.010042 0.119046 0.088524
v 0.010830 0.119057 0.088432
v 0.049637 0.068072 0.089706
v 0.058116 0.066542 0.086133
v 0.066487 0.065444 0.081485
v -0.033739 0.010140 0.077810
v -0.029500 0.014946 0.081221
v -0.028304 0.022217 0.084650
v -0.030696 0.029918 0.087004
v -0.037761 0.037947 0.087518
v -0.054176 0.045222 0.082203
v -0.067873 0.047804 0.072553
v -0.094071 0.067868 0.042196
v -0.095158 0.070412 0.019377
v -0.088309 0.067487 0.050800
v -0.090483 0.067247 0.051147
v -0.085918 0.066156 0.060698
v -0.079721 0.065514 0.068235
v -0.070808 0.065503 0.073876
v -0.076243 0.048192 0.067053
v -0.082330 0.048847 0.059423
v -0.086896 0.049886 0.049489
v -0.090809 0.050712 0.040470
v -0.094179 0.052528 0.026682
v -0.096897 0.069476 0.028477
v -0.097658 0.070240 0.019167
v -0.095919 0.053327 0.017095
v -0.096245 0.071233 0.009604
v -0.095375 0.054571 0.007092
v -0.093853 0.072673 -0.000374
v -0.093527 0.055777 -0.003385
v -0.009389 0.126026 0.084773
v -0.009933 0.118029 0.087177
v -0.009172 0.133243 0.079921
v -0.009063 0.138059 0.073741
v -0.009172 0.139630 0.074592
v -0.009172 0.145459 0.067407
v -0.009172 0.148474 0.060631
v -0.009172 0.150264 0.061321
v -0.009281 0.154313 0.054953
v -0.009281 0.156687 0.043020
v -0.009281 0.158585 0.043628
v -0.009281 0.161229 0.035866
v -0.009281 0.161294 0.027411
v -0.009281 0.163312 0.027847
v -0.009281 0.164625 0.018887
v -0.009389 0.165179 0.008894
v -0.083961 -0.033501 -0.038586
v -0.081787 -0.032807 -0.034645
v -0.082222 -0.032742 -0.030406
v -0.083961 -0.032972 -0.023006
v -0.086352 -0.033060 -0.015965
v -0.088527 -0.032384 -0.011087
v -0.090266 -0.030561 -0.009076
v 0.107794 0.060684 0.019031
v 0.106599 0.057626 0.017434
v 0.105077 0.055742 0.015134
v 0.101924 0.055123 0.009793
v 0.097902 0.055474 0.002219
v 0.094532 0.056197 -0.005966
v -0.095919 0.055968 -0.005712
v -0.099288 0.055365 0.002300
v -0.103963 0.054843 0.009664
v -0.107441 0.055387 0.014808
v -0.109181 0.057272 0.017108
v 0.091271 0.075420 -0.012920
v 0.092250 0.055995 -0.003546
v 0.092467 0.073457 -0.001124
v 0.093989 0.054669 0.007104
v 0.094641 0.071984 0.009132
v 0.094315 0.053595 0.017316
v 0.095837 0.070847 0.019054
v 0.093119 0.052665 0.027169
v 0.090728 0.050620 0.041211
v 0.087684 0.049639 0.050681
v 0.083662 0.048479 0.060788
v 0.078227 0.047945 0.068245
v 0.010286 0.165179 0.008894
v 0.010286 0.164625 0.018887
v 0.010286 0.163312 0.027847
v 0.010286 0.161229 0.035866
v 0.010286 0.158585 0.043628
v 0.010177 0.154324 0.054860
v 0.010069 0.150264 0.061321
v 0.010069 0.145459 0.067407
v 0.009960 0.139642 0.074500
v 0.010069 0.133243 0.079921
v 0.010177 0.126135 0.084691
v 0.090184 0.057701 -0.017254
v 0.088880 0.057020 -0.011789
v 0.092032 0.053669 0.017513
v 0.080075 -0.011938 0.005429
v 0.083771 -0.014220 -0.011117
v 0.010721 0.118137 0.087097
v 0.013112 0.105448 0.092311
v 0.017026 0.094019 0.095330
v 0.025831 0.079429 0.095987
v 0.034636 0.072225 0.093600
v 0.057138 0.066751 0.084466
v 0.085619 0.049890 0.050242
v 0.076705 0.048267 0.067250
v 0.093228 0.070036 0.028733
v 0.088445 0.074877 -0.008567
v 0.089315 0.075717 -0.013729
v 0.010286 0.162596 0.018545
v 0.010286 0.156687 0.043020
v 0.010069 0.148474 0.060631
v 0.009960 0.138059 0.073741
v 0.010177 0.124890 0.083598
v -0.055154 0.066716 0.084744
v -0.040044 0.069883 0.091808
v -0.029065 0.075335 0.095579
v -0.018847 0.088562 0.096353
v -0.012433 0.105437 0.092404
v -0.080482 0.049122 0.058799
v -0.091788 0.052722 0.026705
v -0.090701 0.057010 -0.011697
v -0.092440 0.057677 -0.017068
v 0.000461 -0.046565 -0.132449
v 0.000459 -0.047984 -0.136571
v -0.002568 -0.047290 -0.136783
v -0.002568 -0.045846 -0.132593
v -0.004784 -0.043953 -0.133186
v -0.005597 -0.042797 -0.138152
v -0.005596 -0.041323 -0.133874
v -0.004786 -0.038686 -0.134541
v -0.002569 -0.038303 -0.139520
v -0.002568 -0.036780 -0.135092
v 0.000459 -0.036110 -0.135381
v 0.003488 -0.038303 -0.139521
v 0.003488 -0.036779 -0.135093
v 0.005704 -0.038686 -0.134541
v 0.006517 -0.042797 -0.138153
v 0.006516 -0.041322 -0.133875
v 0.005704 -0.043953 -0.133187
v 0.003490 -0.047290 -0.136783
v 0.003490 -0.045846 -0.132593
v -0.035973 0.008842 -0.149433
v -0.026215 0.024033 -0.150108
v -0.032206 0.017016 -0.149797
v -0.037259 0.000066 -0.149044
v -0.021055 -0.019301 -0.148734
v 0.000452 0.033954 -0.150552
v -0.009320 0.032801 -0.150500
v -0.018410 0.029415 -0.150349
v -0.035974 -0.008705 -0.148653
v -0.032201 -0.016879 -0.148289
v -0.026205 -0.023898 -0.147974
v -0.018393 -0.029284 -0.147734
v -0.009306 -0.032670 -0.147583
v 0.000457 -0.033823 -0.147532
v 0.027111 -0.023898 -0.147977
v 0.038161 0.000066 -0.149043
v 0.027119 0.024033 -0.150109
v 0.010223 0.032801 -0.150500
v 0.019313 0.029415 -0.150350
v 0.010219 -0.032670 -0.147585
v 0.019305 -0.029283 -0.147737
v 0.036874 0.008842 -0.149433
v 0.033109 0.017016 -0.149797
v 0.036874 -0.008705 -0.148653
v 0.033107 -0.016878 -0.148290
v 0.022849 -0.110296 -0.130325
v 0.029494 -0.109504 -0.130812
v 0.029548 -0.114389 -0.137871
v 0.019111 -0.121330 -0.146396
v -0.021942 -0.110296 -0.130325
v -0.018208 -0.121330 -0.146396
v -0.028644 -0.114389 -0.137871
v -0.028588 -0.109506 -0.130812
v 0.023892 -0.120540 -0.146939
v -0.022987 -0.120540 -0.146939
v -0.012705 0.079783 -0.119298
v -0.020730 0.086347 -0.117659
v -0.027683 0.087422 -0.117216
v -0.019474 0.080783 -0.118743
v -0.013910 0.074632 -0.119234
v -0.010230 0.075748 -0.119462
v -0.009573 0.071351 -0.119448
v -0.008362 0.071514 -0.118584
v -0.009077 0.076107 -0.118603
v -0.029236 0.084598 -0.116819
v -0.025051 0.081290 -0.117299
v -0.018108 0.076934 -0.118321
v -0.015965 0.070599 -0.118555
v -0.013473 0.070890 -0.119230
v -0.042561 0.085869 -0.112434
v -0.042691 0.083878 -0.111842
v -0.053515 0.086103 -0.106918
v -0.062631 0.083782 -0.099954
v -0.063356 0.085762 -0.100035
v -0.074748 0.081075 -0.087571
v -0.042006 0.088913 -0.112700
v -0.053576 0.089124 -0.106944
v -0.063911 0.088794 -0.099657
v -0.073034 0.084273 -0.090575
v -0.078280 0.080495 -0.083568
v -0.078309 0.076603 -0.082442
v -0.041388 0.089851 -0.111943
v -0.063352 0.089734 -0.098894
v -0.074059 0.087061 -0.089436
v -0.081316 0.079393 -0.078408
v -0.082402 0.071121 -0.075886
v -0.080791 0.070686 -0.078954
v -0.079175 0.070416 -0.080727
v -0.024894 0.088425 -0.109276
v -0.037792 0.089971 -0.105151
v -0.057525 0.089916 -0.093705
v -0.066625 0.088110 -0.084468
v -0.076743 0.086059 -0.084170
v -0.019266 0.086480 -0.110408
v -0.014858 0.083849 -0.111011
v -0.011181 0.080473 -0.112008
v -0.008197 0.071837 -0.112362
v -0.069488 0.086236 -0.080501
v -0.071354 0.083524 -0.077085
v -0.080781 0.079923 -0.077249
v -0.081890 0.071275 -0.074605
v -0.080730 0.059660 -0.076305
v -0.081214 0.059829 -0.077592
v -0.073861 0.076218 -0.072748
v -0.073283 0.059911 -0.073593
v -0.070510 0.045990 -0.077535
v -0.077688 0.045349 -0.080947
v -0.075797 0.038986 -0.085503
v -0.078219 0.053888 -0.082465
v -0.076577 0.054578 -0.084067
v -0.064921 0.032419 -0.084483
v -0.072008 0.032048 -0.088523
v -0.068103 0.027586 -0.094193
v -0.072460 0.041922 -0.089105
v -0.060947 0.027076 -0.088633
v -0.067674 0.026795 -0.093214
v -0.058313 0.021640 -0.102500
v -0.052038 0.020990 -0.096062
v -0.046071 0.021997 -0.109807
v -0.046693 0.020549 -0.099606
v -0.040914 0.021240 -0.102765
v -0.035144 0.023311 -0.105189
v -0.038797 0.023499 -0.111986
v -0.029312 0.027071 -0.107141
v -0.026113 0.032242 -0.115931
v -0.033498 0.027954 -0.114923
v -0.040910 0.027282 -0.112191
v -0.052050 0.026151 -0.106110
v -0.024797 0.032090 -0.109710
v -0.015901 0.045547 -0.117734
v -0.015755 0.043865 -0.111126
v -0.010098 0.059896 -0.118424
v -0.011336 0.060063 -0.119262
v -0.017099 0.045949 -0.118510
v -0.029804 0.035186 -0.116009
v -0.011948 0.052998 -0.111583
v -0.008259 0.066634 -0.113011
v -0.015223 0.060683 -0.118962
v -0.026657 0.042135 -0.116315
v -0.036448 0.032409 -0.113516
v -0.017697 0.061102 -0.118235
v -0.057197 0.026745 -0.102806
v -0.065615 0.032066 -0.096017
v -0.016618 0.070634 -0.111024
v -0.020024 0.055419 -0.110324
v -0.025820 0.043252 -0.108853
v -0.033988 0.033979 -0.106403
v -0.047157 0.027918 -0.100042
v -0.010511 0.061555 -0.102686
v -0.018545 0.042612 -0.101384
v -0.027333 0.032878 -0.099248
v -0.036733 0.027560 -0.095354
v -0.009007 0.071072 -0.102856
v -0.041308 0.026622 -0.092846
v -0.045870 0.027220 -0.089878
v -0.051538 0.028514 -0.097242
v -0.058721 0.033654 -0.091529
v -0.064617 0.043061 -0.085804
v -0.053204 0.032552 -0.083686
v -0.058989 0.042415 -0.077339
v -0.068334 0.055354 -0.081504
v -0.070742 0.070473 -0.078612
v -0.068849 0.078274 -0.081803
v -0.063456 0.061360 -0.071107
v -0.064520 0.070883 -0.069621
v -0.063843 0.077095 -0.071261
v -0.061067 0.081530 -0.075978
v -0.064602 0.081370 -0.087077
v -0.048251 0.082921 -0.100435
v -0.028333 0.081653 -0.108824
v -0.050842 0.084206 -0.087315
v -0.042487 0.084503 -0.093076
v -0.033076 0.084244 -0.097620
v -0.021776 0.083152 -0.101144
v -0.013712 0.079764 -0.102592
v -0.020819 0.078512 -0.110550
v -0.016893 0.073904 -0.111047
v -0.009276 0.074370 -0.102877
v 0.011397 0.061555 -0.102686
v 0.009888 0.071072 -0.102856
v 0.017502 0.070634 -0.111024
v 0.020915 0.055419 -0.110324
v 0.019440 0.042612 -0.101384
v 0.026718 0.043252 -0.108853
v 0.028233 0.032878 -0.099248
v 0.034889 0.033979 -0.106403
v 0.037634 0.027560 -0.095355
v 0.018586 0.061102 -0.118235
v 0.027556 0.042135 -0.116315
v 0.037349 0.032409 -0.113516
v 0.048059 0.027918 -0.100046
v 0.042211 0.026625 -0.092847
v 0.046773 0.027220 -0.089880
v 0.016853 0.070599 -0.118555
v 0.052952 0.026153 -0.106112
v 0.052443 0.028515 -0.097247
v 0.059632 0.033656 -0.091536
v 0.054111 0.032552 -0.083689
v 0.065543 0.043062 -0.085812
v 0.059901 0.042415 -0.077344
v 0.069277 0.055355 -0.081510
v 0.063298 0.055067 -0.072698
v 0.058101 0.026745 -0.102812
v 0.066529 0.032067 -0.096027
v 0.073397 0.041926 -0.089115
v 0.077539 0.054580 -0.084075
v 0.080119 0.070408 -0.080690
v 0.071578 0.070454 -0.078508
v 0.065303 0.070859 -0.069502
v 0.064406 0.077002 -0.070837
v 0.069456 0.078199 -0.081449
v 0.063225 0.079366 -0.072669
v 0.065210 0.081295 -0.086730
v 0.059157 0.082713 -0.078396
v 0.079132 0.076571 -0.082296
v 0.075503 0.081027 -0.087349
v 0.063522 0.083766 -0.099882
v 0.049124 0.082914 -0.100397
v 0.043243 0.084518 -0.093146
v 0.051401 0.084138 -0.087006
v 0.043605 0.083878 -0.111842
v 0.029226 0.081656 -0.108833
v 0.033973 0.084311 -0.097917
v 0.018105 0.081756 -0.102208
v 0.021705 0.078512 -0.110550
v 0.011883 0.077430 -0.102747
v 0.054452 0.086101 -0.106909
v 0.043476 0.085869 -0.112434
v 0.025943 0.081290 -0.117300
v 0.030132 0.084599 -0.116821
v 0.020363 0.080783 -0.118743
v 0.018996 0.076934 -0.118321
v 0.014795 0.074632 -0.119234
v 0.054501 0.089120 -0.106925
v 0.042919 0.088914 -0.112715
v 0.028577 0.087422 -0.117216
v 0.012520 0.080329 -0.118463
v 0.064227 0.085743 -0.099943
v 0.070180 0.088117 -0.094418
v 0.064133 0.089698 -0.098728
v 0.053907 0.090076 -0.106182
v 0.042301 0.089860 -0.111989
v 0.021618 0.086348 -0.117662
v 0.073783 0.084221 -0.090335
v 0.077936 0.085171 -0.084679
v 0.080629 0.077669 -0.080828
v 0.082093 0.079346 -0.078195
v 0.081735 0.070679 -0.078920
v 0.083342 0.071115 -0.075855
v 0.082814 0.071268 -0.074568
v 0.081525 0.079868 -0.076981
v 0.079179 0.053891 -0.082473
v 0.082178 0.059830 -0.077602
v 0.081688 0.059661 -0.076312
v 0.074221 0.059910 -0.073598
v 0.074962 0.071565 -0.071957
v 0.073468 0.079935 -0.073865
v 0.075011 0.040751 -0.087864
v 0.079065 0.045756 -0.082191
v 0.078625 0.045351 -0.080958
v 0.071433 0.045992 -0.077542
v 0.069012 0.027589 -0.094205
v 0.076727 0.038988 -0.085514
v 0.072923 0.032051 -0.088536
v 0.065832 0.032420 -0.084491
v 0.058675 0.020736 -0.101698
v 0.046252 0.021092 -0.109106
v 0.041812 0.027282 -0.112191
v 0.034398 0.027954 -0.114923
v 0.039698 0.023499 -0.111986
v 0.030705 0.035186 -0.116010
v 0.027014 0.032242 -0.115932
v 0.017993 0.045948 -0.118511
v 0.016794 0.045547 -0.117735
v 0.012224 0.060063 -0.119262
v 0.010987 0.059896 -0.118424
v 0.016649 0.043865 -0.111126
v 0.025696 0.032091 -0.109710
v 0.016113 0.060683 -0.118962
v 0.014358 0.070890 -0.119231
v 0.010458 0.071351 -0.119449
v 0.009245 0.071514 -0.118584
v 0.009141 0.066634 -0.113011
v 0.012837 0.052998 -0.111584
v 0.009078 0.071837 -0.112362
v 0.030213 0.027071 -0.107141
v 0.036046 0.023311 -0.105189
v 0.041815 0.021240 -0.102766
v 0.047593 0.020551 -0.099610
v 0.052937 0.020991 -0.096066
v 0.068579 0.026798 -0.093227
v 0.061849 0.027079 -0.088642
v 0.069847 0.086004 -0.079425
v 0.066998 0.087895 -0.083477
v 0.011114 0.075748 -0.119462
v 0.009960 0.076108 -0.118603
v 0.012062 0.080473 -0.112008
v 0.015741 0.083864 -0.111078
v 0.020150 0.086514 -0.110564
v 0.025783 0.088469 -0.109474
v 0.038696 0.090040 -0.105479
v 0.048999 0.090239 -0.100164
v 0.058073 0.089833 -0.093316
v 0.017779 0.073904 -0.111047
v 0.029576 -0.086591 -0.144918
v 0.029177 -0.088052 -0.154072
v 0.023993 -0.097644 -0.161116
v 0.020170 -0.086411 -0.168027
v 0.024905 -0.078131 -0.160179
v 0.020407 -0.073734 -0.162886
v 0.011837 -0.080132 -0.171891
v 0.024825 -0.073343 -0.153072
v 0.020341 -0.068961 -0.155771
v 0.014525 -0.065584 -0.157850
v 0.007758 -0.068230 -0.166272
v 0.000452 -0.077833 -0.173306
v -0.006850 -0.068231 -0.166272
v -0.010932 -0.080132 -0.171891
v -0.019498 -0.073736 -0.162885
v -0.019263 -0.086411 -0.168026
v 0.007734 -0.063477 -0.159148
v 0.000457 -0.062741 -0.159598
v -0.006822 -0.063477 -0.159144
v -0.013613 -0.065584 -0.157848
v -0.019431 -0.068964 -0.155770
v -0.023997 -0.078133 -0.160177
v -0.028271 -0.088053 -0.154070
v -0.023086 -0.097646 -0.161114
v -0.028667 -0.086594 -0.144917
v -0.023916 -0.073347 -0.153070
v -0.051731 -0.059176 -0.109833
v -0.045103 -0.055557 -0.107124
v -0.048016 -0.055044 -0.101862
v -0.054917 -0.058614 -0.104069
v -0.061938 -0.064743 -0.114000
v -0.065551 -0.064105 -0.107466
v -0.063631 -0.065699 -0.114695
v -0.067318 -0.065048 -0.108019
v -0.071507 -0.061624 -0.102397
v -0.051322 -0.052342 -0.097430
v -0.058538 -0.055653 -0.099214
v -0.069651 -0.060751 -0.101960
v -0.075565 -0.055946 -0.098682
v -0.073626 -0.055192 -0.098321
v -0.078888 -0.048882 -0.097441
v -0.054525 -0.047865 -0.094502
v -0.062045 -0.050750 -0.096007
v -0.064912 -0.044649 -0.094935
v -0.076880 -0.048273 -0.097107
v -0.078924 -0.041048 -0.098494
v -0.080977 -0.041504 -0.098859
v -0.081505 -0.034936 -0.102725
v -0.057140 -0.042293 -0.093523
v -0.058771 -0.036475 -0.094644
v -0.066705 -0.038277 -0.096161
v -0.067149 -0.032606 -0.099499
v -0.079440 -0.034620 -0.102280
v -0.078338 -0.029961 -0.107889
v -0.080381 -0.030180 -0.108453
v -0.077760 -0.027958 -0.115169
v -0.059169 -0.031296 -0.097692
v -0.058265 -0.027546 -0.102204
v -0.066168 -0.028497 -0.104441
v -0.063903 -0.026577 -0.110240
v -0.075773 -0.027783 -0.114464
v -0.074048 -0.028608 -0.121850
v -0.072137 -0.028423 -0.121003
v -0.067994 -0.031777 -0.126513
v -0.069817 -0.032032 -0.127474
v -0.056197 -0.025794 -0.107496
v -0.053276 -0.026308 -0.112762
v -0.060700 -0.027141 -0.116007
v -0.057057 -0.030099 -0.120864
v -0.053529 -0.035003 -0.124070
v -0.063986 -0.037335 -0.130150
v -0.065724 -0.037709 -0.131190
v -0.049953 -0.029010 -0.117195
v -0.046735 -0.033487 -0.120124
v -0.044115 -0.039058 -0.121101
v -0.050657 -0.041106 -0.125145
v -0.060728 -0.044254 -0.131363
v -0.062394 -0.044776 -0.132428
v -0.060332 -0.052153 -0.131004
v -0.058708 -0.051480 -0.129970
v -0.058232 -0.057910 -0.126180
v -0.059845 -0.058720 -0.127135
v -0.042493 -0.044877 -0.119980
v -0.048875 -0.047478 -0.123915
v -0.048456 -0.053150 -0.120573
v -0.049460 -0.057257 -0.115628
v -0.059368 -0.062567 -0.120573
v -0.061005 -0.063478 -0.121407
v -0.042113 -0.050055 -0.116928
v -0.043030 -0.053807 -0.112416
v 0.019348 -0.078924 -0.094915
v 0.019348 -0.069232 -0.092062
v 0.019346 -0.070323 -0.096322
v 0.019346 -0.077160 -0.098235
v 0.019345 -0.077382 -0.101966
v 0.019341 -0.075459 -0.109739
v 0.019343 -0.079528 -0.105113
v 0.019343 -0.083024 -0.106829
v 0.026026 -0.078978 -0.098613
v 0.026027 -0.080309 -0.096107
v 0.022770 -0.078924 -0.094915
v 0.022769 -0.077160 -0.098235
v 0.022768 -0.077382 -0.101966
v 0.026023 -0.080765 -0.103802
v 0.022767 -0.079528 -0.105113
v 0.026023 -0.083405 -0.105096
v 0.022767 -0.083024 -0.106829
v 0.022768 -0.086939 -0.106655
v 0.026024 -0.088828 -0.103443
v 0.022769 -0.090212 -0.104638
v 0.026026 -0.090157 -0.100939
v 0.022770 -0.091978 -0.101317
v 0.022771 -0.091757 -0.097585
v 0.026027 -0.088372 -0.095748
v 0.007479 -0.081253 -0.107512
v 0.016402 -0.077444 -0.108976
v 0.022772 -0.089608 -0.094438
v 0.022772 -0.086110 -0.092724
v 0.026027 -0.082783 -0.094586
v 0.022772 -0.082199 -0.092897
v 0.000457 -0.101611 -0.135673
v -0.005603 -0.100998 -0.136051
v -0.016102 -0.096430 -0.138863
v -0.022162 -0.086795 -0.141206
v -0.019836 -0.092780 -0.141108
v -0.022164 -0.088518 -0.143732
v -0.022164 -0.079383 -0.149355
v -0.016102 -0.071472 -0.154225
v -0.005603 -0.066904 -0.157038
v 0.006516 -0.066902 -0.157039
v 0.017013 -0.071470 -0.154228
v 0.023074 -0.079381 -0.149357
v 0.023074 -0.088517 -0.143732
v 0.017014 -0.096428 -0.138863
v 0.006517 -0.100996 -0.136050
v -0.023916 -0.087148 -0.140988
v -0.023915 -0.077305 -0.147047
v 0.042680 -0.067691 -0.115128
v 0.045443 -0.069399 -0.108531
v 0.046969 -0.065295 -0.108581
v 0.043016 -0.060896 -0.119445
v 0.039927 -0.059241 -0.126626
v 0.042445 -0.051413 -0.127477
v 0.041383 -0.046154 -0.133368
v 0.046666 -0.031932 -0.133550
v 0.045414 -0.039388 -0.130525
v 0.051134 -0.028043 -0.127773
v 0.054371 -0.020390 -0.127120
v 0.058079 -0.020418 -0.119960
v 0.062436 -0.014616 -0.115801
v 0.064374 -0.018556 -0.109175
v 0.065905 -0.014453 -0.109228
v 0.068307 -0.022955 -0.098311
v 0.070525 -0.019625 -0.096457
v 0.069025 -0.027193 -0.093782
v 0.071125 -0.030772 -0.087015
v 0.067737 -0.038329 -0.088047
v 0.067600 -0.044908 -0.083431
v 0.063237 -0.050426 -0.087891
v 0.064556 -0.051916 -0.084208
v 0.060131 -0.055808 -0.089982
v 0.056904 -0.063460 -0.090638
v 0.053234 -0.063433 -0.097798
v 0.052809 -0.067210 -0.095853
v -0.044551 -0.069398 -0.108527
v -0.046077 -0.065295 -0.108578
v -0.051916 -0.067209 -0.095849
v -0.052345 -0.063433 -0.097793
v -0.056009 -0.063461 -0.090635
v -0.059238 -0.055808 -0.089979
v -0.062345 -0.050427 -0.087889
v -0.063655 -0.051917 -0.084211
v -0.066702 -0.044908 -0.083432
v -0.066854 -0.038330 -0.088037
v -0.070247 -0.030774 -0.087004
v -0.067953 -0.032442 -0.090268
v -0.067448 -0.022959 -0.098295
v -0.069665 -0.019630 -0.096438
v -0.065864 -0.020012 -0.103547
v -0.065047 -0.014456 -0.109214
v -0.060561 -0.018697 -0.114759
v -0.061573 -0.014618 -0.115794
v -0.057633 -0.016643 -0.121901
v -0.057210 -0.020419 -0.119954
v -0.049454 -0.025605 -0.131093
v -0.050254 -0.028043 -0.127773
v -0.042722 -0.038943 -0.134327
v -0.047127 -0.033424 -0.129864
v -0.042624 -0.045521 -0.129711
v -0.040489 -0.046154 -0.133369
v -0.039229 -0.053078 -0.130742
v -0.041553 -0.051411 -0.127477
v -0.042124 -0.060896 -0.119443
v -0.039901 -0.064227 -0.121301
v -0.017531 0.163684 -0.010718
v 0.000473 0.165323 -0.010628
v 0.000485 0.154962 -0.009988
v -0.031733 0.150429 -0.010610
v -0.052458 0.152332 -0.010809
v -0.034674 0.158995 -0.022444
v -0.017373 0.163146 -0.022210
v 0.000465 0.164990 -0.022225
v -0.016740 0.161201 -0.037701
v 0.000455 0.162924 -0.038255
v -0.059407 0.135871 -0.009440
v -0.068240 0.142186 -0.011229
v -0.079790 0.129163 -0.011658
v -0.076571 0.110929 -0.011887
v -0.085697 0.112215 -0.013530
v -0.080550 0.080823 -0.015194
v -0.090937 0.047516 -0.026543
v -0.080632 0.046237 -0.023743
v -0.078474 -0.027073 -0.045710
v -0.069056 -0.024913 -0.042631
v -0.074465 -0.036893 -0.049063
v -0.060175 -0.039190 -0.047727
v -0.067903 -0.045469 -0.052514
v -0.041889 -0.050915 -0.054643
v -0.047217 -0.058138 -0.058624
v -0.034268 -0.064063 -0.061119
v -0.017694 -0.059413 -0.059378
v -0.008775 -0.069052 -0.063798
v 0.000428 -0.069426 -0.063789
v -0.008594 -0.070750 -0.085502
v -0.039499 -0.059067 -0.082172
v 0.000426 -0.060791 -0.059795
v 0.000451 -0.071245 -0.085516
v -0.008032 -0.072990 -0.093694
v -0.028162 -0.064879 -0.094927
v -0.034027 -0.061199 -0.089226
v -0.040330 -0.058047 -0.084950
v -0.046590 -0.054105 -0.081948
v -0.053836 -0.050303 -0.076219
v -0.007535 -0.077254 -0.101958
v -0.014844 -0.075081 -0.103479
v -0.021952 -0.070785 -0.106279
v -0.026097 -0.064974 -0.111045
v -0.028378 -0.063889 -0.102285
v -0.030240 -0.063206 -0.095238
v -0.005277 -0.083424 -0.111701
v -0.015924 -0.079028 -0.112661
v -0.023231 -0.069835 -0.117999
v -0.027703 -0.060120 -0.116405
v -0.028043 -0.063022 -0.109712
v 0.000457 -0.083835 -0.111118
v -0.015275 -0.079069 -0.114239
v -0.021484 -0.070232 -0.118849
v -0.024956 -0.056251 -0.125980
v -0.027452 -0.055404 -0.121910
v -0.027787 -0.049360 -0.126033
v -0.027296 -0.042410 -0.131330
v -0.028930 -0.042489 -0.128588
v -0.031355 -0.035431 -0.129626
v -0.021924 -0.062690 -0.123710
v -0.023131 -0.056564 -0.127489
v -0.024053 -0.049736 -0.130459
v -0.025344 -0.042582 -0.132717
v -0.032287 -0.026888 -0.134193
v -0.034248 -0.028471 -0.128810
v -0.015546 -0.054586 -0.128827
v -0.010633 -0.051651 -0.130277
v -0.009734 -0.032774 -0.135740
v -0.019096 -0.029347 -0.136367
v -0.030362 -0.026416 -0.135812
v -0.005287 -0.050088 -0.130927
v 0.000461 -0.049332 -0.131460
v -0.027161 -0.023839 -0.136459
v -0.033378 -0.016320 -0.136477
v -0.037684 -0.008011 -0.135635
v -0.037369 -0.017255 -0.129483
v -0.037339 -0.022063 -0.126166
v -0.040053 -0.016549 -0.121736
v -0.042676 -0.007961 -0.117163
v -0.042905 -0.012351 -0.116129
v -0.036379 -0.008468 -0.137109
v -0.038290 -0.000009 -0.137750
v -0.038636 0.001089 -0.135919
v -0.036212 0.009660 -0.137732
v -0.037352 0.010023 -0.136073
v -0.038994 0.009879 -0.117455
v -0.045587 -0.005924 -0.109452
v -0.045832 -0.010266 -0.109683
v -0.033846 0.018544 -0.136248
v -0.028073 0.026115 -0.117985
v -0.034980 0.019444 -0.108589
v -0.040965 0.009601 -0.108902
v -0.057150 -0.006569 -0.095848
v -0.050174 -0.010161 -0.103758
v -0.032251 0.017872 -0.138110
v -0.026258 0.025232 -0.138223
v -0.027355 0.026155 -0.136126
v -0.023179 0.031622 -0.117794
v -0.046944 0.017426 -0.099841
v -0.018582 0.031196 -0.138592
v -0.009070 0.045402 -0.132381
v -0.010522 0.049010 -0.116310
v -0.004491 0.042771 -0.137106
v -0.004160 0.052321 -0.128565
v -0.006942 0.054939 -0.120951
v -0.009056 0.035021 -0.139024
v 0.000451 0.038673 -0.138863
v 0.005392 0.042771 -0.137107
v 0.005054 0.052321 -0.128565
v 0.000442 0.062932 -0.118193
v -0.007354 0.060866 -0.115862
v 0.000451 0.035837 -0.138933
v 0.009958 0.035022 -0.139025
v 0.018418 0.031946 -0.138615
v 0.009968 0.045403 -0.132382
v 0.007832 0.054939 -0.120951
v 0.008240 0.060866 -0.115862
v 0.005056 0.067363 -0.115238
v -0.004173 0.067363 -0.115238
v -0.005936 0.077779 -0.112756
v 0.028258 0.026156 -0.136128
v 0.024080 0.031622 -0.117795
v 0.011415 0.049010 -0.116310
v 0.027160 0.025232 -0.138224
v 0.034747 0.018544 -0.136248
v 0.028975 0.026116 -0.117987
v 0.033152 0.017872 -0.138111
v 0.037115 0.009660 -0.137732
v 0.038253 0.010023 -0.136073
v 0.039894 0.009879 -0.117455
v 0.035881 0.019444 -0.108589
v 0.047842 0.017428 -0.099844
v 0.039535 0.001089 -0.135918
v 0.043568 -0.007961 -0.117164
v 0.046477 -0.005923 -0.109455
v 0.041864 0.009603 -0.108903
v 0.038423 0.000636 -0.137454
v 0.038584 -0.008011 -0.135635
v 0.038271 -0.017255 -0.129483
v 0.040951 -0.016549 -0.121736
v 0.043799 -0.012351 -0.116130
v 0.046722 -0.010266 -0.109687
v 0.037280 -0.008468 -0.137109
v 0.034283 -0.016320 -0.136478
v 0.033191 -0.026888 -0.134194
v 0.035151 -0.028469 -0.128809
v 0.038236 -0.022064 -0.126165
v 0.031268 -0.026415 -0.135814
v 0.026255 -0.042582 -0.132718
v 0.028206 -0.042410 -0.131331
v 0.032261 -0.035431 -0.129626
v 0.028069 -0.023839 -0.136460
v 0.020010 -0.029347 -0.136368
v 0.010652 -0.032773 -0.135742
v 0.024966 -0.049734 -0.130459
v 0.025867 -0.056250 -0.125980
v 0.028694 -0.049358 -0.126034
v 0.029838 -0.042487 -0.128589
v 0.000459 -0.033981 -0.135889
v 0.028362 -0.055402 -0.121910
v 0.028614 -0.060118 -0.116404
v 0.024142 -0.069835 -0.117998
v 0.027005 -0.064973 -0.111043
v 0.028951 -0.063021 -0.109709
v 0.029286 -0.063890 -0.102282
v 0.029067 -0.064880 -0.094926
v 0.031147 -0.063207 -0.095237
v 0.034930 -0.061199 -0.089226
v 0.022397 -0.070229 -0.118849
v 0.020833 -0.074915 -0.114757
v 0.023421 -0.068164 -0.096026
v 0.027131 -0.065362 -0.086995
v 0.040404 -0.059067 -0.082173
v 0.041232 -0.058047 -0.084950
v 0.047496 -0.054105 -0.081947
v 0.022838 -0.062688 -0.123710
v 0.024044 -0.056563 -0.127489
v 0.016464 -0.054586 -0.128827
v 0.011553 -0.051651 -0.130277
v 0.006209 -0.050088 -0.130927
v 0.016188 -0.079066 -0.114237
v 0.006191 -0.083423 -0.111700
v 0.008980 -0.072833 -0.093122
v 0.009495 -0.070749 -0.085504
v 0.020509 -0.067976 -0.063141
v 0.048179 -0.058135 -0.058637
v 0.054756 -0.050304 -0.076212
v 0.054094 -0.048815 -0.080819
v 0.018560 -0.059405 -0.059416
v 0.042828 -0.050909 -0.054657
v 0.069022 -0.045491 -0.052415
v 0.061248 -0.039210 -0.047641
v 0.075636 -0.036930 -0.048900
v 0.070185 -0.024949 -0.042464
v 0.079661 -0.027121 -0.045500
v 0.089268 0.047535 -0.026626
v 0.079461 0.046249 -0.023802
v 0.079139 0.080863 -0.015372
v 0.086433 0.113252 -0.013505
v 0.077288 0.111782 -0.011861
v 0.079402 0.130188 -0.011574
v 0.058970 0.136044 -0.009462
v 0.067383 0.142477 -0.011238
v 0.052471 0.151931 -0.010922
v 0.032771 0.150108 -0.010679
v 0.018538 0.163492 -0.010756
v 0.035731 0.158580 -0.022533
v 0.051847 0.151664 -0.022248
v 0.065550 0.142222 -0.021903
v 0.077046 0.130025 -0.021493
v 0.059320 -0.042912 -0.080885
v 0.061227 -0.043770 -0.075290
v 0.066919 -0.034095 -0.076173
v 0.063358 -0.035888 -0.082008
v 0.067781 -0.025845 -0.080670
v 0.064582 -0.028608 -0.084756
v 0.066550 -0.018736 -0.084899
v 0.063470 -0.022276 -0.088557
v 0.068367 -0.039935 -0.064011
v 0.076731 -0.014733 -0.064592
v 0.068884 0.001788 -0.082467
v 0.058030 -0.006566 -0.095859
v 0.060573 -0.016982 -0.093179
v 0.078550 -0.021328 -0.054193
v 0.081985 0.017594 -0.051429
v 0.068787 0.029871 -0.078415
v 0.062317 0.024646 -0.087367
v 0.053280 0.018535 -0.095692
v 0.087056 0.032063 -0.037543
v 0.087553 0.050128 -0.034970
v 0.074766 0.039060 -0.068713
v 0.083690 0.114665 -0.021987
v 0.075245 0.081435 -0.067411
v 0.078342 0.065895 -0.065051
v 0.074357 0.129462 -0.034631
v 0.071395 0.126060 -0.046292
v 0.071230 0.088067 -0.069993
v 0.070667 0.085123 -0.073234
v 0.064074 0.141070 -0.036523
v 0.061802 0.137231 -0.050071
v 0.057662 0.130675 -0.060636
v 0.055543 0.111358 -0.073394
v 0.064479 0.090506 -0.077448
v 0.051061 0.150345 -0.037415
v 0.049076 0.146334 -0.051832
v 0.045410 0.139524 -0.063701
v 0.043907 0.128666 -0.072686
v 0.043227 0.116696 -0.079181
v 0.052989 0.091219 -0.090538
v 0.035420 0.156911 -0.037274
v 0.033720 0.152785 -0.052105
v 0.031075 0.144918 -0.065840
v 0.029501 0.133241 -0.076203
v 0.043100 0.091866 -0.096061
v 0.055093 0.089472 -0.092677
v 0.018369 0.162947 -0.022250
v 0.017676 0.161123 -0.037718
v 0.017703 0.156604 -0.052442
v 0.000441 0.150301 -0.067264
v 0.000437 0.136576 -0.078067
v 0.011465 0.090475 -0.105821
v 0.000447 0.157779 -0.053838
v 0.000435 0.097495 -0.100538
v -0.010588 0.090355 -0.105275
v 0.000439 0.084064 -0.112640
v 0.011035 0.084113 -0.111619
v 0.019190 0.086665 -0.108567
v 0.036732 0.089450 -0.102477
v -0.016465 0.098485 -0.098260
v -0.042396 0.091773 -0.095639
v -0.035834 0.089352 -0.102027
v -0.018309 0.086613 -0.108333
v -0.010157 0.084102 -0.111564
v -0.013725 0.135631 -0.077771
v -0.043217 0.128203 -0.070745
v -0.052561 0.091319 -0.090992
v -0.015230 0.148737 -0.066815
v -0.030177 0.144494 -0.064141
v -0.048167 0.145861 -0.049939
v -0.060627 0.136732 -0.048022
v -0.065354 0.088680 -0.080420
v -0.016807 0.156604 -0.052442
v -0.032818 0.152561 -0.051224
v -0.050538 0.150551 -0.037370
v -0.064014 0.140939 -0.036461
v -0.073714 0.128846 -0.034687
v -0.034438 0.157129 -0.037228
v -0.051898 0.152074 -0.022144
v -0.066238 0.141941 -0.021921
v -0.077217 0.129013 -0.021621
v -0.082832 0.113640 -0.022065
v -0.074521 0.081565 -0.068004
v -0.086383 0.083664 -0.031918
v -0.089051 0.050112 -0.034906
v -0.077429 0.065895 -0.065049
v -0.077485 -0.021299 -0.054326
v -0.066888 -0.025845 -0.080668
v -0.067999 0.001787 -0.082456
v -0.073869 0.039060 -0.068711
v -0.067363 -0.039924 -0.064064
v -0.066002 -0.034092 -0.076186
v -0.062460 -0.035888 -0.082008
v -0.063694 -0.028609 -0.084750
v -0.065667 -0.018738 -0.084892
v -0.060302 -0.043768 -0.075303
v -0.058414 -0.042911 -0.080889
v -0.053187 -0.048815 -0.080822
v -0.062590 -0.022278 -0.088547
v -0.059695 -0.016985 -0.093168
v -0.052382 0.018532 -0.095686
v -0.061415 0.024644 -0.087357
v -0.055261 -0.012656 -0.098116
v 0.006815 0.077779 -0.112756
v 0.056141 -0.012655 -0.098124
v 0.051059 -0.010160 -0.103765
v -0.022472 -0.084129 -0.103755
v -0.025114 -0.080043 -0.109941
v -0.028704 -0.081013 -0.109453
v -0.025719 -0.085453 -0.104080
v -0.032322 -0.081730 -0.108756
v -0.028162 -0.085652 -0.102538
v -0.023665 -0.086458 -0.102864
v -0.019312 -0.084314 -0.103565
v -0.019342 -0.086801 -0.102499
v -0.019350 -0.087754 -0.100060
v -0.023144 -0.086470 -0.097796
v -0.019329 -0.086612 -0.097677
v -0.019297 -0.084047 -0.096745
v -0.027030 -0.082790 -0.098193
v -0.025243 -0.080681 -0.098818
v -0.019267 -0.081560 -0.097809
v -0.029336 -0.084142 -0.100595
v -0.032886 -0.076519 -0.104540
v -0.029295 -0.075549 -0.105029
v -0.025677 -0.074833 -0.105725
v -0.022655 -0.080387 -0.100475
v -0.019260 -0.080608 -0.100249
v -0.032781 -0.079165 -0.106618
v -0.022659 -0.081328 -0.103112
v -0.025219 -0.077397 -0.107862
v -0.021570 -0.081705 -0.102654
v -0.019279 -0.081749 -0.102632
v -0.007560 -0.047173 -0.146026
v -0.018238 -0.043500 -0.148286
v -0.017112 -0.043111 -0.144919
v -0.010422 -0.046929 -0.149032
v -0.003968 -0.048871 -0.146746
v -0.004353 -0.047368 -0.143546
v -0.001865 -0.048693 -0.144362
v -0.000610 -0.045673 -0.135569
v -0.003408 -0.044636 -0.135752
v -0.005013 -0.044407 -0.142422
v -0.004568 -0.042229 -0.136469
v -0.006001 -0.044849 -0.144364
v -0.008705 -0.044294 -0.145163
v -0.014361 -0.039506 -0.144951
v -0.012290 -0.037935 -0.143998
v -0.006937 -0.042613 -0.146676
v -0.004160 -0.042420 -0.144476
v -0.003410 -0.039863 -0.137300
v -0.004675 -0.041459 -0.147935
v -0.001592 -0.041692 -0.145678
v -0.000610 -0.038924 -0.137759
v 0.000893 -0.043017 -0.146496
v 0.002188 -0.039965 -0.137577
v 0.001843 -0.045615 -0.146448
v 0.003348 -0.042371 -0.136860
v 0.000701 -0.047965 -0.145564
v 0.002189 -0.044736 -0.136029
v -0.004066 -0.042587 -0.150265
v -0.000858 -0.045820 -0.149481
v -0.005676 -0.047424 -0.150564
v -0.011418 -0.036182 -0.146985
v -0.012543 -0.036571 -0.150353
v -0.009743 -0.045687 -0.151271
v -0.017366 -0.041744 -0.151272
v -0.008352 -0.043355 -0.151908
v -0.014961 -0.039124 -0.150968
v -0.019262 -0.080126 -0.104286
v -0.019319 -0.084405 -0.105841
v -0.017756 -0.084420 -0.105844
v -0.017699 -0.080142 -0.104289
v -0.019230 -0.078224 -0.100311
v -0.017668 -0.078239 -0.100315
v -0.019244 -0.079811 -0.096244
v -0.017681 -0.079826 -0.096248
v -0.019290 -0.083958 -0.094469
v 0.004216 -0.080358 -0.104333
v 0.004249 -0.078456 -0.100360
v 0.004240 -0.080042 -0.096292
v 0.004194 -0.084190 -0.094517
v -0.017729 -0.083972 -0.094471
v -0.019348 -0.088235 -0.096023
v 0.004161 -0.084637 -0.105888
v 0.004138 -0.088466 -0.096070
v -0.017784 -0.088251 -0.096026
v -0.019378 -0.090138 -0.099998
v -0.017816 -0.090154 -0.100001
v -0.019366 -0.088552 -0.104065
v -0.017803 -0.088567 -0.104068
v 0.004105 -0.090370 -0.100046
v 0.004114 -0.088783 -0.104113
v 0.008518 0.041270 -0.140802
v 0.021215 0.037604 -0.141461
v 0.020922 0.036715 -0.138890
v 0.036062 0.027462 -0.142527
v 0.031301 0.030620 -0.139562
v 0.039173 0.022224 -0.140369
v 0.033392 0.025073 -0.138684
v 0.024936 0.031758 -0.138022
v 0.014098 0.036400 -0.137405
v 0.008487 0.040303 -0.138245
v 0.001648 0.041893 -0.140483
v 0.045379 0.011834 -0.143943
v 0.046088 0.005391 -0.141798
v 0.039782 0.015935 -0.139541
v 0.034254 0.019381 -0.139890
v 0.027471 0.026636 -0.139192
v 0.047322 -0.000436 -0.144856
v 0.046047 -0.006193 -0.142685
v 0.043324 -0.005961 -0.141287
v 0.043372 0.004948 -0.140447
v 0.039044 0.009879 -0.140741
v 0.037492 0.009652 -0.143115
v 0.032871 0.018812 -0.142291
v 0.045502 -0.011667 -0.145819
v 0.042488 -0.017037 -0.143630
v 0.039987 -0.016117 -0.142183
v 0.039121 -0.010294 -0.142381
v 0.040689 -0.000623 -0.141543
v 0.039084 -0.000440 -0.143890
v 0.039991 -0.022385 -0.146643
v 0.035189 -0.026911 -0.144175
v 0.028375 -0.029354 -0.142708
v 0.034455 -0.019307 -0.143118
v 0.033111 -0.018381 -0.145418
v 0.037588 -0.009688 -0.144693
v 0.030491 -0.031844 -0.146788
v 0.024734 -0.034447 -0.144004
v 0.017910 -0.034466 -0.142432
v 0.016815 -0.031882 -0.143094
v 0.026398 -0.027222 -0.143343
v 0.025298 -0.026124 -0.145667
v 0.025021 -0.035107 -0.146652
v 0.012511 -0.038626 -0.143570
v -0.006259 -0.040394 -0.140448
v -0.012665 -0.039467 -0.140126
v -0.008253 -0.036640 -0.143519
v 0.010370 -0.032241 -0.145208
v -0.000211 -0.042341 -0.145183
v -0.005714 -0.042867 -0.141755
v -0.015224 -0.043654 -0.138110
v -0.021117 -0.044448 -0.136563
v -0.018995 -0.040895 -0.140908
v -0.002290 -0.035968 -0.146914
v -0.014671 -0.047210 -0.141841
v -0.014166 -0.046003 -0.139394
v -0.024421 -0.052878 -0.130144
v -0.027196 -0.051488 -0.130198
v -0.029851 -0.051691 -0.131691
v -0.030828 -0.053373 -0.133750
v -0.024064 -0.045564 -0.140803
v -0.021474 -0.053197 -0.136950
v -0.023147 -0.055052 -0.131561
v -0.027919 -0.060032 -0.122932
v -0.030858 -0.058968 -0.122676
v -0.033677 -0.059529 -0.123825
v -0.034726 -0.061388 -0.125713
v -0.026179 -0.060380 -0.130002
v -0.026581 -0.062100 -0.124444
v -0.029070 -0.066310 -0.116353
v -0.032085 -0.065650 -0.115737
v -0.034932 -0.071828 -0.109929
v -0.036209 -0.074627 -0.111968
v -0.028679 -0.070196 -0.119787
v -0.027233 -0.071804 -0.114203
v -0.028236 -0.073929 -0.115833
v -0.023904 -0.077089 -0.108079
v -0.027488 -0.070680 -0.110495
v 0.025719 -0.026703 -0.148319
v 0.033782 -0.018628 -0.148076
v 0.038373 -0.009659 -0.147336
v 0.039892 -0.000255 -0.146520
v 0.032234 -0.024416 -0.149743
v 0.038983 -0.015148 -0.149188
v 0.042215 -0.005214 -0.148309
v 0.042235 0.005308 -0.147499
v 0.038249 0.010065 -0.145731
v 0.038646 -0.021459 -0.148942
v 0.043965 -0.011058 -0.148131
v 0.045715 -0.000252 -0.147203
v 0.043825 0.011607 -0.146316
v 0.038687 0.016096 -0.146606
v 0.033524 0.019420 -0.144892
v 0.029393 -0.030747 -0.149113
v 0.022730 -0.031413 -0.149633
v 0.018310 -0.036189 -0.148816
v -0.013643 -0.041958 -0.146231
v -0.022881 -0.047836 -0.142131
v -0.016441 -0.046566 -0.144014
v -0.029553 -0.055547 -0.135166
v -0.026775 -0.056940 -0.135111
v -0.033385 -0.063457 -0.127225
v -0.030446 -0.064521 -0.127480
v -0.034404 -0.076952 -0.114241
v -0.031530 -0.071147 -0.120594
v -0.028601 -0.081965 -0.110222
v -0.030571 -0.077441 -0.115417
v -0.034097 -0.079474 -0.106401
v -0.031318 -0.070193 -0.109319
v -0.029399 -0.074599 -0.104259
v 0.034808 0.026733 -0.144944
v 0.028694 0.028468 -0.145435
v 0.022737 0.029342 -0.143927
v 0.019128 0.034097 -0.144821
v 0.025918 0.033766 -0.144246
v 0.008136 0.040081 -0.143279
v 0.001328 0.038002 -0.143936
v 0.012730 0.033631 -0.143362
v -0.005324 0.040399 -0.142676
v -0.011050 0.036651 -0.143505
v -0.004583 0.035159 -0.142582
v -0.012094 0.040351 -0.139970
v -0.017921 0.037216 -0.142358
v -0.021932 0.032212 -0.143315
v -0.015485 0.032410 -0.142348
v -0.024142 0.035416 -0.139742
v -0.033102 0.026656 -0.141997
v -0.034587 0.020218 -0.142973
v -0.024621 0.027036 -0.142184
v -0.023747 0.026286 -0.139668
v -0.014936 0.031472 -0.139824
v -0.033973 0.027423 -0.139466
v -0.041210 0.016831 -0.139406
v -0.042217 0.011199 -0.142086
v -0.039389 0.010478 -0.143138
v -0.044780 0.006160 -0.139844
v -0.044089 0.000556 -0.142829
v -0.040718 -0.004627 -0.144476
v -0.038206 0.000522 -0.142759
v -0.034713 0.014276 -0.141973
v -0.044884 -0.005647 -0.141056
v -0.042302 -0.010752 -0.144340
v -0.037461 -0.014961 -0.146065
v -0.036637 -0.009340 -0.144092
v -0.035481 -0.009452 -0.141554
v -0.037030 0.000249 -0.140239
v -0.033598 0.013819 -0.139460
v -0.038369 -0.022292 -0.143725
v -0.037335 -0.021287 -0.146111
v -0.031561 -0.024270 -0.147808
v -0.032213 -0.018727 -0.145682
v -0.031123 -0.018672 -0.143119
v -0.032154 -0.019677 -0.140734
v -0.036668 -0.010148 -0.139119
v -0.024037 -0.036533 -0.150040
v -0.021489 -0.033805 -0.150925
v -0.018862 -0.031631 -0.149174
v -0.017694 -0.031281 -0.145813
v -0.018670 -0.032962 -0.142812
v -0.025013 -0.038215 -0.147039
v -0.015007 -0.038876 -0.152128
v -0.014647 -0.040807 -0.143143
v -0.021217 -0.035690 -0.141928
v -0.034704 -0.021154 -0.139923
v -0.039508 -0.011022 -0.138211
v -0.023844 -0.037865 -0.143678
v -0.037278 -0.022238 -0.141161
v -0.042335 -0.011560 -0.139366
v -0.041252 -0.000101 -0.136747
v -0.034710 0.014243 -0.136932
v -0.044177 0.000025 -0.137821
v -0.037399 0.015301 -0.135869
v -0.024494 0.027167 -0.137141
v -0.040092 0.016374 -0.136893
v -0.030666 0.025149 -0.135933
v -0.021805 0.032366 -0.136182
v -0.015395 0.032528 -0.137304
v -0.032962 0.026801 -0.136955
v -0.017831 0.037338 -0.137314
v -0.010867 0.036863 -0.136373
v -0.004366 0.035353 -0.137543
v -0.004322 0.034169 -0.140044
v -0.005106 0.040592 -0.137637
v 0.001769 0.038322 -0.136814
v 0.007492 0.035101 -0.138051
v 0.007110 0.033914 -0.140528
v 0.017675 0.030862 -0.141073
v 0.026392 0.025745 -0.141625
v 0.000457 -0.086070 -0.112452
v 0.012318 -0.083675 -0.113926
v 0.000457 -0.089661 -0.117710
v 0.012318 -0.087263 -0.119184
v 0.011348 -0.086689 -0.120971
v 0.000457 -0.088890 -0.119617
v 0.011348 -0.088730 -0.123962
v 0.000457 -0.090932 -0.122609
v 0.017220 -0.080825 -0.115679
v 0.023357 -0.076405 -0.125870
v 0.019321 -0.080678 -0.124672
v 0.019322 -0.082719 -0.127662
v 0.023357 -0.072814 -0.120610
v 0.023356 -0.067154 -0.131564
v 0.022235 -0.072468 -0.129725
v 0.023355 -0.063563 -0.126304
v 0.020997 -0.059248 -0.128961
v 0.017216 -0.059143 -0.136495
v 0.019317 -0.064257 -0.134780
v 0.012315 -0.052704 -0.132990
v 0.011346 -0.058248 -0.138479
v 0.000461 -0.050309 -0.134464
v 0.000459 -0.053899 -0.139722
v 0.000459 -0.056048 -0.139831
v 0.011346 -0.060289 -0.141469
v 0.019320 -0.066300 -0.137770
v -0.011395 -0.052706 -0.132990
v -0.010428 -0.058248 -0.138478
v -0.010429 -0.060292 -0.141469
v 0.000459 -0.058093 -0.142823
v -0.020082 -0.059248 -0.128960
v -0.016300 -0.059145 -0.136495
v -0.018402 -0.064260 -0.134779
v -0.022442 -0.067154 -0.131563
v -0.021322 -0.072470 -0.129726
v -0.022445 -0.076405 -0.125870
v -0.018408 -0.080680 -0.124672
v -0.022441 -0.063566 -0.126306
v -0.022445 -0.072814 -0.120611
v -0.016307 -0.080826 -0.115680
v -0.011403 -0.087266 -0.119185
v -0.010433 -0.086689 -0.120972
v -0.018408 -0.082721 -0.127663
v -0.011404 -0.083675 -0.113927
v -0.010433 -0.088732 -0.123962
v -0.021322 -0.074511 -0.132716
v -0.018403 -0.066300 -0.137769
v 0.022235 -0.074509 -0.132716
v 0.000457 -0.093545 -0.121010
v -0.012164 -0.090989 -0.122576
v -0.021405 -0.084023 -0.126861
v -0.024782 -0.074511 -0.132716
v -0.021401 -0.064997 -0.138571
v -0.012158 -0.058034 -0.142859
v 0.000459 -0.055486 -0.144436
v 0.013076 -0.058034 -0.142861
v 0.022313 -0.064995 -0.138572
v 0.025695 -0.074509 -0.132716
v 0.022318 -0.084022 -0.126861
v 0.013078 -0.090988 -0.122576
v -0.066942 -0.066424 -0.107442
v -0.061843 -0.067540 -0.114293
v -0.062971 -0.067126 -0.114634
v -0.071453 -0.062734 -0.101383
v -0.075822 -0.056618 -0.097384
v -0.078820 -0.048812 -0.095082
v -0.081147 -0.040595 -0.096661
v -0.082226 -0.033983 -0.101738
v -0.081016 -0.028855 -0.107907
v -0.078194 -0.026462 -0.115144
v -0.074193 -0.027163 -0.122341
v -0.077574 -0.025511 -0.114820
v -0.078257 -0.028134 -0.106927
v -0.079362 -0.033199 -0.100755
v -0.069634 -0.030851 -0.128402
v -0.065222 -0.036969 -0.132403
v -0.061635 -0.044582 -0.133738
v -0.060460 -0.044239 -0.134039
v -0.059414 -0.052532 -0.132205
v -0.058164 -0.052458 -0.132454
v -0.058891 -0.059607 -0.128035
v -0.057625 -0.059770 -0.128145
v -0.058919 -0.065066 -0.121768
v -0.060142 -0.064733 -0.121866
v -0.060379 -0.066185 -0.113637
v -0.064138 -0.065438 -0.106413
v -0.048348 -0.062141 -0.109010
v -0.052215 -0.061469 -0.101965
v -0.068443 -0.061718 -0.100323
v -0.056661 -0.057863 -0.096021
v -0.072683 -0.055603 -0.096305
v -0.060920 -0.051872 -0.092099
v -0.076258 -0.048042 -0.094983
v -0.064441 -0.044403 -0.090796
v -0.066586 -0.036605 -0.092361
v -0.078639 -0.040180 -0.096602
v -0.067172 -0.029693 -0.096384
v -0.065956 -0.024673 -0.102418
v -0.075520 -0.025775 -0.114145
v -0.063209 -0.022338 -0.109504
v -0.071416 -0.026432 -0.121250
v -0.059276 -0.023014 -0.116550
v -0.054844 -0.026627 -0.122483
v -0.066868 -0.030095 -0.127270
v -0.062577 -0.036205 -0.131283
v -0.050510 -0.032622 -0.126403
v -0.047029 -0.040077 -0.127707
v -0.059235 -0.043843 -0.132697
v -0.044847 -0.047858 -0.126185
v -0.056687 -0.058836 -0.127094
v -0.044348 -0.054789 -0.122124
v -0.057698 -0.063850 -0.120873
v -0.045554 -0.059793 -0.116087
v 0.081705 -0.014459 -0.047254
v 0.081162 -0.014472 -0.051111
v 0.089315 -0.016789 -0.050736
v 0.090402 -0.016611 -0.045824
v 0.089315 -0.019306 -0.038445
v 0.092032 -0.020073 -0.038633
v 0.088771 -0.025118 -0.036148
v 0.091380 -0.025959 -0.036533
v 0.088662 -0.031510 -0.038718
v 0.085945 -0.030647 -0.038518
v 0.091054 -0.017959 -0.047682
v 0.087901 -0.025253 -0.045379
v 0.085184 -0.034277 -0.045827
v 0.090402 -0.017893 -0.050589
v 0.086380 -0.033646 -0.047724
v 0.084205 -0.034067 -0.050690
v 0.085727 -0.033700 -0.050458
v 0.076487 -0.031519 -0.047370
v 0.075944 -0.031640 -0.051146
v 0.000503 0.171784 -0.007692
v -0.007868 0.173164 -0.010061
v -0.007868 0.173144 -0.013073
v -0.093092 0.067582 -0.021308
v -0.088092 0.067965 -0.022014
v 0.091054 0.067604 -0.021494
v 0.086162 0.068074 -0.022094
v -0.077547 -0.022558 -0.047211
v 0.078662 -0.022678 -0.047038
v 0.086380 -0.025144 -0.051008
v 0.000503 0.171452 -0.013750
v 0.094532 0.068164 -0.026784
v 0.085836 0.068690 -0.026250
v 0.008606 -0.085593 -0.171130
v -0.007700 -0.085593 -0.171130
v 0.000455 -0.097089 -0.165834
v 0.016758 -0.096232 -0.164581
v 0.022545 -0.099448 -0.159964
v -0.015850 -0.096233 -0.164580
v -0.007698 -0.106871 -0.158031
v 0.008606 -0.106871 -0.158032
v 0.006405 -0.111681 -0.152403
v -0.005497 -0.111682 -0.152404
v -0.021637 -0.099450 -0.159963
v -0.009675 -0.033327 -0.137411
v 0.000459 -0.034526 -0.137358
v -0.019110 -0.029810 -0.137568
v -0.027224 -0.024219 -0.137819
v -0.009679 -0.033847 -0.146170
v -0.019116 -0.030331 -0.146326
v -0.027227 -0.024738 -0.146576
v -0.033457 -0.017449 -0.146904
v -0.033456 -0.016930 -0.138144
v -0.037376 -0.008443 -0.138522
v 0.000457 -0.035045 -0.146117
v -0.037374 -0.008961 -0.147282
v -0.038710 0.000147 -0.147688
v -0.037372 0.009259 -0.148090
v -0.037374 0.009788 -0.139331
v -0.033458 0.018281 -0.139706
v -0.033459 0.017748 -0.148468
v -0.027233 0.025577 -0.140026
v -0.019126 0.031172 -0.140275
v -0.009689 0.034689 -0.140431
v -0.027238 0.025036 -0.148792
v -0.019133 0.030627 -0.149041
v -0.009693 0.034139 -0.149199
v 0.000451 0.035887 -0.140485
v 0.010593 0.034689 -0.140432
v 0.000452 0.035337 -0.149252
v 0.010598 0.034139 -0.149199
v 0.020029 0.031172 -0.140277
v 0.020036 0.030627 -0.149041
v 0.028137 0.025577 -0.140028
v 0.034360 0.018281 -0.139706
v 0.038275 0.009787 -0.139330
v 0.028141 0.025037 -0.148793
v 0.034362 0.017748 -0.148468
v 0.038274 0.009259 -0.148090
v 0.039610 0.000147 -0.147686
v 0.038275 -0.008443 -0.138522
v 0.034360 -0.017449 -0.146904
v 0.034359 -0.016930 -0.138145
v 0.028131 -0.024219 -0.137820
v 0.028133 -0.024738 -0.146579
v 0.020027 -0.030330 -0.146329
v 0.020023 -0.029810 -0.137569
v 0.010593 -0.033326 -0.137413
v 0.010594 -0.033846 -0.146172
v -0.044903 -0.038910 -0.105124
v 0.060319 -0.043208 -0.104268
v -0.071274 0.072479 -0.046402
v -0.064575 0.090180 -0.053544
v -0.069515 0.045672 -0.051457
v -0.058962 0.031702 -0.074813
v -0.052351 0.100579 -0.066414
v -0.039095 0.104342 -0.075753
v -0.025615 0.106797 -0.078103
v -0.011038 0.095460 -0.093186
v 0.000436 0.085757 -0.099109
v 0.000440 0.066777 -0.102564
v 0.000437 0.113655 -0.077388
v 0.000435 0.097134 -0.093580
v 0.000444 0.046727 -0.100286
v -0.012159 0.032477 -0.095561
v -0.025182 0.024589 -0.090686
v -0.042909 0.022854 -0.084490
v 0.000458 -0.086535 -0.144954
v 0.011913 0.095676 -0.094171
v 0.013057 0.032476 -0.095560
v 0.026085 0.024588 -0.090685
v 0.043810 0.022855 -0.084493
v 0.059862 0.031703 -0.074817
v 0.070056 0.045671 -0.051460
v 0.071444 0.072484 -0.046426
v 0.065629 0.090048 -0.052945
v 0.053098 0.100367 -0.065461
v 0.039588 0.104238 -0.075284
v 0.026456 0.106909 -0.078608
v -0.014827 -0.039840 -0.147635
v -0.019304 -0.084182 -0.100155
v -0.029000 -0.078279 -0.107240
vn 0.5587 0.1033 0.8229
vn 0.9618 -0.2024 0.1843
vn 0.8907 -0.3898 0.2338
vn 0.4233 0.4475 -0.7877
vn 0.9453 0.1545 -0.2872
vn 0.6795 -0.2428 -0.6924
vn -0.9361 0.3073 0.1709
vn -0.2119 0.9738 -0.0828
vn -0.9278 0.3217 0.1892
vn -0.4980 -0.8119 0.3046
vn 0.3354 -0.9392 -0.0735
vn -0.5993 -0.7174 0.3552
vn 0.9042 0.2774 0.3249
vn 0.9119 0.3167 0.2611
vn 0.3770 0.9260 -0.0216
vn 0.4785 0.1640 -0.8627
vn 0.7550 0.1200 -0.6447
vn 0.9644 0.0893 -0.2487
vn -0.7718 -0.5047 0.3869
vn -0.8056 0.5845 -0.0965
vn 0.6251 0.1518 -0.7656
vn 0.8074 0.4715 -0.3546
vn -0.6070 0.1461 -0.7812
vn 0.7892 0.5945 -0.1538
vn -0.9039 0.2825 -0.3211
vn -0.9390 -0.2049 -0.2761
vn 0.9390 -0.2049 -0.2761
vn -0.0106 0.2434 0.9699
vn -0.0220 -0.2733 0.9617
vn -0.0106 0.2433 0.9699
vn 0.1876 -0.2411 0.9522
vn -0.0507 0.1340 0.9897
vn -0.4845 -0.2643 0.8339
vn -0.2627 0.9647 -0.0194
vn 0.1563 -0.9228 -0.3522
vn 0.4272 -0.8666 0.2580
vn 0.0425 -0.6427 -0.7649
vn -0.6917 -0.1071 -0.7142
vn -0.7655 0.4112 -0.4949
vn -0.9814 -0.0285 -0.1898
vn -0.4426 0.8112 -0.3822
vn 0.1409 0.7119 0.6880
vn -0.1848 0.9786 -0.0910
vn 0.1089 -0.8064 -0.5813
vn 0.1434 -0.9551 0.2593
vn 0.2100 -0.5705 -0.7940
vn -0.2261 0.0781 0.9710
vn -0.9412 0.0807 -0.3281
vn -0.6718 -0.4027 0.6217
vn -0.5012 -0.7235 -0.4747
vn -0.2349 0.9716 -0.0280
vn -0.0057 0.1844 -0.9828
vn -0.0206 0.1844 -0.9826
vn -0.0036 0.6950 0.7190
vn -0.5760 0.7092 -0.4066
vn 0.3008 0.7910 0.5328
vn -0.2208 0.4022 -0.8885
vn -0.6362 0.1431 -0.7581
vn 0.2733 -0.9612 0.0367
vn 0.2356 -0.9714 0.0297
vn -0.3219 -0.8381 -0.4404
vn 0.0024 -0.3606 -0.9327
vn 0.2787 0.9585 -0.0599
vn -0.1098 0.8076 0.5794
vn 0.4230 0.8146 -0.3967
vn 0.2087 0.9529 -0.2199
vn 0.3733 0.7324 -0.5694
vn 1.0000 -0.0000 -0.0000
vn 0.7843 -0.0134 -0.6202
vn -0.1348 -0.9496 0.2831
vn -0.1285 -0.8170 -0.5621
vn -0.2396 -0.5853 -0.7746
vn -0.1576 0.3126 0.9367
vn -0.9949 -0.1001 -0.0131
vn -0.5349 -0.2243 0.8146
vn 0.5512 0.0536 0.8326
vn 0.9265 0.2907 0.2388
vn 0.6271 0.7659 0.1421
vn 0.0655 0.9887 0.1345
vn -0.5506 -0.8347 0.0116
vn -0.0000 -0.9725 0.2328
vn 0.0001 -0.9982 0.0596
vn 0.6231 -0.7759 0.0988
vn 0.8999 0.0472 -0.4335
vn 0.9037 -0.4043 -0.1409
vn -0.6304 0.4191 -0.6534
vn -0.2159 0.5695 -0.7932
vn 0.2196 0.5872 -0.7790
vn 0.6195 0.3958 -0.6779
vn 0.5347 -0.1581 0.8301
vn 0.7508 0.0309 -0.6598
vn 0.9795 -0.0688 -0.1896
vn 0.5072 -0.6151 0.6036
vn 0.8175 -0.5385 -0.2042
vn 0.4884 0.7000 0.5211
vn 0.8451 0.4013 0.3533
vn 0.7870 -0.3871 0.4804
vn 0.9071 -0.4201 0.0255
vn 0.4676 -0.1838 0.8646
vn 0.6903 0.0453 -0.7221
vn 0.9448 0.3206 0.0680
vn 0.6241 -0.2071 0.7534
vn 0.6505 -0.7550 0.0829
vn 0.9938 -0.0004 0.1110
vn 0.8750 0.3091 0.3726
vn 0.7476 -0.4123 0.5206
vn 0.8648 -0.5020 0.0100
vn 0.4079 -0.2042 0.8899
vn 0.6631 0.0080 -0.7485
vn 0.9132 0.3309 0.2379
vn 0.6747 0.4047 0.6173
vn 0.8950 -0.4030 0.1910
vn 0.7106 -0.5642 0.4205
vn 0.6843 0.7256 0.0730
vn 0.7275 -0.3239 0.6048
vn 0.9071 0.2392 -0.3463
vn 0.8728 -0.2276 -0.4318
vn 0.4209 0.0572 0.9053
vn 0.6443 -0.7481 -0.1589
vn 0.7518 0.3245 0.5740
vn 0.9881 -0.0625 0.1404
vn -1.0000 0.0007 -0.0011
vn -0.9001 -0.3710 0.2282
vn -0.4947 -0.8331 0.2474
vn -0.8031 -0.1521 -0.5762
vn -1.0000 0.0005 0.0001
vn -1.0000 -0.0001 -0.0005
vn -0.7170 -0.1467 -0.6815
vn -1.0000 0.0001 -0.0003
vn -0.7181 -0.4624 -0.5201
vn -1.0000 0.0002 -0.0003
vn -0.7188 -0.6624 -0.2110
vn -1.0000 0.0001 -0.0001
vn -1.0000 0.0002 -0.0002
vn -0.6142 -0.7468 0.2551
vn -0.7176 -0.4081 0.5643
vn -1.0000 -0.0000 -0.0005
vn -0.8402 -0.1072 0.5315
vn -1.0000 0.0006 -0.0000
vn -0.6125 0.2323 0.7555
vn -0.7347 -0.0095 0.6783
vn -0.4139 -0.7812 0.4673
vn -0.0926 -0.8506 0.5177
vn 0.3643 -0.8845 -0.2916
vn 0.1285 -0.9547 0.2683
vn 0.5866 -0.7614 -0.2761
vn 0.0300 -0.9130 0.4068
vn -0.3991 -0.7266 0.5592
vn -0.1414 -0.9329 0.3312
vn -0.2907 -0.9058 0.3082
vn 0.9237 0.0899 0.3724
vn 0.8569 0.3311 0.3950
vn 0.5899 0.8025 0.0893
vn 0.8465 0.2724 0.4575
vn 0.7716 0.1923 0.6064
vn 0.5680 0.7941 0.2163
vn 0.7425 0.2634 0.6159
vn 0.5242 -0.0263 0.8512
vn 0.1383 -0.7361 0.6626
vn -0.2672 -0.9080 -0.3228
vn -0.1608 -0.9645 0.2097
vn -0.0814 -0.9962 0.0313
vn -0.1694 -0.8680 -0.4669
vn -0.0027 -0.8660 -0.5001
vn 0.0084 -0.9652 0.2615
vn -0.0457 -0.8012 0.5967
vn 0.2012 -0.9091 -0.3646
vn -0.1006 -0.7627 0.6389
vn -0.5905 0.7818 0.2002
vn -0.7548 0.3969 0.5223
vn -0.5320 -0.0041 0.8468
vn -0.6558 0.7270 0.2032
vn -0.7540 0.0279 0.6563
vn -0.8117 0.3219 0.4874
vn -0.4650 0.8741 0.1405
vn -0.8024 0.1743 0.5707
vn -0.8658 0.1529 0.4765
vn -0.8220 0.5036 0.2659
vn -0.1058 -0.1825 0.9775
vn -0.0008 -0.3247 0.9458
vn -0.0433 -0.3244 0.9449
vn -0.0009 -0.3247 0.9458
vn 0.0411 -0.3244 0.9450
vn 0.1052 -0.1826 0.9775
vn 0.8341 -0.2786 0.4761
vn 0.8341 -0.2786 0.4760
vn 0.1331 -0.9560 0.2613
vn 0.0401 -0.9434 0.3291
vn -0.0394 -0.9435 0.3291
vn -0.1413 -0.9570 0.2533
vn 0.5671 -0.3039 -0.7655
vn 0.9510 -0.2869 -0.1151
vn 0.7047 -0.1981 -0.6813
vn 0.6294 -0.4073 0.6618
vn 0.4625 -0.8852 0.0510
vn 0.8892 -0.2515 0.3822
vn 0.9259 -0.2312 -0.2988
vn 0.4683 -0.6341 -0.6154
vn 0.8892 -0.3758 -0.2608
vn 0.9406 -0.2603 -0.2180
vn 0.8491 -0.0595 0.5248
vn 0.8364 0.5464 0.0429
vn 0.9513 -0.1721 -0.2557
vn 0.9409 -0.1289 -0.3131
vn 0.9206 0.2020 -0.3342
vn 0.7125 0.6319 0.3050
vn 0.9465 -0.2379 -0.2178
vn 0.4867 -0.8586 0.1610
vn 0.6157 -0.5445 -0.5696
vn 0.9062 -0.2906 -0.3070
vn 0.8784 0.2344 -0.4164
vn 0.9414 -0.2581 -0.2172
vn 0.8417 -0.3765 0.3869
vn 0.6473 0.1413 -0.7490
vn 0.9408 -0.2548 -0.2236
vn 0.8738 0.0205 0.4858
vn 0.8987 0.4252 0.1079
vn 0.9358 -0.2694 -0.2273
vn 0.9258 -0.3092 -0.2174
vn 0.7859 0.1694 -0.5947
vn 0.2589 -0.4021 -0.8782
vn 0.6384 -0.6705 -0.3780
vn 0.9440 -0.2795 -0.1751
vn 0.9310 0.0002 -0.3649
vn 0.9064 0.2599 0.3331
vn 0.9385 -0.2588 -0.2285
vn 0.7986 -0.2189 0.5607
vn 0.4194 -0.5395 0.7301
vn 0.9316 0.0627 -0.3580
vn 0.8642 -0.2218 0.4516
vn 0.9363 -0.3114 -0.1626
vn 0.7659 -0.2917 0.5729
vn 0.5739 -0.2786 0.7701
vn 0.1904 -0.0384 -0.9810
vn 0.8847 -0.3123 -0.3461
vn 0.4889 -0.1774 -0.8541
vn -0.7715 -0.4793 0.4184
vn -0.4977 -0.2791 0.8213
vn -0.9643 -0.2038 0.1690
vn -0.7424 0.5513 0.3808
vn -0.7950 0.6065 0.0072
vn -0.3845 0.0795 0.9197
vn -0.7844 0.2244 -0.5782
vn -0.9554 0.2288 0.1867
vn -0.9284 0.0492 0.3684
vn -0.7701 0.0536 0.6356
vn -0.7494 0.6336 0.1921
vn -0.9992 -0.0150 -0.0371
vn -0.9716 -0.1123 0.2081
vn -0.7148 0.5123 0.4761
vn -0.7503 0.6608 -0.0185
vn -0.5402 0.1501 0.8281
vn -0.7986 0.2190 -0.5606
vn -0.9816 -0.1909 -0.0064
vn -0.8696 -0.0687 0.4890
vn -0.7661 0.6155 0.1851
vn -0.6468 0.6586 0.3846
vn -0.8206 -0.5503 -0.1542
vn -0.5211 0.3829 0.7628
vn -0.8775 -0.0493 -0.4771
vn -0.7649 0.3814 -0.5190
vn -0.6719 -0.1611 0.7229
vn -0.4902 0.8516 -0.1857
vn -0.8805 -0.2537 0.4004
vn -0.5046 0.7672 0.3960
vn -0.5132 0.4590 0.7252
vn -0.8973 -0.1651 -0.4094
vn -0.5399 0.1588 0.8266
vn -0.5296 0.1699 -0.8310
vn 0.6281 -0.7547 0.1895
vn 0.8432 -0.3976 -0.3618
vn 0.9502 0.2156 -0.2252
vn 0.9457 0.0634 -0.3189
vn 0.3874 0.4264 -0.8174
vn 0.7208 -0.6452 -0.2535
vn 0.9192 0.3142 -0.2372
vn 0.8465 0.3625 -0.3898
vn 0.9431 0.1238 -0.3086
vn 0.6557 0.0213 -0.7547
vn 0.9288 0.2286 -0.2918
vn 0.9338 0.2306 -0.2737
vn 0.9415 0.1741 -0.2885
vn 0.7379 -0.1301 -0.6623
vn 0.9900 -0.0068 -0.1412
vn 0.2220 0.2019 -0.9539
vn 0.9543 0.0117 -0.2988
vn 0.9440 0.0747 -0.3215
vn 0.8556 -0.4861 0.1778
vn 0.9465 0.0841 -0.3116
vn 0.1884 0.1698 -0.9673
vn 0.9424 0.1496 -0.2991
vn 0.4709 0.1847 -0.8626
vn 0.8725 0.0356 0.4873
vn 0.9425 0.1642 -0.2910
vn 0.7933 0.5571 0.2456
vn 0.7913 -0.3645 -0.4910
vn 0.9350 0.0293 -0.3534
vn 0.6665 0.7345 -0.1275
vn 0.9486 0.0929 -0.3025
vn 0.9419 0.0996 -0.3207
vn 0.9421 0.0978 -0.3207
vn 0.8600 0.3607 0.3610
vn 0.9535 0.0406 0.2987
vn 0.9481 0.1192 -0.2949
vn 0.9467 0.1346 -0.2925
vn 0.9556 0.1180 -0.2701
vn 0.9626 0.1571 -0.2206
vn 0.9486 0.1596 -0.2734
vn 0.9254 0.2154 -0.3118
vn 0.9400 0.1208 -0.3189
vn 0.9465 0.0958 -0.3082
vn 0.9406 0.1768 -0.2899
vn 0.7234 0.5832 -0.3697
vn 0.1821 0.1728 -0.9680
vn 0.4669 0.1983 -0.8618
vn 0.9375 0.1787 -0.2987
vn 0.9388 0.1681 -0.3005
vn 0.9080 -0.2403 0.3433
vn -0.9607 -0.2455 0.1296
vn -0.6024 -0.7062 0.3719
vn -0.9770 -0.1877 -0.1016
vn -0.4771 -0.1281 0.8695
vn -0.8126 0.0147 -0.5826
vn -0.9896 -0.0489 0.1355
vn -0.5295 0.1381 0.8370
vn -0.7685 -0.6133 0.1821
vn -0.9224 -0.2124 0.3226
vn -0.9089 0.4138 0.0516
vn -0.8636 -0.1757 0.4725
vn -0.7110 0.0593 -0.7007
vn -0.9437 -0.1208 0.3080
vn -0.8758 -0.4826 0.0073
vn -0.9403 -0.1256 0.3163
vn -0.9424 -0.0808 0.3247
vn -0.7948 0.4905 0.3575
vn -0.9412 -0.0797 0.3283
vn -0.8588 -0.4894 0.1512
vn -0.6537 0.4148 0.6330
vn -0.8284 -0.1659 0.5350
vn -0.0986 -0.1573 0.9826
vn -0.6663 0.0133 -0.7455
vn -0.8714 -0.0593 -0.4870
vn -0.9399 -0.1880 0.2850
vn -0.6665 0.0410 -0.7444
vn -0.9438 -0.1503 0.2944
vn -0.8743 -0.0221 -0.4848
vn -0.7488 -0.4121 0.5191
vn -0.9453 -0.1112 0.3065
vn -0.8540 0.3790 0.3565
vn -0.9361 -0.1490 0.3187
vn -0.5874 -0.7959 -0.1463
vn -0.9361 -0.1503 0.3179
vn -0.9389 -0.1434 0.3128
vn -0.9647 -0.1030 0.2422
vn -0.7138 -0.1898 -0.6741
vn -0.1842 -0.1725 0.9676
vn -0.4710 -0.1943 0.8604
vn -0.9409 -0.1716 0.2921
vn -0.9074 0.2441 -0.3421
vn -0.9406 -0.1276 0.3145
vn -0.5632 0.8258 -0.0292
vn -0.9510 -0.1107 0.2886
vn -0.9422 -0.0835 0.3244
vn -0.9428 -0.0800 0.3236
vn -0.9437 -0.0779 0.3214
vn -0.4945 0.6954 0.5214
vn -0.7126 0.6319 0.3049
vn -0.9260 0.2438 -0.2881
vn -0.9436 -0.2505 -0.2164
vn -0.9459 -0.2141 -0.2437
vn -0.9403 -0.1283 -0.3153
vn -0.8346 0.5489 0.0465
vn -0.8895 -0.3905 -0.2374
vn -0.4396 -0.6554 -0.6141
vn -0.9205 -0.2662 -0.2861
vn -0.5229 -0.2896 -0.8017
vn -0.1861 -0.0406 -0.9817
vn -0.4136 -0.1934 -0.8897
vn -0.8897 -0.3210 -0.3248
vn -0.9093 -0.3705 -0.1896
vn -0.9312 -0.3100 -0.1917
vn -0.2330 -0.1339 -0.9632
vn -0.7401 -0.3558 -0.5706
vn -0.8255 0.1968 -0.5290
vn -0.9708 -0.1359 -0.1975
vn -0.9946 -0.1041 -0.0046
vn -0.9488 -0.2754 -0.1545
vn -0.9171 -0.3986 -0.0052
vn -0.8009 0.2003 -0.5643
vn -0.9495 -0.2602 -0.1752
vn -0.7992 -0.2247 0.5575
vn -0.9349 -0.2651 -0.2358
vn -0.6527 0.2823 0.7030
vn -0.4190 -0.5423 0.7282
vn -0.9264 0.0717 -0.3697
vn -0.9433 -0.2806 -0.1775
vn -0.5458 -0.8372 0.0355
vn -0.9189 -0.3355 -0.2075
vn -0.9057 0.4097 0.1086
vn -0.9500 -0.2621 -0.1695
vn -0.6277 -0.3813 0.6787
vn -0.8818 -0.2555 0.3965
vn -0.8397 -0.0650 0.5391
vn -0.5706 -0.1662 -0.8042
vn -0.6485 -0.6692 -0.3628
vn -0.9380 -0.2644 -0.2240
vn -0.7320 0.0259 0.6809
vn -0.8929 -0.4093 0.1875
vn -0.9376 -0.2561 -0.2351
vn -0.9413 -0.2487 -0.2282
vn -0.4867 -0.8553 0.1776
vn -0.2371 -0.4050 -0.8831
vn -0.6627 0.1586 -0.7319
vn -0.8765 0.2718 -0.3973
vn -0.6154 -0.5593 -0.5553
vn -0.8931 -0.3394 -0.2953
vn -0.9431 -0.2713 -0.1924
vn 0.4960 -0.2734 0.8241
vn 0.5416 0.1704 0.8232
vn 0.5058 0.1857 -0.8424
vn 0.9018 -0.1204 -0.4150
vn 0.5173 0.4835 0.7061
vn 0.9989 0.0210 -0.0429
vn 0.5121 0.7652 0.3901
vn 0.7331 0.6518 0.1940
vn 0.7656 0.0892 0.6371
vn 0.9319 0.0645 0.3568
vn 0.3527 0.0350 0.9351
vn 0.9432 0.2332 0.2367
vn 0.8944 0.3833 0.2305
vn 0.6815 0.4750 0.5567
vn 0.8720 0.4297 0.2344
vn 0.3602 0.1073 0.9267
vn 0.9189 -0.3394 0.2010
vn 0.7654 0.6189 0.1767
vn 0.8716 -0.0718 0.4849
vn 0.9824 -0.1863 -0.0161
vn 0.5457 0.1554 0.8234
vn 0.7867 0.2233 -0.5755
vn 0.7440 0.6675 -0.0300
vn 0.7428 0.5967 0.3037
vn 0.9821 -0.1391 0.1274
vn 0.8794 -0.2440 0.4088
vn 0.4803 0.8604 -0.1706
vn 0.5392 -0.1410 0.8303
vn 0.7630 0.3850 -0.5191
vn 0.6117 0.4646 0.6402
vn 0.8736 -0.0250 -0.4859
vn 0.8295 -0.5340 -0.1635
vn 0.6385 0.6733 0.3729
vn 0.7705 -0.4867 0.4115
vn -0.4184 0.1545 -0.8950
vn -0.9536 0.0877 -0.2880
vn -0.7935 0.0311 -0.6078
vn -0.5659 0.1022 -0.8181
vn -0.9698 0.0987 -0.2232
vn -0.8817 0.3395 -0.3278
vn -0.9339 0.3032 -0.1893
vn -0.9787 0.0804 -0.1887
vn -0.8270 -0.5609 -0.0369
vn -0.6818 -0.6653 -0.3043
vn -0.9447 0.0979 -0.3130
vn -0.9155 0.0038 0.4023
vn -0.7338 -0.2402 0.6355
vn -0.8759 0.1004 0.4719
vn -0.9555 0.0125 -0.2947
vn -0.6753 0.6407 0.3654
vn -0.6502 0.7538 -0.0947
vn -0.9509 0.0404 -0.3068
vn -0.9360 0.1121 -0.3338
vn -0.9233 0.1653 -0.3468
vn -0.7086 0.5953 -0.3788
vn -0.9631 0.0427 -0.2658
vn -0.7146 -0.0823 -0.6947
vn -0.9424 0.0134 0.3342
vn -0.9259 -0.3719 0.0658
vn -0.5905 -0.1195 -0.7981
vn -0.8369 -0.5206 0.1694
vn -0.6653 0.2352 -0.7086
vn -0.8354 0.0318 0.5487
vn -0.6897 0.0308 0.7235
vn -0.9460 0.2360 -0.2223
vn -0.8639 -0.4030 -0.3021
vn -0.3873 0.4175 -0.8220
vn -0.6681 -0.7122 0.2154
vn -0.7037 0.2129 -0.6779
vn -0.8695 0.0532 0.4910
vn -0.8333 0.5308 0.1544
vn -0.5814 0.4500 -0.6779
vn -0.7254 0.6824 0.0901
vn -0.9243 0.1247 -0.3608
vn -0.9173 0.1767 -0.3568
vn -0.9353 0.2962 0.1934
vn -0.9253 0.1620 -0.3429
vn -0.3820 0.4760 -0.7921
vn -0.3498 -0.2249 -0.9094
vn -0.7438 -0.3571 -0.5650
vn 0.0079 0.9997 0.0240
vn 0.0177 0.9987 -0.0484
vn 0.0074 0.9991 -0.0428
vn 0.6237 0.7808 -0.0373
vn 0.0157 0.9989 -0.0445
vn -0.1357 0.9899 -0.0410
vn -0.0481 0.9982 0.0351
vn 0.0102 0.9996 -0.0259
vn 0.5243 0.8122 -0.2560
vn -0.0091 0.8174 -0.5760
vn -0.0068 0.9988 -0.0476
vn -0.0000 0.6676 -0.7445
vn 0.0147 0.6937 -0.7201
vn -0.0090 0.9991 -0.0412
vn -0.0123 0.9990 -0.0428
vn -0.0003 0.9995 -0.0314
vn 0.1505 0.9810 -0.1226
vn 0.0004 0.9992 -0.0398
vn -0.2427 0.7717 0.5878
vn -0.6678 0.7302 0.1445
vn -0.0071 0.9994 -0.0347
vn 0.4008 0.9157 -0.0281
vn 0.1112 0.9895 0.0926
vn 0.0001 0.9923 0.1237
vn -0.0250 0.9988 -0.0429
vn -0.0000 0.9991 -0.0429
vn -0.0192 0.9995 -0.0258
vn 0.6055 0.7563 0.2479
vn 0.2760 0.7693 -0.5762
vn 0.3804 0.8600 0.3401
vn -0.4890 0.8399 -0.2354
vn -0.0133 0.9992 -0.0364
vn 0.2320 0.7711 0.5929
vn -0.1235 0.8486 0.5144
vn 0.0300 0.9980 -0.0560
vn -0.6838 0.6707 0.2873
vn -0.3198 0.4002 -0.8588
vn 0.2878 0.5491 -0.7847
vn -0.2750 0.7768 -0.5665
vn -0.1203 0.8756 0.4679
vn 0.0039 0.8799 -0.4751
vn 0.0039 0.7413 0.6712
vn -0.0604 0.9758 0.2099
vn 0.0932 0.8905 -0.4454
vn -0.2519 0.8954 -0.3673
vn 0.1069 0.9943 -0.0011
vn -0.0000 -0.9960 -0.0888
vn -0.0000 -0.4498 -0.8931
vn -0.0006 -0.6945 -0.7195
vn 0.0001 -0.9474 0.3199
vn 0.0293 -0.9838 -0.1770
vn -0.3947 -0.5554 0.7319
vn -0.0636 -0.9962 0.0594
vn 0.3702 -0.9289 0.0049
vn -0.0842 -0.9962 -0.0233
vn 0.3972 -0.9169 0.0386
vn -0.0217 -0.9420 0.3349
vn -0.2843 -0.9584 -0.0246
vn -0.0058 -0.6985 0.7156
vn -0.0589 -0.9482 -0.3122
vn 0.0582 -0.9482 -0.3122
vn 0.4861 -0.8732 -0.0340
vn 0.0043 -0.5594 0.8289
vn -0.0020 -0.9403 0.3404
vn -0.4083 -0.9122 0.0335
vn 0.3330 -0.9420 0.0416
vn -0.3226 -0.8906 0.3206
vn -0.4565 -0.8693 -0.1896
vn -0.0027 -0.6579 0.7531
vn -0.0030 -0.5193 -0.8546
vn 0.4483 -0.8752 -0.1817
vn 0.3214 -0.8947 0.3103
vn -0.3333 -0.9418 0.0440
vn -0.5205 -0.8232 0.2267
vn 0.6584 -0.6911 -0.2982
vn -0.3115 -0.7812 0.5410
vn 0.2083 -0.7808 -0.5890
vn -0.0025 -0.7520 -0.6591
vn 0.2728 -0.6972 0.6629
vn -0.2175 -0.7667 -0.6041
vn -0.6736 -0.6716 -0.3084
vn 0.5027 -0.8345 0.2256
vn -0.5847 -0.7635 0.2742
vn 0.8083 0.3892 -0.4417
vn 0.4618 0.0857 -0.8828
vn 0.9024 -0.1540 -0.4024
vn 0.6867 0.7019 0.1891
vn 0.9520 0.3036 -0.0384
vn 0.3894 0.8868 0.2490
vn 0.2386 0.8293 -0.5053
vn 0.9013 0.1267 0.4142
vn 0.4904 0.7900 0.3680
vn 0.9172 0.0073 0.3984
vn 0.3711 0.0170 0.9284
vn -0.0000 0.0865 0.9963
vn -0.0000 0.8241 0.5664
vn -0.4835 0.7952 0.3658
vn -0.3666 0.0320 0.9298
vn -0.6851 0.7033 0.1897
vn -0.9137 0.0446 0.4039
vn -0.9056 0.1029 0.4115
vn -0.8019 0.3942 -0.4490
vn -0.9587 0.2818 -0.0389
vn -0.9112 -0.1599 -0.3796
vn -0.9999 -0.0138 -0.0011
vn -0.4619 0.0793 -0.8834
vn -0.6342 -0.7203 0.2809
vn -0.1337 -0.0392 0.9902
vn -0.8482 -0.2496 0.4671
vn 0.0513 -0.3752 0.9255
vn -0.4322 -0.8916 0.1349
vn 0.2375 -0.8539 0.4631
vn 0.2810 -0.8418 0.4608
vn -0.0552 -0.8884 -0.4557
vn 0.2409 -0.9705 0.0089
vn -0.8091 -0.5849 0.0575
vn -0.9589 -0.2834 -0.0152
vn -0.9356 0.2663 0.2317
vn -0.8580 0.5111 0.0518
vn 0.3379 -0.9397 -0.0534
vn 0.2881 -0.9549 0.0725
vn 0.1121 -0.4616 -0.8800
vn -0.5311 -0.4664 -0.7074
vn -0.9885 0.1276 0.0813
vn -0.4950 0.6909 -0.5269
vn -0.3667 0.9242 -0.1066
vn -0.2785 0.8915 0.3573
vn -0.3258 0.8749 0.3584
vn -0.2083 0.3204 0.9241
vn -0.7737 0.0057 -0.6335
vn -0.1167 -0.0368 -0.9925
vn -0.1459 0.4270 -0.8924
vn -0.2062 0.9548 -0.2142
vn -0.2788 0.9586 -0.0587
vn -0.8993 -0.3039 -0.3144
vn -0.3128 -0.9494 -0.0287
vn -0.2739 0.9515 -0.1400
vn 0.0063 0.9892 0.1462
vn 0.0065 0.9892 0.1462
vn 0.0062 0.9892 0.1462
vn 0.1775 0.6311 0.7551
vn 0.1679 0.6016 0.7810
vn 0.2648 -0.1114 0.9578
vn 0.2601 -0.1113 0.9592
vn 0.2055 -0.7774 0.5945
vn 0.2054 -0.7773 0.5947
vn 0.2055 -0.7775 0.5943
vn 0.2054 -0.7772 0.5948
vn 0.0255 -0.9873 -0.1566
vn 0.0256 -0.9873 -0.1565
vn 0.0257 -0.9873 -0.1565
vn 0.0259 -0.9873 -0.1565
vn 0.0219 0.9990 0.0380
vn -0.7758 0.1672 -0.6084
vn 0.0330 0.9898 0.1383
vn 0.0217 0.9871 0.1586
vn -0.0489 0.9979 0.0431
vn -0.4058 0.8790 -0.2504
vn -0.0559 0.9982 0.0206
vn 0.0438 -0.9572 -0.2861
vn 0.0842 -0.9729 -0.2154
vn 0.0861 -0.9700 -0.2275
vn 0.7997 0.1735 -0.5748
vn -0.9748 -0.0681 -0.2124
vn -0.9829 -0.1097 -0.1478
vn -0.9609 -0.0262 -0.2757
vn 0.0729 0.0939 0.9929
vn 0.0371 0.2657 0.9633
vn 0.0370 0.2658 0.9633
vn -0.0000 0.4291 0.9032
vn 0.6928 0.0428 0.7199
vn -0.0000 0.0942 0.9956
vn -0.4388 -0.2303 0.8686
vn -0.5544 -0.5845 0.5925
vn -0.0531 -0.5794 0.8133
vn 0.4908 -0.8214 0.2906
vn -0.8206 -0.5122 0.2534
vn -0.7838 -0.6065 0.1334
vn 0.7944 -0.5951 0.1212
vn -0.4384 -0.8975 0.0488
vn 0.6410 -0.4458 0.6248
vn 0.3977 -0.0331 0.9169
vn 0.7100 -0.7037 0.0271
vn 0.9824 -0.0660 -0.1747
vn -0.9863 0.1464 -0.0767
vn -0.2350 -0.5912 -0.7715
vn 0.4446 -0.4601 -0.7685
vn 0.0125 -0.8766 -0.4811
vn 0.0173 -0.9970 -0.0754
vn 0.0275 -0.9051 0.4243
vn -0.0116 -0.8415 0.5402
vn -0.1408 -0.9865 -0.0841
vn -0.2785 0.3366 0.8995
vn -0.2414 0.6626 0.7090
vn -0.6484 0.5639 0.5115
vn -0.5887 -0.7114 0.3839
vn -0.6379 -0.7243 0.2617
vn -0.3851 0.8726 0.3003
vn -0.7718 0.5258 0.3576
vn -0.8038 -0.5747 0.1538
vn -0.0548 0.9976 -0.0424
vn -0.0885 -0.8530 0.5143
vn 0.1588 -0.9739 -0.1619
vn -0.7641 -0.2037 -0.6121
vn -0.7647 0.4136 -0.4942
vn -0.9450 -0.3249 -0.0365
vn -0.6183 0.7614 0.1947
vn -0.8625 -0.4547 0.2221
vn -0.9220 0.2171 0.3206
vn -0.6453 0.4773 -0.5964
vn -0.7949 -0.3957 -0.4599
vn 0.3117 0.9274 -0.2069
vn -0.0955 -0.9950 -0.0294
vn -0.9231 -0.3584 0.1395
vn -0.6511 0.7341 0.1928
vn -0.8202 -0.5137 0.2517
vn -0.1829 0.9710 0.1539
vn -0.5079 0.7853 0.3540
vn -0.7985 -0.4611 0.3870
vn -0.4901 0.0454 0.8705
vn -0.3855 -0.6185 0.6847
vn -0.2661 0.7762 0.5715
vn -0.0922 0.5560 0.8260
vn 0.3293 0.3057 0.8934
vn 0.8453 0.4031 0.3507
vn 0.6808 0.5622 0.4695
vn 0.1054 0.9822 0.1557
vn 0.1055 0.9821 0.1557
vn 0.7011 0.2620 0.6632
vn 0.0824 0.9907 0.1084
vn 0.0913 -0.8390 0.5364
vn 0.0462 -0.8623 0.5044
vn 0.2294 -0.8342 0.5015
vn 0.4232 -0.7942 0.4361
vn 0.2774 -0.9217 0.2711
vn 0.6080 -0.7121 0.3510
vn 0.5542 -0.7572 0.3459
vn 0.4358 -0.8580 0.2720
vn 0.8599 0.4688 0.2021
vn 0.6910 -0.6706 0.2698
vn 0.8635 0.4867 0.1328
vn 0.9282 0.3662 0.0663
vn 0.4674 -0.8694 0.1606
vn 0.5024 -0.8626 0.0596
vn 0.9434 0.3299 -0.0341
vn 0.7636 -0.6446 -0.0371
vn 0.7454 0.6643 -0.0557
vn 0.3116 0.9274 -0.2069
vn 0.2475 0.0587 -0.9671
vn 0.5222 0.1238 -0.8438
vn 0.5154 0.1207 -0.8484
vn 0.6514 -0.7581 -0.0302
vn 0.9622 0.2250 -0.1537
vn 0.8446 -0.5288 -0.0836
vn 0.9647 0.2347 -0.1193
vn 0.3673 -0.6267 0.6873
vn 0.7918 -0.4740 0.3852
vn 0.4959 0.7965 0.3458
vn 0.8307 -0.4976 0.2498
vn 0.1792 0.9722 0.1505
vn 0.6591 0.7294 0.1833
vn 0.8458 -0.5133 0.1457
vn 0.2818 0.9488 -0.1430
vn 0.9674 0.2345 0.0959
vn -0.0389 0.7677 0.6397
vn 0.7197 0.1775 -0.6712
vn 0.7599 0.1824 -0.6239
vn 0.5691 0.6000 -0.5622
vn 0.7751 0.1861 -0.6038
vn 0.7946 0.1876 -0.5774
vn 0.9218 0.2227 0.3172
vn 0.2953 0.0757 0.9524
vn 0.8105 0.1130 0.5748
vn 0.7414 -0.0297 0.6704
vn 0.7860 -0.0321 0.6174
vn 0.7854 -0.0322 0.6181
vn 0.7866 -0.0319 0.6166
vn 0.7841 -0.0326 0.6197
vn 0.8330 -0.0008 0.5533
vn 0.7943 -0.0562 0.6049
vn 0.7325 0.4208 0.5351
vn 0.8429 -0.0425 0.5364
vn 0.8326 -0.0558 0.5510
vn 0.5335 0.7153 0.4513
vn 0.9046 -0.0405 0.4244
vn 0.6580 -0.7245 0.2052
vn 0.6581 -0.7244 0.2052
vn 0.9291 -0.0629 0.3645
vn 0.9784 -0.0323 0.2041
vn 0.9961 -0.0542 0.0699
vn 0.8026 -0.0982 0.5884
vn 0.7752 0.0670 -0.6282
vn 0.2530 0.9583 -0.1332
vn 0.7698 0.0867 -0.6324
vn 0.7519 0.4003 -0.5238
vn 0.9386 -0.3447 -0.0130
vn 0.5575 0.8070 0.1950
vn -0.2798 0.9597 0.0268
vn -0.2438 0.9698 -0.0048
vn -0.2437 0.9698 -0.0048
vn -0.2423 0.9702 0.0030
vn -0.2450 0.9694 -0.0129
vn -0.2719 0.9620 -0.0239
vn -0.2605 0.9655 -0.0012
vn -0.9534 0.2422 0.1796
vn -0.6326 0.7708 -0.0751
vn -0.9108 0.3383 -0.2364
vn -0.8871 0.3564 -0.2933
vn -0.7211 0.6772 0.1460
vn 0.6749 0.7261 -0.1313
vn 0.0870 0.9841 0.1547
vn 0.0746 0.9841 0.1612
vn 0.0545 0.9757 0.2121
vn 0.7141 0.6992 -0.0356
vn 0.4477 0.8932 -0.0417
vn 0.7461 0.5972 -0.2945
vn 0.6999 0.6337 -0.3295
vn 0.6031 0.7965 -0.0443
vn 0.6059 0.5460 0.5786
vn 0.9996 -0.0237 -0.0148
vn -0.4536 -0.8395 -0.2991
vn -0.5288 -0.8395 -0.1251
vn -0.4951 -0.8669 -0.0571
vn -0.2433 -0.9685 0.0525
vn -0.2725 -0.9590 0.0780
vn -0.6391 -0.7681 -0.0396
vn -0.6319 0.6226 0.4616
vn -0.1978 0.9703 0.1396
vn 0.2634 0.9643 -0.0265
vn 0.2725 0.9616 -0.0333
vn 0.2942 0.9555 -0.0205
vn 0.2479 0.9683 -0.0295
vn 0.2451 0.9694 -0.0128
vn 0.2147 0.9767 -0.0004
vn 0.2178 0.9760 -0.0064
vn 0.9526 0.2492 0.1746
vn 0.6421 0.7623 -0.0812
vn 0.9056 0.3468 -0.2442
vn 0.8814 0.3752 -0.2869
vn 0.7300 0.6048 0.3182
vn 0.9808 -0.1864 0.0575
vn 0.7061 -0.4111 0.5766
vn 0.5531 -0.7201 0.4191
vn 0.3614 -0.9269 0.1016
vn 0.4458 -0.8778 -0.1753
vn 0.6300 -0.7408 -0.2330
vn 0.5132 -0.8506 -0.1148
vn 0.3119 -0.9378 0.1528
vn 0.6419 -0.6053 0.4708
vn 0.8413 -0.1947 0.5043
vn 0.8399 -0.1944 0.5067
vn 0.8393 -0.1940 0.5079
vn 0.8382 -0.1935 0.5098
vn 0.8376 -0.1931 0.5110
vn 0.9113 -0.2147 -0.3512
vn 0.6090 -0.1395 -0.7808
vn 0.4868 -0.8424 -0.2311
vn -0.2493 -0.9670 0.0516
vn -0.2516 -0.9664 0.0525
vn -0.0026 0.9995 -0.0304
vn 0.5984 0.3259 0.7319
vn 0.6521 0.6984 0.2950
vn 0.5047 -0.0042 0.8633
vn 0.7469 0.2849 0.6009
vn 0.9094 0.4098 0.0715
vn 0.7627 0.0599 0.6439
vn 0.8412 -0.0760 0.5354
vn 0.9918 -0.0790 -0.1004
vn 0.7804 -0.2347 0.5796
vn 0.7265 -0.3966 0.5611
vn 0.8016 -0.4455 -0.3987
vn 0.7856 -0.5025 0.3611
vn 0.7408 -0.6479 0.1775
vn 0.5369 -0.7838 -0.3120
vn 0.5990 -0.7286 0.3321
vn 0.4802 -0.7224 0.4976
vn 0.2017 -0.9629 -0.1793
vn 0.4163 -0.5446 0.7281
vn 0.4395 -0.6786 0.5885
vn 0.4134 -0.7989 0.4369
vn 0.0803 -0.9870 -0.1394
vn -0.0347 -0.9690 -0.2444
vn 0.6361 -0.6597 -0.4001
vn 0.0013 -0.2373 -0.9714
vn -0.8217 -0.4699 -0.3224
vn -0.7080 -0.6649 -0.2379
vn 0.9574 -0.2648 -0.1156
vn -0.8556 0.5033 0.1213
vn -0.9386 0.3381 0.0690
vn -0.2896 0.9571 -0.0103
vn -0.2894 0.9571 -0.0103
vn -0.9536 0.2997 -0.0280
vn -0.8611 0.5053 -0.0565
vn -0.6387 0.7686 -0.0362
vn -0.2262 0.9741 0.0058
vn -0.2201 0.9755 0.0016
vn -0.2648 0.9249 -0.2729
vn 0.0750 0.5948 0.8004
vn -0.0029 0.6172 -0.7868
vn 0.2498 0.7403 0.6241
vn -0.5984 0.7607 0.2515
vn -0.9014 0.4001 0.1655
vn -0.7416 0.3815 -0.5518
vn -0.9653 -0.2605 0.0159
vn -0.6141 -0.1529 -0.7743
vn -0.0559 0.1611 -0.9854
vn 0.3982 0.4751 0.7847
vn -0.6953 0.4693 0.5443
vn 0.2674 -0.1748 0.9476
vn -0.8884 -0.0101 0.4590
vn -0.6862 -0.5730 0.4480
vn 0.4620 -0.7266 0.5085
vn -0.5249 -0.8501 0.0430
vn 0.3697 -0.8762 0.3092
vn -0.1560 -0.8222 -0.5473
vn -0.9962 0.0864 -0.0056
vn 0.1586 -0.8052 0.5714
vn 0.0562 -0.3464 -0.9364
vn 0.0408 0.1593 -0.9864
vn 0.7080 0.4680 0.5289
vn -0.2516 -0.1475 0.9565
vn 0.8955 -0.0202 0.4445
vn -0.3763 0.4861 0.7887
vn 0.5771 0.7679 0.2781
vn -0.2531 0.7475 0.6142
vn 0.2292 0.9347 -0.2715
vn 0.8872 0.3985 0.2325
vn 0.9984 0.0570 0.0062
vn 0.6934 -0.5732 0.4366
vn 0.5191 -0.8533 0.0486
vn -0.0807 0.6048 0.7922
vn -0.0017 0.6163 -0.7875
vn 0.7381 0.3729 -0.5623
vn 0.9539 -0.2950 0.0545
vn 0.1550 -0.8256 -0.5426
vn -0.3644 -0.8761 0.3157
vn -0.4531 -0.7138 0.5340
vn 0.6125 -0.1773 -0.7704
vn -0.1476 -0.8044 0.5755
vn -0.0651 -0.3459 -0.9360
vn 0.9901 -0.1319 -0.0487
vn 0.9890 -0.0883 -0.1190
vn 0.9844 -0.1745 0.0218
vn -0.0485 -0.9771 -0.2073
vn -0.0389 -0.9880 -0.1496
vn -0.0164 -0.9814 -0.1913
vn 0.2725 -0.9621 -0.0069
vn 0.3956 0.8797 -0.2640
vn -0.0592 0.9893 0.1332
vn -0.0496 0.9918 0.1180
vn -0.0261 0.9841 0.1759
vn -0.2246 0.1129 -0.9679
vn -0.3265 0.1894 -0.9260
vn -0.1445 0.0381 -0.9888
vn -0.1445 0.0380 -0.9888
vn -0.2506 -0.9655 0.0701
vn -0.2269 -0.9736 0.0238
vn -0.1172 0.0408 -0.9923
vn 0.2277 -0.1193 0.9664
vn 0.2554 -0.1238 0.9589
vn 0.2554 -0.1375 0.9570
vn 0.2811 -0.1231 0.9518
vn 0.2810 -0.1231 0.9518
vn 0.3065 -0.1086 0.9457
vn 0.3217 0.1826 -0.9291
vn 0.1481 0.0577 -0.9873
vn 0.1477 0.0490 -0.9878
vn 0.1495 0.0413 -0.9879
vn 0.1494 0.0415 -0.9879
vn 0.3001 -0.9504 0.0816
vn 0.2614 -0.9652 0.0030
vn -0.0300 -0.0066 -0.9995
vn 0.1478 0.0491 -0.9878
vn -0.2615 -0.1919 0.9459
vn -0.1378 -0.0922 0.9862
vn -0.1476 -0.0498 0.9878
vn -0.1805 -0.0495 0.9823
vn -0.0051 0.4390 0.8985
vn -0.0911 0.1022 0.9906
vn -0.0000 0.1027 0.9947
vn 0.0020 0.0945 0.9955
vn 0.0091 0.1844 -0.9828
vn -0.0605 -0.3125 -0.9480
vn -0.6992 0.7060 -0.1128
vn -0.1359 0.9562 0.2592
vn -0.0761 0.9579 0.2770
vn -0.0948 0.9677 0.2336
vn -0.7218 0.6912 0.0342
vn -0.6847 0.7179 -0.1255
vn -0.0468 0.9867 0.1554
vn -0.0469 0.9867 0.1554
vn -0.0530 0.9771 0.2059
vn -0.0401 0.9937 0.1045
vn -0.7401 0.5938 -0.3158
vn -0.0395 0.9927 0.1136
vn -0.7480 0.4909 -0.4466
vn -0.1344 0.9908 0.0162
vn -0.7233 0.6643 -0.1884
vn -0.1729 0.9805 0.0934
vn -0.1247 0.9781 0.1665
vn -0.7488 0.5452 0.3770
vn -0.3518 0.7429 0.5696
vn -0.3066 0.6905 0.6551
vn -0.2546 0.9449 0.2056
vn 0.3990 0.9067 0.1369
vn -0.0000 0.8311 0.5561
vn -0.0000 0.5959 0.8031
vn 0.9157 0.4018 0.0022
vn -0.7245 0.6893 -0.0040
vn 0.8071 0.5894 -0.0338
vn -0.8225 0.5646 -0.0679
vn 0.5548 0.8171 -0.1566
vn -0.4670 0.8638 -0.1889
vn 0.7263 0.6793 -0.1048
vn 0.0352 0.9891 0.1429
vn -0.8470 0.5292 -0.0495
vn -0.7699 0.6200 0.1512
vn -0.4803 0.4952 0.7239
vn 0.7845 0.5961 0.1706
vn 0.5339 0.5064 0.6772
vn 0.2669 -0.9604 0.0798
vn -0.5947 -0.7731 0.2204
vn -0.6865 -0.6751 0.2700
vn -0.4494 -0.8793 0.1578
vn -0.4922 -0.8676 0.0706
vn 0.2348 -0.9702 0.0596
vn -0.6655 -0.7460 -0.0250
vn 0.2562 -0.9658 0.0407
vn 0.2323 -0.9717 0.0432
vn 0.2526 -0.9666 0.0429
vn 0.2736 -0.9605 0.0502
vn -0.9693 -0.2351 -0.0715
vn -0.9373 -0.2287 0.2631
vn -0.9845 -0.1733 0.0272
vn 0.1270 -0.4218 0.8978
vn -0.1538 -0.3461 0.9255
vn 0.0424 -0.2837 0.9580
vn 0.2619 -0.1956 0.9451
vn -0.6461 -0.1351 0.7512
vn -0.9151 -0.0472 0.4005
vn -0.8602 -0.2244 0.4579
vn -0.8976 -0.3522 0.2651
vn -0.7727 -0.5146 0.3717
vn -0.7324 -0.6437 0.2221
vn -0.5300 -0.6448 0.5507
vn -0.2513 -0.1702 0.9528
vn -0.7479 0.2124 0.6289
vn -0.5192 0.0319 0.8541
vn -0.6383 0.3851 0.6665
vn -0.5202 -0.5980 0.6098
vn -0.4685 0.3264 0.8210
vn -0.5211 0.6735 0.5242
vn -0.4986 0.4049 0.7664
vn 0.0176 -0.0956 0.9953
vn -0.4838 -0.6212 0.6164
vn -0.4101 0.7392 0.5342
vn -0.4534 0.5861 0.6715
vn -0.5031 -0.6650 0.5521
vn -0.5467 0.4050 0.7328
vn -0.4461 -0.7986 0.4041
vn -0.6184 0.2988 0.7269
vn -0.4225 -0.8251 0.3750
vn -0.5155 0.3437 0.7849
vn 0.0047 0.0720 0.9974
vn 0.5521 0.3686 0.7479
vn 0.4921 0.3174 0.8106
vn 0.5645 0.6221 0.5425
vn 0.4362 0.2805 0.8550
vn -0.7115 0.5011 0.4926
vn -0.5793 0.3953 0.7128
vn 0.0025 0.2912 0.9567
vn 0.5542 0.3708 0.7452
vn 0.7299 0.4764 0.4902
vn -0.7075 0.4127 0.5736
vn -0.8067 0.4105 0.4251
vn -0.7436 0.4028 0.5337
vn -0.7026 0.3845 0.5988
vn 0.0037 0.3846 0.9231
vn 0.4452 0.4207 0.7904
vn 0.8343 0.3577 0.4195
vn 0.8484 0.3944 0.3531
vn 0.7436 0.4151 0.5241
vn -0.0681 0.4212 0.9044
vn 0.0756 0.4219 0.9035
vn 0.4234 0.4349 0.7947
vn 0.4317 0.5301 0.7298
vn 0.5077 0.4029 0.7615
vn 0.5038 0.5223 0.6880
vn 0.5840 -0.1760 0.7924
vn -0.6767 0.6872 0.2642
vn -0.9225 0.3814 0.0601
vn -0.9813 0.0214 -0.1913
vn -0.8467 -0.4260 -0.3188
vn -0.5299 -0.8108 -0.2486
vn -0.1706 -0.9635 -0.2065
vn 0.0171 -0.9845 -0.1743
vn -0.8324 0.4614 0.3069
vn -0.0934 0.9861 0.1374
vn -0.0566 0.9921 0.1122
vn -0.8313 0.3814 0.4044
vn -0.7417 0.3870 0.5479
vn -0.4726 0.7252 0.5008
vn -0.1314 0.9826 0.1313
vn -0.5254 -0.7339 0.4305
vn -0.6428 -0.7075 0.2938
vn -0.6813 -0.6961 0.2264
vn -0.4335 -0.9000 0.0458
vn -0.8131 -0.5764 0.0815
vn -0.7595 0.6282 0.1688
vn -0.8071 0.5851 0.0790
vn -0.7759 -0.6266 -0.0731
vn -0.9058 0.4140 -0.0897
vn -0.7917 -0.5785 -0.1963
vn -0.8704 0.4834 -0.0932
vn -0.6462 -0.7319 -0.2162
vn -0.5262 0.8450 0.0958
vn -0.9974 0.0511 -0.0501
vn -0.9884 0.0186 0.1506
vn -0.1592 -0.9846 -0.0728
vn -0.6420 -0.7347 0.2193
vn -0.9936 0.0354 -0.1069
vn -0.8129 0.3596 0.4582
vn -0.9944 0.0819 0.0674
vn -0.4184 0.5114 0.7506
vn -0.9998 -0.0119 -0.0165
vn -0.3797 0.6735 0.6341
vn -0.8425 0.4195 0.3379
vn -0.9999 -0.0130 -0.0004
vn -0.5543 0.6854 0.4722
vn -0.8358 0.4885 0.2507
vn -1.0000 -0.0058 -0.0011
vn -0.3715 0.8793 0.2981
vn -0.8296 0.5349 0.1603
vn -0.9999 -0.0101 -0.0002
vn -0.5552 0.8180 0.1503
vn -0.5507 0.8314 0.0739
vn -0.7173 0.6966 0.0171
vn -0.9863 0.1463 -0.0766
vn -0.7075 0.6724 0.2177
vn 0.2436 -0.9698 -0.0088
vn 0.1988 -0.9799 0.0180
vn -0.5046 -0.8377 -0.2088
vn 0.2017 -0.9787 0.0389
vn 0.2435 -0.9683 0.0562
vn 0.2723 -0.9597 0.0698
vn -0.2813 -0.9453 0.1653
vn -0.6431 -0.6110 0.4616
vn 0.2777 -0.9594 0.0499
vn -0.4913 -0.8650 -0.1022
vn -0.6134 -0.7576 -0.2230
vn -0.4432 -0.8804 -0.1685
vn -0.3743 -0.9233 0.0863
vn -0.5557 -0.7109 0.4311
vn -0.8492 -0.2047 0.4867
vn -0.8382 -0.2020 0.5067
vn -0.8381 -0.2019 0.5068
vn -0.9189 -0.2219 -0.3260
vn -0.6075 -0.1453 -0.7809
vn 0.6730 -0.3724 0.6390
vn 0.7506 -0.6414 0.1590
vn 0.5828 -0.8055 -0.1072
vn 0.6150 -0.6997 -0.3635
vn 0.7414 -0.5272 -0.4151
vn 0.6594 -0.6935 -0.2903
vn 0.3821 -0.9079 -0.1727
vn 0.7835 -0.0888 0.6150
vn 0.7772 -0.0920 0.6225
vn 0.9370 -0.0360 0.3474
vn 0.9125 -0.0388 0.4071
vn 0.9277 0.1079 -0.3574
vn 0.9426 0.1077 -0.3160
vn -0.0448 -0.9922 -0.1167
vn -0.0532 -0.9934 -0.1014
vn 0.0002 -0.9923 -0.1236
vn 0.0018 -0.9899 -0.1415
vn 0.0018 -0.9900 -0.1413
vn 0.0033 -0.9872 -0.1592
vn -0.0032 -0.9871 -0.1603
vn -0.0032 -0.9871 -0.1604
vn -0.0031 -0.9873 -0.1589
vn -0.0034 -0.9868 -0.1618
vn 0.0371 -0.9882 -0.1484
vn 0.0474 -0.9912 -0.1235
vn 0.0434 -0.9917 -0.1210
vn -0.4192 -0.8937 -0.1599
vn 0.0429 -0.9914 -0.1235
vn -0.8590 -0.4102 -0.3063
vn 0.0407 -0.9919 -0.1203
vn 0.0340 -0.9974 -0.0641
vn 0.0218 -0.9979 -0.0616
vn -0.7224 -0.5208 -0.4549
vn -0.6984 -0.5355 -0.4748
vn 0.0162 -0.9979 -0.0623
vn -0.0479 -0.9962 0.0729
vn -0.7066 -0.6711 -0.2246
vn -0.0530 -0.9964 0.0660
vn -0.2655 -0.8343 0.4832
vn -0.8546 -0.5190 -0.0176
vn -0.2655 -0.8343 0.4831
vn -0.3859 -0.5694 0.7258
vn -0.3974 -0.5638 0.7240
vn -0.6418 -0.0467 0.7655
vn -0.4730 -0.2450 0.8463
vn -0.6418 -0.0466 0.7655
vn -0.7627 0.1552 0.6278
vn -0.7609 -0.0999 0.6411
vn -0.7818 -0.0887 0.6172
vn -0.8018 -0.0773 0.5925
vn -0.9216 -0.0308 0.3870
vn -0.8965 -0.0342 0.4417
vn -0.9319 0.1264 -0.3399
vn -0.9615 0.1256 -0.2443
vn 0.9766 -0.0319 -0.2127
vn 0.9428 0.3225 -0.0841
vn 0.8966 0.3680 0.2462
vn 0.9833 -0.1155 0.1404
vn 0.9834 -0.1155 0.1403
vn 0.9339 -0.2272 0.2760
vn 0.7461 0.5470 0.3796
vn 0.6334 -0.7443 0.2118
vn 0.1589 -0.9739 -0.1618
vn -0.0549 0.9976 -0.0424
vn 0.8206 -0.5328 -0.2066
vn 0.7443 0.6661 -0.0477
vn 0.6779 -0.7141 -0.1748
vn 0.8643 0.5012 -0.0431
vn 0.7950 -0.6026 -0.0699
vn 0.8777 0.4758 0.0575
vn 0.8454 -0.5333 0.0303
vn 0.6391 -0.7672 0.0550
vn 0.5741 -0.8117 0.1073
vn 0.6609 -0.7057 0.2553
vn 0.4531 -0.8304 0.3242
vn 0.6486 -0.1893 0.7372
vn 0.6588 -0.1837 0.7296
vn 0.0036 0.6950 0.7190
vn -0.0000 0.7142 0.6999
vn 0.7071 0.6738 0.2145
vn 0.5937 0.8044 0.0201
vn 0.5551 0.8263 0.0958
vn 0.4482 0.8672 0.2173
vn 0.8296 0.5348 0.1603
vn 0.7071 0.6643 0.2425
vn 0.4507 0.7966 0.4028
vn 0.6011 0.6356 0.4845
vn 0.7139 0.5430 0.4422
vn 0.8391 0.3860 0.3833
vn 0.3718 0.5524 0.7460
vn -0.0042 0.5527 0.8333
vn -0.0653 0.4771 0.8764
vn 0.9505 0.2010 0.2368
vn 0.0728 0.4712 0.8790
vn -0.7926 0.5386 0.2860
vn -0.9979 0.0634 -0.0095
vn -0.9980 0.0629 -0.0079
vn -0.9984 -0.0535 -0.0168
vn -0.9971 -0.0750 0.0094
vn -0.9986 -0.0319 -0.0430
vn -0.0172 -0.9923 -0.1224
vn -0.0152 -0.9927 -0.1194
vn -0.0308 -0.9928 -0.1156
vn 0.2588 0.9634 -0.0696
vn 0.2506 0.9674 -0.0369
vn 0.9849 0.0942 -0.1451
vn 0.9820 0.1790 -0.0597
vn 0.9590 0.2130 -0.1869
vn 0.9086 0.3991 -0.1233
vn 0.7187 0.6932 -0.0543
vn 0.3748 0.9213 0.1034
vn 0.1969 0.9768 0.0847
vn 0.1262 0.9902 0.0601
vn -0.1003 -0.9842 -0.1458
vn -0.0967 -0.9809 -0.1685
vn -0.0849 -0.9789 -0.1860
vn -0.0880 -0.9782 -0.1883
vn 0.0925 0.9897 0.1096
vn 0.0914 0.9845 0.1497
vn 0.0782 0.9792 0.1871
vn 1.0000 -0.0049 0.0049
vn 0.9999 -0.0119 -0.0004
vn 1.0000 0.0049 -0.0072
vn 0.9987 0.0331 -0.0378
vn 0.9962 0.0573 -0.0653
vn 0.9946 0.0281 -0.1003
vn -0.1839 0.9815 0.0539
vn -0.3315 0.9407 0.0718
vn -0.6746 0.7382 0.0026
vn -0.8918 0.4376 -0.1148
vn -0.9669 0.2379 -0.0923
vn -0.9779 0.1939 0.0775
vn -0.9775 0.1228 -0.1717
vn 0.0772 -0.9872 -0.1396
vn 0.1065 -0.9871 -0.1197
vn 0.0808 -0.9885 -0.1276
vn 0.0299 -0.9919 -0.1235
vn -0.0000 -0.8965 -0.4431
vn -0.4566 -0.8568 -0.2398
vn -0.0001 -0.8842 -0.4672
vn -0.3452 -0.8153 -0.4648
vn -0.5045 -0.5473 -0.6677
vn -0.8363 -0.1606 -0.5243
vn -0.5648 -0.2229 -0.7945
vn -0.5759 0.1640 -0.8009
vn -0.4386 0.6790 -0.5887
vn -0.3357 0.3964 -0.8545
vn -0.0001 0.3386 -0.9409
vn 0.2632 0.2298 -0.9370
vn 0.3357 0.3963 -0.8546
vn 0.5758 0.1641 -0.8009
vn 0.9361 -0.1031 -0.3362
vn 0.5648 -0.2226 -0.7946
vn 0.5047 -0.5473 -0.6677
vn 0.4566 -0.8568 -0.2398
vn 0.3453 -0.8154 -0.4647
vn -0.4665 0.0998 -0.8789
vn -0.4485 0.2798 -0.8489
vn -0.1270 0.0961 -0.9872
vn -0.3765 -0.0583 -0.9246
vn -0.0189 -0.0655 -0.9977
vn -0.0002 0.3493 -0.9370
vn -0.0908 0.3344 -0.9380
vn -0.2747 0.4915 -0.8264
vn -0.3764 -0.1536 -0.9137
vn -0.4075 -0.2769 -0.8702
vn -0.3528 -0.4293 -0.8314
vn -0.1957 -0.4148 -0.8886
vn -0.1334 -0.5092 -0.8502
vn 0.0005 -0.4989 -0.8667
vn 0.2060 -0.2716 -0.9401
vn 0.3039 -0.0531 -0.9512
vn 0.1250 0.0948 -0.9876
vn 0.0907 0.3343 -0.9381
vn 0.2747 0.4915 -0.8264
vn 0.1286 -0.4913 -0.8614
vn 0.2374 -0.4939 -0.8364
vn 0.4666 0.0997 -0.8788
vn 0.4486 0.2797 -0.8488
vn 0.2997 -0.1297 -0.9452
vn 0.4430 -0.3081 -0.8419
vn 0.0667 -0.3867 0.9198
vn 0.7451 -0.6160 0.2558
vn 0.4456 0.0921 0.8905
vn 0.0525 -0.9731 -0.2241
vn -0.0539 -0.4939 0.8679
vn -0.0696 -0.9706 -0.2303
vn -0.7451 -0.6159 0.2559
vn -0.4456 0.0922 0.8905
vn 0.5344 -0.6475 -0.5433
vn -0.5343 -0.6475 -0.5434
vn 0.3374 0.4447 -0.8297
vn -0.1161 0.3954 -0.9112
vn 0.3079 0.8984 -0.3133
vn -0.2004 -0.0795 -0.9765
vn -0.1539 -0.0431 -0.9872
vn 0.3236 0.1053 -0.9403
vn 0.2720 -0.0252 -0.9620
vn 0.8720 0.0125 -0.4894
vn 0.8439 0.3549 -0.4024
vn -0.2827 -0.1000 -0.9540
vn -0.3907 -0.6338 -0.6675
vn -0.6342 -0.4680 -0.6154
vn -0.7016 -0.0471 -0.7110
vn -0.1428 -0.0079 -0.9897
vn -0.3863 -0.1342 -0.9126
vn -0.3032 -0.7771 -0.5515
vn -0.5011 -0.2037 -0.8411
vn -0.3405 -0.7736 -0.5343
vn -0.6222 -0.1487 -0.7686
vn -0.4148 -0.6192 -0.6668
vn -0.3271 0.3017 -0.8955
vn -0.4760 0.3774 -0.7943
vn -0.6437 0.3011 -0.7035
vn -0.7165 -0.1236 -0.6865
vn -0.7873 -0.0878 -0.6102
vn -0.2893 -0.3844 -0.8767
vn -0.0390 0.9642 -0.2623
vn -0.2463 0.9563 -0.1577
vn -0.7725 0.3998 -0.4933
vn -0.9594 0.2557 -0.1191
vn -0.9971 -0.0244 -0.0721
vn -0.7843 -0.0418 -0.6190
vn -0.1760 0.0262 -0.9840
vn 0.2009 0.9790 -0.0340
vn 0.0800 0.9959 0.0412
vn -0.0901 0.9924 -0.0843
vn -0.2520 0.9655 0.0663
vn -0.4497 0.8719 0.1940
vn 0.3934 0.9044 -0.1656
vn 0.3773 0.7773 -0.5034
vn 0.4514 0.4676 -0.7600
vn 0.7695 0.1894 -0.6099
vn -0.5270 0.8351 0.1578
vn -0.6747 0.6639 0.3224
vn -0.5913 0.5584 0.5819
vn -0.6906 0.0719 0.7197
vn -0.6898 -0.2611 0.6753
vn -0.9772 -0.1341 -0.1649
vn -0.8785 0.2612 0.4000
vn -0.9012 -0.1737 0.3971
vn -0.7878 -0.3955 0.4722
vn -0.6655 -0.4731 0.5773
vn -0.9187 -0.2146 -0.3316
vn -0.7858 0.0070 -0.6185
vn -0.2651 0.2303 -0.9363
vn -0.8243 -0.5423 0.1626
vn -0.6363 -0.6730 0.3769
vn -0.7814 -0.2217 -0.5833
vn -0.3519 0.3218 -0.8790
vn -0.6607 -0.7451 0.0915
vn -0.5166 -0.8389 0.1714
vn -0.5924 -0.5478 -0.5907
vn -0.5721 -0.6817 -0.4561
vn -0.1873 -0.7568 -0.6262
vn -0.4030 -0.6052 -0.6866
vn -0.4189 -0.2849 -0.8621
vn -0.0747 -0.6464 -0.7594
vn 0.2839 -0.8395 -0.4633
vn -0.5536 0.0118 -0.8327
vn 0.3430 -0.5355 -0.7717
vn -0.1486 -0.2527 -0.9561
vn -0.3778 0.0780 -0.9226
vn -0.4364 0.5736 -0.6932
vn 0.4950 -0.5568 -0.6670
vn 0.7042 -0.4590 -0.5416
vn 0.1643 0.0764 -0.9834
vn 0.8553 -0.2554 -0.4508
vn 0.2332 -0.1104 -0.9661
vn 0.0402 -0.1297 -0.9907
vn -0.2613 -0.0108 -0.9652
vn -0.5802 0.1181 -0.8059
vn 0.2048 0.0879 -0.9748
vn -0.2010 0.0062 -0.9796
vn -0.7046 0.3984 -0.5872
vn -0.5703 0.6178 -0.5414
vn -0.8322 0.2123 -0.5122
vn -0.4030 0.4953 -0.7696
vn -0.1595 0.6002 -0.7838
vn -0.9403 0.1034 0.3243
vn -0.8669 0.3586 0.3462
vn -0.7160 0.5772 0.3928
vn -0.5123 0.8177 0.2627
vn -0.1134 0.9906 0.0760
vn -0.4773 0.1668 0.8627
vn -0.3639 0.3599 0.8591
vn -0.3183 0.6677 0.6730
vn -0.0953 0.8863 0.4531
vn -0.4847 0.0088 0.8746
vn 0.1350 0.9465 0.2931
vn 0.4581 0.8770 0.1454
vn 0.1520 0.9457 -0.2872
vn 0.3947 0.7826 -0.4813
vn 0.5069 0.5506 -0.6633
vn 0.7790 0.6266 0.0238
vn 0.9422 0.3337 -0.0302
vn 0.5488 0.3265 -0.7696
vn 0.6193 -0.1081 -0.7777
vn 0.4075 -0.7455 -0.5275
vn 0.9549 0.2071 -0.2129
vn 0.9988 -0.0046 -0.0490
vn 0.9278 -0.3582 -0.1039
vn 0.6719 -0.7343 0.0972
vn 0.1558 -0.9822 -0.1051
vn -0.0139 -0.9993 -0.0345
vn -0.1492 -0.9765 0.1554
vn 0.4488 -0.8020 0.3942
vn 0.2198 -0.9033 0.3685
vn 0.1754 -0.7977 0.5770
vn -0.0538 -0.7983 0.5999
vn -0.3022 -0.6217 0.7226
vn -0.5491 -0.8213 0.1545
vn -0.8541 -0.3575 0.3779
vn -0.3650 -0.2028 0.9087
vn 0.4772 0.1671 0.8628
vn 0.9402 0.1034 0.3246
vn 0.4611 -0.0755 0.8842
vn 0.8667 0.3590 0.3463
vn 0.3638 0.3600 0.8591
vn 0.7158 0.5774 0.3928
vn 0.3182 0.6678 0.6729
vn 0.5122 0.8177 0.2627
vn 0.0952 0.8864 0.4531
vn 0.8322 0.2126 -0.5120
vn 0.7046 0.3987 -0.5870
vn 0.5702 0.6179 -0.5413
vn 0.1134 0.9906 0.0759
vn -0.1349 0.9465 0.2931
vn -0.4578 0.8771 0.1453
vn 0.7017 -0.0472 -0.7109
vn 0.4586 0.5061 -0.7305
vn -0.1521 0.9457 -0.2872
vn -0.3946 0.7828 -0.4812
vn -0.7786 0.6271 0.0235
vn -0.5064 0.5511 -0.6632
vn -0.9395 0.3417 -0.0255
vn -0.5507 0.3344 -0.7648
vn -0.9509 0.2271 -0.2104
vn 0.4247 0.4285 -0.7975
vn 0.2652 0.5189 -0.8127
vn 0.2369 0.3860 -0.8916
vn 0.2654 0.2316 -0.9359
vn 0.1737 0.0370 -0.9841
vn -0.6166 -0.0992 -0.7810
vn -0.9981 -0.0108 -0.0602
vn -0.9354 -0.3350 -0.1132
vn -0.4188 -0.7283 -0.5424
vn -0.7441 -0.6674 0.0296
vn -0.1910 -0.9746 -0.1170
vn -0.5797 -0.7973 0.1682
vn 0.3268 -0.3444 -0.8801
vn 0.4203 -0.6130 -0.6691
vn 0.3448 -0.7732 -0.5323
vn 0.0121 -0.9993 -0.0341
vn -0.2325 -0.9044 0.3577
vn -0.4460 -0.8048 0.3916
vn 0.3024 -0.7787 -0.5496
vn 0.1321 -0.9833 0.1252
vn -0.1799 -0.7882 0.5886
vn 0.1541 -0.7061 0.6911
vn 0.5357 -0.8120 0.2319
vn 0.4560 -0.4070 0.7915
vn 0.5047 -0.2020 -0.8393
vn 0.3864 -0.1349 -0.9124
vn 0.3904 -0.6341 -0.6674
vn 0.2822 -0.1008 -0.9540
vn 0.1634 -0.0397 -0.9858
vn 0.6342 -0.4681 -0.6154
vn 0.1445 -0.0017 -0.9895
vn 0.5008 0.3470 -0.7930
vn 0.3289 0.2929 -0.8978
vn 0.1011 0.3877 -0.9162
vn -0.3876 0.4773 -0.7887
vn 0.6409 -0.1158 -0.7588
vn 0.6852 0.3664 -0.6295
vn 0.2523 0.9567 -0.1449
vn 0.2101 0.9189 -0.3339
vn 0.0563 0.9433 -0.3272
vn -0.3003 0.8993 -0.3178
vn 0.7387 -0.1153 -0.6642
vn 0.6482 0.7614 -0.0089
vn 0.8070 -0.0619 -0.5874
vn 0.9652 0.2561 -0.0522
vn 0.7996 -0.0136 -0.6004
vn 0.9979 -0.0130 -0.0632
vn 0.6457 0.0898 0.7583
vn 0.6358 0.5768 0.5129
vn 0.7791 0.0176 -0.6267
vn 0.9769 -0.1145 -0.1803
vn 0.7369 -0.2696 0.6199
vn 0.9064 -0.1905 0.3770
vn 0.9695 0.1008 0.2232
vn 0.7117 0.5835 0.3912
vn 0.7362 0.0266 -0.6763
vn 0.9671 -0.1906 -0.1687
vn 0.6331 -0.4893 0.5998
vn 0.7871 -0.3964 0.4726
vn 0.7815 -0.2588 -0.5677
vn 0.9291 -0.3170 -0.1903
vn 0.6355 -0.6738 0.3770
vn 0.8794 -0.4752 0.0286
vn 0.5600 -0.6429 -0.5226
vn 0.1536 -0.8028 -0.5761
vn 0.3745 0.0238 -0.9269
vn 0.1801 -0.2504 -0.9513
vn -0.2871 -0.8227 -0.4907
vn 0.2615 -0.0106 -0.9652
vn -0.3430 -0.5356 -0.7717
vn -0.0402 -0.1297 -0.9907
vn -0.7041 -0.4592 -0.5416
vn -0.2333 -0.1105 -0.9661
vn -0.8551 -0.2558 -0.4510
vn -0.1642 0.0765 -0.9835
vn -0.4949 -0.5570 -0.6670
vn 0.2011 0.0063 -0.9796
vn 0.1428 -0.0078 -0.9897
vn -0.2717 -0.0252 -0.9621
vn -0.8716 0.0123 -0.4900
vn -0.2047 0.0878 -0.9749
vn 0.5801 0.1183 -0.8059
vn -0.7694 0.1893 -0.6100
vn 0.5536 0.0119 -0.8327
vn 0.0166 -0.6516 -0.7584
vn 0.4143 -0.3107 -0.8555
vn 0.3869 -0.6439 -0.6601
vn 0.5691 -0.7057 -0.4221
vn 0.5115 -0.8360 0.1985
vn 0.6605 -0.7453 0.0910
vn 0.5028 0.8521 0.1453
vn 0.1616 0.9782 0.1304
vn -0.3134 0.1413 -0.9391
vn -0.8726 0.3188 -0.3701
vn -0.5151 0.4469 -0.7314
vn -0.3821 0.7883 -0.4822
vn -0.3948 0.9014 -0.1779
vn -0.2001 0.9789 -0.0422
vn -0.0850 0.9959 0.0305
vn -0.0296 0.9976 0.0630
vn -0.0011 0.9912 0.1326
vn 0.8790 -0.3501 0.3237
vn 0.8197 0.3681 0.4389
vn 0.9471 0.0131 -0.3208
vn 0.5113 -0.4188 -0.7504
vn 0.5768 -0.0818 -0.8128
vn 0.8245 0.3505 -0.4443
vn 0.5927 0.5141 -0.6201
vn 0.3280 0.1772 -0.9279
vn 0.7373 0.6063 0.2980
vn 0.5833 0.7987 0.1476
vn 0.3897 0.9199 0.0429
vn 0.2263 0.6832 -0.6943
vn -0.0000 0.1625 -0.9867
vn -0.2264 0.6833 -0.6941
vn -0.3281 0.1773 -0.9279
vn -0.5927 0.5142 -0.6199
vn -0.5768 -0.0818 -0.8128
vn 0.1661 0.9594 0.2281
vn 0.0001 1.0000 -0.0096
vn -0.1661 0.9593 0.2282
vn -0.3898 0.9199 0.0431
vn -0.5834 0.7987 0.1477
vn -0.8244 0.3507 -0.4442
vn -0.9471 0.0133 -0.3207
vn -0.5113 -0.4188 -0.7505
vn -0.8195 0.3682 0.4391
vn -0.7372 0.6064 0.2981
vn -0.4438 0.8902 -0.1028
vn -0.5965 0.6058 -0.5266
vn -0.7404 0.6345 -0.2218
vn -0.2874 0.8403 -0.4597
vn -0.4336 0.8897 -0.1432
vn -0.2818 0.8273 -0.4859
vn -0.8300 0.4473 -0.3333
vn -0.7614 0.2879 -0.5808
vn -0.7284 0.0968 -0.6783
vn -0.4413 0.4621 -0.7692
vn -0.1182 0.6583 -0.7434
vn -0.0963 0.6143 -0.7832
vn -0.6261 0.0475 -0.7783
vn 0.0560 0.3263 -0.9436
vn -0.3134 -0.1294 -0.9408
vn -0.2990 0.2366 -0.9245
vn 0.0381 0.3820 -0.9234
vn 0.1641 0.0484 -0.9852
vn 0.1693 0.0113 -0.9855
vn 0.2414 -0.3317 -0.9120
vn -0.7836 -0.3732 -0.4967
vn -0.3025 -0.6053 -0.7363
vn -0.1854 -0.0383 -0.9819
vn -0.1119 -0.3315 -0.9368
vn 0.2451 -0.3050 -0.9203
vn 0.2682 -0.6323 -0.7268
vn 0.2614 -0.6625 -0.7019
vn 0.2126 -0.8911 -0.4010
vn -0.4347 -0.7236 -0.5361
vn -0.5714 -0.7192 -0.3952
vn -0.0879 -0.6078 -0.7892
vn -0.1191 -0.8255 -0.5516
vn 0.2255 -0.8773 -0.4236
vn 0.1218 -0.9908 -0.0593
vn 0.0938 -0.9956 0.0007
vn -0.5123 -0.8572 -0.0517
vn -0.0451 -0.9429 0.3300
vn -0.2059 -0.7669 0.6078
vn -0.7753 -0.6252 -0.0895
vn -0.2036 -0.9448 -0.2566
vn -0.3288 -0.9433 0.0469
vn -0.0240 -0.9538 0.2995
vn -0.1872 -0.7818 0.5947
vn -0.3456 -0.5073 0.7894
vn -0.3652 -0.4770 0.7994
vn -0.7638 -0.5676 0.3074
vn -0.4756 -0.8235 0.3093
vn -0.6240 -0.6059 0.4935
vn -0.7545 -0.3195 0.5733
vn -0.4801 -0.1666 0.8613
vn -0.4950 -0.1429 0.8571
vn -0.9350 -0.3522 0.0408
vn -0.8805 0.0208 0.4737
vn -0.5821 0.2344 0.7786
vn -0.6070 0.5569 0.5669
vn -0.9960 -0.0095 -0.0894
vn -0.8469 -0.0007 0.5317
vn -0.5717 0.1997 0.7958
vn -0.6013 0.5381 0.5906
vn -0.5566 0.7852 0.2714
vn -0.5471 0.8111 0.2069
vn -0.9757 0.1320 -0.1747
vn -0.8807 0.3012 0.3655
vn -0.8433 0.5287 0.0969
vn 0.3124 0.4336 0.8452
vn 0.9381 -0.3302 0.1048
vn 0.5297 -0.7515 0.3933
vn 0.5676 0.8173 0.0992
vn 0.7184 0.6348 -0.2843
vn 0.8467 -0.5317 -0.0206
vn 0.7188 0.4558 -0.5249
vn 0.1305 -0.0430 -0.9905
vn 0.7855 0.6108 0.0994
vn 0.3045 0.7272 0.6152
vn 0.6880 0.4820 0.5425
vn 0.2055 0.9423 0.2643
vn 0.2825 0.9219 -0.2651
vn 0.8282 0.4306 -0.3588
vn 0.2142 0.6133 -0.7602
vn 0.7754 0.0983 -0.6238
vn 0.2477 0.1981 -0.9484
vn 0.2364 -0.2851 -0.9289
vn 0.8278 -0.3408 -0.4456
vn 0.2539 -0.7619 -0.5958
vn 0.7857 -0.6104 -0.1001
vn 0.2058 -0.9667 -0.1519
vn 0.3385 -0.8903 0.3047
vn 0.7187 -0.4560 0.5249
vn 0.2143 -0.9374 -0.2747
vn 0.3411 -0.8102 -0.4767
vn 0.2002 -0.6811 0.7043
vn 0.2349 -0.1985 0.9515
vn 0.9518 0.0428 0.3038
vn 0.2489 0.3630 0.8980
vn -0.2772 -0.8284 0.4868
vn -0.0000 -0.8257 0.5642
vn -0.7224 -0.6572 0.2152
vn -0.8435 -0.4580 -0.2806
vn -0.8155 -0.3090 0.4894
vn -0.9763 -0.1783 0.1225
vn -0.9672 0.2352 -0.0962
vn -0.5751 0.2788 -0.7691
vn -0.2269 0.6916 -0.6857
vn 0.2024 0.4567 -0.8663
vn 0.6497 0.5038 -0.5692
vn 0.8215 -0.0626 -0.5668
vn 0.9397 -0.3416 -0.0151
vn 0.5913 -0.8050 -0.0473
vn 0.2773 -0.8284 0.4868
vn -0.7867 -0.4997 -0.3626
vn -0.7766 -0.1092 -0.6204
vn 0.3133 -0.8018 -0.5089
vn 0.8296 -0.3534 -0.4323
vn 0.2762 -0.9374 -0.2119
vn 0.8252 -0.3429 -0.4489
vn 0.1612 -0.6333 -0.7570
vn 0.8280 -0.3271 -0.4554
vn 0.0423 -0.2570 -0.9655
vn 0.4189 0.0088 -0.9080
vn 0.8253 -0.3128 -0.4701
vn 0.8349 -0.3002 -0.4612
vn 0.4780 0.3748 -0.7944
vn 0.8435 -0.2892 -0.4526
vn 0.6516 0.5627 -0.5087
vn 0.8539 -0.2839 -0.4361
vn 0.8515 0.4490 -0.2710
vn 0.8624 -0.2865 -0.4173
vn 0.8910 0.4385 0.1180
vn 0.8674 -0.2962 -0.3998
vn 0.9163 0.1044 0.3867
vn 0.8670 -0.3144 -0.3866
vn 0.8890 -0.2713 0.3689
vn 0.8602 -0.3347 -0.3849
vn 0.7157 -0.4983 0.4893
vn 0.8504 -0.3488 -0.3938
vn 0.6587 -0.7220 0.2120
vn 0.8399 -0.3497 -0.4150
vn 0.2918 -0.9274 0.2342
vn -0.1266 -0.9763 -0.1753
vn -0.4323 -0.8936 0.1208
vn -0.7819 -0.4584 -0.4226
vn -0.8217 -0.4540 -0.3445
vn -0.7308 -0.6766 0.0909
vn -0.8575 -0.4345 -0.2756
vn -0.8832 -0.3588 -0.3019
vn -0.5955 -0.4779 0.6457
vn -0.8883 -0.2721 0.3699
vn -0.9075 -0.3113 -0.2820
vn -0.9645 0.0318 0.2623
vn -0.9295 -0.2372 -0.2825
vn -0.9136 -0.2073 -0.3498
vn -0.8908 0.4387 0.1185
vn -0.8952 -0.1760 -0.4095
vn -0.8513 0.4492 -0.2711
vn -0.8666 -0.1910 -0.4609
vn -0.5385 0.7189 -0.4395
vn -0.6206 0.3476 -0.7028
vn -0.8358 -0.1849 -0.5170
vn -0.3905 0.2353 -0.8900
vn -0.8062 -0.2172 -0.5504
vn -0.4760 -0.1382 -0.8685
vn -0.7631 -0.2568 -0.5931
vn -0.7737 -0.3196 -0.5469
vn -0.0095 -0.2488 -0.9685
vn -0.3952 -0.4986 -0.7715
vn -0.7328 -0.3861 -0.5603
vn -0.7546 -0.4266 -0.4985
vn -0.1773 -0.7729 -0.6092
vn -0.1569 0.7047 0.6919
vn 0.0013 0.0478 0.9989
vn 0.0052 0.9121 0.4100
vn -0.0114 0.0448 0.9989
vn -0.3758 0.7384 0.5600
vn -0.3165 0.9463 -0.0652
vn -0.1644 0.9827 -0.0851
vn 0.0042 0.9956 -0.0941
vn -0.1695 0.9613 -0.2170
vn 0.0013 0.9691 -0.2465
vn -0.0865 0.0677 0.9939
vn -0.6312 0.6535 0.4179
vn -0.7457 0.3397 0.5732
vn -0.1566 -0.0525 0.9863
vn -0.9159 0.0963 0.3898
vn -0.3318 -0.1490 0.9315
vn -0.7893 -0.1629 0.5920
vn -0.2681 -0.2661 0.9259
vn -0.8222 -0.3301 0.4636
vn -0.1981 -0.3639 0.9101
vn -0.7309 -0.5494 0.4049
vn -0.1198 -0.4847 0.8664
vn -0.5331 -0.7504 0.3908
vn -0.0226 -0.4817 0.8761
vn -0.4753 -0.8435 0.2501
vn -0.1981 -0.8324 0.5176
vn 0.0034 -0.4211 0.9070
vn -0.0656 -0.8172 0.5727
vn 0.0017 -0.8183 0.5748
vn -0.2050 -0.9733 0.1034
vn -0.5234 -0.8397 -0.1449
vn 0.0010 -0.4198 0.9076
vn -0.0000 -0.9793 0.2022
vn -0.2101 -0.9144 0.3459
vn -0.5849 -0.8110 0.0125
vn -0.3990 -0.9134 0.0809
vn -0.2424 -0.8876 0.3917
vn -0.4451 -0.8126 0.3763
vn -0.6518 -0.7243 -0.2249
vn -0.1659 -0.8599 0.4827
vn -0.4301 -0.8231 0.3709
vn -0.6977 -0.7089 0.1033
vn -0.7911 -0.6056 -0.0859
vn -0.3260 -0.9441 -0.0486
vn -0.1440 -0.9800 0.1372
vn -0.2738 -0.7766 0.5675
vn -0.6352 -0.7721 -0.0205
vn -0.7542 -0.5426 -0.3700
vn -0.5380 -0.7113 -0.4524
vn -0.0987 -0.9593 -0.2646
vn 0.0154 -0.7641 0.6449
vn -0.6816 -0.4968 0.5372
vn -0.8820 -0.4162 -0.2210
vn -0.6913 -0.4089 -0.5957
vn -0.0836 -0.6654 -0.7418
vn -0.2437 -0.4368 -0.8659
vn -0.7325 -0.3456 -0.5865
vn -0.2621 -0.3038 -0.9160
vn -0.3126 -0.1748 -0.9337
vn -0.8961 -0.0722 -0.4380
vn -0.3420 -0.4786 -0.8087
vn -0.2364 -0.3615 -0.9019
vn -0.3107 -0.3028 -0.9010
vn -0.7100 -0.2982 -0.6380
vn -0.5477 -0.0213 -0.8364
vn -0.5416 0.2260 -0.8097
vn -0.2708 0.1972 -0.9422
vn -0.1233 -0.5740 -0.8096
vn -0.4180 -0.8317 -0.3656
vn -0.3038 -0.2093 -0.9294
vn -0.1628 0.2711 -0.9487
vn -0.0000 0.4359 -0.9000
vn -0.5561 -0.6142 -0.5600
vn -0.8408 -0.4490 -0.3025
vn -0.8734 -0.2256 -0.4315
vn -0.9212 -0.2156 -0.3238
vn -0.5297 0.2254 -0.8177
vn -0.5982 0.4020 -0.6932
vn -0.9474 -0.0099 -0.3199
vn -0.5247 0.6498 -0.5499
vn -0.9565 -0.2913 -0.0153
vn -0.9993 -0.0170 0.0340
vn -0.9657 0.0737 -0.2491
vn -0.9468 0.3154 -0.0643
vn -0.9066 0.2410 -0.3464
vn -0.9205 0.3575 -0.1577
vn -0.8654 0.1381 -0.4816
vn -0.7346 0.4939 -0.4653
vn -0.7827 0.4841 -0.3913
vn -0.7823 0.6167 -0.0882
vn -0.6953 0.5271 -0.4886
vn -0.7999 0.3391 -0.4951
vn -0.7435 0.0807 -0.6638
vn -0.6491 0.6186 -0.4427
vn -0.8430 0.5362 -0.0427
vn -0.6931 0.7205 -0.0204
vn -0.6789 0.6621 -0.3174
vn -0.7652 0.6275 -0.1441
vn -0.5992 0.1817 -0.7797
vn -0.4891 0.7320 -0.4742
vn -0.6443 0.6305 -0.4329
vn -0.8492 0.4271 -0.3106
vn -0.1759 0.4974 -0.8495
vn -0.3328 0.6679 -0.6657
vn -0.8413 0.3806 -0.3839
vn -0.2241 0.7356 -0.6392
vn -0.0001 0.2085 -0.9780
vn 0.1489 0.5239 -0.8386
vn 0.3883 0.6600 -0.6431
vn -0.0000 0.5792 -0.8152
vn -0.6628 0.3627 -0.6551
vn -0.0001 0.8641 -0.5032
vn 0.2110 0.7163 -0.6651
vn 0.4722 0.7227 -0.5047
vn 0.6431 0.6303 -0.4348
vn 0.8412 0.3810 -0.3836
vn 0.6629 0.3629 -0.6549
vn 0.2297 0.2968 -0.9269
vn -0.2757 0.3081 -0.9105
vn -0.1616 0.1240 -0.9790
vn 0.6774 0.6624 -0.3199
vn 0.7650 0.6277 -0.1439
vn 0.8491 0.4275 -0.3104
vn 0.6918 0.7219 -0.0159
vn 0.7828 0.4840 -0.3912
vn 0.7822 0.6167 -0.0881
vn 0.8430 0.5362 -0.0423
vn 0.9468 0.2984 -0.1204
vn 0.9067 0.2409 -0.3462
vn 0.9206 0.3574 -0.1576
vn 0.6953 0.5271 -0.4886
vn 0.5991 0.1814 -0.7798
vn 0.9230 0.0570 -0.3805
vn 0.9475 -0.0098 -0.3196
vn 0.8655 0.1380 -0.4815
vn 0.8000 0.3389 -0.4952
vn 0.9976 -0.0107 -0.0684
vn 0.8465 -0.2109 -0.4888
vn 0.9214 -0.2156 -0.3233
vn 0.7128 0.2879 -0.6395
vn 0.5178 0.6293 -0.5795
vn 0.7346 0.4940 -0.4651
vn 0.9691 -0.2457 -0.0232
vn 0.8409 -0.4486 -0.3026
vn 0.7104 -0.2981 -0.6376
vn 0.6648 -0.0963 -0.7408
vn 0.3820 0.3232 -0.8658
vn 0.3042 -0.2093 -0.9293
vn 0.3110 -0.3028 -0.9009
vn 0.7329 -0.3455 -0.5861
vn 0.3321 -0.1514 -0.9310
vn 0.5562 -0.6139 -0.5602
vn 0.4181 -0.8315 -0.3657
vn 0.1232 -0.5740 -0.8096
vn 0.2366 -0.3615 -0.9019
vn 0.6916 -0.4088 -0.5955
vn 0.2523 -0.4624 -0.8500
vn 0.2623 -0.3038 -0.9159
vn -0.0000 -0.9889 -0.1486
vn 0.2399 -0.6502 -0.7209
vn 0.3996 -0.7747 -0.4901
vn 0.7603 -0.5241 -0.3837
vn 0.8096 -0.5766 -0.1102
vn 0.0942 -0.9691 -0.2281
vn 0.3256 -0.9442 -0.0486
vn 0.6285 -0.7757 -0.0578
vn 0.1440 -0.9800 0.1374
vn 0.3994 -0.9132 0.0806
vn 0.8626 -0.4220 -0.2789
vn 0.6951 -0.7104 -0.1107
vn 0.4909 -0.8499 0.1918
vn 0.3738 -0.9246 0.0731
vn 0.5578 -0.8145 -0.1598
vn 0.2425 -0.8877 0.3914
vn 0.4451 -0.8129 0.3756
vn 0.8962 -0.0721 -0.4378
vn 0.3423 -0.4786 -0.8086
vn 0.5418 0.2259 -0.8096
vn 0.2709 0.1972 -0.9422
vn 0.1628 0.2711 -0.9487
vn 0.6428 -0.6242 0.4440
vn 0.2636 -0.6760 0.6882
vn 0.1155 -0.7606 0.6389
vn 0.1556 -0.9792 0.1299
vn 0.1637 -0.8782 0.4495
vn 0.4099 -0.8518 0.3264
vn 0.6516 -0.7240 -0.2264
vn 0.6053 -0.6756 0.4209
vn 0.0008 -0.4259 0.9048
vn 0.0221 -0.5076 0.8613
vn 0.5306 -0.7537 0.3877
vn 0.1145 -0.4872 0.8657
vn 0.7298 -0.5531 0.4019
vn 0.2208 -0.3398 0.9142
vn 0.8095 -0.3514 0.4704
vn 0.8441 -0.1768 0.5062
vn 0.2981 -0.2509 0.9210
vn 0.3195 -0.1604 0.9339
vn 0.8607 0.0701 0.5043
vn 0.1567 -0.0541 0.9862
vn 0.7195 0.3773 0.5830
vn 0.0841 0.0756 0.9936
vn 0.6043 0.6737 0.4254
vn 0.3789 0.7379 0.5585
vn 0.0136 0.0480 0.9988
vn 0.1665 0.7024 0.6921
vn 0.3311 0.9418 -0.0573
vn 0.5034 0.8600 -0.0836
vn 0.6482 0.7516 -0.1221
vn 0.7980 0.5735 -0.1853
vn 0.7709 -0.5543 0.3138
vn 0.7331 -0.6226 -0.2736
vn 0.8471 -0.4136 -0.3337
vn 0.9070 -0.1956 0.3728
vn 0.8944 -0.2099 -0.3949
vn 0.9987 0.0391 0.0332
vn 0.8365 -0.0761 -0.5427
vn 0.8574 0.4528 0.2448
vn 0.8684 -0.3860 -0.3111
vn 0.9271 -0.1488 -0.3440
vn 0.8377 0.0251 -0.5455
vn 0.7435 0.0805 -0.6639
vn 0.8710 0.4312 -0.2352
vn 0.9540 -0.1811 -0.2389
vn 0.9332 -0.0131 -0.3591
vn 0.8672 -0.0420 -0.4963
vn 0.7575 -0.0772 -0.6483
vn 0.6573 0.0480 -0.7521
vn 0.9773 -0.0522 -0.2055
vn 0.9597 0.0544 -0.2758
vn 0.9096 -0.0713 -0.4094
vn 0.9221 0.2806 -0.2665
vn 0.9087 0.2357 -0.3444
vn 0.9376 0.0299 -0.3464
vn 0.8142 0.5290 -0.2393
vn 0.7911 0.3955 -0.4666
vn 0.7852 0.3553 -0.5072
vn 0.8107 0.5163 -0.2759
vn 0.6709 0.7079 -0.2208
vn 0.6461 0.6408 -0.4146
vn 0.6157 0.4870 -0.6195
vn 0.6261 0.4090 -0.6639
vn 0.6969 0.5465 -0.4643
vn 0.4698 0.8558 -0.2166
vn 0.4877 0.7424 -0.4593
vn 0.4238 0.6466 -0.6343
vn 0.4681 0.4609 -0.7540
vn 0.4608 0.4676 -0.7543
vn 0.4568 0.7738 -0.4388
vn 0.2925 0.9380 -0.1859
vn 0.3048 0.8669 -0.3944
vn 0.2493 0.7445 -0.6193
vn 0.2655 0.5524 -0.7901
vn 0.3162 0.6896 -0.6515
vn 0.1339 0.9815 -0.1368
vn 0.1741 0.9814 -0.0814
vn 0.1702 0.9634 -0.2069
vn 0.1519 0.8995 -0.4097
vn 0.0600 0.7557 -0.6522
vn -0.0205 0.5576 -0.8299
vn 0.0636 0.6580 -0.7504
vn -0.0203 0.9076 -0.4194
vn -0.0693 0.5496 -0.8325
vn -0.0850 0.7038 -0.7053
vn -0.0048 0.4224 -0.9064
vn 0.0955 0.3986 -0.9122
vn -0.1255 0.8758 -0.4661
vn -0.0057 0.9859 -0.1673
vn -0.1285 0.5283 -0.8393
vn -0.2305 0.7181 -0.6567
vn 0.0158 0.9798 -0.1992
vn 0.1262 0.8893 -0.4396
vn -0.0959 0.4247 -0.9003
vn -0.2129 0.5539 -0.8049
vn -0.4623 0.5488 -0.6965
vn -0.3559 0.8549 -0.3774
vn -0.1640 0.7504 -0.6403
vn -0.3402 0.7000 -0.6279
vn -0.4728 0.7113 -0.5201
vn -0.6346 0.5863 -0.5035
vn -0.6410 0.6927 -0.3305
vn -0.1871 0.8942 -0.4067
vn -0.3103 0.8590 -0.4073
vn -0.4658 0.8411 -0.2749
vn -0.6570 0.7080 -0.2592
vn -0.8269 0.4508 -0.3361
vn -0.2833 0.9363 -0.2077
vn -0.4990 0.8610 -0.0982
vn -0.6689 0.7299 -0.1408
vn -0.8222 0.5277 -0.2133
vn -0.9173 0.2832 -0.2799
vn -0.9161 0.2853 -0.2817
vn -0.9549 0.1528 -0.2546
vn -0.9576 0.0048 -0.2879
vn -0.9324 0.0198 -0.3610
vn -0.9288 -0.2129 -0.3032
vn -0.9050 -0.1924 -0.3794
vn -0.8345 0.0210 -0.5506
vn -0.8959 -0.0702 -0.4386
vn -0.8636 -0.4042 -0.3015
vn -0.8482 -0.4141 -0.3303
vn -0.9062 -0.1966 0.3744
vn -0.9987 0.0383 0.0344
vn -0.8368 -0.0762 -0.5422
vn -0.7338 -0.6232 -0.2704
vn -0.7703 -0.5544 0.3152
vn -0.6051 -0.6752 0.4218
vn -0.8572 0.4526 0.2458
vn -0.8710 0.4315 -0.2349
vn -0.6576 0.0482 -0.7518
vn -0.7700 -0.0855 -0.6323
vn -0.6832 0.7143 -0.1516
vn 0.1849 0.1052 -0.9771
vn 0.6835 0.7140 -0.1519
vn 0.6493 0.6184 -0.4426
vn 0.3409 -0.1749 -0.9237
vn 0.1655 -0.7395 -0.6524
vn 0.8481 -0.1719 -0.5011
vn 0.0510 -0.7664 -0.6404
vn -0.4233 -0.8501 -0.3134
vn -0.4719 -0.8807 -0.0412
vn -0.0120 -0.7420 -0.6703
vn 0.0554 -0.1512 -0.9870
vn 0.0017 -0.7188 -0.6952
vn -0.1408 -0.9900 0.0040
vn -0.2884 -0.6797 0.6744
vn -0.0480 -0.6703 0.7405
vn -0.1190 0.0831 0.9894
vn -0.3823 0.1994 0.9022
vn -0.0445 0.6741 0.7373
vn 0.0100 0.8203 0.5718
vn -0.7578 -0.4682 0.4544
vn -0.6966 0.1687 0.6973
vn -0.1737 0.6760 0.7162
vn 0.4958 0.7506 0.4368
vn 0.4788 0.8775 0.0256
vn 0.0528 0.9785 -0.1994
vn -0.8783 -0.4348 0.1989
vn 0.8040 0.4171 -0.4239
vn 0.9204 0.3316 -0.2073
vn 0.2189 0.7184 -0.6603
vn 0.0406 0.5855 -0.8097
vn -0.3592 -0.9058 0.2247
vn -0.4091 -0.9013 -0.1424
vn -0.3356 -0.9266 -0.1697
vn -0.3600 -0.5906 0.7222
vn -0.1348 -0.9904 0.0307
vn -0.5832 -0.6716 0.4570
vn 0.0522 -0.9701 0.2370
vn -0.1234 -0.9331 0.3377
vn -0.7860 -0.5531 0.2761
vn -0.9688 -0.0200 0.2469
vn -0.9894 0.1415 0.0333
vn -0.6307 0.1730 0.7565
vn -0.0818 -0.0459 0.9956
vn -0.1390 -0.2482 0.9587
vn 0.1897 -0.0724 0.9792
vn -0.0075 0.5963 0.8027
vn -0.6471 0.7402 0.1827
vn -0.5805 0.7855 -0.2147
vn 0.0899 -0.0598 0.9942
vn 0.2039 0.9527 0.2254
vn 0.0277 0.9710 -0.2376
vn 0.1236 0.9318 -0.3414
vn 0.5878 0.6496 -0.4823
vn 0.7722 0.5569 -0.3059
vn 0.9230 -0.0058 -0.3847
vn 0.9781 -0.1879 -0.0896
vn 0.5897 -0.7756 -0.2251
vn 0.5752 -0.7972 0.1834
vn 0.3977 0.5925 -0.7006
vn 0.5522 -0.1234 -0.8245
vn 0.0967 -0.7099 -0.6977
vn 0.5943 0.6829 0.4248
vn 0.5581 0.7823 -0.2766
vn -0.1889 -0.5561 -0.8094
vn -0.3840 -0.7425 -0.5488
vn 0.1263 0.0274 -0.9916
vn -0.0750 -0.0254 -0.9969
vn 0.0974 0.2790 -0.9553
vn 0.1067 0.1359 -0.9850
vn 0.6976 0.5103 0.5030
vn 0.0014 0.3416 -0.9399
vn 0.0058 0.7297 -0.6838
vn -0.0016 0.0509 -0.9987
vn 0.0015 0.3416 -0.9399
vn 0.0084 0.9020 -0.4317
vn 0.0099 0.9987 0.0491
vn 0.0079 0.9019 -0.4319
vn 0.0098 0.9315 0.3636
vn 0.0078 0.6579 0.7531
vn 0.0094 0.9316 0.3634
vn -0.7026 0.2866 0.6513
vn 0.0059 0.3934 0.9194
vn 0.0036 0.5655 -0.8247
vn 0.0092 0.9836 -0.1799
vn 0.0092 0.8078 0.5893
vn 0.0038 0.1583 0.9874
vn 0.0012 -0.0507 0.9987
vn 0.0049 0.3937 0.9192
vn -0.0019 -0.3414 0.9399
vn -0.0038 -0.1583 -0.9874
vn -0.0035 -0.5654 0.8248
vn -0.0060 -0.7296 0.6838
vn -0.0021 -0.3414 0.9399
vn -0.0089 -0.9019 0.4319
vn -0.0100 -0.9987 -0.0493
vn -0.0084 -0.9020 0.4318
vn -0.0104 -0.9316 -0.3634
vn -0.0080 -0.6579 -0.7531
vn -0.0100 -0.9315 -0.3635
vn -0.7115 -0.2697 -0.6489
vn -0.0058 -0.3937 -0.9192
vn -0.7114 -0.2698 -0.6489
vn -0.0091 -0.9837 0.1798
vn -0.0092 -0.8078 -0.5894
vn 0.2053 0.9782 0.0324
vn 0.3602 0.7328 0.5773
vn 0.4034 0.9046 -0.1376
vn 0.6914 0.7082 -0.1432
vn 0.4830 0.5396 0.6896
vn 0.6583 0.3597 0.6613
vn 0.0903 -0.0108 0.9959
vn 0.0698 0.0072 0.9975
vn 0.0560 0.0130 0.9983
vn 0.1320 0.7060 0.6958
vn -0.0040 0.9992 -0.0399
vn 0.9316 0.3532 -0.0858
vn 0.7024 0.0728 0.7080
vn 0.1298 -0.0321 0.9910
vn -0.4694 -0.3763 0.7988
vn -0.3678 -0.5041 0.7814
vn -0.2348 -0.5991 0.7654
vn 0.9824 0.0368 -0.1832
vn 0.7335 -0.1863 0.6536
vn 0.1144 -0.0869 0.9896
vn 0.0457 -0.0720 0.9964
vn -0.5365 -0.2156 0.8159
vn -0.9413 -0.3117 0.1295
vn -0.8122 -0.5736 0.1059
vn 0.9223 -0.2822 -0.2640
vn 0.6507 -0.3983 0.6465
vn 0.0951 -0.1045 0.9900
vn -0.5285 0.1280 0.8392
vn -0.5565 -0.0418 0.8298
vn -0.9885 -0.0058 0.1513
vn 0.7777 -0.5920 -0.2116
vn 0.5668 -0.5929 0.5720
vn 0.0819 -0.0913 0.9924
vn -0.4551 0.3322 0.8262
vn -0.7980 0.5747 0.1814
vn -0.9388 0.2977 0.1732
vn 0.6074 -0.7907 -0.0762
vn 0.3763 -0.6789 0.6305
vn 0.1076 -0.1400 0.9843
vn -0.1705 0.6062 0.7768
vn -0.3239 0.4634 0.8248
vn -0.5281 0.7785 0.3393
vn 0.3770 -0.9103 -0.1710
vn 0.2604 -0.7745 0.5765
vn 0.1920 -0.1746 0.9657
vn -0.0433 0.5641 0.8246
vn -0.2772 0.9563 0.0934
vn -0.2932 0.9420 0.1635
vn 0.2655 -0.9568 -0.1187
vn 0.3483 -0.6637 0.6620
vn 0.3264 0.1629 0.9311
vn -0.1466 0.7082 0.6907
vn -0.5211 0.8443 0.1250
vn -0.4740 0.6023 -0.6423
vn -0.2799 0.7172 -0.6382
vn 0.4197 -0.9029 -0.0931
vn 0.6773 -0.5104 0.5298
vn 0.5477 0.3083 0.7778
vn -0.0802 0.7012 0.7085
vn -0.6624 0.7018 0.2619
vn -0.8967 0.2983 -0.3271
vn -0.7341 0.3711 -0.5687
vn 0.6097 -0.7594 -0.2270
vn 0.8997 -0.2793 0.3355
vn 0.6141 0.4475 0.6500
vn 0.0241 0.7049 0.7089
vn -0.6558 0.6216 0.4284
vn -0.9771 0.0946 -0.1904
vn 0.7003 -0.6406 -0.3150
vn 0.9807 -0.0640 0.1850
vn 0.6337 0.6072 0.4793
vn -0.0457 0.7563 0.6526
vn -0.6503 0.5364 0.5380
vn -0.9976 -0.0248 0.0647
vn 0.7092 -0.5355 -0.4586
vn 0.9868 0.0843 -0.1383
vn 0.7007 -0.3778 -0.6052
vn 0.8677 -0.0284 -0.4963
vn 0.8654 -0.0395 -0.4996
vn 0.7006 0.6487 0.2973
vn 0.9333 0.3564 -0.0440
vn 0.8132 0.5791 0.0576
vn -0.4665 0.7129 -0.5236
vn -0.6359 0.4675 -0.6141
vn -0.7290 0.2645 -0.6314
vn -0.7594 0.0253 -0.6502
vn -0.1118 0.1370 -0.9843
vn -0.1219 0.1379 -0.9829
vn -0.1350 0.1042 -0.9853
vn -0.1363 0.0553 -0.9891
vn -0.7194 -0.2067 -0.6631
vn 0.4795 -0.2749 -0.8334
vn 0.4806 -0.0857 -0.8727
vn 0.5679 0.0422 -0.8220
vn 0.5795 0.2740 -0.7675
vn -0.1369 0.0154 -0.9905
vn -0.6295 -0.4451 -0.6369
vn 0.3546 -0.4836 -0.8003
vn -0.0850 0.0535 -0.9949
vn 0.1708 -0.6182 -0.7672
vn -0.2288 0.0036 -0.9735
vn 0.0592 -0.5666 -0.8219
vn -0.4264 -0.1646 -0.8894
vn 0.0972 -0.6721 -0.7340
vn -0.5617 -0.3320 -0.7578
vn 0.0858 -0.7108 -0.6981
vn -0.6068 -0.4552 -0.6516
vn 0.0467 -0.7155 -0.6971
vn -0.6187 -0.5824 -0.5273
vn 0.1000 -0.6784 -0.7278
vn -0.8422 -0.5220 -0.1351
vn -0.2738 -0.7743 -0.5706
vn 0.1480 -0.6443 -0.7503
vn -0.2739 -0.7743 -0.5705
vn -0.8423 -0.5219 -0.1349
vn -0.8987 0.0990 0.4272
vn -0.8986 0.0991 0.4274
vn -0.3934 0.6143 0.6840
vn 0.0021 0.7906 0.6123
vn -0.3933 0.6143 0.6841
vn 0.2736 0.7744 0.5705
vn 0.2735 0.7745 0.5705
vn 0.5255 -0.4358 -0.7307
vn 0.3936 -0.6141 -0.6840
vn 0.3855 0.4118 -0.8257
vn -0.1127 -0.0210 -0.9934
vn -0.4309 -0.6188 -0.6568
vn -0.0763 -0.0481 -0.9959
vn 0.2984 0.5878 -0.7520
vn 0.0890 0.6689 -0.7380
vn -0.0530 -0.0560 -0.9970
vn -0.2190 -0.7262 -0.6517
vn -0.1006 0.6623 -0.7425
vn -0.0170 -0.0356 -0.9992
vn 0.0516 -0.7700 -0.6360
vn -0.2478 0.9685 -0.0227
vn -0.2847 0.6079 -0.7412
vn -0.0069 -0.0272 -0.9996
vn 0.2726 -0.6358 -0.7221
vn -0.5262 0.8503 -0.0104
vn -0.4945 0.4328 -0.7538
vn 0.0457 -0.0558 -0.9974
vn 0.4616 -0.4987 -0.7336
vn 0.6566 -0.7542 0.0041
vn 0.3796 -0.9250 0.0156
vn -0.7357 0.6774 0.0019
vn -0.8801 0.4747 -0.0096
vn -0.6496 0.2593 -0.7147
vn -0.0354 0.0787 -0.9963
vn -0.9839 0.1752 0.0351
vn -0.6440 0.0843 -0.7604
vn 0.0455 0.1244 -0.9912
vn 0.6810 0.0712 -0.7288
vn 0.6024 -0.2398 -0.7613
vn -0.9847 -0.1699 -0.0397
vn -0.6508 -0.1031 -0.7522
vn 0.0125 0.1722 -0.9850
vn 0.6318 0.3281 -0.7023
vn 0.9570 0.2854 0.0511
vn 0.9985 -0.0537 0.0137
vn 0.8944 -0.4473 -0.0018
vn -0.8663 -0.4764 -0.1499
vn -0.5248 -0.1703 -0.8340
vn -0.0437 0.2120 -0.9763
vn 0.5121 0.5373 -0.6701
vn 0.8145 0.5717 0.0988
vn 0.5583 0.2459 0.7923
vn 0.6387 0.0653 0.7667
vn -0.5134 -0.3064 -0.8015
vn -0.0472 0.2221 -0.9739
vn 0.3653 0.6118 -0.7016
vn 0.6623 0.7478 0.0454
vn 0.5047 0.4157 0.7566
vn -0.7129 -0.7006 -0.0316
vn -0.5796 -0.6160 -0.5334
vn 0.5395 -0.6151 -0.5750
vn -0.2456 -0.0863 -0.9655
vn 0.5395 -0.6152 -0.5748
vn -0.2452 -0.0843 -0.9658
vn 0.1968 0.4573 -0.8672
vn 0.1973 0.4593 -0.8661
vn 0.5592 0.7815 -0.2768
vn 0.5591 0.7819 -0.2759
vn 0.5808 0.6167 0.5314
vn 0.5795 0.6162 0.5335
vn -0.5795 -0.6172 -0.5322
vn 0.2461 0.0854 0.9655
vn 0.0552 -0.1200 0.9912
vn 0.2447 0.0846 0.9659
vn 0.0026 -0.1744 0.9847
vn -0.0015 -0.1668 0.9860
vn 0.6526 -0.1257 0.7472
vn -0.1964 -0.4580 0.8670
vn -0.1977 -0.4585 0.8664
vn -0.4324 -0.5715 0.6974
vn -0.5617 -0.4923 0.6650
vn -0.6578 -0.3101 0.6864
vn -0.0124 -0.1182 0.9929
vn 0.5879 -0.3352 0.7362
vn -0.5584 -0.7820 0.2770
vn -0.5591 -0.7818 0.2759
vn -0.6433 -0.0334 0.7649
vn -0.0217 -0.0424 0.9989
vn 0.4103 -0.4786 0.7763
vn -0.5808 0.2426 0.7770
vn -0.0526 0.0451 0.9976
vn 0.0073 0.0093 0.9999
vn 0.2493 -0.6314 0.7343
vn -0.4970 0.5020 0.7078
vn -0.2618 0.6321 0.7293
vn 0.0255 0.0015 0.9997
vn 0.0798 -0.6658 0.7418
vn 0.1420 -0.9832 0.1148
vn -0.0553 0.7048 0.7073
vn 0.0428 0.0123 0.9990
vn -0.0850 -0.6530 0.7526
vn -0.1138 -0.9906 0.0762
vn -0.3731 -0.9266 0.0476
vn -0.6082 -0.7859 0.1118
vn -0.0000 -0.6896 0.7242
vn 0.3620 -0.6206 0.6955
vn 0.0001 -0.9947 0.1025
vn 0.5251 -0.8459 0.0938
vn 0.4287 -0.9027 0.0359
vn -0.0000 -0.9611 0.2762
vn 0.2628 -0.1531 0.9526
vn -0.0001 -0.0110 0.9999
vn 0.7111 -0.4834 0.5106
vn 0.8493 -0.5130 -0.1249
vn 0.7331 -0.6727 -0.0999
vn 0.6558 -0.0289 0.7544
vn 0.9340 -0.1055 0.3413
vn 0.8876 -0.0010 -0.4605
vn 0.9070 -0.2209 -0.3587
vn 0.9747 0.2187 0.0456
vn 0.8049 0.5603 -0.1953
vn 0.6160 0.3361 -0.7124
vn 0.6980 0.1747 -0.6945
vn 0.4275 0.7814 -0.4545
vn 0.3684 0.4737 -0.7999
vn -0.0000 0.8980 -0.4400
vn -0.0000 0.5537 -0.8327
vn -0.0001 0.6218 -0.7832
vn 0.3273 0.9061 0.2679
vn 0.7390 0.6156 0.2738
vn -0.4274 0.7814 -0.4546
vn -0.3684 0.4736 -0.8000
vn -0.3717 0.9196 0.1275
vn 0.0001 0.9095 0.4156
vn -0.8048 0.5604 -0.1955
vn -0.6159 0.3362 -0.7125
vn -0.6979 0.1748 -0.6945
vn -0.8877 -0.0008 -0.4605
vn -0.9070 -0.2207 -0.3587
vn -0.8494 -0.5128 -0.1246
vn -0.7330 -0.6728 -0.1000
vn -0.9747 0.2188 0.0455
vn -0.9340 -0.1054 0.3413
vn -0.7110 -0.4834 0.5106
vn -0.5250 -0.8459 0.0937
vn -0.4285 -0.9029 0.0356
vn -0.6558 -0.0290 0.7544
vn -0.3620 -0.6207 0.6955
vn -0.2223 -0.0263 0.9746
vn -0.5379 0.4419 0.7179
vn -0.7389 0.6157 0.2737
vn 0.5379 0.4419 0.7179
vn -0.0001 -0.0111 0.9999
vn -0.3442 -0.3280 0.8797
vn -0.5728 0.0690 0.8168
vn -0.6890 0.3801 0.6171
vn -0.4966 0.6958 0.5189
vn -0.3244 0.9060 0.2720
vn -0.0000 0.9740 0.2264
vn 0.3831 0.9203 0.0790
vn 0.4967 0.6958 0.5189
vn 0.6890 0.3801 0.6171
vn 0.5729 0.0690 0.8167
vn 0.2910 -0.1542 0.9442
vn -0.4889 -0.8693 -0.0725
vn -0.5796 -0.7145 -0.3920
vn 0.3080 -0.9513 0.0125
vn -0.4474 -0.8321 0.3277
vn -0.7148 -0.6030 0.3542
vn -0.7212 -0.2454 0.6479
vn -0.6754 0.2044 0.7086
vn -0.9197 0.3016 0.2516
vn -0.9571 0.2289 -0.1779
vn -0.8968 0.1884 -0.4002
vn -0.6538 0.5320 -0.5380
vn -0.3786 0.9252 -0.0258
vn -0.3122 0.8576 0.4087
vn -0.3700 0.6019 0.7077
vn -0.4364 0.4226 -0.7944
vn -0.3324 0.1258 -0.9347
vn -0.6187 -0.2367 -0.7491
vn 0.1563 0.0377 -0.9870
vn -0.5696 -0.3598 -0.7390
vn 0.3285 -0.3074 -0.8931
vn -0.4605 -0.5603 -0.6885
vn 0.4038 -0.6062 -0.6852
vn 0.2622 -0.8582 -0.4414
vn -0.5360 -0.6565 -0.5308
vn 0.4124 -0.9047 0.1071
vn 0.1612 -0.9030 0.3983
vn -0.1468 -0.9805 -0.1310
vn -0.3980 -0.9137 0.0823
vn -0.0085 -0.7215 0.6923
vn -0.5518 -0.7677 0.3257
vn -0.1219 -0.4370 0.8911
vn -0.7020 -0.5382 0.4664
vn -0.2185 -0.0640 0.9737
vn -0.8704 -0.3162 0.3774
vn -0.8309 0.0574 0.5534
vn -0.2075 0.2814 0.9369
vn -0.9648 0.1977 0.1735
vn -0.8085 0.5826 0.0826
vn -0.1448 0.9891 0.0252
vn -0.7351 0.5952 -0.3246
vn -0.0955 0.9132 -0.3963
vn -0.6983 0.4121 -0.5853
vn -0.3797 0.4716 -0.7959
vn 0.0609 0.7421 -0.6675
vn 0.2085 0.4840 -0.8499
vn -0.4397 0.0915 -0.8935
vn -0.2220 -0.0557 -0.9735
vn 0.4638 0.1961 -0.8640
vn -0.0451 -0.3638 -0.9304
vn 0.6649 -0.5140 -0.5420
vn -0.1259 -0.6683 -0.7332
vn 0.5939 -0.7633 -0.2544
vn -0.1738 -0.8629 -0.4746
vn 0.2748 0.9606 -0.0419
vn 0.4898 0.6892 -0.5339
vn 0.1486 0.4257 -0.8926
vn 0.1899 0.9558 -0.2244
vn 0.7637 0.6335 0.1239
vn 0.3232 0.9373 0.1301
vn -0.0544 0.7536 0.6551
vn 0.8048 0.3362 0.4892
vn -0.2922 0.0890 0.9522
vn 0.8508 -0.2464 0.4642
vn 0.4930 -0.6987 0.5185
vn -0.4481 -0.5619 0.6954
vn 0.9892 0.1295 0.0683
vn 0.9591 -0.2824 -0.0218
vn 0.2971 -0.9330 0.2030
vn 0.7587 0.0092 -0.6513
vn 0.8105 -0.5839 0.0470
vn 0.0564 -0.8868 -0.4587
vn 0.5196 -0.4594 -0.7204
vn -0.2679 -0.9344 0.2347
vn -0.3330 -0.9415 -0.0515
vn -0.2847 -0.9559 0.0718
vn -0.1045 -0.4597 -0.8819
vn -0.0000 0.9903 0.1389
vn -0.3127 0.9292 0.1971
vn -0.2844 0.7176 -0.6358
vn 0.5923 -0.1956 0.7816
vn 0.1509 -0.1758 0.9728
vn -0.5802 -0.1718 0.7962
vn -0.1353 -0.1593 0.9779
vn 0.8708 0.2766 0.4065
vn 0.8785 0.2492 0.4076
vn 0.8786 0.2528 0.4052
vn 0.8785 0.2487 0.4079
vn 0.8786 0.2531 0.4051
vn 0.1557 0.0464 0.9867
vn 0.1069 0.0259 0.9939
vn 0.0954 0.0614 0.9935
vn 0.1182 -0.0094 0.9929
vn 0.1599 0.0357 0.9865
vn 0.8912 0.2424 0.3834
vn -0.8752 0.2573 0.4096
vn -0.8787 0.2426 0.4112
vn -0.1590 0.0455 0.9862
vn -0.1073 0.0266 0.9939
vn -0.1073 0.0267 0.9939
vn -0.0967 0.0619 0.9934
vn -0.1177 -0.0083 0.9930
vn -0.1692 0.0482 0.9844
vn -0.8868 0.2448 0.3919
vn 0.1078 -0.0336 -0.9936
vn 0.0001 0.1874 -0.9823
vn 0.0355 0.1568 -0.9870
vn -0.0513 0.1549 -0.9866
vn 0.1045 -0.3368 -0.9358
vn -0.1046 -0.3368 -0.9358
vn -0.0000 -0.5247 -0.8513
vn 0.1995 -0.5261 -0.8267
vn 0.1312 -0.6190 -0.7744
vn -0.1995 -0.5261 -0.8267
vn -0.1360 -0.6854 -0.7153
vn 0.1133 -0.6995 -0.7056
vn 0.0878 -0.6665 -0.7403
vn -0.0582 -0.6622 -0.7470
vn -0.1311 -0.6190 -0.7744
vn -0.2490 -0.9453 0.2107
vn 0.0001 -0.9876 0.1571
vn -0.4809 -0.8614 0.1632
vn -0.6779 -0.7160 0.1669
vn -0.1825 -0.9286 -0.3230
vn -0.4014 -0.8301 -0.3870
vn -0.6179 -0.7401 -0.2655
vn -0.7871 -0.5362 -0.3050
vn -0.8376 -0.5306 0.1304
vn -0.9362 -0.2818 0.2098
vn -0.0000 -0.9470 -0.3213
vn -0.8180 -0.2663 -0.5098
vn -0.9441 -0.0013 -0.3298
vn -0.8788 0.2431 -0.4107
vn -0.9378 0.2833 0.2004
vn -0.7704 0.5084 0.3847
vn -0.7995 0.4781 -0.3636
vn -0.6619 0.7396 0.1224
vn -0.4514 0.8896 0.0696
vn -0.2052 0.9762 -0.0699
vn -0.5742 0.6129 -0.5428
vn -0.4622 0.8146 -0.3504
vn -0.2166 0.8784 -0.4261
vn -0.0000 0.9995 -0.0310
vn 0.2052 0.9762 -0.0698
vn -0.0000 0.9047 -0.4261
vn 0.2166 0.8784 -0.4261
vn 0.4481 0.8930 0.0434
vn 0.4622 0.8147 -0.3502
vn 0.6619 0.7395 0.1225
vn 0.7704 0.5083 0.3850
vn 0.9397 0.2675 0.2131
vn 0.5742 0.6129 -0.5428
vn 0.7995 0.4780 -0.3636
vn 0.8788 0.2429 -0.4108
vn 0.9519 0.0083 -0.3062
vn 0.9363 -0.2636 0.2321
vn 0.7987 -0.2681 -0.5387
vn 0.7824 -0.5473 -0.2974
vn 0.8378 -0.5303 0.1301
vn 0.6781 -0.7158 0.1666
vn 0.6181 -0.7399 -0.2656
vn 0.4016 -0.8300 -0.3870
vn 0.4811 -0.8614 0.1632
vn 0.2491 -0.9453 0.2107
vn 0.1825 -0.9286 -0.3231
vn -0.8463 -0.3165 -0.4284
vn 0.8510 -0.3202 -0.4164
vn 0.8896 -0.3649 0.2745
vn 0.9594 -0.0944 0.2658
vn 0.9398 0.0628 0.3358
vn 0.8123 0.3662 0.4540
vn 0.6814 -0.5755 0.4522
vn 0.3971 -0.6552 0.6427
vn 0.2048 -0.6878 0.6965
vn 0.1029 -0.6030 0.7910
vn 0.0298 -0.3146 0.9488
vn -0.0098 0.0112 0.9999
vn 0.0210 -0.7121 0.7018
vn 0.0403 -0.5754 0.8169
vn -0.0000 0.2736 0.9619
vn -0.1708 0.5067 0.8451
vn -0.0671 0.7788 0.6237
vn 0.2799 0.8704 0.4051
vn -0.0000 0.5242 0.8516
vn -0.0915 -0.6025 0.7928
vn 0.1707 0.5067 0.8450
vn 0.0672 0.7788 0.6237
vn -0.2798 0.8704 0.4051
vn -0.8139 0.3665 0.4509
vn -0.9445 0.0662 0.3219
vn -0.9624 -0.1036 0.2510
vn -0.8966 -0.3360 0.2886
vn -0.7117 -0.5607 0.4233
vn -0.4241 -0.6587 0.6214
vn -0.2314 -0.6936 0.6822
vn 0.7359 -0.6553 -0.1702
vn 0.7358 -0.6555 -0.1703
vn 0.7357 -0.6556 -0.1701
vn 0.7357 -0.6555 -0.1702
vn 0.7358 -0.6554 -0.1705
vn 0.7357 -0.6554 -0.1705
vn 0.7359 -0.6553 -0.1705
vn -0.9999 0.0125 0.0019
vn -0.9999 0.0125 0.0020
vn -0.9999 0.0124 0.0020
vn -0.9999 0.0126 0.0019
vn -0.9999 0.0125 0.0018
vn -0.9999 0.0126 0.0018
vn -0.9999 0.0127 0.0020
vn -0.9999 0.0121 0.0020
vn -0.9999 0.0124 0.0017
vn 0.2636 -0.5895 0.7636
vn 0.2635 -0.5897 0.7634
vn 0.2638 -0.5893 0.7636
vn 0.2637 -0.5894 0.7636
vn 0.2635 -0.5894 0.7637
vn 0.2635 -0.5895 0.7636
vn 0.2636 -0.5897 0.7634
vt 1.387200 0.430500
vt 1.381700 0.436000
vt 1.379400 0.433800
vt 1.614400 0.990300
vt 1.617200 0.944000
vt 1.614400 0.941300
vt 0.729200 0.551300
vt 0.724200 0.506300
vt 0.729200 0.528100
vt 0.768100 0.551300
vt 0.773600 0.599300
vt 0.768100 0.575100
vt 0.142000 0.055600
vt 0.165900 0.055600
vt 0.094100 0.060600
vt 1.658800 0.965800
vt 1.658800 0.984800
vt 1.661600 0.987500
vt 1.750600 0.375300
vt 1.756600 0.375300
vt 1.756600 0.372100
vt 0.756600 0.317100
vt 0.750600 0.313900
vt 0.756600 0.313900
vt 0.756600 0.375300
vt 0.750600 0.375300
vt 0.756600 0.372100
vt 0.418200 0.036900
vt 0.416900 0.018100
vt 0.418200 0.018100
vt 1.318900 0.036900
vt 1.320800 0.044800
vt 1.326900 0.022900
vt 1.817500 0.177300
vt 1.813600 0.171700
vt 1.817500 0.171700
vt 1.856500 0.177300
vt 1.860500 0.171700
vt 1.856500 0.171700
vt 0.860500 0.177300
vt 0.856500 0.177300
vt 0.860500 0.171700
vt 1.818300 0.270000
vt 1.827900 0.271500
vt 1.846100 0.271500
vt 0.304100 0.016700
vt 0.300200 0.011200
vt 0.304100 0.011200
vt 0.724200 0.413100
vt 0.729200 0.413100
vt 0.724200 0.417000
vt 0.770200 0.294000
vt 0.770200 0.313400
vt 0.764400 0.294000
vt 0.422500 0.055700
vt 0.418200 0.055700
vt 0.300200 0.060600
vt 0.304100 0.055600
vt 0.304100 0.060600
vt 0.856500 0.171700
vt 0.773600 0.417000
vt 0.768100 0.413100
vt 0.773600 0.413100
vt 0.817500 0.177300
vt 0.813600 0.171700
vt 0.817500 0.171700
vt 1.848900 0.275800
vt 0.620400 0.084400
vt 0.596300 0.084400
vt 0.668600 0.079700
vt 0.855800 0.550300
vt 0.859700 0.588200
vt 0.855800 0.588200
vt 0.859700 0.293600
vt 0.855800 0.331300
vt 0.855800 0.293600
vt 0.855800 0.380300
vt 0.855800 0.356300
vt 0.855800 0.476700
vt 0.855800 0.452600
vt 0.855800 0.428600
vt 0.855800 0.404600
vt 1.387200 0.455000
vt 1.381700 0.455000
vt 1.381700 0.474000
vt 1.387200 0.479500
vt 1.379400 0.476300
vt 1.385000 0.428200
vt 1.370600 0.428200
vt 1.373300 0.433800
vt 1.367800 0.433800
vt 1.373300 0.455000
vt 1.367800 0.455000
vt 1.367800 0.476300
vt 1.373300 0.476300
vt 1.370600 0.481800
vt 1.357500 0.428200
vt 1.360300 0.433800
vt 1.354700 0.433800
vt 1.360300 0.455000
vt 1.354700 0.455000
vt 1.354700 0.476300
vt 1.360300 0.476300
vt 1.357500 0.481800
vt 1.345100 0.433800
vt 1.339500 0.428200
vt 1.342800 0.436000
vt 1.337200 0.430500
vt 1.337200 0.479500
vt 1.342800 0.474000
vt 1.339500 0.481800
vt 1.345100 0.476300
vt 1.385000 0.481800
vt 0.285600 0.400300
vt 0.294000 0.402800
vt 0.277700 0.401400
vt 0.277300 0.398300
vt 0.279400 0.396400
vt 0.276100 0.389800
vt 0.273200 0.390400
vt 0.276400 0.382500
vt 0.273700 0.381600
vt 0.280400 0.376300
vt 0.278400 0.374200
vt 0.294300 0.373300
vt 0.286900 0.372900
vt 0.286300 0.370100
vt 0.295100 0.370500
vt 0.300400 0.377300
vt 0.302600 0.375300
vt 0.292900 0.400700
vt 0.299500 0.397300
vt 0.303500 0.391200
vt 0.303800 0.383800
vt 0.306600 0.383200
vt 0.306200 0.392000
vt 0.315900 0.401000
vt 0.768100 0.689600
vt 0.773600 0.709600
vt 0.768100 0.709600
vt 0.773600 0.668100
vt 0.768100 0.668100
vt 0.768100 0.646000
vt 0.768100 0.623100
vt 0.768100 0.599300
vt 0.117900 0.055600
vt 0.094100 0.055600
vt 0.049000 0.060600
vt 0.071200 0.055600
vt 0.049000 0.055600
vt 0.007600 0.060600
vt 0.027600 0.055600
vt 0.007600 0.055600
vt 0.419000 0.089700
vt 0.436900 0.078800
vt 0.438600 0.083700
vt 0.400200 0.093600
vt 0.399500 0.088300
vt 0.365300 0.091200
vt 0.365200 0.096700
vt 0.330300 0.093300
vt 0.331100 0.088100
vt 0.311700 0.088700
vt 0.292100 0.082500
vt 0.294000 0.077700
vt 0.724200 0.709600
vt 0.729200 0.689600
vt 0.729200 0.709600
vt 0.724200 0.668100
vt 0.729200 0.668100
vt 0.729200 0.646000
vt 0.724200 0.599300
vt 0.729200 0.623100
vt 0.729200 0.599300
vt 0.729200 0.575100
vt 0.550200 0.422100
vt 0.570200 0.420700
vt 0.569400 0.432000
vt 0.550400 0.433100
vt 0.531400 0.432600
vt 0.530200 0.421400
vt 0.537700 0.402500
vt 0.549800 0.396800
vt 0.562000 0.402000
vt 1.661600 0.944000
vt 1.658800 0.946800
vt 1.656600 0.944500
vt 1.664400 0.941300
vt 1.662100 0.939000
vt 1.664400 0.965800
vt 1.656600 0.987000
vt 1.659400 0.989800
vt 1.647700 0.989800
vt 1.664400 0.990300
vt 1.662100 0.992600
vt 1.634700 0.989800
vt 1.644900 0.987000
vt 1.650500 0.987000
vt 1.619500 0.989800
vt 1.622200 0.987000
vt 1.631900 0.987000
vt 1.637500 0.987000
vt 1.616700 0.992600
vt 1.617200 0.987500
vt 1.620000 0.984800
vt 1.620000 0.946800
vt 1.622200 0.944500
vt 1.619400 0.941800
vt 1.634700 0.941800
vt 1.631900 0.944500
vt 1.616700 0.939000
vt 1.647700 0.941800
vt 1.644900 0.944500
vt 1.637500 0.944500
vt 1.631900 0.965800
vt 1.637500 0.965800
vt 1.659400 0.941800
vt 1.650500 0.944500
vt 1.644900 0.965800
vt 1.650500 0.965800
vt 1.647700 0.939000
vt 1.647700 0.992600
vt 1.634700 0.939000
vt 0.661600 0.987500
vt 0.664400 0.965800
vt 0.664400 0.990300
vt 0.659400 0.989800
vt 0.656600 0.987000
vt 0.647700 0.989800
vt 0.662100 0.992600
vt 0.634700 0.989800
vt 0.619500 0.989800
vt 0.616700 0.992600
vt 0.658800 0.984800
vt 0.661600 0.944000
vt 0.658800 0.965800
vt 0.658800 0.946800
vt 0.656600 0.944500
vt 0.659400 0.941800
vt 0.647700 0.941800
vt 0.650500 0.944500
vt 0.664400 0.941300
vt 0.662100 0.939000
vt 0.634700 0.941800
vt 0.644900 0.944500
vt 0.644900 0.965800
vt 0.650500 0.965800
vt 0.650500 0.987000
vt 0.619400 0.941800
vt 0.622200 0.944500
vt 0.631900 0.944500
vt 0.637500 0.944500
vt 0.616700 0.939000
vt 0.617200 0.944000
vt 0.620000 0.946800
vt 0.620000 0.984800
vt 0.617200 0.987500
vt 0.622200 0.987000
vt 0.614400 0.941300
vt 0.614400 0.990300
vt 0.631900 0.987000
vt 0.637500 0.987000
vt 0.631900 0.965800
vt 0.637500 0.965800
vt 0.644900 0.987000
vt 0.387200 0.430500
vt 0.387200 0.455000
vt 0.381700 0.436000
vt 0.381700 0.455000
vt 0.381700 0.474000
vt 0.387200 0.479500
vt 0.379400 0.433800
vt 0.385000 0.428200
vt 0.370600 0.428200
vt 0.373300 0.433800
vt 0.367800 0.433800
vt 0.373300 0.455000
vt 0.367800 0.455000
vt 0.367800 0.476300
vt 0.373300 0.476300
vt 0.370600 0.481800
vt 0.379400 0.476300
vt 0.357500 0.428200
vt 0.360300 0.433800
vt 0.354700 0.433800
vt 0.360300 0.455000
vt 0.354700 0.455000
vt 0.354700 0.476300
vt 0.360300 0.476300
vt 0.357500 0.481800
vt 0.345100 0.433800
vt 0.339500 0.428200
vt 0.342800 0.436000
vt 0.337200 0.430500
vt 0.337200 0.455000
vt 0.342800 0.474000
vt 0.337200 0.479500
vt 0.339500 0.481800
vt 0.345100 0.476300
vt 0.385000 0.481800
vt 0.561600 0.359100
vt 0.543600 0.368100
vt 0.542900 0.358800
vt 0.554800 0.370300
vt 0.563500 0.370700
vt 0.565900 0.365700
vt 0.565400 0.358900
vt 0.567100 0.390900
vt 0.571900 0.386900
vt 0.583100 0.397200
vt 0.583100 0.391200
vt 0.594200 0.386700
vt 0.599000 0.390700
vt 0.602400 0.370500
vt 0.611100 0.370000
vt 0.604200 0.358800
vt 0.622300 0.367700
vt 0.622900 0.358400
vt 1.594200 0.386700
vt 1.583100 0.397200
vt 1.583100 0.391200
vt 1.599000 0.390700
vt 1.602400 0.370500
vt 1.611100 0.370000
vt 1.604200 0.358800
vt 1.599900 0.365400
vt 1.583000 0.369600
vt 1.571900 0.386900
vt 1.563500 0.370700
vt 1.622300 0.367700
vt 1.622900 0.358400
vt 1.600400 0.358700
vt 1.565900 0.365700
vt 1.561600 0.359100
vt 1.554800 0.370300
vt 1.567100 0.390900
vt 1.565400 0.358900
vt 1.582800 0.353900
vt 1.563900 0.355700
vt 1.563500 0.336900
vt 1.601900 0.336600
vt 1.601900 0.355400
vt 1.543600 0.368100
vt 1.542900 0.358800
vt 1.764400 0.326600
vt 1.770200 0.326600
vt 1.764400 0.313400
vt 1.770200 0.313400
vt 0.770200 0.326600
vt 0.764400 0.326600
vt 0.764400 0.313400
vt 1.764400 0.365300
vt 1.770200 0.365300
vt 1.764400 0.378400
vt 1.770200 0.378400
vt 1.743200 0.369200
vt 1.737200 0.378900
vt 1.743200 0.378900
vt 1.737200 0.369200
vt 1.737200 0.365900
vt 1.743200 0.365900
vt 1.743200 0.327800
vt 1.737200 0.327800
vt 1.743200 0.324600
vt 1.737200 0.324600
vt 1.737200 0.314800
vt 1.743200 0.314800
vt 1.750600 0.313900
vt 1.756600 0.313900
vt 1.750600 0.294800
vt 1.756600 0.294800
vt 0.737200 0.378900
vt 0.743200 0.369200
vt 0.743200 0.378900
vt 0.737200 0.369200
vt 0.737200 0.365900
vt 0.743200 0.365900
vt 0.743200 0.327800
vt 0.737200 0.327800
vt 0.743200 0.324600
vt 0.737200 0.324600
vt 0.737200 0.314800
vt 0.743200 0.314800
vt 1.680900 0.992500
vt 1.680900 0.967400
vt 1.674800 0.992500
vt 1.674800 0.967400
vt 1.680900 0.964200
vt 1.674800 0.964200
vt 1.674800 0.949400
vt 1.674800 0.936000
vt 1.674800 0.920000
vt 1.680900 0.920000
vt 1.680900 0.916700
vt 1.674800 0.916700
vt 1.680900 0.866600
vt 1.674800 0.866600
vt 1.674800 0.863300
vt 1.680900 0.863300
vt 1.680900 0.819200
vt 1.674800 0.847400
vt 1.674800 0.834000
vt 1.674800 0.819200
vt 1.674800 0.815900
vt 1.680900 0.815900
vt 1.674800 0.790800
vt 1.680900 0.790800
vt 1.756600 0.365900
vt 1.750600 0.365900
vt 1.750600 0.372100
vt 1.750600 0.394400
vt 1.756600 0.394400
vt 1.680900 0.949400
vt 1.680900 0.834000
vt 1.750600 0.323200
vt 1.756600 0.317100
vt 1.756600 0.323200
vt 1.750600 0.317100
vt 1.680900 0.847400
vt 0.750600 0.294800
vt 0.756600 0.294800
vt 0.750600 0.323200
vt 0.750600 0.317100
vt 0.756600 0.323200
vt 0.680900 0.992500
vt 0.674800 0.992500
vt 0.680900 0.967400
vt 0.674800 0.967400
vt 0.674800 0.964200
vt 0.680900 0.964200
vt 0.674800 0.949400
vt 0.674800 0.936000
vt 0.674800 0.920000
vt 0.680900 0.920000
vt 0.680900 0.916700
vt 0.674800 0.916700
vt 0.674800 0.891700
vt 0.680900 0.866600
vt 0.674800 0.866600
vt 0.674800 0.863300
vt 0.680900 0.863300
vt 0.680900 0.819200
vt 0.674800 0.847400
vt 0.674800 0.834000
vt 0.674800 0.819200
vt 0.674800 0.815900
vt 0.680900 0.815900
vt 0.674800 0.790800
vt 0.680900 0.790800
vt 0.750600 0.394400
vt 0.756600 0.394400
vt 0.326900 0.022900
vt 0.334100 0.019600
vt 0.318900 0.036900
vt 0.348500 0.055700
vt 0.348500 0.018100
vt 0.366500 0.018100
vt 0.366500 0.055700
vt 0.389400 0.018100
vt 0.334100 0.054200
vt 0.326900 0.050800
vt 0.389400 0.055700
vt 0.402500 0.055700
vt 0.402500 0.018100
vt 0.409800 0.018100
vt 0.409800 0.055700
vt 0.414100 0.055700
vt 0.414100 0.018100
vt 0.416900 0.055700
vt 1.326900 0.050800
vt 1.334100 0.054200
vt 1.348500 0.055700
vt 1.348500 0.018100
vt 1.366500 0.018100
vt 1.366500 0.055700
vt 1.389400 0.055700
vt 1.389400 0.018100
vt 1.402500 0.055700
vt 1.334100 0.019600
vt 1.402500 0.018100
vt 1.409800 0.018100
vt 1.409800 0.055700
vt 1.414100 0.018100
vt 1.414100 0.055700
vt 1.416900 0.055700
vt 1.416900 0.018100
vt 1.320800 0.029000
vt 0.644600 0.084400
vt 0.668600 0.084400
vt 0.716400 0.079700
vt 0.692500 0.084400
vt 0.716400 0.084400
vt 0.027600 0.016700
vt 0.007600 0.016700
vt 0.049000 0.016700
vt 0.071200 0.016700
vt 0.094100 0.016700
vt 0.117900 0.016700
vt 0.142000 0.016700
vt 0.165900 0.016700
vt 0.189100 0.016700
vt 0.189100 0.055600
vt 0.210900 0.016700
vt 0.210900 0.055600
vt 0.231200 0.055600
vt 0.231200 0.016700
vt 0.252100 0.016700
vt 0.252100 0.055600
vt 0.273800 0.016700
vt 0.273800 0.055600
vt 0.290200 0.055600
vt 0.290200 0.016700
vt 0.300200 0.016700
vt 0.300200 0.055600
vt 1.856500 0.162800
vt 1.817500 0.162800
vt 1.856500 0.151100
vt 1.817500 0.151100
vt 1.813600 0.183300
vt 1.813600 0.177300
vt 1.817500 0.183300
vt 1.817500 0.188900
vt 1.813600 0.188900
vt 1.817500 0.195100
vt 1.813600 0.195100
vt 1.817500 0.206300
vt 1.813600 0.206300
vt 1.813600 0.228400
vt 1.817500 0.228400
vt 1.817500 0.249100
vt 1.813600 0.249100
vt 1.817500 0.261000
vt 1.813600 0.262800
vt 1.821900 0.266800
vt 1.825200 0.275800
vt 1.837000 0.278300
vt 1.855700 0.270000
vt 0.007600 0.011200
vt 0.027600 0.011200
vt 0.071200 0.011200
vt 0.117900 0.011200
vt 0.189100 0.011200
vt 0.252100 0.011200
vt 0.290200 0.011200
vt 0.713600 0.154200
vt 0.718000 0.149400
vt 0.718000 0.154200
vt 0.701700 0.149400
vt 1.852100 0.266800
vt 1.860500 0.262800
vt 1.856500 0.261000
vt 1.860500 0.249100
vt 1.856500 0.249100
vt 1.856500 0.228400
vt 1.856500 0.206300
vt 1.856500 0.195100
vt 1.856500 0.188900
vt 1.856500 0.183300
vt 1.860500 0.228400
vt 1.860500 0.206300
vt 1.860500 0.195100
vt 1.860500 0.188900
vt 1.860500 0.183300
vt 1.860500 0.177300
vt 0.468400 0.127800
vt 0.451400 0.131200
vt 0.465900 0.123200
vt 0.435900 0.148000
vt 0.439700 0.138000
vt 0.431700 0.144700
vt 0.431400 0.154700
vt 0.426500 0.152500
vt 0.423600 0.162000
vt 0.429700 0.180500
vt 0.423000 0.172100
vt 0.424600 0.182000
vt 0.433600 0.189100
vt 0.428900 0.191800
vt 0.436500 0.201700
vt 0.449900 0.206100
vt 0.447000 0.210500
vt 0.460000 0.217000
vt 0.494100 0.219600
vt 0.475300 0.221600
vt 0.493400 0.224600
vt 0.514000 0.226100
vt 0.536100 0.220900
vt 0.536600 0.225700
vt 0.817500 0.162800
vt 0.837000 0.171700
vt 0.856500 0.162800
vt 0.856500 0.151100
vt 0.817500 0.151100
vt 0.729200 0.506300
vt 0.729200 0.486000
vt 0.724200 0.426900
vt 0.729200 0.465100
vt 0.729200 0.443400
vt 0.729200 0.426900
vt 0.729200 0.417000
vt 1.582700 0.334900
vt 0.750600 0.365900
vt 0.750600 0.372100
vt 0.756600 0.365900
vt 0.770200 0.378400
vt 0.764400 0.378400
vt 0.770200 0.365300
vt 0.764400 0.365300
vt 1.770200 0.294000
vt 1.764400 0.294000
vt 1.743200 0.293500
vt 1.737200 0.293500
vt 1.764400 0.345900
vt 1.770200 0.345900
vt 1.764400 0.397800
vt 1.770200 0.397800
vt 1.737200 0.400300
vt 1.743200 0.400300
vt 1.750600 0.344600
vt 1.756600 0.344600
vt 0.737200 0.293500
vt 0.743200 0.293500
vt 0.750600 0.344600
vt 0.756600 0.344600
vt 0.764400 0.345900
vt 0.770200 0.345900
vt 0.770200 0.397800
vt 0.764400 0.397800
vt 0.743200 0.400300
vt 0.737200 0.400300
vt 0.856500 0.183300
vt 0.817500 0.183300
vt 0.817500 0.188900
vt 0.856500 0.188900
vt 0.856500 0.195100
vt 0.817500 0.195100
vt 0.817500 0.206300
vt 0.856500 0.206300
vt 0.817500 0.228400
vt 0.856500 0.228400
vt 0.817500 0.249100
vt 0.837000 0.273400
vt 0.856500 0.249100
vt 0.856500 0.261000
vt 0.852100 0.266800
vt 0.817500 0.261000
vt 0.821900 0.266800
vt 0.773600 0.528100
vt 0.768100 0.528100
vt 0.768100 0.506300
vt 0.768100 0.486000
vt 0.768100 0.465100
vt 0.773600 0.465100
vt 0.768100 0.443400
vt 0.768100 0.426900
vt 0.773600 0.426900
vt 0.768100 0.417000
vt 0.398500 0.146200
vt 0.330700 0.190000
vt 0.364900 0.222400
vt 0.425700 0.244400
vt 0.303300 0.152100
vt 0.306000 0.161700
vt 0.306700 0.172000
vt 0.305000 0.182000
vt 0.300700 0.191900
vt 0.293200 0.202000
vt 0.282800 0.211000
vt 0.304400 0.244800
vt 0.298200 0.144000
vt 0.290200 0.137100
vt 0.278700 0.130000
vt 0.264400 0.121700
vt 0.269800 0.217700
vt 0.277500 0.287100
vt 0.292900 0.293700
vt 0.304000 0.302300
vt 0.365000 0.255200
vt 0.254500 0.222400
vt 0.258700 0.281500
vt 0.237100 0.276400
vt 0.236500 0.225600
vt 0.213900 0.271800
vt 0.215900 0.227300
vt 0.189700 0.268200
vt 0.193300 0.227200
vt 0.312500 0.312300
vt 0.365300 0.311900
vt 0.418100 0.311800
vt 0.426500 0.301700
vt 0.437600 0.293200
vt 0.452900 0.286400
vt 0.319800 0.323200
vt 0.326000 0.335000
vt 0.365600 0.356700
vt 0.404900 0.334500
vt 0.411000 0.322700
vt 0.331100 0.348000
vt 0.335600 0.361700
vt 0.339500 0.376300
vt 0.342600 0.392300
vt 0.366000 0.408500
vt 0.389200 0.392000
vt 0.392100 0.375900
vt 0.395700 0.361300
vt 0.400000 0.347500
vt 0.344800 0.409900
vt 0.387300 0.409600
vt 0.471700 0.280700
vt 0.493300 0.275400
vt 0.516400 0.270600
vt 0.540600 0.266800
vt 0.261800 0.126300
vt 0.286800 0.141100
vt 0.298300 0.154200
vt 0.301300 0.171700
vt 0.296100 0.189200
vt 0.279800 0.206600
vt 0.235700 0.220700
vt 0.193800 0.222300
vt 0.581000 0.154200
vt 0.556700 0.149400
vt 0.628800 0.149400
vt 0.556700 0.154200
vt 0.532700 0.154200
vt 0.508800 0.154200
vt 0.485000 0.149400
vt 0.485000 0.154200
vt 0.508800 0.195700
vt 0.485000 0.195700
vt 0.532700 0.195700
vt 0.556700 0.195700
vt 0.581000 0.195700
vt 0.605100 0.195700
vt 0.605100 0.154200
vt 0.628800 0.154200
vt 0.628800 0.195700
vt 0.654400 0.154200
vt 0.654400 0.195700
vt 0.681400 0.154200
vt 0.681400 0.195700
vt 0.701700 0.154200
vt 0.701700 0.195700
vt 0.713600 0.195700
vt 0.718000 0.195700
vt 0.697700 0.018100
vt 0.718400 0.013200
vt 0.718400 0.018100
vt 0.674200 0.018100
vt 0.649400 0.013200
vt 0.649400 0.018100
vt 0.624100 0.018100
vt 0.598600 0.013200
vt 0.598600 0.018100
vt 0.573100 0.018100
vt 0.547900 0.013200
vt 0.547900 0.018100
vt 0.523600 0.018100
vt 0.500700 0.013200
vt 0.500700 0.018100
vt 0.477200 0.018100
vt 0.452200 0.018100
vt 0.433200 0.018100
vt 0.433200 0.013200
vt 0.422500 0.013200
vt 0.422500 0.018100
vt 0.418200 0.013200
vt 0.813600 0.183300
vt 0.813600 0.177300
vt 0.813600 0.188900
vt 0.813600 0.195100
vt 0.813600 0.206300
vt 0.813600 0.228400
vt 0.813600 0.249100
vt 0.813600 0.262800
vt 0.818300 0.270000
vt 0.837000 0.278300
vt 0.487700 0.084400
vt 0.483400 0.125900
vt 0.483400 0.084400
vt 0.487700 0.125900
vt 0.499600 0.125900
vt 0.499600 0.084400
vt 0.519900 0.125900
vt 0.519900 0.084400
vt 0.547000 0.125900
vt 0.547000 0.084400
vt 0.572500 0.125900
vt 0.572500 0.084400
vt 0.596300 0.125900
vt 0.620400 0.125900
vt 0.644600 0.125900
vt 0.668600 0.125900
vt 0.692500 0.125900
vt 0.716400 0.125900
vt 0.433200 0.055700
vt 0.452200 0.055700
vt 0.477200 0.055700
vt 0.500700 0.055700
vt 0.523600 0.055700
vt 0.547900 0.055700
vt 0.573100 0.055700
vt 0.598600 0.055700
vt 0.624100 0.055700
vt 0.649400 0.055700
vt 0.674200 0.055700
vt 0.718400 0.036900
vt 0.697700 0.055700
vt 0.718400 0.055700
vt 0.860500 0.183300
vt 0.860500 0.188900
vt 0.860500 0.195100
vt 0.860500 0.206300
vt 0.860500 0.228400
vt 0.860500 0.249100
vt 0.860500 0.262800
vt 0.855700 0.270000
vt 0.487700 0.129500
vt 0.483400 0.129500
vt 0.499600 0.129500
vt 0.572500 0.129500
vt 0.189100 0.060600
vt 0.231200 0.060600
vt 0.290200 0.060600
vt 0.392200 0.409900
vt 0.397100 0.377100
vt 0.405100 0.349300
vt 0.422600 0.315000
vt 0.440500 0.297800
vt 0.494500 0.280300
vt 0.540900 0.271600
vt 0.644600 0.129500
vt 0.692500 0.129500
vt 0.716400 0.129500
vt 0.596300 0.079700
vt 0.499600 0.079700
vt 0.487700 0.079700
vt 0.483400 0.079700
vt 0.422500 0.060600
vt 0.418200 0.060600
vt 0.433200 0.060600
vt 0.477200 0.060600
vt 0.547900 0.060600
vt 0.598600 0.060600
vt 0.649400 0.060600
vt 0.697700 0.060600
vt 0.718400 0.060600
vt 0.189400 0.273100
vt 0.235900 0.281300
vt 0.275600 0.292100
vt 0.300200 0.306200
vt 0.321000 0.337200
vt 0.334500 0.377500
vt 0.339900 0.410300
vt 0.485000 0.199300
vt 0.532700 0.199300
vt 0.605100 0.199300
vt 0.701700 0.199300
vt 0.713600 0.199300
vt 0.718000 0.199300
vt 0.190300 0.353600
vt 0.183900 0.343000
vt 0.190300 0.343000
vt 0.183900 0.353600
vt 0.177500 0.353600
vt 0.171100 0.343000
vt 0.171100 0.353600
vt 0.164700 0.353600
vt 0.158300 0.343000
vt 0.158300 0.353600
vt 0.151900 0.353600
vt 0.145500 0.343000
vt 0.145500 0.353600
vt 0.139100 0.353600
vt 0.132700 0.343000
vt 0.132700 0.353600
vt 0.126300 0.353600
vt 0.119900 0.343000
vt 0.119900 0.353600
vt 0.113500 0.353600
vt 0.113500 0.343000
vt 0.166800 0.161100
vt 0.161800 0.180500
vt 0.152000 0.197900
vt 0.166600 0.141100
vt 0.127800 0.102400
vt 0.101400 0.227800
vt 0.120700 0.222400
vt 0.138000 0.212200
vt 0.161200 0.121800
vt 0.151000 0.104500
vt 0.136700 0.090500
vt 0.119300 0.080700
vt 0.099900 0.075700
vt 0.079900 0.075900
vt 0.029300 0.105700
vt 0.014600 0.162600
vt 0.044500 0.213200
vt 0.081300 0.228000
vt 0.061900 0.223000
vt 0.060500 0.081300
vt 0.043300 0.091400
vt 0.020000 0.181900
vt 0.030200 0.199100
vt 0.014400 0.142600
vt 0.019400 0.123200
vt 0.797000 0.166500
vt 0.777200 0.152600
vt 0.797000 0.152800
vt 0.751700 0.173900
vt 0.797000 0.257600
vt 0.751700 0.250200
vt 0.777200 0.271400
vt 0.797000 0.271300
vt 0.751700 0.163900
vt 0.751700 0.260100
vt 1.923900 0.032400
vt 1.923900 0.061400
vt 1.926700 0.050300
vt 1.917300 0.041000
vt 1.917300 0.024400
vt 1.923900 0.024400
vt 1.923900 0.017000
vt 1.926700 0.017000
vt 1.926700 0.024400
vt 1.926700 0.032400
vt 1.917300 0.061400
vt 1.912900 0.050300
vt 1.912900 0.032400
vt 1.912900 0.017000
vt 1.917300 0.017000
vt 1.917300 0.088100
vt 1.912900 0.088100
vt 1.917300 0.111700
vt 1.912900 0.135300
vt 1.917300 0.135300
vt 1.912900 0.173300
vt 1.923900 0.088100
vt 1.923900 0.111700
vt 1.923900 0.135300
vt 1.917300 0.162800
vt 1.917300 0.182800
vt 1.912900 0.191500
vt 1.926700 0.088100
vt 1.926700 0.135300
vt 1.923900 0.162800
vt 1.923900 0.191500
vt 1.923900 0.207800
vt 1.917300 0.207800
vt 1.912900 0.207800
vt 1.941500 0.061400
vt 1.941500 0.088100
vt 1.941500 0.135300
vt 1.941500 0.162800
vt 1.926700 0.173300
vt 1.941500 0.050300
vt 1.941500 0.041000
vt 1.941500 0.032400
vt 1.941500 0.017000
vt 1.941500 0.173300
vt 1.941500 0.182800
vt 1.926700 0.191500
vt 1.926700 0.207800
vt 1.926700 0.230500
vt 1.923900 0.230500
vt 1.941500 0.199600
vt 1.941500 0.230500
vt 1.941500 0.261000
vt 1.926700 0.261000
vt 1.923900 0.276900
vt 1.917300 0.245400
vt 1.912900 0.245400
vt 1.941500 0.292900
vt 1.926700 0.292900
vt 1.923900 0.308200
vt 1.912900 0.276900
vt 1.941500 0.308200
vt 1.926700 0.308200
vt 1.926700 0.334500
vt 1.941500 0.334500
vt 1.926700 0.360200
vt 1.941500 0.347500
vt 1.941500 0.360200
vt 1.941500 0.373400
vt 1.926700 0.373400
vt 1.941500 0.387000
vt 1.926700 0.401700
vt 1.923900 0.387000
vt 1.923900 0.360200
vt 1.917300 0.373400
vt 1.912900 0.347500
vt 1.923900 0.334500
vt 1.941500 0.401700
vt 1.926700 0.433200
vt 1.941500 0.433200
vt 1.926700 0.464200
vt 1.923900 0.464200
vt 1.923900 0.433200
vt 1.923900 0.401700
vt 1.917300 0.401700
vt 1.941500 0.449300
vt 1.941500 0.478600
vt 1.926700 0.486700
vt 1.923900 0.486700
vt 1.917300 0.486700
vt 1.917300 0.464200
vt 1.912900 0.417300
vt 1.912900 0.387000
vt 1.941500 0.486700
vt 1.912900 0.464200
vt 1.912900 0.486700
vt 1.912900 0.334500
vt 1.912900 0.308200
vt 1.897100 0.486700
vt 1.897100 0.449300
vt 1.897100 0.417300
vt 1.897100 0.387000
vt 1.897100 0.347500
vt 1.876400 0.464200
vt 1.876400 0.417300
vt 1.876400 0.387000
vt 1.876400 0.360200
vt 1.876400 0.486700
vt 1.876400 0.347500
vt 1.876400 0.334500
vt 1.897100 0.334500
vt 1.897100 0.308200
vt 1.897100 0.276900
vt 1.876400 0.308200
vt 1.876400 0.276900
vt 1.897100 0.245400
vt 1.897100 0.207800
vt 1.897100 0.182800
vt 1.876400 0.230500
vt 1.876400 0.207800
vt 1.876400 0.191500
vt 1.876400 0.173300
vt 1.897100 0.162800
vt 1.897100 0.111700
vt 1.897100 0.061400
vt 1.876400 0.135300
vt 1.876400 0.111700
vt 1.876400 0.088100
vt 1.876400 0.061400
vt 1.876400 0.041000
vt 1.897100 0.041000
vt 1.897100 0.024400
vt 1.897100 0.017000
vt 1.876400 0.017000
vt 1.876400 0.024400
vt 0.876400 0.464200
vt 0.897100 0.486700
vt 0.876400 0.486700
vt 0.897100 0.449300
vt 0.876400 0.417300
vt 0.897100 0.417300
vt 0.876400 0.387000
vt 0.897100 0.387000
vt 0.876400 0.360200
vt 0.912900 0.464200
vt 0.912900 0.417300
vt 0.912900 0.387000
vt 0.897100 0.347500
vt 0.876400 0.347500
vt 0.876400 0.334500
vt 0.912900 0.486700
vt 0.912900 0.347500
vt 0.897100 0.334500
vt 0.897100 0.308200
vt 0.876400 0.308200
vt 0.897100 0.276900
vt 0.876400 0.276900
vt 0.897100 0.245400
vt 0.876400 0.245400
vt 0.912900 0.334500
vt 0.912900 0.308200
vt 0.912900 0.276900
vt 0.912900 0.245400
vt 0.912900 0.207800
vt 0.897100 0.207800
vt 0.876400 0.207800
vt 0.876400 0.191500
vt 0.897100 0.182800
vt 0.876400 0.182800
vt 0.897100 0.162800
vt 0.876400 0.162800
vt 0.912900 0.191500
vt 0.912900 0.173300
vt 0.912900 0.135300
vt 0.897100 0.111700
vt 0.876400 0.111700
vt 0.876400 0.135300
vt 0.912900 0.088100
vt 0.897100 0.061400
vt 0.876400 0.088100
vt 0.876400 0.050300
vt 0.897100 0.041000
vt 0.876400 0.032400
vt 0.917300 0.111700
vt 0.917300 0.088100
vt 0.912900 0.050300
vt 0.917300 0.061400
vt 0.917300 0.041000
vt 0.912900 0.032400
vt 0.917300 0.024400
vt 0.912900 0.017000
vt 0.923900 0.111700
vt 0.923900 0.088100
vt 0.923900 0.061400
vt 0.923900 0.032400
vt 0.917300 0.135300
vt 0.923900 0.149400
vt 0.926700 0.135300
vt 0.926700 0.111700
vt 0.926700 0.088100
vt 0.926700 0.050300
vt 0.917300 0.162800
vt 0.923900 0.173300
vt 0.917300 0.191500
vt 0.923900 0.191500
vt 0.917300 0.207800
vt 0.923900 0.207800
vt 0.926700 0.207800
vt 0.926700 0.191500
vt 0.926700 0.173300
vt 0.917300 0.245400
vt 0.923900 0.230500
vt 0.926700 0.230500
vt 0.941500 0.230500
vt 0.941500 0.207800
vt 0.941500 0.191500
vt 0.917300 0.276900
vt 0.923900 0.261000
vt 0.926700 0.261000
vt 0.941500 0.261000
vt 0.923900 0.308200
vt 0.923900 0.276900
vt 0.926700 0.292900
vt 0.941500 0.292900
vt 0.923900 0.334500
vt 0.923900 0.360200
vt 0.917300 0.373400
vt 0.923900 0.387000
vt 0.926700 0.373400
vt 0.917300 0.401700
vt 0.923900 0.401700
vt 0.923900 0.433200
vt 0.926700 0.433200
vt 0.923900 0.464200
vt 0.926700 0.464200
vt 0.941500 0.433200
vt 0.941500 0.401700
vt 0.926700 0.401700
vt 0.917300 0.464200
vt 0.917300 0.486700
vt 0.923900 0.486700
vt 0.926700 0.486700
vt 0.941500 0.478600
vt 0.941500 0.449300
vt 0.941500 0.486700
vt 0.941500 0.387000
vt 0.941500 0.373400
vt 0.926700 0.360200
vt 0.941500 0.360200
vt 0.941500 0.347500
vt 0.941500 0.334500
vt 0.926700 0.334500
vt 0.926700 0.308200
vt 0.941500 0.308200
vt 0.941500 0.173300
vt 0.941500 0.162800
vt 0.923900 0.024400
vt 0.923900 0.017000
vt 0.917300 0.017000
vt 0.926700 0.017000
vt 0.926700 0.024400
vt 0.941500 0.017000
vt 0.941500 0.032400
vt 0.926700 0.032400
vt 0.941500 0.041000
vt 0.941500 0.050300
vt 0.941500 0.061400
vt 0.941500 0.088100
vt 0.941500 0.111700
vt 0.941500 0.135300
vt 0.897100 0.024400
vt 0.876400 0.017000
vt 0.897100 0.017000
vt 0.975200 0.485600
vt 0.995200 0.419400
vt 0.995200 0.485600
vt 0.975200 0.409800
vt 0.949400 0.485600
vt 0.949400 0.419400
vt 0.949400 0.381800
vt 0.975200 0.381800
vt 0.975200 0.367100
vt 0.949400 0.352600
vt 0.995200 0.381800
vt 0.995200 0.367100
vt 0.995200 0.352600
vt 0.975200 0.338400
vt 0.949400 0.324600
vt 0.975200 0.310800
vt 0.949400 0.296600
vt 0.975200 0.282100
vt 0.949400 0.267400
vt 0.995200 0.338400
vt 0.995200 0.324600
vt 0.995200 0.310800
vt 0.995200 0.296600
vt 0.995200 0.282100
vt 0.975200 0.267400
vt 0.975200 0.239400
vt 0.949400 0.229800
vt 0.949400 0.163600
vt 0.975200 0.163600
vt 0.995200 0.229800
vt 0.995200 0.163600
vt 0.995200 0.267400
vt 0.714500 0.722200
vt 0.697700 0.738200
vt 0.697700 0.722200
vt 0.714500 0.738200
vt 0.740300 0.722200
vt 0.740300 0.738200
vt 0.744700 0.722200
vt 0.744700 0.738200
vt 0.744700 0.754800
vt 0.697700 0.754800
vt 0.714500 0.754800
vt 0.740300 0.754800
vt 0.744700 0.771800
vt 0.740300 0.771800
vt 0.744700 0.789000
vt 0.697700 0.771800
vt 0.714500 0.771800
vt 0.714500 0.789000
vt 0.740300 0.789000
vt 0.740300 0.806200
vt 0.744700 0.806200
vt 0.744700 0.823400
vt 0.697700 0.789000
vt 0.697700 0.806200
vt 0.714500 0.806200
vt 0.714500 0.823400
vt 0.740300 0.823400
vt 0.740300 0.840700
vt 0.744700 0.840700
vt 0.744700 0.857900
vt 0.697700 0.823400
vt 0.697700 0.840700
vt 0.714500 0.840700
vt 0.714500 0.857900
vt 0.740300 0.857900
vt 0.744700 0.875200
vt 0.740300 0.875200
vt 0.740300 0.892500
vt 0.744700 0.892500
vt 0.697700 0.857900
vt 0.697700 0.875200
vt 0.714500 0.875200
vt 0.714500 0.892500
vt 0.714500 0.909800
vt 0.740300 0.909800
vt 0.744700 0.909800
vt 0.697700 0.892500
vt 0.697700 0.909800
vt 0.697700 0.927100
vt 0.714500 0.927100
vt 0.740300 0.927100
vt 0.744700 0.927100
vt 0.744700 0.944300
vt 0.740300 0.944300
vt 0.740300 0.961500
vt 0.744700 0.961500
vt 0.697700 0.944300
vt 0.714500 0.944300
vt 0.714500 0.961500
vt 0.714500 0.978400
vt 0.740300 0.978400
vt 0.744700 0.978400
vt 0.697700 0.961500
vt 0.697700 0.978400
vt 0.697700 0.995100
vt 0.714500 0.995100
vt 0.740300 0.995100
vt 0.744700 0.995100
vt 0.423700 0.382900
vt 0.419100 0.402100
vt 0.408900 0.400300
vt 0.429300 0.389700
vt 0.437600 0.392800
vt 0.452700 0.404200
vt 0.446300 0.391400
vt 0.453100 0.385700
vt 0.187900 0.178000
vt 0.195700 0.186300
vt 0.187900 0.186300
vt 0.195700 0.178000
vt 0.195700 0.169600
vt 0.187900 0.161400
vt 0.195700 0.161400
vt 0.187900 0.152300
vt 0.202700 0.186300
vt 0.202700 0.178000
vt 0.202700 0.169600
vt 0.202700 0.161400
vt 0.202700 0.152300
vt 0.195700 0.152300
vt 0.195700 0.143800
vt 0.187900 0.135300
vt 0.195700 0.135300
vt 0.187900 0.126700
vt 0.241500 0.143800
vt 0.241500 0.135300
vt 0.241500 0.126700
vt 0.195700 0.126700
vt 0.195700 0.118200
vt 0.187900 0.109700
vt 0.241500 0.152300
vt 0.229500 0.157600
vt 0.241500 0.156400
vt 0.212600 0.167100
vt 0.206800 0.172000
vt 0.241500 0.118200
vt 0.195700 0.109700
vt 0.195700 0.101300
vt 0.187900 0.092900
vt 0.195700 0.092900
vt 0.187900 0.084700
vt 0.195700 0.084700
vt 0.202700 0.084700
vt 0.241500 0.109700
vt 0.241500 0.101300
vt 0.241500 0.092900
vt 0.241500 0.084700
vt 0.867000 0.575500
vt 0.867000 0.588200
vt 0.867000 0.550300
vt 0.859700 0.525300
vt 0.867000 0.537900
vt 0.867000 0.525300
vt 0.867000 0.501100
vt 0.867000 0.476700
vt 0.867000 0.452600
vt 0.867000 0.428600
vt 0.867000 0.404600
vt 0.867000 0.380300
vt 0.867000 0.356300
vt 0.867000 0.331300
vt 0.867000 0.306300
vt 0.867000 0.293600
vt 0.855800 0.525300
vt 0.855800 0.501100
vt 0.804700 0.616700
vt 0.795000 0.600300
vt 0.804700 0.600300
vt 0.795000 0.633200
vt 0.804700 0.649700
vt 0.795000 0.666200
vt 0.804700 0.682700
vt 0.804700 0.715700
vt 0.454100 0.359000
vt 0.447900 0.369700
vt 0.435600 0.369700
vt 0.447900 0.348300
vt 0.441800 0.346700
vt 0.435600 0.348300
vt 0.429400 0.359000
vt 0.795000 0.699200
vt 0.795000 0.732100
vt 0.804700 0.748600
vt 0.795000 0.765000
vt 0.804700 0.781400
vt 0.795000 0.797700
vt 0.804700 0.797700
vt 0.795000 0.830600
vt 0.804700 0.830600
vt 0.795000 0.847100
vt 0.804700 0.863600
vt 0.795000 0.880400
vt 0.804700 0.897200
vt 0.795000 0.913500
vt 0.804700 0.913500
vt 0.795000 0.930100
vt 0.804700 0.946500
vt 0.795000 0.963200
vt 0.804700 0.963200
vt 0.804700 0.995200
vt 0.795000 0.995200
vt 0.887900 0.601300
vt 0.887900 0.633200
vt 0.897600 0.601300
vt 0.897600 0.633200
vt 0.887900 0.649900
vt 0.897600 0.666300
vt 0.897600 0.682900
vt 0.887900 0.682900
vt 0.887900 0.699300
vt 0.897600 0.716100
vt 0.887900 0.733000
vt 0.897600 0.733000
vt 0.897600 0.765900
vt 0.887900 0.765900
vt 0.897600 0.782400
vt 0.887900 0.798900
vt 0.897600 0.815300
vt 0.887900 0.815300
vt 0.887900 0.831700
vt 0.897600 0.831700
vt 0.887900 0.864700
vt 0.897600 0.864700
vt 0.887900 0.897700
vt 0.897600 0.881200
vt 0.897600 0.914200
vt 0.887900 0.914200
vt 0.887900 0.930600
vt 0.897600 0.930600
vt 0.897600 0.963600
vt 0.887900 0.963600
vt 0.897600 0.996400
vt 0.887900 0.996400
vt 0.301300 0.354500
vt 0.307300 0.343100
vt 0.305800 0.349600
vt 0.300500 0.332200
vt 0.294000 0.330700
vt 0.283100 0.337500
vt 0.281600 0.344100
vt 0.288400 0.355000
vt 0.515900 0.943500
vt 0.513800 0.985600
vt 0.491100 0.971700
vt 0.560800 0.932100
vt 0.568500 0.890000
vt 0.522400 0.899700
vt 0.495400 0.925100
vt 0.468100 0.951200
vt 0.468400 0.897600
vt 0.439800 0.918900
vt 0.611500 0.876700
vt 0.592500 0.861000
vt 0.612900 0.830900
vt 0.651800 0.806400
vt 0.635100 0.795900
vt 0.682300 0.730200
vt 0.680400 0.643800
vt 0.701000 0.645200
vt 0.694900 0.469600
vt 0.715800 0.471800
vt 0.694100 0.446700
vt 0.716500 0.427800
vt 0.692600 0.424200
vt 0.714700 0.375800
vt 0.692000 0.374600
vt 0.693000 0.345400
vt 0.717100 0.319500
vt 0.700200 0.293400
vt 0.705500 0.275500
vt 0.650200 0.279100
vt 0.641100 0.347400
vt 0.726300 0.282900
vt 0.655500 0.261300
vt 0.630900 0.271800
vt 0.618300 0.315300
vt 0.628300 0.331900
vt 0.634000 0.348300
vt 0.636600 0.364800
vt 0.645200 0.384200
vt 0.637400 0.255500
vt 0.610500 0.262900
vt 0.603200 0.277600
vt 0.593900 0.294300
vt 0.580600 0.309400
vt 0.600800 0.315400
vt 0.616600 0.320700
vt 0.617000 0.247700
vt 0.602100 0.241200
vt 0.586800 0.247600
vt 0.580400 0.271000
vt 0.565500 0.295600
vt 0.566300 0.319900
vt 0.583300 0.315500
vt 0.592400 0.237000
vt 0.576700 0.269600
vt 0.562700 0.292500
vt 0.540900 0.323200
vt 0.550600 0.328600
vt 0.536500 0.339900
vt 0.517900 0.349700
vt 0.524500 0.353200
vt 0.515200 0.368500
vt 0.547600 0.307500
vt 0.536700 0.320200
vt 0.525200 0.333000
vt 0.513900 0.346300
vt 0.495800 0.380700
vt 0.509000 0.385300
vt 0.522500 0.312100
vt 0.510400 0.309400
vt 0.488400 0.312400
vt 0.485000 0.317500
vt 0.479300 0.320000
vt 0.475300 0.336600
vt 0.481400 0.356100
vt 0.491100 0.378000
vt 0.500500 0.303500
vt 0.488900 0.306100
vt 0.486100 0.300300
vt 0.491200 0.295900
vt 0.482200 0.376800
vt 0.477200 0.397500
vt 0.470000 0.417400
vt 0.493700 0.407300
vt 0.506400 0.402400
vt 0.508500 0.419600
vt 0.506900 0.442600
vt 0.514200 0.435500
vt 0.467200 0.413900
vt 0.455500 0.431500
vt 0.458500 0.434800
vt 0.443200 0.448300
vt 0.446800 0.451300
vt 0.483000 0.477400
vt 0.520800 0.456100
vt 0.525000 0.447200
vt 0.434300 0.467100
vt 0.453300 0.511600
vt 0.485500 0.509600
vt 0.501400 0.488200
vt 0.558500 0.467900
vt 0.539300 0.453100
vt 0.429900 0.463700
vt 0.416700 0.479000
vt 0.420600 0.483300
vt 0.441500 0.524500
vt 0.473200 0.528700
vt 0.488200 0.521400
vt 0.502500 0.518500
vt 0.519000 0.513600
vt 0.401800 0.492200
vt 0.384500 0.528600
vt 0.405100 0.561100
vt 0.426400 0.560000
vt 0.456400 0.537300
vt 0.373900 0.517700
vt 0.374100 0.547000
vt 0.385000 0.563600
vt 0.407500 0.575400
vt 0.383100 0.500100
vt 0.364200 0.507700
vt 0.354500 0.517700
vt 0.354200 0.547000
vt 0.364000 0.582500
vt 0.384600 0.582000
vt 0.383900 0.596900
vt 0.364200 0.501300
vt 0.345200 0.500200
vt 0.326600 0.492600
vt 0.343900 0.528800
vt 0.343200 0.563600
vt 0.343500 0.581900
vt 0.354000 0.595700
vt 0.373800 0.595800
vt 0.376500 0.622000
vt 0.382500 0.608600
vt 0.308000 0.483700
vt 0.286800 0.524700
vt 0.323100 0.561100
vt 0.320600 0.575300
vt 0.344000 0.596700
vt 0.311900 0.479500
vt 0.294600 0.467600
vt 0.275000 0.511700
vt 0.255000 0.528600
vt 0.271900 0.537400
vt 0.301800 0.560100
vt 0.299100 0.464200
vt 0.286200 0.448800
vt 0.282500 0.451700
vt 0.245900 0.477200
vt 0.242900 0.509300
vt 0.240000 0.521000
vt 0.225700 0.517900
vt 0.209200 0.512500
vt 0.211100 0.519400
vt 0.271300 0.435200
vt 0.222800 0.441800
vt 0.208700 0.455000
vt 0.227400 0.487500
vt 0.274400 0.432000
vt 0.260400 0.417700
vt 0.237100 0.406800
vt 0.221900 0.418600
vt 0.215700 0.434400
vt 0.204700 0.446000
vt 0.263300 0.414300
vt 0.254100 0.397900
vt 0.236500 0.380200
vt 0.223100 0.384100
vt 0.224700 0.401400
vt 0.241400 0.377700
vt 0.220600 0.345000
vt 0.216400 0.348300
vt 0.218000 0.367000
vt 0.250300 0.377000
vt 0.252500 0.356500
vt 0.259600 0.337300
vt 0.256400 0.320500
vt 0.250800 0.317700
vt 0.209900 0.331300
vt 0.194500 0.321200
vt 0.198400 0.337800
vt 0.209700 0.351400
vt 0.262900 0.320300
vt 0.268300 0.316800
vt 0.272000 0.320200
vt 0.184700 0.326400
vt 0.169200 0.317600
vt 0.170600 0.293400
vt 0.155100 0.306800
vt 0.152200 0.312900
vt 0.134500 0.312200
vt 0.116900 0.311500
vt 0.118400 0.316900
vt 0.106300 0.327900
vt 0.173500 0.290500
vt 0.162300 0.280500
vt 0.117500 0.297500
vt 0.097600 0.310700
vt 0.092900 0.343100
vt 0.100000 0.344200
vt 0.096800 0.360800
vt 0.188200 0.305500
vt 0.198800 0.318300
vt 0.213400 0.310600
vt 0.225700 0.308300
vt 0.247600 0.312400
vt 0.235900 0.302900
vt 0.247400 0.306000
vt 0.250400 0.300300
vt 0.245500 0.295700
vt 0.161300 0.267200
vt 0.150100 0.277900
vt 0.117100 0.287900
vt 0.106100 0.290500
vt 0.148100 0.270000
vt 0.143800 0.249100
vt 0.154700 0.244100
vt 0.151200 0.232600
vt 0.140800 0.234900
vt 0.103400 0.267500
vt 0.085400 0.274300
vt 0.039200 0.308800
vt 0.041000 0.368800
vt 0.087300 0.380000
vt 0.098800 0.378700
vt 0.080300 0.256400
vt 0.030200 0.269400
vt 0.017600 0.313000
vt 0.018300 0.369300
vt 0.038400 0.418500
vt 0.098000 0.250700
vt 0.109700 0.245500
vt 0.126100 0.280200
vt 0.009300 0.276300
vt 0.014500 0.421300
vt 0.036100 0.441000
vt 0.013700 0.465600
vt 0.034600 0.464000
vt 0.045100 0.638800
vt 0.024500 0.639900
vt 0.042000 0.725400
vt 0.088400 0.791700
vt 0.071500 0.802000
vt 0.110100 0.827100
vt 0.111000 0.872900
vt 0.130100 0.857500
vt 0.153800 0.886800
vt 0.160900 0.928900
vt 0.205700 0.940900
vt 0.199800 0.897000
vt 0.173200 0.870800
vt 0.149500 0.844000
vt 0.127300 0.815300
vt 0.207300 0.983100
vt 0.230100 0.969400
vt 0.104000 0.395300
vt 0.090600 0.399500
vt 0.099800 0.422700
vt 0.112200 0.412400
vt 0.116100 0.437300
vt 0.124500 0.426900
vt 0.131800 0.449200
vt 0.139000 0.437900
vt 0.068000 0.420500
vt 0.085300 0.475700
vt 0.140400 0.495300
vt 0.170900 0.466100
vt 0.155400 0.445700
vt 0.057600 0.470000
vt 0.077100 0.553800
vt 0.151900 0.556700
vt 0.172600 0.538700
vt 0.195200 0.518600
vt 0.056100 0.595900
vt 0.065900 0.636300
vt 0.133500 0.583500
vt 0.168600 0.558000
vt 0.177100 0.543200
vt 0.197800 0.523700
vt 0.106600 0.783700
vt 0.170700 0.666900
vt 0.146900 0.640500
vt 0.161300 0.620100
vt 0.159900 0.590500
vt 0.151800 0.799000
vt 0.172600 0.779000
vt 0.187300 0.676700
vt 0.191000 0.667500
vt 0.183200 0.656600
vt 0.168700 0.643000
vt 0.175700 0.823400
vt 0.199100 0.799900
vt 0.219100 0.775400
vt 0.232100 0.722600
vt 0.211500 0.674400
vt 0.203900 0.660600
vt 0.199600 0.847700
vt 0.224500 0.821900
vt 0.246500 0.795100
vt 0.259400 0.762500
vt 0.264700 0.731200
vt 0.248800 0.665900
vt 0.215300 0.658500
vt 0.224600 0.872200
vt 0.250100 0.844000
vt 0.273500 0.810800
vt 0.289000 0.774300
vt 0.273200 0.665100
vt 0.247100 0.658600
vt 0.242700 0.654100
vt 0.226400 0.922800
vt 0.253800 0.895600
vt 0.277000 0.863600
vt 0.328700 0.841100
vt 0.345100 0.794100
vt 0.341200 0.658800
vt 0.253400 0.949300
vt 0.282200 0.917400
vt 0.308100 0.880300
vt 0.362700 0.680600
vt 0.384600 0.659400
vt 0.363200 0.636800
vt 0.342600 0.638000
vt 0.326500 0.646500
vt 0.290500 0.654800
vt 0.397500 0.683300
vt 0.452300 0.666800
vt 0.435100 0.656300
vt 0.399500 0.647500
vt 0.383700 0.638500
vt 0.378500 0.794700
vt 0.406000 0.786000
vt 0.464600 0.764300
vt 0.476600 0.668000
vt 0.482900 0.656300
vt 0.436900 0.648200
vt 0.412300 0.645100
vt 0.423100 0.828300
vt 0.449800 0.812500
vt 0.498600 0.824300
vt 0.524300 0.802600
vt 0.514500 0.670900
vt 0.510100 0.661100
vt 0.394200 0.842000
vt 0.414300 0.881500
vt 0.445600 0.865200
vt 0.472700 0.846000
vt 0.523200 0.850300
vt 0.547400 0.826400
vt 0.571600 0.802300
vt 0.497900 0.874500
vt 0.549300 0.873800
vt 0.573300 0.847300
vt 0.595900 0.818900
vt 0.617000 0.787600
vt 0.554500 0.669800
vt 0.521400 0.663300
vt 0.632500 0.713000
vt 0.659700 0.640800
vt 0.578600 0.643600
vt 0.550300 0.653900
vt 0.532100 0.662700
vt 0.671800 0.475000
vt 0.614100 0.440600
vt 0.588200 0.498000
vt 0.592900 0.586600
vt 0.564500 0.622900
vt 0.662900 0.425200
vt 0.631000 0.426400
vt 0.618900 0.415700
vt 0.606100 0.429900
vt 0.598100 0.452000
vt 0.641100 0.403600
vt 0.627900 0.398900
vt 0.633700 0.382500
vt 0.591200 0.440500
vt 0.574500 0.447900
vt 0.532900 0.520000
vt 0.554900 0.540800
vt 0.556900 0.452800
vt 0.530200 0.525000
vt 0.550300 0.545200
vt 0.558500 0.560100
vt 0.566400 0.593100
vt 0.516900 0.520300
vt 0.401600 0.642800
vt 0.392900 0.638700
vt 0.386700 0.629600
vt 0.350500 0.621700
vt 0.340000 0.629000
vt 0.333400 0.637900
vt 0.324500 0.641800
vt 0.313700 0.643900
vt 0.288900 0.646700
vt 0.265800 0.649800
vt 0.345000 0.608200
vt 0.172800 0.450900
vt 0.190300 0.451600
vt 0.473000 0.319400
vt 0.467700 0.315700
vt 0.463900 0.318900
vt 0.650200 0.874600
vt 0.632300 0.880200
vt 0.632300 0.874600
vt 0.650200 0.880200
vt 0.632300 0.885700
vt 0.650200 0.885700
vt 0.656200 0.880200
vt 0.656200 0.874600
vt 0.665100 0.874600
vt 0.665100 0.880200
vt 0.665100 0.885700
vt 0.659100 0.891200
vt 0.665100 0.891200
vt 0.665100 0.896700
vt 0.653200 0.896700
vt 0.653200 0.902200
vt 0.665100 0.902200
vt 0.650200 0.891200
vt 0.632300 0.896700
vt 0.632300 0.902200
vt 0.632300 0.907700
vt 0.656200 0.907700
vt 0.665100 0.907700
vt 0.632300 0.891200
vt 0.650200 0.918800
vt 0.632300 0.918800
vt 0.650200 0.913300
vt 0.632300 0.913300
vt 0.659100 0.913300
vt 0.665100 0.913300
vt 0.656200 0.918800
vt 0.665100 0.918800
vt 0.690000 0.216300
vt 0.666800 0.216300
vt 0.666800 0.210800
vt 0.684200 0.210800
vt 0.695800 0.210800
vt 0.701600 0.216300
vt 0.701600 0.210800
vt 0.721900 0.210800
vt 0.721900 0.216300
vt 0.707400 0.221900
vt 0.721900 0.221900
vt 0.695800 0.221900
vt 0.684200 0.221900
vt 0.666800 0.221900
vt 0.666800 0.227400
vt 0.684200 0.227400
vt 0.701600 0.227400
vt 0.721900 0.227400
vt 0.690000 0.232900
vt 0.701600 0.232900
vt 0.721900 0.232900
vt 0.701600 0.238400
vt 0.721900 0.238400
vt 0.701600 0.243900
vt 0.721900 0.243900
vt 0.701600 0.249400
vt 0.721900 0.249400
vt 0.690000 0.238400
vt 0.695800 0.243900
vt 0.690000 0.249400
vt 0.695800 0.255000
vt 0.701600 0.255000
vt 0.721900 0.255000
vt 0.666800 0.232900
vt 0.666800 0.238400
vt 0.684200 0.255000
vt 0.684200 0.249400
vt 0.666800 0.255000
vt 0.666800 0.249400
vt 0.684200 0.243900
vt 0.666800 0.243900
vt 0.197400 0.419000
vt 0.206600 0.416000
vt 0.206600 0.419000
vt 0.197400 0.416000
vt 0.188200 0.419000
vt 0.188200 0.416000
vt 0.179000 0.419000
vt 0.179000 0.416000
vt 0.169800 0.419000
vt 0.197400 0.372600
vt 0.188200 0.372600
vt 0.179000 0.372600
vt 0.169800 0.372600
vt 0.169800 0.416000
vt 0.160600 0.419000
vt 0.206600 0.372600
vt 0.160600 0.372600
vt 0.160600 0.416000
vt 0.151400 0.419000
vt 0.151400 0.416000
vt 0.142200 0.419000
vt 0.142200 0.416000
vt 0.133000 0.419000
vt 0.133000 0.416000
vt 0.151400 0.372600
vt 0.142200 0.372600
vt 0.133000 0.372600
vt 0.944000 0.687800
vt 0.950300 0.706000
vt 0.944000 0.706000
vt 0.944000 0.733400
vt 0.950300 0.724200
vt 0.950300 0.742500
vt 0.956700 0.733400
vt 0.956700 0.715100
vt 0.956700 0.696900
vt 0.950300 0.687800
vt 0.944000 0.678600
vt 0.944000 0.760700
vt 0.950300 0.769800
vt 0.956700 0.751600
vt 0.963000 0.742500
vt 0.963000 0.724200
vt 0.963000 0.706000
vt 0.944000 0.779000
vt 0.950300 0.788100
vt 0.956700 0.788100
vt 0.956700 0.769800
vt 0.963000 0.760700
vt 0.969300 0.760700
vt 0.969300 0.742500
vt 0.944000 0.797200
vt 0.950300 0.806300
vt 0.956700 0.806300
vt 0.963000 0.797200
vt 0.963000 0.779000
vt 0.969300 0.779000
vt 0.944000 0.815400
vt 0.950300 0.824600
vt 0.956700 0.833700
vt 0.963000 0.815400
vt 0.969300 0.815400
vt 0.969300 0.797200
vt 0.944000 0.833700
vt 0.950300 0.842800
vt 0.956700 0.851900
vt 0.963000 0.851900
vt 0.963000 0.833700
vt 0.969300 0.833700
vt 0.944000 0.842800
vt 0.950300 0.861000
vt 0.956700 0.888400
vt 0.963000 0.897500
vt 0.969300 0.888400
vt 0.969300 0.861000
vt 0.944000 0.879300
vt 0.950300 0.888400
vt 0.956700 0.906600
vt 0.963000 0.915800
vt 0.969300 0.906600
vt 0.975600 0.897500
vt 0.975600 0.879300
vt 0.944000 0.906600
vt 0.950300 0.906600
vt 0.956700 0.934000
vt 0.963000 0.934000
vt 0.969300 0.934000
vt 0.975600 0.934000
vt 0.975600 0.915800
vt 0.944000 0.924900
vt 0.950300 0.934000
vt 0.956700 0.952200
vt 0.963000 0.952200
vt 0.969300 0.952200
vt 0.975600 0.952200
vt 0.944000 0.943100
vt 0.950300 0.952200
vt 0.956700 0.970500
vt 0.963000 0.970500
vt 0.969300 0.983600
vt 0.975600 0.983600
vt 0.944000 0.970500
vt 0.950300 0.979600
vt 0.944000 0.979600
vt 0.950300 0.995900
vt 0.944000 0.995900
vt 0.956700 0.983600
vt 0.956700 0.995900
vt 0.975600 0.833700
vt 0.975600 0.815400
vt 0.975600 0.797200
vt 0.975600 0.779000
vt 0.981900 0.824600
vt 0.981900 0.806300
vt 0.981900 0.788100
vt 0.981900 0.769800
vt 0.975600 0.760700
vt 0.988300 0.815400
vt 0.988300 0.797200
vt 0.988300 0.779000
vt 0.988300 0.760700
vt 0.981900 0.751600
vt 0.975600 0.742500
vt 0.988300 0.833700
vt 0.994600 0.815400
vt 0.994600 0.797200
vt 0.994600 0.779000
vt 0.981900 0.842800
vt 0.988300 0.851900
vt 0.994600 0.842800
vt 0.994600 0.833700
vt 0.981900 0.897500
vt 0.988300 0.888400
vt 0.994600 0.879300
vt 0.981900 0.915800
vt 0.988300 0.906600
vt 0.994600 0.906600
vt 0.981900 0.934000
vt 0.988300 0.934000
vt 0.994600 0.924900
vt 0.981900 0.952200
vt 0.988300 0.952200
vt 0.994600 0.943100
vt 0.981900 0.983600
vt 0.988300 0.970500
vt 0.994600 0.970500
vt 0.981900 0.995900
vt 0.988300 0.995900
vt 0.988300 0.983600
vt 0.994600 0.979600
vt 0.975600 0.995900
vt 0.969300 0.995900
vt 0.963000 0.983600
vt 0.963000 0.995900
vt 0.994600 0.995900
vt 0.994600 0.760700
vt 0.994600 0.733400
vt 0.988300 0.733400
vt 0.981900 0.724200
vt 0.975600 0.715100
vt 0.981900 0.706000
vt 0.988300 0.715100
vt 0.988300 0.687800
vt 0.981900 0.678600
vt 0.975600 0.696900
vt 0.994600 0.706000
vt 0.994600 0.687800
vt 0.994600 0.678600
vt 0.988300 0.669500
vt 0.981900 0.660400
vt 0.975600 0.669500
vt 0.994600 0.660400
vt 0.988300 0.651300
vt 0.981900 0.642200
vt 0.975600 0.651300
vt 0.994600 0.642200
vt 0.988300 0.623900
vt 0.981900 0.614800
vt 0.975600 0.633000
vt 0.969300 0.633000
vt 0.969300 0.651300
vt 0.994600 0.623900
vt 0.994600 0.605700
vt 0.988300 0.596600
vt 0.981900 0.596600
vt 0.994600 0.587400
vt 0.988300 0.578300
vt 0.981900 0.569200
vt 0.975600 0.578300
vt 0.975600 0.605700
vt 0.994600 0.569200
vt 0.988300 0.560100
vt 0.981900 0.551000
vt 0.975600 0.560100
vt 0.969300 0.560100
vt 0.969300 0.578300
vt 0.969300 0.605700
vt 0.994600 0.541800
vt 0.988300 0.541800
vt 0.981900 0.532700
vt 0.975600 0.541800
vt 0.969300 0.541800
vt 0.963000 0.541800
vt 0.963000 0.560100
vt 0.988300 0.510500
vt 0.981900 0.510500
vt 0.975600 0.510500
vt 0.969300 0.510500
vt 0.963000 0.510500
vt 0.994600 0.510500
vt 0.988300 0.498200
vt 0.981900 0.498200
vt 0.975600 0.498200
vt 0.969300 0.498200
vt 0.963000 0.498200
vt 0.994600 0.498200
vt 0.956700 0.498200
vt 0.956700 0.510500
vt 0.956700 0.541800
vt 0.956700 0.560100
vt 0.963000 0.578300
vt 0.950300 0.498200
vt 0.950300 0.510500
vt 0.950300 0.541800
vt 0.950300 0.560100
vt 0.956700 0.578300
vt 0.963000 0.605700
vt 0.944000 0.498200
vt 0.944000 0.510500
vt 0.944000 0.541800
vt 0.944000 0.569200
vt 0.950300 0.578300
vt 0.956700 0.605700
vt 0.963000 0.633000
vt 0.944000 0.587400
vt 0.950300 0.605700
vt 0.956700 0.623900
vt 0.956700 0.642200
vt 0.963000 0.651300
vt 0.944000 0.605700
vt 0.950300 0.623900
vt 0.950300 0.651300
vt 0.956700 0.660400
vt 0.963000 0.669500
vt 0.969300 0.669500
vt 0.944000 0.623900
vt 0.944000 0.642200
vt 0.944000 0.660400
vt 0.950300 0.669500
vt 0.956700 0.678600
vt 0.963000 0.687800
vt 0.969300 0.687800
vt 0.969300 0.706000
vt 0.969300 0.724200
vt 0.786500 0.293600
vt 0.779800 0.306300
vt 0.779800 0.293600
vt 0.786500 0.318900
vt 0.801800 0.293600
vt 0.801800 0.318900
vt 0.806900 0.318900
vt 0.806900 0.293600
vt 0.815600 0.318900
vt 0.815600 0.293600
vt 0.779800 0.331300
vt 0.786500 0.331300
vt 0.801800 0.356300
vt 0.806900 0.343700
vt 0.815600 0.343700
vt 0.786500 0.356300
vt 0.801800 0.380300
vt 0.806900 0.368400
vt 0.779800 0.356300
vt 0.786500 0.380300
vt 0.786500 0.392600
vt 0.801800 0.404600
vt 0.806900 0.392600
vt 0.779800 0.380300
vt 0.779800 0.404600
vt 0.786500 0.416700
vt 0.806900 0.416700
vt 0.779800 0.416700
vt 0.779800 0.428600
vt 0.786500 0.440600
vt 0.801800 0.440600
vt 0.806900 0.440600
vt 0.815600 0.416700
vt 0.815600 0.392600
vt 0.779800 0.440600
vt 0.779800 0.452600
vt 0.786500 0.464500
vt 0.806900 0.464500
vt 0.815600 0.464500
vt 0.815600 0.440600
vt 0.779800 0.464500
vt 0.779800 0.476700
vt 0.786500 0.488800
vt 0.801800 0.476700
vt 0.806900 0.488800
vt 0.801800 0.501100
vt 0.806900 0.513100
vt 0.801800 0.525300
vt 0.806900 0.537900
vt 0.779800 0.501100
vt 0.786500 0.501100
vt 0.779800 0.525300
vt 0.786500 0.525300
vt 0.786500 0.550300
vt 0.801800 0.562800
vt 0.806900 0.562800
vt 0.815600 0.537900
vt 0.779800 0.550300
vt 0.786500 0.562800
vt 0.801800 0.588200
vt 0.806900 0.588200
vt 0.815600 0.562800
vt 0.779800 0.575500
vt 0.786500 0.588200
vt 0.779800 0.588200
vt 0.815600 0.588200
vt 0.815600 0.513100
vt 0.815600 0.488800
vt 0.815600 0.368400
vt 0.823000 0.588200
vt 0.823000 0.562800
vt 0.823000 0.537900
vt 0.823000 0.513100
vt 0.823000 0.488800
vt 0.823000 0.464500
vt 0.823000 0.440600
vt 0.823000 0.416700
vt 0.823000 0.392600
vt 0.823000 0.368400
vt 0.823000 0.343700
vt 0.823000 0.318900
vt 0.823000 0.293600
vt 0.748100 0.738200
vt 0.748100 0.722200
vt 0.750700 0.722200
vt 0.748100 0.754800
vt 0.748100 0.771800
vt 0.748100 0.789000
vt 0.748100 0.806200
vt 0.748100 0.823400
vt 0.748100 0.840700
vt 0.748100 0.857900
vt 0.748100 0.875200
vt 0.750700 0.857900
vt 0.750700 0.840700
vt 0.755400 0.840700
vt 0.750700 0.823400
vt 0.755400 0.823400
vt 0.750700 0.806200
vt 0.748100 0.892500
vt 0.748100 0.909800
vt 0.748100 0.927100
vt 0.750700 0.927100
vt 0.748100 0.944300
vt 0.750700 0.944300
vt 0.748100 0.961500
vt 0.750700 0.961500
vt 0.750700 0.978400
vt 0.748100 0.978400
vt 0.748100 0.995100
vt 0.750700 0.995100
vt 0.755400 0.722200
vt 0.750700 0.738200
vt 0.755400 0.738200
vt 0.783500 0.722200
vt 0.783500 0.738200
vt 0.755400 0.754800
vt 0.783500 0.754800
vt 0.755400 0.771800
vt 0.783500 0.771800
vt 0.750700 0.754800
vt 0.750700 0.771800
vt 0.750700 0.789000
vt 0.755400 0.789000
vt 0.783500 0.789000
vt 0.783500 0.806200
vt 0.755400 0.806200
vt 0.783500 0.823400
vt 0.783500 0.840700
vt 0.755400 0.857900
vt 0.783500 0.857900
vt 0.755400 0.875200
vt 0.783500 0.875200
vt 0.783500 0.892500
vt 0.750700 0.875200
vt 0.750700 0.892500
vt 0.755400 0.892500
vt 0.755400 0.909800
vt 0.783500 0.909800
vt 0.783500 0.927100
vt 0.755400 0.927100
vt 0.783500 0.944300
vt 0.750700 0.909800
vt 0.755400 0.961500
vt 0.783500 0.961500
vt 0.755400 0.978400
vt 0.783500 0.978400
vt 0.755400 0.995100
vt 0.783500 0.995100
vt 0.832300 0.616700
vt 0.835200 0.600300
vt 0.831000 0.633200
vt 0.831300 0.649700
vt 0.832100 0.666200
vt 0.833000 0.682700
vt 0.832900 0.699200
vt 0.833400 0.715700
vt 0.834700 0.732100
vt 0.837700 0.748600
vt 0.840700 0.765000
vt 0.843100 0.781400
vt 0.841200 0.797700
vt 0.836100 0.814200
vt 0.830400 0.830600
vt 0.826500 0.847100
vt 0.824100 0.863600
vt 0.823800 0.880400
vt 0.826600 0.897200
vt 0.830800 0.913500
vt 0.836300 0.930100
vt 0.840000 0.946500
vt 0.842500 0.963200
vt 0.839300 0.979400
vt 0.832500 0.995200
vt 0.861900 0.980100
vt 0.859300 0.996400
vt 0.862800 0.963600
vt 0.862100 0.947100
vt 0.860900 0.930600
vt 0.859600 0.914200
vt 0.859400 0.897700
vt 0.858700 0.881200
vt 0.857100 0.864700
vt 0.854000 0.848200
vt 0.850800 0.831700
vt 0.848500 0.815300
vt 0.850400 0.798900
vt 0.855500 0.782400
vt 0.861400 0.765900
vt 0.865600 0.749500
vt 0.868200 0.733000
vt 0.868700 0.716100
vt 0.866100 0.699300
vt 0.862100 0.682900
vt 0.856700 0.666300
vt 0.853200 0.649900
vt 0.850800 0.633200
vt 0.854000 0.617000
vt 0.860900 0.601300
vt 0.583000 0.369600
vt 0.599900 0.365400
vt 0.600400 0.358700
vt 1.562000 0.402000
vt 1.550200 0.422100
vt 1.549800 0.396800
vt 1.537700 0.402500
vt 1.530200 0.421400
vt 1.531400 0.432600
vt 1.550400 0.433100
vt 1.569400 0.432000
vt 1.570200 0.420700
vt 0.563900 0.355700
vt 0.582800 0.353900
vt 0.601900 0.355400
vt 0.601900 0.336600
vt 0.563500 0.336900
vt 0.401800 0.896700
vt 0.378000 0.890900
vt 0.385500 0.879200
vt 0.360700 0.871800
vt 0.343200 0.890800
vt 0.360400 0.919100
vt 0.393500 0.919700
vt 0.408600 0.927100
vt 0.405700 0.932000
vt 0.409100 0.988400
vt 0.399400 0.990700
vt 0.335800 0.878900
vt 0.319300 0.896300
vt 0.327400 0.919300
vt 0.343700 0.947700
vt 0.376900 0.947900
vt 0.373200 0.965100
vt 0.347300 0.965000
vt 0.320800 0.990300
vt 0.312200 0.926700
vt 0.315000 0.931600
vt 0.311200 0.987900
vt 0.907900 0.975600
vt 0.907900 0.996400
vt 0.903200 0.996400
vt 0.903200 0.975600
vt 0.903200 0.954900
vt 0.907900 0.954900
vt 0.907900 0.934100
vt 0.903200 0.934100
vt 0.903200 0.913200
vt 0.932400 0.975600
vt 0.932400 0.954900
vt 0.932400 0.934100
vt 0.932400 0.913200
vt 0.907900 0.913200
vt 0.907900 0.892800
vt 0.903200 0.892800
vt 0.932400 0.996400
vt 0.937600 0.996400
vt 0.937600 0.975600
vt 0.937600 0.954900
vt 0.937600 0.934100
vt 0.937600 0.913200
vt 0.932400 0.892800
vt 0.937600 0.892800
vt 0.937600 0.871900
vt 0.932400 0.871900
vt 0.903200 0.871900
vt 0.937600 0.851100
vt 0.932400 0.851100
vt 0.907900 0.851100
vt 0.903200 0.851100
vt 0.907900 0.830300
vt 0.903200 0.830300
vt 0.903200 0.809400
vt 0.932400 0.830300
vt 0.907900 0.809400
vt 0.907900 0.788500
vt 0.903200 0.788500
vt 0.903200 0.767500
vt 0.907900 0.767500
vt 0.903200 0.746900
vt 0.937600 0.830300
vt 0.932400 0.809400
vt 0.932400 0.788500
vt 0.932400 0.767500
vt 0.907900 0.746900
vt 0.907900 0.726300
vt 0.903200 0.726300
vt 0.937600 0.809400
vt 0.937600 0.788500
vt 0.937600 0.767500
vt 0.937600 0.746900
vt 0.932400 0.746900
vt 0.932400 0.726300
vt 0.907900 0.705300
vt 0.903200 0.705300
vt 0.903200 0.684400
vt 0.937600 0.726300
vt 0.937600 0.705300
vt 0.932400 0.705300
vt 0.907900 0.684400
vt 0.907900 0.663500
vt 0.903200 0.663500
vt 0.903200 0.642700
vt 0.907900 0.642700
vt 0.903200 0.621900
vt 0.932400 0.684400
vt 0.932400 0.663500
vt 0.932400 0.642700
vt 0.932400 0.621900
vt 0.907900 0.601000
vt 0.903200 0.601000
vt 0.903200 0.580600
vt 0.937600 0.684400
vt 0.937600 0.663500
vt 0.937600 0.642700
vt 0.937600 0.621900
vt 0.932400 0.601000
vt 0.932400 0.580600
vt 0.907900 0.580600
vt 0.907900 0.559700
vt 0.903200 0.559700
vt 0.903200 0.538900
vt 0.937600 0.601000
vt 0.937600 0.580600
vt 0.937600 0.559700
vt 0.932400 0.559700
vt 0.932400 0.538900
vt 0.907900 0.538900
vt 0.907900 0.518200
vt 0.903200 0.518200
vt 0.903200 0.497400
vt 0.907900 0.497400
vt 0.937600 0.538900
vt 0.937600 0.518200
vt 0.932400 0.518200
vt 0.937600 0.497400
vt 0.932400 0.497400
vt 0.477900 0.626200
vt 0.494100 0.593300
vt 0.491700 0.629900
vt 0.505900 0.628000
vt 0.518300 0.620900
vt 0.527000 0.609500
vt 0.530700 0.595700
vt 0.528900 0.581500
vt 0.521700 0.569100
vt 0.510400 0.560400
vt 0.496500 0.556700
vt 0.482300 0.558600
vt 0.470000 0.565700
vt 0.461200 0.577100
vt 0.457500 0.590900
vt 0.459400 0.605100
vt 0.466600 0.617500
vt 0.263400 0.548300
vt 0.232400 0.605100
vt 0.236700 0.536400
vt 0.207700 0.539400
vt 0.184000 0.556400
vt 0.172000 0.583100
vt 0.175000 0.612200
vt 0.192100 0.635900
vt 0.218800 0.647800
vt 0.233600 0.648200
vt 0.260800 0.637800
vt 0.279300 0.615100
vt 0.283500 0.601000
vt 0.280500 0.572000
vt 0.537900 0.629500
vt 0.537800 0.613200
vt 0.550400 0.603100
vt 0.542300 0.595200
vt 0.548300 0.574000
vt 0.539800 0.576900
vt 0.530600 0.560900
vt 0.532000 0.549800
vt 0.515800 0.549800
vt 0.505600 0.537300
vt 0.498000 0.545500
vt 0.490800 0.536800
vt 0.479900 0.549000
vt 0.463700 0.547600
vt 0.464200 0.558800
vt 0.452900 0.557500
vt 0.453000 0.573700
vt 0.440200 0.583700
vt 0.448300 0.591500
vt 0.439300 0.598400
vt 0.450700 0.609800
vt 0.448800 0.625900
vt 0.460000 0.625700
vt 0.458700 0.636900
vt 0.474900 0.636600
vt 0.485100 0.649200
vt 0.492800 0.640800
vt 0.499800 0.649700
vt 0.511100 0.637900
vt 0.527200 0.639400
vt 0.526800 0.628200
vt 1.066500 0.888400
vt 1.081400 0.859400
vt 1.052900 0.853200
vt 1.058900 0.888200
vt 1.017600 0.871700
vt 1.048100 0.893800
vt 1.027400 0.911100
vt 1.011800 0.913500
vt 1.072700 0.894300
vt 1.102500 0.881800
vt 1.079500 0.912600
vt 1.115000 0.903800
vt 1.083600 0.925000
vt 1.087800 0.937400
vt 1.126900 0.918400
vt 1.117800 0.950400
vt 1.092900 0.950800
vt 1.094500 0.961400
vt 1.112500 0.971600
vt 1.091400 0.969400
vt 1.087100 0.985200
vt 1.087700 0.971700
vt 1.154300 0.940700
vt 1.127900 0.961200
vt 1.075000 0.974800
vt 1.047900 0.971200
vt 1.057600 0.994200
vt 1.032600 0.982400
vt 1.033500 0.962300
vt 1.016400 0.966700
vt 1.024600 0.952300
vt 1.008400 0.942100
vt 1.021400 0.946800
vt 1.019300 0.940500
vt 1.019500 0.926700
vt 0.781100 0.069600
vt 0.817100 0.018900
vt 0.827800 0.020600
vt 0.827900 0.069500
vt 0.820300 0.097700
vt 0.813100 0.107100
vt 0.803700 0.114300
vt 0.792800 0.118700
vt 0.781100 0.120300
vt 0.745100 0.018900
vt 0.734500 0.020600
vt 0.734300 0.069500
vt 0.742000 0.097700
vt 0.749200 0.107100
vt 0.758500 0.114300
vt 0.769400 0.118700
vt 0.087100 0.985200
vt 0.075000 0.974800
vt 0.087700 0.971700
vt 0.112500 0.971600
vt 0.093800 0.965600
vt 0.094200 0.956500
vt 0.117800 0.950400
vt 0.087800 0.937400
vt 0.047900 0.971200
vt 0.057600 0.994200
vt 0.032600 0.982400
vt 0.033500 0.962300
vt 0.016400 0.966700
vt 0.024600 0.952300
vt 0.008400 0.942100
vt 0.021400 0.946800
vt 0.019300 0.940500
vt 0.011800 0.913500
vt 0.019500 0.926700
vt 0.027400 0.911100
vt 0.017600 0.871700
vt 0.040900 0.898500
vt 0.058900 0.888200
vt 0.052900 0.853200
vt 0.066500 0.888400
vt 0.081400 0.859400
vt 0.069700 0.890800
vt 0.102500 0.881800
vt 0.075100 0.898800
vt 0.079500 0.912600
vt 0.115000 0.903800
vt 0.083600 0.925000
vt 0.126900 0.918400
vt 0.154300 0.940700
vt 0.127900 0.961200
vt 0.273600 0.158300
vt 0.266700 0.165100
vt 0.266700 0.155400
vt 0.259900 0.158300
vt 0.257000 0.165100
vt 0.259900 0.172000
vt 0.266700 0.174900
vt 0.273600 0.172000
vt 0.276500 0.165100
vt 0.230300 0.189300
vt 0.238800 0.197800
vt 0.230300 0.201300
vt 0.221800 0.197800
vt 0.218200 0.189300
vt 0.221800 0.180800
vt 0.230300 0.177300
vt 0.238800 0.180800
vt 0.242300 0.189300
vt 0.264300 0.192700
vt 0.271100 0.199600
vt 0.264300 0.202400
vt 0.257400 0.199600
vt 0.254600 0.192700
vt 0.257400 0.185800
vt 0.264300 0.183000
vt 0.271100 0.185800
vt 0.274000 0.192700
s 1
usemtl act\gasmask\gasmask_gp7vm
f 1/1/1 3/2/2 2/3/3
f 4/4/4 6/5/5 5/6/6
f 7/7/7 9/8/8 8/9/9
f 10/10/10 12/11/11 11/12/12
f 13/13/13 15/14/14 14/15/15
f 16/16/16 18/17/17 17/18/18
f 19/1/19 21/3/19 20/2/19
f 22/19/20 24/20/21 23/21/22
f 25/20/23 27/19/24 26/21/25
f 28/22/26 30/23/26 29/24/26
f 31/25/27 33/26/27 32/27/27
f 34/28/28 36/29/29 35/30/30
f 37/31/31 39/32/32 38/33/33
f 40/34/34 42/35/34 41/36/34
f 43/37/35 45/38/36 44/39/37
f 36/40/38 46/41/39 35/42/40
f 47/34/41 49/35/42 48/36/43
f 50/37/44 52/38/45 51/39/46
f 53/43/47 55/44/48 54/45/49
f 45/46/36 56/47/50 44/48/37
f 41/49/51 42/50/51 57/51/51
f 58/52/52 59/53/53 34/54/52
f 34/28/54 60/55/54 59/56/54
f 61/57/55 63/58/56 62/59/57
f 35/42/40 46/41/39 64/60/58
f 65/61/59 67/62/59 66/63/59
f 67/38/60 68/37/61 66/39/62
f 63/35/63 69/34/63 62/36/63
f 70/35/64 72/34/65 71/36/66
f 73/64/67 59/65/68 74/66/69
f 75/38/70 77/37/71 76/39/72
f 78/43/73 80/44/74 79/45/75
f 78/43/73 79/45/75 81/67/76
f 82/68/77 84/69/78 83/70/79
f 85/71/80 87/72/81 86/73/82
f 87/74/81 88/75/83 86/76/82
f 89/77/84 90/78/85 88/75/83
f 91/79/86 93/80/87 92/81/88
f 94/82/89 89/77/84 92/81/88
f 1/1/1 95/83/90 3/2/2
f 96/84/91 3/2/2 95/83/90
f 96/84/91 95/83/90 97/85/92
f 98/86/93 97/85/92 95/83/90
f 98/86/94 99/87/94 97/85/94
f 2/3/3 100/88/95 1/1/1
f 2/3/3 101/89/96 100/88/95
f 102/90/97 101/89/96 2/3/3
f 101/89/96 102/90/97 103/91/98
f 102/90/97 104/92/99 103/91/98
f 105/93/100 103/91/98 104/92/99
f 105/93/100 104/92/99 106/94/101
f 106/94/101 104/92/99 107/95/102
f 107/95/102 108/96/103 106/94/101
f 108/96/104 107/95/104 99/87/104
f 103/91/98 109/97/105 101/89/96
f 110/98/106 109/97/105 103/91/98
f 109/97/105 110/98/106 111/99/107
f 110/98/106 112/100/108 111/99/107
f 113/101/109 111/99/107 112/100/108
f 113/101/109 112/100/108 114/102/110
f 114/102/110 112/100/108 76/103/111
f 76/103/111 115/104/112 114/102/110
f 106/94/101 115/104/112 76/103/111
f 115/104/112 106/94/101 108/96/103
f 116/105/113 109/97/105 111/99/107
f 117/106/114 109/97/105 116/105/113
f 117/106/114 116/105/113 118/107/115
f 118/107/115 119/108/116 117/106/114
f 119/108/116 118/107/115 120/109/117
f 121/110/118 120/109/117 118/107/115
f 120/109/117 121/110/118 122/111/119
f 122/111/119 121/110/118 123/112/120
f 122/111/119 123/112/120 115/104/112
f 114/102/110 115/104/112 123/112/120
f 108/96/103 99/87/121 98/113/93
f 124/114/122 126/115/123 125/116/124
f 127/117/125 124/114/122 125/116/124
f 128/118/126 124/114/122 127/117/125
f 128/118/126 127/117/125 129/119/127
f 129/119/127 127/117/125 130/120/128
f 131/121/129 129/119/127 130/120/128
f 131/121/129 130/120/128 132/122/130
f 133/123/131 131/121/129 132/122/130
f 133/123/131 132/122/130 134/124/132
f 128/118/126 135/125/133 124/114/122
f 135/125/133 128/118/126 129/119/127
f 135/125/133 129/119/127 131/121/129
f 131/121/129 133/123/131 135/125/133
f 135/125/133 133/123/131 136/126/134
f 136/126/134 133/123/131 134/124/132
f 136/126/134 134/124/132 137/127/135
f 135/125/133 136/126/134 137/127/135
f 135/125/133 137/127/135 138/128/136
f 139/129/137 135/125/133 138/128/136
f 139/129/137 138/128/136 140/130/138
f 135/125/133 126/131/123 124/114/122
f 135/125/133 141/132/139 126/131/123
f 141/132/139 135/125/133 142/133/131
f 142/133/131 135/125/133 143/134/131
f 143/134/131 135/125/133 139/129/137
f 143/134/131 139/129/137 140/130/138
f 143/134/131 140/130/138 144/135/140
f 144/135/140 142/133/131 143/134/131
f 145/136/141 142/133/131 144/135/140
f 141/132/139 142/133/131 145/136/141
f 145/136/141 146/137/142 141/132/139
f 141/132/139 146/137/142 126/115/123
f 147/138/143 149/139/144 148/140/145
f 147/138/143 150/141/146 149/139/144
f 151/142/147 150/141/146 147/138/143
f 152/143/148 150/141/146 151/142/147
f 153/144/149 150/141/146 152/143/148
f 153/144/149 12/11/11 150/141/146
f 12/11/11 153/144/149 154/145/150
f 11/12/12 12/11/11 154/145/150
f 13/13/13 14/15/15 155/146/151
f 155/146/151 14/15/15 156/147/152
f 156/147/152 14/15/15 157/148/153
f 156/147/152 157/148/153 158/149/154
f 158/149/154 157/148/153 159/150/155
f 159/150/155 157/148/153 160/151/156
f 160/151/156 161/152/157 159/150/155
f 161/152/157 160/151/156 162/153/158
f 163/154/159 165/155/160 164/156/161
f 166/157/162 165/155/160 163/154/159
f 166/157/162 167/158/163 165/155/160
f 167/158/163 166/157/162 168/159/164
f 169/160/165 168/159/164 166/157/162
f 168/159/164 169/160/165 170/161/166
f 170/161/166 171/162/167 168/159/164
f 172/163/168 171/162/167 170/161/166
f 171/162/167 172/163/168 148/164/145
f 149/165/144 171/162/167 148/164/145
f 173/166/169 175/167/170 174/168/171
f 176/169/172 175/167/170 173/166/169
f 176/169/172 177/170/173 175/167/170
f 176/169/172 178/171/174 177/170/173
f 178/171/174 176/169/172 179/172/175
f 179/172/175 180/173/176 178/171/174
f 180/173/176 179/172/175 181/174/177
f 181/174/177 179/172/175 182/175/178
f 182/175/178 179/172/175 9/8/8
f 182/175/178 9/8/8 7/7/7
f 183/176/179 185/177/179 184/178/179
f 183/176/180 184/178/181 186/179/182
f 183/176/180 186/179/182 187/180/183
f 183/176/184 187/180/185 188/181/186
f 189/182/187 183/176/187 188/181/187
f 183/176/188 189/182/188 190/183/188
f 191/184/189 183/176/189 190/183/189
f 191/184/190 185/177/190 183/176/190
f 192/17/191 194/185/192 193/16/193
f 193/16/193 194/185/192 24/186/21
f 24/186/21 194/185/192 23/187/22
f 194/185/192 196/188/194 195/189/195
f 194/185/192 197/190/196 196/188/194
f 194/185/192 198/18/197 197/190/196
f 198/18/197 194/185/192 192/17/191
f 199/191/198 198/18/197 192/17/191
f 198/18/197 199/191/198 200/192/199
f 200/192/199 199/191/198 201/193/200
f 197/190/196 198/18/197 202/194/201
f 198/18/197 200/192/199 202/194/201
f 202/194/201 200/192/199 203/195/202
f 200/192/199 201/193/200 203/195/202
f 201/193/200 204/196/203 203/195/202
f 201/193/200 69/197/204 204/196/203
f 69/197/205 201/193/205 205/198/205
f 201/193/206 199/191/206 205/198/206
f 204/196/203 206/199/207 203/195/202
f 207/200/208 206/199/207 204/196/203
f 207/200/208 204/196/203 208/201/209
f 204/196/203 209/202/210 208/201/209
f 204/196/203 69/197/204 209/202/210
f 203/195/202 206/199/207 210/203/211
f 210/203/211 206/199/207 211/204/212
f 206/199/207 212/205/213 211/204/212
f 206/199/207 207/200/208 212/205/213
f 210/203/211 211/204/212 213/4/214
f 211/204/212 214/5/215 213/4/214
f 211/204/212 212/205/213 214/5/215
f 215/206/216 214/5/215 212/205/213
f 214/5/215 215/206/216 216/207/217
f 214/5/215 216/207/217 217/208/218
f 217/208/218 216/207/217 218/209/219
f 218/209/219 216/207/217 219/210/220
f 213/4/214 214/5/215 220/6/221
f 220/6/221 214/5/215 221/211/222
f 214/5/215 217/208/218 221/211/222
f 217/208/218 195/189/195 221/211/222
f 218/209/219 195/189/195 217/208/218
f 218/209/219 222/212/223 195/189/195
f 222/212/223 218/209/219 223/213/224
f 223/213/224 218/209/219 224/214/225
f 224/214/225 218/209/219 219/210/220
f 219/210/226 225/215/226 224/214/226
f 225/215/226 226/216/227 224/214/225
f 226/216/227 225/215/226 209/202/228
f 208/201/226 209/202/226 225/215/226
f 222/212/223 194/217/192 195/189/195
f 194/217/192 222/212/223 23/187/22
f 222/212/229 227/218/229 23/187/229
f 223/213/224 227/218/230 222/212/223
f 223/213/224 228/219/231 227/218/230
f 228/219/231 229/220/232 227/218/230
f 229/220/232 228/219/231 205/198/233
f 69/197/234 205/198/235 228/219/236
f 22/87/20 231/113/237 230/86/238
f 22/87/20 232/96/239 231/113/237
f 233/95/240 232/96/239 22/87/20
f 232/96/239 233/95/240 56/94/241
f 233/95/240 234/92/242 56/94/241
f 235/93/243 56/94/241 234/92/242
f 235/93/244 234/92/244 63/91/244
f 63/91/245 234/92/242 236/90/246
f 236/90/246 237/89/247 63/91/245
f 237/89/247 236/90/246 238/3/248
f 56/94/241 239/104/249 232/96/239
f 240/103/250 239/104/249 56/94/241
f 239/104/249 240/103/250 241/102/251
f 242/100/252 241/102/251 240/103/250
f 243/101/253 241/102/251 242/100/252
f 243/101/253 242/100/252 244/99/254
f 245/98/255 244/99/254 242/100/252
f 245/98/255 246/97/256 244/99/254
f 63/91/245 246/97/256 245/98/255
f 246/97/256 63/91/245 237/89/247
f 239/104/249 241/102/251 247/112/257
f 248/111/258 239/104/249 247/112/257
f 248/111/258 247/112/257 249/110/259
f 249/110/259 250/109/260 248/111/258
f 250/109/260 249/110/259 251/108/261
f 249/110/259 252/107/262 251/108/261
f 251/108/261 252/107/262 253/106/263
f 253/106/263 252/107/262 254/105/264
f 253/106/263 254/105/264 246/97/256
f 246/97/256 254/105/264 244/99/254
f 237/89/247 238/3/248 255/88/265
f 255/88/265 238/3/248 256/1/266
f 256/1/266 238/3/248 257/2/267
f 256/1/266 257/2/267 258/83/268
f 259/84/269 258/83/268 257/2/267
f 259/84/269 22/85/20 258/83/268
f 230/86/238 258/83/268 22/85/20
f 260/212/270 262/218/270 261/187/270
f 50/213/271 262/218/271 260/212/271
f 260/212/272 263/209/273 50/213/274
f 263/209/273 260/212/272 264/221/275
f 260/212/272 265/217/276 264/221/275
f 265/217/276 260/212/272 261/187/277
f 265/217/276 261/187/277 266/185/278
f 267/186/279 266/185/278 261/187/277
f 50/213/280 268/219/280 262/218/280
f 269/220/281 262/218/281 268/219/281
f 269/220/282 268/219/282 270/198/282
f 271/197/283 270/198/284 268/219/285
f 271/197/283 272/193/286 270/198/284
f 272/193/286 271/197/283 273/196/287
f 273/196/287 271/197/283 274/202/288
f 273/196/287 274/202/288 275/201/289
f 275/201/290 274/202/291 276/215/292
f 277/216/293 276/215/294 274/202/288
f 277/216/293 278/214/295 276/215/294
f 272/193/296 18/191/296 270/198/296
f 272/193/286 279/192/297 18/191/17
f 279/192/297 272/193/286 280/222/298
f 272/193/286 273/196/287 280/222/298
f 273/196/287 281/199/299 280/222/298
f 282/200/300 281/199/299 273/196/287
f 282/200/301 273/196/301 275/201/301
f 17/18/18 18/191/17 279/192/297
f 283/194/302 17/18/18 279/192/297
f 284/190/303 17/18/18 283/194/302
f 279/192/297 280/222/298 283/195/302
f 281/199/304 282/200/304 285/205/304
f 286/204/305 281/199/299 285/205/306
f 287/206/307 286/204/307 285/205/307
f 6/5/5 286/204/305 287/206/308
f 6/5/309 287/206/309 288/207/309
f 288/207/310 289/208/311 6/5/5
f 288/207/310 263/209/273 289/208/311
f 263/209/312 288/207/312 290/210/312
f 281/199/299 286/204/305 291/203/313
f 291/203/313 286/204/305 4/4/4
f 286/204/305 6/5/5 4/4/4
f 280/222/298 281/199/299 291/203/313
f 263/209/273 264/221/275 289/208/311
f 289/208/311 264/221/275 5/211/6
f 289/208/311 5/211/6 6/5/5
f 290/210/314 276/215/315 278/214/316
f 263/209/273 290/210/317 278/214/295
f 50/213/274 263/209/273 278/214/295
f 292/189/318 265/217/276 266/185/278
f 264/221/275 265/217/276 292/189/318
f 266/185/278 284/190/303 292/188/318
f 17/18/18 284/190/303 266/185/278
f 266/185/278 267/186/279 17/18/18
f 16/16/16 17/18/18 267/186/279
f 293/87/319 295/86/320 294/85/321
f 295/86/320 296/83/322 294/85/321
f 297/84/323 294/85/321 296/83/322
f 297/84/323 296/83/322 20/2/324
f 19/1/325 20/2/324 296/83/322
f 293/87/319 298/96/326 295/113/320
f 299/95/327 298/96/326 293/87/319
f 298/96/326 299/95/327 300/94/328
f 299/95/329 301/92/329 300/94/329
f 302/93/330 300/94/328 301/92/331
f 302/93/330 301/92/331 303/91/332
f 303/91/333 301/92/333 304/90/333
f 304/90/334 305/89/335 303/91/332
f 305/89/336 304/90/336 21/3/336
f 300/94/328 306/104/337 298/96/326
f 51/103/338 306/104/337 300/94/328
f 306/104/337 51/103/338 307/102/339
f 308/100/340 307/102/339 51/103/338
f 309/101/341 307/102/342 308/100/343
f 309/101/344 308/100/345 310/99/346
f 311/98/347 310/99/348 308/100/340
f 311/98/347 312/97/349 310/99/348
f 312/97/349 311/98/347 303/91/332
f 312/97/349 303/91/332 305/89/335
f 306/104/350 307/102/350 313/112/350
f 314/111/351 306/104/337 313/112/352
f 315/110/353 314/111/353 313/112/353
f 315/110/354 316/109/355 314/111/351
f 315/110/356 317/107/357 316/109/358
f 318/108/359 316/109/355 317/107/360
f 318/108/359 317/107/360 319/106/361
f 320/105/362 319/106/362 317/107/362
f 319/106/361 320/105/363 312/97/349
f 312/97/364 320/105/364 310/99/364
f 305/89/335 21/3/365 321/88/366
f 321/88/366 21/3/365 19/1/325
f 322/191/367 324/193/367 323/198/367
f 324/193/368 40/197/368 323/198/368
f 324/193/369 325/196/370 40/197/371
f 324/193/369 326/195/372 325/196/370
f 324/193/369 327/192/373 326/195/372
f 327/192/373 324/193/369 322/191/374
f 322/191/374 328/18/375 327/192/373
f 328/18/375 322/191/374 329/17/376
f 40/197/377 330/219/378 323/198/379
f 331/220/380 323/198/380 330/219/380
f 331/220/381 330/219/381 332/218/381
f 67/213/382 332/218/383 330/219/378
f 332/218/384 67/213/384 333/212/384
f 333/212/385 67/213/386 334/209/387
f 334/209/387 67/213/386 335/214/388
f 334/209/387 335/214/388 336/210/389
f 336/210/390 335/214/390 337/215/390
f 338/216/391 337/215/392 335/214/393
f 338/216/391 339/202/394 337/215/392
f 332/218/395 333/212/395 26/187/395
f 333/212/385 340/217/396 26/187/25
f 340/217/396 333/212/385 341/189/397
f 334/209/387 341/189/397 333/212/385
f 334/209/387 342/208/398 341/189/397
f 342/208/398 334/209/387 343/207/399
f 343/207/399 334/209/387 336/210/389
f 26/187/25 340/217/396 344/185/400
f 340/217/396 341/189/397 344/185/400
f 345/188/401 344/185/400 341/189/397
f 346/190/402 344/185/400 345/188/401
f 344/185/400 346/190/402 328/18/375
f 328/18/375 346/190/402 347/194/403
f 327/192/373 328/18/375 347/194/403
f 327/192/373 347/194/403 326/195/372
f 344/185/400 25/186/23 26/187/25
f 348/16/404 25/186/23 344/185/400
f 344/185/400 329/17/376 348/16/404
f 328/18/375 329/17/376 344/185/400
f 341/189/397 342/208/398 349/211/405
f 342/208/398 350/5/406 349/211/405
f 343/207/399 350/5/406 342/208/398
f 351/206/407 350/5/406 343/207/399
f 352/205/408 350/5/406 351/206/407
f 353/204/409 350/5/406 352/205/408
f 352/205/408 354/199/410 353/204/409
f 355/200/411 354/199/410 352/205/408
f 350/5/406 356/6/412 349/211/405
f 350/5/406 357/4/413 356/6/412
f 350/5/406 353/204/409 357/4/413
f 353/204/409 358/203/414 357/4/413
f 354/199/410 358/203/414 353/204/409
f 354/199/410 326/195/372 358/203/414
f 325/196/370 326/195/372 354/199/410
f 354/199/410 355/200/411 325/196/370
f 325/196/370 355/200/411 359/201/415
f 339/202/416 325/196/370 359/201/415
f 359/201/417 337/215/417 339/202/417
f 40/197/371 325/196/370 339/202/416
f 360/86/418 27/85/24 361/83/419
f 362/84/420 361/83/419 27/85/24
f 362/84/420 363/2/421 361/83/419
f 364/1/422 361/83/419 363/2/421
f 365/3/423 364/1/422 363/2/421
f 365/3/423 366/88/424 364/1/422
f 365/3/423 367/89/425 366/88/424
f 368/90/426 367/89/425 365/3/423
f 367/89/425 368/90/426 42/91/427
f 369/92/428 42/91/427 368/90/426
f 370/93/429 42/91/429 369/92/429
f 370/93/430 369/92/430 65/94/430
f 371/95/431 65/94/432 369/92/433
f 371/95/431 372/96/434 65/94/432
f 372/96/434 371/95/431 27/87/24
f 42/91/427 373/97/435 367/89/425
f 373/97/435 42/91/427 374/98/436
f 373/97/435 374/98/436 375/99/437
f 376/100/438 375/99/437 374/98/436
f 377/101/439 375/99/437 376/100/438
f 377/101/439 376/100/438 378/102/440
f 379/103/441 378/102/440 376/100/438
f 379/103/441 380/104/442 378/102/440
f 380/104/442 379/103/441 65/94/432
f 380/104/442 65/94/432 372/96/434
f 373/97/435 375/99/437 381/105/443
f 382/106/444 373/97/435 381/105/443
f 383/107/445 382/106/444 381/105/443
f 383/107/445 384/108/446 382/106/444
f 383/107/445 385/110/447 384/108/446
f 386/109/448 384/108/446 385/110/447
f 386/109/448 385/110/447 387/111/449
f 388/112/450 387/111/449 385/110/447
f 387/111/449 388/112/450 380/104/442
f 380/104/442 388/112/450 378/102/440
f 372/96/434 27/87/24 389/113/451
f 389/113/451 27/87/24 360/86/418
f 390/16/452 392/18/453 391/17/454
f 390/16/452 393/186/455 392/18/453
f 394/185/456 392/18/453 393/186/455
f 395/187/457 394/185/456 393/186/455
f 395/187/457 396/217/458 394/185/456
f 397/212/459 396/217/458 395/187/457
f 396/217/458 397/212/459 398/189/460
f 398/189/460 397/212/459 399/223/461
f 400/209/462 399/223/461 397/212/459
f 392/18/453 394/185/456 401/190/463
f 401/190/463 394/185/456 402/188/464
f 394/185/456 398/189/460 402/188/464
f 396/217/458 398/189/460 394/185/456
f 392/18/453 401/190/463 403/194/465
f 392/18/453 403/194/465 404/192/466
f 404/192/466 403/194/465 405/195/467
f 406/222/468 404/192/466 405/195/467
f 407/193/469 404/192/466 406/222/468
f 407/193/469 406/222/468 408/196/470
f 408/196/470 406/222/468 409/199/471
f 409/199/471 406/222/468 410/203/472
f 391/191/454 392/18/453 404/192/466
f 391/191/454 404/192/466 407/193/469
f 391/191/473 407/193/473 411/198/473
f 407/193/469 412/197/474 411/198/475
f 407/193/469 408/196/470 412/197/474
f 412/197/474 408/196/470 413/202/476
f 408/196/470 414/201/477 413/202/476
f 414/201/477 408/196/470 415/200/478
f 415/200/478 408/196/470 409/199/471
f 412/197/474 416/219/479 411/198/475
f 416/219/479 417/220/480 411/198/475
f 417/220/480 416/219/479 418/218/481
f 77/213/482 418/218/482 416/219/482
f 77/213/483 397/212/483 418/218/483
f 397/212/459 77/213/484 400/209/462
f 397/212/485 395/187/485 418/218/485
f 414/201/477 419/215/486 413/202/476
f 419/215/486 420/216/487 413/202/476
f 420/216/487 419/215/486 421/214/488
f 422/210/489 421/214/488 419/215/486
f 422/210/489 400/209/462 421/214/488
f 400/209/462 422/210/489 423/207/490
f 424/208/491 400/209/462 423/207/490
f 423/207/490 425/5/492 424/208/491
f 426/206/493 425/5/492 423/207/490
f 425/5/492 426/206/493 427/204/494
f 427/204/494 426/206/493 415/205/478
f 400/209/462 77/213/484 421/214/488
f 409/199/471 427/204/494 415/205/478
f 427/204/494 409/199/471 410/203/472
f 427/204/494 410/203/472 428/4/495
f 427/204/494 428/4/495 425/5/492
f 425/5/492 428/4/495 429/6/496
f 425/5/492 429/6/496 430/211/497
f 424/208/491 425/5/492 430/211/497
f 399/223/461 424/208/491 430/211/497
f 399/223/461 400/209/462 424/208/491
f 431/224/498 433/225/498 432/226/498
f 434/227/499 431/224/500 432/226/501
f 28/228/502 431/224/500 434/227/499
f 434/227/499 435/229/503 28/228/502
f 435/229/503 434/227/499 432/230/501
f 435/229/503 432/230/501 436/231/504
f 436/231/504 432/230/501 437/232/505
f 437/232/505 432/230/501 438/233/506
f 431/224/500 28/228/502 29/234/507
f 431/224/500 29/234/507 439/235/508
f 439/235/508 29/234/507 440/236/509
f 440/236/509 31/237/510 439/235/508
f 439/235/508 31/237/510 32/238/511
f 32/238/511 441/239/512 439/235/508
f 442/240/513 441/239/512 32/238/511
f 443/241/514 442/240/514 32/238/514
f 439/235/508 433/225/515 431/224/500
f 433/225/515 439/235/508 444/242/516
f 444/242/516 439/235/508 445/243/517
f 441/239/512 445/243/517 439/235/508
f 441/239/512 442/240/513 445/243/517
f 446/244/518 445/243/517 442/240/513
f 442/240/513 36/245/519 446/244/518
f 443/241/520 36/245/520 442/240/520
f 36/245/521 443/241/521 58/246/521
f 447/247/522 58/246/522 443/241/522
f 447/247/523 448/248/523 58/246/523
f 446/244/518 449/249/524 445/243/517
f 450/250/525 449/249/524 446/244/518
f 450/250/525 446/244/518 185/251/526
f 446/244/518 451/252/527 185/251/526
f 446/244/518 36/245/519 451/252/527
f 445/243/517 449/249/524 452/253/528
f 449/249/524 453/254/529 452/253/528
f 450/250/525 453/254/529 449/249/524
f 454/255/530 453/254/529 450/250/525
f 454/255/530 455/256/531 453/254/529
f 456/257/532 453/254/529 455/256/531
f 456/257/532 455/256/531 437/232/505
f 457/258/533 437/232/505 455/256/531
f 453/254/529 458/259/534 452/253/528
f 453/254/529 459/260/535 458/259/534
f 453/254/529 456/257/532 459/260/535
f 456/257/532 438/233/506 459/260/535
f 438/233/506 456/257/532 437/232/505
f 437/232/505 457/258/533 436/231/504
f 436/231/504 457/258/533 188/261/536
f 460/262/537 436/231/504 188/261/536
f 188/261/536 461/263/538 460/262/537
f 462/264/539 460/262/537 461/263/538
f 462/264/539 461/263/538 451/252/527
f 185/251/526 451/252/527 461/263/538
f 59/265/540 436/231/504 460/262/537
f 59/265/541 58/246/541 448/248/541
f 435/229/542 59/265/542 448/248/542
f 28/228/543 435/229/543 448/248/543
f 435/229/503 436/231/504 59/265/540
f 463/266/544 464/267/544 30/268/544
f 465/269/545 30/268/546 464/267/547
f 465/269/545 464/267/547 33/270/548
f 466/271/549 33/270/548 464/267/547
f 30/272/550 467/273/551 463/266/552
f 30/272/550 468/274/553 467/273/551
f 469/275/554 468/274/553 30/272/550
f 468/274/553 469/275/554 60/276/555
f 469/275/554 470/277/556 60/276/555
f 34/278/557 60/276/557 470/277/557
f 34/278/558 470/277/558 471/279/558
f 471/279/559 470/277/560 472/280/561
f 472/280/561 473/281/562 471/279/559
f 473/281/562 472/280/561 33/282/548
f 60/276/555 474/283/563 468/274/553
f 475/284/564 474/283/563 60/276/555
f 474/283/563 475/284/564 476/285/565
f 475/284/564 477/286/566 476/285/565
f 478/287/567 476/285/565 477/286/566
f 478/287/567 477/286/566 479/288/568
f 479/288/568 477/286/566 480/289/569
f 480/289/569 481/290/570 479/288/568
f 471/279/559 481/290/570 480/289/569
f 481/290/570 471/279/559 473/281/562
f 482/291/571 474/283/563 476/285/565
f 483/292/572 474/283/563 482/291/571
f 483/292/572 482/291/571 484/293/573
f 484/293/573 485/294/574 483/292/572
f 485/294/574 484/293/573 486/295/575
f 487/296/576 486/295/575 484/293/573
f 486/295/575 487/296/576 488/297/577
f 488/297/577 487/296/576 489/298/578
f 489/298/578 487/296/576 490/299/579
f 489/298/578 490/299/579 481/290/570
f 479/288/568 481/290/570 490/299/579
f 473/281/562 33/282/548 491/300/580
f 491/300/580 33/282/548 466/271/549
f 492/301/581 187/302/68 493/303/582
f 492/301/583 188/304/186 187/302/185
f 492/301/581 494/305/584 188/304/585
f 492/301/581 495/306/586 494/305/584
f 495/306/586 492/301/581 496/307/587
f 494/305/588 189/308/588 188/304/588
f 494/305/584 497/309/589 189/308/590
f 189/308/591 497/309/591 190/310/591
f 190/310/592 497/309/589 498/311/593
f 499/312/594 190/310/592 498/311/593
f 499/312/595 191/313/595 190/310/595
f 500/314/596 191/313/597 499/312/594
f 191/313/598 500/314/598 185/315/598
f 500/314/596 501/316/599 185/315/600
f 185/315/601 501/316/601 184/317/601
f 184/317/602 501/316/599 502/318/603
f 503/319/604 505/320/605 504/321/606
f 503/319/607 506/322/607 505/320/607
f 507/323/608 506/322/609 503/319/604
f 506/322/610 507/323/610 336/324/610
f 507/323/608 508/325/611 336/324/612
f 508/325/611 507/323/608 509/326/613
f 507/323/608 510/327/614 509/326/613
f 507/323/608 503/319/604 510/327/614
f 510/327/614 503/319/604 504/321/606
f 511/328/615 510/327/614 504/321/606
f 512/329/616 510/327/614 511/328/615
f 336/324/617 508/325/617 513/330/617
f 513/330/618 508/325/611 514/331/619
f 508/325/611 509/326/613 515/332/620
f 510/327/614 516/333/621 509/326/613
f 516/333/621 510/327/614 512/329/616
f 517/334/622 516/333/621 512/329/616
f 517/334/622 512/329/616 359/335/623
f 512/329/624 518/336/624 359/335/624
f 512/329/616 511/328/615 518/336/625
f 518/336/626 511/328/626 505/320/626
f 505/320/605 511/328/615 504/321/606
f 516/333/621 517/334/622 519/337/627
f 509/326/613 516/333/621 519/337/627
f 509/326/613 519/337/627 515/332/620
f 515/332/620 519/337/627 520/338/628
f 520/338/628 519/337/627 517/339/622
f 521/340/629 520/338/628 517/339/622
f 514/341/619 520/338/628 521/340/629
f 508/342/611 520/338/628 514/341/619
f 508/342/611 515/332/620 520/338/628
f 517/334/630 359/335/630 522/343/630
f 517/334/622 522/343/631 521/344/629
f 311/345/347 274/346/288 303/347/332
f 271/348/283 303/347/332 274/346/288
f 460/349/537 475/350/564 60/351/555
f 60/351/632 59/53/632 460/349/632
f 209/346/228 63/347/245 245/345/255
f 69/348/633 63/347/633 209/346/633
f 379/352/441 335/353/393 65/354/432
f 67/355/634 65/354/634 335/353/634
f 413/346/476 110/345/106 103/347/98
f 103/347/98 412/348/474 413/346/476
f 216/356/217 241/357/251 219/358/220
f 241/357/251 216/356/217 247/359/257
f 247/359/257 216/356/217 249/360/259
f 215/361/216 249/360/259 216/356/217
f 215/361/216 212/362/213 249/360/259
f 252/363/262 249/360/259 212/362/213
f 207/364/208 252/363/262 212/362/213
f 252/363/262 207/364/208 254/365/264
f 254/365/264 207/364/208 244/366/254
f 244/366/254 207/364/208 208/367/209
f 257/368/267 192/369/191 259/370/269
f 259/370/269 192/369/191 193/371/193
f 479/372/568 450/373/525 185/374/526
f 450/373/525 479/372/568 490/375/579
f 487/376/576 450/373/525 490/375/579
f 487/376/576 454/377/530 450/373/525
f 454/377/530 487/376/576 455/378/531
f 484/379/573 455/378/531 487/376/576
f 484/379/573 457/380/533 455/378/531
f 482/381/571 457/380/533 484/379/573
f 457/380/533 482/381/571 476/382/565
f 457/380/533 476/382/565 188/383/536
f 288/356/635 307/357/635 290/358/636
f 307/357/635 288/356/635 313/359/637
f 288/356/638 315/360/638 313/359/638
f 287/361/639 315/360/639 288/356/639
f 287/361/640 285/362/641 315/360/356
f 317/363/357 315/360/356 285/362/641
f 282/364/642 317/363/643 285/362/644
f 282/364/642 320/365/645 317/363/643
f 320/365/646 282/364/647 310/366/648
f 310/366/648 282/364/647 275/367/649
f 422/358/489 114/357/110 423/356/490
f 423/356/490 114/357/110 123/359/120
f 121/360/118 423/356/490 123/359/120
f 121/360/118 426/361/493 423/356/490
f 426/361/493 121/360/118 415/362/478
f 118/363/115 415/362/478 121/360/118
f 116/365/113 415/364/478 118/363/115
f 415/364/478 116/365/113 111/366/107
f 111/366/107 414/367/477 415/364/478
f 336/358/389 378/357/440 343/356/399
f 388/359/450 343/356/399 378/357/440
f 343/356/399 388/359/450 385/360/447
f 385/360/447 351/361/407 343/356/399
f 385/360/447 383/363/445 351/361/407
f 352/362/408 351/361/407 383/363/445
f 383/363/445 355/364/411 352/362/408
f 355/364/411 383/363/445 381/365/443
f 375/366/437 355/364/411 381/365/443
f 355/364/411 375/366/437 359/367/415
f 197/384/196 202/385/201 258/386/268
f 256/387/266 258/386/268 202/385/201
f 256/387/266 202/385/201 203/388/202
f 203/388/202 255/389/265 256/387/266
f 203/388/202 237/390/247 255/389/265
f 203/388/202 246/391/256 237/390/247
f 246/391/256 203/388/202 253/392/263
f 210/393/211 253/392/263 203/388/202
f 253/392/263 210/393/211 213/394/214
f 213/394/214 251/395/261 253/392/263
f 213/394/214 220/396/221 251/395/261
f 250/397/260 251/395/261 220/396/221
f 250/397/260 220/396/221 248/398/258
f 248/398/258 220/396/221 221/399/222
f 221/399/222 195/400/195 248/398/258
f 239/401/249 248/398/258 195/400/195
f 239/401/249 195/400/195 232/402/239
f 232/402/239 195/400/195 231/403/237
f 231/403/237 195/400/195 230/404/238
f 196/405/194 230/404/238 195/400/195
f 230/404/238 196/405/194 258/406/268
f 197/407/196 258/406/268 196/405/194
f 227/408/650 233/409/650 23/21/650
f 23/21/22 233/409/240 22/410/20
f 22/19/20 259/411/269 24/20/21
f 193/412/193 24/20/21 259/411/269
f 20/368/651 18/369/651 297/370/651
f 16/371/16 297/370/323 18/369/17
f 284/384/303 283/385/302 296/386/322
f 19/387/325 296/386/322 283/385/302
f 283/388/302 321/389/366 19/387/325
f 280/413/298 321/389/366 283/388/302
f 280/413/298 305/390/335 321/389/366
f 280/413/298 312/391/349 305/390/335
f 312/391/349 280/413/298 319/392/361
f 291/393/313 319/392/361 280/413/298
f 319/392/361 291/393/313 4/394/4
f 4/394/4 318/395/359 319/392/361
f 318/395/359 4/394/4 316/397/355
f 4/394/4 5/396/6 316/397/355
f 316/397/355 5/396/6 314/398/351
f 5/399/6 264/414/275 314/398/351
f 306/401/337 314/398/351 264/414/275
f 306/401/337 264/414/275 298/402/326
f 298/402/326 264/414/275 295/403/320
f 295/403/320 264/414/275 292/400/318
f 295/404/320 292/405/318 296/406/322
f 284/407/303 296/406/322 292/405/318
f 262/408/652 299/409/652 261/21/652
f 261/21/653 299/409/653 293/410/653
f 261/21/654 293/410/654 294/19/654
f 294/19/655 267/20/655 261/21/655
f 294/19/321 297/411/323 267/20/279
f 16/412/16 267/20/279 297/411/323
f 346/384/402 361/386/419 347/385/403
f 364/387/422 347/385/403 361/386/419
f 347/385/403 364/387/422 326/388/372
f 366/389/424 326/388/372 364/387/422
f 367/390/425 326/388/372 366/389/424
f 373/391/435 326/388/372 367/390/425
f 373/391/435 382/392/444 326/388/372
f 358/393/414 326/388/372 382/392/444
f 358/393/414 382/392/444 357/394/413
f 384/395/446 357/394/413 382/392/444
f 357/394/413 384/395/446 356/396/412
f 386/397/448 356/396/412 384/395/446
f 356/396/412 386/397/448 387/398/449
f 356/396/412 387/398/449 349/399/405
f 349/399/405 387/398/449 341/400/397
f 380/401/442 341/400/397 387/398/449
f 341/400/397 380/401/442 372/402/434
f 341/400/397 372/402/434 389/403/451
f 341/400/397 389/403/451 360/404/418
f 360/404/418 345/405/401 341/400/397
f 360/404/418 361/406/419 345/405/401
f 346/407/402 345/405/401 361/406/419
f 371/409/656 332/408/656 26/21/656
f 371/409/431 26/21/25 27/410/24
f 27/19/24 25/20/23 362/411/420
f 348/412/404 362/411/420 25/20/23
f 102/415/657 391/416/657 411/417/657
f 391/416/658 102/415/97 2/418/3
f 3/368/659 391/416/659 2/418/659
f 3/368/660 96/370/660 391/369/660
f 390/371/452 391/369/454 96/370/91
f 401/384/463 95/386/90 403/385/465
f 1/387/1 403/385/465 95/386/90
f 403/385/465 1/387/1 405/388/467
f 100/389/95 405/388/467 1/387/1
f 100/389/95 406/413/468 405/388/467
f 101/390/96 406/413/468 100/389/95
f 109/391/105 406/413/468 101/390/96
f 109/391/105 117/392/114 406/413/468
f 410/393/472 406/413/468 117/392/114
f 410/393/472 117/392/114 428/394/495
f 119/395/116 428/394/495 117/392/114
f 119/395/116 120/397/117 428/394/495
f 428/394/495 120/397/117 429/396/496
f 429/396/496 120/397/117 122/398/119
f 429/396/496 122/398/119 430/399/497
f 122/398/119 399/419/461 430/399/497
f 115/401/112 399/419/461 122/398/119
f 399/419/461 115/401/112 108/402/103
f 398/400/460 399/419/461 108/402/103
f 398/400/460 108/402/103 98/403/93
f 398/400/460 98/404/93 402/405/464
f 98/404/93 95/406/90 402/405/464
f 401/407/463 402/405/464 95/406/90
f 97/19/92 393/20/455 96/411/91
f 390/412/452 96/411/91 393/20/455
f 29/24/507 465/420/545 440/421/509
f 30/23/546 465/420/545 29/24/507
f 28/22/661 469/422/661 30/423/662
f 448/424/663 469/422/661 28/22/661
f 433/425/664 464/426/665 432/427/666
f 463/428/667 432/427/666 464/426/665
f 467/429/668 432/430/668 463/428/668
f 468/431/553 432/430/501 467/429/551
f 474/432/563 432/430/501 468/431/553
f 474/432/563 483/433/572 432/430/501
f 438/434/506 432/430/501 483/433/572
f 438/434/506 483/433/572 459/435/535
f 485/436/574 459/435/535 483/433/572
f 485/436/574 486/437/575 459/435/535
f 459/435/535 486/437/575 458/438/534
f 458/438/534 486/437/575 488/439/577
f 458/438/534 488/439/577 489/440/578
f 458/438/534 489/440/578 452/441/528
f 452/441/528 489/440/578 445/442/517
f 481/443/570 445/442/517 489/440/578
f 445/442/517 481/443/570 473/444/562
f 445/442/517 473/444/562 491/445/580
f 445/442/517 491/445/580 466/446/549
f 466/446/549 444/447/516 445/442/517
f 466/446/549 464/448/547 444/447/516
f 433/449/669 444/447/669 464/448/669
f 33/26/548 31/25/510 465/450/545
f 440/451/509 465/450/545 31/25/510
f 523/452/670 525/453/671 524/454/672
f 524/454/672 525/453/671 526/455/673
f 527/456/674 526/455/673 525/453/671
f 527/456/674 528/457/675 526/455/673
f 526/455/673 528/457/675 529/458/676
f 529/458/676 528/457/675 530/459/677
f 524/454/672 526/455/673 531/460/678
f 532/461/679 524/454/672 531/460/678
f 529/458/676 530/459/677 533/462/680
f 533/462/680 530/459/677 534/463/681
f 534/463/681 530/459/677 535/464/682
f 534/463/681 535/464/682 536/465/683
f 534/463/681 536/465/683 537/466/684
f 537/466/684 536/465/683 448/467/685
f 448/467/685 536/465/683 443/468/686
f 59/469/687 448/467/687 34/28/687
f 448/467/685 443/468/686 34/28/688
f 34/28/689 443/468/689 36/29/689
f 538/470/690 38/33/33 39/32/32
f 38/33/33 538/470/690 539/471/691
f 540/472/692 38/33/33 539/471/691
f 540/472/692 541/473/693 38/33/33
f 540/472/692 542/474/694 541/473/693
f 543/475/695 542/474/694 540/472/692
f 544/476/696 542/474/694 543/475/695
f 545/477/697 542/474/694 544/476/696
f 545/477/697 544/476/696 546/478/698
f 547/479/699 38/33/33 541/473/693
f 545/477/697 546/478/698 548/480/700
f 548/480/700 546/478/698 299/481/701
f 549/482/702 299/481/701 546/478/698
f 299/481/701 549/482/702 550/483/703
f 270/484/704 550/483/703 549/482/702
f 550/483/703 270/484/704 70/485/64
f 70/485/64 52/486/45 550/483/703
f 63/485/56 45/486/36 227/483/705
f 227/483/705 551/484/706 63/485/56
f 551/484/706 227/483/705 236/482/707
f 552/481/708 236/482/707 227/483/705
f 552/481/708 553/478/709 236/482/707
f 22/480/710 553/478/709 552/481/708
f 554/477/711 553/478/709 22/480/710
f 554/477/711 555/476/712 553/478/709
f 556/474/713 555/476/712 554/477/711
f 556/474/713 557/475/714 555/476/712
f 557/475/714 556/474/713 558/472/715
f 558/472/715 556/474/713 559/473/716
f 559/473/716 560/487/717 558/472/715
f 561/479/718 560/487/717 559/473/716
f 558/472/715 560/487/717 562/471/719
f 560/487/717 563/470/720 562/471/719
f 564/32/721 563/470/720 560/487/717
f 82/68/77 83/70/79 565/488/722
f 565/488/722 83/70/79 566/489/723
f 566/489/723 83/70/79 567/490/724
f 566/489/723 567/490/725 568/491/726
f 568/491/727 567/490/727 569/492/727
f 570/493/728 162/153/158 164/494/161
f 570/493/728 161/152/157 162/153/158
f 161/152/157 570/493/728 159/150/155
f 571/495/729 159/150/155 570/493/728
f 572/496/730 159/150/155 571/495/729
f 572/496/730 158/149/154 159/150/155
f 572/496/730 156/147/152 158/149/154
f 573/497/731 156/147/152 572/496/730
f 573/497/731 155/146/151 156/147/152
f 155/146/151 573/497/731 574/498/732
f 574/498/732 575/499/733 155/146/151
f 575/499/733 13/13/13 155/146/151
f 13/13/13 575/499/733 576/500/734
f 15/14/14 13/13/13 576/500/734
f 15/14/14 576/500/734 577/501/735
f 15/14/14 577/501/735 578/502/736
f 578/502/736 577/501/735 579/503/737
f 579/503/737 580/504/738 578/502/736
f 580/504/738 579/503/737 581/505/739
f 582/506/740 581/505/739 579/503/737
f 581/505/739 582/506/740 583/507/741
f 583/507/741 584/508/742 581/505/739
f 584/508/742 583/507/741 585/509/743
f 584/508/742 585/509/743 586/510/744
f 586/510/744 585/509/743 553/511/745
f 553/511/745 585/509/743 22/512/710
f 553/511/745 22/512/710 45/513/36
f 553/511/745 45/513/36 63/514/56
f 41/36/746 65/515/747 66/39/62
f 57/516/748 65/515/747 41/36/746
f 65/515/749 57/516/750 587/517/751
f 587/517/752 57/516/752 588/518/752
f 589/479/753 590/473/754 81/487/76
f 591/472/755 81/487/76 590/473/754
f 592/474/756 591/472/755 590/473/754
f 592/474/756 593/475/757 591/472/755
f 593/475/757 592/474/756 594/476/758
f 595/477/759 594/476/758 592/474/756
f 596/478/760 594/476/758 595/477/759
f 596/478/761 595/477/761 27/480/761
f 597/471/762 81/487/76 591/472/755
f 78/470/73 81/487/76 597/471/762
f 596/478/763 27/480/763 598/481/763
f 596/478/760 598/481/764 368/482/765
f 368/482/765 598/481/764 332/483/766
f 368/482/767 332/483/768 599/484/768
f 599/484/768 332/483/768 42/485/769
f 42/485/770 332/483/770 67/486/770
f 600/31/771 601/487/771 53/470/771
f 602/33/772 53/470/773 601/487/774
f 53/470/773 602/33/772 603/479/775
f 604/473/776 53/470/776 603/479/776
f 604/473/777 605/472/777 53/470/777
f 605/472/778 604/473/779 606/474/780
f 606/474/780 607/475/781 605/472/778
f 607/475/782 606/474/782 608/476/782
f 606/474/783 609/477/784 608/476/785
f 608/476/786 609/477/786 610/478/786
f 610/478/787 609/477/787 611/480/787
f 612/471/788 53/470/788 605/472/788
f 610/478/789 611/480/789 107/481/789
f 610/478/790 107/481/791 613/482/792
f 613/482/792 107/481/791 614/483/793
f 613/482/792 614/483/793 411/484/794
f 614/483/793 49/485/42 411/484/794
f 49/485/42 614/483/793 75/486/70
f 40/34/795 599/519/795 42/520/795
f 323/521/796 599/519/797 40/34/798
f 322/522/799 599/519/797 323/521/796
f 322/522/800 368/523/800 599/519/800
f 368/523/801 322/522/801 615/524/801
f 615/524/802 596/525/760 368/523/765
f 616/526/803 596/525/760 615/524/802
f 594/527/758 596/525/760 616/526/803
f 616/526/803 593/528/757 594/527/758
f 617/529/804 593/528/757 616/526/803
f 617/529/804 618/530/805 593/528/757
f 593/528/757 618/530/805 591/531/755
f 619/532/806 591/531/755 618/530/805
f 619/532/806 597/533/762 591/531/755
f 80/44/74 597/533/762 619/532/806
f 80/44/74 78/43/73 597/533/762
f 270/519/704 72/34/65 70/520/64
f 270/519/704 620/521/807 72/34/65
f 270/519/808 18/522/808 620/521/808
f 18/522/809 270/519/809 549/523/809
f 549/523/810 20/524/810 18/522/810
f 20/524/811 549/523/702 546/525/698
f 546/525/698 621/526/812 20/524/811
f 544/527/696 621/526/812 546/525/698
f 543/528/695 621/526/812 544/527/696
f 543/528/695 622/529/813 621/526/812
f 543/528/695 623/530/814 622/529/813
f 623/530/814 543/528/695 540/531/692
f 623/530/814 540/531/692 624/532/815
f 624/532/815 540/531/692 539/533/691
f 539/533/691 625/534/816 624/532/815
f 538/43/690 625/534/816 539/533/691
f 625/534/816 538/43/690 39/535/32
f 39/535/32 626/44/817 625/534/816
f 37/536/31 626/44/817 39/535/32
f 626/44/817 37/536/31 38/537/33
f 165/538/160 627/539/818 164/494/161
f 627/539/818 570/493/728 164/494/161
f 570/493/728 627/539/818 628/540/819
f 628/540/819 571/495/729 570/493/728
f 628/540/819 572/496/730 571/495/729
f 572/496/730 628/540/819 629/541/820
f 629/541/820 573/497/731 572/496/730
f 573/497/731 629/541/820 574/498/732
f 574/498/732 629/541/820 630/542/821
f 575/499/733 574/498/732 630/542/821
f 575/499/733 630/542/821 576/500/734
f 576/500/734 630/542/821 577/501/735
f 577/501/735 630/542/821 631/543/822
f 577/501/735 631/543/822 579/503/737
f 631/543/822 582/506/740 579/503/737
f 582/506/740 631/543/822 583/507/741
f 583/507/741 631/543/822 632/544/823
f 583/507/741 632/544/823 585/509/743
f 585/509/743 632/544/823 22/512/710
f 632/544/823 56/47/50 22/512/710
f 22/512/710 56/47/50 45/513/36
f 633/545/824 48/546/43 49/547/42
f 633/545/824 634/548/825 48/546/43
f 551/519/826 69/34/827 63/520/828
f 551/519/826 205/521/829 69/34/827
f 551/519/826 199/522/830 205/521/829
f 199/522/831 551/519/831 236/523/831
f 236/523/832 635/524/832 199/522/832
f 553/525/709 635/524/833 236/523/707
f 553/525/709 636/526/834 635/524/833
f 555/527/712 636/526/834 553/525/709
f 557/528/714 636/526/834 555/527/712
f 637/529/835 636/526/834 557/528/714
f 637/529/835 557/528/714 638/530/836
f 638/530/836 557/528/714 558/531/715
f 638/530/836 558/531/715 639/532/837
f 639/532/837 558/531/715 562/533/719
f 563/43/720 639/532/837 562/533/719
f 564/535/721 639/532/837 563/43/720
f 564/535/721 640/44/838 639/532/837
f 640/44/838 564/535/721 560/67/717
f 560/67/717 641/45/839 640/44/838
f 641/45/839 560/67/717 642/549/840
f 561/550/718 642/549/840 560/67/717
f 561/550/718 643/551/841 642/549/840
f 643/551/841 561/550/718 559/552/716
f 640/44/838 638/530/836 639/532/837
f 640/44/838 644/553/842 638/530/836
f 644/553/842 640/44/838 643/551/841
f 643/551/841 640/44/838 642/549/840
f 641/45/839 642/549/840 640/44/838
f 645/554/843 638/530/836 644/553/842
f 645/554/843 637/529/835 638/530/836
f 646/555/844 637/529/835 645/554/843
f 636/526/834 637/529/835 646/555/844
f 636/526/834 646/555/844 635/524/833
f 647/556/845 635/524/833 646/555/844
f 635/524/833 647/556/845 23/557/846
f 635/524/833 23/557/846 199/522/847
f 199/522/848 23/557/849 205/521/850
f 205/521/850 23/557/849 648/558/851
f 205/521/852 648/558/852 69/34/852
f 43/37/35 69/34/853 648/558/854
f 69/34/853 43/37/35 44/39/37
f 69/34/853 44/39/37 62/36/57
f 559/552/716 644/553/842 643/551/841
f 556/559/713 644/553/842 559/552/716
f 556/559/713 645/554/843 644/553/842
f 556/559/713 646/555/844 645/554/843
f 646/555/844 556/559/713 554/560/711
f 646/555/844 554/560/711 22/561/710
f 647/556/845 646/555/844 22/561/710
f 647/556/845 22/561/710 552/562/708
f 647/556/845 552/562/708 23/557/846
f 23/557/855 552/562/855 227/563/855
f 23/557/856 227/563/856 648/558/856
f 227/563/705 43/37/35 648/558/854
f 45/564/36 43/37/35 227/563/705
f 56/515/50 62/36/57 44/39/37
f 56/515/50 61/516/55 62/36/57
f 56/515/50 632/517/823 61/516/55
f 649/518/857 61/516/55 632/517/823
f 160/565/156 650/566/858 162/567/158
f 651/568/859 650/566/858 160/565/156
f 652/569/860 650/566/858 651/568/859
f 652/569/860 651/568/859 653/570/861
f 653/570/861 651/568/859 654/571/862
f 654/571/862 655/572/863 653/570/861
f 655/572/863 654/571/862 656/573/864
f 657/574/865 656/573/864 654/571/862
f 657/574/865 658/575/866 656/573/864
f 657/574/865 659/576/867 658/575/866
f 659/576/867 657/574/865 660/577/868
f 660/577/868 661/578/869 659/576/867
f 660/577/868 662/579/870 661/578/869
f 662/579/870 660/577/868 663/580/871
f 663/580/871 664/581/872 662/579/870
f 665/582/873 664/581/872 663/580/871
f 665/582/873 663/580/871 666/583/874
f 665/582/873 666/583/874 667/584/875
f 667/584/875 666/583/874 668/585/876
f 668/585/876 666/583/874 669/586/877
f 669/586/877 666/583/874 670/587/878
f 669/586/879 670/587/879 671/588/879
f 672/589/880 477/590/881 74/66/69
f 672/589/880 673/591/882 477/590/881
f 673/591/882 672/589/880 674/592/883
f 675/593/884 674/592/883 672/589/880
f 477/590/881 673/591/882 64/60/58
f 8/9/9 9/8/8 676/594/885
f 676/594/885 9/8/8 677/595/886
f 677/595/886 9/8/8 588/596/887
f 588/596/888 678/597/889 677/595/886
f 678/597/889 588/596/888 679/598/890
f 679/598/890 588/596/888 596/599/891
f 596/599/891 588/596/888 42/600/892
f 57/51/893 42/600/893 588/596/893
f 680/334/894 682/343/895 681/344/896
f 680/334/894 414/335/897 682/343/895
f 680/334/894 683/329/898 414/335/897
f 680/334/894 684/333/899 683/329/898
f 684/333/899 680/334/894 685/337/900
f 686/326/901 684/333/899 685/337/900
f 686/326/901 685/337/900 687/332/902
f 687/332/902 685/337/900 688/338/903
f 688/338/903 685/337/900 680/339/894
f 683/329/898 689/336/904 414/335/897
f 689/336/904 683/329/898 690/328/905
f 689/336/904 690/328/905 691/320/906
f 691/320/906 690/328/905 692/321/907
f 693/319/908 691/320/906 692/321/907
f 693/319/908 694/322/909 691/320/906
f 695/323/910 694/322/909 693/319/908
f 694/322/909 695/323/910 422/324/911
f 695/323/910 696/325/912 422/324/911
f 696/325/912 695/323/910 686/326/901
f 697/327/913 686/326/901 695/323/910
f 693/319/908 697/327/913 695/323/910
f 697/327/913 693/319/908 692/321/907
f 690/328/905 697/327/913 692/321/907
f 683/329/898 697/327/913 690/328/905
f 422/324/911 696/325/912 698/330/914
f 698/330/914 696/325/912 699/331/915
f 696/325/912 686/326/901 687/332/902
f 684/333/899 697/327/913 683/329/898
f 697/327/913 684/333/899 686/326/901
f 681/340/896 688/338/903 680/339/894
f 700/601/916 688/338/903 681/340/896
f 688/338/903 700/601/916 699/341/915
f 696/342/912 688/338/903 699/341/915
f 696/342/912 687/332/902 688/338/903
f 701/328/917 16/320/918 702/321/919
f 701/328/917 703/336/920 16/320/918
f 704/329/921 703/336/920 701/328/917
f 703/336/920 704/329/921 275/335/922
f 704/329/921 705/334/923 275/335/922
f 706/333/924 705/334/923 704/329/921
f 707/327/925 706/333/924 704/329/921
f 707/327/925 704/329/921 701/328/917
f 707/327/925 701/328/917 702/321/919
f 708/319/926 707/327/925 702/321/919
f 707/327/925 708/319/926 709/323/927
f 275/335/922 705/334/923 710/343/928
f 710/343/928 705/334/923 711/344/929
f 705/334/923 706/333/924 712/337/930
f 706/333/924 713/326/931 712/337/930
f 706/333/924 707/327/925 713/326/931
f 713/326/931 707/327/925 709/323/927
f 709/323/927 714/325/932 713/326/931
f 714/325/932 709/323/927 290/324/933
f 709/323/927 715/322/934 290/324/933
f 715/322/934 709/323/927 708/319/926
f 715/322/934 708/319/926 16/320/918
f 16/320/918 708/319/926 702/321/919
f 712/337/930 713/326/931 716/332/935
f 713/326/931 714/325/932 716/332/935
f 714/325/932 290/324/933 717/330/936
f 714/325/932 717/330/936 718/331/937
f 472/602/938 32/27/938 33/603/939
f 472/602/938 443/604/940 32/27/938
f 21/418/941 18/416/941 20/368/941
f 304/415/942 18/416/942 21/418/942
f 304/415/943 270/417/943 18/416/943
f 42/347/427 339/346/394 374/345/436
f 42/347/944 40/348/944 339/346/944
f 36/605/519 471/606/559 451/607/527
f 451/607/527 471/606/559 480/608/569
f 77/355/484 106/354/101 421/353/488
f 421/353/488 106/354/101 76/352/111
f 300/354/328 50/355/274 278/353/295
f 278/353/295 51/352/338 300/354/328
f 97/19/945 395/21/945 393/20/945
f 99/410/946 395/21/946 97/19/946
f 107/409/947 395/21/947 99/410/947
f 107/409/948 418/408/948 395/21/948
f 56/354/241 223/355/224 224/353/225
f 224/353/225 240/352/250 56/354/241
f 228/609/236 235/610/949 69/348/234
f 63/347/950 69/348/234 235/610/949
f 225/611/951 243/612/951 208/367/952
f 244/366/254 208/367/209 243/612/253
f 257/368/267 199/416/198 192/369/191
f 238/418/248 199/416/198 257/368/267
f 236/415/953 199/416/953 238/418/953
f 205/417/954 199/416/954 236/415/954
f 224/353/225 242/613/252 240/352/250
f 226/614/227 242/613/252 224/353/225
f 226/614/227 209/346/228 242/613/252
f 245/345/255 242/613/252 209/346/228
f 56/354/241 235/615/243 223/355/224
f 228/616/955 223/355/955 235/615/955
f 241/357/251 243/617/253 219/358/220
f 225/618/951 219/358/951 243/617/951
f 234/619/242 205/417/233 236/415/246
f 229/620/232 205/417/233 234/619/242
f 229/620/232 234/619/242 227/408/230
f 233/409/240 227/408/230 234/619/242
f 268/609/285 302/610/330 271/348/283
f 303/347/332 271/348/283 302/610/330
f 276/611/292 309/612/344 275/367/290
f 310/366/346 275/367/290 309/612/344
f 278/353/295 308/613/340 51/352/338
f 277/614/293 308/613/340 278/353/295
f 308/613/340 277/614/293 274/346/288
f 311/345/347 308/613/340 274/346/288
f 300/354/328 302/615/330 50/355/274
f 268/616/285 50/355/274 302/615/330
f 307/357/342 309/617/341 290/358/314
f 276/618/315 290/358/314 309/617/341
f 301/619/956 270/417/956 304/415/956
f 301/619/957 269/620/957 270/417/957
f 269/620/958 301/619/959 262/408/960
f 299/409/961 262/408/960 301/619/959
f 42/347/962 370/610/963 40/348/377
f 330/609/378 40/348/377 370/610/963
f 375/366/437 377/612/439 359/367/415
f 337/611/964 359/367/965 377/612/966
f 329/369/376 362/370/420 348/371/404
f 363/368/421 362/370/420 329/369/376
f 322/416/374 363/368/421 329/369/376
f 322/416/374 365/418/423 363/368/421
f 322/416/967 368/415/967 365/418/967
f 323/417/968 368/415/968 322/416/968
f 330/616/378 370/615/963 67/355/382
f 65/354/969 67/355/382 370/615/963
f 337/618/964 377/617/966 336/358/970
f 378/357/440 336/358/389 377/617/439
f 323/417/971 369/619/428 368/415/426
f 331/620/972 369/619/972 323/417/972
f 369/619/973 331/620/973 332/408/973
f 371/409/431 369/619/433 332/408/974
f 339/346/394 376/613/438 374/345/436
f 338/614/391 376/613/438 339/346/394
f 376/613/438 338/614/391 335/353/393
f 379/352/441 376/613/438 335/353/393
f 103/347/98 105/610/100 412/348/474
f 416/609/479 412/348/474 105/610/100
f 111/366/107 113/612/109 414/367/477
f 419/611/486 414/367/477 113/612/109
f 104/619/99 418/408/481 107/409/102
f 417/620/480 418/408/481 104/619/99
f 417/620/480 104/619/99 411/417/475
f 102/415/97 411/417/475 104/619/99
f 112/613/108 421/353/488 76/352/111
f 420/614/487 421/353/488 112/613/108
f 420/614/487 112/613/108 413/346/476
f 110/345/106 413/346/476 112/613/108
f 416/616/479 105/615/100 77/355/484
f 106/354/101 77/355/484 105/615/100
f 419/618/486 113/617/109 422/358/489
f 114/357/110 422/358/489 113/617/109
f 476/382/565 478/621/567 188/383/536
f 461/622/538 188/383/536 478/621/567
f 470/623/560 443/604/975 472/602/561
f 470/623/976 447/624/976 443/604/976
f 447/624/977 470/623/977 448/424/977
f 469/422/554 448/424/978 470/623/556
f 477/625/566 451/607/527 480/608/569
f 477/625/566 462/626/539 451/607/527
f 462/626/539 477/625/566 460/349/537
f 475/350/564 460/349/537 477/625/566
f 58/627/52 34/628/52 36/605/979
f 471/606/980 36/605/980 34/628/980
f 461/629/538 478/630/567 185/374/526
f 479/372/568 185/374/526 478/630/567
f 49/520/42 47/34/41 411/519/794
f 719/521/981 411/519/794 47/34/41
f 391/522/982 411/519/982 719/521/982
f 391/522/983 613/523/983 411/519/983
f 613/523/984 391/522/984 3/524/984
f 3/524/985 610/525/790 613/523/792
f 720/526/986 610/525/790 3/524/985
f 720/526/987 608/527/988 610/525/989
f 720/526/987 607/528/990 608/527/988
f 721/529/991 607/528/992 720/526/986
f 722/530/993 607/528/992 721/529/991
f 722/530/994 605/531/778 607/528/781
f 723/532/995 605/531/996 722/530/993
f 723/532/997 612/533/997 605/531/997
f 723/532/995 724/534/998 612/533/999
f 612/533/1000 724/534/1000 53/43/1000
f 53/43/47 724/534/998 55/44/48
f 477/590/881 73/64/67 74/66/69
f 64/60/58 73/64/67 477/590/881
f 46/41/39 73/64/67 64/60/58
f 725/631/1001 73/64/67 46/41/39
f 725/631/1001 726/632/1002 73/64/67
f 725/631/1001 28/633/1003 726/632/1002
f 32/634/1003 28/633/1003 725/631/1001
f 33/635/1004 28/633/1004 32/634/1004
f 33/635/1004 30/636/1004 28/633/1004
f 30/636/1005 33/635/1006 727/637/1007
f 728/638/1008 727/637/1007 33/635/1006
f 728/638/1008 729/639/1009 727/637/1007
f 728/638/1008 730/640/1010 729/639/1009
f 729/639/1009 730/640/1010 731/641/1011
f 730/640/1010 732/642/1012 731/641/1011
f 732/642/1012 730/640/1010 733/643/1013
f 732/642/1012 733/643/1013 734/644/1014
f 735/645/1015 732/642/1012 734/644/1014
f 731/641/1011 732/642/1012 736/646/1016
f 737/647/1017 736/646/1016 732/642/1012
f 10/10/10 738/648/1018 12/11/11
f 739/649/1019 738/648/1018 10/10/10
f 738/648/1018 739/649/1019 740/650/1020
f 741/651/1021 738/648/1018 740/650/1020
f 742/652/1022 738/648/1018 741/651/1021
f 742/652/1022 743/653/1023 738/648/1018
f 744/654/1024 743/653/1023 742/652/1022
f 743/653/1023 744/654/1024 27/655/1025
f 587/656/1026 743/653/1023 27/655/1025
f 587/656/751 27/655/1027 65/61/749
f 65/61/749 27/655/1027 67/657/1028
f 174/168/171 147/138/143 148/140/145
f 175/167/170 147/138/143 174/168/171
f 177/170/173 147/138/143 175/167/170
f 177/170/173 151/142/147 147/138/143
f 177/170/173 152/143/148 151/142/147
f 178/171/174 152/143/148 177/170/173
f 180/173/176 152/143/148 178/171/174
f 180/173/176 153/144/149 152/143/148
f 153/144/149 180/173/176 181/174/177
f 153/144/149 181/174/177 154/145/150
f 181/174/177 11/12/12 154/145/150
f 11/12/12 181/174/177 182/175/178
f 182/175/178 10/10/10 11/12/12
f 7/7/7 10/10/10 182/175/178
f 10/10/10 7/7/7 739/649/1019
f 739/649/1019 7/7/7 8/9/9
f 739/649/1019 8/9/9 740/650/1020
f 740/650/1020 8/9/9 676/594/885
f 740/650/1020 676/594/885 677/595/886
f 677/595/886 741/651/1021 740/650/1020
f 677/595/886 742/652/1022 741/651/1021
f 678/597/889 742/652/1022 677/595/886
f 678/597/889 744/654/1024 742/652/1022
f 744/654/1024 678/597/889 679/598/890
f 744/654/1024 679/598/890 596/599/891
f 744/654/1029 596/599/1029 27/655/1029
f 27/655/1030 596/599/1030 67/657/1030
f 67/657/1031 596/599/1031 42/600/1031
f 162/567/158 163/154/159 164/156/161
f 650/566/858 163/154/159 162/567/158
f 650/566/858 652/569/860 163/154/159
f 163/154/159 652/569/860 745/658/1032
f 745/658/1032 652/569/860 653/570/861
f 655/572/863 745/658/1032 653/570/861
f 745/658/1032 655/572/863 656/573/864
f 658/575/866 745/658/1032 656/573/864
f 659/576/867 745/658/1032 658/575/866
f 745/658/1032 166/157/162 163/154/159
f 169/160/165 166/157/162 745/658/1032
f 169/160/165 745/658/1032 170/161/166
f 746/659/1033 170/161/166 745/658/1032
f 745/658/1032 747/660/1034 746/659/1033
f 659/576/867 747/660/1034 745/658/1032
f 748/661/1035 747/660/1034 659/576/867
f 661/578/869 748/661/1035 659/576/867
f 748/661/1035 661/578/869 662/579/870
f 664/581/872 748/661/1035 662/579/870
f 665/582/873 748/661/1035 664/581/872
f 170/161/166 746/659/1033 749/662/1036
f 746/659/1033 750/663/1037 749/662/1036
f 746/659/1033 751/664/1038 750/663/1037
f 751/664/1038 746/659/1033 752/665/1039
f 746/659/1033 753/666/1040 752/665/1039
f 753/666/1040 746/659/1033 754/667/1041
f 754/667/1041 746/659/1033 755/668/1042
f 746/659/1033 756/669/1043 755/668/1042
f 747/660/1034 756/669/1043 746/659/1033
f 170/161/166 749/662/1036 757/670/1044
f 758/671/1045 170/161/166 757/670/1044
f 758/671/1045 172/163/168 170/161/166
f 172/163/168 758/671/1045 759/672/1046
f 172/163/168 759/672/1046 174/673/171
f 172/163/168 174/673/171 148/164/145
f 756/669/1043 760/674/1047 755/668/1042
f 756/669/1043 761/675/1048 760/674/1047
f 756/669/1043 762/676/1049 761/675/1048
f 762/676/1049 756/669/1043 763/677/1050
f 763/677/1050 756/669/1043 764/678/1051
f 756/669/1043 747/660/1034 764/678/1051
f 747/660/1034 748/661/1035 764/678/1051
f 761/675/1048 765/679/1052 760/674/1047
f 766/680/1053 765/679/1052 761/675/1048
f 767/681/1054 765/679/1052 766/680/1053
f 767/681/1054 768/682/1055 765/679/1052
f 767/681/1054 769/683/1056 768/682/1055
f 770/684/1057 768/682/1055 769/683/1056
f 770/684/1057 769/683/1056 771/685/1058
f 770/684/1057 771/685/1058 772/686/1059
f 764/678/1051 773/687/1060 763/677/1050
f 764/678/1051 774/688/1061 773/687/1060
f 775/689/1062 774/688/1061 764/678/1051
f 764/678/1051 776/690/1063 775/689/1062
f 764/678/1051 748/661/1035 776/690/1063
f 748/661/1035 777/691/1064 776/690/1063
f 748/661/1035 778/692/1065 777/691/1064
f 778/692/1065 748/661/1035 665/582/873
f 773/687/1060 774/688/1061 779/693/1066
f 779/693/1066 774/688/1061 780/694/1067
f 774/688/1061 781/695/1068 780/694/1067
f 774/688/1061 782/696/1069 781/695/1068
f 782/696/1069 774/688/1061 783/697/1070
f 783/697/1070 774/688/1061 775/689/1062
f 781/695/1068 784/698/1071 780/694/1067
f 784/698/1071 781/695/1068 785/699/1072
f 785/699/1072 781/695/1068 786/700/1073
f 786/700/1073 781/695/1068 787/701/1074
f 787/701/1074 781/695/1068 788/702/1075
f 788/702/1075 781/695/1068 789/703/1076
f 789/703/1076 781/695/1068 790/704/1077
f 781/695/1068 791/705/1078 790/704/1077
f 791/705/1078 781/695/1068 792/706/1079
f 792/706/1079 781/695/1068 782/696/1069
f 787/701/1080 788/702/1080 793/707/1080
f 788/702/1081 789/703/1081 794/708/1081
f 778/692/1065 665/582/873 667/584/875
f 667/584/875 795/709/1082 778/692/1065
f 795/709/1082 667/584/875 796/710/1083
f 796/710/1083 667/584/875 668/585/876
f 668/585/876 797/711/1084 796/710/1083
f 797/711/1084 668/585/876 669/586/877
f 797/711/1084 669/586/877 569/712/1085
f 569/712/1086 669/586/1086 671/588/1086
f 759/672/1046 173/713/169 174/673/171
f 759/672/1046 798/714/1087 173/713/169
f 758/671/1045 798/714/1087 759/672/1046
f 798/714/1087 758/671/1045 757/670/1044
f 757/670/1044 799/715/1088 798/714/1087
f 749/662/1036 799/715/1088 757/670/1044
f 750/663/1037 799/715/1088 749/662/1036
f 750/663/1037 800/716/1089 799/715/1088
f 751/664/1038 800/716/1089 750/663/1037
f 752/665/1039 800/716/1089 751/664/1038
f 752/665/1039 801/717/1090 800/716/1089
f 753/666/1040 801/717/1090 752/665/1039
f 801/717/1090 753/666/1040 754/667/1041
f 754/667/1041 802/718/1091 801/717/1090
f 802/718/1091 754/667/1041 755/668/1042
f 760/674/1047 802/718/1091 755/668/1042
f 765/679/1052 802/718/1091 760/674/1047
f 802/718/1091 765/679/1052 803/719/1092
f 768/682/1055 803/719/1092 765/679/1052
f 768/682/1055 770/684/1057 803/719/1092
f 803/719/1092 770/684/1057 804/720/1093
f 804/720/1093 770/684/1057 772/686/1059
f 805/721/1094 807/722/1095 806/723/1096
f 808/724/1097 807/722/1095 805/721/1094
f 807/722/1095 808/724/1097 809/725/1098
f 807/722/1095 809/725/1098 810/726/1099
f 807/722/1095 810/726/1099 811/727/1100
f 811/727/1100 810/726/1099 771/728/1058
f 771/728/1058 812/729/1101 772/730/1059
f 810/726/1099 812/729/1101 771/728/1058
f 809/725/1098 812/729/1101 810/726/1099
f 809/725/1098 813/731/1102 812/729/1101
f 808/724/1097 813/731/1102 809/725/1098
f 808/724/1097 814/732/1103 813/731/1102
f 814/732/1103 808/724/1097 805/721/1094
f 815/733/1104 814/732/1103 805/721/1094
f 815/733/1104 805/721/1094 816/734/1105
f 817/735/1106 816/734/1105 805/721/1094
f 816/734/1105 817/735/1106 818/736/1107
f 818/736/1107 819/737/1108 816/734/1105
f 820/738/1109 819/737/1108 818/736/1107
f 820/738/1109 821/739/1110 819/737/1108
f 820/738/1109 822/740/1111 821/739/1110
f 821/739/1110 822/740/1111 823/741/1112
f 823/741/1112 822/740/1111 610/742/1113
f 823/741/1114 610/742/1114 611/743/1114
f 611/743/1115 610/742/1115 633/545/1115
f 611/743/1116 633/545/824 106/744/1117
f 106/744/1117 633/545/824 75/745/70
f 75/745/70 633/545/824 49/547/42
f 824/746/1118 825/747/1118 793/748/1118
f 826/749/1119 825/747/1120 824/746/1121
f 826/749/1119 827/750/1122 825/747/1120
f 827/750/1122 826/749/1119 828/751/1123
f 829/752/1124 827/750/1122 828/751/1123
f 829/752/1124 830/753/1125 827/750/1122
f 831/754/1126 830/753/1125 829/752/1124
f 832/755/1127 830/753/1125 831/754/1126
f 832/755/1127 833/756/1128 830/753/1125
f 834/757/1129 833/756/1128 832/755/1127
f 834/757/1129 835/758/1130 833/756/1128
f 835/758/1130 836/759/1131 833/756/1128
f 836/759/1131 835/758/1130 837/760/1132
f 838/761/1133 836/759/1131 837/760/1132
f 836/759/1131 838/761/1133 839/762/1134
f 836/759/1131 839/762/1134 535/763/1135
f 674/764/883 836/759/1131 535/763/1135
f 674/764/883 535/763/1135 673/765/882
f 673/765/882 535/763/1135 471/766/1136
f 673/765/882 471/766/1136 35/30/40
f 673/765/882 35/30/40 64/767/58
f 332/563/1137 68/37/1137 67/564/1137
f 332/563/1138 840/558/1139 68/37/61
f 840/558/1140 332/563/1140 26/557/1140
f 598/562/1141 26/557/1141 332/563/1141
f 598/562/1142 841/556/1143 26/557/1144
f 27/561/1145 841/556/1143 598/562/1142
f 27/561/1145 842/555/1146 841/556/1143
f 595/560/759 842/555/1146 27/561/1145
f 592/559/756 842/555/1146 595/560/759
f 592/559/756 843/554/1147 842/555/1146
f 843/554/1147 592/559/756 844/553/1148
f 844/553/1148 592/559/756 590/552/754
f 590/552/754 845/551/1149 844/553/1148
f 589/550/753 845/551/1149 590/552/754
f 589/550/753 846/549/1150 845/551/1149
f 846/549/1150 589/550/753 81/67/76
f 81/67/76 79/45/75 846/549/1150
f 79/45/75 80/44/74 846/549/1150
f 846/549/1150 80/44/74 845/551/1149
f 845/551/1149 80/44/74 844/553/1148
f 844/553/1148 80/44/74 618/530/805
f 80/44/74 619/532/806 618/530/805
f 618/530/805 843/554/1147 844/553/1148
f 618/530/805 617/529/804 843/554/1147
f 843/554/1147 617/529/804 842/555/1146
f 842/555/1146 617/529/804 616/526/803
f 842/555/1146 616/526/803 615/524/802
f 842/555/1146 615/524/802 841/556/1143
f 841/556/1143 615/524/802 26/557/1144
f 322/522/1151 26/557/1144 615/524/802
f 26/557/1152 322/522/1152 323/521/1152
f 323/521/1153 840/558/1153 26/557/1153
f 840/558/1154 323/521/1154 40/34/1154
f 840/558/1139 40/34/1155 68/37/61
f 68/37/61 40/34/1155 66/39/62
f 66/39/62 40/34/1155 41/36/746
f 610/742/1113 634/548/825 633/545/824
f 822/740/1111 634/548/825 610/742/1113
f 820/738/1109 634/548/825 822/740/1111
f 634/548/825 820/738/1109 818/736/1107
f 818/736/1107 806/723/1096 634/548/825
f 817/735/1106 806/723/1096 818/736/1107
f 806/723/1096 817/735/1106 805/721/1094
f 38/537/33 847/45/1156 626/44/817
f 847/45/1156 848/549/1157 626/44/817
f 38/537/33 848/549/1157 847/45/1156
f 547/550/699 848/549/1157 38/537/33
f 547/550/699 849/551/1158 848/549/1157
f 849/551/1158 547/550/699 541/552/693
f 541/552/693 850/553/1159 849/551/1158
f 542/559/694 850/553/1159 541/552/693
f 849/551/1158 626/44/817 848/549/1157
f 850/553/1159 626/44/817 849/551/1158
f 626/44/817 850/553/1159 623/530/814
f 850/553/1159 851/554/1160 623/530/814
f 623/530/814 851/554/1160 622/529/813
f 622/529/813 851/554/1160 852/555/1161
f 622/529/813 852/555/1161 621/526/812
f 621/526/812 852/555/1161 20/524/811
f 294/556/1162 20/524/811 852/555/1161
f 626/44/817 623/530/814 624/532/815
f 625/534/816 626/44/817 624/532/815
f 20/524/1163 294/556/1163 261/557/1163
f 20/524/1164 261/557/1164 18/522/1164
f 18/522/1165 261/557/1165 620/521/1165
f 620/521/1166 261/557/1166 262/558/1166
f 620/521/807 262/558/1167 72/34/65
f 72/34/1168 262/558/1168 50/37/1168
f 72/34/65 50/37/44 51/39/46
f 72/34/65 51/39/46 71/36/66
f 851/554/1160 850/553/1159 542/559/694
f 851/554/1160 542/559/694 852/555/1161
f 545/560/697 852/555/1161 542/559/694
f 852/555/1161 545/560/697 548/561/700
f 548/561/700 294/556/1162 852/555/1161
f 294/556/1162 548/561/700 299/562/701
f 294/556/1169 299/562/1169 261/557/1169
f 261/557/1170 299/562/1170 550/563/1170
f 261/557/1171 550/563/1172 262/558/1173
f 262/558/1173 550/563/1172 50/37/1174
f 52/564/45 50/37/44 550/563/703
f 614/563/793 77/37/71 75/564/70
f 614/563/1175 418/558/1176 77/37/1177
f 418/558/1176 614/563/1175 395/557/1178
f 107/562/1179 395/557/1179 614/563/1179
f 107/562/1180 97/556/1180 395/557/1180
f 611/561/1181 97/556/1182 107/562/1183
f 611/561/1181 853/555/1184 97/556/1182
f 609/560/1185 853/555/1185 611/561/1185
f 609/560/784 606/559/783 853/555/1186
f 606/559/1187 854/554/1188 853/555/1184
f 854/554/1188 606/559/1187 855/553/1189
f 604/552/1190 855/553/1190 606/559/1190
f 855/553/1189 604/552/1191 856/551/1192
f 856/551/1193 604/552/1193 603/550/1193
f 603/550/1194 857/549/1195 856/551/1192
f 602/537/1196 857/549/1196 603/550/1196
f 857/549/1197 602/537/1197 601/67/1197
f 601/67/1198 54/45/49 857/549/1195
f 54/45/1199 601/67/1200 600/536/1201
f 54/45/1199 600/536/1201 53/43/1202
f 54/45/49 55/44/48 857/549/1195
f 857/549/1195 55/44/48 856/551/1192
f 55/44/48 855/553/1189 856/551/1192
f 55/44/48 722/530/993 855/553/1189
f 55/44/48 723/532/995 722/530/993
f 724/534/998 723/532/995 55/44/48
f 722/530/993 854/554/1188 855/553/1189
f 854/554/1188 722/530/993 721/529/991
f 854/554/1188 721/529/991 853/555/1184
f 853/555/1184 721/529/991 720/526/986
f 853/555/1184 720/526/986 3/524/985
f 853/555/1184 3/524/985 97/556/1182
f 97/556/1203 3/524/1204 395/557/1204
f 391/522/1205 395/557/1204 3/524/1204
f 395/557/1206 391/522/1206 719/521/1206
f 719/521/1207 418/558/1207 395/557/1207
f 418/558/1208 719/521/981 47/34/41
f 418/558/1209 47/34/1209 77/37/1209
f 77/37/71 47/34/41 76/39/72
f 76/39/72 47/34/41 48/36/43
f 73/64/1210 448/768/1210 59/769/1210
f 726/632/1002 448/768/1211 73/64/67
f 28/633/1212 448/768/1212 726/632/1212
f 28/633/1213 537/770/1214 448/768/1215
f 30/636/68 537/770/1214 28/633/1213
f 30/636/1005 534/771/681 537/770/684
f 534/771/681 30/636/1005 727/637/1007
f 727/637/1007 533/772/680 534/771/681
f 727/637/1007 529/773/676 533/772/680
f 729/639/1009 529/773/676 727/637/1007
f 731/641/1011 529/773/676 729/639/1009
f 731/641/1011 526/774/673 529/773/676
f 526/774/673 731/641/1011 736/646/1016
f 526/774/673 736/646/1016 531/775/678
f 737/647/1017 531/775/678 736/646/1016
f 737/647/1017 532/776/679 531/775/678
f 532/776/679 737/647/1017 732/642/1012
f 732/642/1012 524/777/672 532/776/679
f 858/778/1216 52/779/45 70/780/64
f 858/778/1216 300/781/1217 52/779/45
f 858/778/1216 548/782/1218 300/781/1217
f 546/783/1219 548/782/1218 858/778/1216
f 546/783/1219 859/784/1220 548/782/1218
f 860/785/1221 859/784/1220 546/783/1219
f 860/785/1221 861/786/1222 859/784/1220
f 862/787/1223 861/786/1222 860/785/1221
f 861/786/1222 862/787/1223 863/788/1224
f 863/788/1224 862/787/1223 864/789/1225
f 863/788/1224 864/789/1225 865/790/1226
f 865/790/1226 864/789/1225 84/69/78
f 84/69/78 82/68/77 865/790/1226
f 865/790/1226 82/68/77 866/791/1227
f 866/791/1227 82/68/77 867/792/1228
f 867/792/1228 82/68/77 565/488/722
f 867/792/1228 565/488/722 868/793/1229
f 868/793/1229 565/488/722 566/489/723
f 566/489/723 869/794/1230 868/793/1229
f 869/794/1230 566/489/723 568/491/726
f 869/794/1230 568/491/726 569/492/1231
f 869/794/1232 569/492/1232 671/795/1232
f 471/766/1233 34/28/28 35/30/30
f 34/28/1234 471/766/1234 60/55/1234
f 471/766/1136 534/796/681 60/55/1235
f 535/763/1135 534/796/681 471/766/1136
f 535/763/1135 870/797/1236 534/796/681
f 839/762/1134 870/797/1236 535/763/1135
f 838/761/1133 870/797/1236 839/762/1134
f 838/761/1133 871/798/1237 870/797/1236
f 871/798/1237 838/761/1133 837/760/1132
f 871/798/1237 837/760/1132 872/799/1238
f 835/758/1130 872/799/1238 837/760/1132
f 834/757/1129 872/799/1238 835/758/1130
f 872/799/1238 834/757/1129 873/800/1239
f 873/800/1239 834/757/1129 874/801/1240
f 834/757/1129 875/802/1241 874/801/1240
f 875/802/1241 834/757/1129 832/755/1127
f 875/802/1241 832/755/1127 831/754/1126
f 831/754/1126 876/803/1242 875/802/1241
f 876/803/1242 831/754/1126 829/752/1124
f 876/803/1242 829/752/1124 828/751/1123
f 828/751/1123 877/804/1243 876/803/1242
f 878/805/1244 877/804/1243 828/751/1123
f 828/751/1123 879/806/1245 878/805/1244
f 826/749/1119 879/806/1245 828/751/1123
f 879/806/1245 826/749/1119 824/746/1121
f 879/806/1245 824/746/1121 788/807/1246
f 788/807/1247 824/746/1247 793/748/1247
f 788/807/1246 880/808/1248 879/806/1245
f 880/808/1249 788/807/1249 794/809/1249
f 443/810/1250 46/41/1250 36/40/1250
f 443/810/1251 725/631/1001 46/41/39
f 443/810/1252 32/634/1252 725/631/1252
f 536/811/1253 32/634/1253 443/810/1254
f 536/811/1253 33/635/1255 32/634/1253
f 535/812/682 33/635/1006 536/811/683
f 535/812/682 728/638/1008 33/635/1006
f 530/813/677 728/638/1008 535/812/682
f 528/814/675 728/638/1008 530/813/677
f 730/640/1010 728/638/1008 528/814/675
f 730/640/1010 528/814/675 733/643/1013
f 527/815/674 733/643/1013 528/814/675
f 733/643/1013 527/815/674 734/644/1014
f 734/644/1014 527/815/674 525/816/671
f 525/816/671 735/645/1015 734/644/1014
f 735/645/1015 525/816/671 523/817/670
f 735/645/1015 523/817/670 524/777/672
f 735/645/1015 524/777/672 732/642/1012
f 52/779/45 881/818/1256 51/819/46
f 300/781/1217 881/818/1256 52/779/45
f 548/782/1218 881/818/1256 300/781/1217
f 548/782/1218 882/820/1257 881/818/1256
f 859/784/1220 882/820/1257 548/782/1218
f 861/786/1222 882/820/1257 859/784/1220
f 861/786/1222 883/821/1258 882/820/1257
f 863/788/1224 883/821/1258 861/786/1222
f 883/821/1258 863/788/1224 865/790/1226
f 883/821/1258 865/790/1226 866/791/1227
f 14/15/15 15/14/14 578/502/736
f 578/502/736 884/822/1259 14/15/15
f 580/504/738 884/822/1259 578/502/736
f 884/822/1259 580/504/738 581/505/739
f 581/505/739 885/823/1260 884/822/1259
f 584/508/742 885/823/1260 581/505/739
f 885/823/1260 584/508/742 586/510/744
f 885/823/1260 586/510/744 649/824/857
f 649/824/857 586/510/744 553/511/745
f 649/824/857 553/511/745 63/514/56
f 61/57/55 649/824/857 63/514/56
f 789/703/1261 886/825/1261 794/708/1261
f 790/704/1077 886/825/1262 789/703/1076
f 790/704/1077 887/826/1263 886/825/1262
f 791/705/1078 887/826/1263 790/704/1077
f 791/705/1078 888/827/1264 887/826/1263
f 888/827/1264 791/705/1078 792/706/1079
f 888/827/1264 792/706/1079 782/696/1069
f 888/827/1264 782/696/1069 783/697/1070
f 783/697/1070 889/828/1265 888/827/1264
f 889/828/1265 783/697/1070 775/689/1062
f 776/690/1063 889/828/1265 775/689/1062
f 777/691/1064 889/828/1265 776/690/1063
f 777/691/1064 890/829/1266 889/828/1265
f 778/692/1065 890/829/1266 777/691/1064
f 795/709/1082 890/829/1266 778/692/1065
f 795/709/1082 796/710/1083 890/829/1266
f 796/710/1083 891/830/1267 890/829/1266
f 797/711/1084 891/830/1267 796/710/1083
f 891/830/1267 797/711/1084 569/712/1085
f 567/831/1268 891/830/1268 569/712/1268
f 883/821/1258 866/791/1227 867/792/1228
f 867/792/1228 892/832/1269 883/821/1258
f 892/832/1269 867/792/1228 868/793/1229
f 869/794/1230 892/832/1269 868/793/1229
f 869/794/1230 893/833/1270 892/832/1269
f 893/833/1270 869/794/1230 671/795/1271
f 670/834/1272 893/833/1272 671/795/1272
f 84/69/78 894/835/1273 83/70/79
f 864/789/1225 894/835/1273 84/69/78
f 862/787/1223 894/835/1273 864/789/1225
f 894/835/1273 862/787/1223 860/785/1221
f 860/785/1221 895/836/1274 894/835/1273
f 895/836/1274 860/785/1221 546/783/1219
f 895/836/1274 546/783/1219 858/778/1216
f 858/778/1216 896/837/1275 895/836/1274
f 896/837/1275 858/778/1216 70/780/64
f 71/838/66 896/837/1275 70/780/64
f 59/56/68 672/839/880 74/840/69
f 60/55/68 672/839/68 59/56/68
f 534/796/681 672/839/880 60/55/1235
f 675/841/884 672/839/880 534/796/681
f 870/797/1236 675/841/884 534/796/681
f 870/797/1236 897/842/68 675/841/884
f 871/798/1237 897/842/68 870/797/1236
f 897/842/68 871/798/1237 872/799/1238
f 897/842/68 872/799/1238 873/800/1239
f 873/800/1239 898/843/1276 897/842/68
f 898/843/1276 873/800/1239 874/801/1240
f 875/802/1241 898/843/1276 874/801/1240
f 876/803/1242 898/843/1276 875/802/1241
f 876/803/1242 899/844/1277 898/843/1276
f 877/804/1243 899/844/1277 876/803/1242
f 877/804/1243 878/805/1244 899/844/1277
f 878/805/1244 900/845/1278 899/844/1277
f 879/806/1245 900/845/1278 878/805/1244
f 880/808/1248 900/845/1278 879/806/1245
f 880/808/1248 901/846/1279 900/845/1278
f 901/846/1279 880/808/1248 794/809/1280
f 886/847/1281 901/846/1281 794/809/1281
f 769/683/1056 811/848/1100 771/685/1058
f 769/683/1056 767/681/1054 811/848/1100
f 767/681/1054 902/849/1282 811/848/1100
f 902/849/1282 767/681/1054 766/680/1053
f 766/680/1053 903/850/1283 902/849/1282
f 903/850/1283 766/680/1053 761/675/1048
f 762/676/1049 903/850/1283 761/675/1048
f 762/676/1049 904/851/1284 903/850/1283
f 904/851/1284 762/676/1049 763/677/1050
f 773/687/1060 904/851/1284 763/677/1050
f 779/693/1066 904/851/1284 773/687/1060
f 779/693/1066 905/852/1285 904/851/1284
f 905/852/1285 779/693/1066 780/694/1067
f 784/698/1071 905/852/1285 780/694/1067
f 905/852/1285 784/698/1071 785/699/1072
f 785/699/1072 906/853/1286 905/852/1285
f 906/853/1286 785/699/1072 786/700/1073
f 906/853/1286 786/700/1073 787/701/1074
f 906/853/1286 787/701/1074 793/707/1287
f 825/854/1288 906/853/1288 793/707/1288
f 812/729/1101 804/855/1093 772/730/1059
f 812/729/1101 907/856/1289 804/855/1093
f 813/731/1102 907/856/1289 812/729/1101
f 814/732/1103 907/856/1289 813/731/1102
f 815/733/1104 907/856/1289 814/732/1103
f 815/733/1104 908/857/1290 907/856/1289
f 908/857/1290 815/733/1104 816/734/1105
f 819/737/1108 908/857/1290 816/734/1105
f 821/739/1110 908/857/1290 819/737/1108
f 908/857/1290 821/739/1110 823/741/1112
f 908/857/1290 823/741/1112 611/743/1116
f 611/743/1116 909/858/1291 908/857/1290
f 611/743/1116 910/859/1292 909/858/1291
f 910/859/1292 611/743/1116 106/744/1117
f 910/859/1292 106/744/1117 75/745/70
f 76/860/72 910/859/1292 75/745/70
f 911/861/1293 913/862/1294 912/863/1295
f 914/864/1296 913/862/1294 911/861/1293
f 913/862/1294 914/864/1296 915/865/1297
f 915/865/1297 916/866/1298 913/862/1294
f 917/867/1299 916/866/1298 915/865/1297
f 916/866/1298 917/867/1299 918/868/1300
f 918/868/1300 919/869/1301 916/866/1298
f 919/869/1301 918/868/1300 920/870/1302
f 919/869/1301 920/870/1302 921/871/1303
f 919/869/1301 921/871/1303 922/872/1304
f 923/873/1305 922/872/1304 921/871/1303
f 924/874/1306 922/872/1304 923/873/1305
f 924/874/1306 925/875/1307 922/872/1304
f 926/876/1308 925/875/1307 924/874/1306
f 925/875/1307 926/876/1308 927/877/1309
f 928/878/1310 925/875/1307 927/877/1309
f 929/879/1311 928/878/1310 927/877/1309
f 928/878/1310 929/879/1311 911/880/1293
f 928/878/1310 911/880/1293 912/881/1295
f 930/882/1312 932/883/1313 931/884/1314
f 931/884/1314 933/885/1315 930/882/1312
f 934/886/1316 933/885/1315 931/884/1314
f 934/886/1316 931/884/1314 935/887/1317
f 936/888/1318 935/887/1317 931/884/1314
f 931/884/1314 937/889/1319 936/888/1318
f 933/885/1315 934/886/1316 938/890/1320
f 934/886/1316 939/891/1321 938/890/1320
f 939/891/1321 934/886/1316 940/892/1322
f 934/886/1316 941/893/1323 940/892/1322
f 941/893/1323 934/886/1316 942/894/1324
f 942/894/1324 934/886/1316 943/895/1325
f 934/886/1316 944/896/1326 943/895/1325
f 934/886/1316 945/897/1327 944/896/1326
f 934/886/1316 946/898/1328 945/897/1327
f 934/886/1316 935/887/1317 946/898/1328
f 946/898/1328 935/887/1317 947/899/1329
f 948/900/1330 946/898/1328 947/899/1329
f 944/896/1326 949/901/1331 943/895/1325
f 944/896/1326 950/902/1332 949/901/1331
f 945/897/1327 946/898/1328 951/903/1333
f 952/904/1334 951/903/1333 946/898/1328
f 944/896/1326 945/897/1327 953/905/1335
f 954/906/1336 944/896/1326 953/905/1335
f 955/907/1337 957/908/1338 956/909/1339
f 958/910/1340 957/908/1338 955/907/1337
f 955/907/1337 959/911/1341 958/910/1340
f 960/912/1342 958/910/1340 959/911/1341
f 961/913/1343 960/912/1342 959/911/1341
f 961/913/1343 959/911/1341 962/914/1344
f 957/908/1338 958/910/1340 963/915/1345
f 960/912/1342 961/913/1343 964/916/1346
f 965/917/1347 967/918/1348 966/919/1349
f 968/920/1350 967/918/1348 965/917/1347
f 968/920/1350 965/917/1347 969/921/1351
f 970/922/1352 969/921/1351 965/917/1347
f 969/921/1351 970/922/1352 971/923/1353
f 971/923/1353 970/922/1352 972/924/1354
f 970/922/1352 973/925/1355 972/924/1354
f 973/925/1355 970/922/1352 965/926/1347
f 974/927/1356 967/918/1348 968/920/1350
f 974/927/1356 968/920/1350 975/928/1357
f 975/928/1357 968/920/1350 976/929/1358
f 968/920/1350 969/921/1351 976/929/1358
f 976/929/1358 969/921/1351 977/930/1359
f 969/921/1351 978/931/1360 977/930/1359
f 978/931/1360 969/921/1351 971/923/1353
f 979/932/1361 974/927/1356 975/928/1357
f 979/932/1361 975/928/1357 980/933/1362
f 981/934/1363 979/932/1361 980/933/1362
f 981/934/1363 980/933/1362 982/935/1364
f 981/934/1363 982/935/1364 983/936/1365
f 984/937/1366 983/936/1365 982/935/1364
f 974/927/1356 979/932/1361 985/938/1367
f 979/932/1361 986/939/1368 985/938/1367
f 979/932/1361 981/934/1363 986/939/1368
f 986/939/1368 981/934/1363 983/936/1365
f 986/939/1368 983/936/1365 987/940/1369
f 983/936/1365 988/941/1370 987/940/1369
f 988/941/1370 983/936/1365 984/937/1366
f 989/942/1371 988/941/1370 984/937/1366
f 989/942/1371 984/937/1366 990/943/1372
f 974/927/1356 985/938/1367 967/918/1348
f 991/944/1373 967/918/1348 985/938/1367
f 986/939/1368 991/944/1373 985/938/1367
f 992/945/1374 991/944/1373 986/939/1368
f 986/939/1368 987/940/1369 992/945/1374
f 987/940/1369 993/946/1375 992/945/1374
f 993/946/1375 987/940/1369 988/941/1370
f 993/946/1375 988/941/1370 989/942/1371
f 993/946/1375 989/942/1371 994/947/1376
f 989/942/1371 995/948/1377 994/947/1376
f 996/949/1378 995/948/1377 989/942/1371
f 996/949/1378 989/942/1371 990/943/1372
f 996/949/1378 990/943/1372 997/950/1379
f 967/918/1348 991/944/1373 966/919/1349
f 966/919/1349 991/944/1373 998/951/1380
f 991/944/1373 999/952/1381 998/951/1380
f 991/944/1373 1000/953/1382 999/952/1381
f 991/944/1373 992/945/1374 1000/953/1382
f 992/945/1374 1001/954/1383 1000/953/1382
f 992/945/1374 1002/955/1384 1001/954/1383
f 992/945/1374 993/946/1375 1002/955/1384
f 993/946/1375 994/947/1376 1002/955/1384
f 966/919/1349 998/951/1380 1003/956/1385
f 966/919/1349 1003/956/1385 1004/957/1386
f 966/919/1349 1004/957/1386 965/926/1347
f 965/926/1347 1004/957/1386 1005/958/1387
f 965/926/1347 1005/958/1387 973/925/1355
f 973/925/1355 1005/958/1387 1006/959/1388
f 973/925/1355 1006/959/1388 972/924/1354
f 1001/954/1383 1002/955/1384 1007/960/1389
f 1007/960/1389 1002/955/1384 1008/961/1390
f 1008/961/1390 1002/955/1384 1009/962/1391
f 1002/955/1384 994/947/1376 1009/962/1391
f 994/947/1376 1010/963/1392 1009/962/1391
f 994/947/1376 995/948/1377 1010/963/1392
f 995/948/1377 1011/964/1393 1010/963/1392
f 1012/965/1394 1011/964/1393 995/948/1377
f 996/949/1378 1012/965/1394 995/948/1377
f 1009/962/1391 1013/966/1395 1008/961/1390
f 1010/963/1392 1013/966/1395 1009/962/1391
f 1010/963/1392 1014/967/1396 1013/966/1395
f 1011/964/1393 1014/967/1396 1010/963/1392
f 1014/967/1396 1011/964/1393 1015/968/1397
f 1011/964/1393 1016/969/1398 1015/968/1397
f 1012/965/1394 1016/969/1398 1011/964/1393
f 1012/965/1394 1017/970/1399 1016/969/1398
f 1018/971/1400 1017/970/1399 1012/965/1394
f 1018/971/1400 1012/965/1394 996/949/1378
f 1018/971/1400 996/949/1378 1019/972/1401
f 1019/972/1401 996/949/1378 997/950/1379
f 1016/969/1398 1020/973/1402 1015/968/1397
f 1016/969/1398 1021/974/1403 1020/973/1402
f 1017/970/1399 1021/974/1403 1016/969/1398
f 1017/970/1399 1022/975/1404 1021/974/1403
f 1022/975/1404 1017/970/1399 1023/976/1405
f 1017/970/1399 1018/971/1400 1023/976/1405
f 1023/976/1405 1018/971/1400 1019/972/1401
f 1020/973/1402 1021/974/1403 1024/977/1406
f 1024/977/1406 1021/974/1403 1025/978/1407
f 1021/974/1403 1022/975/1404 1025/978/1407
f 1022/975/1404 1026/979/1408 1025/978/1407
f 1025/978/1407 1026/979/1408 1027/980/1409
f 1027/980/1409 1026/979/1408 1028/981/1410
f 1024/977/1406 1025/978/1407 1027/980/1409
f 1028/981/1410 1029/982/1411 1027/980/1409
f 1028/981/1410 1030/983/1412 1029/982/1411
f 1028/981/1410 1031/984/1413 1030/983/1412
f 1032/985/1414 1031/984/1413 1028/981/1410
f 1032/985/1414 1033/986/1415 1031/984/1413
f 1032/985/1414 1034/987/1416 1033/986/1415
f 1032/985/1414 1035/988/1417 1034/987/1416
f 1028/989/1410 1035/988/1417 1032/985/1414
f 1036/990/1418 1035/988/1417 1028/989/1410
f 1037/991/1419 1036/990/1418 1028/989/1410
f 1026/992/1408 1037/991/1419 1028/989/1410
f 1034/987/1416 1038/993/1420 1033/986/1415
f 1039/994/1421 1038/993/1420 1034/987/1416
f 1038/993/1420 1039/994/1421 1040/995/1422
f 1039/994/1421 1041/996/1423 1040/995/1422
f 1039/994/1421 1042/997/1424 1041/996/1423
f 1043/998/1425 1042/997/1424 1039/994/1421
f 1034/999/1416 1043/998/1425 1039/994/1421
f 1044/1000/1426 1043/998/1425 1034/999/1416
f 1044/1000/1426 1034/999/1416 1036/990/1418
f 1035/988/1417 1036/990/1418 1034/999/1416
f 1041/996/1423 1045/1001/1427 1040/995/1422
f 1045/1001/1427 1041/996/1423 1046/1002/1428
f 1046/1002/1428 1041/996/1423 972/1003/1354
f 1041/996/1423 971/1004/1353 972/1003/1354
f 1042/997/1424 971/1004/1353 1041/996/1423
f 1042/997/1424 978/1005/1360 971/1004/1353
f 1042/997/1424 1047/1006/1429 978/1005/1360
f 1043/998/1425 1047/1006/1429 1042/997/1424
f 1047/1006/1429 1043/998/1425 1048/1007/1430
f 1048/1007/1430 1043/998/1425 1044/1000/1426
f 1048/1007/1430 1044/1000/1426 1049/1008/1431
f 1044/1000/1426 1036/990/1418 1049/1008/1431
f 1046/1002/1428 972/1003/1354 1006/1009/1388
f 1037/991/1419 1049/1008/1431 1036/990/1418
f 1047/1006/1429 1048/1007/1430 1050/1010/1432
f 977/1011/1359 1047/1006/1429 1050/1010/1432
f 978/1005/1360 1047/1006/1429 977/1011/1359
f 1026/992/1408 1051/1012/1433 1037/991/1419
f 1022/975/1404 1051/1012/1433 1026/992/1408
f 1051/1012/1433 1022/975/1404 1052/1013/1434
f 1022/975/1404 1023/976/1405 1052/1013/1434
f 1050/1010/1432 1053/1014/1435 977/1011/1359
f 1054/1015/1436 1053/1014/1435 1050/1010/1432
f 1054/1015/1436 1050/1010/1432 1048/1007/1430
f 1054/1015/1436 1048/1007/1430 1055/1016/1437
f 1056/1017/1438 1055/1016/1437 1048/1007/1430
f 1056/1017/1438 1048/1007/1430 1049/1008/1431
f 1056/1017/1438 1049/1008/1431 1057/1018/1439
f 1057/1018/1439 1049/1008/1431 1037/991/1419
f 1053/1014/1435 1054/1015/1436 1058/1019/1440
f 1059/1020/1441 1058/1019/1440 1054/1015/1436
f 1059/1020/1441 1054/1015/1436 1055/1016/1437
f 1059/1020/1441 1055/1016/1437 1060/1021/1442
f 1055/1016/1437 1056/1017/1438 1060/1021/1442
f 1056/1017/1438 1061/1022/1443 1060/1021/1442
f 1056/1017/1438 1057/1018/1439 1061/1022/1443
f 1053/1014/1435 1058/1019/1440 1062/1023/1444
f 1057/1018/1439 1063/1024/1445 1061/1022/1443
f 1057/1018/1439 1064/1025/1446 1063/1024/1445
f 1065/1026/1447 1064/1025/1446 1057/1018/1439
f 1037/991/1419 1065/1026/1447 1057/1018/1439
f 1051/1012/1433 1065/1026/1447 1037/991/1419
f 1052/1013/1434 1065/1026/1447 1051/1012/1433
f 1066/1027/1448 1065/1026/1447 1052/1013/1434
f 1023/976/1405 1066/1027/1448 1052/1013/1434
f 1023/976/1405 1067/1028/1449 1066/1027/1448
f 1019/972/1401 1067/1028/1449 1023/976/1405
f 1066/1027/1448 1064/1025/1446 1065/1026/1447
f 1066/1027/1448 1068/1029/1450 1064/1025/1446
f 1067/1028/1449 1068/1029/1450 1066/1027/1448
f 1069/1030/1451 1068/1029/1450 1067/1028/1449
f 1070/1031/1452 1069/1030/1451 1067/1028/1449
f 1019/972/1401 1070/1031/1452 1067/1028/1449
f 1019/972/1401 997/950/1379 1070/1031/1452
f 1071/1032/1453 1070/1031/1452 997/950/1379
f 1071/1032/1453 997/950/1379 990/943/1372
f 1072/1033/1454 1071/1032/1453 990/943/1372
f 984/937/1366 1072/1033/1454 990/943/1372
f 1069/1030/1451 1070/1031/1452 1073/1034/1455
f 1071/1032/1453 1073/1034/1455 1070/1031/1452
f 1073/1034/1455 1071/1032/1453 1074/1035/1456
f 1071/1032/1453 1075/1036/1457 1074/1035/1456
f 1072/1033/1454 1075/1036/1457 1071/1032/1453
f 1075/1036/1457 1072/1033/1454 1076/1037/1458
f 1077/1038/1459 1076/1037/1458 1072/1033/1454
f 984/937/1366 1077/1038/1459 1072/1033/1454
f 982/935/1364 1077/1038/1459 984/937/1366
f 982/935/1364 1078/1039/1460 1077/1038/1459
f 1078/1039/1460 982/935/1364 980/933/1362
f 1079/1040/1461 1078/1039/1460 980/933/1362
f 1079/1040/1461 980/933/1362 975/928/1357
f 1077/1038/1459 1080/1041/1462 1076/1037/1458
f 1077/1038/1459 1081/1042/1463 1080/1041/1462
f 1078/1039/1460 1081/1042/1463 1077/1038/1459
f 1081/1042/1463 1078/1039/1460 1079/1040/1461
f 1082/1043/1464 1081/1042/1463 1079/1040/1461
f 1082/1043/1464 1079/1040/1461 1083/1044/1465
f 1083/1044/1465 1079/1040/1461 1084/1045/1466
f 1084/1045/1466 1079/1040/1461 1085/1046/1467
f 1079/1040/1461 975/928/1357 1085/1046/1467
f 1085/1046/1467 975/928/1357 976/929/1358
f 1086/1047/1468 1085/1046/1467 976/929/1358
f 1086/1047/1468 976/929/1358 977/930/1359
f 1086/1047/1468 977/930/1359 1053/1048/1435
f 1062/1049/1444 1086/1047/1468 1053/1048/1435
f 1087/1050/1469 1086/1047/1468 1062/1049/1444
f 1086/1047/1468 1084/1045/1466 1085/1046/1467
f 1084/1045/1466 1086/1047/1468 1087/1050/1469
f 1088/1051/1470 1090/1052/1471 1089/1053/1472
f 1090/1052/1471 1088/1051/1470 1091/1054/1473
f 1092/1055/1474 1091/1054/1473 1088/1051/1470
f 1091/1054/1473 1092/1055/1474 1093/1056/1475
f 1093/1056/1475 1092/1055/1474 1094/1057/1476
f 1095/1058/1477 1093/1056/1475 1094/1057/1476
f 1096/1059/1478 1095/1058/1477 1094/1057/1476
f 1090/1052/1471 1091/1054/1473 1097/1060/1479
f 1097/1060/1479 1091/1054/1473 1098/1061/1480
f 1098/1061/1480 1091/1054/1473 1093/1056/1475
f 1093/1056/1475 1095/1058/1477 1098/1061/1480
f 1098/1061/1480 1095/1058/1477 1099/1062/1481
f 1099/1062/1481 1095/1058/1477 1100/1063/1482
f 1100/1063/1482 1095/1058/1477 1096/1059/1478
f 1101/1064/1483 1100/1063/1482 1096/1059/1478
f 1100/1063/1482 1101/1064/1483 1102/1065/1484
f 1090/1052/1471 1097/1060/1479 1103/1066/1485
f 1099/1062/1481 1100/1063/1482 1104/1067/1486
f 1105/1068/1487 1104/1067/1486 1100/1063/1482
f 1102/1065/1484 1105/1068/1487 1100/1063/1482
f 1105/1068/1487 1102/1065/1484 1106/1069/1488
f 1107/1070/1489 1106/1069/1488 1102/1065/1484
f 1107/1070/1489 1108/1071/1490 1106/1069/1488
f 1108/1071/1490 1107/1070/1489 1109/1072/1491
f 1109/1072/1491 1110/1073/1492 1108/1071/1490
f 1111/1074/1493 1110/1073/1492 1109/1072/1491
f 1105/1068/1487 1112/1075/1494 1104/1067/1486
f 1105/1068/1487 1113/1076/1495 1112/1075/1494
f 1105/1068/1487 1106/1069/1488 1113/1076/1495
f 1106/1069/1488 1114/1077/1496 1113/1076/1495
f 1108/1071/1490 1114/1077/1496 1106/1069/1488
f 1108/1071/1490 1115/1078/1497 1114/1077/1496
f 1110/1073/1492 1115/1078/1497 1108/1071/1490
f 1116/1079/1498 1115/1078/1497 1110/1073/1492
f 1117/1080/1499 1116/1079/1498 1110/1073/1492
f 1117/1080/1499 1110/1073/1492 1111/1074/1493
f 1117/1080/1499 1111/1074/1493 1118/1081/1500
f 1119/1082/1501 1117/1080/1499 1118/1081/1500
f 1120/1083/1502 1117/1080/1499 1119/1082/1501
f 1120/1083/1502 1119/1082/1501 1121/1084/1503
f 1121/1084/1503 1122/1085/1504 1120/1083/1502
f 1123/1086/1505 1122/1085/1504 1121/1084/1503
f 1116/1079/1498 1117/1080/1499 1124/1087/1506
f 1117/1080/1499 1120/1083/1502 1124/1087/1506
f 1120/1083/1502 1125/1088/1507 1124/1087/1506
f 1122/1085/1504 1125/1088/1507 1120/1083/1502
f 1122/1085/1504 1126/1089/1508 1125/1088/1507
f 1122/1085/1504 1127/1090/1509 1126/1089/1508
f 1127/1090/1509 1122/1085/1504 1128/1091/1510
f 1129/1092/1511 1128/1091/1510 1122/1085/1504
f 1129/1092/1511 1122/1085/1504 1123/1086/1505
f 1127/1090/1509 1130/1093/1512 1126/1089/1508
f 1127/1090/1509 1131/1094/1513 1130/1093/1512
f 1127/1090/1509 1128/1091/1510 1131/1094/1513
f 1131/1094/1513 1128/1091/1510 1132/1095/1514
f 1131/1094/1513 1132/1095/1514 1133/1096/1515
f 1131/1094/1513 1133/1096/1515 1134/1097/1516
f 1135/1098/1517 1134/1097/1516 1133/1096/1515
f 1136/1099/1518 1126/1089/1508 1130/1093/1512
f 1136/1099/1518 1130/1093/1512 1137/1100/1519
f 1138/1101/1520 1137/1100/1519 1130/1093/1512
f 1139/1102/1521 1137/1100/1519 1138/1101/1520
f 1140/1103/1522 1139/1102/1521 1138/1101/1520
f 1140/1103/1522 1138/1101/1520 1141/1104/1523
f 1142/1105/1524 1140/1103/1522 1141/1104/1523
f 1142/1105/1524 1141/1104/1523 1103/1106/1485
f 1143/1107/1525 1136/1099/1518 1137/1100/1519
f 1143/1107/1525 1137/1100/1519 1144/1108/1526
f 1137/1100/1519 1139/1102/1521 1144/1108/1526
f 1144/1108/1526 1139/1102/1521 1145/1109/1527
f 1145/1109/1527 1139/1102/1521 1140/1103/1522
f 1145/1109/1527 1140/1103/1522 1146/1110/1528
f 1146/1110/1528 1140/1103/1522 1142/1105/1524
f 1143/1107/1525 1147/1111/1529 1136/1099/1518
f 1147/1111/1529 1143/1107/1525 1148/1112/1530
f 1148/1112/1530 1143/1107/1525 1149/1113/1531
f 1150/1114/1532 1149/1113/1531 1143/1107/1525
f 1150/1114/1532 1143/1107/1525 1151/1115/1533
f 1144/1108/1526 1151/1115/1533 1143/1107/1525
f 1151/1115/1533 1144/1108/1526 1145/1109/1527
f 1152/1116/1534 1151/1115/1533 1145/1109/1527
f 1136/1099/1518 1147/1111/1529 1126/1089/1508
f 1147/1111/1529 1125/1088/1507 1126/1089/1508
f 1125/1088/1507 1147/1111/1529 1153/1117/1535
f 1153/1117/1535 1147/1111/1529 1148/1112/1530
f 1154/1118/1536 1153/1117/1535 1148/1112/1530
f 1153/1117/1535 1154/1118/1536 1155/1119/1537
f 1155/1119/1537 1154/1118/1536 1156/1120/1538
f 1125/1088/1507 1153/1117/1535 1155/1119/1537
f 1125/1088/1507 1155/1119/1537 1124/1087/1506
f 1155/1119/1537 1157/1121/1539 1124/1087/1506
f 1158/1122/1540 1157/1121/1539 1155/1119/1537
f 1158/1122/1540 1155/1119/1537 1156/1120/1538
f 1158/1122/1540 1156/1120/1538 1159/1123/1541
f 1159/1123/1541 1156/1120/1538 1160/1124/1542
f 1156/1120/1538 1154/1125/1536 1160/1124/1542
f 1124/1087/1506 1157/1121/1539 1116/1079/1498
f 1157/1121/1539 1115/1078/1497 1116/1079/1498
f 1157/1121/1539 1161/1126/1543 1115/1078/1497
f 1162/1127/1544 1161/1126/1543 1157/1121/1539
f 1162/1127/1544 1157/1121/1539 1158/1122/1540
f 1162/1127/1544 1158/1122/1540 1163/1128/1545
f 1163/1128/1545 1158/1122/1540 1159/1123/1541
f 1164/1129/1546 1163/1128/1545 1159/1123/1541
f 1164/1129/1546 1159/1123/1541 1165/1130/1547
f 1159/1123/1541 1166/1131/1548 1165/1130/1547
f 1166/1131/1548 1159/1123/1541 1160/1124/1542
f 1154/1125/1536 1166/1131/1548 1160/1124/1542
f 1161/1126/1543 1114/1077/1496 1115/1078/1497
f 1161/1126/1543 1167/1132/1549 1114/1077/1496
f 1161/1126/1543 1168/1133/1550 1167/1132/1549
f 1168/1133/1550 1161/1126/1543 1162/1127/1544
f 1168/1133/1550 1162/1127/1544 1163/1128/1545
f 1168/1133/1550 1163/1128/1545 1169/1134/1551
f 1169/1134/1551 1163/1128/1545 1170/1135/1552
f 1170/1135/1552 1163/1128/1545 1164/1129/1546
f 1167/1132/1549 1113/1076/1495 1114/1077/1496
f 1167/1132/1549 1171/1136/1553 1113/1076/1495
f 1172/1137/1554 1171/1136/1553 1167/1132/1549
f 1167/1132/1549 1168/1133/1550 1172/1137/1554
f 1168/1133/1550 1169/1134/1551 1172/1137/1554
f 1173/1138/1555 1172/1137/1554 1169/1134/1551
f 1173/1138/1555 1169/1134/1551 1174/1139/1556
f 1174/1139/1556 1169/1134/1551 1170/1135/1552
f 1171/1136/1553 1112/1075/1494 1113/1076/1495
f 1112/1075/1494 1171/1136/1553 1175/1140/1557
f 1112/1075/1494 1175/1140/1557 1104/1067/1486
f 1104/1067/1486 1175/1140/1557 1176/1141/1558
f 1177/1142/1559 1104/1067/1486 1176/1141/1558
f 1178/1143/1560 1177/1142/1559 1176/1141/1558
f 1178/1143/1560 1176/1141/1558 1179/1144/1561
f 1099/1062/1481 1104/1067/1486 1177/1142/1559
f 1177/1142/1559 1180/1145/1562 1099/1062/1481
f 1181/1146/1563 1180/1145/1562 1177/1142/1559
f 1177/1142/1559 1178/1143/1560 1181/1146/1563
f 1180/1145/1562 1098/1061/1480 1099/1062/1481
f 1182/1147/1564 1098/1061/1480 1180/1145/1562
f 1182/1147/1564 1180/1145/1562 1181/1146/1563
f 1182/1147/1564 1181/1146/1563 1183/1148/1565
f 1184/1149/1566 1182/1147/1564 1183/1148/1565
f 1184/1149/1566 1183/1148/1565 1185/1150/1567
f 1185/1150/1567 1183/1148/1565 1186/1151/1568
f 1186/1151/1568 1183/1148/1565 1187/1152/1569
f 1187/1152/1569 1183/1148/1565 1181/1153/1563
f 1188/1154/1570 1098/1061/1480 1182/1147/1564
f 1188/1154/1570 1182/1147/1564 1184/1149/1566
f 1188/1154/1570 1184/1149/1566 1189/1155/1571
f 1189/1155/1571 1184/1149/1566 1190/1156/1572
f 1190/1156/1572 1184/1149/1566 1185/1150/1567
f 1190/1156/1572 1185/1150/1567 1191/1157/1573
f 1185/1150/1567 1192/1158/1574 1191/1157/1573
f 1185/1150/1567 1193/1159/1575 1192/1158/1574
f 1193/1159/1575 1185/1150/1567 1186/1151/1568
f 1098/1061/1480 1188/1154/1570 1097/1060/1479
f 1188/1154/1570 1103/1066/1485 1097/1060/1479
f 1188/1154/1570 1189/1155/1571 1103/1066/1485
f 1191/1157/1573 1192/1158/1574 1194/1160/1576
f 1146/1110/1528 1152/1116/1534 1145/1109/1527
f 1187/1152/1569 1181/1153/1563 1195/1161/1577
f 1181/1153/1563 1179/1144/1561 1195/1161/1577
f 1178/1143/1560 1179/1144/1561 1181/1153/1563
f 1179/1144/1561 1196/1162/1578 1195/1161/1577
f 1196/1162/1578 1179/1144/1561 1176/1163/1558
f 1196/1162/1578 1176/1163/1558 1197/1164/1579
f 1197/1164/1579 1176/1163/1558 1198/1165/1580
f 1198/1165/1580 1176/1163/1558 1199/1166/1581
f 1175/1167/1557 1199/1166/1581 1176/1163/1558
f 1175/1167/1557 1200/1168/1582 1199/1166/1581
f 1175/1167/1557 1171/1136/1553 1200/1168/1582
f 1171/1136/1553 1173/1138/1555 1200/1168/1582
f 1171/1136/1553 1172/1137/1554 1173/1138/1555
f 1200/1168/1582 1201/1169/1583 1199/1166/1581
f 1173/1138/1555 1201/1169/1583 1200/1168/1582
f 1173/1138/1555 1174/1139/1556 1201/1169/1583
f 1166/1131/1548 1154/1125/1536 1202/1170/1584
f 1154/1125/1536 1203/1171/1585 1202/1170/1584
f 1154/1125/1536 1149/1113/1531 1203/1171/1585
f 1154/1125/1536 1148/1112/1530 1149/1113/1531
f 1142/1105/1524 1204/1172/1586 1146/1110/1528
f 1204/1172/1586 1142/1105/1524 1190/1173/1572
f 1142/1105/1524 1189/1174/1571 1190/1173/1572
f 1189/1174/1571 1142/1105/1524 1103/1106/1485
f 1204/1172/1586 1190/1173/1572 1191/1175/1573
f 1205/1176/1587 1204/1172/1586 1191/1175/1573
f 1194/1177/1576 1205/1176/1587 1191/1175/1573
f 1206/1178/1588 1205/1176/1587 1194/1177/1576
f 1206/1178/1588 1146/1179/1528 1205/1176/1587
f 1207/1180/1589 1146/1179/1528 1206/1178/1588
f 1152/1116/1534 1146/1179/1528 1207/1180/1589
f 1208/1181/1590 1152/1116/1534 1207/1180/1589
f 1204/1172/1586 1205/1176/1587 1146/1179/1528
f 1152/1116/1534 1208/1181/1590 1209/1182/1591
f 1151/1115/1533 1152/1116/1534 1209/1182/1591
f 1210/1183/1592 1151/1115/1533 1209/1182/1591
f 1211/1184/1593 1151/1115/1533 1210/1183/1592
f 1211/1184/1593 1150/1114/1532 1151/1115/1533
f 1150/1114/1532 1211/1184/1593 1149/1113/1531
f 1149/1113/1531 1211/1184/1593 1212/1185/1594
f 1203/1171/1585 1149/1113/1531 1212/1185/1594
f 1130/1093/1512 1131/1094/1513 1138/1101/1520
f 1138/1101/1520 1131/1094/1513 1134/1097/1516
f 1138/1101/1520 1134/1097/1516 1141/1104/1523
f 1134/1097/1516 1213/1186/1595 1141/1104/1523
f 1213/1186/1595 1134/1097/1516 1135/1098/1517
f 1213/1186/1595 1135/1098/1517 1089/1187/1472
f 1213/1186/1595 1089/1187/1472 1090/1188/1471
f 1103/1106/1485 1213/1186/1595 1090/1188/1471
f 1141/1104/1523 1213/1186/1595 1103/1106/1485
f 957/1189/1338 1214/1190/1596 956/1191/1339
f 957/1189/1338 1215/1192/1597 1214/1190/1596
f 957/1189/1338 963/1193/1345 1215/1192/1597
f 1216/1194/1598 1215/1192/1597 963/1193/1345
f 1215/1192/1597 1216/1194/1598 1217/1195/1599
f 1215/1192/1597 1217/1195/1599 1218/1196/1600
f 1218/1196/1600 1217/1195/1599 1219/1197/1601
f 1219/1197/1601 1217/1195/1599 1220/1198/1602
f 1214/1190/1596 1215/1192/1597 1221/1199/1603
f 1215/1192/1597 1218/1196/1600 1221/1199/1603
f 1218/1196/1600 1222/1200/1604 1221/1199/1603
f 1222/1200/1604 1218/1196/1600 1219/1197/1601
f 1219/1197/1601 1223/1201/1605 1222/1200/1604
f 1219/1197/1601 1224/1202/1606 1223/1201/1605
f 1219/1197/1601 1220/1198/1602 1224/1202/1606
f 1225/1203/1607 1224/1202/1606 1220/1198/1602
f 1224/1202/1606 1225/1203/1607 1226/1204/1608
f 1226/1204/1608 1225/1203/1607 1227/1205/1609
f 1227/1205/1609 1228/1206/1610 1226/1204/1608
f 1228/1206/1610 1227/1205/1609 1229/1207/1611
f 1223/1201/1605 1224/1202/1606 1230/1208/1612
f 1230/1208/1612 1224/1202/1606 1231/1209/1613
f 1224/1202/1606 1226/1204/1608 1231/1209/1613
f 1226/1204/1608 1232/1210/1614 1231/1209/1613
f 1232/1210/1614 1226/1204/1608 1233/1211/1615
f 1226/1204/1608 1228/1206/1610 1233/1211/1615
f 1233/1211/1615 1228/1206/1610 1234/1212/1616
f 1235/1213/1617 1234/1212/1616 1228/1206/1610
f 1229/1207/1611 1235/1213/1617 1228/1206/1610
f 1229/1207/1611 1236/1214/1618 1235/1213/1617
f 1237/1215/1619 1236/1214/1618 1229/1207/1611
f 1237/1215/1619 964/1216/1346 1236/1214/1618
f 1236/1214/1618 964/1216/1346 961/1217/1343
f 1236/1214/1618 961/1217/1343 1238/1218/1620
f 1238/1218/1620 961/1217/1343 962/1219/1344
f 1234/1212/1616 1235/1213/1617 1239/1220/1621
f 1235/1213/1617 1236/1214/1618 1239/1220/1621
f 1236/1214/1618 1238/1218/1620 1239/1220/1621
f 1240/1221/1622 1242/1222/1623 1241/1223/1624
f 1240/1221/1622 1243/1224/1625 1242/1222/1623
f 1244/1225/1626 1243/1224/1625 1240/1221/1622
f 1245/1226/1627 1243/1224/1625 1244/1225/1626
f 1245/1226/1627 1244/1225/1626 1246/1227/1628
f 1245/1226/1627 1246/1227/1628 1247/1228/1629
f 1248/1229/1630 1245/1226/1627 1247/1228/1629
f 1243/1224/1625 1249/1230/1631 1242/1222/1623
f 1243/1224/1625 1250/1231/1632 1249/1230/1631
f 1245/1226/1627 1250/1231/1632 1243/1224/1625
f 1251/1232/1633 1250/1231/1632 1245/1226/1627
f 1251/1232/1633 1245/1226/1627 1248/1229/1630
f 1252/1233/1634 1251/1232/1633 1248/1229/1630
f 1252/1233/1634 1253/1234/1635 1251/1232/1633
f 1252/1233/1634 1254/1235/1636 1253/1234/1635
f 1250/1231/1632 1255/1236/1637 1249/1230/1631
f 1250/1231/1632 1256/1237/1638 1255/1236/1637
f 1251/1232/1633 1256/1237/1638 1250/1231/1632
f 1253/1234/1635 1256/1237/1638 1251/1232/1633
f 1253/1234/1635 1257/1238/1639 1256/1237/1638
f 1257/1238/1639 1253/1234/1635 1258/1239/1640
f 1253/1234/1635 1254/1235/1636 1258/1239/1640
f 1254/1235/1636 1259/1240/1641 1258/1239/1640
f 1259/1240/1641 1254/1235/1636 1260/1241/1642
f 1261/1242/1643 1259/1240/1641 1260/1241/1642
f 1256/1237/1638 1262/1243/1644 1255/1236/1637
f 1256/1237/1638 1257/1238/1639 1262/1243/1644
f 1257/1238/1639 1263/1244/1645 1262/1243/1644
f 1257/1238/1639 1264/1245/1646 1263/1244/1645
f 1257/1238/1639 1258/1239/1640 1264/1245/1646
f 1259/1240/1641 1264/1245/1646 1258/1239/1640
f 1259/1240/1641 1265/1246/1647 1264/1245/1646
f 1266/1247/1648 1265/1246/1647 1259/1240/1641
f 1266/1247/1648 1259/1240/1641 1261/1242/1643
f 1267/1248/1649 1266/1247/1648 1261/1242/1643
f 1267/1248/1649 1261/1242/1643 1268/1249/1650
f 1269/1250/1651 1267/1248/1649 1268/1249/1650
f 1264/1245/1646 1270/1251/1652 1263/1244/1645
f 1264/1245/1646 1265/1246/1647 1270/1251/1652
f 1265/1246/1647 1271/1252/1653 1270/1251/1652
f 1265/1246/1647 1272/1253/1654 1271/1252/1653
f 1265/1246/1647 1266/1247/1648 1272/1253/1654
f 1272/1253/1654 1266/1247/1648 1267/1248/1649
f 1267/1248/1649 1273/1254/1655 1272/1253/1654
f 1274/1255/1656 1273/1254/1655 1267/1248/1649
f 1274/1255/1656 1267/1248/1649 1269/1250/1651
f 1275/1256/1657 1274/1255/1656 1269/1250/1651
f 1275/1256/1657 1276/1257/1658 1274/1255/1656
f 1276/1257/1658 1275/1256/1657 1277/1258/1659
f 1277/1258/1659 1275/1256/1657 1278/1259/1660
f 1272/1253/1654 1279/1260/1661 1271/1252/1653
f 1272/1253/1654 1273/1254/1655 1279/1260/1661
f 1273/1254/1655 1280/1261/1662 1279/1260/1661
f 1273/1254/1655 1281/1262/1663 1280/1261/1662
f 1274/1255/1656 1281/1262/1663 1273/1254/1655
f 1276/1257/1658 1281/1262/1663 1274/1255/1656
f 1276/1257/1658 1282/1263/1664 1281/1262/1663
f 1277/1258/1659 1282/1263/1664 1276/1257/1658
f 1283/1264/1665 1282/1263/1664 1277/1258/1659
f 1284/1265/1666 1283/1264/1665 1277/1258/1659
f 1284/1265/1666 1277/1258/1659 1285/1266/1667
f 1285/1266/1667 1277/1258/1659 1278/1259/1660
f 1281/1262/1663 1286/1267/1668 1280/1261/1662
f 1281/1262/1663 1282/1263/1664 1286/1267/1668
f 1282/1263/1664 1287/1268/1669 1286/1267/1668
f 1282/1263/1664 1283/1264/1665 1287/1268/1669
f 1283/1264/1665 1288/1269/1670 1287/1268/1669
f 1283/1264/1665 1289/1270/1671 1288/1269/1670
f 1284/1265/1666 1289/1270/1671 1283/1264/1665
f 1289/1270/1671 1284/1265/1666 1290/1271/1672
f 1284/1265/1666 1285/1266/1667 1290/1271/1672
f 1285/1266/1667 1291/1272/1673 1290/1271/1672
f 1291/1272/1673 1292/1273/1674 1290/1271/1672
f 1290/1271/1672 1292/1273/1674 1293/1274/1675
f 1293/1274/1675 1292/1273/1674 1294/1275/1676
f 1292/1273/1674 1295/1276/1677 1294/1275/1676
f 1289/1270/1671 1296/1277/1678 1288/1269/1670
f 1289/1270/1671 1297/1278/1679 1296/1277/1678
f 1289/1270/1671 1290/1271/1672 1297/1278/1679
f 1297/1278/1679 1290/1271/1672 1293/1274/1675
f 1293/1274/1675 1298/1279/1680 1297/1278/1679
f 1298/1279/1680 1293/1274/1675 1294/1275/1676
f 1298/1279/1680 1294/1275/1676 1299/1280/1681
f 1299/1280/1681 1294/1275/1676 1300/1281/1682
f 1294/1275/1676 1301/1282/1683 1300/1281/1682
f 1295/1276/1677 1301/1282/1683 1294/1275/1676
f 1297/1278/1679 1302/1283/1684 1296/1277/1678
f 1297/1278/1679 1298/1279/1680 1302/1283/1684
f 1298/1279/1680 1303/1284/1685 1302/1283/1684
f 1298/1279/1680 1299/1280/1681 1303/1284/1685
f 1299/1280/1681 1241/1285/1624 1303/1284/1685
f 1299/1280/1681 1240/1286/1622 1241/1285/1624
f 1299/1280/1681 1300/1281/1682 1240/1286/1622
f 1240/1286/1622 1300/1281/1682 1244/1287/1626
f 1300/1281/1682 1246/1288/1628 1244/1287/1626
f 1300/1281/1682 1301/1282/1683 1246/1288/1628
f 1304/1289/1686 1306/1290/1687 1305/1291/1688
f 1307/1292/1689 1306/1290/1687 1304/1289/1686
f 1308/1293/1690 1306/1290/1687 1307/1292/1689
f 1309/1294/1691 1306/1290/1687 1308/1293/1690
f 1308/1293/1690 1310/1295/1692 1309/1294/1691
f 1309/1294/1691 1310/1295/1692 1311/1296/1693
f 1312/1297/1694 1314/1298/1695 1313/1299/1696
f 1312/1297/1694 1315/1300/1697 1314/1298/1695
f 1312/1297/1694 1316/1301/1698 1315/1300/1697
f 1317/1302/1699 1316/1301/1698 1312/1297/1694
f 1317/1302/1699 1318/1303/1700 1316/1301/1698
f 1319/1304/1701 1318/1303/1700 1317/1302/1699
f 1314/1298/1695 1315/1300/1697 1304/1305/1686
f 1304/1305/1686 1315/1300/1697 1307/1306/1689
f 1316/1301/1698 1307/1306/1689 1315/1300/1697
f 1316/1301/1698 1308/1307/1690 1307/1306/1689
f 1316/1301/1698 1318/1303/1700 1308/1307/1690
f 1308/1307/1690 1318/1303/1700 1310/1308/1692
f 1310/1308/1692 1318/1303/1700 1311/1309/1693
f 1320/1310/1702 1311/1309/1693 1318/1303/1700
f 1319/1304/1701 1320/1310/1702 1318/1303/1700
f 1319/1304/1701 1321/1311/1703 1320/1310/1702
f 1321/1311/1703 1319/1304/1701 1322/1312/1704
f 1322/1312/1704 1323/1313/1705 1321/1311/1703
f 1324/1314/1706 1323/1313/1705 1322/1312/1704
f 1320/1310/1702 1321/1311/1703 1311/1309/1693
f 1321/1311/1703 130/1315/128 1311/1309/1693
f 1321/1311/1703 132/1316/130 130/1315/128
f 1323/1313/1705 132/1316/130 1321/1311/1703
f 132/1316/130 1323/1313/1705 134/1317/132
f 134/1317/132 1323/1313/1705 1325/1318/1707
f 1325/1318/1707 1323/1313/1705 1324/1314/1706
f 1325/1318/1707 1324/1314/1706 1326/1319/1708
f 1326/1319/1708 1324/1314/1706 1327/1320/1709
f 1311/1309/1693 130/1315/128 127/1321/125
f 1311/1309/1693 127/1321/125 1328/1322/1710
f 1328/1322/1710 127/1321/125 125/1323/124
f 1311/1309/1693 1328/1322/1710 1329/1324/1711
f 1311/1309/1693 1329/1324/1711 1309/1325/1691
f 134/1317/132 1325/1318/1707 137/1326/135
f 137/1326/135 1325/1318/1707 1326/1319/1708
f 1330/1327/1712 137/1326/135 1326/1319/1708
f 1327/1320/1709 1330/1327/1712 1326/1319/1708
f 1331/1328/1713 1330/1327/1712 1327/1320/1709
f 1332/1329/1714 1331/1328/1713 1327/1320/1709
f 1333/1330/1715 1331/1328/1713 1332/1329/1714
f 1333/1330/1715 1332/1329/1714 1313/1331/1696
f 1333/1330/1715 1313/1331/1696 1314/1332/1695
f 1304/1333/1686 1333/1330/1715 1314/1332/1695
f 137/1326/135 1330/1327/1712 138/1334/136
f 1331/1328/1713 138/1334/136 1330/1327/1712
f 1331/1328/1713 140/1335/138 138/1334/136
f 140/1335/138 1331/1328/1713 144/1336/140
f 144/1336/140 1331/1328/1713 1333/1330/1715
f 144/1336/140 1333/1330/1715 1304/1333/1686
f 144/1336/140 1304/1333/1686 145/1337/141
f 87/72/81 1335/1338/1716 1334/1339/1717
f 87/72/81 85/71/80 1335/1338/1716
f 1335/1338/1716 85/71/80 1336/1340/1718
f 85/71/80 1337/1341/1719 1336/1340/1718
f 1338/1342/1720 1336/1340/1718 1337/1341/1719
f 1339/1343/1721 1338/1342/1720 1337/1341/1719
f 1337/1341/1719 1340/1344/1722 1339/1343/1721
f 1337/1341/1719 91/79/86 1340/1344/1722
f 1340/1344/1722 91/79/86 1341/1345/1723
f 91/79/86 1342/1346/1724 1341/1345/1723
f 91/79/86 92/81/88 1342/1346/1724
f 1342/1346/1724 92/81/88 1343/1347/1725
f 92/81/88 1344/1348/1726 1343/1347/1725
f 92/81/88 89/77/84 1344/1348/1726
f 1344/1348/1726 89/77/84 1345/1349/1727
f 89/77/84 1346/1350/1728 1345/1349/1727
f 89/77/84 88/75/83 1346/1350/1728
f 1346/1350/1728 88/75/83 1347/1351/1729
f 88/75/83 1348/1352/1730 1347/1351/1729
f 88/75/83 87/74/81 1348/1352/1730
f 1348/1352/1730 87/74/81 1334/1353/1717
f 85/71/80 1349/1354/1731 1337/1341/1719
f 1349/1354/1731 1350/1355/1732 1337/1341/1719
f 1350/1355/1732 91/79/86 1337/1341/1719
f 1351/1356/1733 1353/1357/1734 1352/1358/1735
f 1351/1356/1733 1354/1359/1736 1353/1357/1734
f 1351/1356/1733 1355/1360/1737 1354/1359/1736
f 1354/1359/1736 1355/1360/1737 1356/1361/1738
f 1357/1362/1739 1356/1361/1738 1355/1360/1737
f 1357/1362/1739 1358/1363/1740 1356/1361/1738
f 916/1364/1298 919/1365/1301 922/1366/1304
f 916/1364/1298 922/1366/1304 913/1367/1294
f 913/1367/1294 922/1366/1304 912/1368/1295
f 922/1366/1304 928/1369/1310 912/1368/1295
f 925/1370/1307 928/1369/1310 922/1366/1304
f 1358/1363/1740 1359/1371/1741 1356/1361/1738
f 1359/1371/1741 1358/1363/1740 1360/1372/1742
f 1358/1363/1740 1361/1373/1743 1360/1372/1742
f 1361/1373/1743 1362/1374/1744 1360/1372/1742
f 1362/1374/1744 1361/1373/1743 1363/1375/1745
f 1362/1374/1744 1363/1375/1745 1364/1376/1746
f 1364/1376/1746 1363/1375/1745 1365/1377/1747
f 1365/1377/1747 1366/1378/1748 1364/1376/1746
f 1365/1377/1747 1367/1379/1749 1366/1378/1748
f 1367/1379/1749 1368/1380/1750 1366/1378/1748
f 1367/1379/1749 1369/1381/1751 1368/1380/1750
f 1368/1380/1750 1369/1381/1751 1370/1382/1752
f 1369/1381/1751 1371/1383/1753 1370/1382/1752
f 1371/1383/1753 1372/1384/1754 1370/1382/1752
f 1373/1385/1755 1372/1384/1754 1371/1383/1753
f 1372/1384/1754 1373/1385/1755 1374/1386/1756
f 1374/1386/1756 1373/1385/1755 1375/1387/1757
f 1374/1386/1756 1375/1387/1757 1376/1388/1758
f 1377/1389/1759 1376/1388/1758 1375/1387/1757
f 1377/1389/1759 1352/1390/1735 1376/1388/1758
f 1376/1388/1758 1352/1390/1735 1353/1391/1734
f 1378/1392/1760 1380/1393/1761 1379/1394/1762
f 1380/1393/1761 1381/1395/1763 1379/1394/1762
f 1381/1395/1763 1380/1393/1761 1382/1396/1764
f 1381/1395/1763 1382/1396/1764 1383/1397/1765
f 1382/1396/1764 1384/1398/1766 1383/1397/1765
f 1382/1396/1764 1385/1399/1767 1384/1398/1766
f 1384/1398/1766 1385/1399/1767 1386/1400/1768
f 1387/1401/1769 1384/1398/1766 1386/1400/1768
f 1386/1400/1768 1388/1402/1770 1387/1401/1769
f 1388/1402/1770 1389/1403/1771 1387/1401/1769
f 1388/1402/1770 1390/1404/1772 1389/1403/1771
f 1388/1402/1770 1391/1405/1773 1390/1404/1772
f 1391/1405/1773 1392/1406/1774 1390/1404/1772
f 1391/1405/1773 1393/1407/1775 1392/1406/1774
f 1392/1406/1774 1393/1407/1775 1394/1408/1776
f 1395/1409/1777 1394/1408/1776 1393/1407/1775
f 1394/1408/1776 1395/1409/1777 1396/1410/1778
f 1396/1410/1778 1397/1411/1779 1394/1408/1776
f 1396/1410/1778 1398/1412/1780 1397/1411/1779
f 1397/1411/1779 1398/1412/1780 1399/1413/1781
f 1398/1412/1780 1400/1414/1782 1399/1413/1781
f 1400/1414/1782 1401/1415/1783 1399/1413/1781
f 1401/1415/1783 1400/1414/1782 1402/1416/1784
f 1402/1416/1784 1400/1414/1782 1403/1417/1785
f 1402/1416/1784 1403/1417/1785 1404/1418/1786
f 1404/1418/1786 1405/1419/1787 1402/1416/1784
f 1404/1418/1786 1406/1420/1788 1405/1419/1787
f 1404/1418/1786 1407/1421/1789 1406/1420/1788
f 1407/1421/1789 1379/1422/1762 1406/1420/1788
f 1407/1421/1789 1378/1423/1760 1379/1422/1762
f 1332/1424/1714 1312/1425/1694 1313/1426/1696
f 1317/1427/1699 1312/1425/1694 1332/1424/1714
f 1332/1424/1714 1319/1428/1701 1317/1427/1699
f 1322/1429/1704 1319/1428/1701 1332/1424/1714
f 1332/1424/1714 1324/1430/1706 1322/1429/1704
f 1327/1431/1709 1324/1430/1706 1332/1424/1714
f 1408/1432/1790 1410/1433/1791 1409/1434/1792
f 1408/1432/1790 1411/1435/1793 1410/1433/1791
f 1408/1432/1790 1412/1436/1794 1411/1435/1793
f 1408/1432/1790 1413/1437/1795 1412/1436/1794
f 1414/1438/1796 1413/1437/1795 1408/1432/1790
f 1414/1438/1796 1408/1432/1790 1409/1434/1792
f 1414/1438/1796 1409/1434/1792 1415/1439/1797
f 1416/1440/1798 1414/1438/1796 1415/1439/1797
f 1416/1440/1798 1415/1439/1797 1417/1441/1799
f 1411/1435/1793 1412/1436/1794 1418/1442/1800
f 1418/1442/1800 1412/1436/1794 1419/1443/1801
f 1418/1442/1800 1419/1443/1801 1420/1444/1802
f 1420/1444/1802 1421/1445/1803 1418/1442/1800
f 1422/1446/1804 1421/1445/1803 1420/1444/1802
f 1422/1446/1804 1423/1447/1805 1421/1445/1803
f 1422/1446/1804 1424/1448/1806 1423/1447/1805
f 1424/1448/1806 1425/1449/1807 1423/1447/1805
f 1425/1449/1807 1424/1448/1806 1426/1450/1808
f 1425/1449/1807 1426/1450/1808 1427/1451/1809
f 1428/1452/1810 1427/1451/1809 1426/1450/1808
f 1428/1452/1810 1429/1453/1811 1427/1451/1809
f 1429/1453/1811 1428/1452/1810 1430/1454/1812
f 1430/1454/1812 1431/1455/1813 1429/1453/1811
f 1430/1454/1812 1432/1456/1814 1431/1455/1813
f 1431/1455/1813 1432/1456/1814 1433/1457/1815
f 1431/1455/1813 1433/1457/1815 1434/1458/1816
f 1435/1459/1817 1434/1458/1816 1433/1457/1815
f 1435/1459/1817 1436/1460/1818 1434/1458/1816
f 1435/1459/1817 1437/1461/1819 1436/1460/1818
f 1437/1461/1819 1435/1459/1817 1433/1457/1815
f 1437/1461/1819 1433/1457/1815 1438/1462/1820
f 1432/1456/1814 1438/1462/1820 1433/1457/1815
f 1434/1458/1816 1436/1460/1818 1439/1463/1821
f 1436/1460/1818 1437/1461/1819 1440/1464/1822
f 1441/1465/1823 1440/1464/1822 1437/1461/1819
f 1442/1466/1824 1441/1465/1823 1437/1461/1819
f 1442/1466/1824 1437/1461/1819 1438/1462/1820
f 1442/1466/1824 1438/1462/1820 1443/1467/1825
f 1438/1462/1820 1444/1468/1826 1443/1467/1825
f 1444/1468/1826 1438/1462/1820 1445/1469/1827
f 1438/1462/1820 1446/1470/1828 1445/1469/1827
f 1438/1462/1820 1432/1456/1814 1446/1470/1828
f 1440/1464/1822 1441/1465/1823 146/1471/142
f 1441/1465/1823 1447/1472/1829 146/1471/142
f 1441/1465/1823 1448/1473/1830 1447/1472/1829
f 1441/1465/1823 1442/1466/1824 1448/1473/1830
f 1449/1474/1831 1448/1473/1830 1442/1466/1824
f 1450/1475/1832 1449/1474/1831 1442/1466/1824
f 1450/1475/1832 1442/1466/1824 1451/1476/1833
f 1451/1476/1833 1442/1466/1824 1452/1477/1834
f 1452/1477/1834 1442/1466/1824 1443/1467/1825
f 146/1471/142 1447/1472/1829 126/1478/123
f 126/1478/123 1447/1472/1829 125/1479/124
f 1447/1472/1829 1453/1480/1835 125/1479/124
f 1448/1473/1830 1453/1480/1835 1447/1472/1829
f 1448/1473/1830 1454/1481/1836 1453/1480/1835
f 1448/1473/1830 1449/1474/1831 1454/1481/1836
f 1449/1474/1831 1450/1475/1832 1454/1481/1836
f 1454/1481/1836 1450/1475/1832 1455/1482/1837
f 1456/1483/1838 1455/1482/1837 1450/1475/1832
f 1450/1475/1832 1457/1484/1839 1456/1483/1838
f 1457/1484/1839 1450/1475/1832 1451/1476/1833
f 125/1479/124 1453/1480/1835 1458/1485/1840
f 1453/1480/1835 1454/1481/1836 1459/1486/1841
f 1454/1481/1836 1460/1487/1842 1459/1486/1841
f 1454/1481/1836 1455/1482/1837 1460/1487/1842
f 1455/1482/1837 1461/1488/1843 1460/1487/1842
f 1455/1482/1837 1456/1483/1838 1461/1488/1843
f 1462/1489/1844 1461/1488/1843 1456/1483/1838
f 1463/1490/1845 1461/1488/1843 1462/1489/1844
f 1463/1490/1845 1464/1491/1846 1461/1488/1843
f 1465/1492/1847 1464/1491/1846 1463/1490/1845
f 1464/1491/1846 1465/1492/1847 1466/1493/1848
f 1460/1487/1842 1461/1488/1843 1467/1494/1849
f 1468/1495/1850 1467/1494/1849 1461/1488/1843
f 1469/1496/1851 1468/1495/1850 1461/1488/1843
f 1461/1488/1843 1470/1497/1852 1469/1496/1851
f 1464/1491/1846 1470/1497/1852 1461/1488/1843
f 1471/1498/1853 1470/1497/1852 1464/1491/1846
f 1466/1493/1848 1471/1498/1853 1464/1491/1846
f 1472/1499/1854 1471/1498/1853 1466/1493/1848
f 1468/1495/1850 1473/1500/1855 1467/1494/1849
f 1468/1495/1850 1469/1496/1851 1473/1500/1855
f 1469/1496/1851 1474/1501/1856 1473/1500/1855
f 1469/1496/1851 915/1502/1297 1474/1501/1856
f 1469/1496/1851 917/1503/1299 915/1502/1297
f 1470/1497/1852 917/1503/1299 1469/1496/1851
f 917/1503/1299 1470/1497/1852 918/1504/1300
f 918/1504/1300 1470/1497/1852 1475/1505/1857
f 1470/1497/1852 1476/1506/1858 1475/1505/1857
f 1476/1506/1858 1470/1497/1852 1477/1507/1859
f 1471/1498/1853 1477/1507/1859 1470/1497/1852
f 1474/1501/1856 915/1502/1297 1478/1508/1860
f 914/1509/1296 1478/1508/1860 915/1502/1297
f 1478/1508/1860 914/1509/1296 911/1510/1293
f 1478/1508/1860 911/1510/1293 1479/1511/1861
f 1476/1506/1858 1477/1507/1859 1480/1512/1862
f 1477/1507/1859 1481/1513/1863 1480/1512/1862
f 1477/1507/1859 1471/1498/1853 1481/1513/1863
f 1471/1498/1853 1482/1514/1864 1481/1513/1863
f 1471/1498/1853 1472/1499/1854 1482/1514/1864
f 1483/1515/1865 1482/1514/1864 1472/1499/1854
f 1483/1515/1865 1472/1499/1854 1484/1516/1866
f 1485/1517/1867 1483/1515/1865 1484/1516/1866
f 1486/1518/1868 1483/1515/1865 1485/1517/1867
f 1486/1518/1868 1485/1517/1867 1487/1519/1869
f 1481/1513/1863 1482/1514/1864 1488/1520/1870
f 1482/1514/1864 1489/1521/1871 1488/1520/1870
f 1482/1514/1864 1490/1522/1872 1489/1521/1871
f 1482/1514/1864 1486/1518/1868 1490/1522/1872
f 1486/1518/1868 1482/1514/1864 1483/1515/1865
f 1490/1522/1872 1491/1523/1873 1489/1521/1871
f 1492/1524/1874 1491/1523/1873 1490/1522/1872
f 1493/1525/1875 1492/1524/1874 1490/1522/1872
f 1490/1522/1872 1486/1518/1868 1493/1525/1875
f 1494/1526/1876 1493/1525/1875 1486/1518/1868
f 1494/1526/1876 1486/1518/1868 1495/1527/1877
f 1495/1527/1877 1486/1518/1868 1487/1519/1869
f 1492/1524/1874 1496/1528/1878 1491/1523/1873
f 1493/1525/1875 1496/1528/1878 1492/1524/1874
f 1497/1529/1879 1496/1528/1878 1493/1525/1875
f 1497/1529/1879 1493/1525/1875 1498/1530/1880
f 1498/1530/1880 1493/1525/1875 1499/1531/1881
f 1493/1525/1875 1494/1526/1876 1499/1531/1881
f 1499/1531/1881 1494/1526/1876 1500/1532/1882
f 1501/1533/1883 1500/1532/1882 1494/1526/1876
f 1501/1533/1883 1494/1526/1876 1495/1527/1877
f 1496/1528/1878 1502/1534/1884 1491/1523/1873
f 1502/1534/1884 1496/1528/1878 1503/1535/1885
f 1504/1536/1886 1503/1535/1885 1496/1528/1878
f 1497/1529/1879 1504/1536/1886 1496/1528/1878
f 1504/1536/1886 1497/1529/1879 1505/1537/1887
f 1497/1529/1879 1033/1538/1415 1505/1537/1887
f 1497/1529/1879 1498/1530/1880 1033/1538/1415
f 1498/1530/1880 1031/1539/1413 1033/1538/1415
f 1031/1539/1413 1498/1530/1880 1030/1540/1412
f 1498/1530/1880 1506/1541/1888 1030/1540/1412
f 1499/1531/1881 1506/1541/1888 1498/1530/1880
f 1499/1531/1881 1500/1532/1882 1506/1541/1888
f 1504/1536/1886 1507/1542/1889 1503/1535/1885
f 1504/1536/1886 1508/1543/1890 1507/1542/1889
f 1505/1537/1887 1508/1543/1890 1504/1536/1886
f 1508/1543/1890 1505/1537/1887 1509/1544/1891
f 1505/1537/1887 1040/1545/1422 1509/1544/1891
f 1505/1537/1887 1038/1546/1420 1040/1545/1422
f 1038/1546/1420 1505/1537/1887 1033/1538/1415
f 1508/1543/1890 1510/1547/1892 1507/1542/1889
f 1510/1547/1892 1508/1543/1890 1511/1548/1893
f 1508/1543/1890 1512/1549/1894 1511/1548/1893
f 1512/1549/1894 1508/1543/1890 1509/1544/1891
f 1045/1550/1427 1512/1549/1894 1509/1544/1891
f 1045/1550/1427 1509/1544/1891 1040/1545/1422
f 1507/1542/1889 1510/1547/1892 1513/1551/1895
f 1513/1551/1895 1510/1547/1892 1514/1552/1896
f 1510/1547/1892 1515/1553/1897 1514/1552/1896
f 1511/1548/1893 1515/1553/1897 1510/1547/1892
f 1516/1554/1898 1515/1553/1897 1511/1548/1893
f 1516/1554/1898 1511/1548/1893 1517/1555/1899
f 1511/1548/1893 1518/1556/1900 1517/1555/1899
f 1518/1556/1900 1511/1548/1893 1512/1549/1894
f 1518/1556/1900 1512/1549/1894 1045/1550/1427
f 1518/1556/1900 1045/1550/1427 1046/1557/1428
f 1514/1552/1896 1519/1558/1901 1513/1551/1895
f 1519/1558/1901 1514/1552/1896 1520/1559/1902
f 1515/1553/1897 1520/1559/1902 1514/1552/1896
f 1515/1553/1897 1521/1560/1903 1520/1559/1902
f 1515/1553/1897 1522/1561/1904 1521/1560/1903
f 1522/1561/1904 1515/1553/1897 1516/1554/1898
f 1523/1562/1905 1522/1561/1904 1516/1554/1898
f 1523/1562/1905 1516/1554/1898 1524/1563/1906
f 1516/1554/1898 1517/1555/1899 1524/1563/1906
f 1524/1563/1906 1517/1555/1899 1525/1564/1907
f 1525/1564/1907 1517/1555/1899 1526/1565/1908
f 1517/1555/1899 1518/1556/1900 1526/1565/1908
f 1518/1556/1900 1046/1557/1428 1526/1565/1908
f 1527/1566/1909 1526/1565/1908 1046/1557/1428
f 1527/1566/1909 1046/1557/1428 1006/1567/1388
f 1522/1561/1904 1528/1568/1910 1521/1560/1903
f 1522/1561/1904 1529/1569/1911 1528/1568/1910
f 1529/1569/1911 1522/1561/1904 1530/1570/1912
f 1522/1561/1904 1523/1562/1905 1530/1570/1912
f 1523/1562/1905 1193/1571/1575 1530/1570/1912
f 1523/1562/1905 1524/1563/1906 1193/1571/1575
f 1193/1571/1575 1524/1563/1906 1192/1572/1574
f 1192/1572/1574 1524/1563/1906 1525/1564/1907
f 1521/1560/1903 1528/1568/1910 1531/1573/1913
f 1531/1573/1913 1528/1568/1910 1532/1574/1914
f 1528/1568/1910 1533/1575/1915 1532/1574/1914
f 1533/1575/1915 1528/1568/1910 1529/1569/1911
f 1195/1576/1577 1533/1575/1915 1529/1569/1911
f 1529/1569/1911 1187/1577/1569 1195/1576/1577
f 1187/1577/1569 1529/1569/1911 1186/1578/1568
f 1186/1578/1568 1529/1569/1911 1530/1570/1912
f 1530/1570/1912 1193/1571/1575 1186/1578/1568
f 1532/1574/1914 1534/1579/1916 1531/1573/1913
f 1534/1579/1916 1532/1574/1914 1535/1580/1917
f 1532/1574/1914 1536/1581/1918 1535/1580/1917
f 1532/1574/1914 1537/1582/1919 1536/1581/1918
f 1532/1574/1914 1533/1575/1915 1537/1582/1919
f 1537/1582/1919 1533/1575/1915 1538/1583/1920
f 1538/1583/1920 1533/1575/1915 1195/1576/1577
f 1196/1584/1578 1538/1583/1920 1195/1576/1577
f 1538/1583/1920 1196/1584/1578 1197/1585/1579
f 1539/1586/1921 1538/1583/1920 1197/1585/1579
f 1198/1587/1580 1539/1586/1921 1197/1585/1579
f 1535/1580/1917 1536/1581/1918 1540/1588/1922
f 1536/1581/1918 1537/1582/1919 1540/1588/1922
f 1540/1588/1922 1537/1582/1919 1541/1589/1923
f 1537/1582/1919 1542/1590/1924 1541/1589/1923
f 1542/1590/1924 1537/1582/1919 1543/1591/1925
f 1537/1582/1919 1538/1583/1920 1543/1591/1925
f 1539/1586/1921 1543/1591/1925 1538/1583/1920
f 1535/1580/1917 1540/1588/1922 1544/1592/1926
f 1540/1588/1922 1545/1593/1927 1544/1592/1926
f 1541/1589/1923 1545/1593/1927 1540/1588/1922
f 1545/1593/1927 1541/1589/1923 1546/1594/1928
f 1546/1594/1928 1541/1589/1923 1547/1595/1929
f 1547/1595/1929 1541/1589/1923 1548/1596/1930
f 1541/1589/1923 1549/1597/1931 1548/1596/1930
f 1541/1589/1923 1542/1590/1924 1549/1597/1931
f 1544/1592/1926 1545/1593/1927 1550/1598/1932
f 1545/1593/1927 1551/1599/1933 1550/1598/1932
f 1545/1593/1927 1552/1600/1934 1551/1599/1933
f 1553/1601/1935 1552/1600/1934 1545/1593/1927
f 1545/1593/1927 1546/1594/1928 1553/1601/1935
f 1553/1601/1935 1546/1594/1928 1554/1602/1936
f 1546/1594/1928 1547/1595/1929 1554/1602/1936
f 1552/1600/1934 1555/1603/1937 1551/1599/1933
f 1552/1600/1934 1556/1604/1938 1555/1603/1937
f 1556/1604/1938 1552/1600/1934 1557/1605/1939
f 1552/1600/1934 1558/1606/1940 1557/1605/1939
f 1552/1600/1934 1553/1601/1935 1558/1606/1940
f 1551/1599/1933 1555/1603/1937 1559/1607/1941
f 1555/1603/1937 1560/1608/1942 1559/1607/1941
f 1556/1604/1938 1560/1608/1942 1555/1603/1937
f 1560/1608/1942 1556/1604/1938 1561/1609/1943
f 1556/1604/1938 924/1610/1306 1561/1609/1943
f 1556/1604/1938 926/1611/1308 924/1610/1306
f 926/1611/1308 1556/1604/1938 1562/1612/1944
f 1556/1604/1938 1563/1613/1945 1562/1612/1944
f 1556/1604/1938 1557/1605/1939 1563/1613/1945
f 1557/1605/1939 1564/1614/1946 1563/1613/1945
f 1557/1605/1939 1565/1615/1947 1564/1614/1946
f 1565/1615/1947 1557/1605/1939 1558/1606/1940
f 1561/1609/1943 924/1610/1306 923/1616/1305
f 1561/1609/1943 923/1616/1305 921/1617/1303
f 1561/1609/1943 921/1617/1303 1566/1618/1948
f 1563/1613/1945 1564/1614/1946 1567/1619/1949
f 1563/1613/1945 1567/1619/1949 1568/1620/1950
f 1568/1620/1950 1569/1621/1951 1563/1613/1945
f 1569/1621/1951 1568/1620/1950 1570/1622/1952
f 1570/1622/1952 1568/1620/1950 1571/1623/1953
f 1572/1624/1954 1570/1622/1952 1571/1623/1953
f 1573/1625/1955 1570/1622/1952 1572/1624/1954
f 1573/1625/1955 1572/1624/1954 1574/1626/1956
f 1573/1625/1955 1574/1626/1956 1575/1627/1957
f 1569/1621/1951 1576/1628/1958 1563/1613/1945
f 1576/1628/1958 1569/1621/1951 1577/1629/1959
f 1569/1621/1951 1570/1622/1952 1577/1629/1959
f 1573/1625/1955 1577/1629/1959 1570/1622/1952
f 1577/1629/1959 1573/1625/1955 1578/1630/1960
f 1578/1630/1960 1573/1625/1955 1579/1631/1961
f 1580/1632/1962 1579/1631/1961 1573/1625/1955
f 1580/1632/1962 1573/1625/1955 1575/1627/1957
f 1581/1633/1963 1580/1632/1962 1575/1627/1957
f 1580/1632/1962 1581/1633/1963 1582/1634/1964
f 1563/1613/1945 1576/1628/1958 1583/1635/1965
f 1583/1635/1965 1584/1636/1966 1563/1613/1945
f 1585/1637/1967 1584/1636/1966 1583/1635/1965
f 1562/1612/1944 1584/1636/1966 1585/1637/1967
f 1586/1638/1968 1562/1612/1944 1585/1637/1967
f 927/1639/1309 1562/1612/1944 1586/1638/1968
f 927/1639/1309 1586/1638/1968 1587/1640/1969
f 1584/1636/1966 1562/1612/1944 1563/1613/1945
f 926/1611/1308 1562/1612/1944 927/1639/1309
f 1587/1640/1969 929/1641/1311 927/1639/1309
f 929/1641/1311 1587/1640/1969 911/1642/1293
f 911/1642/1293 1587/1640/1969 1479/1643/1861
f 1576/1628/1958 1577/1629/1959 1588/1644/1970
f 1588/1644/1970 1577/1629/1959 1309/1645/1691
f 1577/1629/1959 1578/1630/1960 1309/1645/1691
f 1309/1645/1691 1578/1630/1960 1306/1646/1687
f 1578/1630/1960 1305/1647/1688 1306/1646/1687
f 1578/1630/1960 1579/1631/1961 1305/1647/1688
f 1329/1648/1711 1588/1644/1970 1309/1645/1691
f 1588/1644/1970 1329/1648/1711 1328/1649/1710
f 1588/1644/1970 1328/1649/1710 1589/1650/1971
f 1589/1650/1971 1328/1649/1710 1458/1651/1840
f 1458/1651/1840 1328/1649/1710 125/1652/124
f 1579/1631/1961 1590/1653/1972 1305/1647/1688
f 1579/1631/1961 1591/1654/1973 1590/1653/1972
f 1592/1655/1974 1591/1654/1973 1579/1631/1961
f 1579/1631/1961 1593/1656/1975 1592/1655/1974
f 1579/1631/1961 1580/1632/1962 1593/1656/1975
f 1593/1656/1975 1580/1632/1962 1594/1657/1976
f 1594/1657/1976 1580/1632/1962 1582/1634/1964
f 1594/1657/1976 1582/1634/1964 1595/1658/1977
f 1590/1653/1972 1591/1654/1973 1440/1659/1822
f 1591/1654/1973 1436/1660/1818 1440/1659/1822
f 1591/1654/1973 1592/1655/1974 1436/1660/1818
f 1592/1655/1974 1596/1661/1978 1436/1660/1818
f 1592/1655/1974 1593/1656/1975 1596/1661/1978
f 1593/1656/1975 1597/1662/1979 1596/1661/1978
f 1597/1662/1979 1593/1656/1975 1598/1663/1980
f 1590/1653/1972 1440/1659/1822 146/1664/142
f 145/1665/141 1590/1653/1972 146/1664/142
f 1304/1666/1686 1590/1653/1972 145/1665/141
f 1305/1647/1688 1590/1653/1972 1304/1666/1686
f 1436/1660/1818 1596/1661/1978 1439/1667/1821
f 1597/1662/1979 1598/1663/1980 1599/1668/1981
f 1600/1669/1982 1599/1668/1981 1598/1663/1980
f 1600/1669/1982 1601/1670/1983 1599/1668/1981
f 1601/1670/1983 1600/1669/1982 1602/1671/1984
f 1602/1671/1984 1603/1672/1985 1601/1670/1983
f 1601/1670/1983 1603/1672/1985 1604/1673/1986
f 1603/1672/1985 1605/1674/1987 1604/1673/1986
f 1603/1672/1985 1606/1675/1988 1605/1674/1987
f 1605/1674/1987 1606/1675/1988 1607/1676/1989
f 1607/1676/1989 1606/1675/1988 1608/1677/1990
f 1608/1677/1990 1609/1678/1991 1607/1676/1989
f 1610/1679/1992 1609/1678/1991 1608/1677/1990
f 1609/1678/1991 1610/1679/1992 1611/1680/1993
f 1611/1680/1993 1612/1681/1994 1609/1678/1991
f 1611/1680/1993 1613/1682/1995 1612/1681/1994
f 1614/1683/1996 1613/1682/1995 1611/1680/1993
f 1615/1684/1997 1614/1683/1996 1611/1680/1993
f 1616/1685/1998 1615/1684/1997 1611/1680/1993
f 1616/1685/1998 1611/1680/1993 1610/1679/1992
f 1617/1686/1999 1616/1685/1998 1610/1679/1992
f 1617/1686/1999 1610/1679/1992 1608/1677/1990
f 1612/1681/1994 1613/1682/1995 1410/1687/1791
f 1410/1687/1791 1613/1682/1995 1409/1688/1792
f 1594/1657/1976 1595/1658/1977 1618/1689/2000
f 1594/1657/1976 1618/1689/2000 1619/1690/2001
f 1620/1691/2002 1619/1690/2001 1618/1689/2000
f 1620/1691/2002 1618/1689/2000 1621/1692/2003
f 1620/1691/2002 1621/1692/2003 1622/1693/2004
f 1622/1693/2004 1621/1692/2003 1623/1694/2005
f 1623/1694/2005 1624/1695/2006 1622/1693/2004
f 1624/1695/2006 1623/1694/2005 1625/1696/2007
f 1593/1656/1975 1594/1657/1976 1619/1690/2001
f 1593/1656/1975 1619/1690/2001 1598/1663/1980
f 1626/1697/2008 1598/1663/1980 1619/1690/2001
f 1626/1697/2008 1619/1690/2001 1620/1691/2002
f 1622/1693/2004 1626/1697/2008 1620/1691/2002
f 1627/1698/2009 1626/1697/2008 1622/1693/2004
f 1628/1699/2010 1627/1698/2009 1622/1693/2004
f 1624/1695/2006 1628/1699/2010 1622/1693/2004
f 1629/1700/2011 1628/1699/2010 1624/1695/2006
f 1629/1700/2011 1624/1695/2006 1630/1701/2012
f 1630/1701/2012 1624/1695/2006 1625/1696/2007
f 1626/1697/2008 1600/1669/1982 1598/1663/1980
f 1626/1697/2008 1631/1702/2013 1600/1669/1982
f 1627/1698/2009 1631/1702/2013 1626/1697/2008
f 1632/1703/2014 1631/1702/2013 1627/1698/2009
f 1628/1699/2010 1632/1703/2014 1627/1698/2009
f 1628/1699/2010 1633/1704/2015 1632/1703/2014
f 1633/1704/2015 1628/1699/2010 1634/1705/2016
f 1628/1699/2010 1635/1706/2017 1634/1705/2016
f 1628/1699/2010 1629/1700/2011 1635/1706/2017
f 1600/1669/1982 1631/1702/2013 1602/1671/1984
f 1631/1702/2013 1603/1672/1985 1602/1671/1984
f 1631/1702/2013 1636/1707/2018 1603/1672/1985
f 1632/1703/2014 1636/1707/2018 1631/1702/2013
f 1636/1707/2018 1632/1703/2014 1637/1708/2019
f 1638/1709/2020 1637/1708/2019 1632/1703/2014
f 1632/1703/2014 1633/1704/2015 1638/1709/2020
f 1633/1704/2015 1174/1710/1556 1638/1709/2020
f 1174/1710/1556 1633/1704/2015 1634/1705/2016
f 1174/1710/1556 1634/1705/2016 1201/1711/1583
f 1201/1711/1583 1634/1705/2016 1199/1712/1581
f 1634/1705/2016 1635/1706/2017 1199/1712/1581
f 1603/1672/1985 1636/1707/2018 1637/1708/2019
f 1637/1708/2019 1606/1675/1988 1603/1672/1985
f 1637/1708/2019 1639/1713/2021 1606/1675/1988
f 1640/1714/2022 1639/1713/2021 1637/1708/2019
f 1637/1708/2019 1641/1715/2023 1640/1714/2022
f 1637/1708/2019 1638/1709/2020 1641/1715/2023
f 1638/1709/2020 1164/1716/1546 1641/1715/2023
f 1164/1716/1546 1638/1709/2020 1170/1717/1552
f 1638/1709/2020 1174/1710/1556 1170/1717/1552
f 1639/1713/2021 1608/1677/1990 1606/1675/1988
f 1639/1713/2021 1617/1686/1999 1608/1677/1990
f 1639/1713/2021 1642/1718/2024 1617/1686/1999
f 1639/1713/2021 1643/1719/2025 1642/1718/2024
f 1640/1714/2022 1643/1719/2025 1639/1713/2021
f 1643/1719/2025 1640/1714/2022 1644/1720/2026
f 1640/1714/2022 1645/1721/2027 1644/1720/2026
f 1166/1722/1548 1645/1721/2027 1640/1714/2022
f 1166/1722/1548 1640/1714/2022 1165/1723/1547
f 1641/1715/2023 1165/1723/1547 1640/1714/2022
f 1641/1715/2023 1164/1716/1546 1165/1723/1547
f 1642/1718/2024 1616/1685/1998 1617/1686/1999
f 1646/1724/2028 1616/1685/1998 1642/1718/2024
f 1643/1719/2025 1646/1724/2028 1642/1718/2024
f 1646/1724/2028 1643/1719/2025 1647/1725/2029
f 1643/1719/2025 1648/1726/2030 1647/1725/2029
f 1648/1726/2030 1643/1719/2025 1649/1727/2031
f 1649/1727/2031 1643/1719/2025 1650/1728/2032
f 1650/1728/2032 1643/1719/2025 1644/1720/2026
f 1645/1721/2027 1650/1728/2032 1644/1720/2026
f 1645/1721/2027 1202/1729/1584 1650/1728/2032
f 1645/1721/2027 1166/1722/1548 1202/1729/1584
f 1616/1685/1998 1646/1724/2028 1615/1684/1997
f 1615/1684/1997 1646/1724/2028 1651/1730/2033
f 1651/1730/2033 1646/1724/2028 1647/1725/2029
f 1651/1730/2033 1647/1725/2029 1652/1731/2034
f 1648/1726/2030 1652/1731/2034 1647/1725/2029
f 1648/1726/2030 1653/1732/2035 1652/1731/2034
f 1648/1726/2030 1654/1733/2036 1653/1732/2035
f 1654/1733/2036 1648/1726/2030 1649/1727/2031
f 1654/1733/2036 1649/1727/2031 1655/1734/2037
f 1656/1735/2038 1655/1734/2037 1649/1727/2031
f 1656/1735/2038 1649/1727/2031 1650/1728/2032
f 1656/1735/2038 1650/1728/2032 1202/1729/1584
f 1203/1736/1585 1656/1735/2038 1202/1729/1584
f 1651/1730/2033 1614/1683/1996 1615/1684/1997
f 1651/1730/2033 1657/1737/2039 1614/1683/1996
f 1658/1738/2040 1657/1737/2039 1651/1730/2033
f 1658/1738/2040 1651/1730/2033 1652/1731/2034
f 1653/1732/2035 1658/1738/2040 1652/1731/2034
f 1658/1738/2040 1653/1732/2035 1659/1739/2041
f 1653/1732/2035 1660/1740/2042 1659/1739/2041
f 1653/1732/2035 1654/1733/2036 1660/1740/2042
f 1660/1740/2042 1654/1733/2036 1655/1734/2037
f 1661/1741/2043 1660/1740/2042 1655/1734/2037
f 1661/1741/2043 1655/1734/2037 1656/1735/2038
f 1662/1742/2044 1661/1741/2043 1656/1735/2038
f 1656/1735/2038 1203/1736/1585 1662/1742/2044
f 1662/1742/2044 1203/1736/1585 1212/1743/1594
f 1657/1737/2039 1663/1744/2045 1614/1683/1996
f 1657/1737/2039 1664/1745/2046 1663/1744/2045
f 1657/1737/2039 1658/1738/2040 1664/1745/2046
f 1664/1745/2046 1658/1738/2040 1665/1746/2047
f 1665/1746/2047 1658/1738/2040 1659/1739/2041
f 1665/1746/2047 1659/1739/2041 1666/1747/2048
f 1660/1740/2042 1666/1747/2048 1659/1739/2041
f 1660/1740/2042 1667/1748/2049 1666/1747/2048
f 1660/1740/2042 1668/1749/2050 1667/1748/2049
f 1668/1749/2050 1660/1740/2042 1661/1741/2043
f 1614/1683/1996 1663/1744/2045 1613/1682/1995
f 1613/1682/1995 1663/1744/2045 1409/1688/1792
f 1409/1688/1792 1663/1744/2045 1415/1750/1797
f 1663/1744/2045 1664/1745/2046 1415/1750/1797
f 1415/1750/1797 1664/1745/2046 1417/1751/1799
f 1664/1745/2046 1665/1746/2047 1417/1751/1799
f 1417/1751/1799 1665/1746/2047 1669/1752/2051
f 1665/1746/2047 1666/1747/2048 1669/1752/2051
f 1667/1748/2049 1668/1749/2050 1670/1753/2052
f 1668/1749/2050 1671/1754/2053 1670/1753/2052
f 1668/1749/2050 1672/1755/2054 1671/1754/2053
f 1668/1749/2050 1673/1756/2055 1672/1755/2054
f 1673/1756/2055 1668/1749/2050 1674/1757/2056
f 1668/1749/2050 1675/1758/2057 1674/1757/2056
f 1668/1749/2050 1661/1741/2043 1675/1758/2057
f 1676/1759/2058 1670/1753/2052 1671/1754/2053
f 1677/1760/2059 1676/1759/2058 1671/1754/2053
f 1678/1761/2060 1677/1760/2059 1671/1754/2053
f 1678/1761/2060 1671/1754/2053 1679/1762/2061
f 1671/1754/2053 1680/1763/2062 1679/1762/2061
f 1671/1754/2053 1672/1755/2054 1680/1763/2062
f 1676/1759/2058 1667/1764/2049 1670/1753/2052
f 1676/1759/2058 1681/1765/2063 1667/1764/2049
f 1676/1759/2058 1677/1760/2059 1681/1765/2063
f 1682/1766/2064 1681/1765/2063 1677/1760/2059
f 1682/1766/2064 1677/1760/2059 1683/1767/2065
f 1677/1760/2059 1000/1768/1382 1683/1767/2065
f 1677/1760/2059 1678/1761/2060 1000/1768/1382
f 999/1769/1381 1000/1768/1382 1678/1761/2060
f 999/1769/1381 1678/1761/2060 998/1770/1380
f 1678/1761/2060 1679/1762/2061 998/1770/1380
f 1667/1764/2049 1681/1765/2063 1684/1771/2066
f 1681/1765/2063 1685/1772/2067 1684/1771/2066
f 1681/1765/2063 1682/1766/2064 1685/1772/2067
f 1685/1772/2067 1682/1766/2064 1686/1773/2068
f 1686/1773/2068 1682/1766/2064 1687/1774/2069
f 1687/1774/2069 1682/1766/2064 1688/1775/2070
f 1688/1775/2070 1682/1766/2064 1683/1767/2065
f 1683/1767/2065 1001/1776/1383 1688/1775/2070
f 1001/1776/1383 1683/1767/2065 1000/1768/1382
f 1667/1764/2049 1684/1771/2066 1666/1777/2048
f 1684/1771/2066 1669/1778/2051 1666/1777/2048
f 1689/1779/2071 1669/1778/2051 1684/1771/2066
f 1685/1772/2067 1689/1779/2071 1684/1771/2066
f 1685/1772/2067 1690/1780/2072 1689/1779/2071
f 1686/1773/2068 1690/1780/2072 1685/1772/2067
f 1690/1780/2072 1686/1773/2068 1691/1781/2073
f 1686/1773/2068 1687/1774/2069 1691/1781/2073
f 1691/1781/2073 1687/1774/2069 1692/1782/2074
f 1687/1774/2069 1693/1783/2075 1692/1782/2074
f 1687/1774/2069 1688/1775/2070 1693/1783/2075
f 1689/1779/2071 1417/1441/1799 1669/1778/2051
f 1689/1779/2071 1416/1440/1798 1417/1441/1799
f 1690/1780/2072 1416/1440/1798 1689/1779/2071
f 1690/1780/2072 1694/1784/2076 1416/1440/1798
f 1694/1784/2076 1690/1780/2072 1691/1781/2073
f 1694/1784/2076 1691/1781/2073 1413/1437/1795
f 1695/1785/2077 1413/1437/1795 1691/1781/2073
f 1695/1785/2077 1691/1781/2073 1692/1782/2074
f 1695/1785/2077 1692/1782/2074 1696/1786/2078
f 1696/1786/2078 1692/1782/2074 1693/1783/2075
f 1416/1440/1798 1694/1784/2076 1414/1438/1796
f 1414/1438/1796 1694/1784/2076 1413/1437/1795
f 1413/1437/1795 1695/1785/2077 1412/1436/1794
f 1695/1785/2077 1696/1786/2078 1412/1436/1794
f 1412/1436/1794 1696/1786/2078 1419/1443/1801
f 1696/1786/2078 1697/1787/2079 1419/1443/1801
f 1696/1786/2078 1693/1783/2075 1697/1787/2079
f 1693/1783/2075 1698/1788/2080 1697/1787/2079
f 1693/1783/2075 1699/1789/2081 1698/1788/2080
f 1699/1789/2081 1693/1783/2075 1688/1775/2070
f 1699/1789/2081 1688/1775/2070 1007/1790/1389
f 1688/1775/2070 1001/1776/1383 1007/1790/1389
f 1419/1443/1801 1697/1787/2079 1420/1444/1802
f 1698/1788/2080 1420/1444/1802 1697/1787/2079
f 1698/1788/2080 1422/1446/1804 1420/1444/1802
f 1698/1788/2080 1700/1791/2082 1422/1446/1804
f 1699/1789/2081 1700/1791/2082 1698/1788/2080
f 1699/1789/2081 1701/1792/2083 1700/1791/2082
f 1701/1792/2083 1699/1789/2081 1702/1793/2084
f 1702/1793/2084 1699/1789/2081 1013/1794/1395
f 1699/1789/2081 1008/1795/1390 1013/1794/1395
f 1699/1789/2081 1007/1790/1389 1008/1795/1390
f 1700/1791/2082 1701/1792/2083 1422/1446/1804
f 1422/1446/1804 1701/1792/2083 1424/1448/1806
f 1701/1792/2083 1426/1450/1808 1424/1448/1806
f 1701/1792/2083 1703/1796/2085 1426/1450/1808
f 1701/1792/2083 1704/1797/2086 1703/1796/2085
f 1701/1792/2083 1705/1798/2087 1704/1797/2086
f 1706/1799/2088 1705/1798/2087 1701/1792/2083
f 1706/1799/2088 1701/1792/2083 1702/1793/2084
f 1706/1799/2088 1702/1793/2084 1014/1800/1396
f 1014/1800/1396 1702/1793/2084 1013/1794/1395
f 1703/1796/2085 1428/1452/1810 1426/1450/1808
f 1703/1796/2085 1707/1801/2089 1428/1452/1810
f 1703/1796/2085 1704/1797/2086 1707/1801/2089
f 1707/1801/2089 1704/1797/2086 1708/1802/2090
f 1708/1802/2090 1704/1797/2086 1709/1803/2091
f 1709/1803/2091 1704/1797/2086 1710/1804/2092
f 1711/1805/2093 1710/1804/2092 1704/1797/2086
f 1705/1798/2087 1711/1805/2093 1704/1797/2086
f 1428/1452/1810 1707/1801/2089 1430/1454/1812
f 1430/1454/1812 1707/1801/2089 1712/1806/2094
f 1712/1806/2094 1707/1801/2089 1708/1802/2090
f 1708/1802/2090 1713/1807/2095 1712/1806/2094
f 1713/1807/2095 1708/1802/2090 1709/1803/2091
f 1712/1806/2094 1432/1456/1814 1430/1454/1812
f 1446/1470/1828 1432/1456/1814 1712/1806/2094
f 1713/1807/2095 1446/1470/1828 1712/1806/2094
f 1714/1808/2096 1446/1470/1828 1713/1807/2095
f 1445/1469/1827 1446/1470/1828 1714/1808/2096
f 1710/1804/2092 1711/1805/2093 1715/1809/2097
f 1711/1805/2093 1716/1810/2098 1715/1809/2097
f 1711/1805/2093 1500/1532/1882 1716/1810/2098
f 1705/1798/2087 1500/1532/1882 1711/1805/2093
f 1717/1811/2099 1500/1532/1882 1705/1798/2087
f 1717/1811/2099 1705/1798/2087 1718/1812/2100
f 1705/1798/2087 1706/1799/2088 1718/1812/2100
f 1716/1810/2098 1500/1532/1882 1719/1813/2101
f 1500/1532/1882 1501/1533/1883 1719/1813/2101
f 1500/1532/1882 1717/1811/2099 1506/1541/1888
f 1717/1811/2099 1027/1814/1409 1506/1541/1888
f 1717/1811/2099 1718/1812/2100 1027/1814/1409
f 1718/1812/2100 1024/1815/1406 1027/1814/1409
f 1718/1812/2100 1020/1816/1402 1024/1815/1406
f 1706/1799/2088 1020/1816/1402 1718/1812/2100
f 1020/1816/1402 1706/1799/2088 1015/1817/1397
f 1706/1799/2088 1014/1800/1396 1015/1817/1397
f 1029/1818/1411 1506/1541/1888 1027/1814/1409
f 1506/1541/1888 1029/1818/1411 1030/1540/1412
f 998/1770/1380 1679/1762/2061 1003/1819/1385
f 1003/1819/1385 1679/1762/2061 1004/1820/1386
f 1679/1762/2061 1680/1763/2062 1004/1820/1386
f 1004/1820/1386 1680/1763/2062 1005/1821/1387
f 1527/1566/1909 1005/1821/1387 1680/1763/2062
f 1672/1755/2054 1527/1566/1909 1680/1763/2062
f 1720/1822/2102 1527/1566/1909 1672/1755/2054
f 1720/1822/2102 1672/1755/2054 1673/1756/2055
f 1720/1822/2102 1673/1756/2055 1206/1823/1588
f 1206/1823/1588 1673/1756/2055 1207/1824/1589
f 1673/1756/2055 1674/1757/2056 1207/1824/1589
f 1527/1566/1909 1006/1567/1388 1005/1821/1387
f 1674/1757/2056 1208/1825/1590 1207/1824/1589
f 1674/1757/2056 1209/1826/1591 1208/1825/1590
f 1674/1757/2056 1675/1758/2057 1209/1826/1591
f 1675/1758/2057 1210/1827/1592 1209/1826/1591
f 1675/1758/2057 1211/1828/1593 1210/1827/1592
f 1662/1742/2044 1211/1828/1593 1675/1758/2057
f 1675/1758/2057 1661/1741/2043 1662/1742/2044
f 1211/1828/1593 1662/1742/2044 1212/1743/1594
f 1194/1829/1576 1720/1822/2102 1206/1823/1588
f 1192/1572/1574 1720/1822/2102 1194/1829/1576
f 1525/1564/1907 1720/1822/2102 1192/1572/1574
f 1527/1566/1909 1720/1822/2102 1525/1564/1907
f 1527/1566/1909 1525/1564/1907 1526/1565/1908
f 1629/1700/2011 1630/1701/2012 1721/1830/2103
f 1722/1831/2104 1629/1700/2011 1721/1830/2103
f 1629/1700/2011 1722/1831/2104 1542/1590/1924
f 1542/1590/1924 1722/1831/2104 1549/1597/1931
f 1543/1591/1925 1629/1700/2011 1542/1590/1924
f 1629/1700/2011 1543/1591/1925 1539/1586/1921
f 1635/1706/2017 1629/1700/2011 1539/1586/1921
f 1199/1712/1581 1635/1706/2017 1539/1586/1921
f 1539/1586/1921 1198/1587/1580 1199/1712/1581
f 918/1504/1300 1475/1505/1857 920/1832/1302
f 920/1832/1302 1475/1505/1857 921/1833/1303
f 921/1833/1303 1475/1505/1857 1566/1834/1948
f 1723/1835/2105 1725/1836/2106 1724/1837/2107
f 1726/1838/2108 1725/1836/2106 1723/1835/2105
f 1725/1836/2106 1726/1838/2108 1727/1839/2109
f 1728/1840/2110 1727/1839/2109 1726/1838/2108
f 1728/1840/2110 1726/1838/2108 1729/1841/2111
f 1726/1838/2108 1723/1842/2105 1729/1841/2111
f 1730/1843/2112 1729/1841/2111 1723/1842/2105
f 1731/1844/2113 1729/1841/2111 1730/1843/2112
f 1729/1841/2111 1731/1844/2113 1732/1845/2114
f 1728/1840/2110 1729/1841/2111 1732/1845/2114
f 1728/1840/2110 1732/1845/2114 1733/1846/2115
f 1733/1846/2115 1732/1845/2114 1734/1847/2116
f 1735/1848/2117 1733/1846/2115 1734/1847/2116
f 1736/1849/2118 1733/1846/2115 1735/1848/2117
f 1735/1848/2117 1737/1850/2119 1736/1849/2118
f 1737/1850/2119 1735/1848/2117 1738/1851/2120
f 1733/1846/2115 1739/1852/2121 1728/1840/2110
f 1736/1849/2118 1739/1852/2121 1733/1846/2115
f 1736/1849/2118 1740/1853/2122 1739/1852/2121
f 1736/1849/2118 1741/1854/2123 1740/1853/2122
f 1737/1850/2119 1741/1854/2123 1736/1849/2118
f 1741/1854/2123 1737/1850/2119 1742/1855/2124
f 1742/1855/2124 1737/1850/2119 1743/1856/2125
f 1743/1856/2125 1737/1850/2119 1738/1851/2120
f 1744/1857/2126 1743/1856/2125 1738/1851/2120
f 1739/1852/2121 1745/1858/2127 1728/1840/2110
f 1739/1852/2121 1740/1853/2122 1745/1858/2127
f 1728/1840/2110 1745/1858/2127 1727/1839/2109
f 1723/1859/2105 1724/1860/2107 1746/1861/2128
f 1747/1862/2129 1746/1861/2128 1724/1860/2107
f 1746/1861/2128 1747/1862/2129 1743/1856/2125
f 1743/1856/2125 1747/1862/2129 1742/1855/2124
f 1748/1863/2130 1746/1861/2128 1743/1856/2125
f 1744/1857/2126 1748/1863/2130 1743/1856/2125
f 1748/1863/2130 1744/1857/2126 1749/1864/2131
f 1723/1865/2105 1748/1863/2130 1749/1864/2131
f 1723/1865/2105 1749/1864/2131 1730/1866/2112
f 1723/1865/2105 1746/1861/2128 1748/1863/2130
f 1750/1867/2132 1752/1868/2132 1751/1869/2132
f 1751/1869/2133 1753/1870/2134 1750/1867/2135
f 1750/1867/2135 1753/1870/2134 1754/1871/2136
f 1755/1872/2137 1750/1867/2135 1754/1871/2136
f 1756/1873/2138 1755/1872/2137 1754/1871/2136
f 1757/1874/2139 1755/1872/2137 1756/1873/2138
f 1758/1875/2140 1755/1872/2137 1757/1874/2139
f 1755/1872/2137 1758/1875/2140 1759/1876/2141
f 1759/1876/2141 1758/1875/2140 1760/1877/2142
f 1761/1878/2143 1750/1867/2135 1755/1872/2137
f 1755/1872/2137 1759/1876/2141 1761/1878/2143
f 1761/1878/2143 1762/1879/2144 1750/1867/2135
f 1762/1879/2144 1763/1880/2145 1750/1867/2135
f 1762/1879/2144 1764/1881/2146 1763/1880/2145
f 1765/1882/2147 1764/1881/2146 1762/1879/2144
f 1765/1882/2147 1762/1879/2144 1761/1878/2143
f 1766/1883/2148 1765/1882/2147 1761/1878/2143
f 1759/1876/2141 1766/1883/2148 1761/1878/2143
f 1759/1876/2141 1760/1877/2142 1766/1883/2148
f 1767/1884/2149 1766/1883/2148 1760/1877/2142
f 1752/1868/2150 1750/1867/2135 1763/1880/2145
f 1765/1882/2147 1766/1883/2148 1768/1885/2151
f 1766/1883/2148 1769/1886/2152 1768/1885/2151
f 1766/1883/2148 1767/1884/2149 1769/1886/2152
f 1769/1886/2152 1767/1884/2149 1770/1887/2153
f 1770/1887/2153 1771/1888/2154 1769/1886/2152
f 1771/1888/2154 1770/1887/2153 1772/1889/2155
f 1771/1888/2154 1772/1889/2155 1773/1890/2156
f 1774/1891/2157 1773/1890/2156 1772/1889/2155
f 1774/1891/2157 1775/1892/2158 1773/1890/2156
f 1775/1892/2158 1774/1891/2157 1776/1893/2159
f 1771/1888/2154 1777/1894/2160 1769/1886/2152
f 1778/1895/2161 1777/1894/2160 1771/1888/2154
f 1778/1895/2161 1771/1888/2154 1773/1890/2156
f 1775/1892/2158 1778/1895/2161 1773/1890/2156
f 1775/1892/2158 1779/1896/2162 1778/1895/2161
f 1779/1896/2162 1775/1892/2158 1754/1897/2136
f 1775/1892/2158 1756/1898/2138 1754/1897/2136
f 1775/1892/2158 1776/1893/2159 1756/1898/2138
f 1756/1898/2138 1776/1893/2159 1757/1899/2139
f 1769/1886/2152 1777/1894/2160 1768/1885/2151
f 1777/1894/2160 1780/1900/2163 1768/1885/2151
f 1777/1894/2164 1781/1901/2164 1780/1900/2164
f 1753/1902/2134 1779/1896/2162 1754/1897/2136
f 1753/1902/2134 1782/1903/2165 1779/1896/2162
f 1751/1904/2133 1782/1903/2165 1753/1902/2134
f 1783/1905/2166 1782/1903/2166 1751/1904/2166
f 1784/1906/2167 1782/1903/2165 1783/1905/2168
f 1784/1906/2167 1783/1905/2168 1785/1907/2169
f 1784/1906/2167 1785/1907/2169 1777/1894/2160
f 1781/1901/2170 1777/1894/2160 1785/1907/2169
f 1782/1903/2165 1784/1906/2167 1779/1896/2162
f 1784/1906/2167 1778/1895/2161 1779/1896/2162
f 1778/1895/2161 1784/1906/2167 1777/1894/2160
f 1765/1882/2171 1780/1900/2171 1764/1881/2171
f 1768/1885/2151 1780/1900/2163 1765/1882/2147
f 1786/1908/2172 1788/1909/2172 1787/1910/2172
f 1789/1911/2173 1788/1909/2174 1786/1908/2175
f 1790/1912/2176 1789/1911/2176 1786/1908/2176
f 1791/1913/2177 1789/1911/2173 1790/1912/2178
f 1792/1914/2179 1791/1913/2179 1790/1912/2179
f 1793/1915/2180 1791/1913/2177 1792/1914/2181
f 1794/1916/2182 1793/1915/2183 1792/1914/2182
f 1789/1911/2173 1795/1917/2184 1788/1909/2174
f 1789/1911/2173 1796/1918/2185 1795/1917/2184
f 1791/1913/2177 1796/1918/2185 1789/1911/2173
f 1791/1913/2177 1797/1919/2186 1796/1918/2185
f 1797/1919/2186 1791/1913/2177 1793/1915/2180
f 1793/1915/2180 1798/1920/2187 1797/1919/2186
f 1798/1920/2187 1793/1915/2180 1799/1921/2188
f 1799/1921/2188 1793/1915/2180 1794/1916/2189
f 1800/1922/2190 1799/1921/2190 1794/1916/2190
f 1788/1909/2174 1795/1917/2184 1801/1923/2191
f 1799/1921/2188 1802/1924/2192 1798/1920/2187
f 1803/1925/2193 1802/1924/2192 1799/1921/2188
f 1803/1925/2193 1799/1921/2188 1800/1922/2194
f 1804/1926/2195 1803/1925/2195 1800/1922/2195
f 1805/1927/2196 1803/1925/2193 1804/1926/2197
f 1806/1928/2198 1805/1927/2198 1804/1926/2198
f 1807/1929/2199 1805/1927/2196 1806/1928/2200
f 1787/1930/2201 1807/1929/2202 1806/1928/2203
f 1788/1931/2174 1807/1929/2199 1787/1930/2202
f 1802/1924/2192 1803/1925/2193 1808/1932/2204
f 1803/1925/2193 1805/1927/2196 1808/1932/2204
f 1805/1927/2196 1809/1933/2205 1808/1932/2204
f 1807/1929/2199 1809/1933/2205 1805/1927/2196
f 1809/1933/2205 1807/1929/2199 1801/1934/2191
f 1801/1934/2191 1807/1929/2199 1788/1931/2174
f 1810/1935/2206 1812/1936/2207 1811/1937/2208
f 1812/1936/2207 1813/1938/2209 1811/1937/2208
f 1812/1936/2207 1814/1939/2210 1813/1938/2209
f 1813/1938/2209 1814/1939/2210 1815/1940/2211
f 1814/1939/2210 1816/1941/2212 1815/1940/2211
f 1814/1939/2210 1817/1942/2213 1816/1941/2212
f 1812/1936/2207 1817/1942/2213 1814/1939/2210
f 1817/1942/2213 1812/1936/2207 1818/1943/2214
f 1818/1943/2214 1812/1936/2207 1819/1944/2215
f 1819/1944/2215 1812/1936/2207 1810/1935/2206
f 1820/1945/2216 1819/1944/2215 1810/1935/2206
f 1815/1940/2211 1821/1946/2217 1813/1938/2209
f 1815/1940/2211 1822/1947/2218 1821/1946/2217
f 1815/1940/2211 1823/1948/2219 1822/1947/2218
f 1816/1941/2212 1823/1948/2219 1815/1940/2211
f 1824/1949/2220 1823/1948/2219 1816/1941/2212
f 1825/1950/2221 1824/1949/2220 1816/1941/2212
f 1817/1942/2213 1825/1950/2221 1816/1941/2212
f 1817/1942/2213 1521/1951/2222 1825/1950/2221
f 1818/1943/2214 1521/1951/2222 1817/1942/2213
f 1822/1947/2218 1826/1952/2223 1821/1946/2217
f 1822/1947/2218 1827/1953/2224 1826/1952/2223
f 1822/1947/2218 1828/1954/2225 1827/1953/2224
f 1829/1955/2226 1828/1954/2225 1822/1947/2218
f 1822/1947/2218 1823/1948/2219 1829/1955/2226
f 1823/1948/2219 1830/1956/2227 1829/1955/2226
f 1823/1948/2219 1824/1949/2220 1830/1956/2227
f 1824/1949/2220 1831/1957/2228 1830/1956/2227
f 1832/1958/2229 1831/1957/2228 1824/1949/2220
f 1825/1950/2221 1832/1958/2229 1824/1949/2220
f 1826/1952/2223 1827/1953/2224 1833/1959/2230
f 1833/1959/2230 1827/1953/2224 1834/1960/2231
f 1827/1953/2224 1835/1961/2232 1834/1960/2231
f 1828/1954/2225 1835/1961/2232 1827/1953/2224
f 1835/1961/2232 1828/1954/2225 1836/1962/2233
f 1828/1954/2225 1837/1963/2234 1836/1962/2233
f 1837/1963/2234 1828/1954/2225 1829/1955/2226
f 1837/1963/2234 1829/1955/2226 1830/1956/2227
f 1838/1964/2235 1837/1963/2234 1830/1956/2227
f 1838/1964/2235 1830/1956/2227 1831/1957/2228
f 1833/1959/2230 1834/1960/2231 1839/1965/2236
f 1834/1960/2231 1840/1966/2237 1839/1965/2236
f 1840/1966/2237 1834/1960/2231 1841/1967/2238
f 1841/1967/2238 1834/1960/2231 1835/1961/2232
f 1842/1968/2239 1841/1967/2238 1835/1961/2232
f 1842/1968/2239 1835/1961/2232 1836/1962/2233
f 1842/1968/2239 1836/1962/2233 1843/1969/2240
f 1844/1970/2241 1843/1969/2240 1836/1962/2233
f 1837/1963/2234 1844/1970/2241 1836/1962/2233
f 1844/1970/2241 1837/1963/2234 1838/1964/2235
f 1839/1965/2236 1840/1966/2237 1845/1971/2242
f 1845/1971/2242 1840/1966/2237 1846/1972/2243
f 1840/1966/2237 1841/1967/2238 1846/1972/2243
f 1847/1973/2244 1846/1972/2243 1841/1967/2238
f 1847/1973/2244 1841/1967/2238 1848/1974/2245
f 1849/1975/2246 1848/1974/2245 1841/1967/2238
f 1842/1968/2239 1849/1975/2246 1841/1967/2238
f 1850/1976/2247 1849/1975/2246 1842/1968/2239
f 1850/1976/2247 1842/1968/2239 1843/1969/2240
f 1845/1971/2242 1846/1972/2243 1851/1977/2248
f 1852/1978/2249 1851/1977/2248 1846/1972/2243
f 1847/1973/2244 1852/1978/2249 1846/1972/2243
f 1852/1978/2249 1847/1973/2244 1853/1979/2250
f 1847/1973/2244 1854/1980/2251 1853/1979/2250
f 1854/1980/2251 1847/1973/2244 1848/1974/2245
f 1854/1980/2251 1848/1974/2245 1855/1981/2252
f 1848/1974/2245 1856/1982/2253 1855/1981/2252
f 1856/1982/2253 1848/1974/2245 1850/1976/2247
f 1850/1976/2247 1848/1974/2245 1849/1975/2246
f 1852/1978/2249 1857/1983/2254 1851/1977/2248
f 1857/1983/2254 1852/1978/2249 1858/1984/2255
f 1852/1978/2249 1853/1979/2250 1858/1984/2255
f 1858/1984/2255 1853/1979/2250 1859/1985/2256
f 1853/1979/2250 1854/1980/2251 1859/1985/2256
f 1860/1986/2257 1859/1985/2256 1854/1980/2251
f 1860/1986/2257 1854/1980/2251 1861/1987/2258
f 1854/1980/2251 1855/1981/2252 1861/1987/2258
f 1855/1981/2252 1763/1988/2259 1861/1987/2258
f 1855/1981/2252 1862/1989/2260 1763/1988/2259
f 1855/1981/2252 1856/1982/2253 1862/1989/2260
f 1857/1983/2254 1858/1984/2255 1863/1990/2261
f 1863/1990/2261 1858/1984/2255 1864/1991/2262
f 1858/1984/2255 1859/1985/2256 1864/1991/2262
f 1865/1992/2263 1864/1991/2262 1859/1985/2256
f 1866/1993/2264 1865/1992/2263 1859/1985/2256
f 1866/1993/2264 1859/1985/2256 1860/1986/2257
f 1866/1993/2264 1860/1986/2257 1867/1994/2265
f 1867/1994/2265 1860/1986/2257 1861/1987/2258
f 1868/1995/2266 1867/1994/2265 1861/1987/2258
f 1868/1995/2266 1861/1987/2258 1869/1996/2267
f 1869/1996/2267 1861/1987/2258 1763/1988/2259
f 1864/1991/2262 1870/1997/2268 1863/1990/2261
f 1864/1991/2262 1871/1998/2269 1870/1997/2268
f 1865/1992/2263 1871/1998/2269 1864/1991/2262
f 1872/1999/2270 1871/1998/2269 1865/1992/2263
f 1873/2000/2271 1872/1999/2270 1865/1992/2263
f 1873/2000/2271 1865/1992/2263 1866/1993/2264
f 1874/2001/2272 1873/2000/2271 1866/1993/2264
f 1874/2001/2272 1866/1993/2264 1867/1994/2265
f 1874/2001/2272 1867/1994/2265 1875/2002/2273
f 1868/1995/2266 1875/2002/2273 1867/1994/2265
f 1871/1998/2269 1876/2003/2274 1870/1997/2268
f 1871/1998/2269 1877/2004/2275 1876/2003/2274
f 1872/1999/2270 1877/2004/2275 1871/1998/2269
f 1872/1999/2270 1878/2005/2276 1877/2004/2275
f 1879/2006/2277 1878/2005/2276 1872/1999/2270
f 1873/2000/2271 1879/2006/2277 1872/1999/2270
f 1874/2001/2272 1879/2006/2277 1873/2000/2271
f 1879/2006/2277 1874/2001/2272 1880/2007/2278
f 1880/2007/2278 1874/2001/2272 1881/2008/2279
f 1881/2008/2279 1874/2001/2272 1875/2002/2273
f 1877/2004/2275 1882/2009/2280 1876/2003/2274
f 1877/2004/2275 1883/2010/2281 1882/2009/2280
f 1882/2009/2280 1883/2010/2281 1884/2011/2282
f 1883/2010/2281 1885/2012/2283 1884/2011/2282
f 1884/2011/2284 1885/2012/2284 1724/2013/2284
f 1877/2004/2275 1878/2005/2276 1883/2010/2281
f 1883/2010/2281 1878/2005/2276 1886/2014/2285
f 1742/2015/2286 1883/2010/2281 1886/2014/2285
f 1883/2010/2287 1742/2015/2287 1885/2012/2287
f 1862/1989/2260 1856/1982/2253 1887/2016/2288
f 1887/2016/2288 1856/1982/2253 1850/1976/2247
f 1850/1976/2247 1843/1969/2240 1887/2016/2288
f 1887/2016/2288 1843/1969/2240 1888/2017/2289
f 1843/1969/2240 1844/1970/2241 1888/2017/2289
f 1888/2017/2289 1844/1970/2241 1889/2018/2290
f 1889/2018/2290 1844/1970/2241 1838/1964/2235
f 1889/2018/2290 1838/1964/2235 1890/2019/2291
f 1838/1964/2235 1831/1957/2228 1890/2019/2291
f 1891/2020/2292 1887/2016/2288 1888/2017/2289
f 1891/2020/2292 1888/2017/2289 1892/2021/2293
f 1888/2017/2289 1889/2018/2290 1892/2021/2293
f 1892/2021/2293 1889/2018/2290 1893/2022/2294
f 1893/2022/2294 1889/2018/2290 1890/2019/2291
f 1893/2022/2294 1890/2019/2291 1894/2023/2295
f 1890/2019/2291 1895/2024/2296 1894/2023/2295
f 1890/2019/2291 1831/1957/2228 1895/2024/2296
f 1831/1957/2228 1832/1958/2229 1895/2024/2296
f 1892/2021/2293 1896/2025/2297 1891/2020/2292
f 1896/2025/2297 1892/2021/2293 1897/2026/2298
f 1893/2022/2294 1897/2026/2298 1892/2021/2293
f 1893/2022/2294 1898/2027/2299 1897/2026/2298
f 1898/2027/2299 1893/2022/2294 1894/2023/2295
f 1898/2027/2299 1894/2023/2295 1899/2028/2300
f 1900/2029/2301 1899/2028/2300 1894/2023/2295
f 1895/2024/2296 1900/2029/2301 1894/2023/2295
f 1895/2024/2296 1901/2030/2302 1900/2029/2301
f 1832/1958/2229 1901/2030/2302 1895/2024/2296
f 1891/2020/2292 1896/2025/2297 1902/2031/2303
f 1902/2031/2303 1896/2025/2297 1839/2032/2236
f 1896/2025/2297 1833/2033/2230 1839/2032/2236
f 1896/2025/2297 1897/2026/2298 1833/2033/2230
f 1897/2026/2298 1898/2027/2299 1833/2033/2230
f 1833/2033/2230 1898/2027/2299 1826/2034/2223
f 1898/2027/2299 1899/2028/2300 1826/2034/2223
f 1903/2035/2304 1891/2020/2292 1902/2031/2303
f 1904/2036/2305 1903/2035/2304 1902/2031/2303
f 1851/2037/2248 1904/2036/2305 1902/2031/2303
f 1902/2031/2303 1845/2038/2242 1851/2037/2248
f 1902/2031/2303 1839/2032/2236 1845/2038/2242
f 1903/2035/2304 1887/2016/2288 1891/2020/2292
f 1862/1989/2260 1887/2016/2288 1903/2035/2304
f 1903/2035/2304 1905/2039/2306 1862/1989/2260
f 1905/2039/2306 1903/2035/2304 1765/2040/2307
f 1765/2040/2307 1903/2035/2304 1904/2036/2305
f 1765/2040/2307 1904/2036/2305 1857/2041/2254
f 1857/2041/2254 1904/2036/2305 1851/2037/2248
f 1862/1989/2260 1905/2039/2306 1763/1988/2259
f 1905/2039/2306 1906/2042/2308 1763/1988/2259
f 1907/2043/2309 1906/2042/2308 1905/2039/2306
f 1905/2039/2306 1765/2040/2307 1907/2043/2309
f 1765/2040/2307 1863/2044/2261 1907/2043/2309
f 1765/2040/2307 1857/2041/2254 1863/2044/2261
f 1763/1988/2259 1906/2042/2308 1869/1996/2267
f 1906/2042/2308 1908/2045/2310 1869/1996/2267
f 1908/2045/2310 1906/2042/2308 1909/2046/2311
f 1909/2046/2311 1906/2042/2308 1907/2043/2309
f 1909/2046/2311 1907/2043/2309 1870/2047/2268
f 1870/2047/2268 1907/2043/2309 1863/2044/2261
f 1908/2045/2310 1868/1995/2266 1869/1996/2267
f 1908/2045/2310 1910/2048/2312 1868/1995/2266
f 1911/2049/2313 1910/2048/2312 1908/2045/2310
f 1911/2049/2313 1908/2045/2310 1909/2046/2311
f 1876/2050/2274 1911/2049/2313 1909/2046/2311
f 1909/2046/2311 1870/2047/2268 1876/2050/2274
f 1868/1995/2266 1910/2048/2312 1875/2002/2273
f 1910/2048/2312 1912/2051/2314 1875/2002/2273
f 1912/2051/2314 1910/2048/2312 1913/2052/2315
f 1913/2052/2315 1910/2048/2312 1911/2049/2313
f 1882/2053/2280 1913/2052/2315 1911/2049/2313
f 1882/2053/2280 1911/2049/2313 1876/2050/2274
f 1881/2008/2279 1875/2002/2273 1912/2051/2314
f 1727/2054/2316 1881/2008/2279 1912/2051/2314
f 1912/2051/2317 1914/2055/2317 1727/2054/2317
f 1915/2056/2318 1914/2055/2319 1912/2051/2314
f 1913/2052/2315 1915/2056/2318 1912/2051/2314
f 1884/2057/2282 1915/2056/2318 1913/2052/2315
f 1913/2052/2315 1882/2053/2280 1884/2057/2282
f 1916/2058/2320 1881/2008/2320 1727/2054/2320
f 1880/2007/2278 1881/2008/2279 1916/2058/2321
f 1880/2007/2322 1916/2058/2322 1740/2059/2322
f 1740/2059/2323 1917/2060/2324 1880/2007/2278
f 1918/2061/2325 1917/2060/2325 1740/2059/2325
f 1886/2014/2285 1917/2060/2324 1918/2061/2326
f 1886/2014/2327 1918/2061/2327 1742/2015/2327
f 1917/2060/2324 1879/2006/2277 1880/2007/2278
f 1878/2005/2276 1879/2006/2277 1917/2060/2324
f 1878/2005/2276 1917/2060/2324 1886/2014/2285
f 1915/2056/2318 1884/2057/2282 1724/2062/2328
f 1915/2056/2329 1724/2062/2329 1914/2055/2329
f 1826/2034/2223 1899/2028/2300 1821/2063/2217
f 1899/2028/2300 1813/2064/2209 1821/2063/2217
f 1899/2028/2300 1919/2065/2330 1813/2064/2209
f 1899/2028/2300 1900/2029/2301 1919/2065/2330
f 1900/2029/2301 1920/2066/2331 1919/2065/2330
f 1901/2030/2302 1920/2066/2331 1900/2029/2301
f 1901/2030/2302 1921/2067/2332 1920/2066/2331
f 1920/2066/2331 1921/2067/2332 1922/2068/2333
f 1919/2065/2330 1923/2069/2334 1813/2064/2209
f 1920/2066/2331 1923/2069/2334 1919/2065/2330
f 1920/2066/2331 1922/2068/2333 1923/2069/2334
f 1923/2069/2334 1922/2068/2333 1924/2070/2335
f 1922/2068/2333 1925/2071/2336 1924/2070/2335
f 1926/2072/2337 1925/2071/2336 1922/2068/2333
f 1921/2067/2332 1926/2072/2337 1922/2068/2333
f 1813/2064/2209 1923/2069/2334 1811/2073/2208
f 1923/2069/2334 1924/2070/2335 1811/2073/2208
f 1811/2073/2208 1924/2070/2335 1810/2074/2206
f 1924/2070/2335 1820/2075/2216 1810/2074/2206
f 1924/2070/2335 1927/2076/2338 1820/2075/2216
f 1925/2071/2336 1927/2076/2338 1924/2070/2335
f 1925/2071/2336 1928/2077/2339 1927/2076/2338
f 1928/2077/2339 1925/2071/2336 1929/2078/2340
f 1926/2072/2337 1929/2078/2340 1925/2071/2336
f 1820/2075/2216 1927/2076/2338 1930/2079/2341
f 1927/2076/2338 1931/2080/2342 1930/2079/2341
f 1927/2076/2338 1928/2077/2339 1931/2080/2342
f 1928/2077/2339 1932/2081/2343 1931/2080/2342
f 1933/2082/2344 1932/2081/2343 1928/2077/2339
f 1929/2078/2340 1933/2082/2344 1928/2077/2339
f 1930/2079/2341 1931/2080/2342 1934/2083/2345
f 1931/2080/2342 1935/2084/2346 1934/2083/2345
f 1932/2081/2343 1935/2084/2346 1931/2080/2342
f 1936/2085/2347 1935/2084/2346 1932/2081/2343
f 1932/2081/2343 1937/2086/2348 1936/2085/2347
f 1933/2082/2344 1937/2086/2348 1932/2081/2343
f 1933/2082/2344 1938/2087/2349 1937/2086/2348
f 1939/2088/2350 1938/2087/2349 1933/2082/2344
f 1939/2088/2350 1933/2082/2344 1929/2078/2340
f 1934/2083/2345 1935/2084/2346 1940/2089/2351
f 1935/2084/2346 1941/2090/2352 1940/2089/2351
f 1935/2084/2346 1942/2091/2353 1941/2090/2352
f 1942/2091/2353 1935/2084/2346 1943/2092/2354
f 1943/2092/2354 1935/2084/2346 1936/2085/2347
f 1942/2091/2353 1944/2093/2355 1941/2090/2352
f 1942/2091/2353 1945/2094/2356 1944/2093/2355
f 1943/2092/2354 1945/2094/2356 1942/2091/2353
f 1943/2092/2354 1946/2095/2357 1945/2094/2356
f 1947/2096/2358 1946/2095/2357 1943/2092/2354
f 1948/2097/2359 1947/2096/2358 1943/2092/2354
f 1948/2097/2359 1943/2092/2354 1936/2085/2347
f 1937/2086/2348 1948/2097/2359 1936/2085/2347
f 1944/2093/2355 1945/2094/2356 1949/2098/2360
f 1945/2094/2356 1950/2099/2361 1949/2098/2360
f 1946/2095/2357 1950/2099/2361 1945/2094/2356
f 1951/2100/2362 1950/2099/2361 1946/2095/2357
f 1951/2100/2362 1946/2095/2357 1952/2101/2363
f 1952/2101/2363 1946/2095/2357 1947/2096/2358
f 1947/2096/2358 1953/2102/2364 1952/2101/2363
f 1954/2103/2365 1953/2102/2364 1947/2096/2358
f 1948/2097/2359 1954/2103/2365 1947/2096/2358
f 1955/2104/2366 1954/2103/2365 1948/2097/2359
f 1937/2086/2348 1955/2104/2366 1948/2097/2359
f 1938/2087/2349 1955/2104/2366 1937/2086/2348
f 1949/2098/2360 1950/2099/2361 1956/2105/2367
f 1956/2105/2367 1950/2099/2361 1957/2106/2368
f 1950/2099/2361 1951/2100/2362 1957/2106/2368
f 1957/2106/2368 1951/2100/2362 1958/2107/2369
f 1951/2100/2362 1959/2108/2370 1958/2107/2369
f 1951/2100/2362 1952/2101/2363 1959/2108/2370
f 1952/2101/2363 1960/2109/2371 1959/2108/2370
f 1952/2101/2363 1953/2102/2364 1960/2109/2371
f 1953/2102/2364 1961/2110/2372 1960/2109/2371
f 1961/2110/2372 1953/2102/2364 1962/2111/2373
f 1962/2111/2373 1953/2102/2364 1954/2103/2365
f 1957/2106/2368 1963/2112/2374 1956/2105/2367
f 1963/2112/2374 1957/2106/2368 1958/2107/2369
f 1958/2107/2369 1964/2113/2375 1963/2112/2374
f 1964/2113/2375 1958/2107/2369 1965/2114/2376
f 1965/2114/2376 1958/2107/2369 1959/2108/2370
f 1959/2108/2370 1966/2115/2377 1965/2114/2376
f 1960/2109/2371 1966/2115/2377 1959/2108/2370
f 1966/2115/2377 1960/2109/2371 1967/2116/2378
f 1961/2110/2372 1967/2116/2378 1960/2109/2371
f 1963/2112/2374 1968/2117/2379 1956/2105/2367
f 1968/2117/2379 1963/2112/2374 1783/2118/2380
f 1783/2118/2381 1963/2112/2382 1969/2119/2383
f 1963/2112/2374 1964/2113/2375 1969/2119/2384
f 1964/2113/2385 1781/2120/2385 1969/2119/2385
f 1781/2120/2386 1964/2113/2375 1965/2114/2376
f 1965/2114/2387 1780/2121/2387 1781/2120/2387
f 1965/2114/2376 1966/2115/2377 1780/2121/2388
f 1966/2115/2389 1764/2122/2389 1780/2121/2389
f 1764/2122/2390 1966/2115/2377 1967/2116/2378
f 1968/2117/2391 1783/2118/2391 1751/2123/2391
f 1967/2116/2392 1970/2124/2392 1764/2122/2392
f 1967/2116/2378 1971/2125/2393 1970/2124/2394
f 1967/2116/2378 1961/2110/2372 1971/2125/2393
f 1971/2125/2393 1961/2110/2372 1972/2126/2395
f 1961/2110/2372 1962/2111/2373 1972/2126/2395
f 1962/2111/2373 1973/2127/2396 1972/2126/2395
f 1973/2127/2396 1962/2111/2373 1489/2128/2397
f 1962/2111/2373 1954/2103/2365 1489/2128/2397
f 1970/2124/2398 1971/2125/2398 1752/2129/2398
f 1752/2129/2399 1971/2125/2393 1974/2130/2400
f 1971/2125/2393 1972/2126/2395 1974/2130/2400
f 1972/2126/2395 1975/2131/2401 1974/2130/2400
f 1973/2127/2396 1975/2131/2401 1972/2126/2395
f 1975/2131/2401 1973/2127/2396 1976/2132/2402
f 1976/2132/2402 1973/2127/2396 1977/2133/2403
f 1977/2133/2403 1973/2127/2396 1489/2128/2397
f 1978/2134/2404 1977/2133/2403 1489/2128/2397
f 1955/2104/2366 1978/2134/2404 1489/2128/2397
f 1489/2128/2397 1954/2103/2365 1955/2104/2366
f 1974/2130/2405 1751/2135/2405 1752/2129/2405
f 1974/2130/2400 1968/2136/2379 1751/2135/2406
f 1974/2130/2400 1975/2131/2401 1968/2136/2379
f 1968/2136/2379 1975/2131/2401 1956/2137/2367
f 1975/2131/2401 1976/2132/2402 1956/2137/2367
f 1949/2138/2360 1956/2137/2367 1976/2132/2402
f 1949/2138/2360 1976/2132/2402 1979/2139/2407
f 1976/2132/2402 1977/2133/2403 1979/2139/2407
f 1980/2140/2408 1979/2139/2407 1977/2133/2403
f 1980/2140/2408 1977/2133/2403 1978/2134/2404
f 1981/2141/2409 1980/2140/2408 1978/2134/2404
f 1981/2141/2409 1978/2134/2404 1938/2087/2349
f 1938/2087/2349 1978/2134/2404 1955/2104/2366
f 1949/2138/2360 1979/2139/2407 1944/2142/2355
f 1979/2139/2407 1982/2143/2410 1944/2142/2355
f 1979/2139/2407 1980/2140/2408 1982/2143/2410
f 1980/2140/2408 1983/2144/2411 1982/2143/2410
f 1983/2144/2411 1980/2140/2408 1981/2141/2409
f 1984/2145/2412 1983/2144/2411 1981/2141/2409
f 1981/2141/2409 1985/2146/2413 1984/2145/2412
f 1939/2088/2350 1985/2146/2413 1981/2141/2409
f 1938/2087/2349 1939/2088/2350 1981/2141/2409
f 1944/2142/2355 1982/2143/2410 1941/2147/2352
f 1982/2143/2410 1986/2148/2414 1941/2147/2352
f 1982/2143/2410 1983/2144/2411 1986/2148/2414
f 1983/2144/2411 1984/2145/2412 1986/2148/2414
f 1986/2148/2414 1984/2145/2412 1987/2149/2415
f 1984/2145/2412 1988/2150/2416 1987/2149/2415
f 1985/2146/2413 1988/2150/2416 1984/2145/2412
f 1988/2150/2416 1985/2146/2413 1989/2151/2417
f 1985/2146/2413 1990/2152/2418 1989/2151/2417
f 1985/2146/2413 1939/2088/2350 1990/2152/2418
f 1990/2152/2418 1939/2088/2350 1929/2078/2340
f 1941/2147/2352 1986/2148/2414 1940/2153/2351
f 1986/2148/2414 1934/2154/2345 1940/2153/2351
f 1986/2148/2414 1987/2149/2415 1934/2154/2345
f 1987/2149/2415 1930/2155/2341 1934/2154/2345
f 1991/2156/2419 1930/2155/2341 1987/2149/2415
f 1988/2150/2416 1991/2156/2419 1987/2149/2415
f 1988/2150/2416 1992/2157/2420 1991/2156/2419
f 1988/2150/2416 1989/2151/2417 1992/2157/2420
f 1989/2151/2417 1993/2158/2421 1992/2157/2420
f 1989/2151/2417 1994/2159/2422 1993/2158/2421
f 1990/2152/2418 1994/2159/2422 1989/2151/2417
f 1990/2152/2418 1929/2078/2340 1994/2159/2422
f 1929/2078/2340 1926/2072/2337 1994/2159/2422
f 1994/2159/2422 1926/2072/2337 1995/2160/2423
f 1921/2067/2332 1995/2160/2423 1926/2072/2337
f 1930/2155/2341 1991/2156/2419 1820/1945/2216
f 1820/1945/2216 1991/2156/2419 1819/1944/2215
f 1991/2156/2419 1992/2157/2420 1819/1944/2215
f 1992/2157/2420 1818/1943/2214 1819/1944/2215
f 1993/2158/2421 1818/1943/2214 1992/2157/2420
f 1993/2158/2421 1521/1951/2222 1818/1943/2214
f 1521/1951/2222 1993/2158/2421 1995/2160/2423
f 1993/2158/2421 1994/2159/2422 1995/2160/2423
f 1996/2161/2424 1521/1951/2222 1995/2160/2423
f 1921/2067/2332 1996/2161/2424 1995/2160/2423
f 1921/2067/2332 1901/2030/2302 1996/2161/2424
f 1996/2161/2424 1901/2030/2302 1832/1958/2229
f 1825/1950/2221 1996/2161/2424 1832/1958/2229
f 1521/1951/2222 1996/2161/2424 1825/1950/2221
f 1997/2162/2425 1589/2163/1971 1458/2164/1840
f 1997/2162/2425 1998/2165/2426 1589/2163/1971
f 1999/2166/2427 1998/2165/2426 1997/2162/2425
f 2000/2167/2428 1998/2165/2426 1999/2166/2427
f 2000/2167/2428 1999/2166/2427 2001/2168/2429
f 2001/2168/2429 1999/2166/2427 2002/2169/2430
f 2003/2170/2431 2001/2168/2429 2002/2169/2430
f 2003/2170/2431 2002/2169/2430 2004/2171/2432
f 1589/2163/1971 1998/2165/2426 1588/2172/1970
f 2005/2173/2433 1588/2172/1970 1998/2165/2426
f 2000/2167/2428 2005/2173/2433 1998/2165/2426
f 2000/2167/2428 2006/2174/2434 2005/2173/2433
f 2000/2167/2428 2007/2175/2435 2006/2174/2434
f 2007/2175/2435 2000/2167/2428 2001/2168/2429
f 2007/2175/2435 2001/2168/2429 2008/2176/2436
f 2008/2176/2436 2001/2168/2429 2003/2170/2431
f 2005/2173/2433 2009/2177/2437 1588/2172/1970
f 2006/2174/2434 2009/2177/2437 2005/2173/2433
f 2010/2178/2438 2009/2177/2437 2006/2174/2434
f 2010/2178/2438 2006/2174/2434 2011/2179/2439
f 2007/2175/2435 2011/2179/2439 2006/2174/2434
f 1588/2172/1970 2009/2177/2437 1576/2180/1958
f 2009/2177/2437 2012/2181/2440 1576/2180/1958
f 2009/2177/2437 2010/2178/2438 2012/2181/2440
f 2010/2178/2438 2013/2182/2441 2012/2181/2440
f 2010/2178/2438 2014/2183/2442 2013/2182/2441
f 2010/2178/2438 2015/2184/2443 2014/2183/2442
f 2015/2184/2443 2010/2178/2438 2011/2179/2439
f 1576/2180/1958 2012/2181/2440 1583/2185/1965
f 2013/2182/2441 1583/2185/1965 2012/2181/2440
f 2013/2182/2441 1585/2186/1967 1583/2185/1965
f 2013/2182/2441 2016/2187/2444 1585/2186/1967
f 2013/2182/2441 2014/2183/2442 2016/2187/2444
f 2017/2188/2445 2016/2187/2444 2014/2183/2442
f 2015/2184/2443 2017/2188/2445 2014/2183/2442
f 2016/2187/2444 1586/2189/1968 1585/2186/1967
f 1586/2189/1968 2016/2187/2444 1587/2190/1969
f 2016/2187/2444 2018/2191/2446 1587/2190/1969
f 2016/2187/2444 2019/2192/2447 2018/2191/2446
f 2017/2188/2445 2019/2192/2447 2016/2187/2444
f 2019/2192/2447 2017/2188/2445 2020/2193/2448
f 2017/2188/2445 2021/2194/2449 2020/2193/2448
f 2015/2184/2443 2021/2194/2449 2017/2188/2445
f 2021/2194/2449 2015/2184/2443 2022/2195/2450
f 2015/2184/2443 2011/2179/2439 2022/2195/2450
f 1587/2190/1969 2018/2191/2446 1479/2196/1861
f 2018/2191/2446 1478/2197/1860 1479/2196/1861
f 2018/2191/2446 2023/2198/2451 1478/2197/1860
f 2019/2192/2447 2023/2198/2451 2018/2191/2446
f 2023/2198/2451 2019/2192/2447 2024/2199/2452
f 2024/2199/2452 2019/2192/2447 2020/2193/2448
f 2025/2200/2453 2024/2199/2452 2020/2193/2448
f 2025/2200/2453 2020/2193/2448 2026/2201/2454
f 2020/2193/2448 2021/2194/2449 2026/2201/2454
f 2023/2198/2451 1474/2202/1856 1478/2197/1860
f 1474/2202/1856 2023/2198/2451 1473/2203/1855
f 2023/2198/2451 2027/2204/2455 1473/2203/1855
f 2023/2198/2451 2028/2205/2456 2027/2204/2455
f 2023/2198/2451 2024/2199/2452 2028/2205/2456
f 2024/2199/2452 2029/2206/2457 2028/2205/2456
f 2029/2206/2457 2030/2207/2458 2028/2205/2456
f 2030/2207/2458 2029/2206/2457 2031/2208/2459
f 2032/2209/2460 2030/2207/2458 2031/2208/2459
f 2031/2208/2459 2033/2210/2461 2032/2209/2460
f 1473/2203/1855 2027/2204/2455 1467/2211/1849
f 1467/2211/1849 2027/2204/2455 2034/2212/2462
f 2027/2204/2455 2030/2207/2458 2034/2212/2462
f 2028/2205/2456 2030/2207/2458 2027/2204/2455
f 2034/2212/2462 1460/2213/1842 1467/2211/1849
f 2034/2212/2462 2035/2214/2463 1460/2213/1842
f 2030/2207/2458 2035/2214/2463 2034/2212/2462
f 2035/2214/2463 2030/2207/2458 2032/2209/2460
f 2035/2214/2463 2032/2209/2460 2036/2215/2464
f 2032/2209/2460 2037/2216/2465 2036/2215/2464
f 2033/2210/2461 2037/2216/2465 2032/2209/2460
f 2037/2216/2465 2033/2210/2461 2038/2217/2466
f 2038/2217/2466 2033/2210/2461 2039/2218/2467
f 2031/2208/2459 2039/2218/2467 2033/2210/2461
f 2035/2214/2463 1459/2219/1841 1460/2213/1842
f 2035/2214/2463 2036/2215/2464 1459/2219/1841
f 1459/2219/1841 2036/2215/2464 2040/2220/2468
f 2036/2215/2464 2037/2216/2465 2040/2220/2468
f 2040/2220/2468 2037/2216/2465 1999/2221/2427
f 1999/2221/2427 2037/2216/2465 2038/2217/2466
f 1999/2221/2427 2038/2217/2466 2002/2222/2430
f 2038/2217/2466 2041/2223/2469 2002/2222/2430
f 2038/2217/2466 2039/2218/2467 2041/2223/2469
f 2040/2220/2468 1453/2224/1835 1459/2219/1841
f 1453/2224/1835 2040/2220/2468 1997/2225/2425
f 2040/2220/2468 1999/2221/2427 1997/2225/2425
f 1453/2224/1835 1997/2225/2425 1458/2226/1840
f 2002/2222/2430 2041/2223/2469 2004/2227/2432
f 2031/2208/2459 2042/2228/2470 2039/2218/2467
f 2031/2208/2459 2043/2229/2471 2042/2228/2470
f 2031/2208/2459 2029/2206/2457 2043/2229/2471
f 2029/2206/2457 2025/2200/2453 2043/2229/2471
f 2025/2200/2453 2029/2206/2457 2024/2199/2452
f 2022/2195/2450 2011/2179/2439 2044/2230/2472
f 2044/2230/2472 2011/2179/2439 2008/2176/2436
f 2008/2176/2436 2011/2179/2439 2007/2175/2435
f 2041/2223/2469 2045/2231/2473 2004/2227/2432
f 2041/2223/2469 2046/2232/2474 2045/2231/2473
f 2047/2233/2475 2046/2232/2474 2041/2223/2469
f 2041/2223/2469 2039/2218/2467 2047/2233/2475
f 2039/2218/2467 2048/2234/2476 2047/2233/2475
f 2042/2228/2470 2048/2234/2476 2039/2218/2467
f 2048/2234/2476 2042/2228/2470 2049/2235/2477
f 2042/2228/2470 2043/2229/2471 2049/2235/2477
f 2043/2229/2471 2025/2200/2453 2049/2235/2477
f 2050/2236/2478 2049/2235/2477 2025/2200/2453
f 2050/2236/2478 2025/2200/2453 2026/2201/2454
f 2050/2236/2478 2026/2201/2454 2051/2237/2479
f 2026/2201/2454 2021/2194/2449 2051/2237/2479
f 2021/2194/2449 2052/2238/2480 2051/2237/2479
f 2053/2239/2481 2052/2238/2480 2021/2194/2449
f 2021/2194/2449 2022/2195/2450 2053/2239/2481
f 2022/2195/2450 2044/2230/2472 2053/2239/2481
f 2044/2230/2472 2054/2240/2482 2053/2239/2481
f 2054/2240/2482 2044/2230/2472 2008/2176/2436
f 2054/2240/2482 2008/2176/2436 2055/2241/2483
f 2008/2176/2436 2003/2170/2431 2055/2241/2483
f 2056/2242/2484 2055/2241/2483 2003/2170/2431
f 2056/2242/2484 2003/2170/2431 2004/2171/2432
f 2056/2242/2484 2004/2171/2432 2045/2243/2473
f 86/76/82 2056/2242/2484 2045/2243/2473
f 86/76/82 88/75/83 2056/2242/2484
f 88/75/83 2055/2241/2483 2056/2242/2484
f 90/78/85 2055/2241/2483 88/75/83
f 90/78/85 2054/2240/2482 2055/2241/2483
f 2054/2240/2482 90/78/85 89/77/84
f 2053/2239/2481 2054/2240/2482 89/77/84
f 2053/2239/2481 89/77/84 94/82/89
f 2053/2239/2481 94/82/89 2052/2238/2480
f 2052/2238/2480 94/82/89 92/81/88
f 2052/2238/2480 92/81/88 2051/2237/2479
f 93/80/87 2051/2237/2479 92/81/88
f 93/80/87 2050/2236/2478 2051/2237/2479
f 2050/2236/2478 93/80/87 91/79/86
f 2049/2235/2477 2050/2236/2478 91/79/86
f 91/79/86 1350/1355/1732 2049/2235/2477
f 1350/1355/1732 2048/2234/2476 2049/2235/2477
f 2048/2234/2476 1350/1355/1732 1349/1354/1731
f 2048/2234/2476 1349/1354/1731 2047/2233/2475
f 1349/1354/1731 85/71/80 2047/2233/2475
f 2047/2233/2475 85/71/80 2046/2232/2474
f 2046/2232/2474 85/71/80 86/73/82
f 2046/2232/2474 86/73/82 2045/2231/2473
f 2057/2244/2485 2059/2245/2486 2058/2246/2487
f 2059/2245/2486 2057/2244/2485 1246/1227/1628
f 2057/2244/2485 1247/1228/1629 1246/1227/1628
f 1247/1228/1629 2057/2244/2485 1248/1229/1630
f 2057/2244/2485 2060/2247/2488 1248/1229/1630
f 1248/1229/1630 2060/2247/2488 2061/2248/2489
f 1252/1233/1634 1248/1229/1630 2061/2248/2489
f 2062/2249/2490 1252/1233/1634 2061/2248/2489
f 1252/1233/1634 2062/2249/2490 1254/1235/1636
f 2062/2249/2490 1260/1241/1642 1254/1235/1636
f 2062/2249/2490 2063/2250/2491 1260/1241/1642
f 1260/1241/1642 2063/2250/2491 2064/2251/2492
f 2064/2251/2492 1261/1242/1643 1260/1241/1642
f 1261/1242/1643 2064/2251/2492 2065/2252/2493
f 1268/1249/1650 1261/1242/1643 2065/2252/2493
f 1269/1250/1651 1268/1249/1650 2065/2252/2493
f 2066/2253/2494 1269/1250/1651 2065/2252/2493
f 2067/2254/2495 1269/1250/1651 2066/2253/2494
f 2067/2254/2495 2066/2253/2494 2068/2255/2496
f 2066/2253/2494 2065/2256/2493 2068/2255/2496
f 2069/2257/2497 2068/2255/2496 2065/2256/2493
f 2064/2258/2492 2069/2257/2497 2065/2256/2493
f 2070/2259/2498 2069/2257/2497 2064/2258/2492
f 2063/2260/2491 2070/2259/2498 2064/2258/2492
f 1275/1256/1657 1269/1250/1651 2067/2254/2495
f 2071/2261/2499 1275/1256/1657 2067/2254/2495
f 2071/2261/2499 1278/1259/1660 1275/1256/1657
f 2071/2261/2499 2072/2262/2500 1278/1259/1660
f 1285/1266/1667 1278/1259/1660 2072/2262/2500
f 2073/2263/2501 1285/1266/1667 2072/2262/2500
f 2073/2263/2501 2072/2262/2500 2074/2264/2502
f 2075/2265/2503 2073/2263/2501 2074/2264/2502
f 2075/2265/2503 2074/2264/2502 2076/2266/2504
f 2077/2267/2505 2075/2265/2503 2076/2266/2504
f 2078/2268/2506 2077/2267/2505 2076/2266/2504
f 2079/2269/2507 2077/2267/2505 2078/2268/2506
f 2073/2263/2501 1291/1272/1673 1285/1266/1667
f 1291/1272/1673 2073/2263/2501 2075/2265/2503
f 1292/1273/1674 1291/1272/1673 2075/2265/2503
f 1295/1276/1677 1292/1273/1674 2075/2265/2503
f 2077/2267/2505 1295/1276/1677 2075/2265/2503
f 2077/2267/2505 1301/1282/1683 1295/1276/1677
f 1301/1282/1683 2077/2267/2505 2080/2270/2508
f 2080/2270/2508 2077/2267/2505 2079/2269/2507
f 2059/2271/2486 2080/2270/2508 2079/2269/2507
f 2059/2271/2486 2079/2269/2507 2058/2272/2487
f 2059/2271/2486 1301/1282/1683 2080/2270/2508
f 1301/1282/1683 2059/2271/2486 1246/1288/1628
f 2081/2273/2509 2057/2274/2485 2058/2246/2487
f 2081/2273/2509 2082/2275/2510 2057/2274/2485
f 2082/2275/2510 2081/2273/2509 2083/2276/2511
f 2084/2277/2512 2082/2275/2510 2083/2276/2511
f 2084/2277/2512 2085/2278/2513 2082/2275/2510
f 2085/2278/2513 2084/2277/2512 2086/2279/2514
f 2085/2278/2513 2086/2279/2514 2087/2280/2515
f 2088/2281/2516 2087/2280/2515 2086/2279/2514
f 2082/2275/2510 2060/2282/2488 2057/2274/2485
f 2082/2275/2510 2085/2278/2513 2060/2282/2488
f 2085/2278/2513 2061/2283/2489 2060/2282/2488
f 2085/2278/2513 2087/2280/2515 2061/2283/2489
f 2087/2280/2515 2062/2284/2490 2061/2283/2489
f 2087/2280/2515 2089/2285/2517 2062/2284/2490
f 2089/2285/2517 2087/2280/2515 2088/2281/2516
f 2089/2285/2517 2088/2281/2516 2090/2286/2518
f 2091/2287/2519 2089/2285/2517 2090/2286/2518
f 2092/2288/2520 2089/2285/2517 2091/2287/2519
f 2092/2288/2520 2091/2287/2519 2070/2259/2498
f 2093/2289/2521 2070/2259/2498 2091/2287/2519
f 2070/2259/2498 2093/2289/2521 2094/2290/2522
f 2089/2285/2517 2092/2288/2520 2062/2284/2490
f 2062/2284/2490 2092/2288/2520 2063/2260/2491
f 2092/2288/2520 2070/2259/2498 2063/2260/2491
f 2070/2259/2498 2094/2290/2522 2069/2257/2497
f 2094/2290/2522 2095/2291/2523 2069/2257/2497
f 2096/2292/2524 2095/2291/2523 2094/2290/2522
f 2097/2293/2525 2095/2291/2523 2096/2292/2524
f 2096/2292/2524 2098/2294/2526 2097/2293/2525
f 2097/2293/2525 2098/2294/2526 2099/2295/2527
f 2069/2257/2497 2095/2291/2523 2068/2255/2496
f 2095/2291/2523 2067/2296/2495 2068/2255/2496
f 2095/2291/2523 2097/2293/2525 2067/2296/2495
f 2097/2293/2525 2071/2297/2499 2067/2296/2495
f 2097/2293/2525 2100/2298/2528 2071/2297/2499
f 2099/2295/2527 2100/2298/2528 2097/2293/2525
f 2100/2298/2528 2099/2295/2527 2101/2299/2529
f 2101/2299/2529 2099/2295/2527 2102/2300/2530
f 2101/2299/2529 2102/2300/2530 2103/2301/2531
f 2104/2302/2532 2101/2299/2529 2103/2301/2531
f 2105/2303/2533 2104/2302/2532 2103/2301/2531
f 2100/2298/2528 2101/2299/2529 2071/2297/2499
f 2071/2297/2499 2101/2299/2529 2072/2304/2500
f 2101/2299/2529 2104/2302/2532 2072/2304/2500
f 2072/2304/2500 2104/2302/2532 2074/2264/2502
f 2104/2302/2532 2076/2266/2504 2074/2264/2502
f 2104/2302/2532 2105/2303/2533 2076/2266/2504
f 2105/2303/2533 2106/2305/2534 2076/2266/2504
f 2107/2306/2535 2106/2305/2534 2105/2303/2533
f 2106/2305/2534 2107/2306/2535 2108/2307/2536
f 2108/2307/2536 2107/2306/2535 2109/2308/2537
f 2108/2307/2536 2109/2308/2537 2081/2309/2509
f 2081/2309/2509 2109/2308/2537 2083/2310/2511
f 2078/2268/2506 2076/2266/2504 2106/2305/2534
f 2079/2269/2507 2078/2268/2506 2106/2305/2534
f 2106/2305/2534 2108/2307/2536 2079/2269/2507
f 2108/2307/2536 2058/2272/2487 2079/2269/2507
f 2108/2307/2536 2081/2309/2509 2058/2272/2487
f 1571/2311/1953 1352/1358/1735 1572/2312/1954
f 1571/2311/1953 1351/1356/1733 1352/1358/1735
f 1568/2313/1950 1351/1356/1733 1571/2311/1953
f 1568/2313/1950 1355/1360/1737 1351/1356/1733
f 1567/2314/1949 1355/1360/1737 1568/2313/1950
f 1564/2315/1946 1355/1360/1737 1567/2314/1949
f 1564/2315/1946 1357/1362/1739 1355/1360/1737
f 1565/2316/1947 1357/1362/1739 1564/2315/1946
f 1357/1362/1739 1565/2316/1947 1558/2317/1940
f 1558/2317/1940 1358/1363/1740 1357/1362/1739
f 1553/2318/1935 1358/1363/1740 1558/2317/1940
f 1554/2319/1936 1358/1363/1740 1553/2318/1935
f 1358/1363/1740 1554/2319/1936 1361/1373/1743
f 1547/2320/1929 1361/1373/1743 1554/2319/1936
f 1361/1373/1743 1547/2320/1929 1548/2321/1930
f 1548/2321/1930 1363/1375/1745 1361/1373/1743
f 1549/2322/1931 1363/1375/1745 1548/2321/1930
f 1722/2323/2104 1363/1375/1745 1549/2322/1931
f 1363/1375/1745 1722/2323/2104 1365/1377/1747
f 1721/2324/2103 1365/1377/1747 1722/2323/2104
f 1721/2324/2103 1367/1379/1749 1365/1377/1747
f 1367/1379/1749 1721/2324/2103 1630/2325/2012
f 1367/1379/1749 1630/2325/2012 1625/2326/2007
f 1367/1379/1749 1625/2326/2007 1369/1381/1751
f 1623/2327/2005 1369/1381/1751 1625/2326/2007
f 1369/1381/1751 1623/2327/2005 1621/2328/2003
f 1369/1381/1751 1621/2328/2003 1371/1383/1753
f 1618/2329/2000 1371/1383/1753 1621/2328/2003
f 1618/2329/2000 1373/1385/1755 1371/1383/1753
f 1595/2330/1977 1373/1385/1755 1618/2329/2000
f 1582/2331/1964 1373/1385/1755 1595/2330/1977
f 1375/1387/1757 1373/1385/1755 1582/2331/1964
f 1581/2332/1963 1375/1387/1757 1582/2331/1964
f 1581/2332/1963 1377/1389/1759 1375/1387/1757
f 1377/1389/1759 1581/2332/1963 1575/2333/1957
f 1574/2334/1956 1377/1389/1759 1575/2333/1957
f 1352/1390/1735 1377/1389/1759 1574/2334/1956
f 1352/1390/1735 1574/2334/1956 1572/2335/1954
f 1378/1423/1760 1457/2336/1839 1451/2337/1833
f 1407/1421/1789 1457/2336/1839 1378/1423/1760
f 1457/2336/1839 1407/1421/1789 1456/2338/1838
f 1407/1421/1789 1462/2339/1844 1456/2338/1838
f 1404/1418/1786 1462/2339/1844 1407/1421/1789
f 1404/1418/1786 1463/2340/1845 1462/2339/1844
f 1403/1417/1785 1463/2340/1845 1404/1418/1786
f 1403/1417/1785 1465/2341/1847 1463/2340/1845
f 1465/2341/1847 1403/1417/1785 1466/2342/1848
f 1400/1414/1782 1466/2342/1848 1403/1417/1785
f 1400/1414/1782 1472/2343/1854 1466/2342/1848
f 1398/1412/1780 1472/2343/1854 1400/1414/1782
f 1398/1412/1780 1484/2344/1866 1472/2343/1854
f 1485/2345/1867 1484/2344/1866 1398/1412/1780
f 1396/1410/1778 1485/2345/1867 1398/1412/1780
f 1485/2345/1867 1396/1410/1778 1487/2346/1869
f 1395/1409/1777 1487/2346/1869 1396/1410/1778
f 1395/1409/1777 1495/2347/1877 1487/2346/1869
f 1395/1409/1777 1501/2348/1883 1495/2347/1877
f 1501/2348/1883 1395/1409/1777 1393/1407/1775
f 1501/2348/1883 1393/1407/1775 1719/2349/2101
f 1393/1407/1775 1391/1405/1773 1719/2349/2101
f 1391/1405/1773 1716/2350/2098 1719/2349/2101
f 1716/2350/2098 1391/1405/1773 1715/2351/2097
f 1388/1402/1770 1715/2351/2097 1391/1405/1773
f 1388/1402/1770 1710/2352/2092 1715/2351/2097
f 1710/2352/2092 1388/1402/1770 1709/2353/2091
f 1388/1402/1770 1386/1400/1768 1709/2353/2091
f 1386/1400/1768 1713/2354/2095 1709/2353/2091
f 1385/1399/1767 1713/2354/2095 1386/1400/1768
f 1385/1399/1767 1714/2355/2096 1713/2354/2095
f 1385/1399/1767 1445/2356/1827 1714/2355/2096
f 1382/1396/1764 1445/2356/1827 1385/1399/1767
f 1382/1396/1764 1444/2357/1826 1445/2356/1827
f 1380/1393/1761 1444/2357/1826 1382/1396/1764
f 1444/2357/1826 1380/1393/1761 1443/2358/1825
f 1380/1393/1761 1452/2359/1834 1443/2358/1825
f 1452/2359/1834 1380/1393/1761 1378/1392/1760
f 1452/2359/1834 1378/1392/1760 1451/2360/1833
f 2110/343/2538 2112/334/2539 2111/344/2540
f 208/335/2541 2112/334/2541 2110/343/2541
f 2113/329/2542 2112/334/2539 208/335/2543
f 2114/336/2544 2113/329/2542 208/335/2543
f 2115/328/2545 2113/329/2542 2114/336/2544
f 2115/328/2545 2114/336/2544 2116/320/2546
f 2115/328/2545 2116/320/2546 2117/321/2547
f 2116/320/2546 2118/319/2548 2117/321/2547
f 2119/322/2549 2118/319/2548 2116/320/2546
f 2120/333/2550 2112/334/2539 2113/329/2542
f 2121/327/2551 2120/333/2550 2113/329/2542
f 2115/328/2545 2121/327/2551 2113/329/2542
f 2121/327/2551 2115/328/2545 2117/321/2547
f 2118/319/2548 2121/327/2551 2117/321/2547
f 2122/323/2552 2121/327/2551 2118/319/2548
f 2112/334/2539 2120/333/2550 2123/337/2553
f 2120/333/2550 2124/326/2554 2123/337/2553
f 2121/327/2551 2124/326/2554 2120/333/2550
f 2121/327/2551 2122/323/2552 2124/326/2554
f 2122/323/2552 2125/325/2555 2124/326/2554
f 2124/326/2554 2125/325/2555 2126/332/2556
f 2123/337/2553 2124/326/2554 2126/332/2556
f 2119/322/2549 2122/323/2552 2118/319/2548
f 2122/323/2552 2119/322/2549 219/324/2557
f 2125/325/2555 2122/323/2552 219/324/2557
f 2125/325/2558 219/324/2558 2127/330/2558
f 2125/325/2555 2127/330/2559 2128/331/2560
f 495/306/586 2129/2361/2561 494/305/584
f 494/305/584 2129/2361/2561 497/309/589
f 497/309/589 2129/2361/2561 498/311/593
f 2129/2361/2561 499/312/594 498/311/593
f 499/312/594 2129/2361/2561 500/314/596
f 2129/2361/2561 2130/2362/2562 500/314/596
f 495/306/586 2130/2362/2562 2129/2361/2561
f 2130/2362/2562 495/306/586 496/307/587
f 2130/2362/2562 496/307/587 2131/2363/2563
f 501/316/599 2130/2362/2562 2131/2363/2563
f 2130/2362/2562 501/316/599 500/314/596
f 694/2364/909 2132/2365/2564 691/2366/906
f 2132/2365/2564 689/2367/904 691/2366/906
f 689/2367/904 2132/2365/2564 414/2368/897
f 2132/2365/2564 682/2369/895 414/2368/897
f 2132/2365/2564 2133/2370/2565 682/2369/895
f 2132/2365/2564 698/2371/914 2133/2370/2565
f 2132/2365/2564 422/2372/911 698/2371/914
f 2132/2365/2564 694/2364/909 422/2372/911
f 2134/2365/2566 715/2364/934 16/2366/918
f 703/2367/920 2134/2365/2566 16/2366/918
f 2134/2365/2566 703/2367/920 275/2368/922
f 710/2369/928 2134/2365/2566 275/2368/922
f 2135/2370/2567 2134/2365/2566 710/2369/928
f 2134/2365/2566 2135/2370/2567 717/2371/936
f 290/2372/933 2134/2365/2566 717/2371/936
f 715/2364/934 2134/2365/2566 290/2372/933
f 506/2364/2568 337/2365/2568 505/2366/2568
f 337/2365/2569 518/2367/2570 505/2366/2571
f 518/2367/2570 337/2365/2569 359/2368/2572
f 337/2365/2573 522/2369/2573 359/2368/2573
f 337/2365/2574 2136/2370/2574 522/2369/2575
f 337/2365/2574 513/2371/2576 2136/2370/2574
f 337/2365/2577 336/2372/2577 513/2371/2577
f 337/2365/2578 506/2364/2578 336/2372/2578
f 225/2365/2579 2119/2364/2549 2116/2366/2546
f 2114/2367/2544 225/2365/2579 2116/2366/2546
f 225/2365/2580 2114/2367/2580 208/2368/2580
f 2110/2369/2581 225/2365/2581 208/2368/2581
f 2137/2370/2582 225/2365/2583 2110/2369/2584
f 225/2365/2583 2137/2370/2582 2127/2371/2585
f 219/2372/2586 225/2365/2586 2127/2371/2586
f 2119/2364/2587 225/2365/2587 219/2372/2587
f 2125/342/2555 2138/338/2588 2126/332/2556
f 2126/332/2556 2138/338/2588 2123/337/2553
f 2123/337/2553 2138/338/2588 2112/339/2539
f 2138/338/2588 2111/340/2540 2112/339/2539
f 2138/338/2588 2128/341/2560 2111/340/2540
f 2138/338/2588 2125/342/2555 2128/341/2560
f 492/2373/581 2139/2374/2589 496/307/587
f 496/307/587 2139/2374/2589 2131/2363/2563
f 2131/2363/2563 2139/2374/2589 501/2375/599
f 2139/2374/2589 502/2376/603 501/2375/599
f 2139/2374/2589 493/2377/582 502/2376/603
f 2139/2374/2589 492/2373/581 493/2377/582
f 714/342/932 2140/338/2590 716/332/935
f 716/332/935 2140/338/2590 712/337/930
f 712/337/930 2140/338/2590 705/339/923
f 2140/338/2590 711/340/929 705/339/923
f 2140/338/2590 2141/601/2591 711/340/929
f 2140/338/2590 718/341/937 2141/601/2591
f 2140/338/2590 714/342/932 718/341/937
f 1217/2378/1599 2142/2379/2592 1220/2380/1602
f 2142/2379/2592 1225/2381/1607 1220/2380/1602
f 1225/2381/1607 2142/2379/2592 2143/2382/2593
f 2144/2383/2594 2143/2382/2593 2142/2379/2592
f 2145/2384/2595 2144/2383/2594 2142/2379/2592
f 2145/2384/2595 2142/2379/2592 1217/2378/1599
f 2145/2384/2595 1217/2378/1599 1216/2385/1598
f 2146/2386/2596 2145/2384/2595 1216/2385/1598
f 963/2387/1345 2146/2386/2596 1216/2385/1598
f 958/2388/1340 2146/2386/2596 963/2387/1345
f 1225/2381/1607 2143/2382/2593 1227/2389/1609
f 2143/2382/2593 1229/2390/1611 1227/2389/1609
f 2143/2382/2593 2147/2391/2597 1229/2390/1611
f 2143/2382/2593 2144/2383/2594 2147/2391/2597
f 2148/2392/2598 2147/2391/2597 2144/2383/2594
f 2148/2392/2598 2144/2383/2594 2149/2393/2599
f 2145/2384/2595 2149/2393/2599 2144/2383/2594
f 2146/2386/2596 2149/2393/2599 2145/2384/2595
f 2149/2393/2599 2146/2386/2596 2150/2394/2600
f 2150/2394/2600 2146/2386/2596 958/2388/1340
f 2150/2394/2600 958/2388/1340 2151/2395/2601
f 2151/2395/2601 958/2388/1340 960/2396/1342
f 1229/2390/1611 2147/2391/2597 1237/2397/1619
f 2147/2391/2597 2152/2398/2602 1237/2397/1619
f 2147/2391/2597 2148/2392/2598 2152/2398/2602
f 2152/2398/2602 2148/2392/2598 2151/2395/2601
f 2148/2392/2598 2149/2393/2599 2151/2395/2601
f 2151/2395/2601 2149/2393/2599 2150/2394/2600
f 2152/2398/2602 964/2399/1346 1237/2397/1619
f 2152/2398/2602 960/2396/1342 964/2399/1346
f 2152/2398/2602 2151/2395/2601 960/2396/1342
f 2153/2400/2603 2154/2401/2604 1566/2402/1948
f 2153/2400/2603 1566/2402/1948 1475/2403/1857
f 1476/2404/1858 2153/2400/2603 1475/2403/1857
f 2155/2405/2605 2153/2400/2603 1476/2404/1858
f 2155/2405/2605 1476/2404/1858 2156/2406/2606
f 2156/2406/2606 1476/2404/1858 1480/2407/1862
f 1481/2408/1863 2156/2406/2606 1480/2407/1862
f 2153/2400/2603 2157/2409/2607 2154/2401/2604
f 2153/2400/2603 2158/2410/2608 2157/2409/2607
f 2155/2405/2605 2158/2410/2608 2153/2400/2603
f 2155/2405/2605 2159/2411/2609 2158/2410/2608
f 2159/2411/2609 2155/2405/2605 2156/2406/2606
f 2156/2406/2606 2160/2412/2610 2159/2411/2609
f 2161/2413/2611 2160/2412/2610 2156/2406/2606
f 2161/2413/2611 2156/2406/2606 1481/2408/1863
f 2162/2414/2612 2161/2413/2611 1481/2408/1863
f 2162/2414/2612 1481/2408/1863 1488/2415/1870
f 2154/2401/2604 2157/2409/2607 2163/2416/2613
f 2157/2409/2607 943/2417/1325 2163/2416/2613
f 2157/2409/2607 942/2418/1324 943/2417/1325
f 2157/2409/2607 2158/2410/2608 942/2418/1324
f 2158/2410/2608 941/2419/1323 942/2418/1324
f 941/2419/1323 2158/2410/2608 940/2420/1322
f 2159/2411/2609 940/2420/1322 2158/2410/2608
f 2159/2411/2609 2160/2412/2610 940/2420/1322
f 2160/2412/2610 939/2421/1321 940/2420/1322
f 939/2421/1321 2160/2412/2610 2164/2422/2614
f 2162/2414/2612 2164/2422/2614 2160/2412/2610
f 2160/2412/2610 2161/2413/2611 2162/2414/2612
f 939/2421/1321 2164/2422/2614 938/2423/1320
f 2164/2422/2614 933/2424/1315 938/2423/1320
f 933/2424/1315 2164/2422/2614 2165/2425/2615
f 2164/2422/2614 2162/2414/2612 2165/2425/2615
f 2165/2425/2615 2162/2414/2612 1489/2426/1871
f 1489/2426/1871 2162/2414/2612 1488/2415/1870
f 933/2424/1315 2165/2425/2615 930/2427/1312
f 2165/2425/2615 2166/2428/2616 930/2427/1312
f 2165/2425/2615 2167/2429/2617 2166/2428/2616
f 2165/2425/2615 1489/2426/1871 2167/2429/2617
f 2167/2429/2617 1489/2426/1871 1491/2430/1873
f 2168/2431/2618 2167/2429/2617 1491/2430/1873
f 2168/2431/2618 1491/2430/1873 1502/2432/1884
f 1503/2433/1885 2168/2431/2618 1502/2432/1884
f 930/2427/1312 2166/2428/2616 2169/2434/2619
f 2166/2428/2616 2167/2429/2617 2169/2434/2619
f 2168/2431/2618 2169/2434/2619 2167/2429/2617
f 2170/2435/2620 2169/2434/2619 2168/2431/2618
f 2170/2435/2620 2168/2431/2618 1503/2433/1885
f 2171/2436/2621 2170/2435/2620 1503/2433/1885
f 2171/2436/2621 1503/2433/1885 1507/2437/1889
f 1513/2438/1895 2171/2436/2621 1507/2437/1889
f 1513/2438/1895 2172/2439/2622 2171/2436/2621
f 1519/2440/1901 2172/2439/2622 1513/2438/1895
f 930/2427/1312 2169/2434/2619 932/2441/1313
f 2169/2434/2619 2173/2442/2623 932/2441/1313
f 2170/2435/2620 2173/2442/2623 2169/2434/2619
f 2173/2442/2623 2170/2435/2620 2174/2443/2624
f 2171/2436/2621 2174/2443/2624 2170/2435/2620
f 2174/2443/2624 2171/2436/2621 2175/2444/2625
f 2172/2439/2622 2175/2444/2625 2171/2436/2621
f 2176/2445/2626 2175/2444/2625 2172/2439/2622
f 2176/2445/2626 2172/2439/2622 1519/2440/1901
f 2177/2446/2627 2176/2445/2626 1519/2440/1901
f 2177/2446/2627 1519/2440/1901 1520/2447/1902
f 932/2441/1313 2173/2442/2623 931/2448/1314
f 931/2448/1314 2173/2442/2623 937/2449/1319
f 937/2449/1319 2173/2442/2623 2174/2443/2624
f 2174/2443/2624 2175/2444/2625 937/2449/1319
f 937/2449/1319 2175/2444/2625 936/2450/1318
f 2175/2444/2625 935/2451/1317 936/2450/1318
f 2175/2444/2625 2178/2452/2628 935/2451/1317
f 2175/2444/2625 2176/2445/2626 2178/2452/2628
f 2178/2452/2628 2176/2445/2626 2179/2453/2629
f 2177/2446/2627 2179/2453/2629 2176/2445/2626
f 2180/2454/2630 2179/2453/2629 2177/2446/2627
f 2180/2454/2630 2177/2446/2627 1520/2447/1902
f 2180/2454/2630 1520/2447/1902 1521/2455/1903
f 1531/2456/1913 2180/2454/2630 1521/2455/1903
f 935/2451/1317 2178/2452/2628 2179/2453/2629
f 935/2451/1317 2179/2453/2629 947/2457/1329
f 2179/2453/2629 948/2458/1330 947/2457/1329
f 2179/2453/2629 2181/2459/2631 948/2458/1330
f 2180/2454/2630 2181/2459/2631 2179/2453/2629
f 2181/2459/2631 2180/2454/2630 2182/2460/2632
f 2182/2460/2632 2180/2454/2630 1531/2456/1913
f 2183/2461/2633 2182/2460/2632 1531/2456/1913
f 2183/2461/2633 1531/2456/1913 1534/2462/1916
f 1535/2463/1917 2183/2461/2633 1534/2462/1916
f 2184/2464/2634 2183/2461/2633 1535/2463/1917
f 1544/2465/1926 2184/2464/2634 1535/2463/1917
f 2185/2466/2635 948/2458/1330 2181/2459/2631
f 2182/2460/2632 2185/2466/2635 2181/2459/2631
f 2185/2466/2635 2182/2460/2632 2186/2467/2636
f 2186/2467/2636 2182/2460/2632 2183/2461/2633
f 2186/2467/2636 2183/2461/2633 2184/2464/2634
f 2184/2464/2634 2187/2468/2637 2186/2467/2636
f 2187/2468/2637 2184/2464/2634 2188/2469/2638
f 1544/2465/1926 2188/2469/2638 2184/2464/2634
f 2189/2470/2639 2188/2469/2638 1544/2465/1926
f 2189/2470/2639 1544/2465/1926 1550/2471/1932
f 1551/2472/1933 2189/2470/2639 1550/2471/1932
f 2185/2466/2635 946/2473/1328 948/2458/1330
f 2185/2466/2635 952/2474/1334 946/2473/1328
f 2185/2466/2635 2186/2467/2636 952/2474/1334
f 2186/2467/2636 951/2475/1333 952/2474/1334
f 2187/2468/2637 951/2475/1333 2186/2467/2636
f 2187/2468/2637 2188/2469/2638 951/2475/1333
f 2188/2469/2638 945/2476/1327 951/2475/1333
f 1889/2477/2640 945/2476/1327 2188/2469/2638
f 2189/2470/2639 1889/2477/2640 2188/2469/2638
f 2190/2478/2641 1889/2477/2640 2189/2470/2639
f 2191/2479/2642 2190/2478/2641 2189/2470/2639
f 2191/2479/2642 2189/2470/2639 1551/2472/1933
f 2192/2480/2643 2191/2479/2642 1551/2472/1933
f 2192/2480/2643 1551/2472/1933 1559/2481/1941
f 1560/2482/1942 2192/2480/2643 1559/2481/1941
f 945/2476/1327 1889/2477/2640 953/2483/1335
f 1889/2477/2640 954/2484/1336 953/2483/1335
f 2190/2478/2641 954/2484/1336 1889/2477/2640
f 954/2484/1336 2190/2478/2641 944/2485/1326
f 2190/2478/2641 2193/2486/2644 944/2485/1326
f 2190/2478/2641 2192/2480/2643 2193/2486/2644
f 2190/2478/2641 2191/2479/2642 2192/2480/2643
f 944/2485/1326 2193/2486/2644 2194/2487/2645
f 2193/2486/2644 2195/2488/2646 2194/2487/2645
f 2195/2488/2646 2193/2486/2644 2192/2480/2643
f 1560/2482/1942 2195/2488/2646 2192/2480/2643
f 2196/2489/2647 2195/2488/2646 1560/2482/1942
f 2196/2489/2647 1560/2482/1942 1561/2490/1943
f 1566/2491/1948 2196/2489/2647 1561/2490/1943
f 2154/2492/2604 2196/2489/2647 1566/2491/1948
f 2194/2487/2645 950/2493/1332 944/2485/1326
f 950/2493/1332 2194/2487/2645 949/2494/1331
f 2194/2487/2645 2197/2495/2648 949/2494/1331
f 2194/2487/2645 2196/2489/2647 2197/2495/2648
f 2194/2487/2645 2195/2488/2646 2196/2489/2647
f 949/2494/1331 2197/2495/2648 943/2496/1325
f 943/2496/1325 2197/2495/2648 2163/2497/2613
f 2197/2495/2648 2154/2492/2604 2163/2497/2613
f 2197/2495/2648 2196/2489/2647 2154/2492/2604
f 1270/2498/1652 2198/2499/2649 1263/2500/1645
f 1262/2501/1644 1263/2500/1645 2198/2499/2649
f 1262/2501/1644 2198/2499/2649 1255/2502/1637
f 1255/2502/1637 2198/2499/2649 1249/2503/1631
f 1249/2503/1631 2198/2499/2649 1242/2504/1623
f 1242/2504/1623 2198/2499/2649 1241/2505/1624
f 2198/2499/2649 1303/2506/1685 1241/2505/1624
f 1303/2506/1685 2198/2499/2649 1302/2507/1684
f 1302/2507/1684 2198/2499/2649 1296/2508/1678
f 2198/2499/2649 1288/2509/1670 1296/2508/1678
f 1288/2509/1670 2198/2499/2649 1287/2510/1669
f 1286/2511/1668 1287/2510/1669 2198/2499/2649
f 1286/2511/1668 2198/2499/2649 1280/2512/1662
f 1280/2512/1662 2198/2499/2649 1279/2513/1661
f 1279/2513/1661 2198/2499/2649 1271/2514/1653
f 2198/2499/2649 1270/2498/1652 1271/2514/1653
f 1362/2515/1744 2199/2516/2650 1360/2517/1742
f 1359/2518/1741 1360/2517/1742 2199/2516/2650
f 1359/2518/1741 2199/2516/2650 1356/2519/1738
f 1356/2519/1738 2199/2516/2650 1354/2520/1736
f 1354/2520/1736 2199/2516/2650 1353/2521/1734
f 2199/2516/2650 1376/2522/1758 1353/2521/1734
f 2199/2516/2650 1374/2523/1756 1376/2522/1758
f 2199/2516/2650 1372/2524/1754 1374/2523/1756
f 1372/2524/1754 2199/2516/2650 1370/2525/1752
f 2199/2516/2650 1368/2526/1750 1370/2525/1752
f 1368/2526/1750 2199/2516/2650 1366/2527/1748
f 1366/2527/1748 2199/2516/2650 1364/2528/1746
f 2199/2516/2650 1362/2515/1744 1364/2528/1746
f 1383/2529/1765 2086/2530/2514 1381/2531/1763
f 2084/2532/2512 1381/2531/1763 2086/2530/2514
f 1381/2531/1763 2084/2532/2512 1379/2533/1762
f 1379/2533/1762 2084/2532/2512 2083/2534/2511
f 2109/2535/2537 1379/2533/1762 2083/2534/2511
f 2109/2535/2537 1406/2536/1788 1379/2533/1762
f 1406/2536/1788 2109/2535/2537 2107/2537/2535
f 1406/2536/1788 2107/2537/2535 1405/2538/1787
f 1405/2538/1787 2107/2537/2535 2105/2539/2533
f 1405/2538/1787 2105/2539/2533 1402/2540/1784
f 1402/2540/1784 2105/2539/2533 2103/2541/2531
f 2103/2541/2531 1401/2542/1783 1402/2540/1784
f 2102/2543/2530 1401/2542/1783 2103/2541/2531
f 1401/2542/1783 2102/2543/2530 1399/2544/1781
f 2099/2545/2527 1399/2544/1781 2102/2543/2530
f 2099/2545/2527 1397/2546/1779 1399/2544/1781
f 2098/2547/2526 1397/2546/1779 2099/2545/2527
f 1397/2546/1779 2098/2547/2526 1394/2548/1776
f 2096/2549/2524 1394/2548/1776 2098/2547/2526
f 1394/2548/1776 2096/2549/2524 1392/2550/1774
f 1392/2550/1774 2096/2549/2524 2094/2551/2522
f 1392/2550/1774 2094/2551/2522 1390/2552/1772
f 2093/2553/2521 1390/2552/1772 2094/2551/2522
f 2093/2553/2521 1389/2554/1771 1390/2552/1772
f 1389/2554/1771 2093/2553/2521 2091/2555/2519
f 1389/2554/1771 2091/2555/2519 1387/2556/1769
f 1387/2556/1769 2091/2555/2519 2090/2557/2518
f 2090/2557/2518 1384/2558/1766 1387/2556/1769
f 2088/2559/2516 1384/2558/1766 2090/2557/2518
f 1384/2558/1766 2088/2559/2516 1383/2529/1765
f 2088/2559/2516 2086/2530/2514 1383/2529/1765
f 1075/2560/1457 2201/2561/2651 2200/2562/2652
f 1075/2560/1457 2200/2562/2652 1074/2563/1456
f 1074/2563/1456 2200/2562/2652 2202/2564/2653
f 2202/2564/2653 1073/2565/1455 1074/2563/1456
f 2202/2564/2653 1069/2566/1451 1073/2565/1455
f 1069/2566/1451 2202/2564/2653 2203/2567/2654
f 2201/2561/2651 1075/2560/1457 1076/2568/1458
f 1076/2568/1458 2204/2569/2655 2201/2561/2651
f 1080/2570/1462 2204/2569/2655 1076/2568/1458
f 2204/2569/2655 1080/2570/1462 2205/2571/2656
f 1081/2572/1463 2205/2571/2656 1080/2570/1462
f 1081/2572/1463 1082/2573/1464 2205/2571/2656
f 1082/2573/1464 2206/2574/2657 2205/2571/2656
f 2207/2575/2658 2206/2574/2657 1082/2573/1464
f 2207/2575/2658 1082/2573/1464 1083/2576/1465
f 2207/2575/2658 1083/2576/1465 1084/2577/1466
f 1084/2577/1466 2208/2578/2659 2207/2575/2658
f 2208/2578/2659 1084/2577/1466 1087/2579/1469
f 2209/2580/2660 2208/2578/2659 1087/2579/1469
f 2209/2580/2660 1087/2579/1469 1062/2581/1444
f 2206/2574/2657 2207/2575/2658 2210/2582/2661
f 2210/2582/2661 2207/2575/2658 2211/2583/2662
f 2207/2575/2658 2208/2578/2659 2211/2583/2662
f 1058/2584/1440 2209/2580/2660 1062/2581/1444
f 1059/2585/1441 2209/2580/2660 1058/2584/1440
f 2209/2580/2660 1059/2585/1441 2212/2586/2663
f 1059/2585/1441 2213/2587/2664 2212/2586/2663
f 2213/2587/2664 1059/2585/1441 1060/2588/1442
f 1060/2588/1442 2214/2589/2665 2213/2587/2664
f 2214/2589/2665 1060/2588/1442 1061/2590/1443
f 1061/2590/1443 2215/2591/2666 2214/2589/2665
f 1063/2592/1445 2215/2591/2666 1061/2590/1443
f 1064/2593/1446 2215/2591/2666 1063/2592/1445
f 2215/2591/2666 1064/2593/1446 2203/2567/2654
f 1068/2594/1450 2203/2567/2654 1064/2593/1446
f 2203/2567/2654 1068/2594/1450 1069/2566/1451
f 2216/2595/2667 955/2596/1337 956/2597/1339
f 956/2597/1339 1214/2598/1596 2216/2595/2667
f 2216/2595/2667 1214/2598/1596 1221/2599/1603
f 1222/2600/1604 2216/2595/2667 1221/2599/1603
f 1223/2601/1605 2216/2595/2667 1222/2600/1604
f 2216/2595/2667 1223/2601/1605 1230/2602/1612
f 2216/2595/2667 1230/2602/1612 1231/2603/1613
f 955/2596/1337 2216/2595/2667 959/2604/1341
f 959/2604/1341 2216/2595/2667 962/2605/1344
f 1238/2606/1620 962/2605/1344 2216/2595/2667
f 1238/2606/1620 2216/2595/2667 1239/2607/1621
f 2216/2595/2667 1234/2608/1616 1239/2607/1621
f 2216/2595/2667 1233/2609/1615 1234/2608/1616
f 2216/2595/2667 1232/2610/1614 1233/2609/1615
f 1232/2610/1614 2216/2595/2667 1231/2603/1613
f 2209/2611/2660 1088/2612/1470 1089/2613/1472
f 2209/2611/2660 1089/2613/1472 2208/2614/2659
f 1135/2615/1517 2208/2614/2659 1089/2613/1472
f 1133/2616/1515 2208/2614/2659 1135/2615/1517
f 2208/2614/2659 1133/2616/1515 2217/2617/2668
f 1132/2618/1514 2217/2617/2668 1133/2616/1515
f 1092/2619/1474 1088/2612/1470 2209/2611/2660
f 1092/2619/1474 2209/2611/2660 2212/2620/2663
f 2218/2621/2669 1092/2619/1474 2212/2620/2663
f 1092/2619/1474 2218/2621/2669 1094/2622/1476
f 1094/2622/1476 2218/2621/2669 2219/2623/2670
f 1094/2622/1476 2219/2623/2670 1096/2624/1478
f 1096/2624/1478 2219/2623/2670 2220/2625/2671
f 2220/2625/2671 1101/2626/1483 1096/2624/1478
f 1101/2626/1483 2220/2625/2671 1102/2627/1484
f 1102/2627/1484 2220/2625/2671 2221/2628/2672
f 2221/2628/2672 1107/2629/1489 1102/2627/1484
f 1107/2629/1489 2221/2628/2672 1109/2630/1491
f 1109/2630/1491 2221/2628/2672 2222/2631/2673
f 2222/2631/2673 1111/2632/1493 1109/2630/1491
f 1111/2632/1493 2222/2631/2673 1118/2633/1500
f 1118/2633/1500 2222/2631/2673 2223/2634/2674
f 1118/2633/1500 2223/2634/2674 1119/2635/1501
f 2224/2636/2675 1119/2635/1501 2223/2634/2674
f 1119/2635/1501 2224/2636/2675 1121/2637/1503
f 1121/2637/1503 2224/2636/2675 2225/2638/2676
f 2225/2638/2676 1123/2639/1505 1121/2637/1503
f 2225/2638/2676 1129/2640/1511 1123/2639/1505
f 1129/2640/1511 2225/2638/2676 2226/2641/2677
f 1128/2642/1510 1129/2640/1511 2226/2641/2677
f 1128/2642/1510 2226/2641/2677 1132/2618/1514
f 1132/2618/1514 2226/2641/2677 2227/2643/2678
f 2217/2617/2668 1132/2618/1514 2227/2643/2678
f 2217/2617/2668 2227/2643/2678 2210/2644/2661
f 2217/2617/2668 2210/2644/2661 2211/2645/2662
f 2208/2614/2659 2217/2617/2668 2211/2645/2662
f 1764/2646/2679 2228/2647/2680 1780/2648/2681
f 1780/2648/2681 2228/2647/2680 1781/2649/2682
f 1781/2649/2682 2228/2647/2680 1969/2650/2383
f 1969/2650/2383 2228/2647/2680 1783/2651/2381
f 1783/2651/2381 2228/2647/2680 1751/2652/2683
f 1751/2652/2683 2228/2647/2680 1752/2653/2684
f 2228/2647/2680 1970/2654/2685 1752/2653/2684
f 1970/2654/2685 2228/2647/2680 1764/2646/2679
f 2229/2655/2686 1786/2656/2687 1787/2657/2687
f 1806/2658/2203 2229/2655/2688 1787/2657/2201
f 2229/2655/2689 1806/2658/2686 1804/2659/2690
f 1804/2659/2690 1800/2660/2691 2229/2655/2689
f 2229/2655/2689 1800/2660/2691 1794/2661/2692
f 1792/2662/2182 2229/2655/2693 1794/2661/2182
f 1792/2662/2694 1790/2663/2690 2229/2655/2686
f 1790/2663/2690 1786/2656/2687 2229/2655/2686
f 2230/2664/2695 1918/2665/2696 1740/2666/2695
f 1916/2667/2697 2230/2664/2695 1740/2666/2695
f 2230/2664/2695 1916/2667/2697 1727/2668/2698
f 1914/2669/2699 2230/2664/2695 1727/2668/2698
f 1914/2669/2699 1724/2670/2699 2230/2664/2695
f 1885/2671/2700 2230/2664/2695 1724/2670/2699
f 1742/2672/2701 2230/2664/2695 1885/2671/2700
f 1742/2672/2701 1918/2665/2696 2230/2664/2695
