# Blender 4.5.3 LTS
# www.blender.org
mtllib NosrogHelm2.mtl
o stalker_monolith_nosorog_mk2.ogf_04
v 2.655888 1.101565 -2.585505
v 2.772336 1.090942 -1.756893
v 2.587085 1.969388 -3.504477
v 2.480639 1.089244 -3.371633
v 2.549842 1.028720 -3.357787
v 2.618716 1.235334 -3.369670
v 2.735244 1.433440 -2.671990
v 2.984824 1.738549 -1.324248
v 2.583746 1.546652 -3.430793
v 3.112679 2.281265 -1.077081
v 3.152128 2.616482 -0.882508
v 2.663519 1.461044 -3.410114
v 2.683863 1.650939 -3.428985
v 2.766671 1.731431 -2.737193
v 3.070614 2.065363 -1.191807
v 2.796839 2.951695 -2.121500
v 2.453060 2.722354 -3.423596
v 2.682493 1.896434 -3.482409
v 2.765209 1.996378 -2.824934
v 2.980107 2.384467 -1.687557
v 3.005491 2.894267 -1.432630
v 2.566138 2.523385 -3.554555
v 2.575957 2.481632 -3.613318
v 2.270294 2.763264 -3.741177
v 2.768355 2.234205 -2.788773
v 2.772349 2.380399 -2.673694
v 2.678488 2.636722 -2.845882
v 2.664574 2.123034 -3.516973
v 2.637406 2.287248 -3.552980
v 0.140810 2.897442 -3.909533
v -0.337782 2.885522 -4.006466
v 0.206927 2.869275 -4.021778
v 2.600578 -1.276452 -1.574715
v 2.658390 -1.236544 -1.560411
v 0.405458 2.888847 -4.004584
v -1.929631 4.346686 -2.372612
v -2.352607 3.795823 -2.325311
v -2.453123 3.284967 -2.304399
v -0.481940 0.568851 3.509229
v 0.158309 0.568271 3.544964
v 2.632268 -1.063847 -1.657881
v 0.170990 0.367795 3.554706
v -0.457121 0.367223 3.526543
v -0.154094 0.435691 3.526453
v -4.083637 0.280485 0.365963
v -4.137064 0.243217 0.498783
v -2.430241 3.715084 -2.297967
v -2.208771 4.220953 -2.386784
v -4.108964 0.753660 0.490509
v -3.944600 0.541584 1.186131
v -3.902948 0.066682 1.086220
v -4.172112 0.707756 0.607735
v -4.169116 0.728016 0.524027
v -1.032192 0.861377 -3.722081
v -1.694694 0.549216 -3.499132
v 2.902860 -0.271389 2.074476
v 3.326343 -0.162879 1.781769
v -4.138096 0.267208 0.417927
v 4.083701 0.280180 0.366004
v 3.902924 0.066657 1.086237
v 3.683493 -0.052863 1.465752
v 2.682261 0.150099 2.401041
v 2.188601 0.066620 2.844054
v 4.044988 0.179961 0.716354
v 0.776754 -1.549760 -4.723935
v 1.067869 -1.726854 -4.515670
v 1.254348 -1.871801 -4.535355
v 2.995776 0.289342 2.130631
v 3.176704 0.437218 1.628949
v 1.643165 0.031046 3.229450
v -2.681871 -1.267686 -0.897332
v -2.743068 -1.119581 0.023753
v 3.110054 0.419824 1.602423
v -3.098152 1.342917 1.741389
v -3.063082 1.314116 1.696253
v -2.746938 -0.990381 0.765112
v 0.246464 5.371723 -2.430552
v -0.376033 5.355768 -2.419353
v -2.960333 0.335893 1.733401
v -0.000000 5.430102 -2.412149
v -0.000388 5.255444 -2.384962
v -2.660580 -1.234912 -1.559934
v -2.631168 -1.066521 -1.657050
v -1.778403 2.844332 -3.886656
v -0.754507 2.656215 -4.131682
v -1.302008 2.691529 -3.969985
v -2.811920 0.164548 -1.961249
v -3.299523 3.099837 -0.115272
v -3.277927 3.224890 -0.269930
v 2.811597 0.165741 -1.961479
v -0.264702 5.760896 -2.030634
v 0.359182 5.741211 -2.024078
v -3.286170 3.162051 -0.159958
v -0.453544 2.664459 -3.633275
v 0.260427 2.672362 -3.667032
v -0.000000 5.657606 -1.982626
v 0.000000 0.305502 3.622981
v 0.096800 2.716864 -3.876568
v 0.139801 -0.858239 3.228833
v -0.283571 -0.868006 3.387597
v 0.456374 0.431231 3.496447
v 0.742548 -0.868215 3.303254
v -3.326768 -0.162700 1.781528
v -2.966332 -0.256585 2.034214
v -4.064700 0.623675 0.864325
v -3.678705 -0.053372 1.462342
v -3.937988 0.647324 0.836050
v 0.253780 -0.268769 -5.460910
v 0.268533 -0.223073 -5.461717
v -0.000000 -0.180916 -5.467321
v 0.400202 0.021237 3.691072
v -0.840113 0.020845 3.602393
v 3.918468 0.193241 0.693415
v 0.000639 0.029678 3.620321
v 3.944518 0.541630 1.186404
v 4.108831 0.753818 0.490429
v 4.169118 0.727979 0.524129
v 4.171688 0.707760 0.604220
v -2.821615 -0.509241 1.591170
v 2.960333 0.335893 1.733401
v 2.821615 -0.509241 1.591171
v -3.062749 0.782707 1.748847
v 3.062729 0.782636 1.748845
v 3.063083 1.313848 1.696565
v -1.323588 -0.359596 -4.383811
v -1.445029 -0.499840 -4.301067
v 3.098252 1.343835 1.741264
v -1.501216 0.446280 -4.090025
v -1.660003 0.401223 -3.907475
v -1.547794 -0.662811 -4.189581
v -1.245720 -0.419882 -4.357492
v -1.194325 -0.198544 -4.452136
v -1.569880 0.434694 -4.037286
v 1.707118 -0.029131 -3.872920
v 1.660220 -0.211791 -3.904194
v -1.238961 -0.346015 -4.404127
v 1.238961 -0.346019 -4.404125
v 1.245720 -0.419882 -4.357492
v 1.656946 -0.272015 -3.920748
v -2.778437 1.766149 1.565660
v -2.486986 1.302391 2.097668
v -2.623578 0.565108 1.813137
v -0.318531 -1.306722 -5.582027
v 0.050273 -1.462354 -5.562773
v 1.300675 -0.472633 -4.319136
v 0.043205 -1.403086 -5.528621
v 0.239571 -1.309034 -5.541122
v -0.053390 -1.410680 -5.566889
v -0.323267 -1.300172 -5.543112
v 0.150033 -1.343927 -5.536521
v -0.562464 -2.763636 -3.547555
v -0.498314 -2.925843 -3.350186
v -0.608851 -1.514996 -5.553606
v -0.905890 -2.922585 -3.023795
v -1.120516 -2.820216 -3.007612
v -0.636737 -2.302435 -4.010483
v 1.641860 -1.307719 -4.307455
v 1.610398 -1.490175 -4.167056
v -1.366390 -2.683168 -2.930902
v 0.501495 -2.927587 -3.353085
v 0.557416 -2.788206 -3.518476
v 1.510296 -2.066114 -3.581386
v 0.760969 -1.763487 -4.539694
v 0.634952 -2.310563 -4.002053
v 1.409887 -2.517569 -3.152968
v 1.366155 -2.686155 -2.936213
v 0.077839 0.435858 -4.869864
v -0.073763 0.459665 -4.865913
v 0.121275 0.143728 -4.904579
v -0.123609 0.132037 -4.906690
v 0.105980 0.697421 -4.735394
v -1.378566 -0.561820 -4.206891
v -0.092298 -0.143303 -5.019542
v -1.300675 -0.472633 -4.319137
v -1.365643 0.366222 -4.278834
v 1.660003 0.401223 -3.907474
v 1.501213 0.446280 -4.090027
v -1.466712 0.424092 -4.164812
v 1.569877 0.434698 -4.037288
v 1.194302 -0.198599 -4.452110
v 1.378567 -0.561820 -4.206889
v 1.466713 0.424092 -4.164811
v -0.431388 -3.049565 -4.027782
v 0.438739 -3.043886 -4.026320
v 1.365643 0.366222 -4.278832
v -0.000628 -2.871035 -4.415001
v -2.475816 2.348915 -3.786990
v -2.562042 1.920784 -3.693409
v -0.607283 -1.504382 -5.516592
v 0.404243 2.203346 -4.124945
v 0.623957 2.363126 -4.099788
v -2.511555 2.173844 -3.734932
v 2.475832 2.348873 -3.786972
v 2.511561 2.173819 -3.734933
v 0.488513 2.253485 -4.130753
v -0.715556 1.278359 -3.854490
v -0.641659 1.330538 -3.902827
v 2.562046 1.920751 -3.693402
v 2.387636 2.334737 -3.650969
v 2.295383 2.466946 -3.695782
v 2.734418 1.832615 -3.650611
v -1.329714 2.792621 -3.988106
v -0.506992 1.513590 -3.950225
v 2.492933 2.668169 -3.680377
v 1.680732 2.635432 -3.982653
v 2.520047 2.614742 -3.840760
v -2.996901 1.780031 -1.308797
v -2.954701 1.685932 -1.338111
v -3.053497 1.995198 -1.217575
v -2.798637 1.168193 -1.700598
v -3.073670 3.179262 -0.965559
v -2.860648 2.999810 -1.868532
v 0.419258 1.649278 -4.010472
v 0.641668 1.330525 -3.902822
v -2.443943 2.726953 -3.395059
v -0.623753 2.363034 -4.099828
v -0.403849 2.203217 -4.124952
v 0.503983 1.517324 -3.952035
v -0.414852 2.156650 -4.132101
v -0.488661 2.253677 -4.130664
v -1.548194 2.629454 -4.084383
v -1.305170 2.570077 -4.121011
v 0.264141 1.705104 -3.711362
v -0.260291 1.709698 -3.712940
v -0.834922 2.456381 -4.241067
v -0.417323 1.653380 -4.011492
v -0.182556 1.896618 -3.762661
v -2.460577 1.652433 -3.551812
v -2.412174 1.068983 -3.515227
v -2.431866 2.187108 -3.669518
v 0.703029 -0.536006 -5.420116
v 0.510773 -0.345423 -5.445452
v 0.664406 -0.564507 -5.421596
v 0.482719 -0.384409 -5.445537
v 2.930123 2.378989 0.983466
v -0.507721 2.713079 -3.805596
v 3.033769 2.365871 1.192953
v 3.024362 2.343236 1.448913
v 2.971763 2.406242 0.448756
v -1.576483 4.087272 -3.141785
v -1.247363 3.468295 -3.545867
v 3.099233 2.391502 0.118061
v -0.923742 3.878088 -3.532035
v -0.795305 2.865044 -3.723275
v 2.986587 2.199433 1.611277
v -1.347921 3.800116 -3.415241
v -1.786978 4.305548 -2.845292
v -2.119921 4.106064 -2.647570
v -0.000000 3.936146 -3.622516
v -1.189291 2.688592 -3.675256
v 3.292261 2.993472 -0.071427
v 2.813313 0.954966 1.796238
v 2.943777 1.758418 1.733430
v 3.100193 2.415714 0.621540
v -1.332065 2.844403 -3.594050
v 3.291953 2.720965 -0.084492
v 2.874547 2.310012 1.348340
v -0.856988 3.494418 -3.644007
v 0.164319 3.550273 -3.708854
v 0.165986 2.928142 -3.790233
v 3.298788 3.101948 -0.115922
v 2.925317 1.810597 1.674051
v 2.961422 2.178813 1.564012
v -0.336464 3.518584 -3.701928
v -0.103490 2.723811 -3.830374
v 3.300178 2.470033 -0.109013
v 3.295822 2.630250 -0.045897
v 3.297923 2.547814 0.075118
v -0.655156 5.557328 -2.003088
v -0.140265 4.326034 -3.457828
v -0.000000 5.346071 -2.489091
v -0.000000 4.661589 -3.264397
v -0.352076 5.629447 -1.975557
v -0.467413 3.926120 -3.598539
v -0.493282 4.627626 -3.247201
v 1.713581 0.466766 2.991647
v -1.189917 4.187333 -3.299950
v -1.360067 4.884470 -2.612489
v -1.283965 4.479838 -3.066128
v -1.735965 4.790534 -2.412378
v -0.912245 5.391378 -2.197716
v -0.444760 5.276873 -2.533798
v -0.461982 4.965343 -2.941704
v -2.365707 4.052158 -2.331146
v -1.548369 4.636342 -2.759934
v -2.239036 3.788238 -2.266318
v -2.509499 3.290588 -2.282050
v 0.995395 0.463575 3.605892
v 0.691512 0.452626 3.679463
v -2.458704 2.020607 -2.430041
v -2.334568 1.964869 -2.388131
v 1.272263 0.475161 3.500391
v 0.159598 0.410039 3.683771
v 0.408329 5.406127 -2.395868
v 1.326586 0.460550 3.276474
v -2.450496 1.257585 -2.407412
v 0.104552 0.445154 3.736394
v 0.780408 0.413035 3.611188
v 0.152275 0.432299 3.559494
v 0.792373 0.435553 3.478973
v 1.365489 0.437902 3.401158
v -2.752834 1.264861 -0.703917
v 1.570566 4.978823 -2.365424
v -0.694043 0.409956 3.632468
v -2.867205 1.255978 -0.716417
v -2.822093 1.983427 -0.616616
v 2.002459 4.431794 -2.449149
v -2.945342 2.002478 -0.623887
v -2.862595 2.187625 -0.488968
v -2.339569 3.252248 -2.257352
v 0.781056 -1.294581 -5.324540
v 0.703028 -1.548659 -5.285495
v 0.868991 -1.042326 -5.352806
v 1.943134 4.330556 -2.371511
v 2.342786 3.817523 -2.329047
v 2.338093 3.282815 -2.254632
v 1.929585 4.615973 -2.439230
v 1.027939 5.273473 -2.318916
v 1.060560 5.205222 -2.337026
v 2.238233 3.783927 -2.265531
v -3.139235 2.547834 -0.852032
v 2.451996 3.301995 -2.303521
v 2.208823 4.220858 -2.386781
v -2.682606 1.895333 -3.482155
v -2.576248 2.481611 -3.613072
v -0.000000 1.653672 -3.797543
v -0.000042 1.664612 -3.816681
v -2.664570 2.123067 -3.516965
v -3.227792 2.547142 -0.852558
v -3.238091 2.451137 -0.678844
v -3.253613 2.394844 -0.440462
v -3.279127 2.407970 -0.287668
v 2.342517 2.568337 -2.331824
v 1.441561 4.861135 -2.323360
v 2.430241 3.715084 -2.297968
v 2.509199 3.282176 -2.282730
v 2.459184 2.013189 -2.430365
v -3.152385 2.432228 -0.631739
v -3.175849 2.394660 -0.330482
v -3.188079 2.449338 -0.095479
v -3.297223 2.547321 0.075052
v 1.706592 4.617445 -2.374039
v 1.753809 4.734567 -2.436036
v -3.292855 2.463679 -0.080470
v -3.208988 2.547714 0.089720
v 3.247890 3.130133 -0.654112
v 3.228472 2.547029 -0.851984
v 3.267042 3.247575 -0.387864
v 3.257455 3.044354 -0.686859
v 3.245276 2.630351 -0.730254
v 3.248846 2.454796 -0.674433
v -1.562649 4.986029 -2.363509
v 0.781056 -0.791453 -5.391426
v 0.826460 -0.776140 -5.388193
v 0.821250 -1.043015 -5.357984
v -0.179508 1.633223 -3.812897
v -3.118698 2.329226 -1.048706
v -3.147391 2.619820 -0.874961
v -2.635906 0.760056 -1.966868
v 3.260479 3.224765 -0.506424
v 3.256197 2.708127 -0.679461
v 3.266101 2.400055 -0.438558
v 3.284711 2.432758 -0.143363
v 3.277922 3.224844 -0.269762
v 3.286433 3.161642 -0.159680
v 3.235969 2.720185 -0.696033
v 3.233391 2.994415 -0.708328
v 2.278519 0.474035 2.612995
v 2.644515 0.502027 1.951073
v 2.700197 0.589616 1.813003
v 1.785778 0.480552 3.177862
v 2.004048 0.474902 2.966752
v 2.645291 0.908065 1.697403
v 2.771175 0.881808 1.750089
v 2.793369 1.687063 1.652535
v 0.990216 5.100546 -2.293055
v 1.387590 5.035346 -2.358668
v 2.512439 2.006968 -2.408871
v 2.500590 1.295065 -2.385232
v 2.450637 1.257409 -2.407491
v 2.336537 1.843246 -2.387547
v 2.340475 1.263117 -2.356819
v 0.367624 5.235304 -2.369616
v 2.949277 2.352365 -0.035173
v -1.532108 3.425617 -3.434326
v -1.753914 4.735201 -2.435848
v -1.062267 5.204771 -2.336865
v -0.409161 5.406036 -2.395807
v 2.713255 1.280766 -1.785950
v 2.526537 1.255031 -1.809477
v 2.611745 1.244955 -1.952176
v 2.752834 1.264861 -0.703917
v 2.663866 1.249023 -1.267430
v -1.026105 5.274157 -2.318949
v -1.387590 5.035346 -2.358668
v -0.993036 5.099771 -2.292665
v -0.364445 5.235484 -2.369841
v -2.002403 4.433100 -2.449097
v -1.699698 4.625369 -2.374191
v -1.440108 4.862094 -2.322836
v -1.928409 4.618818 -2.438821
v 3.209540 3.246324 -0.532235
v 3.198473 3.261135 -0.515332
v 0.664405 -1.521530 -5.294370
v 0.826460 -1.308520 -5.317419
v 2.828007 1.240441 -1.075235
v 2.867205 1.255978 -0.716417
v 2.880302 1.280003 -1.009661
v 2.908180 1.292127 -0.757967
v 2.987525 2.042825 -0.651819
v 3.025815 2.228656 -0.524554
v 2.821005 1.985071 -0.616104
v 2.945013 2.002107 -0.623880
v 2.862595 2.187625 -0.488968
v 2.985623 2.196934 -0.496118
v 2.913512 2.307771 -0.255750
v 3.033989 2.297478 -0.306854
v 3.100969 2.376189 -0.210429
v 3.145682 2.467889 0.643308
v 0.482719 -1.701629 -5.270429
v 0.510778 -1.739234 -5.260160
v 0.253780 -1.817265 -5.255056
v -0.000000 -1.903744 -5.238290
v -0.000000 -1.857110 -5.249759
v 0.510780 -1.748446 -5.329493
v 0.482719 -1.709468 -5.329406
v 0.268533 -1.861583 -5.243896
v -1.556526 0.727178 -3.535814
v -1.803112 0.621735 -3.479581
v -1.977034 0.612280 -3.425660
v -1.974178 0.499573 -3.430381
v -1.698944 0.381613 -3.176522
v 0.664405 -1.529370 -5.353348
v 0.703028 -1.557871 -5.354827
v 0.781056 -1.302425 -5.383518
v 0.868991 -1.051543 -5.422138
v 0.826460 -1.317733 -5.386751
v 0.821250 -1.050858 -5.416961
v 0.781056 -0.799284 -5.450402
v 0.703029 -0.545219 -5.489448
v -2.213461 0.720515 -3.371768
v -2.315558 0.457696 -2.660929
v -1.830534 0.101625 -2.888216
v -1.513819 0.544234 -3.308805
v -1.624537 0.227847 -3.001845
v -1.910608 0.332434 -3.107882
v -1.586757 0.465127 -3.248847
v -1.485309 0.354456 -3.085601
v -2.106113 0.535059 -3.398740
v 0.826460 -0.785353 -5.457525
v 1.507841 0.624497 -3.556603
v 1.710452 0.543520 -3.497509
v 1.826167 0.514260 -3.474572
v -1.356155 0.631602 -3.343888
v -0.945482 0.860192 -3.497499
v -1.235486 0.740029 -3.648412
v -1.394296 0.506537 -3.204635
v 0.180730 1.631809 -3.811773
v 0.353993 1.589577 -3.727982
v 0.545513 1.346722 -3.647152
v 1.087489 0.960281 -3.700481
v 0.715637 1.278284 -3.854452
v 1.060906 0.910176 -3.435284
v 1.352429 0.722480 -3.209997
v 1.388619 0.575823 -3.071574
v 1.290032 0.838650 -3.625227
v 1.278343 0.796451 -3.338336
v 1.476180 0.676317 -3.195857
v 1.681415 0.673505 -3.501894
v 1.652197 0.548018 -3.118502
v 1.521870 0.423395 -2.975305
v 2.003370 0.454633 -2.973116
v 1.683023 0.297987 -2.900414
v 2.220181 0.726081 -3.370324
v 1.502597 0.380095 -2.954101
v -1.745422 0.313617 -3.798338
v -1.644134 0.323756 -3.939638
v -1.746219 0.203055 -3.804356
v -1.807742 0.188122 -3.713436
v -1.804360 -0.044444 -3.718431
v -1.841784 0.036278 -3.662195
v -2.730209 1.887013 -3.480569
v -2.474844 1.877175 -3.529614
v -2.467523 1.549072 -3.471725
v -2.270874 0.938548 -3.419040
v -2.586375 0.988524 -3.360353
v -2.295899 0.597736 -3.367797
v -1.352680 0.660379 -3.626017
v -1.562480 0.355895 -4.042947
v -2.380612 1.145278 -3.423446
v -0.510781 -1.697398 -4.945552
v -2.691462 1.363445 -3.398775
v -2.473529 0.765876 -3.350742
v -0.510775 -1.739238 -5.260160
v -1.675078 -0.529585 -3.837416
v -1.724684 -0.369347 -3.797994
v -1.773968 -0.255175 -3.744223
v -1.844424 -0.126989 -3.650118
v -2.001384 0.739666 -3.451102
v -1.617736 -0.492272 -3.924062
v -1.808272 0.505999 -3.479637
v -0.703033 -1.506814 -4.970887
v 0.510780 -1.697398 -4.945552
v -0.826461 -0.776140 -5.388193
v -0.268527 -0.181246 -5.147108
v 0.268538 -1.819755 -4.929286
v 0.868991 -1.000503 -5.038196
v 0.826459 -1.266693 -5.002809
v 0.510780 -0.303603 -5.130842
v -0.510781 -1.748446 -5.329493
v 0.256718 -1.889467 -5.497127
v 0.000011 -1.861913 -4.923681
v -0.268534 -1.861583 -5.243896
v -0.692899 -1.583372 -5.533622
v -0.000000 -1.912957 -5.307622
v 0.815646 -1.347623 -5.567350
v 0.860486 -1.084538 -5.602369
v -0.826460 -1.308520 -5.317419
v -0.703029 -1.557871 -5.354827
v -0.815671 -1.347540 -5.567380
v -0.000137 -1.923734 -5.499054
v -0.256718 -1.889467 -5.497128
v 0.692979 -1.583268 -5.533586
v -0.826460 -1.317733 -5.386751
v -0.860487 -1.084538 -5.602368
v -0.268534 -1.870795 -5.313228
v 0.493141 -1.770781 -5.519929
v 0.268533 -1.870795 -5.313228
v 0.697622 -0.573140 -5.669451
v -0.494347 -1.770443 -5.518902
v -0.868992 -1.051543 -5.422138
v -0.821137 -0.820513 -5.637469
v -0.826461 -0.785353 -5.457525
v -0.697078 -0.573732 -5.670932
v 1.810547 0.505769 -3.478986
v -0.703030 -0.545219 -5.489448
v -0.510781 -0.354652 -5.514782
v 2.473528 0.765876 -3.350742
v 1.779878 0.747326 -3.510559
v 2.295898 0.597736 -3.367798
v -0.268534 -0.232286 -5.531047
v -0.498591 -0.380391 -5.695984
v 0.510780 -0.354652 -5.514782
v 1.234134 0.961012 -3.690264
v 1.354239 0.659411 -3.625459
v 2.151133 0.821364 -3.430921
v -0.000000 -0.190133 -5.536653
v -0.259030 -0.260683 -5.709634
v 2.001297 0.739624 -3.451121
v 0.820663 -0.821689 -5.638779
v -0.868992 -1.042326 -5.352806
v -0.826461 -1.266689 -5.002810
v -0.868992 -1.000503 -5.038196
v -0.703029 -1.548659 -5.285495
v -0.268548 -1.819751 -4.929286
v 0.703030 -1.506823 -4.970887
v 0.703026 -0.494179 -5.105507
v -0.821251 -1.050858 -5.416961
v 0.259030 -0.260683 -5.709637
v 0.268533 -0.232286 -5.531047
v 0.253780 -1.825104 -5.314034
v -0.000000 -1.864946 -5.308737
v -0.482720 -1.709468 -5.329406
v -0.253781 -1.825104 -5.314034
v -0.664406 -1.529370 -5.353348
v -0.781056 -1.302425 -5.383518
v -0.781057 -0.799284 -5.450402
v -1.261515 -0.241477 -4.381989
v -1.364112 -0.454466 -4.242217
v -0.664407 -0.572343 -5.480573
v -1.475250 -0.602342 -4.081173
v -0.482720 -0.392249 -5.504516
v -0.253781 -0.276608 -5.519888
v 0.664406 -0.572343 -5.480573
v 0.482719 -0.392249 -5.504516
v -1.576891 -0.591686 -3.952960
v -1.489267 -0.518703 -4.083018
v -1.234126 0.961016 -3.690267
v -1.193488 -0.035106 -4.465032
v -1.259933 0.032390 -4.400327
v -1.222909 0.123730 -4.437684
v -2.151039 0.821314 -3.430947
v -1.325647 0.205621 -4.329611
v -1.279772 0.263015 -4.372672
v -0.146246 2.053810 -4.188228
v -0.164242 2.255171 -4.218813
v -1.042618 0.833681 -3.738220
v -0.384318 2.016735 -4.099534
v -1.237696 2.791911 -4.031591
v -1.644431 2.625740 -3.876915
v -0.637532 1.177017 -3.904905
v -0.721835 1.395526 -3.902037
v -0.703275 2.647895 -4.146609
v -1.102643 2.530511 -4.002576
v 2.586375 0.988524 -3.360353
v -1.647856 2.857129 -3.935421
v -0.304129 2.441845 -4.216720
v 2.079216 0.501392 -3.407758
v 0.253780 -0.276608 -5.519888
v -0.000000 -0.236775 -5.525185
v 1.680775 0.298396 -3.891987
v 1.787206 0.090569 -3.747366
v 1.433145 0.329034 -4.200962
v 1.617515 -0.492046 -3.923980
v 1.489461 -0.518937 -4.083199
v 1.725194 -0.369593 -3.798041
v 1.407813 -0.486556 -4.186506
v 1.563846 0.356141 -4.041476
v 1.793742 -0.182952 -3.723258
v 1.203688 -0.033704 -4.466269
v 1.259936 0.032415 -4.400318
v 1.325630 0.205604 -4.329219
v -0.703032 -0.536010 -5.420116
v -0.826461 -0.734317 -5.073583
v -1.433143 0.329034 -4.200964
v -2.078016 0.500929 -3.408009
v -0.402613 1.442118 -4.013260
v -0.522869 1.664941 -4.001855
v -1.779858 0.747288 -3.510556
v -0.237303 1.738483 -4.109019
v -1.979747 2.631139 -3.789751
v -2.308215 2.786646 -3.749710
v -2.034566 2.867481 -3.835736
v -2.631120 2.478399 -3.610756
v -2.402742 2.349415 -3.628839
v 2.270923 0.938540 -3.418987
v -2.492934 2.668169 -3.680376
v 1.042489 0.833835 -3.738281
v -2.273826 2.518795 -3.692462
v 0.637399 1.177109 -3.904958
v -0.703030 -0.494183 -5.105507
v -0.510791 -0.303612 -5.130841
v -0.000003 -0.138784 -5.150358
v 0.268528 -0.181246 -5.147108
v -0.510781 -0.345431 -5.445451
v 0.826461 -0.734317 -5.073583
v -0.000050 -0.229903 -5.724324
v -0.268534 -0.223073 -5.461717
v 1.255102 -0.182139 -4.394786
v 1.301796 -0.361578 -4.324833
v -1.814126 -0.286005 -3.675494
v -1.757049 -0.424275 -3.742603
v 1.429043 -1.685640 -4.384486
v 1.424695 -1.735725 -4.237674
v 1.440560 -1.782935 -4.277917
v -3.573063 -0.493820 0.551260
v -3.345375 -0.645826 0.706886
v -2.817208 -0.760986 1.476513
v -2.957489 -0.800006 1.166615
v 1.368304 -2.096214 -3.904606
v -3.872810 0.900767 -0.300328
v -3.811066 1.352580 -0.427246
v -3.981929 1.308783 0.431374
v -3.817593 1.717967 -0.309312
v -3.684021 -0.340115 0.604664
v -3.786030 0.049142 -0.095135
v -3.624143 1.206628 -0.580488
v -3.451778 -0.054854 -0.610390
v -3.932592 0.867702 0.001084
v -3.900139 0.486163 0.371579
v -3.598250 2.167798 -0.269837
v -3.556309 0.546646 -0.628123
v -3.225644 0.616106 -0.768333
v -3.766706 -0.093790 0.325980
v -3.701704 0.502127 -0.518997
v -3.735848 0.046179 -0.343643
v -3.915732 1.421695 -0.217900
v -3.560002 -0.468106 0.996712
v -3.297946 -0.651225 1.089894
v -2.973221 -0.729339 1.449514
v -2.846366 -0.546362 1.627602
v -3.058372 -0.512508 1.606226
v -2.889247 -0.234493 1.688832
v -3.276707 -0.176322 1.599741
v -3.091377 -0.212768 1.670575
v -3.238120 -0.460437 1.527657
v -3.423504 -0.386583 1.397909
v -3.480992 -0.479805 1.210029
v -3.674205 -0.278682 1.046204
v -3.199477 0.466111 1.719214
v -3.403463 0.483013 1.646852
v -3.714536 0.480247 1.409582
v -3.593387 1.092340 1.590516
v -3.215004 -0.624063 1.383325
v 1.394957 -2.096898 -3.992767
v 1.102683 2.530519 -4.002560
v 2.308215 2.786646 -3.749711
v 1.213633 -1.747036 -4.525592
v 1.046319 2.751098 -4.074580
v 1.979780 2.631152 -3.789733
v 2.380628 1.145074 -3.423316
v 1.359047 -1.662826 -4.462838
v 1.179686 -1.711755 -4.543808
v 0.146246 2.053810 -4.188228
v 0.384028 2.017035 -4.099494
v 1.346621 -1.608219 -4.421914
v 1.161769 -1.654727 -4.516540
v 1.526156 -1.988885 -3.702095
v 1.409254 -1.735942 -4.390404
v 1.417327 -1.828997 -4.290503
v -3.954365 1.569191 0.046865
v 1.357718 -1.710837 -4.452810
v 1.433942 -1.813626 -4.431082
v 1.026695 -1.456329 -4.663521
v 1.106619 -1.775950 -4.540107
v -3.903700 1.654481 -0.144709
v -3.869371 1.807088 0.092048
v 1.374447 -1.758777 -4.489951
v -3.631705 2.185230 0.030585
v -3.461373 2.363927 0.033090
v 1.134131 -2.002737 -4.442661
v -3.581976 2.147446 1.221367
v 1.122158 -2.309002 -4.179747
v 0.960460 -2.209188 -4.101625
v -3.453214 2.319930 -0.300221
v -3.242011 2.464617 0.949029
v -3.438374 2.356500 0.928635
v -3.791220 0.020373 0.771210
v -3.906606 0.650007 0.804289
v -3.841748 1.883062 0.453702
v -3.950777 1.627724 0.679434
v -3.314821 2.458989 0.005635
v -3.414874 2.406993 0.493197
v -3.613081 2.204565 0.739298
v -3.234412 2.505907 0.170993
v -3.816695 1.820623 1.078811
v 1.142195 -1.810455 -4.518781
v 0.522834 1.664996 -4.001865
v 1.644475 2.625744 -3.876904
v 1.648111 2.857171 -3.935365
v 0.236189 1.740790 -4.109622
v 0.402164 1.442669 -4.013478
v 0.721868 1.395509 -3.902037
v -3.291158 1.271166 1.721864
v -3.398362 1.987541 1.632561
v -3.196952 2.083701 1.654095
v -3.913059 1.577494 1.086150
v -3.823181 1.678088 1.274649
v -3.457338 2.152273 1.499722
v -3.431995 2.292175 1.278840
v -3.613447 1.823823 1.514182
v -3.964786 1.316519 0.832328
v -3.232759 2.398524 1.299874
v 1.213166 0.865278 3.305677
v -3.219321 2.280130 1.527978
v 1.206107 1.950487 3.330662
v -3.822603 0.471840 1.159613
v -3.627435 1.513094 1.557422
v -3.817900 1.294610 1.374122
v -3.156157 1.779267 1.712455
v -3.354425 1.693931 1.691718
v -3.571685 0.494074 1.555580
v -3.920807 1.306964 1.128947
v 2.630784 2.478749 -3.610898
v -3.458936 -0.140545 1.488125
v -3.600435 -0.238428 1.283270
v 1.241185 -2.781764 -3.470173
v 1.210683 -2.733486 -3.399408
v 1.220828 -2.730979 -3.345693
v 2.474840 1.877233 -3.529628
v 2.730157 1.887869 -3.480732
v 2.402740 2.349424 -3.628837
v 1.364813 -2.182405 -3.966053
v 1.278289 -2.625239 -3.444699
v 1.256826 -2.645784 -3.481513
v 1.284037 -2.677598 -3.533845
v 2.034909 2.867468 -3.835651
v 2.467526 1.549084 -3.471720
v 2.273824 2.518770 -3.692471
v 1.330331 -2.248107 -4.110321
v 1.439136 -1.919808 -4.293443
v 1.382980 -2.236729 -4.053753
v 2.691380 1.362973 -3.398682
v 1.429011 -1.912444 -4.360718
v 1.081861 -2.751911 -3.699586
v 1.283194 -2.690169 -3.581579
v 1.142477 -2.781435 -3.338068
v 1.229353 -2.712458 -3.631236
v 0.990654 -2.845830 -3.581975
v 0.991339 -2.822323 -3.463961
v 0.965505 -2.835162 -3.424082
v 0.502429 2.559901 -4.186623
v 0.281094 2.418017 -4.217604
v 1.199702 -2.692297 -3.294954
v 1.146766 -2.806364 -3.001827
v 1.101840 -2.754924 -3.294464
v 1.057043 -2.851375 -3.553403
v 1.173787 -2.815381 -3.435681
v 0.916237 -2.801808 -3.388162
v 0.726883 -2.926423 -3.200793
v 1.135536 -2.784518 -3.390426
v 1.031388 -2.857421 -3.498444
v 0.943567 -2.807933 -3.527922
v 0.855618 -2.788774 -3.459324
v 0.897887 -2.821372 -3.501055
v 0.164241 2.255171 -4.218813
v 0.980089 -2.761470 -3.681137
v 0.895116 -2.732105 -3.629001
v 0.853525 -2.693561 -3.598897
v 0.942236 -2.733562 -3.632772
v 1.021719 -2.761591 -3.709864
v 0.647289 -2.402525 -3.930787
v 1.185001 -2.299656 -4.165651
v 1.044107 -2.271472 -4.120718
v 1.011260 -2.204481 -4.176750
v 1.104132 -1.916491 -4.440793
v 1.185651 -1.889387 -4.543507
v 1.021511 -1.849183 -4.430405
v 1.234411 -1.803771 -4.553819
v 1.262390 -2.577696 -3.404950
v 1.063255 -1.889099 -4.458953
v 1.067539 2.751749 3.436567
v 0.438157 2.744021 3.584323
v 0.750738 3.551829 3.477979
v -3.057059 -0.671690 -0.557466
v -3.837958 1.862447 0.802042
v 0.761815 1.993746 3.490746
v 0.781658 0.870001 3.464073
v -0.131548 2.713701 3.610845
v -3.478537 -0.357226 -0.466917
v 1.129783 3.518192 3.364744
v -3.515682 -0.423262 -0.317513
v -3.054154 -0.713822 -0.304862
v -2.969144 -0.803077 0.602695
v 0.172491 3.591249 3.527749
v 1.069953 4.234121 3.167274
v 1.438613 4.134332 3.009866
v -3.424049 -0.278891 -0.569093
v -3.603338 -0.138705 -0.474442
v -3.670134 -0.260532 -0.261410
v -3.519403 -0.489981 -0.077704
v -3.366831 -0.620658 0.306555
v -0.155236 5.343171 2.289078
v -0.155933 5.166657 2.608465
v 0.427503 5.138293 2.619280
v 0.892083 5.624461 0.117377
v 0.579293 5.639853 -0.735524
v 0.435462 4.918708 2.885072
v 0.276336 5.618695 -1.141789
v 0.271310 5.481939 -1.678817
v 1.178599 5.515989 -0.286666
v 1.136207 5.426075 -1.075574
v 0.714321 5.509088 -1.300736
v 0.699774 5.416588 -1.651131
v 1.415511 5.306989 -1.059177
v 1.267991 5.233364 -1.598377
v 0.874897 5.572282 -0.720628
v 1.163596 5.522648 0.552704
v 1.774626 4.624893 2.271659
v 0.698481 5.407450 1.966330
v 1.362510 4.880886 2.456542
v 1.424857 5.409904 0.525286
v 1.447639 5.396823 -0.272809
v 1.691844 5.259650 -0.088393
v -0.000347 5.541470 -1.534507
v -0.000000 5.664999 -0.939786
v 0.283554 5.720333 -0.337400
v 0.584602 5.694018 0.094232
v 0.586901 5.643591 0.972770
v 1.832961 5.006031 1.305234
v 1.909653 5.073848 0.506874
v 0.692958 4.302247 3.260010
v 0.941098 5.220881 2.261740
v 1.409438 5.026759 2.171528
v 1.213973 5.259871 1.892554
v 1.547994 5.070180 1.845370
v 0.707491 5.509989 1.595852
v 1.676290 5.260806 0.516669
v 0.144825 5.591070 1.530635
v 0.868661 5.578703 0.985152
v 1.118135 5.437529 1.376618
v 1.371755 5.328209 1.354992
v 2.263201 4.313358 -2.648661
v 0.534445 4.379598 -3.599914
v 2.074224 3.974490 -3.057053
v -0.147685 4.422986 -3.612906
v 2.581891 4.122095 -2.192577
v 2.640235 3.981516 -2.255866
v 2.708429 3.517237 -2.137805
v 2.581958 4.185819 -2.274004
v 2.295240 3.963813 -2.816090
v 2.158089 3.339446 -3.203690
v 1.647951 5.080465 -1.390161
v 1.692875 5.210008 -0.685494
v 1.936472 5.061051 -0.290781
v 1.914876 4.965877 -1.044988
v 1.949564 4.707459 -1.685158
v -0.703180 5.417147 -1.647119
v -0.272749 5.482072 -1.678002
v -0.278032 5.619045 -1.139282
v -1.271140 5.233339 -1.593745
v -0.000769 5.731051 -0.376295
v -1.647951 5.080465 -1.390162
v -0.581584 5.639945 -0.731699
v -0.588595 5.693355 0.101348
v -0.717730 5.508971 -1.297874
v -0.285976 5.720420 -0.333307
v 0.140370 5.719907 0.687760
v 0.139179 5.742717 0.257140
v -1.415347 5.306872 -1.059905
v -1.138692 5.425696 -1.072653
v -0.893180 5.624115 0.120245
v -0.876314 5.572278 -0.717646
v 0.141830 5.669631 1.114236
v -1.692871 5.210008 -0.685503
v -0.411375 5.707953 0.596177
v -1.447697 5.396828 -0.272305
v -1.179295 5.515768 -0.285281
v -0.870290 5.577848 0.987902
v -1.163927 5.522456 0.553450
v -0.430918 5.634984 1.187153
v -1.371755 5.328209 1.354993
v -1.424857 5.409904 0.525286
v -1.691844 5.259650 -0.088392
v -0.397446 5.084779 1.823159
v -0.474201 4.612798 2.580677
v -0.462827 4.870009 2.267135
v -0.397046 5.183734 1.489969
v -1.171570 4.913993 1.586599
v -1.362037 4.800415 1.554162
v -1.222003 4.709162 1.969380
v -0.846242 4.994624 1.775684
v -0.817298 4.879029 2.064465
v -1.241361 5.037816 0.902264
v -0.587260 4.370339 2.752310
v -0.837265 5.484780 1.557080
v 0.150585 5.483045 1.927438
v -1.118123 5.437529 1.376632
v -0.432713 5.555096 1.591326
v -1.676290 5.260806 0.516669
v -1.909653 5.073848 0.506872
v -0.437506 5.448418 1.969013
v -1.609771 5.186959 1.329048
v -0.963316 5.349297 1.925842
v -1.320837 5.204809 1.879591
v -1.526448 5.017559 2.019351
v -1.853540 5.029930 1.107390
v -1.778438 4.951916 1.641811
v -1.759920 2.152381 2.625065
v -2.041077 2.810670 2.213237
v -1.876553 2.818431 2.445748
v -1.999431 3.313823 2.093572
v -1.697810 -0.097107 2.138966
v -1.854350 -0.605475 1.866210
v -1.589867 -0.606881 2.238080
v -1.522494 -0.059189 2.339233
v -1.757509 1.576672 2.553931
v -1.908847 4.665169 1.944057
v -0.687265 5.272638 2.306574
v -1.180526 5.137805 2.220569
v -0.658933 5.105319 2.605627
v -1.362714 4.880631 2.456593
v -1.677475 4.754694 2.244413
v -1.039653 5.010499 2.540810
v -1.147372 4.764019 2.764065
v -1.806016 4.403918 2.469647
v -0.160634 4.945716 2.882694
v -1.540629 4.587242 2.608371
v -1.582100 4.357852 2.760403
v -0.169321 4.673826 3.110619
v -0.664403 4.889155 2.864498
v 0.183345 4.350504 3.294508
v -0.671253 4.619953 3.084662
v -1.159916 4.506979 2.968207
v -0.453501 4.329467 3.286362
v -0.955209 4.256927 3.206089
v -0.445530 0.430605 3.533281
v -1.873800 0.464380 2.834024
v -2.484473 0.499507 1.857672
v -1.723684 0.466153 2.984920
v -2.043287 0.463007 2.627050
v -2.122001 1.927639 2.697813
v -2.275375 0.469216 2.273656
v -1.936177 4.073449 2.533260
v -2.520523 0.916005 1.946954
v -1.916624 3.437090 2.808829
v -2.804387 1.802244 1.630925
v -1.710099 2.661764 3.071178
v -1.484087 3.477270 3.185533
v -1.725136 4.067683 2.790535
v -2.753698 1.439035 1.671924
v -2.565718 0.622123 1.733909
v -0.567369 2.773440 3.558358
v -0.476690 3.580351 3.512143
v -1.092879 1.995268 3.385096
v -0.802305 0.874461 3.457531
v -1.078657 0.450165 3.390572
v -1.472045 0.462949 3.184306
v -1.001100 3.537001 3.414012
v -1.419914 4.147621 3.016354
v -1.450826 2.739344 3.245333
v -1.043665 2.765692 3.446529
v -1.352222 0.852852 3.241746
v -2.840581 2.178600 1.514007
v -2.341455 2.665402 2.381913
v -2.030588 2.706566 2.782695
v -2.506893 1.929905 2.195932
v -2.461330 3.352292 -1.907487
v -2.327017 4.041114 -1.787012
v -2.663546 1.249294 -1.262389
v -2.771513 2.567044 -1.238861
v 2.554750 1.750695 -1.761944
v -2.645761 3.399081 -1.455057
v -2.464566 4.135083 -1.224847
v -2.228907 4.360889 -1.602398
v -1.950630 4.705728 -1.686728
v -2.709321 1.595168 -1.113584
v 2.636033 2.654304 -1.635801
v -2.768164 3.473052 -0.786258
v -2.526890 4.193053 -0.739640
v -2.329403 4.462314 -1.054448
v -2.135709 4.732935 -1.049725
v -2.912641 2.308101 -0.254793
v -2.900798 2.769301 -0.390929
v -2.797236 3.497602 -0.006986
v -2.837473 2.546558 -0.939163
v 2.461329 3.352292 -1.907488
v 2.646174 3.408740 -1.450318
v 2.589645 2.176185 -1.727070
v 2.360237 4.024600 -1.717620
v 2.495126 4.162236 -1.048345
v 2.157801 4.828920 -0.298628
v 2.763217 2.588077 -1.270917
v -2.033284 4.792378 1.269682
v -2.143899 4.480714 1.640444
v 2.228907 4.360889 -1.602399
v 2.326864 4.468936 -1.045412
v 2.791965 2.246835 -1.048717
v 2.770872 3.490229 -0.734154
v 2.359167 4.550092 -0.313892
v -2.045597 4.230116 2.228645
v -2.277311 3.434178 2.296884
v 2.133277 4.737029 -1.044119
v 2.679569 1.573555 -1.285100
v -2.557398 3.441751 1.666078
v -2.123044 4.844687 0.505014
v -1.936475 5.061051 -0.290783
v -2.319230 4.568004 0.502698
v -2.454184 4.223590 0.893932
v -2.823571 2.765713 1.221224
v -2.294761 4.164619 1.690970
v -2.870625 2.309808 1.348113
v -2.708677 2.693177 1.658964
v -2.552656 2.623191 2.021365
v -2.737316 3.475856 0.834998
v -2.953609 2.367340 0.037075
v -2.930598 2.379272 0.980054
v -2.975723 2.403898 0.397849
v -2.252502 4.529171 1.086733
v -2.932477 2.700834 0.476519
v -1.914876 4.965872 -1.044989
v -2.158390 4.828377 -0.297606
v -2.359121 4.550680 -0.314117
v -2.527135 4.244156 0.056470
v 2.529840 4.221079 -0.500012
v 2.552657 2.623191 2.021364
v 2.603810 1.931111 2.013194
v 1.742330 2.591469 3.048329
v 2.329933 1.973685 2.454108
v 2.484473 0.499507 1.857671
v 0.134102 2.744994 -3.505376
v 0.590984 4.244072 -2.736840
v 0.615867 3.666689 -3.062143
v 0.352856 4.008999 -2.955204
v 2.341455 2.665402 2.381912
v 1.979172 1.958635 2.833029
v 2.429332 0.942411 2.139691
v 2.555662 0.607507 1.745178
v -0.000000 3.008593 -3.378004
v 0.236920 3.599699 -3.170510
v -0.000000 4.026098 -2.977683
v 2.027522 2.715862 2.786173
v 1.985396 4.347358 2.216760
v 2.791043 3.511007 0.073751
v 2.523622 4.249697 0.064327
v 2.322837 4.564094 0.489390
v 1.805660 4.061654 2.709461
v 2.027277 4.591569 1.782611
v 2.928556 2.770032 0.085145
v 2.918160 2.716930 0.610171
v 2.613656 3.462600 1.438978
v 2.069547 4.080993 2.309337
v 1.444680 2.717515 3.251448
v 1.492880 3.475167 3.178628
v 2.211881 3.405164 2.410139
v 2.833359 2.704451 1.213749
v 2.301503 4.155845 1.685358
v 2.729574 3.488276 0.854055
v 2.590471 2.755583 -0.508148
v 1.921997 3.430548 2.802991
v 2.841921 2.177562 1.515596
v 2.470371 3.408727 1.918222
v 2.456957 4.221563 0.880387
v 2.215679 4.526401 1.278799
v 2.725197 2.633659 1.637495
v 2.553644 2.844737 0.624490
v 1.502176 0.935815 3.146274
v 2.581764 1.326441 0.799722
v 2.777643 1.624370 -0.054076
v 2.565689 0.494279 0.204778
v 2.629585 0.518315 0.007251
v 2.631756 1.965883 0.794478
v 2.609971 2.341050 0.781541
v 2.709906 2.301325 -0.049908
v 2.764930 1.955127 -0.049339
v 2.585348 0.843619 0.199201
v 2.871377 2.736353 -0.696240
v 2.646280 2.660913 -0.141881
v 2.581110 2.853349 0.260890
v 2.704260 1.954538 0.218558
v 2.699421 1.545725 0.202094
v 2.665697 0.804420 -0.051259
v -0.000002 3.636928 -3.169515
v 0.109664 4.317297 -2.786970
v 1.957977 0.462185 2.744175
v 2.624300 1.640683 0.789686
v 1.210160 2.689360 -3.218383
v 0.913358 2.957661 -3.216918
v 0.992346 3.498812 -2.990427
v 0.845457 3.926437 -2.845339
v 0.689678 2.723385 -3.416523
v 0.387450 3.000123 -3.351269
v 0.632407 3.328201 -3.190372
v 1.639880 2.661555 -2.935880
v 2.403956 2.712879 -1.405372
v 1.972785 2.659945 -2.533674
v 2.125265 4.843022 0.497410
v 2.036133 4.789992 1.267075
v 2.309909 0.472316 2.210156
v 0.392204 4.396872 2.776188
v 1.498687 4.895022 -0.579076
v -0.108091 4.548335 -2.584386
v 1.236362 4.896603 -1.286808
v 0.627472 5.060863 -1.493307
v 0.322457 4.158018 2.926318
v -0.157123 4.424601 2.778241
v 0.386527 4.625218 2.591148
v 1.463992 4.771266 -1.249753
v 1.045588 4.773182 -1.849674
v 1.022026 4.545414 -2.221198
v 0.561616 4.670484 -2.325038
v 0.610003 4.954582 -1.796267
v 0.816771 4.060916 2.850813
v 1.308570 4.624234 -1.840791
v 1.439909 4.348318 -2.087526
v 1.248601 4.276638 -2.342644
v 0.821020 4.422152 -2.485072
v 0.097692 4.734554 -2.362127
v 0.593248 4.824214 -2.074140
v 0.114238 5.012540 -1.851805
v 1.765494 4.568758 -1.074926
v 1.629506 4.542169 -1.493155
v 1.635391 4.291186 -1.914915
v 1.661975 4.030211 -2.169812
v 1.691056 4.790096 0.134682
v 1.696772 4.738572 -0.591662
v 1.885208 4.541730 -0.595437
v 2.058898 4.301509 -0.609087
v 2.007527 4.199746 -1.236840
v 1.800518 4.360409 -1.493922
v 1.876138 4.593584 0.124629
v 2.049799 4.351072 0.112942
v 2.217836 4.054077 -0.263837
v 2.189935 3.983340 -0.953065
v 2.172244 3.781616 -1.419885
v 1.894964 4.068655 -1.753463
v 1.913215 4.480793 0.675710
v 2.182150 4.062097 0.475324
v 2.321829 3.738662 0.471446
v 2.351870 3.738345 -0.275247
v 2.311419 3.681330 -0.966482
v 1.920907 4.305748 1.191791
v 2.070944 4.032782 1.187204
v 2.208688 3.708262 1.194110
v 2.331944 3.355229 1.170116
v 2.439586 3.387444 0.470242
v 1.516854 -0.054228 2.345562
v 1.337959 -0.060490 2.499245
v 1.844917 -0.090093 1.929506
v 1.876973 2.817859 2.445487
v 2.359996 2.933912 -1.410327
v 2.520877 3.027752 -0.536833
v 2.443646 3.372762 -0.654651
v 1.226360 3.458674 -2.882991
v 1.400299 2.923252 -2.970088
v 1.067586 3.715752 2.879093
v 1.322381 2.170610 2.948710
v 1.415467 -0.608959 2.411567
v 1.670749 -0.606185 2.135415
v 1.443648 3.196948 2.789819
v 1.787868 2.885910 -2.634138
v 2.266984 3.283883 -1.583497
v 2.376841 3.321505 -1.148553
v 0.626350 3.794997 3.017960
v 0.432642 3.470836 3.137675
v 0.763195 3.441100 3.074680
v 1.106737 3.395463 2.953723
v 2.021990 2.938022 -2.249892
v 2.033192 3.200778 -2.151883
v 1.644292 3.373141 -2.597523
v 1.294193 3.815491 -2.658261
v 0.169988 3.841489 3.057678
v 0.561882 2.170285 3.216691
v -0.165891 3.498207 3.150290
v -0.164601 3.131802 3.212994
v 0.443417 3.102846 3.197431
v 1.457829 3.404092 -2.748889
v 0.442623 1.564447 3.179835
v 0.973389 1.574869 3.044404
v 1.327903 1.574239 2.873485
v -0.150347 2.019151 3.251681
v 0.000745 1.556732 3.207917
v 0.126715 0.424488 3.020384
v -0.160112 2.575889 3.260685
v 0.448185 2.725521 3.230242
v 0.801506 2.916434 3.147310
v 1.271275 2.873117 2.955447
v 1.035064 -0.157726 2.689878
v 0.620088 0.388356 2.938073
v 0.285303 2.167256 3.250850
v 0.827953 2.174007 3.155364
v 1.041727 2.895710 3.065481
v 1.525414 2.499557 2.819054
v 0.118182 -0.616570 2.933565
v 1.084705 0.389954 2.759696
v 0.119566 -0.149945 2.939092
v 0.591444 -0.163125 2.863419
v 1.081788 2.174453 3.066165
v 1.576893 1.756933 2.744753
v 0.581151 -0.617679 2.859980
v 1.021085 -0.613653 2.685102
v 1.853403 -0.604829 1.867274
v 1.986498 -0.093185 1.670945
v 1.759060 1.572979 2.551820
v 1.759174 2.154272 2.625869
v 2.390878 1.517525 1.563546
v 2.515184 2.099618 1.279111
v 2.073230 -0.589812 1.417684
v 2.319078 0.668811 1.305408
v 2.123338 2.124439 2.178316
v 1.943393 1.545367 2.349143
v 2.095541 -0.146511 1.424692
v 2.335242 0.417291 1.176846
v 2.473172 0.581852 0.835934
v 2.492537 0.895836 0.835548
v 2.012631 3.826444 -1.787530
v 1.799258 3.751183 -2.214896
v 2.498898 1.522678 1.256399
v 1.507372 3.895700 -2.440221
v 0.787705 5.205739 -0.633079
v 1.039016 5.124892 -0.618906
v 2.168207 -0.475124 1.280203
v 2.122798 1.474904 2.086273
v 0.526388 5.265328 -0.647187
v 1.212130 5.107898 0.122630
v 0.675219 5.283975 0.342890
v 1.051521 4.132195 -2.602907
v 2.269381 1.463923 1.822716
v 2.274213 2.111159 1.907713
v 2.190555 2.799092 1.942369
v 0.667374 5.283899 -0.066792
v 0.100525 5.126962 -1.534328
v 1.492833 4.947147 0.138773
v 1.855250 3.418766 -2.336689
v 2.098051 3.558743 -1.830037
v 1.611982 3.317691 2.608897
v 2.131061 3.500956 1.677888
v 0.131349 5.358747 0.272943
v -0.000853 5.348107 -0.314001
v -2.004915 -0.419957 2.863998
v -0.000533 5.250984 -1.054729
v 1.447241 4.915233 0.882161
v 0.267245 5.337843 -0.278313
v -4.037416 0.744756 0.487918
v -2.376224 -0.359642 2.564527
v 0.258812 5.244329 -1.021767
v 0.658266 5.261915 0.750318
v 1.044287 5.161800 0.549427
v 1.170157 5.068107 0.955737
v 0.641459 5.146889 -1.167391
v 0.133726 5.337214 0.673700
v 1.281751 5.022019 -0.593333
v 0.135361 5.289987 1.066723
v -2.538070 -0.347158 2.393635
v 1.100517 5.000257 1.424291
v 1.362043 4.800406 1.554167
v 0.648247 5.213929 1.130961
v 0.136020 5.217088 1.441775
v 0.636327 5.141485 1.491078
v 1.221995 4.709149 1.969403
v 1.491997 4.577954 1.787326
v 1.592828 4.716959 1.213141
v 1.652276 4.774529 0.691124
v 1.178576 4.579390 2.210129
v 1.446846 4.331220 2.199537
v -0.137442 4.993585 2.097368
v -0.139996 4.840677 2.363525
v 0.380642 4.811175 2.373494
v 1.646176 4.409726 1.767297
v 0.137789 5.118312 1.788713
v -0.147488 4.653378 2.588906
v 0.700255 4.344559 2.728577
v 1.003990 4.262268 2.641427
v 0.780133 4.734450 2.321973
v 1.765310 4.533899 1.180296
v 1.366428 4.130072 2.458026
v 0.792457 4.544509 2.531217
v 1.184307 4.400284 2.400548
v 0.396475 4.960461 2.119717
v 1.604054 3.963446 2.310533
v 1.616120 4.190617 2.101020
v 2.484232 3.316836 -0.072756
v 1.794104 4.184412 1.770214
v 1.922137 3.929838 1.782484
v 0.817299 4.879029 2.064464
v 1.272720 3.853572 2.699844
v 1.517907 3.757079 2.531573
v 1.003338 4.994978 -1.312650
v 0.125734 4.882009 -2.123235
v 2.317648 2.801816 1.641328
v 0.338288 4.517785 -2.576915
v 2.422047 2.812706 1.315471
v 2.501702 2.827055 0.973264
v 1.804480 3.746940 2.169020
v 2.020404 3.471775 1.957897
v 1.686178 -0.056427 2.159420
v 2.405550 2.103778 1.605944
v 1.819435 3.409950 2.339614
v 2.043830 2.804195 2.210578
v 1.951425 2.141433 2.418380
v 1.690448 2.836493 2.647001
v 1.061530 4.916418 1.737882
v 0.622824 5.045731 1.817816
v -2.889833 0.370582 -1.947345
v -2.767561 -0.588853 -1.182387
v -2.718313 0.399037 -1.942166
v -3.135733 2.159395 -0.752140
v -2.846016 0.392745 -1.980403
v -3.036684 1.456659 -1.332679
v -3.115760 1.893288 -0.736375
v -2.490988 -1.268408 -0.642063
v -2.567492 -0.924875 1.229155
v -2.873822 1.522957 -1.274969
v -2.984209 2.199316 -0.726739
v -2.734303 0.175705 -1.959884
v -2.766955 0.403881 -1.978953
v -3.025944 1.271562 -1.281073
v -2.486230 -1.208743 -1.563069
v -2.514903 -1.357637 -1.324478
v -2.731489 -0.865774 -1.147495
v -2.990620 1.003227 -1.270374
v -3.988684 0.727482 0.561595
v -0.543676 2.738739 -3.898734
v 0.386668 2.746058 -3.924116
v 2.904616 0.229361 2.144360
v 2.887383 -0.403259 1.989856
v -2.792304 0.825023 -1.771660
v -2.933681 0.767679 -1.795481
v -2.600578 -1.276452 -1.574715
v -2.590146 -1.369941 -1.326846
v -2.604667 -1.320449 -0.680668
v -2.533288 -1.313277 -0.724811
v 2.922439 0.296836 2.107913
v 3.083141 0.461626 1.603529
v -2.524865 -1.264402 -1.573465
v -2.660920 -1.296412 -0.646614
v -2.747934 -0.935181 0.869648
v 2.904729 -0.451679 1.919436
v -2.924010 1.509631 -1.319946
v -2.725883 -1.011476 -0.078026
v -2.805052 -0.532760 1.663712
v 3.166755 0.482379 1.636499
v -2.758429 -0.892627 1.148262
v 2.889221 -0.232528 1.688891
v -2.714045 -1.046248 -0.596951
v 0.001282 5.785889 -2.104622
v 3.065087 -0.350409 1.399502
v 2.944252 0.216448 2.142096
v 2.962166 0.282266 2.105901
v 2.945069 -0.439726 1.923980
v 2.929016 -0.395478 1.990439
v 2.967374 -0.499177 2.014827
v 2.961563 -0.410795 2.012802
v 2.978035 -0.459139 1.942063
v 2.977411 0.222034 2.166891
v 3.158729 -0.374721 1.424749
v 2.954949 -0.536277 1.990998
v 2.939634 -0.487465 2.059212
v 2.983288 0.287206 2.219897
v 3.137120 -0.409526 1.409093
v 2.915406 -0.548160 1.984462
v 2.899134 -0.503621 2.051521
v 2.915963 0.272549 2.251986
v 3.131667 -0.332872 1.426022
v 2.957351 0.265931 2.246438
v 3.075129 -0.395470 1.391728
v 2.881881 -0.528851 1.968411
v 2.865060 -0.479984 2.036114
v -3.165463 2.212918 0.089677
v 2.936580 0.350333 2.210774
v 2.975507 0.335042 2.210487
v 2.884395 0.273337 2.223868
v 2.882185 0.297483 2.188624
v 2.902525 0.342464 2.187881
v 2.865310 -0.488805 1.983285
v -3.156983 2.170523 -0.299866
v -3.011755 2.482855 -0.279989
v -2.711954 -1.020939 -0.987767
v -2.805891 -0.897851 1.177412
v -3.158621 2.565250 0.102366
v -3.200527 2.524482 0.099417
v -3.181391 2.479738 -0.300455
v -3.204747 2.513121 0.783609
v -3.028155 2.547751 0.114282
v -3.068109 2.513751 -0.288588
v -3.167639 2.205670 0.524219
v -3.080595 2.560039 0.840913
v 3.104718 0.496402 1.619276
v -3.162082 2.552140 0.814688
v -3.032603 2.531258 0.830376
v -3.168790 2.182268 0.960034
v -3.019356 2.326030 1.540022
v -3.179973 2.318887 1.553619
v -3.079228 2.575969 0.109213
v -2.917062 0.274209 1.344558
v -3.041621 2.458526 1.306436
v -3.160538 2.459077 1.313354
v -3.202509 2.420645 1.300494
v -3.059666 1.345325 1.360150
v -2.988036 0.808121 1.356379
v -3.169022 2.144921 1.326205
v -3.042289 2.149369 1.709887
v -3.122798 1.812149 1.351120
v -3.061184 1.744170 1.790075
v -3.103812 1.692825 1.752019
v -2.931202 1.712948 1.753392
v -3.121269 2.138738 1.709329
v -3.164839 2.112557 1.673042
v -2.917322 1.252653 1.807059
v -2.931293 0.409105 1.755521
v -2.596637 -0.612956 -0.457059
v -2.982262 2.125445 1.669243
v -2.996576 1.834576 1.776672
v -3.069810 2.346161 1.566258
v -2.761564 0.444386 1.757084
v -2.889686 0.456081 1.797179
v -2.634506 -0.506132 1.664840
v -2.772607 -0.797027 1.228188
v -2.758427 -0.814213 1.518485
v -2.801620 -0.196692 1.752931
v -2.744481 -0.056831 1.770455
v -2.602567 -0.782365 1.529235
v -2.740966 -0.955421 1.238042
v 2.714045 -1.046248 -0.596952
v -2.805775 -0.558361 1.288508
v -2.751783 -0.561799 1.685206
v -2.854290 -0.197217 1.323384
v 2.568677 -0.918888 1.244550
v 2.725883 -1.011476 -0.078026
v -2.607612 -0.943438 1.242590
v -2.554437 -1.049039 -1.657241
v -2.473602 -1.316786 -1.294503
v -2.678100 -0.550351 1.685761
v -2.755458 -0.906980 1.140453
v 2.711954 -1.020939 -0.987767
v 2.660898 -1.297551 -0.654253
v -2.644150 -1.344615 -1.299817
v -3.145285 2.634878 -0.726948
v 2.887783 0.363881 -1.950571
v -3.260621 2.457041 -0.644387
v -3.245305 2.629771 -0.730812
v -3.267019 3.247583 -0.387924
v -3.146370 2.710726 -0.690394
v -3.260480 3.224744 -0.506473
v 2.644150 -1.344615 -1.299817
v -3.253906 3.165831 -0.608651
v 2.767824 -0.589111 -1.182384
v 3.036434 1.458399 -1.331592
v 2.792161 0.824330 -1.772006
v 2.924010 1.509631 -1.319946
v 3.168790 2.182268 0.960034
v -3.194358 2.668411 -0.065646
v 3.025944 1.271562 -1.281073
v 2.554840 -1.054175 -1.655977
v 2.933837 0.769590 -1.794562
v 2.734477 0.175818 -1.959917
v 3.165463 2.212918 0.089677
v -3.196073 2.977192 -0.057479
v 2.990004 1.002747 -1.270338
v -3.148481 3.142257 -0.641128
v -3.164422 3.234570 -0.487019
v -3.186865 3.137639 -0.114168
v -3.148339 2.984973 -0.704379
v -3.177291 3.247366 -0.311197
v -3.249817 2.989596 -0.702776
v -3.257407 3.097205 -0.670257
v -3.247099 2.720890 -0.691606
v -3.281610 2.720185 -0.078478
v 3.148099 2.985169 -0.704346
v 3.166978 3.247371 -0.450507
v -3.296198 2.630997 -0.046845
v 2.731489 -0.865774 -1.147495
v 2.846015 0.392745 -1.980403
v 2.766955 0.403881 -1.978953
v 2.718370 0.396521 -1.943288
v 2.488013 -1.210679 -1.564199
v 2.524864 -1.264402 -1.573466
v 2.590146 -1.369941 -1.326846
v 3.115760 1.893288 -0.736375
v 3.135735 2.159408 -0.752128
v 3.156983 2.170523 -0.299866
v 3.181422 2.479630 -0.300592
v 3.200527 2.524482 0.099417
v 3.158621 2.565250 0.102366
v 3.030757 2.507346 -0.275220
v 3.021982 2.198077 -0.744884
v 2.965435 2.169259 -0.731663
v 3.167639 2.205670 0.524219
v 3.205018 2.512846 0.783661
v 3.162167 2.552136 0.814349
v 3.079228 2.575969 0.109212
v 3.028155 2.547751 0.114282
v 3.179926 2.318227 1.554330
v 3.069811 2.346161 1.566257
v 3.202509 2.420645 1.300493
v 3.160538 2.459077 1.313354
v 3.080624 2.560080 0.840686
v 3.032607 2.531233 0.830726
v 2.971761 2.108355 1.236028
v 3.169022 2.144921 1.326204
v 3.041836 2.458705 1.305931
v 3.164840 2.112557 1.673041
v 3.121269 2.138738 1.709329
v 3.042289 2.149369 1.709886
v 3.019356 2.326030 1.540021
v 3.122798 1.812149 1.351120
v 3.104618 1.699083 1.751838
v 2.996576 1.834576 1.776672
v 2.992556 2.135792 1.674288
v 3.059666 1.345325 1.360150
v 2.988036 0.808121 1.356379
v 2.931332 0.409464 1.755573
v 2.917062 0.274209 1.344557
v 2.854291 -0.197217 1.323383
v 2.805023 -0.534112 1.663032
v 2.805775 -0.558361 1.288507
v 2.758396 -0.815018 1.516891
v 2.751784 -0.561799 1.685206
v 2.801621 -0.196692 1.752930
v 2.889703 0.455814 1.797171
v 2.772607 -0.797027 1.228188
v 2.740166 -0.955492 1.237812
v 3.061310 1.744958 1.790024
v 2.755458 -0.906980 1.140452
v 2.747513 -0.935160 0.868784
v 2.870609 1.492816 -1.298728
v 2.592523 -0.633046 -0.522037
v 2.473079 -1.316339 -1.290184
v 2.514903 -1.357637 -1.324478
v 2.493271 -1.260572 -0.566719
v 2.534430 -1.315196 -0.735364
v 2.604946 -1.320825 -0.681430
v -0.123031 -0.816925 3.057530
v -0.887111 -0.857776 3.072286
v 2.931404 1.712489 1.753639
v 2.602499 -0.782173 1.529263
v 2.917277 1.252152 1.807062
v 2.634556 -0.506132 1.664878
v -3.299224 2.707822 -0.097849
v 2.761533 0.444252 1.757070
v 3.139235 2.547834 -0.852032
v 3.148170 2.668523 -0.695898
v -3.292429 2.993881 -0.071571
v 3.179969 3.234553 -0.274646
v 3.148539 3.141744 -0.641589
v 3.208988 2.547714 0.089720
v 2.678101 -0.550351 1.685760
v 2.605546 -0.943538 1.241305
v 2.744481 -0.056831 1.770456
v 3.186927 3.137054 -0.113691
v 3.194724 2.668465 -0.065695
v 3.195843 2.977534 -0.057477
v -3.918422 0.186941 0.706963
v 2.511948 2.639442 -1.472356
v 2.372130 2.817529 -2.603228
v 2.273417 2.617629 -2.548552
v 1.330539 2.616895 -3.360448
v 2.376229 2.706738 -2.614646
v 2.715034 2.675508 -0.547082
v 2.713645 2.683030 -1.469701
v 2.502880 2.721570 -2.191715
v 2.482265 2.831757 -2.232414
v 2.049011 2.588365 -2.725110
v 1.118347 2.682363 -3.673900
v 2.769587 2.576494 -0.250346
v 2.905603 2.712116 -0.550962
v 2.761044 2.753780 -1.460783
v 2.755235 2.873555 -1.447815
v 2.821073 2.305139 -0.151454
v 2.956332 2.607603 -0.253656
v 2.951317 2.782507 -0.537541
v 2.866678 2.900563 -0.893860
v 2.934945 1.673949 -0.150122
v 3.008309 2.331641 -0.146748
v 3.057754 2.359074 -0.083220
v 2.790998 0.093080 1.483218
v 3.011624 2.667676 -0.198198
v 2.954076 2.905319 -0.487600
v 2.801888 0.753459 -0.139189
v 3.123730 1.359356 -0.141811
v 3.154889 1.643725 -0.130768
v 3.198043 1.659859 -0.077392
v 3.153031 1.972613 0.047523
v 3.061946 2.374575 0.041418
v 2.722915 0.399780 -0.040219
v 2.933993 0.352983 -0.023470
v 3.017261 0.717974 -0.128190
v 3.103697 0.862307 -0.079430
v 2.881931 0.281336 0.233741
v 2.996161 0.394986 0.027497
v 3.016692 0.487298 0.129501
v 3.201944 1.572620 0.027255
v 3.068086 1.615754 0.274568
v 3.000417 2.343900 0.236302
v 2.670603 0.331537 0.211975
v 3.175836 2.394660 -0.330497
v 3.147809 2.435703 -0.639512
v 3.189621 2.451642 -0.088839
v 1.616052 2.848909 -3.496673
v 1.532107 3.425617 -3.434326
v 2.378362 4.324853 -2.155236
v 2.513631 4.016222 -2.135079
v 2.413627 3.478906 -2.460265
v 2.258058 3.115438 -2.810323
v 2.073878 2.576557 -3.203670
v 2.629948 3.328381 -2.054953
v 2.443386 2.885839 -2.480174
v 2.276496 2.554619 -2.881104
v 2.608167 2.661547 -2.002849
v 2.465757 2.581664 -2.456263
v 1.612414 2.648292 -3.555291
v 1.332466 2.846961 -3.593604
v 1.247363 3.468295 -3.545867
v 0.856988 3.494414 -3.644007
v 1.214526 2.687094 -3.668664
v 0.792616 2.871306 -3.722991
v 0.517734 2.712858 -3.804583
v -1.636186 2.684111 -3.659499
v -1.612415 2.648292 -3.555291
v -1.943668 2.638090 -3.493407
v -1.882191 2.608709 -3.397912
v -2.175116 2.601841 -3.260453
v -2.073766 2.576486 -3.203838
v -0.823675 2.788540 -3.892855
v -1.672784 2.733299 -3.681367
v -1.973420 2.696991 -3.522939
v -2.199619 2.663625 -3.299520
v -2.408379 2.641361 -2.975359
v -2.385476 2.582753 -2.924011
v -2.292189 2.555912 -2.858256
v -1.310461 3.500664 -3.713214
v -1.600228 3.428642 -3.610722
v -1.901907 3.339625 -3.446252
v -2.196808 3.459625 -3.130270
v -2.388945 3.155651 -2.942732
v -0.910264 3.543310 -3.810305
v -1.170712 3.917238 -3.653757
v -2.546519 3.524163 -2.586914
v -0.380844 3.523090 -3.880014
v -0.496937 4.004952 -3.761964
v -0.846278 4.340144 -3.560616
v -1.262394 4.275298 -3.445194
v -1.673976 4.173135 -3.274451
v -0.363982 2.801737 -3.955473
v 0.164521 2.809298 -3.971104
v -0.000000 3.591270 -3.882472
v -0.000000 4.015346 -3.787466
v -2.628386 3.077983 -2.029123
v -2.608170 2.662119 -2.002858
v -2.697544 2.681349 -2.054271
v -2.728143 3.093070 -2.088449
v -2.621967 3.417163 -2.069436
v -2.708053 3.513006 -2.135616
v -2.512920 4.025284 -2.136744
v -2.581891 4.122095 -2.192576
v -2.375919 4.324582 -2.154757
v -2.732974 2.732347 -2.132556
v -2.753379 3.157666 -2.167447
v -2.731706 3.493517 -2.205079
v -2.666717 3.860894 -2.245737
v -2.597091 4.145046 -2.265623
v -2.461119 4.385331 -2.206856
v -2.284715 4.594965 -2.232534
v -2.157365 4.578618 -2.189583
v -2.605903 3.036172 -2.555615
v -2.263147 4.316950 -2.646510
v -2.480848 4.397535 -2.276360
v -2.587525 2.659853 -2.584267
v -2.559451 2.606247 -2.525615
v -2.449598 2.576302 -2.491215
v -1.890057 4.403134 -2.964288
v -2.060188 4.553384 -2.672624
v -2.253380 4.658918 -2.317113
v -1.882506 4.934092 -2.320431
v -1.524221 4.527115 -3.137823
v -1.768925 4.759484 -2.758852
v -1.861131 4.968768 -2.395203
v -1.065700 4.650023 -3.293729
v -1.101010 4.938869 -3.011081
v -1.469754 4.912946 -2.829601
v -1.535471 5.147256 -2.423167
v -0.523257 4.739340 -3.390073
v -0.492073 5.092248 -3.066862
v -0.888110 5.439435 -2.469985
v -1.106289 5.357236 -2.430978
v -1.112831 5.339746 -2.359637
v -0.000000 4.774751 -3.408727
v -0.000000 5.131701 -3.083381
v -0.463812 5.419808 -2.644169
v -0.689101 5.692900 -2.119458
v -0.883139 5.538649 -2.294367
v -0.000000 5.490091 -2.601664
v -0.350959 5.766909 -2.093885
v -0.682271 5.666347 -2.040959
v -0.879476 5.517512 -2.221106
v -1.099741 5.246031 -2.281408
v -1.506636 5.037899 -2.283274
v -1.833969 4.851371 -2.259665
v -2.074231 3.974490 -3.057048
v -2.330453 4.053343 -2.724100
v -1.712683 3.810572 -3.427371
v 2.494744 0.752879 -3.517774
v 2.600825 0.968743 -3.530453
v 2.559252 1.534214 -3.626231
v -0.276162 1.814874 -4.290227
v -0.390690 2.015779 -4.273532
v -0.436306 1.843738 -4.231815
v -0.216589 2.038510 -4.343737
v -0.399573 2.152857 -4.295290
v -0.232258 2.217378 -4.370087
v -0.365129 2.374625 -4.368905
v -0.485918 2.266152 -4.293477
v -0.739936 2.574729 -4.304893
v -0.820310 2.438920 -4.224458
v -0.348005 2.386895 -4.363260
v -0.749996 2.600898 -4.292155
v -1.325659 2.741485 -4.177405
v -1.973644 2.811671 -4.020525
v -2.021475 2.648463 -3.963074
v -1.670589 2.628469 -4.035303
v -1.719157 2.809982 -4.074890
v -1.528789 -0.838783 -3.993919
v -0.523556 -1.779985 -4.511094
v -1.164829 -1.580397 -4.204855
v -0.535452 -1.571886 -4.712819
v -1.365878 -1.291255 -3.972309
v -0.957387 -2.111368 -3.947624
v -1.115158 -2.006571 -3.985996
v -1.430058 -0.573682 -4.148906
v -1.269653 -1.916295 -3.748124
v -0.967962 -1.661253 -4.242918
v -0.704228 -1.890038 -4.215667
v -0.423285 -1.214159 -4.990985
v -2.295662 0.034714 -2.253154
v -1.071590 -1.905576 -4.130739
v 2.187260 3.967259 -2.635599
v 2.072096 3.432714 -2.988145
v 1.882183 2.608730 -3.397914
v 2.122638 4.217904 -2.567945
v 2.140563 4.595374 -2.194741
v 1.751022 3.565369 -3.254684
v 1.958463 3.909318 -2.925994
v 1.786982 4.305543 -2.845297
v 1.955032 4.395390 -2.609896
v 1.736601 4.792378 -2.409425
v 1.662960 4.957486 -2.275466
v 1.099637 5.246348 -2.281393
v 1.347920 3.800116 -3.415241
v 1.576492 4.087268 -3.141783
v 1.283965 4.479830 -3.066128
v 1.360066 4.884470 -2.612489
v 1.550411 4.636463 -2.758378
v 0.923741 3.878088 -3.532035
v 0.467412 3.926120 -3.598539
v 0.892352 4.571049 -3.175756
v 1.049165 4.201102 -3.355327
v 1.038564 4.819816 -2.885607
v 0.903061 5.395889 -2.195614
v 0.658200 5.556581 -2.003420
v 0.461981 4.965343 -2.941704
v 0.493285 4.627626 -3.247199
v -0.000000 5.002851 -2.958097
v 0.444760 5.276873 -2.533798
v 0.144276 -0.845250 3.450134
v -0.409093 -0.845380 3.424034
v 0.500215 4.286843 -3.444762
v -2.184151 0.569689 2.538743
v -2.661109 0.800623 -0.050011
v -2.801887 0.753459 -0.139189
v 0.330911 5.631325 -1.974146
v -2.629585 0.518315 0.007252
v -3.017498 0.718107 -0.128196
v -2.722915 0.399780 -0.040219
v -2.934291 0.352995 -0.023499
v -2.996161 0.394986 0.027497
v -2.953558 0.343145 0.265072
v -2.670602 0.331537 0.211976
v -2.882025 0.281311 0.233600
v -2.565689 0.494279 0.204779
v -2.839578 0.354109 0.592038
v -2.788873 0.386361 0.946318
v -2.800863 0.453411 1.207307
v -2.630219 0.402162 0.554438
v -2.475078 0.580541 0.826897
v -2.335242 0.417291 1.176846
v -2.572255 0.419369 0.888609
v -0.351373 -0.619344 2.909992
v -1.478663 -0.810320 2.513915
v -2.491768 0.250369 1.129604
v -2.073229 -0.589812 1.417684
v -2.229854 -0.147609 1.236009
v -2.178077 -0.787510 1.457496
v -1.059672 -0.813453 2.801596
v -1.226622 -0.611525 2.559873
v -0.594894 -0.816094 2.983753
v -0.807267 -0.616148 2.784565
v -2.183468 -0.498071 1.275864
v -0.412593 -0.440159 3.517255
v -0.442454 -0.458893 3.619778
v -0.000953 -0.440272 3.545660
v -0.860643 -0.462419 3.514179
v -1.578139 -0.426716 3.056851
v -2.609737 -0.296631 2.190174
v -2.879639 -0.233880 1.970164
v -3.256119 -0.139539 1.707002
v -0.817827 -0.441102 3.423526
v -1.195278 -0.440447 3.277323
v -3.954579 0.268176 0.454935
v -2.359334 -0.338584 2.425421
v -3.598698 -0.028493 1.399203
v -4.009495 0.283622 0.382531
v -3.816831 0.090648 1.024836
v -3.617283 0.433446 1.515465
v -1.933557 -0.392887 2.789283
v -3.834484 0.552324 1.148755
v 0.000016 -0.456828 3.653093
v -2.933080 0.237009 2.056741
v -2.434140 0.130427 2.487415
v -3.267204 0.320810 1.826517
v -1.596880 0.042904 3.132496
v -1.227335 0.030683 3.339438
v -2.013883 0.078928 2.842762
v -0.833594 0.028722 3.488619
v -1.635665 -0.444691 3.142966
v -1.247893 -0.457178 3.366370
v -0.000000 2.793714 -3.921771
v -0.504417 2.719593 -3.849401
v -0.436643 0.027863 3.579506
v -1.172879 2.657871 -3.595885
v -3.719252 0.422719 1.571071
v -0.149101 -0.692281 3.512613
v -0.428670 0.014440 3.689852
v -0.760241 -0.286126 3.490304
v -0.158438 0.109941 3.632527
v -0.780043 0.126663 3.535256
v -0.492927 0.304225 3.586975
v -0.153667 -0.327060 3.580831
v -0.735838 -0.680114 3.421326
v -1.294330 -0.681420 3.198545
v -1.336413 -0.287386 3.263373
v -0.972357 -0.846202 3.272918
v 0.852475 0.018767 3.599418
v 1.216736 0.030496 3.344027
v -0.000013 0.008908 3.726271
v -1.369569 0.125867 3.305552
v -1.095576 0.307304 3.421510
v 0.842573 0.029044 3.486685
v 2.935382 0.237576 2.055113
v 3.940513 0.646489 0.842248
v 1.615592 0.044535 3.122465
v -1.273705 -0.868766 3.081314
v -1.494410 -0.847349 2.997369
v -1.677452 -0.680732 2.943985
v -1.780959 0.044431 3.033559
v -1.666930 0.304767 3.117310
v 0.431826 0.027817 3.580036
v -1.781081 -0.855114 2.463686
v -2.035418 -0.869579 2.413956
v -1.966774 -0.848125 2.583777
v -2.008605 -0.675662 2.642442
v -2.025061 0.043597 2.819081
v -1.048737 0.367219 3.369331
v -1.591256 0.367728 3.090389
v -1.325014 0.432124 3.214648
v -0.754335 0.431623 3.434203
v -1.072046 0.569689 3.349082
v -1.974239 0.366781 2.776858
v -1.837775 0.432215 2.869447
v -1.619273 0.570115 3.061997
v -2.146100 0.301647 2.695821
v -2.284839 0.366105 2.422049
v -2.165759 0.431744 2.525377
v -1.966619 0.569944 2.775144
v -2.246163 0.042816 2.572389
v -2.432859 0.055617 2.308969
v -2.520034 0.304922 2.167779
v -2.558366 0.367023 1.952690
v -2.382288 -0.692543 2.111163
v -2.545696 -0.282738 1.987663
v -1.655898 0.023782 3.228361
v -3.373334 0.303336 1.885264
v -2.975783 0.214987 2.157747
v 1.265229 0.009955 3.446126
v -1.259813 0.010168 3.448251
v -2.095236 0.063570 2.914306
v -2.649680 0.141158 2.435777
v 3.714799 0.425444 1.567003
v 2.975705 0.214987 2.157780
v 4.009332 0.283601 0.382528
v 3.989755 0.729097 0.562129
v 3.373285 0.303307 1.885319
v 3.954606 0.268147 0.454859
v 4.138153 0.267229 0.417962
v 2.431702 0.130114 2.489752
v 3.267950 0.320948 1.825940
v 4.139285 0.239963 0.511803
v -2.297167 -0.626283 1.262542
v 2.008423 0.076896 2.840374
v 3.617293 0.433442 1.515397
v 3.834420 0.552287 1.148858
v -1.870422 -0.812911 2.076346
v -2.668873 0.261605 1.206862
v -2.549041 -0.225222 1.250762
v -2.319472 -0.839968 1.528468
v -2.758823 0.378134 1.314367
v -2.633786 -0.678124 1.417046
v -2.472108 -0.859036 1.612159
v -2.737674 -0.280597 1.368790
v -2.654142 -0.603368 1.547662
v -2.530565 -0.831932 1.628863
v 4.037273 0.744681 0.487991
v -2.738402 -0.283405 1.515578
v -2.725580 0.293515 1.721138
v -2.694831 0.132417 1.831105
v -2.790998 0.093080 1.483218
v -2.766917 0.219564 1.413589
v -2.339971 -0.851693 2.038277
v 0.434392 0.090201 -4.937194
v 0.707200 0.185731 -4.742160
v 0.957352 0.001961 -4.623916
v 0.182169 0.143340 -5.018908
v -0.000000 -0.159550 -5.145562
v 1.006095 0.257049 -4.407298
v 1.198827 -0.014365 -4.270924
v 0.209231 0.757214 -4.762296
v -0.000000 0.170402 -5.039492
v 0.694028 0.354927 -4.519578
v -0.000000 1.537869 -4.086719
v 0.489661 0.488709 -4.568209
v 0.077994 1.392376 -3.958936
v 1.011722 0.495259 -4.110811
v 0.540459 0.308034 -4.815736
v 0.391382 0.386065 -4.872209
v -0.000000 1.408685 -4.354640
v -0.000000 1.430586 -3.982232
v 0.410384 0.923865 -3.843755
v 0.194899 0.471172 -4.932054
v -0.000000 1.509722 -4.021203
v 0.513505 0.944594 -3.916088
v 0.131762 1.442319 -3.983849
v 0.919954 0.558411 -3.772458
v 1.275838 0.126776 -3.990807
v 0.653329 0.563877 -4.316941
v -0.000000 0.507388 -4.982580
v 0.167835 1.449946 -4.038890
v 0.570278 0.760189 -3.803904
v 1.475536 0.176218 -3.575149
v 0.974133 0.606806 -3.802134
v 1.452184 0.407524 -3.466069
v 1.258658 0.319400 -3.822245
v 0.479668 0.691721 -4.359735
v 0.543577 0.866901 -3.847027
v 1.738858 -0.132626 -3.652934
v 1.417352 0.428711 -3.427222
v 1.535071 0.382531 -3.135628
v 1.776583 0.354802 -2.699542
v 0.638339 0.819920 -3.897453
v 1.353876 0.393142 -3.386123
v 1.660067 0.391952 -3.190725
v 1.879905 0.387951 -2.776132
v 1.828677 0.397485 -2.735277
v 1.981000 0.213602 -2.874013
v 2.164027 0.446013 -2.371195
v 0.995010 0.622703 -3.865052
v 2.062289 0.418622 -2.295668
v 2.096024 -0.062793 -2.865862
v 1.842878 -0.015972 -3.295634
v 2.337172 0.388548 -1.890882
v 0.203459 -0.194155 -5.129440
v 0.435847 -0.252647 -5.071607
v 0.632293 -0.384330 -4.990034
v 2.415340 0.074242 -2.291667
v 2.185080 0.466712 -2.253460
v 2.204814 0.424834 -2.126943
v 1.142216 -0.195252 -4.483488
v 0.910241 -0.233483 -4.747510
v 2.377862 0.294620 -1.749839
v 2.395981 -0.971584 -2.221814
v 2.411499 0.316901 -2.187259
v 0.772309 -0.644370 -4.932422
v 1.260981 -0.534120 -4.466317
v 0.006920 -0.676451 -5.189833
v 0.274315 -0.583946 -5.157097
v 2.451102 0.305381 -1.763885
v 2.391505 0.128745 -1.708859
v 1.104221 -1.049561 -4.558249
v 1.459154 -0.507747 -4.287875
v 1.323588 -0.359596 -4.383811
v 0.362433 -1.239748 -5.114306
v 0.504204 -1.230039 -5.088578
v 0.555090 -0.803878 -5.085067
v 0.637208 -1.348141 -4.970124
v -0.011680 -1.548312 -5.092608
v 0.333904 -1.491210 -5.077479
v 0.494614 -1.446441 -5.032532
v 0.616184 -1.216375 -5.039357
v 0.778442 -1.036268 -4.907059
v 2.433886 -0.637189 -1.605834
v 0.341060 -1.761093 -4.986659
v 0.494920 -1.660706 -4.925888
v 0.189025 1.315947 -4.276273
v 0.175691 1.146472 -4.497342
v -0.000000 0.876201 -4.827716
v -0.000000 1.202948 -4.575933
v -1.364816 -2.182405 -3.966071
v -1.439136 -1.919808 -4.293442
v -1.382980 -2.236729 -4.053756
v -1.335096 -2.229052 -4.126393
v -1.184540 -2.317664 -4.147580
v -1.210617 -2.733553 -3.399413
v -1.256780 -2.646068 -3.481336
v -1.284252 -2.676676 -3.534785
v -1.283470 -2.688563 -3.584018
v -1.262540 -2.573882 -3.780694
v -1.163782 -2.820513 -3.434748
v -1.241729 -2.775844 -3.461174
v -1.194993 -2.810962 -3.501213
v -1.081851 -2.751924 -3.699579
v -1.333933 -2.636209 -2.887237
v -0.462149 -2.881320 -3.310401
v -0.872099 -2.880465 -2.976073
v -0.962954 -2.346353 -3.552217
v -0.603391 -2.265422 -3.964009
v -1.050691 -2.048954 -3.831980
v -0.738871 -1.499041 -4.686198
v -1.193024 -1.271733 -4.571577
v -1.612638 -1.254693 -4.266199
v -1.480302 -2.018375 -3.545306
v -0.085252 -1.237111 -5.548512
v 0.029641 -1.257213 -5.548037
v 0.137211 -1.200015 -5.555628
v 0.191041 -1.071557 -5.572668
v 0.137758 -0.943813 -5.589688
v -0.000002 -0.878888 -5.598293
v -0.137761 -0.943813 -5.589688
v -0.185678 -1.042414 -5.576573
v -0.168946 -1.156890 -5.561372
v 0.000065 -3.100509 -3.625896
v -0.452927 0.220879 -5.245741
v -0.428184 0.262957 -5.254067
v -0.444773 0.279333 -5.138667
v -0.455822 0.054015 -5.102111
v -0.459441 -0.132196 -5.182084
v -0.465632 -0.109982 -5.068544
v 1.365939 -0.622219 -4.229659
v 1.351163 -0.615814 -4.214711
v 1.266502 -0.520785 -4.345830
v 1.470263 -0.661752 -4.083960
v 1.573955 0.405809 -3.569280
v 1.651015 0.254191 -3.468078
v 1.692129 0.070854 -3.406193
v 1.695076 -0.126359 -3.391012
v 1.659567 -0.318144 -3.424019
v 1.589073 -0.485717 -3.501982
v 1.490501 -0.612702 -3.617270
v 1.373498 -0.686652 -3.758599
v 1.249515 -0.700325 -3.912135
v 1.130691 -0.652389 -4.062849
v 1.028656 -0.547526 -4.195984
v 0.953397 -0.396012 -4.298511
v 0.912282 -0.212676 -4.360396
v 0.909335 -0.015471 -4.375578
v 0.944847 0.176314 -4.342574
v 1.015339 0.343904 -4.264613
v 1.113911 0.470884 -4.149322
v 1.230914 0.544826 -4.007991
v 1.354895 0.558503 -3.854455
v 1.473719 0.510567 -3.703741
v -1.573956 0.405809 -3.569278
v -1.692130 0.070854 -3.406192
v -1.651015 0.254191 -3.468077
v -1.695076 -0.126359 -3.391011
v -1.659567 -0.318144 -3.424019
v -1.589074 -0.485717 -3.501982
v -1.490501 -0.612702 -3.617270
v -1.373499 -0.686652 -3.758599
v -1.249516 -0.700325 -3.912135
v -1.130692 -0.652389 -4.062849
v -1.028656 -0.547526 -4.195984
v -0.953398 -0.396012 -4.298511
v -0.912282 -0.212676 -4.360396
v -0.909336 -0.015471 -4.375578
v -0.944847 0.176314 -4.342574
v -1.015340 0.343904 -4.264613
v -1.113911 0.470884 -4.149322
v -1.230915 0.544826 -4.007991
v -1.354896 0.558503 -3.854455
v -1.473719 0.510567 -3.703741
v 0.872991 -2.881308 -2.975468
v 0.461727 -2.879722 -3.310470
v 1.334986 -2.636325 -2.888507
v 1.040878 -2.134549 -3.745581
v 1.474876 -2.042837 -3.519904
v 1.612756 -1.254960 -4.265020
v 1.193886 -1.270965 -4.571015
v 0.738065 -1.497982 -4.686619
v 0.599763 -2.281248 -3.947242
v -3.163173 2.079599 1.600781
v -3.183845 2.267592 1.481296
v -2.780313 -0.763060 1.422283
v -3.204096 2.412943 1.193487
v -3.138561 2.050009 -0.752987
v -2.784622 -0.605288 -0.567503
v -2.666791 -1.274996 -1.240995
v -3.211879 2.490015 0.297669
v -3.200632 2.403868 -0.378491
v -3.181941 2.069986 -0.773691
v -3.067643 1.462070 -1.237379
v -2.962050 0.804149 -1.646713
v -2.678093 -1.186071 -1.454245
v -2.687482 -1.305662 -1.265013
v -2.697825 -1.213120 -1.489054
v -2.898163 0.174361 -1.842499
v -2.913901 0.386478 -1.855983
v -2.982934 0.766640 -1.698548
v -2.999048 0.399600 -1.846065
v -2.964920 0.170969 -1.825556
v -2.768890 -1.193076 -1.478694
v -2.754745 -1.298820 -1.218060
v -2.831330 -1.000528 0.653237
v -2.828586 -1.082343 -1.350626
v -2.804439 -1.216262 -1.087739
v -2.899124 -0.885046 1.054008
v -2.946854 -0.814559 -0.107261
v -2.904547 0.229353 2.144425
v -2.915386 -0.548139 1.984478
v -2.936570 -0.809452 -0.562050
v -2.882223 0.297524 2.188468
v -2.975552 0.335046 2.210471
v -2.962472 -0.669078 -0.858356
v -3.066004 -0.595019 -0.687841
v -3.158470 0.490945 1.635905
v -2.964704 -0.499081 2.021759
v -2.886970 -0.820792 -1.184292
v -3.086515 -0.454258 -0.738637
v -2.902527 0.342460 2.187891
v -3.096082 0.489589 1.614647
v -2.936647 0.350338 2.210744
v -2.939685 -0.487465 2.059230
v -3.058322 0.560527 -1.704734
v -3.064065 0.769711 -1.673067
v -3.083990 0.446710 1.600276
v -2.985995 0.290511 2.213873
v -2.882748 0.268118 2.224554
v -2.917727 0.280113 2.248985
v -2.887390 -0.403143 1.989912
v -2.922409 0.296794 2.107954
v -3.178280 0.452000 1.632971
v -2.865292 -0.488738 1.983358
v -2.866547 -0.484407 2.033048
v -2.897763 -0.498317 2.057802
v -2.957335 0.265990 2.246453
v -2.954936 -0.536273 1.991014
v -3.158718 -0.374800 1.424724
v -2.978045 -0.459127 1.942113
v -2.962306 -0.416302 2.006118
v -2.976318 0.213978 2.170125
v -2.881909 -0.528859 1.968449
v -3.145804 -0.402671 1.413584
v -3.065102 -0.350363 1.399523
v -3.083368 -0.404073 1.392464
v -2.904699 -0.451721 1.919420
v -3.131542 -0.332897 1.425987
v -2.945072 -0.439730 1.924037
v -2.928990 -0.395440 1.990458
v -2.944235 0.216460 2.142092
v -2.995744 0.289305 2.130625
v -3.149433 0.415793 1.614605
v -2.962148 0.282262 2.105895
v 0.440345 -0.458927 3.619876
v 0.863395 -0.462423 3.513152
v 1.248710 -0.457178 3.365936
v 1.635088 -0.443088 3.148668
v 2.010965 -0.419348 2.859107
v 2.371206 -0.369509 2.561482
v 2.898728 -0.050756 2.157590
v -1.278198 -2.625511 -3.444294
v -1.529549 -1.970276 -3.721066
v -1.396916 -1.837187 -4.461032
v -1.429100 -1.686045 -4.384954
v -1.641098 -1.303751 -4.305189
v -1.230006 -1.332611 -4.610669
v -1.253471 -1.872235 -4.535746
v -1.619374 -1.483082 -4.155414
v -1.430924 -1.344569 -4.467000
v -1.410136 -1.630324 -4.351347
v -1.331012 -1.607522 -4.435132
v -1.243597 -1.795260 -4.552906
v -1.204340 -1.753570 -4.526554
v -1.329108 -2.300737 -3.701547
v -1.394842 -2.097632 -3.992099
v -1.424975 -1.746598 -4.230475
v -1.383596 -1.762186 -4.482043
v -1.349658 -1.709164 -4.460146
v -1.358600 -1.662976 -4.463135
v -1.438376 -1.818533 -4.421897
v -1.417285 -1.829147 -4.290146
v -1.409368 -1.735971 -4.390217
v -1.440523 -1.783928 -4.277447
v 1.434267 -1.343464 -4.464906
v 1.226886 -1.333037 -4.612389
v -1.179862 -1.712443 -4.543946
v -1.143992 -1.664645 -4.519400
v 0.907030 -2.923824 -3.025967
v -1.249691 -2.607269 -3.374641
v -1.142028 -1.810343 -4.518679
v -0.998565 -2.822695 -3.456344
v -1.021723 -2.761600 -3.709858
v -1.144592 -2.779607 -3.390206
v -1.220723 -2.730887 -3.345329
v -1.101421 -2.755959 -3.295818
v -1.142410 -2.781468 -3.338025
v -0.943696 -2.808054 -3.527972
v -1.134132 -2.002733 -4.442663
v -1.029727 -1.454740 -4.663015
v -0.773836 -1.544353 -4.723181
v -1.185977 -1.889125 -4.543953
v -1.122055 -2.309461 -4.179301
v -1.107084 -1.776493 -4.540074
v -1.068183 -1.725607 -4.515885
v -0.980083 -2.761483 -3.681116
v -0.765724 -1.739797 -4.559752
v -0.686497 -2.204369 -4.127406
v -1.063398 -1.888916 -4.459300
v -1.104132 -1.916491 -4.440793
v -0.894920 -2.733061 -3.628030
v -1.021010 -1.859342 -4.424719
v -1.000005 -2.849018 -3.586166
v -1.024605 -2.856970 -3.507457
v -0.850961 -2.717340 -3.567554
v -0.942227 -2.733516 -3.632826
v -1.044015 -2.271923 -4.120275
v -0.965350 -2.835083 -3.424017
v -1.011202 -2.204936 -4.176330
v -0.918825 -2.415054 -3.898879
v -1.198549 -2.693177 -3.294254
v -1.407267 -2.528934 -3.139608
v -0.919064 -2.802000 -3.387287
v -0.855168 -2.788561 -3.459555
v -0.897901 -2.821347 -3.500740
v -0.718215 -2.926214 -3.207534
v 1.410628 -1.631262 -4.350816
v -2.453418 0.307463 -1.765886
v -2.324178 0.396934 -1.906026
v -2.511085 0.125341 -1.766390
v -1.586047 -2.137874 -2.094243
v -2.433887 -0.637189 -1.605833
v -2.465655 0.168716 -1.718961
v -2.450050 -0.275820 -1.637414
v -2.236213 0.422715 -2.084760
v -2.062289 0.418622 -2.295667
v -2.492374 -0.179009 -2.057256
v -2.470743 0.116020 -2.124346
v -2.382554 0.299427 -1.756767
v -2.394450 0.109019 -1.705640
v -2.293480 -1.007938 -1.628555
v -1.776583 0.354802 -2.699542
v -2.449248 0.403197 -1.950071
v -2.385553 0.431660 -1.928267
v -2.493208 0.287260 -1.813983
v -2.438587 -0.244486 -2.241099
v -2.465379 -0.658635 -2.007914
v -2.416121 -0.702953 -2.214862
v -2.186997 0.466483 -2.250880
v -1.352979 0.393859 -3.392361
v -0.971591 0.608446 -3.801727
v -2.483125 -0.564353 -1.646835
v -2.398956 -0.988036 -2.202170
v -2.335153 -1.074503 -2.469901
v -1.535071 0.382531 -3.135627
v -0.077994 1.392376 -3.958936
v -0.919955 0.558411 -3.772458
v -2.431814 -0.933053 -1.665103
v -0.401708 0.933533 -3.846039
v -2.388557 -0.917745 -1.617424
v -2.325806 -1.135674 -1.656374
v -0.167836 1.449946 -4.038890
v -0.194900 0.471172 -4.932054
v -0.570279 0.760189 -3.803904
v -1.828678 0.397485 -2.735277
v -0.543588 0.866905 -3.847043
v -1.995299 -1.598017 -1.820933
v -2.043907 -1.671417 -1.836547
v -2.354914 -1.190857 -1.712809
v -2.367895 -0.481194 -1.607170
v -2.076533 -1.710958 -1.890705
v -2.329894 -1.231353 -2.269710
v -1.678027 -2.151263 -2.062527
v -1.811136 -1.874751 -1.964496
v -0.184809 1.307594 -4.298864
v -0.526038 0.928843 -3.912879
v -0.131762 1.442319 -3.983849
v -0.691888 -0.172964 -5.132711
v -0.702837 -0.434848 -5.127129
v -0.516218 -1.640592 -5.621679
v -0.513406 -2.769815 -2.404531
v -0.011705 -2.739269 -3.571422
v -0.521779 -2.754269 -3.559843
v -0.017339 -1.632001 -5.623591
v -0.699627 -0.171633 -5.174772
v 0.429302 0.288061 -5.142351
v 0.427713 0.265535 -5.253066
v -0.391383 0.386065 -4.872209
v -0.210867 0.761378 -4.756504
v -0.175692 1.146472 -4.497342
v -0.620959 -0.391564 -5.087760
v -0.689864 -0.432929 -5.089448
v -0.727850 -0.146983 -5.179156
v -0.433618 -0.478674 -5.651561
v -0.437796 -0.480694 -5.690720
v -0.234771 -0.367907 -5.667674
v -0.597260 -0.641412 -5.629902
v -0.161619 -1.364947 -5.533690
v -0.702121 -0.845417 -5.602782
v -0.707072 -0.848968 -5.641688
v -0.707596 -1.303318 -5.581270
v -0.601472 -0.643527 -5.669000
v -1.699279 -1.982051 -3.188091
v -1.250159 -2.363572 -3.489261
v -1.124499 -2.317113 -3.826711
v -0.951915 -2.526439 -3.588793
v -1.057511 -2.633421 -3.187258
v -0.809861 -2.678687 -3.438360
v -0.587634 -2.843152 -3.169790
v -0.362690 -2.820951 -3.405193
v -0.469836 -2.826454 -3.204821
v -0.272448 -2.734575 -3.360379
v -0.797192 -2.793818 -2.915199
v -0.748694 -2.769890 -2.878299
v -0.520448 -2.751348 -3.102892
v -0.000000 -2.687974 -3.779877
v -0.131165 -2.691909 -3.724240
v -0.277733 -2.792470 -3.421151
v -1.368845 -2.460625 -2.934991
v -1.730197 -2.089004 -2.971982
v -1.681435 -2.215488 -2.755347
v -2.123186 -1.651440 -2.626509
v -1.700804 -2.198127 -2.121439
v -2.241570 -1.052365 -2.741586
v -2.236938 -1.439010 -2.548680
v -2.210484 -1.529082 -2.349934
v -2.095724 -1.731820 -2.437115
v -2.098183 -0.948249 -3.661665
v 2.325093 -1.136712 -1.656314
v -0.176644 -2.714177 -3.546979
v -0.156433 -2.751048 -3.739888
v -0.208782 -2.767453 -3.767665
v 1.811136 -1.874751 -1.964496
v 2.044447 -1.670461 -1.836183
v 1.974617 -1.129991 -3.851084
v 2.044330 -1.078750 -3.763413
v 1.900669 -1.138598 -3.945004
v -1.351164 -0.615814 -4.214711
v 2.018332 -1.070327 -3.753397
v -1.364664 -0.621760 -4.231520
v -1.470261 -0.661752 -4.083963
v 1.571427 0.211274 -4.014562
v -1.266503 -0.520785 -4.345829
v 2.149412 -0.900000 -3.655633
v 1.679153 -0.233275 -3.853307
v 1.552118 -0.351677 -4.047062
v 1.604215 0.135421 -3.993711
v 1.365808 -0.101730 -4.287939
v 1.341364 -0.185593 -4.276570
v 1.842641 0.036007 -3.664110
v 1.392508 -0.217257 -4.250149
v 1.877022 0.049605 -3.616849
v 1.341930 0.000038 -4.286706
v 1.413352 -0.337186 -4.178148
v 1.881840 -0.132259 -3.603282
v 1.771242 0.358649 -3.768876
v 1.679788 0.456669 -3.893094
v 1.453097 0.486998 -4.172398
v 1.221313 0.124035 -4.437327
v 1.156631 -0.029916 -4.512001
v 1.182846 -0.034580 -4.458172
v 1.159659 -0.212042 -4.498673
v 1.189181 0.147016 -4.481071
v 1.196344 -0.380562 -4.438993
v 1.783532 -0.463771 -3.705558
v 1.756403 -0.424659 -3.741561
v 1.814796 -0.285863 -3.676978
v 1.473997 -0.603034 -4.080330
v 1.582677 -0.586725 -3.962211
v -0.423589 -0.158327 -5.138888
v -0.428968 0.187654 -5.236533
v 0.453807 0.220841 -5.244253
v 0.463335 -0.109407 -5.067985
v -0.433986 -0.158653 -5.177782
v 0.456249 0.237923 -5.129201
v 0.457040 0.069690 -5.105873
v 0.458776 -0.132546 -5.182725
v 0.407227 0.236942 -5.249032
v -0.406210 0.238240 -5.249090
v -1.627070 -0.903688 -4.047390
v -1.800699 -0.725693 -3.859915
v -1.945832 -0.610783 -3.553239
v -1.813032 -0.988023 -3.751682
v -1.995452 -0.865278 -3.417213
v -2.178024 -0.895047 -2.909457
v -2.032053 -1.156377 -3.164337
v 0.095588 -0.760469 -5.613096
v 0.277842 -1.211898 -5.554070
v 0.155680 -0.772498 -5.651400
v -0.236266 -0.831119 -5.644019
v -0.317309 -0.969360 -5.586305
v -0.336598 -1.014013 -5.619715
v 0.310644 -1.022783 -5.579215
v 0.331770 -1.123645 -5.565770
v -0.235163 -1.323574 -5.578747
v -0.277844 -1.211898 -5.554071
v -0.269919 -1.265963 -5.546876
v -0.331771 -1.123645 -5.565770
v -0.246157 -0.843306 -5.603042
v 0.707595 -1.303318 -5.581270
v -0.051193 -0.764312 -5.613573
v -0.215965 -0.847090 -5.602572
v -0.743460 -1.076702 -5.611413
v -0.071537 -0.743471 -5.616317
v -0.310645 -1.022783 -5.579214
v 0.743459 -1.076702 -5.611413
v -2.951210 2.102426 -2.160106
v 0.000730 -2.499978 -4.972638
v -0.519415 -1.821938 -5.745517
v -0.366413 -0.958692 -5.627102
v 0.121776 -0.705494 -5.661007
v 0.339846 -1.130053 -5.604275
v 0.282737 -0.810182 -5.646802
v 0.241296 -1.315843 -5.579829
v -0.386773 -1.127588 -5.604620
v -0.055691 -0.740525 -5.657273
v 0.607283 -1.504382 -5.516592
v 2.875812 1.451848 -1.493923
v 2.659965 2.912479 -2.182933
v 2.787017 3.009394 -1.722431
v -2.564035 2.504822 -3.636840
v -2.485693 2.490444 -3.631635
v -2.602449 2.478741 -3.635980
v -2.754224 2.559250 -2.983677
v -2.671324 2.520769 -3.371448
v -2.662520 2.563715 -3.234109
v -2.775748 2.580479 -2.760975
v -2.745985 2.328091 -3.280431
v -2.683835 2.082236 -3.573468
v -2.697455 1.935500 -3.541438
v -2.706795 1.724927 -3.499675
v -2.959911 2.263002 -2.403562
v -2.790017 2.045011 -3.217580
v -2.871267 2.390325 -2.706949
v -2.879985 2.514218 -2.561248
v -2.956557 2.403447 -2.349216
v -2.627119 2.330077 -3.622020
v -2.854010 1.717417 -2.902438
v -2.966326 2.089559 -2.388768
v -2.931867 1.913161 -2.168705
v -2.866339 2.284790 -2.195434
v -2.842401 2.423858 -2.302465
v -2.745742 1.851957 -3.395795
v -2.979567 2.093418 -2.194767
v -2.860969 2.109544 -2.147139
v -2.936749 1.783919 -2.447872
v -2.961654 1.911972 -2.203472
v -2.834045 1.555518 -2.903995
v -2.840270 1.921694 -2.156138
v -2.699376 1.482819 -3.457466
v 2.703725 1.851615 -3.524047
v 2.703608 1.470803 -2.680508
v 2.770699 1.621950 -2.373489
v 2.932971 2.011578 -2.559064
v 2.954185 1.889429 -2.401212
v 2.864213 1.610768 -2.386034
v 2.934104 1.752377 -2.276617
v 2.898261 1.627023 -2.412641
v 2.979566 2.093418 -2.194767
v 2.960918 2.243914 -2.401073
v 2.756315 1.944541 -3.359453
v 2.806735 1.471913 -2.657250
v 2.932447 1.754642 -2.430404
v 2.961654 1.911972 -2.203472
v -2.809622 1.753916 -2.231114
v -2.864214 1.610768 -2.386034
v 2.682868 2.087247 -3.574443
v 2.485693 2.490444 -3.631636
v -2.645750 1.321959 -3.419860
v 2.671324 2.520769 -3.371448
v 2.501196 2.505999 -3.542766
v 2.586854 2.557765 -3.136036
v 2.869221 2.517093 -2.486950
v 2.626430 2.330089 -3.621782
v 2.664009 2.564286 -3.228372
v 2.601663 2.478837 -3.635802
v -2.806935 1.472489 -2.655525
v -2.756964 1.582300 -2.428977
v -2.682257 1.349922 -3.427719
v -2.761124 1.384432 -3.064669
v -2.840605 1.492975 -2.683595
v -2.898262 1.627023 -2.412641
v -2.934104 1.752377 -2.276616
v -2.902283 1.744036 -2.243510
v -2.657124 1.398029 -2.916025
v 2.563962 2.504885 -3.636840
v -2.720532 1.354933 -3.072581
v 2.542200 2.530978 -3.366116
v -2.564768 1.331769 -3.417513
v -2.577643 1.334681 -3.325519
v 2.783763 2.512457 -2.468071
v 2.643741 2.572422 -2.894030
v 2.712618 2.559488 -2.668450
v 2.928728 2.424801 -2.319806
v 2.842401 2.423858 -2.302465
v 2.719421 2.384863 -3.332289
v 2.875191 2.392236 -2.689598
v 2.754399 2.558582 -2.986860
v 2.762674 2.200726 -3.286407
v 2.956557 2.403447 -2.349216
v 2.880015 2.514210 -2.561403
v 2.777405 2.579907 -2.757247
v 2.982077 2.265961 -2.243441
v 2.951210 2.102426 -2.160107
v 2.954834 2.281398 -2.210047
v 2.866338 2.284790 -2.195435
v 2.809622 1.753916 -2.231115
v 2.902283 1.744036 -2.243510
v 2.840270 1.921694 -2.156139
v 2.931867 1.913161 -2.168705
v 2.829277 1.711008 -3.019512
v 2.860968 2.109544 -2.147140
v 2.826506 1.536788 -2.929529
v 2.642118 1.382112 -2.993317
v 2.708167 1.656505 -3.488329
v 2.747155 1.370542 -3.129533
v 2.696740 1.462705 -3.453132
v 2.839707 1.491640 -2.685892
v 2.681843 1.351883 -3.427799
v -2.526147 0.776808 -1.972796
v -1.234581 0.817358 -3.365183
v -2.699348 1.218352 -1.672303
v -2.511921 1.260288 -3.375255
v -2.590032 1.329324 -2.675317
v -2.352672 0.863663 -3.355899
v -2.003371 0.454633 -2.973115
v -1.476152 0.676855 -3.196458
v 2.577626 1.334593 -3.325562
v -1.285126 2.681950 -3.953178
v 2.645877 1.321851 -3.419871
v 2.564767 1.331769 -3.417513
v -2.567346 1.542947 -3.415494
v -2.806062 2.909425 -1.726649
v -2.871436 2.624342 -1.700881
v -2.357298 2.684424 -3.319871
v -2.226027 2.667668 -3.712006
v -1.901862 2.742327 -3.800323
v -1.337669 2.852727 -3.707573
v 2.720188 1.354608 -3.074525
v -2.117222 2.789170 -3.483085
v -3.104768 3.248631 -0.509975
v -3.131742 2.648496 -0.862875
v -1.666187 2.735109 -3.858474
v -1.722250 2.866316 -3.602043
v -2.895502 3.088655 -1.308600
v -3.111179 2.854500 -0.583211
v -3.040968 2.558449 -1.321289
v -2.056415 2.725580 -3.768477
v -2.996126 2.945357 -1.009148
v -1.599565 0.295021 -2.899712
v -2.241545 0.547480 -2.646713
v -2.387389 0.839626 -2.790994
v -2.452226 1.053195 -3.363693
v -2.539176 1.143038 -2.647658
v -1.984382 0.161494 -2.604842
v -2.261344 0.388560 -2.274517
v -2.451713 0.845881 -2.485171
v -2.479817 2.447231 -3.610604
v -2.902062 2.438257 -1.842764
v -2.616197 2.406973 -2.823918
v -2.970688 2.073241 -1.157424
v -2.646902 1.590845 -2.664775
v -2.899474 1.828451 -1.273250
v -1.791010 0.163092 -2.791795
v -2.199009 0.602008 -2.880630
v -2.811084 2.205975 -2.089493
v -2.562836 2.600906 -2.855516
v -2.545868 2.228310 -3.554688
v -2.817793 1.961281 -1.926862
v -2.572855 1.973531 -3.489715
v -2.638724 2.241394 -2.864889
v -1.476601 0.425681 -2.970571
v -1.677444 0.295275 -2.898080
v -1.391996 0.572485 -3.068976
v -2.027938 0.400956 -2.875428
v -2.076555 0.637586 -3.400118
v -1.891198 0.440648 -3.038302
v -1.774859 0.641850 -3.465874
v -1.652197 0.548018 -3.118502
v -1.290500 0.838412 -3.625010
v -1.352429 0.722480 -3.209997
v -0.530953 0.439492 3.699450
v -2.509125 1.290584 -2.373023
v -2.508027 1.896781 -2.419050
v -2.340476 1.263117 -2.356818
v -0.892352 4.571049 -3.175756
v -0.799432 4.247703 -3.407656
v -1.038565 4.819816 -2.885607
v -1.955504 4.399604 -2.605755
v -1.616504 2.848017 -3.496590
v 2.988467 2.296615 1.428571
v 2.601463 0.469553 1.919989
v 1.538408 0.479696 3.355176
v 1.881585 0.440631 3.025225
v 2.239568 0.441303 2.576489
v -2.655888 1.101565 -2.585504
v -2.738076 1.436632 -2.656400
v -2.766975 1.726070 -2.732910
v -2.618265 1.233823 -3.369528
v -2.663580 1.462054 -3.410306
v -2.683904 1.652908 -3.429425
v -2.757339 1.974578 -2.885978
v -2.999754 2.454329 -1.571233
v -3.153541 2.582352 -0.929424
v -2.595024 1.798894 -3.472617
v -2.781418 2.283764 -2.695237
v -2.946012 2.697083 -1.765523
v -2.944752 2.872316 -1.686734
v -3.212814 2.840949 -0.614367
v -2.268855 2.763247 -3.741737
v -2.078717 2.824072 -3.804368
v -2.673763 2.629082 -2.867463
v -2.566138 2.523385 -3.554555
v -2.635882 2.295488 -3.554343
v -0.170105 1.678389 -3.854361
v -0.267136 1.533797 -3.783951
v -0.000000 2.057257 -3.995259
v -0.073721 2.060273 -4.016133
v -0.180324 2.038861 -4.162008
v -0.182307 2.260929 -4.149482
v -0.204578 2.240572 -4.192562
v -0.100416 2.287173 -4.065277
v -0.294541 2.441152 -4.151597
v -0.438322 2.559968 -4.143121
v -0.493409 2.550430 -4.174519
v -0.000000 2.352678 -4.041501
v -0.026320 2.620671 -4.024951
v -0.213666 2.870898 -4.021169
v -0.673139 2.688980 -4.107032
v -0.786052 2.680147 -4.118157
v -1.033492 2.815218 -3.982640
v -1.406235 2.961283 -3.746503
v -1.709201 2.977304 -3.662258
v -1.938301 2.849752 -3.834946
v -0.017729 2.370548 -3.852452
v -0.132036 2.102643 -3.812176
v -0.162967 2.329063 -3.854623
v -0.254679 2.519158 -3.861574
v -0.295361 2.893486 -3.897012
v -0.670079 2.719876 -3.826180
v -0.576347 2.896211 -3.873761
v -0.770642 2.880231 -3.824535
v -0.937077 2.833205 -3.793185
v -0.988859 2.614412 -4.022411
v -1.140043 2.843102 -3.766579
v -0.680506 2.520748 -4.086578
v -0.383017 2.356183 -4.134467
v -0.289478 2.217082 -4.141423
v -0.273017 2.063198 -4.119775
v -0.323292 1.868363 -4.073739
v -0.409829 1.507962 -3.709472
v -0.678742 1.225404 -3.590323
v -1.087444 0.960311 -3.700497
v -1.005785 0.950719 -3.455920
v -2.551332 0.786321 -2.479494
v -2.434950 0.812677 -3.347968
v -2.483161 0.772427 -2.783469
v 2.562835 2.600906 -2.855517
v 0.754811 2.549278 -4.067387
v 2.534647 2.265297 -3.561135
v 2.061329 2.724612 -3.767054
v 1.901862 2.742327 -3.800323
v 1.243642 2.673943 -3.961531
v 1.999521 2.820012 -3.523876
v 2.181478 2.763302 -3.451020
v 2.353590 2.682150 -3.345979
v 2.225449 2.667897 -3.712177
v 2.902062 2.438257 -1.842764
v 2.847929 2.074384 -1.837905
v 2.626222 1.466860 -2.659387
v 2.472700 1.114612 -3.357117
v 3.108901 3.249640 -0.509725
v 3.108595 2.844408 -0.583564
v 3.130662 2.645655 -0.867789
v 3.040968 2.558449 -1.321289
v 2.894887 2.898940 -1.415214
v 2.697317 1.212745 -1.676325
v 2.899255 1.827662 -1.273576
v 2.061544 0.637477 -3.390167
v 2.968510 2.064429 -1.162199
v 2.451712 0.845872 -2.485161
v 2.241546 0.547488 -2.646713
v 2.199009 0.602008 -2.880630
v -2.554451 1.356886 -3.403269
v -2.268814 0.640514 -3.366900
v -2.268044 0.503825 -2.893690
v -2.549924 1.028954 -3.357832
v -0.308658 1.637496 -4.049730
v -0.421046 1.446353 -3.986717
v 0.770642 2.880231 -3.824535
v 0.937076 2.833205 -3.793185
v 0.273083 2.062551 -4.119681
v 0.534884 2.449226 -4.110659
v -1.827573 0.514832 -3.473845
v -1.359396 0.789600 -3.616607
v -0.531866 1.326983 -3.948537
v -0.241028 1.812383 -4.108893
v 1.661609 2.734529 -3.859153
v -0.314722 2.404407 -4.197771
v 1.822251 2.753576 -3.842551
v -2.356860 0.343791 -2.294565
v -0.381494 2.359295 -4.156056
v -2.055760 0.103545 -2.663033
v -1.822055 2.753547 -3.842545
v -2.045716 0.339252 -3.013741
v -2.070496 0.284231 -2.910174
v 0.834675 2.456244 -4.241044
v 1.310889 2.571354 -4.119342
v 1.548272 2.629487 -4.084378
v -0.718313 2.543888 -4.100084
v -2.453061 2.722354 -3.423596
v -2.239991 2.849406 -3.505651
v -2.230455 2.842743 -3.486775
v -2.007358 2.924053 -3.566902
v -1.610285 2.972327 -3.666429
v -1.169150 2.939011 -3.814438
v -0.938015 2.919722 -3.872351
v 0.321855 1.870858 -4.075111
v 1.787868 0.470542 -3.069492
v 1.842558 0.626299 -3.449322
v 1.963700 0.615819 -3.415019
v -0.593569 2.912800 -3.974741
v 2.525998 0.776528 -1.973005
v 2.261351 0.388556 -2.274502
v 1.791157 0.163200 -2.791822
v -0.563387 2.900838 -4.001615
v -0.912859 2.918003 -3.903490
v -1.091543 0.943580 -3.716078
v -1.155114 0.793956 -3.690496
v -0.641556 1.195008 -3.884351
v 2.027938 0.400956 -2.875428
v 1.983913 0.161077 -2.605035
v 2.537708 1.129411 -2.626702
v 2.992299 2.757581 -1.135923
v 2.566588 1.536855 -3.414413
v 2.350827 0.862733 -3.355515
v 2.387388 0.839626 -2.790994
v 2.438483 2.728400 -3.398864
v 0.385745 2.356220 -4.149354
v 0.270215 2.527440 -3.860178
v 0.133635 2.111893 -3.815634
v 0.181394 1.900628 -3.764522
v 0.162966 2.329063 -3.854623
v 0.591103 2.897492 -3.869206
v 0.687325 2.730182 -3.824871
v 0.289162 2.220524 -4.143858
v 1.133057 2.835525 -3.768394
v 1.620978 2.872763 -3.627962
v 2.479761 2.447603 -3.610792
v 2.624498 2.387313 -2.800768
v 2.636035 2.224805 -2.887317
v 2.573641 1.976072 -3.491283
v 2.654851 1.743043 -2.690426
v 2.113618 -1.054096 -1.234637
v 2.190296 -0.823559 -0.975886
v 2.352506 -0.786054 -0.994612
v 2.073781 -0.802622 -1.051681
v -0.987709 -2.498922 -3.018623
v -1.411870 -2.575651 -2.521183
v -1.130695 -2.467655 -3.082510
v -1.344015 -2.602046 -2.334989
v -1.251743 -2.678795 -2.363153
v -1.541379 -2.529852 -2.089355
v -1.117336 -2.743108 -2.612794
v -1.404889 -2.715808 -2.763279
v -1.621118 -2.624768 -2.276722
v -1.669248 -2.405746 -1.757892
v -1.755596 -2.439634 -1.577770
v -1.893431 -1.997401 -1.441046
v -2.005065 -1.874838 -1.297082
v -2.112771 -1.062086 -1.246740
v -0.959327 -2.656173 -3.041013
v -1.168628 -2.829867 -2.621108
v -1.472815 -2.846819 -2.231130
v -1.650007 -2.715846 -1.867576
v -1.916830 -2.540533 -1.658721
v -1.979620 -2.237839 -1.400498
v -1.281220 -2.861422 -2.731711
v -1.085200 -2.721599 -3.119708
v -2.218269 -1.863506 -1.311271
v -2.294554 -1.097355 -1.143712
v -2.190296 -0.823559 -0.975886
v -2.073780 -0.802622 -1.051681
v -2.353601 -0.785603 -0.995074
v -1.704235 -2.489743 -2.041340
v -1.931482 -2.467229 -1.844629
v -1.857604 -2.335426 -1.823521
v -2.018902 -2.059385 -1.644530
v -2.302831 -1.791041 -1.454815
v -1.950989 -1.920321 -1.500704
v -2.083965 -1.729621 -1.534118
v -2.208465 -1.655962 -1.538776
v -2.205285 -0.937905 -1.403029
v -2.428393 -0.903425 -1.402871
v -2.336156 -1.517091 -1.475930
v -2.487860 -0.954620 -1.241505
v -2.157652 -2.186728 -1.509952
v -2.139794 -0.692201 -1.232093
v -2.320757 -0.648275 -1.257123
v -2.441141 -0.677644 -1.168257
v -1.887544 -2.614070 -1.856819
v -1.602341 -2.796230 -2.262460
v -1.193047 -2.597285 -3.143193
v 0.564523 2.908165 -3.992870
v 0.938014 2.919722 -3.872351
v 1.172753 2.939507 -3.813282
v 1.476355 2.961579 -3.704355
v 2.634127 0.791361 -1.940790
v -1.410960 -2.752658 -2.098967
v 2.232387 -1.844844 -1.312513
v 1.977464 -1.935404 -1.318221
v 1.921898 -1.935408 -1.417243
v 1.192724 -2.596642 -3.142845
v 1.085842 -2.721579 -3.120024
v 1.979620 -2.237839 -1.400498
v 1.914382 -2.443485 -1.863741
v 1.593911 -2.738710 -2.348924
v 1.650007 -2.715846 -1.867577
v 2.293053 -1.097743 -1.143893
v 1.559709 -2.822933 -2.253640
v 2.338063 -1.510682 -1.474069
v 2.428482 -0.903855 -1.402753
v 2.320757 -0.648275 -1.257123
v 1.887496 -2.614108 -1.856333
v 1.753692 -2.439500 -1.578775
v 1.281065 -2.861276 -2.732795
v 1.472815 -2.846819 -2.231130
v 2.319393 -1.736280 -1.426993
v 2.157652 -2.186728 -1.509952
v 2.441300 -0.677711 -1.168058
v 1.916829 -2.540533 -1.658719
v 1.404693 -2.715070 -2.764133
v 2.487924 -0.953944 -1.239926
v 1.413679 -2.576085 -2.517343
v 1.556851 -2.565655 -2.254831
v 2.107012 -2.103474 -1.638194
v 1.766798 -2.320622 -1.778662
v 1.705498 -2.489284 -2.039891
v 2.028535 -1.741604 -1.513113
v 2.139792 -0.692201 -1.232092
v 1.916304 -2.049071 -1.600550
v 1.615819 -2.471773 -1.830992
v 2.205285 -0.937909 -1.403030
v 1.130283 -2.467655 -3.082300
v 1.410963 -2.752658 -2.098961
v 1.168625 -2.829867 -2.621111
v 2.209295 -1.656930 -1.539269
v 0.987708 -2.498922 -3.018623
v 1.343991 -2.601399 -2.336430
v 1.117332 -2.743099 -2.612802
v 1.251742 -2.678795 -2.363152
v -0.996094 0.463558 3.605757
v -1.271748 0.475078 3.500622
v -1.791231 0.478737 3.170852
v -1.881646 0.440677 3.025267
v -1.998062 0.474406 2.972393
v -2.271381 0.473121 2.622538
v -1.365802 0.437773 3.400768
v -1.536111 0.479605 3.356417
v -2.643918 0.501785 1.953014
v -2.239580 0.441223 2.576232
v -2.674849 0.583704 1.793532
v -2.721363 0.619336 1.825838
v -2.901494 1.430198 1.772154
v -2.601439 0.469553 1.920001
v -2.926588 1.819668 1.672703
v -2.961569 2.178517 1.564013
v -3.024549 2.345139 1.443731
v 0.959326 -2.656173 -3.041013
v -3.146226 2.468410 0.645301
v -2.982939 2.169033 1.634072
v -3.108972 2.418709 0.483756
v -2.987350 2.043338 -0.651450
v -2.988467 2.296615 1.428571
v -2.771912 0.885121 1.749981
v -3.101271 2.376965 -0.201761
v -2.908171 1.292127 -0.758094
v -3.034123 2.366076 1.191864
v -3.014050 2.204485 -0.513268
v -3.050168 2.321674 -0.251997
v -1.958467 3.909314 -2.925992
v -1.751022 3.565364 -3.254685
v -2.188665 3.679999 -2.748544
v -2.416651 3.771707 -2.354962
v -2.037463 3.326849 -3.055455
v 1.903080 0.445838 -3.038602
v 1.971894 2.697629 -3.524257
v -1.137453 4.830722 -1.622952
v 1.901906 3.339625 -3.446252
v -2.268642 3.198855 -2.775936
v -2.496701 3.347144 -2.318732
v 1.943668 2.638090 -3.493408
v 1.675471 2.732485 -3.680199
v 2.175116 2.601841 -3.260453
v 2.201443 2.662736 -3.296593
v 2.385475 2.582753 -2.924011
v 2.413840 2.643230 -2.968183
v 2.728143 3.093070 -2.088449
v 2.461119 4.385331 -2.206856
v 2.284714 4.594965 -2.232535
v 2.480189 4.398478 -2.275944
v 2.697720 2.681407 -2.054353
v 2.733144 2.732852 -2.132245
v 2.752923 3.147427 -2.163971
v 2.586844 2.662540 -2.589986
v 2.559450 2.606247 -2.525615
v 0.496936 4.004952 -3.761964
v 0.910266 3.543310 -3.810305
v 1.170706 3.917246 -3.653757
v 0.381577 3.523762 -3.879831
v 1.310457 3.500660 -3.713215
v 0.826517 2.788432 -3.892369
v 1.600228 3.428633 -3.610722
v 1.712683 3.810580 -3.427367
v 1.634808 2.683831 -3.659646
v 2.401508 3.237019 -2.906381
v 2.730011 3.499650 -2.202557
v 2.610886 3.278325 -2.519041
v 2.254987 4.657345 -2.316074
v 1.890057 4.403134 -2.964287
v 2.065980 4.555787 -2.664393
v 1.860792 4.968960 -2.395041
v 1.773170 4.760640 -2.753992
v 1.469760 4.912946 -2.829592
v 1.111479 5.353010 -2.433813
v 0.889072 5.439961 -2.468801
v 0.492073 5.092248 -3.066862
v 1.101002 4.938886 -3.011066
v 1.524220 4.527115 -3.137823
v 0.689100 5.692900 -2.119458
v 0.883138 5.538649 -2.294367
v 1.523546 5.153047 -2.423239
v 1.884162 4.933023 -2.320631
v 0.350446 5.767017 -2.093809
v 0.463812 5.419808 -2.644170
v 0.523257 4.739340 -3.390073
v 1.065699 4.650015 -3.293735
v 1.108925 4.291453 -3.505198
v 1.673978 4.173122 -3.274456
v 1.113017 5.339299 -2.360134
v 0.879476 5.517512 -2.221106
v 0.682270 5.666347 -2.040959
v -1.664021 4.617988 -1.222218
v -1.885650 4.541321 -0.595165
v -1.696772 4.738572 -0.591661
v -1.842114 4.427826 -1.231841
v -1.026924 4.545302 -2.218081
v -1.574466 4.460024 -1.750449
v -1.466367 4.771054 -1.244345
v -0.583022 4.477130 -2.539589
v -1.316161 4.624063 -1.831435
v -0.947493 4.727320 -2.006548
v -0.568618 4.671878 -2.320758
v -0.603961 4.825398 -2.066441
v -0.616220 4.954970 -1.791375
v -0.204170 4.800486 -2.254518
v -1.006567 4.995224 -1.307147
v -0.643864 5.146847 -1.165142
v -0.630883 5.060980 -1.490271
v -0.259525 5.062687 -1.690580
v -0.663914 5.258978 -0.447999
v -1.260262 4.968513 -0.958115
v -1.039310 5.124892 -0.617620
v -0.654522 5.213049 -0.817012
v -0.260656 5.244684 -1.019093
v -1.875167 4.594556 0.128501
v -1.691063 4.790092 0.134678
v -1.185807 5.107977 -0.229581
v -1.498923 4.895010 -0.577929
v -0.714870 5.279506 0.105437
v -0.269478 5.337923 -0.274370
v -1.284228 5.069533 0.158669
v -1.492838 4.947143 0.138771
v -1.592825 4.716964 1.213130
v -2.022226 4.349878 0.490516
v -1.490766 4.578643 1.788012
v -0.876485 5.083761 1.451648
v -0.659981 5.261231 0.752406
v -1.044192 5.161855 0.549246
v -0.403038 5.333454 0.318467
v -0.899713 5.150560 1.096222
v -0.379254 5.286178 0.980693
v -0.776493 4.736399 2.321122
v -1.177226 4.580149 2.210413
v -1.763960 4.535026 1.181419
v -1.740670 4.691650 0.690182
v -1.615961 4.191380 2.100523
v -1.445618 4.333706 2.198343
v -0.786579 4.548915 2.530081
v -1.447237 4.915233 0.882163
v -1.180055 4.405537 2.399335
v -1.794104 4.184412 1.770212
v -1.646566 4.408779 1.768119
v -0.999603 4.266169 2.641353
v -1.599688 3.968924 2.312452
v -1.750090 3.451994 2.408624
v -1.362709 4.133856 2.458803
v -0.814943 4.062856 2.850605
v -1.803170 3.748813 2.169768
v -1.611982 3.317691 2.608898
v -0.822194 2.185355 3.157504
v -0.417077 3.816722 3.047909
v -0.737671 3.776626 2.990066
v -0.799389 2.921133 3.147415
v -1.065985 3.717383 2.879247
v -0.649326 3.458557 3.103964
v -1.915619 3.778449 1.942366
v -1.270379 3.856814 2.700012
v -1.515829 3.760612 2.532151
v -1.105708 3.396506 2.953933
v -1.040933 2.897964 3.065561
v -0.544486 2.940559 3.201470
v -0.553344 2.186203 3.218824
v -2.121267 2.129951 2.181553
v -1.888191 -0.147634 1.852454
v -1.952523 1.497685 2.328867
v -1.951414 2.142059 2.418262
v -1.078716 2.181246 3.067699
v -0.362112 -0.168061 2.912338
v -0.441229 1.567993 3.180753
v -0.377783 0.377541 2.986960
v -1.443071 3.198417 2.790027
v -1.320995 2.174069 2.949605
v -1.270624 2.874941 2.955651
v -1.326250 1.576484 2.874905
v -0.830681 1.585083 3.091127
v -1.087489 1.584182 2.995951
v -0.858531 0.387171 2.860688
v -1.691651 2.833802 2.646328
v -0.823208 -0.165479 2.786480
v -1.576382 1.757325 2.745152
v -1.525266 2.499869 2.819174
v -1.245909 -0.160922 2.562067
v -1.298843 0.373678 2.629491
v -2.186654 2.808108 1.947167
v -1.979977 0.388469 1.889445
v -2.095540 -0.146511 1.424692
v -2.122580 1.481530 2.088481
v -3.007378 2.332238 -0.147320
v -2.821073 2.305139 -0.151453
v -2.748219 2.005386 -0.035426
v -2.928879 1.628617 -0.149997
v -3.153031 1.972613 0.047524
v -3.147425 1.970802 -0.074197
v -3.200138 1.530492 -0.074011
v -3.001729 2.452538 0.696548
v -1.995606 2.655272 -2.510376
v -1.644844 2.660975 -2.932580
v -3.027729 1.994517 0.269965
v -3.061946 2.374575 0.041419
v -2.933160 1.310131 0.916070
v -3.084001 0.744092 -0.048834
v -2.873033 2.834790 0.694697
v -2.897881 2.504209 1.195791
v -2.924687 1.760254 1.136279
v -2.703016 1.258165 1.639630
v -1.038847 4.356458 -2.419645
v -1.209694 2.689452 -3.218500
v -0.692744 2.723740 -3.415373
v -2.376677 0.569435 2.271215
v -2.188142 2.534971 2.622213
v -2.004596 2.929631 2.693874
v -2.659600 0.415230 1.651912
v -0.272952 2.742978 -3.488951
v -0.913357 2.957665 -3.216918
v -0.236919 3.599694 -3.170511
v -0.241207 4.291725 -2.786731
v -0.352857 4.008999 -2.955204
v -0.845450 3.926450 -2.845334
v -0.615868 3.666689 -3.062143
v -0.992337 3.498803 -2.990433
v -1.226354 3.458682 -2.882993
v -1.802852 2.880356 -2.620442
v -2.580605 1.304753 0.789072
v -2.549789 2.854112 0.635160
v -2.496010 0.897943 0.822443
v -2.499449 1.518534 1.253856
v -2.585348 0.843619 0.199202
v -2.778148 1.548170 -0.056511
v -2.402779 2.112444 1.612564
v -2.621939 1.648006 0.804160
v -2.312983 2.812765 1.648509
v -2.512765 2.108238 1.286414
v -2.392154 1.516649 1.560647
v -1.998422 3.994522 1.500255
v -2.602250 2.331500 0.825385
v -1.985662 4.215233 1.163484
v -2.183171 4.060669 0.474749
v -2.182812 3.480737 1.561028
v -2.700926 1.545504 0.199191
v -2.417799 2.823333 1.323329
v -2.706655 2.308047 -0.046065
v -2.476377 3.296471 0.315288
v -2.042418 4.251495 -0.944505
v -2.061105 4.336223 -0.249711
v -2.648886 2.655768 -0.139571
v -2.209304 3.706673 1.194161
v -3.057754 2.359074 -0.083219
v -2.954076 2.905319 -0.487600
v -2.866678 2.900563 -0.893859
v -3.011624 2.667676 -0.198198
v -2.756885 2.873910 -1.440601
v -1.800621 2.830151 -3.321678
v -2.427427 2.718699 -1.327955
v -2.236865 2.813491 -2.874130
v -2.480182 2.831457 -2.238901
v -2.336496 2.644453 -2.592593
v -2.560144 2.647299 -1.326872
v -2.499522 2.721320 -2.202091
v -2.714037 2.683126 -1.468527
v -2.906319 2.713138 -0.551849
v -2.719784 2.671043 -0.522569
v -2.583789 2.759968 -0.491156
v -2.952675 2.782202 -0.531482
v 0.473553 0.127356 3.600409
v 0.493602 0.304288 3.586854
v 0.692385 -0.845768 3.364467
v 0.444548 -0.678883 3.485127
v -0.436782 2.910823 -3.873908
v 0.627206 0.366414 3.491412
v -2.675496 2.600552 -1.533476
v -2.524348 1.255382 -1.807827
v -2.762964 2.754736 -1.455229
v 2.503604 2.534475 2.099956
v 2.873033 2.834790 0.694697
v 2.897881 2.504209 1.195791
v 2.736573 2.520439 1.636492
v 2.752194 2.890482 1.241291
v 2.486987 1.302391 2.097667
v 2.300514 1.749076 2.481860
v 2.188143 2.534971 2.622213
v 2.004596 2.929631 2.693873
v 0.354697 -0.817016 3.034832
v 2.555734 2.912321 1.753725
v 2.376678 0.569435 2.271215
v 2.309035 1.313106 2.404222
v 2.440176 0.432328 2.127929
v 2.184151 0.569689 2.538743
v 2.064010 0.431919 2.650608
v 3.034844 2.796301 -0.070457
v 2.896405 2.752053 0.260757
v 3.001729 2.452538 0.696548
v 2.924688 1.760254 1.136276
v 1.866408 0.570102 2.872310
v 1.590776 0.432099 3.057312
v 1.353135 0.569965 3.221247
v 2.555964 0.367327 1.956327
v 2.285351 0.366055 2.421389
v 1.974178 0.366643 2.777047
v 1.591448 0.367507 3.090478
v 1.237567 -0.846815 3.151725
v 2.248882 0.047777 2.569420
v 2.147236 0.301889 2.694341
v 2.524100 0.305948 2.160159
v 0.779663 0.569314 3.445223
v 1.022101 -0.679726 3.325624
v 1.059250 -0.279475 3.392200
v 1.556283 -0.681199 3.038812
v 1.730286 -0.848025 2.814914
v 2.065980 -0.848926 2.455651
v 1.084039 0.128382 3.435554
v 1.610991 -0.278912 3.098839
v 2.028211 0.048858 2.816363
v 2.011147 -0.674945 2.640300
v 2.562650 1.745513 2.033653
v 1.495975 -0.868799 2.922522
v 0.836250 -0.815055 2.904517
v 1.045752 0.431831 3.340018
v 1.049100 0.367023 3.369331
v 1.096912 0.307409 3.420881
v 2.729910 0.109553 1.722828
v 1.647601 0.127923 3.138964
v 0.461494 -0.283297 3.555033
v 1.668323 0.304905 3.116167
v 2.524092 0.142627 2.172597
v 2.778437 1.766149 1.565661
v 2.475390 -0.263424 2.138862
v 1.280404 -0.812097 2.668477
v 2.383154 -0.691909 2.109962
v 2.012088 2.645755 -3.104216
v 2.179858 2.630993 -2.892681
v 2.036048 2.818293 -3.113762
v 2.039729 2.707330 -3.128681
v 1.691747 2.717268 -3.423756
v 1.533086 2.846677 -3.497913
v 2.336550 2.644432 -2.592340
v 2.240296 2.703362 -2.887316
v 1.800620 2.830151 -3.321679
v 1.104748 2.754665 -3.723654
v 2.236864 2.813491 -2.874131
v -0.000000 2.919484 -3.901079
v 0.436781 2.910823 -3.873908
v 0.504353 2.719605 -3.849426
v 0.485217 2.784330 -3.887691
v 1.669107 2.652723 -3.387074
v 1.113713 2.874236 -3.700078
v 2.738524 -0.277180 1.370023
v 2.703017 1.258165 1.639629
v 2.634023 -0.678700 1.417858
v 2.766917 0.219564 1.413588
v 2.549041 -0.225222 1.250761
v 2.623580 0.565108 1.813135
v 2.320328 -0.840369 1.530083
v 2.303555 -0.631323 1.265555
v 2.662327 0.414863 1.646966
v 3.598805 -0.028464 1.399057
v 2.178077 -0.787510 1.457496
v 2.113046 -0.373056 2.646061
v 2.770718 -0.255246 2.049975
v 0.817217 -0.441094 3.423712
v 2.862645 0.447311 0.920783
v 1.197296 -0.440218 3.276092
v 3.022724 1.688248 0.655162
v 2.783740 0.389929 0.956717
v 3.816831 0.090648 1.024836
v -3.663114 1.579626 -0.514768
v 3.014242 1.079022 0.279212
v 2.572255 0.419369 0.888608
v 2.491768 0.250369 1.129603
v 2.668873 0.261605 1.206861
v 2.908589 0.578055 0.885618
v 2.630219 0.402162 0.554437
v 2.777064 0.576073 1.390999
v 2.933160 1.310131 0.916068
v 2.653412 -0.605338 1.548513
v 2.338528 -0.851755 2.040539
v 1.277049 -0.856345 2.891956
v 2.471632 -0.859078 1.612471
v 2.948900 0.331767 0.269576
v 2.756664 0.381613 1.309563
v 2.839553 0.354556 0.592749
v 1.666183 -0.809089 2.329209
v 2.035424 -0.869579 2.413946
v 2.739185 -0.277564 1.516334
v 2.530566 -0.831932 1.628863
v 1.958779 -0.854976 2.219315
v 2.725610 0.293152 1.721870
v 1.951645 -0.811980 1.933966
v -3.474945 2.203826 -0.487467
v -3.652730 1.830996 -0.474814
v 3.256341 -0.139564 1.706866
v 1.576456 -0.426808 3.057962
v 0.413076 -0.440109 3.517118
v 2.568698 -0.314752 2.245615
v -3.316305 2.416506 -0.265646
v -3.325329 1.350039 -0.706501
v -3.414311 2.009997 -0.616062
v -3.114961 0.457833 -0.914604
v 2.677170 -1.184465 -1.452634
v 2.964293 0.822958 -1.634557
v 2.677615 -1.265700 -0.905786
v 3.197091 2.082766 1.654061
v 3.219640 2.280151 1.527493
v 3.232716 2.398903 1.298819
v 2.845805 -0.546750 1.626971
v 2.767332 -1.004688 0.704304
v 2.676786 -1.297522 -1.263880
v 3.623356 -0.110454 1.317983
v 3.737317 -0.023766 1.097976
v 3.656545 -0.323055 1.020696
v 3.395615 0.469049 1.648739
v 3.346523 1.709756 1.692398
v 3.498795 1.543669 1.640331
v 3.510685 0.238782 1.550410
v 3.284817 1.288460 1.723109
v 2.768777 -1.191871 -1.479377
v 3.296754 -0.653641 1.085371
v 3.215004 -0.624063 1.383324
v 3.055913 -0.512779 1.607166
v 2.817528 -0.761399 1.475580
v 2.754857 -1.298857 -1.218966
v 3.064313 -0.597398 -0.689964
v 2.947931 -0.744397 -0.783268
v 2.977258 -0.550810 -0.877158
v 2.800956 -1.225900 -1.132938
v 3.114960 0.457833 -0.914605
v 2.830997 -0.997849 0.668160
v 3.424049 -0.278891 -0.569093
v 3.084224 -0.449743 -0.743819
v 3.227280 0.626441 -0.768126
v 2.980586 -0.726873 1.448195
v 2.965047 -0.801383 1.123086
v 3.040126 -0.739382 -0.091193
v 2.913698 0.385694 -1.856276
v 2.914340 -0.854121 1.192561
v 3.064298 0.771359 -1.672370
v 3.251859 -0.686531 0.568544
v 3.347562 -0.591390 -0.127435
v 3.293657 -0.560226 -0.428895
v 3.054590 -0.679234 -0.527396
v 2.757766 -0.902862 1.152965
v 2.949907 -0.794974 -0.529088
v 3.067501 1.461657 -1.237641
v 3.087880 -0.217295 1.670804
v 3.307375 -0.435983 1.491503
v 3.180775 1.222395 -1.218494
v 3.158629 2.096489 -0.736458
v 3.567852 -0.437247 -0.098672
v 3.488188 -0.475232 1.202452
v 3.560002 -0.468106 0.996711
v 3.222136 2.409676 -0.367899
v 3.502328 2.279750 -0.293182
v 3.293483 1.771044 -0.824893
v 3.317069 2.416815 -0.261274
v 3.810191 1.855162 -0.151637
v 3.150628 1.306989 -1.317806
v 3.489751 2.190191 -0.480838
v 3.314966 2.157760 -0.643948
v 3.418633 2.012650 -0.611121
v 3.636091 1.854185 -0.485218
v 3.824797 1.707562 -0.300504
v 3.330483 1.386318 -0.703020
v 3.663845 1.422375 -0.539883
v 2.887137 -0.815314 -1.190136
v 3.580631 -0.327586 1.229000
v 3.567312 0.574550 -0.621603
v 3.810196 1.313715 -0.428649
v 2.827108 -1.083820 -1.357453
v 3.458936 -0.140545 1.488124
v 3.200315 0.473747 1.719685
v 3.453689 -0.060027 -0.607634
v 3.705256 0.514640 -0.516146
v 3.052643 0.530774 -1.720374
v 2.697641 -1.215252 -1.485754
v 3.276707 -0.176322 1.599740
v 2.999048 0.399600 -1.846065
v 2.965742 0.175676 -1.825949
v 2.898493 0.177628 -1.842839
v 3.432732 -0.594260 0.522560
v -0.955779 -0.115444 -4.670781
v -1.198828 -0.014365 -4.270924
v -1.574106 -0.269553 -4.049661
v -0.203460 -0.194155 -5.129440
v -0.217874 0.123730 -5.016491
v -0.526319 0.017691 -4.912851
v -0.922655 0.065939 -4.633849
v -0.333905 -1.491210 -5.077479
v -0.494408 -0.304200 -5.058492
v -0.274316 -0.583946 -5.157097
v -1.193698 -0.521073 -4.531784
v -0.773169 -0.597769 -4.929773
v -0.547968 -0.806807 -5.089104
v -0.460108 -1.051797 -5.111134
v -1.444824 -1.163661 -4.162321
v -0.802465 -0.995738 -4.889964
v -0.609045 -1.218089 -5.041705
v -0.457154 -1.260192 -5.097412
v -1.189606 -2.101896 -4.041174
v -1.385511 -1.806850 -3.876195
v -1.296217 -1.413146 -4.255144
v -0.965914 -1.180084 -4.668276
v -0.494615 -1.446441 -5.032532
v -0.633035 -1.380059 -4.956498
v -0.698672 -2.371337 -3.822073
v -0.000000 -1.790541 -5.041511
v -1.156072 -1.970710 -4.209344
v -1.246652 -1.679044 -4.266972
v -0.946641 -1.590958 -4.507740
v -0.650076 -1.530017 -4.823967
v -0.341060 -1.761093 -4.986659
v -0.494921 -1.660706 -4.925888
v -0.401841 4.127865 2.927626
v -0.606055 -1.828158 -4.597053
v -0.942189 -2.191493 -4.029029
v -0.859655 -1.807134 -4.391825
v -0.354910 -1.983953 -4.851140
v -0.000000 -2.042220 -4.936266
v -0.490331 -1.865050 -4.772511
v -0.283032 -2.638533 -4.095837
v -0.392513 -2.608158 -3.850301
v -0.000000 -2.795362 -3.865174
v -0.637017 -2.159082 -4.182848
v -0.909490 0.176477 -4.367360
v -0.471190 -2.239058 -4.381054
v -0.358728 -2.255229 -4.615754
v -0.000594 -2.687002 -4.250137
v -0.332145 -2.496444 -4.315850
v -0.000000 -2.365036 -4.699779
v -0.878825 -0.048895 -4.542097
v -0.104119 1.240733 -4.224419
v -0.401351 0.626203 -4.278151
v -0.000000 1.287646 -4.278968
v -0.000000 1.088564 -4.492616
v -0.099365 1.053182 -4.447503
v -0.484143 0.547230 -4.238843
v -1.410746 -0.270575 -4.034836
v -1.131713 -0.067187 -4.172867
v -0.946881 0.448391 -3.983925
v -0.929747 0.273087 -4.262034
v -1.168876 0.257645 -3.767020
v -1.689377 -0.710772 -3.815650
v -1.563384 -0.467534 -3.960676
v -1.618531 -0.211971 -3.663171
v -1.474098 0.101125 -3.409773
v -1.748430 -0.073212 -3.245552
v -1.748492 0.177053 -3.016970
v -1.978082 -0.112198 -2.845092
v -1.771437 -0.146186 -3.191604
v 2.451193 1.091288 -3.571311
v 2.732277 1.489599 -3.577306
v 2.692426 2.258200 -3.732722
v 2.309324 2.451299 -3.746496
v 2.344006 0.872028 -3.560702
v 2.318501 0.589825 -3.537286
v 0.811873 2.417066 -4.077000
v 1.378677 0.667610 -3.786808
v 2.163901 2.549341 -3.745000
v 1.974826 2.606890 -3.805570
v 1.973098 2.595249 -3.843964
v 1.661110 2.601737 -3.886056
v 1.300691 2.546479 -3.971550
v 1.843319 0.504543 -3.636543
v 2.102121 0.494062 -3.567188
v 2.097453 0.508072 -3.584884
v 0.396442 -0.737308 -5.011753
v 0.561559 -1.023655 -4.940980
v 0.555448 -1.211614 -4.928553
v 0.672765 -0.984552 -4.521701
v 0.584283 -0.758399 -4.927100
v 0.743943 -0.906917 -4.788768
v 0.859370 -0.929498 -4.661212
v 0.866651 -0.745432 -4.673810
v 1.184555 -1.467578 -4.159874
v -0.744130 -1.112968 -4.516530
v -0.859371 -0.929498 -4.661212
v -0.672766 -0.984552 -4.521701
v -0.998765 -1.077290 -4.483029
v -1.195370 -0.561169 -4.359564
v -0.866651 -0.745432 -4.673810
v -0.827198 -0.226457 -4.651967
v -0.699221 -0.662732 -4.835806
v -0.743943 -0.906917 -4.788768
v -0.855878 -1.316152 -4.543489
v -1.191187 -1.471863 -4.152583
v -1.302867 -0.424063 -4.246660
v -1.071292 -0.236375 -4.390288
v -0.874425 -1.539229 -4.422357
v 1.009931 -1.614402 -4.252924
v 0.855878 -1.316152 -4.543489
v 1.102459 -1.142241 -4.354674
v 0.559537 -1.485327 -4.754606
v 0.411187 -1.466113 -4.910802
v 0.317705 -1.824587 -4.801212
v 0.018012 -0.691434 -5.067143
v 0.958416 -1.030740 -4.540834
v 0.234912 -0.662273 -5.050454
v 0.744129 -1.112968 -4.516530
v 0.440506 -2.761278 -3.186760
v 0.423386 -1.221494 -4.990294
v 0.550566 -1.561284 -4.699792
v -0.000232 -1.923667 -4.861008
v 0.559534 -1.339759 -4.865703
v 0.548816 -2.082124 -4.132667
v 0.288011 -2.186449 -4.537883
v 1.164828 -1.580397 -4.204855
v -0.000000 -1.482148 -4.980103
v 0.131165 -2.691909 -3.724240
v 1.071589 -1.905576 -4.130739
v 0.879305 -2.083158 -3.990520
v 0.638644 -2.574913 -3.446478
v 0.761360 -2.578689 -3.384983
v 0.522781 -1.786673 -4.504837
v 0.238346 -2.452530 -4.213223
v 0.203162 -2.592570 -3.909566
v 0.704227 -1.890038 -4.215667
v 0.385398 -2.184484 -4.300270
v -0.000000 -2.643911 -3.975069
v 0.000002 -2.550726 -4.226745
v -0.000000 -2.266507 -4.614757
v 0.668685 -2.224700 -3.814054
v 0.482814 -2.547764 -3.558912
v 1.044213 -2.250944 -3.720905
v 1.115954 -2.035790 -3.957920
v 0.926100 -2.383103 -3.579802
v 0.988696 -2.531170 -3.174554
v 0.715820 -2.701919 -2.868712
v 0.219256 -2.722768 -3.440067
v 0.322240 -2.522550 -3.798520
v 0.966306 -2.172634 -3.871036
v 1.545945 -2.193279 -2.542712
v 1.293959 -2.371925 -2.286970
v 1.591115 -2.133627 -2.735434
v 1.290818 -2.366631 -2.924998
v 1.054340 -2.565308 -2.563627
v 1.197733 -2.234564 -3.472266
v 1.600852 -2.125687 -2.085088
v 1.269691 -1.592702 -3.946666
v 1.251988 -1.962566 -3.745263
v 1.592115 -1.939305 -3.143443
v 1.620271 -2.027596 -2.958314
v 1.837465 -1.878222 -2.507303
v 1.346791 -1.138732 -4.092459
v 1.535783 -0.858201 -3.980432
v 2.010601 -1.602582 -2.603396
v 1.537030 -1.789998 -3.382292
v 1.992394 -1.665993 -2.422617
v 2.068893 -1.469159 -1.764969
v 2.112267 -1.369315 -2.567649
v 1.866221 -1.642745 -2.897035
v 2.125924 -1.427811 -2.450336
v 2.192743 -1.245414 -2.248202
v 1.709004 -0.950251 -3.701873
v 1.928530 -1.390173 -2.932754
v 1.689377 -0.710772 -3.815651
v 2.250885 -1.069601 -2.245765
v 2.046714 -1.090767 -2.862107
v 2.217771 -1.063071 -2.436174
v 2.248441 -1.130713 -1.661602
v 1.828658 -0.602409 -3.517050
v 1.882962 -0.846390 -3.378297
v 2.000810 -0.844020 -3.051579
v 2.316105 -0.865536 -2.003972
v 2.294647 -0.691667 -2.196047
v 2.374524 -0.272699 -1.634108
v 2.346095 -0.753906 -1.600659
v 2.078403 -0.496615 -2.855120
v 2.308357 -0.330536 -2.226411
v 2.368038 -0.225990 -2.042509
v 2.351305 0.105305 -2.099147
v 2.312745 -0.072306 -2.229281
v 1.943485 -0.541906 -3.198223
v 2.023525 -0.265710 -2.849142
v 2.298693 0.090122 -2.235864
v 2.322232 0.281165 -2.092140
v 1.696064 -0.084364 -3.334391
v 1.671817 0.151914 -3.142839
v 2.243909 0.202445 -2.291804
v 1.952772 -0.038531 -2.839002
v 1.985400 -0.139639 -2.846092
v 1.799908 -0.236667 -3.123773
v 1.202307 -0.685709 -4.347106
v 1.617849 -0.211512 -3.663856
v 1.281828 -0.398545 -4.256285
v 1.428549 -0.275745 -4.014684
v 1.474097 0.101125 -3.409773
v 1.733342 -0.356029 -3.607942
v 1.563383 -0.467534 -3.960677
v 1.418666 -0.574571 -4.171927
v 1.137289 -0.063536 -4.159726
v 0.899400 -0.399187 -4.635613
v 1.071292 -0.236375 -4.390288
v 1.168875 0.257645 -3.767020
v 0.154124 -0.170502 -5.013165
v 0.896426 -0.106465 -4.552107
v 0.448725 -0.283172 -4.944432
v 0.909490 0.176477 -4.367360
v 0.929746 0.273087 -4.262034
v 0.946880 0.448391 -3.983925
v 0.477187 0.539452 -4.260878
v 0.419299 0.784894 -4.017814
v 0.104118 1.240733 -4.224419
v 0.540255 0.170356 -4.711630
v 0.422134 0.027996 -4.821388
v 0.492163 0.350947 -4.470949
v 0.391557 0.265498 -4.768070
v 0.318754 0.495885 -4.572479
v 0.372176 0.624601 -4.344785
v 0.099364 1.053182 -4.447503
v -0.000000 0.777863 -4.733094
v 1.102299 -2.362946 -3.770049
v 1.025208 -2.287886 -3.910876
v 1.443933 -0.164360 -4.122087
v 1.584297 -0.297816 -4.052058
v 1.705060 -0.480965 -3.976095
v 1.548776 -0.678374 -4.194728
v 1.871603 -0.364194 -3.611674
v 2.273377 -0.154860 -2.600495
v 1.425175 -1.205260 -4.169736
v 1.627069 -0.903688 -4.047390
v 1.800698 -0.725693 -3.859916
v 1.945357 -0.621268 -3.555823
v 2.197819 -0.482730 -2.882621
v 2.213435 -1.426835 -2.617907
v 1.995452 -0.865278 -3.417213
v 2.193554 -0.832103 -2.867013
v 2.246393 -1.057976 -2.730752
v 1.497988 -1.741374 -3.725500
v 2.334785 -1.075450 -2.470926
v 1.196717 -2.160451 -3.937129
v 2.046832 -1.603016 -2.851635
v 2.034398 -1.104202 -3.192457
v 1.811905 -0.984752 -3.752747
v 2.224167 -1.490884 -2.533048
v 1.693028 -1.990591 -3.189427
v 1.837981 -1.801393 -3.107724
v 1.230882 -2.306107 -3.647006
v 1.981076 -1.822438 -2.758025
v 1.385617 -2.454024 -2.909853
v 1.637374 -2.274506 -2.538738
v 1.694082 -2.202846 -2.123287
v 1.681909 -2.148005 -2.060461
v 1.056906 -2.634035 -3.190063
v 1.946519 -1.902572 -1.987206
v 1.933308 -1.955097 -2.519906
v 1.688846 -2.208203 -2.756404
v 1.675780 -2.141926 -2.995000
v 2.200017 -1.567559 -2.390965
v 1.391634 -2.451896 -2.322708
v 1.144054 -2.648817 -2.604270
v 0.762453 -2.724324 -3.374013
v 0.797191 -2.793818 -2.915199
v 1.341622 -2.430809 -2.285414
v 0.912763 -2.581651 -3.535611
v -2.208865 -0.459965 -3.345153
v 1.094727 -2.627764 -2.566385
v 0.160668 -2.753125 -3.742987
v -0.000000 -2.763314 -3.804557
v -2.238312 -0.063386 -3.250408
v 0.249406 -2.785073 -3.460210
v 1.169833 -1.995686 -4.174349
v 0.942188 -2.191493 -4.029029
v -1.610123 -0.114138 -4.163281
v -2.113735 -0.413978 -3.764764
v -2.059704 0.037017 -3.512706
v 0.610160 -1.785288 -4.640112
v 0.314631 -2.525984 -4.286627
v 1.305243 -1.410525 -4.245314
v -1.981618 -0.322729 -3.956634
v -2.053485 -0.350008 -3.855980
v -1.788649 0.071025 -3.746949
v -2.299343 -0.222894 -3.010246
v 0.371853 -2.014319 -4.817350
v 0.557657 -2.222047 -4.214280
v -1.689767 -0.004932 -4.026391
v 0.695206 -2.682943 -3.482320
v 0.508720 -2.660754 -3.610677
v 0.637017 -2.159082 -4.182848
v 0.305406 -2.801328 -3.497280
v 0.541460 -2.847716 -3.214837
v 0.748694 -2.769890 -2.878299
v 0.469780 -2.826375 -3.204521
v 1.246652 -1.679044 -4.266972
v 0.698671 -2.371337 -3.822073
v 0.196579 -2.777129 -3.803275
v 0.357314 -2.260766 -4.612234
v 0.883974 -1.761251 -4.420445
v 0.382956 -2.632399 -3.820239
v 0.263083 -2.669888 -4.027450
v 0.791168 -1.928899 -4.307062
v -2.106537 -1.048898 -3.668817
v 0.656146 -1.458674 -4.869093
v 0.946641 -1.590958 -4.507740
v 2.483107 -0.562075 -1.646598
v -2.180030 -0.050243 -3.199276
v -1.066328 -0.250765 -4.647663
v -1.106891 -0.254115 -4.679361
v 2.388557 -0.917745 -1.617424
v -2.001135 0.051399 -3.456369
v -2.179493 -0.811672 -3.610687
v -1.559067 0.002170 -4.040425
v -2.335675 -0.702632 -2.881941
v -1.619467 0.002316 -4.056748
v -2.180063 -0.657871 -3.635498
v -2.156893 -0.513943 -3.690418
v -2.220944 -0.641641 -3.586591
v -2.358010 -0.241987 -3.058830
v -2.354236 -0.447423 -2.899097
v -2.408437 -0.457788 -2.954645
v -2.389503 -0.702916 -2.930469
v -2.175869 -0.442012 -3.680653
v -2.037294 -0.297403 -3.889970
v -2.060382 -0.126768 -3.591250
v -1.905165 -0.334817 -4.056879
v -1.850810 0.055959 -3.796931
v -1.768152 -0.468577 -4.217886
v -1.904572 -0.305564 -4.065561
v -1.831609 -0.385076 -4.146900
v -2.208040 -0.865712 -3.567172
v 2.465487 0.168879 -1.718961
v -2.153687 -0.940304 -3.623811
v 2.431813 -0.933053 -1.665103
v 2.362716 -1.164913 -1.703129
v 2.110197 -1.646833 -1.858443
v 2.450049 -0.275820 -1.637414
v 2.473160 -0.598240 -2.010777
v 2.386796 -1.062987 -2.142872
v 2.288980 -1.342074 -2.286884
v 2.413675 -0.697642 -2.222178
v 2.511399 0.126188 -1.767276
v 2.477325 0.064254 -2.123800
v 2.437125 -0.281778 -2.233764
v 2.452460 0.400460 -1.943814
v 2.493207 0.287260 -1.813983
v 2.385552 0.431660 -1.928267
v 2.336874 0.445041 -2.163452
v -1.174969 -1.664470 -4.270624
v -1.778793 -0.404949 -4.217816
v -1.721001 -0.577183 -4.262890
v -1.821204 -1.167479 -4.030720
v -1.656664 -0.876167 -4.302288
v -1.476867 -1.259103 -4.186094
v -1.893072 -1.194754 -3.930067
v -1.760955 -1.103513 -4.121937
v -1.840720 -1.220434 -3.999398
v -2.099202 -1.113114 -3.671540
v -2.078746 -1.203887 -3.388902
v -1.962519 -1.392885 -3.398568
v -1.973378 -1.212111 -3.822801
v -1.413675 -1.098694 -4.299880
v -1.969525 -1.182662 -3.829825
v -2.214352 -0.795141 -3.279227
v -2.164044 -1.018469 -3.308831
v -2.148794 -1.210554 -3.174938
v -1.216632 -1.674104 -4.300857
v 1.175256 -1.664808 -4.270363
v -2.043080 -1.132411 -3.739802
v -2.095989 -1.201450 -3.121282
v -1.659136 -1.518384 -3.656637
v -1.511633 -0.299673 -4.300077
v -1.424778 -0.497500 -4.381116
v -1.594329 -1.389101 -4.008328
v -1.710945 -1.463380 -3.806293
v -2.302791 -0.967112 -3.002996
v -1.739065 -1.509460 -3.645918
v 1.831608 -0.385076 -4.146901
v -1.702188 -1.075709 -4.208814
v -2.249062 -0.961304 -2.955554
v -1.256875 -1.660681 -4.298282
v 1.905164 -0.334817 -4.056880
v 1.473238 -0.388965 -4.348924
v 1.778853 -0.404845 -4.217763
v 1.768151 -0.468577 -4.217886
v -1.717796 -1.003532 -4.196284
v -1.219975 -1.101903 -4.457102
v -1.375907 -0.811484 -4.397434
v -1.670056 -0.652464 -4.322161
v 1.981617 -0.322729 -3.956635
v -1.694627 -0.859612 -4.251203
v -1.695197 -0.705820 -4.276011
v -1.145086 -0.259293 -4.676729
v 1.721000 -0.577183 -4.262890
v 1.109388 -0.254871 -4.681453
v 1.619806 -0.135200 -4.168743
v 1.067331 -0.253018 -4.648387
v 1.370777 -0.711452 -4.408216
v 1.670086 -0.652414 -4.322126
v 2.053485 -0.350008 -3.855981
v -1.899604 -1.392543 -3.355225
v -1.799018 -1.481063 -3.634815
v 1.142108 -0.265902 -4.676652
v 2.335676 -0.702632 -2.881942
v 1.676665 -1.510686 -3.632230
v 1.821203 -1.167479 -4.030720
v 1.215138 -1.673611 -4.299466
v 2.249129 -0.961112 -2.955506
v 1.250720 -1.664128 -4.299085
v 2.096101 -1.201283 -3.121167
v 1.710934 -1.463360 -3.806331
v 1.840762 -1.220459 -3.999336
v 1.544602 -1.348863 -4.088638
v 2.043079 -1.132411 -3.739803
v 2.106537 -1.048898 -3.668818
v 1.902525 -1.389405 -3.349578
v 1.893071 -1.194754 -3.930067
v 1.760955 -1.103513 -4.121938
v 1.702187 -1.075709 -4.208815
v 2.153687 -0.940304 -3.623812
v 2.153751 -1.209040 -3.179555
v 1.735261 -1.511183 -3.650104
v 1.850448 0.055688 -3.797565
v 1.904417 -0.305614 -4.065761
v 2.099139 -1.113147 -3.671610
v 2.180062 -0.657871 -3.635499
v 2.005545 -0.094174 -3.673182
v 2.225504 -0.678424 -3.286794
v 2.358008 -0.242078 -3.058785
v 1.788797 0.071063 -3.746868
v 1.973236 -1.212169 -3.822981
v 1.960714 -1.395705 -3.408806
v 2.179492 -0.811672 -3.610688
v 2.175869 -0.442012 -3.680654
v 1.969524 -1.182662 -3.829825
v 1.694626 -0.859612 -4.251204
v 1.695196 -0.705820 -4.276012
v 1.799283 -1.481868 -3.633431
v 2.037323 -0.297424 -3.889927
v 1.544276 -0.005007 -4.061894
v 2.113734 -0.413978 -3.764765
v 2.208034 -0.865728 -3.567185
v 2.220943 -0.641637 -3.586558
v 2.392843 -0.702307 -2.935681
v 2.408692 -0.458251 -2.954949
v 2.059326 0.037138 -3.513039
v 0.727263 -0.123129 -5.066857
v 2.156892 -0.513943 -3.690418
v 2.134843 -1.107544 -3.328534
v 1.619891 0.002716 -4.055888
v 2.306777 -0.967066 -3.008413
v 2.156958 -0.279713 -3.442761
v 0.727848 -0.146983 -5.179155
v -0.667469 -0.473947 -5.120867
v -0.728353 -0.458760 -5.123150
v 1.691449 -0.006183 -4.026044
v 2.238234 -0.063248 -3.250495
v 0.729353 -0.446631 -5.007493
v 1.391822 -1.030389 -4.337303
v 1.219240 -1.110652 -4.454475
v 1.717795 -1.003532 -4.196285
v 1.656637 -0.876217 -4.302280
v 2.180057 -0.050114 -3.199498
v 2.299394 -0.222836 -3.010349
v -0.638467 -0.448963 -5.124708
v 2.001052 0.051499 -3.456743
v 0.728352 -0.458760 -5.123149
v 0.662268 -0.475608 -5.118124
v 0.423425 -0.158482 -5.137935
v 0.430314 0.185689 -5.237435
v 0.418777 0.225310 -5.202821
v 0.699958 -0.445446 -5.125213
v 0.699545 -0.171666 -5.174737
v 0.431082 -0.158786 -5.176526
v 0.691981 -0.173306 -5.132211
v 0.691286 -0.423954 -5.086699
v -0.727187 -0.123288 -5.066507
v -0.727617 -0.454717 -5.006937
v 0.000006 -2.683448 -3.923889
v -0.521696 -2.489785 -4.321766
v -0.009304 -2.482512 -4.306305
v -0.521406 -2.696695 -3.928108
v 0.001359 -2.761220 -2.395761
v 0.436001 -1.943536 -5.727551
v 0.010047 -1.943953 -5.732754
v 0.519290 -1.823435 -5.744421
v -0.014193 -1.816626 -5.754529
v 0.438799 -2.863675 -4.413248
v 0.439014 -2.491742 -4.971774
v 0.516202 -1.641176 -5.622103
v -0.284215 -0.803077 -5.608369
v -0.126031 -0.698456 -5.623122
v -0.153845 -0.932811 -5.685343
v 0.303966 -0.923177 -5.631794
v -0.121581 -0.705966 -5.661129
v 0.317308 -0.969360 -5.586305
v -0.232772 -0.367724 -5.705908
v -0.282153 -0.809444 -5.646948
v -0.371365 -0.951949 -5.588620
v -0.389235 -1.121404 -5.565965
v -0.702664 -1.296646 -5.542832
v -0.738253 -1.071566 -5.572719
v 0.104708 -1.396152 -5.568944
v -0.278344 -0.947481 -5.659475
v -0.195204 -0.863371 -5.690676
v 0.060686 -0.805618 -5.702384
v 0.242387 -1.243983 -5.644348
v -0.000008 -0.867230 -5.693946
v -0.130440 -1.337647 -5.631686
v 0.153843 -0.932811 -5.685343
v 0.208765 -0.890337 -5.691143
v 0.218168 -1.083849 -5.665138
v 0.281375 -1.039702 -5.671268
v -0.064148 -0.786512 -5.692607
v 0.130070 -1.261281 -5.641458
v 0.052789 -1.362481 -5.628397
v -0.039819 -1.293976 -5.637350
v -1.300758 2.546495 -3.971534
v -0.812510 2.417233 -4.076900
v -2.387650 2.334679 -3.650960
v -2.382522 2.351535 -3.710014
v -2.550170 1.758347 -3.650292
v -2.163902 2.549341 -3.745000
v -2.459996 1.908601 -3.596446
v -2.451159 1.091288 -3.571284
v -2.344172 1.100901 -3.443073
v -2.682975 1.244104 -3.558467
v -2.559238 1.534206 -3.626225
v -2.494718 0.752888 -3.517857
v -1.661364 2.601758 -3.885991
v -2.601075 0.969331 -3.530490
v -2.732208 1.489190 -3.577284
v -2.460072 2.335317 -3.726179
v -2.309329 2.451333 -3.746541
v -1.975031 2.606827 -3.805546
v -2.295384 2.466946 -3.695781
v -2.692595 2.257015 -3.732518
v -2.632455 2.463658 -3.783204
v -2.519890 2.614946 -3.840820
v -2.740225 1.930764 -3.652829
v -2.536938 1.808015 -3.612088
v -2.153902 2.793005 -3.968100
v -2.346540 2.727841 -3.906136
v -2.734416 1.832602 -3.650613
v 0.132257 -1.219646 -5.624016
v 0.191128 -1.110844 -5.638469
v -0.169877 -1.169015 -5.629839
v 0.027790 -1.268846 -5.616570
v 0.155814 -0.962831 -5.659047
v 0.034920 -0.892127 -5.667708
v -1.405825 0.903388 -3.650685
v -0.055977 -0.898740 -5.666892
v -0.212186 -1.050571 -5.669710
v -0.281367 -1.039702 -5.671277
v -0.191129 -1.050825 -5.646449
v -2.270143 0.925626 -3.488070
v -0.820351 1.348650 -3.926926
v -1.173689 1.046135 -3.781823
v -1.421111 0.904389 -3.688793
v -1.805395 0.765288 -3.525464
v -2.457174 1.926075 -3.557911
v -2.518199 1.383188 -3.594478
v -2.496701 1.363896 -3.545222
v -2.483834 1.775266 -3.593973
v -2.434223 1.407434 -3.516602
v -2.427641 1.395455 -3.473338
v -2.349957 1.084099 -3.495696
v -0.182765 -1.204538 -5.649040
v -0.133982 -0.943742 -5.661509
v -0.087912 -1.252081 -5.621469
v -0.252330 -1.240770 -5.640162
v -1.166389 1.041984 -3.741010
v -2.451731 1.393832 -3.535927
v -1.990208 0.756292 -3.475215
v -1.415534 0.893816 -3.716794
v -1.816691 0.765096 -3.564442
v -1.812628 0.750163 -3.589167
v -0.730986 1.357625 -4.006859
v -1.181710 1.027139 -3.802366
v -2.324100 0.891371 -3.506540
v -2.021432 0.692176 -3.551905
v -2.151543 0.814396 -3.499627
v -2.018111 0.743500 -3.533283
v -1.835831 0.688801 -3.650132
v -1.816184 0.701501 -3.606935
v -1.405086 0.846210 -3.738124
v -1.428326 0.830251 -3.780688
v -2.042834 0.682538 -3.594307
v -2.344028 0.872087 -3.560694
v -2.053991 0.665891 -3.605584
v -2.192377 0.765534 -3.519039
v -2.318236 0.589712 -3.537369
v -1.823743 0.672291 -3.667633
v -0.626246 1.569967 -4.017786
v -0.566559 1.661533 -4.066583
v -2.006437 0.758053 -3.512524
v -0.748726 1.400712 -3.913036
v -0.772638 1.377973 -3.972399
v -0.527352 1.632347 -4.109067
v -0.392651 2.157359 -4.234715
v -0.701620 1.395910 -4.072575
v -0.427449 2.040617 -4.166967
v -1.405592 0.675345 -3.794416
v -0.545504 1.607025 -4.149938
v -0.549146 1.668308 -4.013575
v -0.500693 2.237943 -4.166411
v -0.812811 2.398999 -4.116317
v -2.352132 2.489080 -3.780507
v -0.567566 1.541415 -4.150221
v -0.813754 2.446651 -4.177875
v -0.817817 2.407720 -4.142851
v -1.151301 0.993130 -3.833020
v -0.386206 1.992990 -4.208898
v -0.469320 1.885369 -4.129551
v -0.433632 2.145585 -4.182607
v -1.376074 0.669262 -3.788154
v -0.476010 2.268856 -4.233465
v -0.495289 2.238477 -4.196147
v -1.318946 2.580120 -4.068460
v -1.314681 2.532476 -4.022750
v -2.181318 2.533286 -3.794697
v -1.973211 2.595249 -3.843958
v -1.670629 2.587334 -3.937757
v -1.680779 2.635441 -3.982647
v -1.984325 2.600493 -3.868829
v -2.011698 2.640302 -3.896835
v -2.006968 2.638349 -3.947629
v -2.231851 2.575685 -3.889275
v -2.207926 2.579707 -3.834484
v -2.376517 2.483072 -3.834860
v -1.411780 0.821698 -3.800673
v -1.166092 0.973520 -3.887070
v -1.080403 0.848751 -3.907124
v -0.806088 1.278914 -4.036382
v -0.463104 1.462629 -4.181226
v -0.738464 1.141586 -4.049589
v -0.548256 1.323562 -4.119980
v -2.097526 0.508068 -3.584854
v -1.844144 0.520819 -3.653272
v -1.841707 0.505010 -3.637208
v -2.208927 0.745903 -3.573086
v -2.101316 0.493999 -3.567505
v -0.412023 2.013255 -4.111120
v -0.378466 1.561184 -4.207082
v 2.682930 1.243858 -3.558435
v 2.740197 1.931474 -3.652926
v 2.632408 2.463808 -3.783255
v 2.376520 2.483084 -3.834879
v 1.314534 2.532447 -4.022782
v 1.670625 2.587330 -3.937737
v 1.984361 2.600493 -3.868819
v 2.181274 2.533273 -3.794657
v 0.820105 2.438845 -4.224520
v 2.154310 2.792892 -3.967978
v 2.346723 2.727737 -3.906051
v 2.207926 2.579707 -3.834484
v 2.011674 2.640281 -3.896827
v 1.973813 2.811692 -4.020459
v 2.232054 2.575622 -3.889223
v 2.006882 2.638374 -3.947675
v 1.675149 2.628928 -4.034772
v 2.021288 2.648463 -3.963141
v 1.719023 2.809982 -4.074917
v 0.658215 2.559596 -4.309798
v 0.739621 2.574617 -4.304962
v 0.348128 2.386979 -4.363249
v 0.485976 2.266194 -4.293447
v 2.352131 2.489080 -3.780507
v 0.813475 2.446564 -4.177918
v 1.318929 2.580112 -4.068466
v 1.325026 2.741376 -4.177549
v 0.216714 2.039145 -4.343897
v 0.918295 2.650032 -4.257169
v 0.232643 2.217799 -4.370149
v 0.399589 2.152936 -4.295338
v 0.364703 2.373919 -4.369065
v 0.567613 1.541340 -4.150221
v 0.390645 2.015909 -4.273589
v 0.275955 1.815412 -4.290339
v -2.346201 1.037749 2.662882
v -2.327331 3.667845 2.524689
v -2.554962 1.102124 2.385389
v -2.367992 1.800208 2.721342
v -2.204518 3.321855 2.803955
v -2.319254 2.499139 2.775153
v -2.487180 2.872028 2.498682
v -0.647242 1.849187 3.720905
v -2.803918 1.364380 2.037170
v -2.603389 1.937461 2.427118
v 0.004229 1.013278 3.773699
v -2.127830 1.251668 2.933073
v -0.690781 0.554648 3.686897
v -2.862006 1.693943 1.967423
v -2.885492 2.260733 1.900170
v -2.758667 2.053948 2.170830
v -2.690774 2.873305 2.142736
v -2.483230 3.690409 2.232683
v -2.673044 0.684787 2.022729
v -1.889790 1.400078 3.146725
v -3.078450 2.619302 1.131745
v -2.948463 2.529522 1.682506
v -2.944632 2.976353 1.450420
v -2.893738 3.414305 1.267244
v -2.731427 3.340889 1.867732
v -2.579147 3.870900 1.871665
v -2.400177 4.197647 2.014008
v -2.199383 4.133201 2.477327
v -2.283638 4.534817 1.858283
v 2.354274 -0.447386 -2.899137
v -2.720476 3.920192 1.335602
v -2.561710 4.311097 1.316534
v -3.135964 2.647340 0.671085
v -2.984114 3.425467 0.680985
v -2.386594 4.635783 1.318687
v 1.759247 -0.736616 -3.810178
v -1.759248 -0.736616 -3.810178
v 1.433291 0.894597 -3.678552
v -1.617195 1.502438 3.332159
v -1.305763 1.624720 3.494934
v -0.953868 1.715710 3.631551
v -0.668252 2.663416 3.751810
v -1.539413 2.638433 3.432282
v -1.257513 2.648997 3.576278
v -0.349738 0.591540 3.739525
v -1.817596 2.595082 3.244798
v -1.742767 3.360900 3.265008
v -1.496340 3.377756 3.435253
v -1.228130 3.400612 3.568320
v -1.181370 3.953128 3.466663
v -0.916881 3.591984 3.640541
v -2.109866 2.213606 2.999576
v -2.023487 2.978114 3.054549
v -0.003353 2.602571 3.820242
v 0.174844 3.641150 3.726059
v -1.577318 3.876470 3.278685
v 0.970850 0.854609 -3.470278
v 0.273153 1.538094 -3.771764
v -0.343556 2.602918 3.801075
v 1.345273 0.642029 -3.311689
v 1.244646 0.705102 -3.368818
v 0.414842 1.339558 -3.721616
v 1.395646 0.508652 -3.209815
v -0.615863 1.137388 -3.632370
v 0.554948 1.208589 -3.640960
v 1.485390 0.354339 -3.085225
v 2.284995 0.912550 -3.463226
v 2.054134 0.738906 -3.495934
v 2.172933 0.795158 -3.474107
v 2.360330 1.083678 -3.472040
v 1.781286 0.907456 -3.594746
v 1.984880 0.729477 -3.511991
v 1.784676 0.761320 -3.566542
v 1.477893 1.005439 -3.690091
v 1.325629 0.945791 -3.717141
v 1.089881 1.105679 -3.807845
v 1.602200 1.312989 -3.710815
v 0.863660 1.301177 -3.901548
v 2.415447 1.275367 -3.491050
v 1.680656 1.649303 -3.747571
v 0.582270 1.621470 -4.032048
v 2.454391 1.463143 -3.513798
v 2.472310 1.652337 -3.542899
v 1.758844 1.827700 -3.757943
v 1.071127 1.999624 -3.965966
v 0.458808 1.890351 -4.109681
v 2.484278 1.837980 -3.578972
v 1.773625 1.976147 -3.784069
v 1.006083 2.147254 -4.010229
v 0.413193 2.158315 -4.163538
v 0.412227 2.048190 -4.147044
v 2.488375 1.995556 -3.614992
v 1.595905 2.125967 -3.860797
v 1.022881 2.222873 -4.021358
v 0.558374 2.300929 -4.150996
v 0.467748 2.237647 -4.162657
v 2.469404 2.166555 -3.651810
v 1.144338 2.288549 -4.001884
v 0.666819 2.367632 -4.133001
v 1.648702 2.400226 -3.890728
v 0.759723 2.417829 -4.116531
v 2.419287 2.341321 -3.688726
v 2.334692 2.469929 -3.726634
v 1.615869 2.493427 -3.912905
v 1.043788 2.513580 -4.061285
v 2.202193 2.564774 -3.775086
v 1.783219 2.577717 -3.884109
v 1.381629 2.587250 -3.988231
v 1.913047 2.633446 -3.859849
v 1.726476 2.643281 -3.906334
v 1.554426 2.628640 -3.948100
v 2.049834 2.613782 -3.822975
v -2.202214 2.564753 -3.775139
v -1.913048 2.633446 -3.859849
v -2.049835 2.613782 -3.822975
v -1.783053 2.577279 -3.884098
v -1.726476 2.643281 -3.906333
v -1.554426 2.628640 -3.948099
v -1.381625 2.587250 -3.988237
v -1.565698 2.472574 -3.922205
v -1.043789 2.513580 -4.061285
v -2.334693 2.469929 -3.726634
v -2.419272 2.341325 -3.688670
v -1.385218 2.397385 -3.956519
v -0.759724 2.417829 -4.116531
v -1.308700 2.286084 -3.960236
v -0.666819 2.367632 -4.133001
v -0.558114 2.300808 -4.150905
v -2.469377 2.166572 -3.651697
v -1.704523 2.108489 -3.830534
v -1.253900 2.179485 -3.955747
v -1.006193 2.147170 -4.010183
v -0.467749 2.237647 -4.162657
v -0.893381 2.047594 -4.020175
v -0.413194 2.158315 -4.163538
v -0.412232 2.048182 -4.147057
v -2.488376 1.995556 -3.614991
v -1.773474 1.976193 -3.784117
v -1.758914 1.827670 -3.757913
v -1.297253 1.675906 -3.852791
v -0.458804 1.890355 -4.109670
v -2.484279 1.837980 -3.578972
v -2.472310 1.652337 -3.542899
v -1.901625 1.551241 -3.673094
v 0.150698 3.204070 3.788103
v -1.935085 3.676569 3.029764
v -0.503457 3.181427 3.765562
v -2.119312 3.804109 2.768740
v -1.123555 0.751340 -3.431307
v -0.951465 3.016670 3.687629
v -0.512863 3.614923 3.710662
v -0.417485 1.335858 -3.713878
v -1.735605 1.223363 -3.660408
v -0.582270 1.621470 -4.032048
v -2.454392 1.463143 -3.513798
v -2.415448 1.275359 -3.491055
v -2.360328 1.083682 -3.472021
v -2.285027 0.912529 -3.463343
v -1.445209 1.002480 -3.697933
v -0.863660 1.301177 -3.901548
v -1.901562 0.859061 -3.555163
v -1.784677 0.761320 -3.566541
v -1.433292 0.894597 -3.678552
v -1.325590 0.945824 -3.716957
v -1.089895 1.105666 -3.807850
v -2.172934 0.795158 -3.474107
v -2.054160 0.738885 -3.496043
v -1.984880 0.729477 -3.511990
v -0.742819 4.388172 3.438540
v -0.190522 4.445333 3.473969
v -1.763892 4.169484 3.011843
v -0.197306 4.057002 3.623130
v -0.471324 4.763785 3.272530
v 0.179110 4.792041 3.275241
v -2.143334 4.444382 2.306409
v -2.016969 4.234614 2.694095
v -1.284713 4.282604 3.294026
v -0.779350 4.003141 3.579564
v -0.858586 4.706683 3.220684
v -1.473962 4.798658 2.813280
v -0.990816 4.965772 2.962353
v -1.256120 4.607958 3.120140
v -1.716247 4.448333 2.888928
v 2.208940 0.745899 -3.573092
v 2.042820 0.682555 -3.594294
v 2.021384 0.692172 -3.551901
v 1.835675 0.688792 -3.650215
v 2.053931 0.665911 -3.605579
v 2.151495 0.814371 -3.499638
v 2.018102 0.743500 -3.533281
v 1.815975 0.701556 -3.606962
v 1.428185 0.830284 -3.780752
v 1.823544 0.672437 -3.667604
v 2.006403 0.758028 -3.512562
v 1.816691 0.765092 -3.564462
v 1.812421 0.750247 -3.589183
v 1.405071 0.846156 -3.738233
v 1.166079 0.973529 -3.887075
v 1.410878 0.821994 -3.801060
v 1.990174 0.756284 -3.475226
v 1.805302 0.765334 -3.525497
v 1.421053 0.904447 -3.688772
v 1.414978 0.894021 -3.717061
v 1.181711 1.027139 -3.802363
v 1.151326 0.993109 -3.833026
v 1.405723 0.903471 -3.650757
v 1.166526 1.041871 -3.740944
v 1.173740 1.046094 -3.781810
v 0.748920 1.400504 -3.912937
v 0.820518 1.348504 -3.926836
v 0.772660 1.377944 -3.972388
v 0.626350 1.569825 -4.017711
v 0.566429 1.661812 -4.066617
v 0.549191 1.668158 -4.013505
v 0.412148 2.012901 -4.111064
v 0.469196 1.885678 -4.129647
v 0.414852 2.156650 -4.132101
v 0.427500 2.040630 -4.166876
v 0.433728 2.145760 -4.182500
v 0.500580 2.237847 -4.166371
v 0.495142 2.238348 -4.196121
v 0.392650 2.157359 -4.234715
v 0.386223 1.993024 -4.208893
v 0.812466 2.398887 -4.116456
v 0.817751 2.407682 -4.142843
v 0.475733 2.268560 -4.233668
v 0.436141 1.844130 -4.231943
v 0.527373 1.632343 -4.109067
v 0.545502 1.606988 -4.149968
v 0.701576 1.395939 -4.072607
v 0.730961 1.357654 -4.006867
v 0.805995 1.279001 -4.036425
v 0.738441 1.141598 -4.049594
v 1.079615 0.849394 -3.907468
v 1.406056 0.675395 -3.794512
v 1.844055 0.520836 -3.653299
v 0.463072 1.462621 -4.181210
v 0.547982 1.323904 -4.120127
v 0.378304 1.561580 -4.207237
v 2.344172 1.100901 -3.443073
v 2.349982 1.084283 -3.495689
v 2.434214 1.407334 -3.516594
v -3.203125 3.255281 -0.518579
v 2.427657 1.395522 -3.473341
v 2.192377 0.765534 -3.519040
v 2.270101 0.925630 -3.488028
v -3.196547 2.842597 -0.591392
v 2.460576 1.652433 -3.551813
v 2.459991 1.908622 -3.596441
v 2.457174 1.926095 -3.557909
v 2.451715 1.393703 -3.535917
v 2.483835 1.775274 -3.593971
v 2.496657 1.363716 -3.545204
v 2.536932 1.808110 -3.612084
v 2.431825 2.187137 -3.669471
v 2.412174 1.068983 -3.515227
v 2.518181 1.383097 -3.594468
v 2.550175 1.758230 -3.650277
v 2.055393 0.102789 -2.666308
v 2.382534 2.351464 -3.709950
v 2.460100 2.335334 -3.726321
v 2.324099 0.891371 -3.506541
v 1.124672 0.750685 -3.430947
v 3.206051 2.838984 -0.600798
v 1.831949 0.100783 -2.885266
v 0.204736 2.242863 -4.192310
v 1.626112 0.226119 -2.998825
v 0.615868 1.137388 -3.632365
v 0.945477 0.860192 -3.497507
v 2.360955 0.347722 -2.290796
v 2.968918 1.734060 -1.318571
v -0.554954 1.208589 -3.640957
v -1.240437 0.706370 -3.369835
v -0.945820 0.874344 -3.479974
v -1.345274 0.642029 -3.311689
v -0.303767 -1.128964 -5.639471
v 1.233345 0.010619 -4.355116
v 1.322135 0.234777 -4.257678
v 1.441216 0.325767 -4.114775
v 1.569838 0.325337 -3.953857
v 1.231428 -0.172976 -4.346802
v 1.283141 -0.358828 -4.271557
v 1.414495 -0.486723 -4.101564
v 1.575018 -0.470909 -3.899880
v 1.704265 -0.303599 -3.751549
v 1.751932 -0.062564 -3.705302
v 1.702249 0.182819 -3.782475
v 1.338659 0.459765 -4.326010
v 1.454281 0.531809 -4.186687
v 1.576216 0.546132 -4.035338
v 1.695585 0.498843 -3.882685
v 1.798735 0.392186 -3.749357
v 1.872643 0.242383 -3.649009
v 1.913809 0.060036 -3.586364
v 1.916604 -0.139034 -3.572198
v 1.881159 -0.327573 -3.605132
v 1.811962 -0.493098 -3.681209
v 1.713986 -0.620183 -3.795749
v 1.597519 -0.694534 -3.936383
v 1.473961 -0.708857 -4.089354
v 1.353326 -0.661510 -4.240983
v 1.252869 -0.555996 -4.373895
v 1.177420 -0.405525 -4.476455
v 1.135627 -0.220833 -4.538091
v 1.134140 -0.023715 -4.552947
v 1.169532 0.167093 -4.519451
v 1.240149 0.333744 -4.441278
v -2.267823 -1.042451 -2.129041
v -2.297410 -0.669295 -2.192207
v -2.275168 -0.966302 -2.203361
v -2.181049 -1.279986 -2.253912
v -1.877187 -0.869796 -3.390438
v -2.353234 -0.574892 -2.000257
v -2.302102 -0.335926 -2.238977
v -2.047183 -0.988570 -2.912292
v -2.110971 -1.378040 -2.565564
v -2.218497 -1.061469 -2.433887
v -2.359146 0.026085 -2.098388
v -2.312746 -0.072306 -2.229280
v -1.943485 -0.541906 -3.198223
v -1.828658 -0.602409 -3.517049
v -2.322233 0.281165 -2.092140
v -2.023525 -0.265710 -2.849142
v -0.555449 -1.211614 -4.928553
v -2.247438 0.207323 -2.282225
v -1.799909 -0.236667 -3.123773
v -1.733342 -0.356029 -3.607942
v -0.287979 -2.186983 -4.537313
v -0.542625 0.183958 -4.704839
v -0.238346 -2.452526 -4.213224
v -1.980162 -1.686375 -2.415381
v -0.317705 -1.824587 -4.801212
v -0.424263 -1.423547 -4.920611
v -0.559534 -1.339759 -4.865703
v -0.272802 -0.667080 -5.042006
v -0.561560 -1.023655 -4.940980
v -0.472949 -0.811221 -4.988348
v -0.371910 0.043280 -4.839780
v -0.391558 0.265498 -4.768070
v -0.445759 -0.272678 -4.945220
v -0.105981 0.697421 -4.735394
v -0.474877 0.389729 -4.442401
v -0.301286 0.546241 -4.554781
v -0.484879 -2.134762 -4.152630
v -0.548817 -2.082124 -4.132667
v -0.203162 -2.592570 -3.909566
v -0.308074 -2.543416 -3.778158
v -0.466768 -2.561628 -3.550519
v -0.770366 -2.292384 -3.722601
v -1.044214 -2.250944 -3.720905
v -0.668685 -2.224700 -3.814054
v -0.577951 -2.588289 -3.460332
v -0.741195 -2.589967 -3.388953
v -0.931092 -2.362992 -3.609056
v -1.205121 -2.224963 -3.479502
v -1.564964 -1.763675 -3.354646
v -0.941034 -2.572526 -3.109083
v -1.096619 -2.446706 -3.209803
v -1.582978 -2.060862 -2.980220
v -1.618397 -1.915348 -3.118331
v -1.790480 -1.721543 -2.977895
v -1.708705 -0.946354 -3.702075
v -0.715820 -2.701919 -2.868712
v -1.054341 -2.565308 -2.563627
v -1.237754 -2.420170 -2.840229
v -1.541336 -2.195406 -2.666283
v -1.810529 -1.910541 -2.540860
v -1.866005 -1.772529 -2.743495
v -1.293959 -2.371925 -2.286970
v -2.107035 -1.453943 -2.506736
v -1.935310 -1.557512 -2.818177
v -2.113078 -1.458741 -2.322886
v 3.621053 0.924408 1.561885
v 3.678004 1.504908 1.509656
v 3.817726 1.299033 1.374254
v 3.847566 0.648062 1.158906
v 3.713450 0.454825 1.405654
v 3.156116 1.779897 1.712190
v 3.391047 1.996345 1.632877
v 3.600230 1.844673 1.521746
v 3.823753 1.676807 1.274217
v 3.913059 1.577494 1.086150
v 3.920807 1.306964 1.128947
v 3.906606 0.650007 0.804288
v 3.569959 2.044498 1.434392
v 3.820482 1.811857 1.080282
v 3.881222 1.794947 0.684714
v 3.951119 1.627232 0.676812
v 3.964160 1.311817 0.836354
v 3.431147 2.292250 1.279993
v 3.581976 2.147446 1.221367
v 3.607454 2.210552 0.738616
v 3.781627 1.967710 0.694119
v 3.838031 1.878523 0.137402
v 3.954365 1.569191 0.046865
v 3.240417 2.464676 0.953787
v 3.438280 2.356692 0.925764
v 3.586243 2.239954 0.047906
v 3.917666 1.551525 -0.186762
v 3.931264 0.858836 -0.004086
v 3.981782 1.305696 0.430137
v 3.415165 2.406797 0.492490
v 3.872432 0.893662 -0.300329
v 3.603271 -0.146674 -0.472197
v 3.234909 2.505940 0.164044
v 3.900139 0.486159 0.371579
v 3.413210 2.402058 0.045077
v 3.678822 -0.291466 -0.081500
v 3.681776 -0.343186 0.580711
v 3.781561 0.029957 -0.095969
v 3.766706 -0.093790 0.325979
v 3.787355 0.002232 0.755058
v 3.732908 0.032511 -0.343751
v 3.634224 -0.295058 -0.299862
v 2.982933 0.766640 -1.698549
v 3.482516 -0.353450 -0.465166
v 3.573541 -0.491225 0.512305
v 2.780169 -0.764024 1.421671
v 3.204173 2.411462 1.201132
v 3.180002 2.233057 1.530048
v 2.774055 -0.656119 -0.700798
v 3.186023 2.383528 -0.362050
v 3.412672 2.179435 1.510465
v 3.211666 2.489889 0.297844
v -3.180777 1.222399 -1.218488
v -3.292506 1.762449 -0.825520
v -3.154047 1.331994 -1.302565
v -3.310000 2.157701 -0.645050
v 0.000474 5.827941 -1.219947
v -0.924205 5.775245 1.012272
v -0.466366 5.060350 3.028005
v 0.000341 5.622154 -1.970156
v -0.621972 5.897285 0.095775
v -0.623817 5.844576 1.001483
v -0.617536 5.841268 -0.761633
v -0.287025 5.618670 -1.935569
v -1.521006 5.592038 0.536485
v 0.171788 5.089073 3.025889
v -1.998757 4.686848 2.286054
v -2.132702 4.856453 1.686018
v -1.469055 5.021343 2.563783
v -1.830312 4.684486 2.559864
v -0.983788 5.200065 2.689699
v -0.466417 5.302525 2.734459
v 0.168768 5.524025 2.381454
v 0.168903 5.331192 2.726438
v -1.974801 5.150560 1.343468
v -1.645600 5.168092 2.093824
v -1.865416 4.998354 2.038626
v -1.272574 5.300097 2.307546
v -0.861685 5.426096 2.369280
v -0.454955 5.493388 2.402200
v -1.794641 5.429434 0.526653
v -1.731648 5.348578 1.365980
v -0.744594 5.593920 2.036870
v -1.304803 5.431767 1.959167
v -0.161396 5.675385 1.996538
v -1.470810 5.504115 1.392124
v -1.193677 5.624232 1.415534
v -0.753453 5.703214 1.647604
v -0.154155 5.790528 1.580162
v -0.151225 5.873144 1.147509
v 0.000737 5.937140 -0.392460
v -0.148735 5.949264 0.260711
v -0.149939 5.925591 0.705820
v -0.302488 5.925686 -0.351395
v -0.296047 5.820518 -1.181745
v -0.604303 5.690784 -1.540510
v -2.932262 3.556832 -0.692012
v -2.800796 3.472681 -1.454345
v -2.611250 3.778286 -1.846583
v -2.340821 4.240476 -2.088986
v -2.584365 4.181750 -1.459830
v -2.770009 3.912994 -1.090879
v -2.852930 3.965190 -0.304023
v -2.979950 3.575453 0.086904
v -2.123224 4.667509 -1.995098
v -2.434110 4.503917 -1.424222
v -2.681059 4.308969 -0.691775
v -2.610797 4.531788 -0.116119
v -2.683345 4.333431 0.494426
v -2.840350 3.958944 0.493198
v -1.921610 4.904756 -1.977461
v -2.275727 4.873271 -1.079873
v -2.506059 4.639721 -0.693149
v -2.312180 4.963857 -0.301627
v -2.291642 4.980175 0.315365
v -2.497341 4.674360 0.500232
v -1.690533 5.043936 -2.084177
v -1.760619 5.244121 -1.445041
v -2.047174 5.118291 -1.078719
v -1.451807 5.276356 -1.897886
v -1.511062 5.486349 -1.096926
v -1.809551 5.378795 -0.708558
v -2.074810 5.213675 -0.301916
v -2.050259 5.224473 0.516497
v -2.244124 4.957957 0.903881
v -1.089388 5.444200 -1.891323
v -1.211644 5.614690 -1.113572
v -1.254379 5.707753 -0.298953
v -1.544001 5.579162 -0.284670
v -1.809753 5.429059 -0.095451
v -0.590046 5.523107 -2.050430
v -0.896732 5.629823 -1.497958
v -0.931262 5.769462 -0.746300
v -0.948357 5.823268 0.119011
v -3.150256 2.618726 0.323863
v -1.239101 5.714108 0.566181
v -0.150040 -1.343923 -5.536521
v 0.278342 -0.947477 -5.659475
v 0.044576 -1.382871 -5.604330
v -0.134434 -1.356657 -5.605083
v -0.821251 -1.043015 -5.357984
v -0.482720 -0.384409 -5.445537
v -0.253781 -0.268769 -5.460910
v -0.781057 -0.791453 -5.391426
v -0.000000 -0.228931 -5.466207
v -0.781056 -1.294581 -5.324540
v -0.664406 -1.521530 -5.294370
v -0.482720 -1.701629 -5.270429
v -0.387451 3.000123 -3.351269
v -0.632415 3.328189 -3.190375
v -3.022724 1.688248 0.655163
v -3.155214 1.648477 -0.130475
v -3.034844 2.796301 -0.070457
v -2.736573 2.520439 1.636492
v -2.562648 1.745513 2.033657
v -2.555734 2.912321 1.753723
v -2.503603 2.534475 2.099956
v -2.300513 1.749076 2.481860
v -2.309035 1.313106 2.404222
v -2.439687 0.432332 2.128787
v -3.072813 3.152321 0.074956
v 2.860688 3.483971 -1.197248
v 2.675984 3.439999 -1.862928
v -3.134347 2.609656 -0.054213
v -2.857198 2.989475 -1.472858
v -3.006948 3.133328 -0.698644
v -2.636211 3.415349 -1.967589
v -2.686711 2.936996 -1.949079
v -2.947105 2.718942 -1.173902
v -3.096554 2.602229 -0.378312
v -2.783450 1.594575 -1.630677
v -2.852168 2.296076 -1.501695
v -2.611562 1.678597 -2.168921
v -2.977871 2.208320 -0.945552
v -2.758280 1.279306 -1.603949
v -2.889843 1.286499 -0.990145
v -2.611105 1.244918 -1.954236
v -2.828094 1.240491 -1.075071
v 2.383337 4.636876 1.328390
v 2.932436 1.704991 -0.977315
v 2.559323 4.313204 1.321047
v 2.781795 1.631308 -1.650529
v 3.136342 2.602425 -0.037478
v 3.031158 2.559321 -0.780264
v 3.073242 2.539331 -0.499587
v 2.875017 2.608788 -1.444854
v 2.624649 1.753178 -2.145880
v 3.000926 3.437132 -0.315107
v 3.024793 3.386977 0.218350
v 2.912363 3.112696 -1.213617
v 3.041327 2.958612 -0.610393
v 2.720605 3.024606 -1.854625
v 2.856205 3.965720 -0.123208
v 2.825692 3.927022 -0.726144
v 2.495990 4.676263 0.506360
v 0.304785 5.925766 -0.347447
v 2.685149 4.331453 0.491168
v 1.520775 5.513548 -0.908982
v 0.932910 5.769433 -0.743046
v 1.214458 5.614272 -1.110220
v 0.615005 5.868008 0.755856
v 2.708713 4.321269 -0.320809
v 2.635575 4.259548 -1.104319
v 2.704168 3.816463 -1.506332
v 2.557793 3.769291 -1.991366
v 2.241780 4.960110 0.905670
v 2.308630 4.976194 0.093217
v 2.518797 4.678361 -0.100843
v 2.509476 4.630292 -0.712193
v 2.492706 4.084227 -1.877313
v 2.433105 4.498351 -1.436223
v 2.050259 5.224473 0.516496
v 2.074807 5.213675 -0.301926
v 2.303364 4.925780 -0.708379
v 2.238460 4.788924 -1.447191
v 2.151330 4.506028 -2.184927
v 1.809571 5.378778 -0.708586
v 2.047163 5.118304 -1.078727
v 1.921524 4.900751 -1.986884
v 1.760631 5.244121 -1.445014
v 1.595647 5.121922 -2.067464
v 0.428685 5.549885 -2.069448
v 0.294655 5.735032 -1.553497
v 0.606550 5.691335 -1.536714
v 1.483210 5.413317 -1.445622
v 1.093455 5.441075 -1.896340
v 0.492427 5.858228 -0.818559
v 0.899273 5.629739 -1.495645
v 0.625824 5.896635 0.102677
v 0.949504 5.822906 0.122012
v 1.927592 4.591665 2.517773
v 1.238695 4.893186 2.896190
v 0.712720 5.028632 3.005645
v 2.143332 4.444386 2.306408
v 0.707171 5.266534 2.721032
v 1.223821 5.129699 2.630402
v 1.695949 4.889974 2.485352
v 0.304255 5.927939 0.540421
v 1.809753 5.429059 -0.095451
v 1.255118 5.707528 -0.297314
v 1.544185 5.579112 -0.283936
v 1.239393 5.713933 0.566873
v 0.925730 5.774444 1.014795
v 0.458155 5.836248 1.222914
v 1.521012 5.592034 0.536482
v 1.794639 5.429434 0.526644
v 1.193656 5.624232 1.415561
v 1.470816 5.504110 1.392141
v 0.459014 5.752076 1.643467
v 0.892760 5.675793 1.606507
v 1.974802 5.150560 1.343477
v 1.421223 5.371877 1.944011
v 1.731644 5.348578 1.365998
v 1.032902 5.530033 1.993123
v 0.463936 5.638196 2.040699
v 2.166529 4.878216 1.510168
v 1.645608 5.168092 2.093815
v 1.863522 4.999393 2.039756
v 1.272570 5.300092 2.307557
v 0.736180 5.446733 2.401849
v 2.283639 4.534817 1.858282
v 1.662846 4.702298 2.728602
v 2.061581 4.783667 2.015718
v 1.606966 1.448569 3.336771
v 2.121841 1.205840 2.933498
v 2.037421 2.942745 3.044962
v 1.559499 2.598353 3.419847
v 1.494547 3.387999 3.435525
v 1.567030 3.886834 3.282399
v 1.755401 4.178763 3.015147
v 2.001423 4.252776 2.702947
v 1.294748 1.614535 3.498860
v 1.261741 2.669983 3.575326
v 1.219666 3.415194 3.569990
v 1.048207 3.972934 3.516136
v 1.274476 4.291729 3.294439
v 1.707265 4.454520 2.892606
v 0.969254 1.661053 3.625012
v 0.827049 2.768021 3.722878
v 0.803759 3.210008 3.715283
v 0.791971 3.610684 3.670220
v 0.495490 4.034935 3.612063
v 0.874464 4.369543 3.409123
v 0.623070 1.691344 3.721773
v 0.314229 2.645851 3.803529
v 0.480888 4.419377 3.467072
v 0.369173 0.565258 3.734595
v 0.719644 4.734805 3.246341
v 1.251651 4.613782 3.118302
v 2.199384 4.133201 2.477326
v 2.237736 3.738704 2.638541
v 1.934701 3.677896 3.030946
v 1.745590 3.358622 3.264321
v 1.836496 2.502068 3.231529
v 2.195950 3.323357 2.814184
v 2.134932 2.106532 2.974820
v -1.635935 -0.398770 -4.121513
v -2.149706 -0.403714 -3.734135
v -1.892224 -0.280055 -3.798478
v -1.756256 -0.463103 -4.251536
v -1.698604 -0.589988 -4.305068
v -1.534951 -0.640565 -4.216369
v -1.670082 -0.735481 -4.321722
v -1.673983 -0.874749 -4.302504
v 3.092757 2.624488 1.038600
v 3.001105 2.568621 1.502387
v 2.846952 3.373396 1.491245
v 2.934210 3.391049 1.081643
v 2.993735 3.399419 0.658493
v 3.137062 2.635787 0.669239
v 3.150408 2.619152 0.291937
v 2.880617 2.266236 1.909555
v 2.828814 2.983317 1.805976
v 2.611952 3.731711 1.910957
v 2.719903 3.917876 1.342802
v 2.845558 3.949815 0.478686
v 2.862350 1.703106 1.966689
v 2.746555 1.748450 2.190775
v 2.634221 2.258588 2.364843
v 2.676585 2.948048 2.147495
v 2.477584 3.694815 2.239485
v 2.400179 4.197639 2.014011
v 2.790598 1.221569 2.011875
v 2.553327 1.076422 2.380006
v 2.585607 1.771010 2.442671
v 2.380468 1.792197 2.706928
v 2.325141 2.486126 2.767717
v 2.457314 2.960198 2.525937
v 2.675945 0.686473 2.017923
v -1.830183 -0.368554 -4.169488
v 2.335318 1.029329 2.675172
v -1.767898 -0.291462 -3.962858
v -1.912646 -0.311493 -4.065836
v -2.083486 -0.331879 -3.835699
v -2.002105 -0.299815 -3.950979
v 1.365989 4.676392 2.686626
v 0.918613 4.831365 2.825069
v 0.901470 5.054914 2.569621
v 1.609772 5.186959 1.329047
v 0.440791 5.311086 2.313567
v 1.727695 4.863120 1.966883
v 0.440190 4.647594 3.108326
v 0.798605 4.593822 3.061390
v 1.163826 4.501755 2.969951
v 1.590450 4.352102 2.757006
v 1.753672 4.409267 2.535786
v -1.801019 3.753983 -2.209560
v -1.701599 4.028025 -2.117901
v -2.443433 3.351166 -0.707574
v -2.376841 3.321505 -1.148552
v -2.172949 3.764918 -1.440495
v -2.010626 3.819463 -1.798429
v -1.894722 4.061713 -1.763093
v -1.748956 4.275407 -1.744772
v -1.971531 3.395680 -2.168566
v -2.127348 3.424290 -1.861135
v -2.264019 3.281183 -1.590855
v -2.395884 2.971772 -1.258197
v -2.985224 2.373290 0.265361
v -2.896405 2.752053 0.260757
v -3.122410 1.355059 -0.142200
v -1.983375 4.167343 -1.373310
v -2.191898 3.973505 -0.970517
v -2.313247 3.662371 -0.995699
v -2.356424 3.724743 -0.302641
v -2.485601 3.308003 -0.136102
v -1.508427 3.898258 -2.437455
v -1.646048 3.396773 -2.585063
v -1.404713 2.922280 -2.967774
v -0.590986 4.244060 -2.736846
v -1.051518 4.132195 -2.602913
v -1.294195 3.815500 -2.658256
v -1.455054 3.410755 -2.747916
v -2.051901 2.861385 -2.231172
v -1.817422 3.408126 -2.386218
v -3.202385 1.562248 0.037583
v -3.052480 1.581774 0.304289
v -3.008168 0.474464 0.144239
v -2.752193 2.890482 1.241292
v -2.908692 0.577729 0.884994
v -2.778543 0.570040 1.385837
v -1.426619 4.287398 -2.175582
v -2.188971 -0.931380 -3.592813
v -2.220651 -0.787001 -3.576242
v -2.083065 -0.765305 -3.458217
v -2.085301 -0.626354 -3.477621
v -2.225591 -0.645909 -3.602435
v -2.198798 -0.509387 -3.651842
v -2.039322 -0.427171 -3.577044
v 1.791928 -1.208230 -3.778281
v 1.921251 -1.134338 -3.617608
v -2.030229 -0.972786 -3.498447
v -2.134416 -1.056366 -3.647121
v -1.921251 -1.134338 -3.617608
v -2.064029 -1.147940 -3.727804
v -1.978168 -1.207571 -3.828468
v -1.791910 -1.208234 -3.778305
v -1.807193 -1.187598 -4.062948
v -1.889614 -1.219779 -3.948464
v -1.690509 -1.004421 -4.249703
v -1.632640 -1.153794 -4.000376
v -1.526322 -0.930345 -4.179723
v -1.737847 -1.113952 -4.166206
v 1.828324 -0.371742 -4.172112
v 1.756253 -0.463103 -4.251537
v 1.910148 -0.311606 -4.068421
v 1.812243 -0.275632 -3.906183
v 2.002107 -0.299815 -3.950975
v 2.083481 -0.331871 -3.835706
v 1.939224 -0.309011 -3.730800
v 2.149791 -0.403831 -3.734180
v 2.038780 -0.426691 -3.578164
v 2.199297 -0.510584 -3.650681
v 2.085889 -0.624722 -3.477406
v 2.225589 -0.644904 -3.602999
v 2.083058 -0.765321 -3.458224
v 2.220643 -0.787130 -3.576184
v 2.030223 -0.972794 -3.498453
v 2.188909 -0.931426 -3.592734
v 2.134422 -1.056353 -3.647112
v 2.064031 -1.147940 -3.727803
v 1.978164 -1.207571 -3.828473
v -2.314335 0.762426 1.367841
v -2.269456 1.469263 1.824575
v -2.271629 2.118673 1.912676
v -2.627299 1.976860 0.816367
v -2.498803 2.834799 0.979604
v -2.325765 3.731915 0.462183
v -2.220680 4.048203 -0.276037
v -2.402104 3.364888 0.813249
v -1.429594 0.114897 -4.226450
v -1.431542 0.178505 -4.187223
v -1.713987 -0.620183 -3.795749
v -1.338890 -0.006738 -4.289212
v -1.703133 0.002261 -3.878811
v -1.700811 -0.161711 -3.859447
v -1.669771 -0.244820 -3.907197
v -1.660227 -0.211779 -3.904187
v -1.513273 -0.345106 -4.092424
v -1.394507 -0.221767 -4.247601
v -1.392502 -0.017570 -4.249602
v -1.467379 0.130456 -4.164710
v -1.639683 -0.305944 -3.898196
v -1.592416 -0.334833 -3.998363
v -1.530876 -0.380332 -4.029300
v -1.543322 0.186357 -4.090064
v -1.604217 0.135421 -3.993708
v -1.597583 0.203801 -3.982307
v -1.642558 0.140783 -3.963717
v -1.708430 -0.000839 -3.832371
v -0.253781 -1.817265 -5.255056
v -0.664407 -0.564507 -5.421596
v -0.000000 -1.378590 -5.531904
v 0.212134 -1.303576 -5.613417
v 0.215959 -0.847082 -5.602572
v 0.304294 -1.134126 -5.637433
v 0.135220 -0.801821 -5.678880
v 1.670058 -0.735326 -4.321752
v 1.534950 -0.640565 -4.216370
v 1.673665 -0.875016 -4.302372
v 1.698536 -0.589883 -4.305019
v 1.641894 -0.388072 -4.115321
v 1.807194 -1.187602 -4.062943
v 1.889613 -1.219779 -3.948467
v 1.632638 -1.153794 -4.000377
v 1.690534 -1.004617 -4.249601
v 1.526322 -0.930349 -4.179722
v 1.737789 -1.114065 -4.166098
v 1.835569 -1.115684 -4.037981
v 1.953388 -0.844328 -3.926475
v 2.056082 -0.403902 -3.861405
v 1.847800 -0.438236 -4.133432
v 1.788305 -0.517911 -4.200056
v 1.940391 -0.674869 -3.972036
v -1.872643 0.242383 -3.649009
v -1.343611 -0.441607 -4.190691
v -1.241879 -0.248011 -4.329392
v -1.704266 -0.303599 -3.751549
v -1.881159 -0.327573 -3.605131
v -1.811963 -0.493098 -3.681209
v -1.352541 -0.660387 -4.242413
v -1.668262 0.234168 -3.826801
v -1.372319 -0.058333 -4.288514
v -1.563378 0.326710 -3.962742
v -1.746823 -0.116145 -3.708552
v -1.916456 -0.138842 -3.571814
v -1.472367 -0.709099 -4.090972
v -1.429538 -0.323856 -4.180073
v -1.597520 -0.694534 -3.936383
v -1.251446 -0.554907 -4.375333
v -1.178294 -0.405033 -4.476068
v -1.914006 0.059981 -3.586730
v -1.233345 0.010619 -4.355116
v -1.344396 -0.191159 -4.273639
v -2.049012 2.588365 -2.725108
v -2.203414 2.635145 -2.864238
v -1.948556 2.636367 -3.151719
v -1.112630 2.689648 -3.682780
v -1.105049 2.754569 -3.723549
v -0.485224 2.784330 -3.887692
v -1.113714 2.874236 -3.700078
v -1.533086 2.846677 -3.497912
v -1.693232 2.717373 -3.422808
v -1.672757 2.660112 -3.392527
v -1.336916 2.616090 -3.355110
v -2.039729 2.707330 -3.128681
v -2.036049 2.818293 -3.113761
v -2.240296 2.703362 -2.887316
v -2.376229 2.706738 -2.614645
v -2.956106 2.608546 -0.254411
v -2.769586 2.576494 -0.250345
v -2.372131 2.817529 -2.603227
v -2.273379 2.617625 -2.548447
v -1.798284 0.392628 -3.749034
v -1.876989 0.049601 -3.616840
v -1.840678 0.218851 -3.674277
v -1.879738 -0.132100 -3.602860
v -1.850572 -0.309612 -3.634095
v -1.135404 -0.222785 -4.537869
v -1.134141 -0.023715 -4.552947
v -1.169534 0.167093 -4.519452
v -1.239608 0.331721 -4.442234
v -1.695973 0.498589 -3.883134
v -1.576216 0.546132 -4.035339
v -1.336194 0.457470 -4.328944
v -1.452657 0.531809 -4.188310
v -1.567481 0.499611 -4.030747
v -1.678828 0.456210 -3.892598
v -1.772385 0.359054 -3.769293
v -1.254216 0.301626 -4.409147
v -1.189183 0.147016 -4.481071
v -1.155747 -0.029936 -4.510002
v -1.160474 -0.212313 -4.500481
v -1.196345 -0.380562 -4.438994
v -1.586217 -0.650148 -3.943282
v -1.691242 -0.580224 -3.811337
v -1.783533 -0.463771 -3.705556
v -1.453100 0.486998 -4.172395
v -1.344260 0.418188 -4.301559
v -1.441217 0.325767 -4.114775
v 1.344256 0.418184 -4.301563
v -2.288651 0.455113 -2.217663
v 1.281244 0.262423 -4.373165
v -0.996840 0.420178 -4.245832
v -2.401820 0.086976 -2.308262
v -1.981001 0.213602 -2.874013
v -1.879906 0.387951 -2.776131
v 1.848566 -0.309161 -3.633631
v 1.254214 0.301626 -4.409148
v -2.403393 0.308877 -2.210051
v -0.995010 0.622703 -3.865052
v -2.132951 -0.234906 -2.894742
v -2.055781 -0.028768 -2.913413
v 1.807741 0.188130 -3.713436
v 1.519916 -0.323301 -4.072814
v -0.990835 0.200092 -4.474452
v -0.694029 0.354927 -4.519578
v -1.438018 0.411579 -3.487736
v 1.567481 0.499611 -4.030746
v 1.840677 0.218851 -3.674278
v 1.446484 -0.309052 -4.181406
v 1.431536 0.178500 -4.187228
v 1.467380 0.130452 -4.164708
v 1.745423 0.313617 -3.798338
v 1.563946 -0.375125 -3.990372
v 1.385775 -0.000793 -4.272744
v 1.435782 0.118711 -4.219901
v 1.637353 0.144738 -3.970306
v 1.538013 0.187379 -4.096737
v 1.689083 0.047256 -3.897487
v 1.708859 -0.058655 -3.827689
v 1.671245 0.113717 -3.881341
v -0.636579 0.560706 -4.337810
v 1.704088 -0.156975 -3.863170
v 2.102842 -1.001608 -3.698953
v 2.171420 -0.784168 -3.641419
v 2.099768 -0.950356 -3.663494
v 2.087532 -0.468777 -3.760832
v 1.743070 -0.565292 -4.200189
v 1.921413 -1.129561 -3.872906
v 1.776744 -1.054881 -4.128310
v 2.116376 -0.464964 -3.772110
v 1.920693 -0.389583 -4.045801
v 1.743911 -0.619131 -4.244510
v 1.717690 -0.734542 -4.254827
v 2.153886 -0.553943 -3.703086
v 1.988988 -0.380733 -3.952898
v 1.860214 -0.410987 -4.074499
v 1.915845 -0.661188 -3.957614
v 1.787731 -1.086436 -4.053782
v 1.734948 -0.965376 -4.193524
v 2.000473 -0.391660 -3.889993
v -2.153937 -0.553772 -3.702796
v 1.930426 -0.852348 -3.906327
v -1.948882 -0.670514 -3.961047
v -1.717231 -0.735631 -4.255444
v -1.917511 -0.660200 -3.955206
v -1.743677 -0.619836 -4.244812
v -1.788311 -0.517907 -4.200047
v -0.638340 0.819920 -3.897453
v -2.113809 -0.462123 -3.775599
v -2.056083 -0.403902 -3.861404
v -1.944250 -0.848780 -3.937473
v -1.988991 -0.380733 -3.952892
v -1.920693 -0.389583 -4.045802
v -1.847803 -0.438236 -4.133430
v -2.171314 -0.783187 -3.641679
v -1.928436 -0.853291 -3.908480
v -1.734667 -0.965484 -4.193403
v -2.149074 -0.900475 -3.655818
v -2.102835 -1.001617 -3.698959
v -1.778822 -1.057513 -4.124600
v -1.835570 -1.115684 -4.037981
v -1.900672 -1.138602 -3.945000
v -1.974615 -1.129991 -3.851087
v -2.044327 -1.078750 -3.763414
v -1.744027 -0.563276 -4.199011
v -1.860251 -0.410987 -4.074543
v -2.000319 -0.391677 -3.889895
v -2.087533 -0.468777 -3.760831
v -1.758794 -1.045172 -4.104665
v -1.845724 -1.122264 -3.975391
v -1.986083 -1.102954 -3.790999
v -0.503413 -2.648070 -3.640656
v -0.481544 0.668386 -4.386234
v -0.600976 -2.510321 -3.729242
v -0.489661 0.488709 -4.568209
v -0.540460 0.308034 -4.815736
v -1.094727 -2.627764 -2.566385
v -1.341623 -2.430809 -2.285414
v -2.331983 -0.378639 -2.496783
v -1.829581 0.042771 -3.252411
v -1.413802 0.429174 -3.432958
v -1.144054 -2.648817 -2.604270
v -1.391635 -2.451896 -2.322708
v -1.025209 -2.287886 -3.910876
v -2.010177 -1.647914 -2.897260
v -1.872859 -0.370544 -3.612677
v -1.475537 0.176218 -3.575149
v -1.364133 -2.044815 -3.731555
v -1.657143 -1.767263 -3.451474
v -1.705060 -0.480965 -3.976095
v -1.628315 -2.283063 -2.576701
v 1.691242 -0.580220 -3.811336
v 1.675078 -0.529581 -3.837416
v 1.586215 -0.650157 -3.943286
v -1.718404 -0.195695 -3.749869
v -1.939772 -1.946239 -2.518815
v 1.568222 -0.591836 -3.945914
v 1.843554 -0.127068 -3.648141
v -1.320445 0.274522 -3.754913
v 0.601471 -0.643527 -5.669000
v 0.707071 -0.848968 -5.641688
v -0.322261 -1.180501 -5.597614
v 0.232814 -0.367740 -5.705917
v 0.386775 -1.127583 -5.604600
v 0.498602 -0.380403 -5.695982
v 0.366412 -0.958692 -5.627102
v 0.437795 -0.480694 -5.690720
v 0.126027 -0.698451 -5.623124
v 0.246153 -0.843306 -5.603043
v 0.234770 -0.367907 -5.667674
v 0.323265 -1.300172 -5.543130
v 0.702120 -0.845417 -5.602782
v 0.608327 -1.514663 -5.553654
v 0.435002 -0.480059 -5.651389
v 0.597259 -0.641412 -5.629902
v 0.702663 -1.296646 -5.542832
v 0.738252 -1.071566 -5.572719
v 0.389234 -1.121392 -5.565978
v 0.371364 -0.951949 -5.588620
v 0.285365 -0.804416 -5.608118
v 0.522202 -3.016262 -2.420000
v 0.440605 -3.098352 -2.502145
v -0.004144 -3.103242 -2.499350
v 0.012247 -3.013520 -2.406195
v 0.513493 -2.769114 -2.404125
v 0.521735 -2.474694 -4.345804
v 0.521405 -2.696695 -3.928108
v 0.521615 -2.752228 -3.580150
v 0.528775 -2.704155 -4.508544
v 0.528723 -2.977238 -3.944875
v 0.439202 -3.093858 -3.617002
v -0.522065 -3.017067 -2.421587
v -0.440829 -3.098260 -2.502068
v -0.438941 -3.093800 -3.619649
v -0.528647 -2.977275 -3.945187
v -0.438816 -2.863529 -4.413459
v -2.954834 2.281398 -2.210046
v -2.982077 2.265961 -2.243440
v -0.528716 -2.695343 -4.521771
v -0.439045 -2.492572 -4.970563
v -0.437167 -1.944124 -5.727338
v -2.928728 2.424801 -2.319806
v -2.501197 2.505999 -3.542766
v -2.586855 2.557765 -3.136035
v -2.542200 2.530978 -3.366115
v -2.712618 2.559488 -2.668449
v -2.783763 2.512457 -2.468071
v -2.643741 2.572422 -2.894030
v 0.318563 -1.306380 -5.581765
v -2.869221 2.517093 -2.486950
v -0.417679 0.230008 -5.205591
v -1.493665 -0.497900 -4.002360
v -1.612131 -0.436354 -3.857522
v -1.739417 0.066428 -3.728411
v -1.322134 0.234773 -4.257679
v 1.803022 0.621643 -3.479576
v 2.015288 0.607169 -3.420133
v 2.274690 0.644678 -3.365250
v 2.105985 0.535105 -3.398861
v 2.305804 0.539085 -2.868478
v 2.435451 0.813503 -3.348048
v 2.483160 0.772427 -2.783469
v 2.321980 0.363142 -2.443029
v 2.626062 0.736495 -1.995350
v 2.551332 0.786321 -2.479494
v 1.910609 0.332434 -3.107882
v 1.698942 0.381618 -3.176528
v 1.586746 0.465135 -3.248852
v 1.471356 0.571767 -3.325690
v 2.045715 0.339252 -3.013741
v 2.070499 0.284244 -2.910182
v 1.353026 0.634185 -3.342539
v 1.973313 0.499590 -3.430638
v 1.347123 0.706967 -3.623552
v 1.032202 0.861368 -3.722081
v 1.235408 0.740120 -3.648541
v 0.414593 1.453838 -3.989053
v 0.276146 1.523086 -3.792355
v 1.045597 0.875867 -3.734602
v 0.641578 1.194983 -3.884338
v 1.354659 0.792141 -3.618238
v 1.091385 0.943692 -3.716147
v 0.312336 1.629389 -4.047324
v 0.167985 1.691298 -3.860701
v 0.180288 2.038836 -4.161960
v 0.531934 1.326925 -3.948503
v 1.959796 2.840631 -3.837750
v 1.562382 2.812376 -3.938503
v 1.301928 2.691509 -3.969961
v 2.087941 2.827990 -3.792203
v 1.978173 2.934930 -3.589974
v 1.676945 2.977313 -3.662272
v 1.758094 2.852193 -3.882435
v 1.404956 2.961208 -3.746765
v 1.329550 2.792320 -3.988469
v 2.239368 2.846865 -3.490669
v 1.977607 2.925200 -3.570366
v 1.033494 2.815218 -3.982640
v 0.785801 2.680314 -4.118023
v 0.619126 2.604991 -4.159661
v 0.939639 2.918717 -3.896859
v 0.673138 2.688980 -4.107032
v 0.494576 2.551469 -4.174059
v 0.313880 2.405145 -4.197082
v 0.718328 2.543917 -4.100162
v 0.438322 2.559968 -4.143121
v 0.294540 2.441152 -4.151597
v 0.100415 2.287173 -4.065277
v 0.073720 2.060273 -4.016133
v 0.241000 1.812404 -4.108877
v 0.166050 2.543095 -4.082599
vn -0.8925 0.0184 0.4506
vn -0.5879 -0.7298 -0.3491
vn -0.7993 -0.5757 -0.1726
vn 0.4434 -0.8608 0.2499
vn 0.7846 -0.5425 0.3002
vn 0.5062 -0.5560 -0.6593
vn -0.2160 -0.8125 -0.5415
vn 0.4152 -0.8467 -0.3328
vn 0.0062 -0.9551 -0.2963
vn 0.2832 -0.7913 -0.5419
vn 0.8019 -0.5682 -0.1846
vn 0.5977 -0.7359 -0.3182
vn 0.3574 -0.7793 -0.5147
vn 0.6510 -0.7583 0.0352
vn 0.2341 -0.8218 -0.5195
vn 0.5138 -0.5189 -0.6831
vn 0.6985 -0.6078 0.3776
vn 0.4403 -0.1818 0.8793
vn 0.5149 -0.1697 0.8403
vn 0.9413 -0.1399 0.3072
vn 0.8422 -0.0318 0.5382
vn 0.7268 -0.4791 0.4921
vn -0.8925 0.0185 0.4507
vn -0.7202 -0.4753 0.5053
vn -0.8415 -0.0051 0.5403
vn -0.4203 -0.3489 0.8376
vn -0.7780 -0.5042 0.3748
vn -0.5881 -0.6580 0.4702
vn -0.7008 -0.6066 0.3754
vn -0.5222 -0.1672 0.8363
vn -0.4397 -0.1824 0.8794
vn 0.5960 -0.1053 0.7961
vn 0.6500 0.3869 0.6541
vn 0.8019 -0.5682 -0.1847
vn 0.8182 -0.5483 0.1731
vn -0.7863 -0.5330 0.3125
vn -0.5761 -0.2542 0.7769
vn -0.6311 -0.3353 0.6995
vn -0.6923 -0.7101 0.1281
vn -0.5879 -0.7298 -0.3490
vn -0.1121 -0.8194 -0.5621
vn -0.4490 -0.8564 -0.2550
vn -0.2742 -0.7974 -0.5375
vn -0.7993 -0.5756 -0.1725
vn -0.6063 -0.6346 -0.4792
vn -0.4834 -0.7117 -0.5097
vn -0.7639 -0.6223 -0.1709
vn -0.0505 0.1493 0.9875
vn 0.0500 -0.0863 0.9950
vn -0.1561 -0.0846 0.9841
vn -0.1188 0.5530 0.8247
vn 0.0434 0.5618 0.8261
vn -0.5363 -0.8440 0.0045
vn -0.7879 -0.6153 0.0264
vn -0.1214 -0.6238 -0.7721
vn -0.9428 0.2458 0.2252
vn -0.5981 0.6513 0.4670
vn -0.1394 0.9847 -0.1043
vn -0.8128 0.3824 -0.4394
vn -0.8861 -0.3154 -0.3396
vn 0.5628 -0.8051 0.1872
vn 0.6029 -0.5221 0.6032
vn 0.2401 -0.9708 0.0011
vn 0.6466 -0.7616 0.0440
vn 0.3085 -0.9409 -0.1396
vn 0.1136 -0.6857 -0.7190
vn 0.2329 0.8634 0.4475
vn 0.6211 0.0243 0.7834
vn 0.3680 0.7369 0.5670
vn 0.4774 -0.8579 0.1901
vn -0.0995 -0.9824 0.1579
vn 0.4459 -0.8861 0.1267
vn -0.0016 -0.9570 -0.2900
vn -0.0708 -0.0353 -0.9969
vn 0.0422 -0.0277 -0.9987
vn -0.0022 0.7415 -0.6709
vn -0.2872 -0.2012 -0.9365
vn -0.2028 -0.3387 -0.9188
vn -0.8331 -0.4050 -0.3768
vn 0.3361 -0.1922 -0.9220
vn 0.8319 -0.4053 -0.3791
vn 0.2126 -0.3132 -0.9256
vn -0.4757 0.6944 0.5399
vn -0.5431 0.7853 0.2973
vn -0.8972 0.2460 0.3668
vn -0.0005 -0.1216 0.9926
vn 0.1121 0.7127 0.6925
vn -0.0675 0.7446 0.6641
vn 0.0124 -0.8574 -0.5145
vn -0.0308 -0.9862 0.1625
vn 0.0572 -0.9915 0.1172
vn 0.0044 0.4172 0.9088
vn 0.0444 -0.9863 0.1591
vn -0.0185 -0.9886 0.1493
vn -0.0212 -0.9820 -0.1877
vn 0.1510 0.1536 0.9765
vn -0.4577 -0.8816 0.1158
vn -0.4243 -0.8643 0.2701
vn -0.5927 -0.6114 0.5244
vn -0.9239 -0.2438 0.2950
vn 0.6836 0.7265 0.0693
vn -0.0046 0.8971 -0.4417
vn -0.1259 0.8752 0.4672
vn 0.0530 0.8694 0.4913
vn -0.7316 -0.5742 -0.3675
vn 0.8781 0.4299 0.2098
vn 0.1452 0.9839 -0.1044
vn 0.7313 0.4727 0.4917
vn 0.8142 0.3831 -0.4363
vn 0.4581 0.0169 0.8888
vn 0.9215 -0.0155 0.3881
vn 0.9507 0.1359 0.2786
vn -0.0199 -0.0100 0.9998
vn 0.2961 0.0739 0.9523
vn -0.9423 0.1367 0.3055
vn -0.9216 -0.0163 0.3878
vn -0.4585 0.0171 0.8885
vn -0.2978 0.0746 0.9517
vn 0.0180 -0.0096 0.9998
vn -0.6881 -0.0972 -0.7190
vn -0.5594 -0.1080 -0.8218
vn -0.6268 0.1370 -0.7670
vn -0.7405 0.3397 -0.5798
vn -0.7943 0.1234 -0.5949
vn -0.7057 0.3469 -0.6178
vn -0.4200 -0.2650 -0.8680
vn -0.6763 -0.0990 -0.7299
vn -0.3323 -0.4054 -0.8516
vn 0.7957 -0.2683 -0.5430
vn 0.5960 0.0784 -0.7991
vn 0.8268 0.1031 -0.5530
vn 0.1443 0.6144 -0.7757
vn 0.0138 -0.0669 -0.9977
vn -0.1861 -0.0216 -0.9823
vn 0.3252 -0.6960 -0.6402
vn -0.4034 0.3692 -0.8373
vn -0.0721 0.4769 -0.8760
vn -0.1066 0.2809 -0.9538
vn -0.7700 0.1546 -0.6191
vn 0.6744 -0.4478 -0.5871
vn 0.4348 -0.8300 -0.3492
vn 0.1099 -0.7385 -0.6652
vn -0.8759 -0.4048 0.2626
vn -0.4846 -0.8697 -0.0940
vn -0.1364 -0.9555 0.2617
vn 0.9797 0.0048 0.2006
vn 0.8825 -0.3740 -0.2851
vn 0.8479 0.1340 -0.5129
vn -0.6652 -0.4567 -0.5907
vn -0.1497 -0.7336 -0.6629
vn -0.4082 -0.8383 -0.3614
vn -0.1482 -0.2681 -0.9519
vn -0.0913 -0.6510 -0.7536
vn 0.7770 -0.5314 0.3374
vn 0.8769 -0.4469 -0.1770
vn -0.5334 -0.4386 0.7232
vn 0.2668 -0.3649 0.8920
vn -0.3039 -0.3160 0.8988
vn 0.1851 -0.2343 0.9544
vn -0.1963 -0.2688 0.9430
vn 0.1331 -0.2465 0.9600
vn -0.3574 -0.4980 -0.7901
vn -0.6745 -0.2702 -0.6871
vn -0.6625 0.4015 -0.6324
vn -0.7128 0.1478 -0.6856
vn 0.6935 0.4668 -0.5488
vn 0.7054 0.3470 -0.6181
vn 0.7952 0.1002 -0.5981
vn 0.6531 -0.3062 -0.6926
vn 0.3325 -0.4054 -0.8516
vn 0.4797 -0.4013 -0.7803
vn 0.4113 -0.2690 -0.8709
vn 0.5826 -0.1010 -0.8065
vn 0.7160 0.1468 -0.6825
vn 0.6615 0.4029 -0.6325
vn 0.0013 -0.8791 -0.4767
vn 0.2546 -0.9302 -0.2643
vn -0.2483 -0.9319 -0.2646
vn 0.5003 0.5962 -0.6279
vn 0.8826 -0.2282 -0.4109
vn 0.3452 -0.2138 -0.9138
vn 0.5421 -0.4391 -0.7164
vn 0.3623 -0.6022 0.7114
vn -0.0943 -0.1277 0.9873
vn 0.0018 -0.0024 1.0000
vn -0.3451 -0.2138 -0.9139
vn -0.8825 -0.2283 -0.4111
vn -0.5420 -0.4391 -0.7165
vn -0.2254 0.3187 -0.9207
vn -0.0997 0.6260 -0.7734
vn -0.2076 -0.0129 -0.9781
vn -0.8993 -0.4138 0.1414
vn -0.2467 -0.5337 0.8089
vn -0.9336 -0.3279 0.1444
vn -0.7104 -0.4156 0.5680
vn -0.0552 0.9985 0.0053
vn -0.6901 0.6608 -0.2952
vn -0.0650 0.9781 -0.1978
vn 0.7633 0.6343 0.1229
vn 0.6463 0.2999 -0.7017
vn 0.8627 0.4228 -0.2775
vn -0.3616 -0.6021 0.7118
vn -0.0005 -0.0008 1.0000
vn 0.0561 -0.2000 0.9782
vn -0.3521 -0.6227 -0.6987
vn -0.2517 -0.9578 -0.1386
vn -0.2647 -0.6373 -0.7237
vn -0.4005 0.3504 0.8466
vn -0.2694 -0.1163 0.9560
vn 0.2526 -0.0492 0.9663
vn -0.7752 0.6267 0.0794
vn -0.8620 0.4259 -0.2750
vn -0.6910 0.3655 -0.6237
vn -0.8884 0.0052 -0.4590
vn -0.5077 -0.0062 -0.8615
vn -0.5822 -0.1289 -0.8027
vn -0.5291 -0.6533 0.5415
vn -0.3193 -0.6184 0.7181
vn -0.9830 -0.1691 0.0712
vn 0.7280 0.6178 -0.2973
vn 0.4147 0.8856 0.2089
vn 0.9675 0.2465 -0.0555
vn 0.5018 -0.0120 -0.8649
vn 0.8868 0.0026 -0.4622
vn 0.5186 -0.1372 -0.8439
vn -0.1942 -0.8196 -0.5390
vn 0.0239 -0.6300 -0.7762
vn -0.2218 -0.8327 -0.5074
vn 0.0634 -0.1682 0.9837
vn 0.0276 -0.7633 0.6455
vn -0.0650 -0.1581 0.9853
vn -0.0355 -0.8363 -0.5471
vn 0.0331 -0.8505 -0.5250
vn 0.0037 0.9996 -0.0264
vn 0.0390 -0.7944 -0.6062
vn 0.0587 -0.9819 -0.1798
vn 0.7269 -0.5808 -0.3665
vn -0.6764 0.7331 0.0713
vn 0.1425 -0.6308 -0.7628
vn 0.1455 -0.1205 -0.9820
vn 0.0010 -0.9986 -0.0537
vn 0.3522 -0.6222 -0.6991
vn 0.2643 -0.6362 -0.7249
vn 0.2513 -0.9576 -0.1406
vn -0.0330 0.9991 0.0251
vn 0.3000 -0.4929 0.8167
vn 0.9404 -0.2794 0.1940
vn 0.9691 -0.2065 0.1351
vn -0.2384 -0.1743 -0.9554
vn -0.2212 -0.2358 -0.9463
vn -0.2334 -0.1710 -0.9572
vn -0.2430 -0.1348 -0.9606
vn -0.2386 -0.1201 -0.9637
vn -0.2456 -0.1073 -0.9634
vn -0.2448 -0.1400 -0.9594
vn -0.2432 -0.1488 -0.9585
vn -0.2419 -0.1562 -0.9576
vn -0.2437 -0.1369 -0.9601
vn -0.2423 -0.1325 -0.9611
vn -0.2418 -0.1414 -0.9600
vn -0.2411 -0.1417 -0.9601
vn -0.2405 -0.1478 -0.9593
vn -0.2417 -0.1339 -0.9611
vn -0.2395 -0.1644 -0.9569
vn -0.2393 -0.1545 -0.9586
vn -0.2349 -0.1880 -0.9537
vn -0.2360 -0.1864 -0.9537
vn -0.2388 -0.1847 -0.9533
vn -0.2437 -0.1686 -0.9551
vn -0.2483 -0.1613 -0.9552
vn -0.2503 -0.1524 -0.9561
vn -0.2520 -0.1488 -0.9562
vn -0.2325 -0.2047 -0.9508
vn -0.2336 -0.2054 -0.9504
vn -0.2432 -0.1787 -0.9534
vn -0.2508 -0.1608 -0.9546
vn -0.2521 -0.1558 -0.9551
vn -0.2351 -0.2047 -0.9502
vn -0.2441 -0.1785 -0.9532
vn -0.2489 -0.1655 -0.9543
vn -0.2498 -0.1644 -0.9543
vn -0.2505 -0.1641 -0.9541
vn -0.2480 -0.1686 -0.9540
vn -0.2496 -0.1658 -0.9540
vn -0.2512 -0.1633 -0.9541
vn -0.2504 -0.1576 -0.9552
vn -0.2437 -0.1775 -0.9535
vn -0.2475 -0.1699 -0.9539
vn -0.2447 -0.1615 -0.9560
vn -0.2352 -0.1813 -0.9549
vn -0.2369 -0.1971 -0.9513
vn -0.2424 -0.1924 -0.9509
vn -0.2424 -0.1808 -0.9532
vn -0.2497 -0.1524 -0.9562
vn -0.2459 -0.1583 -0.9563
vn -0.2382 -0.1657 -0.9570
vn 0.2208 -0.2379 -0.9459
vn 0.2384 -0.1746 -0.9554
vn 0.2332 -0.1720 -0.9571
vn 0.2430 -0.1347 -0.9606
vn 0.2436 -0.1522 -0.9578
vn 0.2434 -0.1385 -0.9600
vn 0.2423 -0.1385 -0.9603
vn 0.2422 -0.1288 -0.9616
vn 0.2393 -0.1549 -0.9585
vn 0.2387 -0.1201 -0.9636
vn 0.2456 -0.1073 -0.9634
vn 0.2448 -0.1401 -0.9594
vn 0.2421 -0.1550 -0.9578
vn 0.2412 -0.1420 -0.9600
vn 0.2401 -0.1483 -0.9594
vn 0.2354 -0.1881 -0.9535
vn 0.2325 -0.2050 -0.9508
vn 0.2353 -0.2014 -0.9508
vn 0.2351 -0.2046 -0.9502
vn 0.2421 -0.1822 -0.9530
vn 0.2441 -0.1781 -0.9533
vn 0.2414 -0.1421 -0.9600
vn 0.2383 -0.1680 -0.9565
vn 0.2388 -0.1830 -0.9537
vn 0.2468 -0.1670 -0.9546
vn 0.2497 -0.1637 -0.9544
vn 0.2477 -0.1685 -0.9541
vn 0.2495 -0.1654 -0.9541
vn 0.2401 -0.1671 -0.9563
vn 0.2432 -0.1639 -0.9560
vn 0.2466 -0.1606 -0.9557
vn 0.2518 -0.1487 -0.9563
vn 0.2516 -0.1563 -0.9551
vn 0.2505 -0.1642 -0.9541
vn 0.2500 -0.1653 -0.9540
vn 0.2514 -0.1613 -0.9543
vn 0.2454 -0.1768 -0.9532
vn 0.2415 -0.1715 -0.9551
vn 0.2489 -0.1570 -0.9557
vn 0.2508 -0.1535 -0.9558
vn 0.2447 -0.1447 -0.9588
vn 0.2476 -0.1697 -0.9539
vn 0.2430 -0.1794 -0.9533
vn 0.2438 -0.1911 -0.9508
vn 0.2397 -0.1903 -0.9520
vn 0.2343 -0.1790 -0.9556
vn 0.2381 -0.1721 -0.9559
vn -0.7476 0.0053 0.6641
vn -0.8527 -0.3552 0.3830
vn -0.5735 -0.3933 0.7186
vn -0.5843 -0.3622 0.7262
vn -0.5492 -0.4421 0.7092
vn -0.5223 -0.1672 0.8362
vn -0.0758 0.2760 0.9582
vn -0.5064 -0.8235 0.2556
vn -0.0018 0.2725 0.9621
vn -0.0053 -0.9519 0.3064
vn 0.0775 0.2778 0.9575
vn 0.9413 -0.1400 0.3072
vn 0.7386 0.0084 0.6741
vn 0.6510 -0.7582 0.0352
vn 0.5849 -0.6943 0.4194
vn 0.5836 -0.3716 0.7220
vn 0.6026 -0.6752 0.4254
vn 0.4221 -0.3418 0.8397
vn 0.6936 -0.6053 0.3906
vn 0.7595 -0.4650 0.4549
vn 0.5976 -0.7359 -0.3182
vn 0.0613 -0.0239 -0.9978
vn -0.0828 -0.4653 -0.8813
vn 0.1111 -0.6369 -0.7629
vn 0.2650 0.0012 -0.9643
vn 0.2442 -0.6557 -0.7145
vn 0.4771 -0.0090 -0.8788
vn 0.3435 -0.7679 -0.5407
vn 0.5803 -0.4051 -0.7065
vn 0.1964 -0.0143 -0.9804
vn 0.3472 0.0357 -0.9371
vn 0.4830 0.0006 -0.8756
vn 0.6161 -0.0154 -0.7875
vn 0.7545 0.0337 -0.6554
vn 0.5878 -0.6156 -0.5249
vn 0.5369 -0.7426 -0.4002
vn 0.1250 -0.1867 -0.9744
vn 0.3222 -0.1709 -0.9311
vn 0.3576 -0.0124 -0.9338
vn 0.5506 -0.1385 -0.8232
vn 0.7277 -0.1584 -0.6674
vn 0.7496 -0.0682 -0.6584
vn -0.0362 -0.2066 -0.9778
vn 0.0962 -0.3884 -0.9165
vn 0.2946 -0.3750 -0.8790
vn 0.5100 -0.3439 -0.7884
vn -0.0346 -0.4097 -0.9116
vn 0.0361 -0.5821 -0.8123
vn 0.2257 -0.5568 -0.7994
vn 0.4356 -0.5176 -0.7364
vn 0.6010 -0.4593 -0.6541
vn 0.6757 -0.3155 -0.6662
vn 0.2064 -0.6879 -0.6958
vn 0.4017 -0.6361 -0.6589
vn 0.5751 -0.5680 -0.5887
vn 0.7164 -0.4737 -0.5122
vn 0.7799 -0.3098 -0.5439
vn 0.8512 -0.2050 -0.4832
vn 0.0372 -0.7331 -0.6791
vn 0.1795 -0.7987 -0.5743
vn 0.3454 -0.7639 -0.5451
vn 0.5106 -0.6951 -0.5060
vn 0.6547 -0.6273 -0.4218
vn 0.7579 -0.5616 -0.3320
vn 0.8240 -0.4027 -0.3986
vn 0.0367 -0.8432 -0.5364
vn 0.2040 -0.8753 -0.4386
vn 0.4071 -0.8147 -0.4129
vn 0.5641 -0.7498 -0.3459
vn 0.6779 -0.6867 -0.2624
vn 0.7704 -0.6064 -0.1969
vn 0.8240 -0.4990 -0.2684
vn 0.0358 -0.9077 -0.4181
vn 0.1279 -0.9408 -0.3140
vn 0.3003 -0.9038 -0.3049
vn 0.4564 -0.8437 -0.2826
vn 0.5652 -0.8030 -0.1892
vn 0.6809 -0.7174 -0.1476
vn -0.0371 -0.9519 -0.3041
vn 0.0966 -0.9666 -0.2373
vn 0.2251 -0.9496 -0.2182
vn 0.3536 -0.9160 -0.1898
vn 0.4493 -0.8774 -0.1682
vn 0.4632 -0.8848 -0.0514
vn 0.5785 -0.8121 -0.0765
vn -0.0391 -0.9763 -0.2126
vn 0.1147 -0.9800 -0.1629
vn 0.2491 -0.9617 -0.1147
vn 0.3624 -0.9296 -0.0675
vn 0.3695 -0.9271 0.0628
vn 0.4607 -0.8854 0.0627
vn 0.5657 -0.8244 0.0168
vn -0.0178 -0.9893 -0.1451
vn 0.1112 -0.9916 -0.0653
vn 0.2610 -0.9653 -0.0059
vn 0.2647 -0.9579 0.1111
vn 0.3490 -0.9190 0.1833
vn 0.4474 -0.8778 0.1711
vn 0.5606 -0.8189 0.1232
vn -0.0569 -0.9952 -0.0792
vn -0.0241 -0.9997 -0.0102
vn 0.0851 -0.9944 0.0621
vn 0.1878 -0.9818 0.0285
vn 0.1828 -0.9757 0.1207
vn 0.2348 -0.9466 0.2208
vn 0.3934 -0.8775 0.2744
vn 0.5578 -0.7922 0.2474
vn -0.0004 -0.9977 0.0676
vn 0.0003 -0.9889 0.1488
vn 0.1001 -0.9770 0.1882
vn 0.0002 -0.9665 0.2568
vn 0.1105 -0.9522 0.2849
vn 0.1138 -0.9651 -0.2358
vn 0.2412 -0.9251 0.2933
vn 0.2661 -0.7906 -0.5514
vn 0.6037 -0.7509 -0.2678
vn 0.6962 -0.6576 0.2878
vn 0.6708 -0.7224 0.1678
vn 0.6585 -0.5745 -0.4862
vn 0.7996 -0.5642 -0.2056
vn 0.8155 -0.5071 0.2788
vn 0.7707 -0.6128 0.1746
vn 0.7688 -0.6382 0.0411
vn 0.6777 -0.7342 0.0412
vn 0.6711 -0.7394 -0.0541
vn 0.8814 -0.3440 0.3237
vn 0.8973 -0.3814 0.2222
vn 0.8372 -0.5192 0.1718
vn 0.8406 -0.5397 0.0446
vn 0.8439 -0.5317 -0.0723
vn 0.7681 -0.6351 -0.0817
vn 0.9252 -0.3335 -0.1808
vn 0.9201 -0.1609 0.3571
vn 0.9388 -0.1816 0.2927
vn 0.9688 -0.2019 0.1438
vn 0.9114 -0.4022 0.0867
vn 0.9125 -0.4071 -0.0391
vn 0.8606 -0.0628 -0.5054
vn 0.9419 -0.0144 0.3356
vn 0.9738 -0.0049 0.2275
vn 0.9864 0.0323 0.1610
vn 0.9931 -0.0824 0.0829
vn 0.9670 -0.2548 -0.0028
vn 0.9139 0.0073 -0.4059
vn 0.8210 -0.5109 0.2548
vn 0.8234 -0.5380 0.1803
vn 0.9836 0.0830 0.1604
vn 0.6264 -0.1221 0.7699
vn 0.4488 -0.5265 0.7220
vn 0.6594 -0.6639 0.3526
vn 0.5823 -0.7816 -0.2236
vn 0.6614 -0.7346 0.1510
vn 0.9860 -0.1618 -0.0400
vn 0.9523 -0.2747 -0.1328
vn 0.9033 -0.3992 -0.1569
vn 0.6199 -0.7844 0.0211
vn 0.5971 -0.7881 -0.1498
vn 0.9612 -0.1879 -0.2020
vn 0.9193 -0.2483 -0.3054
vn 0.8793 -0.3791 -0.2882
vn 0.8416 -0.5126 -0.1705
vn 0.5347 -0.7420 -0.4043
vn 0.9273 -0.1629 -0.3370
vn 0.8868 -0.1188 -0.4467
vn 0.4140 -0.4416 -0.7960
vn 0.8557 0.0151 -0.5173
vn 0.8228 -0.0758 -0.5632
vn 0.7344 -0.4853 -0.4746
vn 0.4865 -0.0948 -0.8685
vn 0.8695 0.1288 -0.4768
vn 0.4776 -0.6009 -0.6410
vn 0.2904 -0.2172 -0.9319
vn 0.2108 -0.0475 -0.9764
vn 0.6447 -0.6239 0.4417
vn -0.4774 -0.0074 -0.8786
vn -0.0563 -0.5196 -0.8526
vn -0.7530 -0.3315 -0.5685
vn -0.8609 0.1233 -0.4937
vn -0.5833 -0.7246 -0.3670
vn -0.6723 -0.5044 -0.5419
vn -0.8096 0.0121 -0.5869
vn -0.6977 0.0269 -0.7158
vn -0.5272 -0.5305 -0.6638
vn -0.8714 0.0264 -0.4898
vn -0.8800 -0.0967 -0.4651
vn -0.8399 -0.0991 -0.5336
vn -0.7458 -0.0582 -0.6636
vn -0.6158 -0.0158 -0.7877
vn -0.5141 0.0080 -0.8577
vn -0.3909 -0.5295 -0.7528
vn -0.1823 -0.1140 -0.9766
vn -0.4071 -0.4396 -0.8006
vn -0.9290 -0.1685 -0.3296
vn -0.8916 -0.2146 -0.3988
vn -0.8237 -0.1814 -0.5372
vn -0.7188 -0.1448 -0.6799
vn -0.5824 -0.1509 -0.7988
vn -0.4846 -0.0053 -0.8747
vn -0.5303 -0.7460 -0.4028
vn -0.9607 -0.1914 -0.2009
vn -0.9321 -0.2646 -0.2473
vn -0.8752 -0.3867 -0.2906
vn -0.8249 -0.3335 -0.4565
vn -0.7159 -0.3002 -0.6303
vn -0.5922 -0.7905 -0.1564
vn -0.9805 -0.1764 -0.0868
vn -0.9523 -0.2748 -0.1324
vn -0.9033 -0.4003 -0.1545
vn -0.8369 -0.5157 -0.1833
vn -0.7811 -0.5521 -0.2915
vn -0.7976 -0.4515 -0.3999
vn -0.6290 -0.7773 0.0105
vn -0.9917 -0.1177 0.0524
vn -0.9694 -0.2454 -0.0084
vn -0.9111 -0.4097 -0.0451
vn -0.8432 -0.5324 -0.0744
vn -0.7739 -0.6287 -0.0761
vn -0.7635 -0.6214 -0.1759
vn -0.4875 -0.8491 0.2032
vn -0.7660 -0.5504 0.3322
vn -0.9895 -0.0663 0.1288
vn -0.9640 -0.2429 0.1079
vn -0.9104 -0.4096 0.0583
vn -0.8407 -0.5398 0.0418
vn -0.7688 -0.6381 0.0414
vn -0.9824 0.0903 0.1633
vn -0.9647 0.0087 0.2632
vn -0.9446 -0.1749 0.2776
vn -0.9006 -0.3895 0.1929
vn -0.8383 -0.5218 0.1584
vn -0.7703 -0.6135 0.1739
vn -0.4907 -0.5153 0.7026
vn -0.6283 -0.1188 0.7689
vn -0.9727 0.0680 0.2220
vn -0.9426 0.0340 0.3322
vn -0.9308 -0.0358 0.3638
vn -0.9208 -0.1410 0.3636
vn -0.8845 -0.3419 0.3173
vn -0.8181 -0.5056 0.2740
vn -0.6441 -0.6257 0.4400
vn -0.6065 -0.7847 0.1280
vn -0.8292 -0.5082 0.2328
vn -0.9517 0.0340 0.3050
vn -0.9156 0.0086 -0.4019
vn -0.9684 0.0268 -0.2481
vn -0.9171 -0.0755 -0.3915
vn -0.8797 -0.3132 -0.3578
vn -0.8007 -0.5618 -0.2079
vn -0.7714 -0.6317 -0.0770
vn -0.2677 -0.9365 0.2263
vn -0.6199 -0.4625 0.6339
vn -0.1606 -0.9870 -0.0036
vn 0.5021 0.4658 -0.7286
vn 0.6648 0.7425 -0.0816
vn -0.9506 0.1094 -0.2905
vn -0.4610 -0.1025 -0.8815
vn -0.4469 0.3632 -0.8176
vn -0.6713 -0.4961 -0.5507
vn -0.9452 0.0132 -0.3263
vn -0.7641 0.6201 0.1778
vn -0.7999 0.2692 0.5364
vn -0.8850 -0.2683 0.3805
vn -0.9502 0.0893 -0.2986
vn -0.4835 0.8293 -0.2803
vn -0.1413 -0.9398 -0.3113
vn -0.9007 0.3700 -0.2278
vn -0.8119 -0.5814 -0.0530
vn -0.5428 -0.7573 -0.3632
vn -0.1432 -0.9886 0.0463
vn 0.3684 -0.9245 -0.0980
vn 0.5506 -0.7544 0.3572
vn 0.9535 -0.0159 0.3009
vn -0.2821 -0.6596 0.6967
vn 0.4533 -0.4040 0.7946
vn 0.9513 -0.1091 0.2882
vn 0.7752 0.6240 0.0984
vn 0.1605 0.9544 0.2517
vn -0.2945 0.0113 0.9556
vn 0.3958 0.1478 0.9064
vn 0.9509 -0.0886 0.2967
vn 0.8852 0.2279 -0.4056
vn -0.0998 0.7623 0.6395
vn 0.6646 0.4304 0.6107
vn 0.9069 -0.3735 0.1951
vn 0.6681 -0.7247 -0.1687
vn 0.8470 -0.2356 -0.4766
vn -0.3708 0.9227 0.1057
vn 0.5412 0.7560 0.3682
vn 0.1422 0.9793 -0.1443
vn 0.2813 0.6660 -0.6909
vn 0.2937 -0.0205 -0.9557
vn 0.1417 -0.7123 -0.6874
vn 0.3360 -0.1041 0.9361
vn 0.2884 -0.3951 0.8722
vn 0.4201 -0.6582 0.6247
vn 0.9623 -0.1715 0.2112
vn -0.0176 -0.9471 0.3204
vn 0.9014 -0.3905 0.1872
vn 0.9225 0.3438 0.1754
vn 0.8814 0.2663 0.3901
vn 0.2035 0.7489 0.6307
vn 0.1422 0.9344 0.3267
vn 0.8434 0.5282 0.0984
vn 0.9484 0.2789 -0.1507
vn 0.4217 0.1830 0.8881
vn 0.1884 0.4362 0.8799
vn -0.1107 0.9866 0.1202
vn 0.7563 0.6541 0.0135
vn 0.4259 0.8349 -0.3487
vn 0.0158 0.9991 -0.0386
vn 0.0733 0.6753 -0.7339
vn 0.4073 0.5684 -0.7149
vn 0.9089 0.2939 -0.2958
vn 0.9854 -0.0256 -0.1683
vn 0.9890 0.1470 0.0150
vn 0.1211 0.4888 -0.8639
vn 0.4949 0.1632 -0.8535
vn 0.4326 -0.0988 -0.8962
vn 0.2863 -0.5061 -0.8136
vn 0.4119 -0.8876 -0.2062
vn 0.9900 -0.1406 -0.0089
vn -0.3397 -0.1037 0.9348
vn -0.2917 -0.3964 0.8705
vn -0.3191 -0.7304 0.6039
vn -0.9845 -0.0468 0.1693
vn -0.9043 0.3372 0.2617
vn -0.4601 0.1883 0.8677
vn -0.6427 -0.7140 0.2775
vn -0.9897 0.1421 0.0151
vn -0.9357 0.3422 -0.0864
vn -0.7941 0.5955 0.1218
vn -0.1675 0.9300 0.3272
vn -0.0097 0.7705 0.6374
vn -0.1566 0.4464 0.8810
vn -0.6941 -0.7096 0.1210
vn -0.9863 0.0156 -0.1641
vn -0.9401 0.2597 -0.2210
vn 0.0053 -0.9793 0.2024
vn -0.4081 -0.8852 -0.2231
vn -0.4490 -0.5468 -0.7066
vn -0.2883 -0.1476 -0.9461
vn -0.4994 0.1616 -0.8512
vn -0.1234 0.4899 -0.8630
vn -0.4159 0.5725 -0.7066
vn -0.3762 0.6882 -0.6204
vn -0.1013 0.8924 -0.4397
vn -0.0412 0.9970 -0.0651
vn -0.7528 0.6581 0.0137
vn 0.1052 0.9871 0.1206
vn -0.9259 -0.1063 -0.3624
vn -0.9906 -0.1355 -0.0208
vn -0.9930 -0.0902 -0.0769
vn -0.9895 -0.1409 -0.0311
vn -0.3301 0.1114 -0.9374
vn -0.5858 0.3100 -0.7488
vn -0.7461 0.3142 -0.5870
vn -0.9948 -0.0783 -0.0645
vn -0.9867 -0.1592 -0.0342
vn -0.7534 0.4117 -0.5127
vn -0.9963 -0.0783 -0.0343
vn -0.7818 0.5518 -0.2905
vn -0.9948 -0.1004 -0.0184
vn -0.9289 -0.1422 0.3419
vn -0.9912 -0.1325 0.0075
vn -0.9912 -0.1322 0.0091
vn -0.9276 -0.1049 0.3585
vn -0.3555 -0.0716 0.9319
vn -0.3266 -0.1672 0.9303
vn -0.8770 -0.2378 0.4175
vn -0.1796 -0.4124 0.8931
vn -0.6129 -0.6215 0.4879
vn 0.4727 -0.5769 0.6661
vn -0.9911 -0.1330 0.0063
vn -0.9904 -0.1381 0.0037
vn -0.9221 0.0093 0.3869
vn -0.3713 0.0448 0.9274
vn 0.3227 0.0524 0.9450
vn 0.3356 -0.0431 0.9410
vn 0.2762 -0.2612 0.9249
vn 0.8587 -0.0252 0.5119
vn 0.9782 -0.1664 0.1240
vn -0.9937 -0.1116 0.0082
vn -0.7778 0.4410 0.4479
vn -0.3201 0.3458 0.8820
vn 0.3202 0.1856 0.9290
vn 0.7792 0.1536 0.6076
vn 0.9047 0.1050 0.4129
vn -0.9432 0.3133 0.1103
vn -0.3116 0.8998 0.3055
vn 0.0913 0.7700 0.6315
vn 0.3570 0.4492 0.8190
vn 0.9447 0.2234 0.2401
vn -0.9931 -0.1169 -0.0129
vn -0.9427 0.3331 0.0205
vn -0.4365 0.8955 0.0865
vn 0.1709 0.9779 0.1207
vn 0.5950 0.7683 0.2361
vn 0.7144 0.5408 0.4441
vn -0.9936 -0.1127 -0.0080
vn -0.9693 0.2435 -0.0345
vn -0.4519 0.8890 -0.0735
vn 0.2445 0.9685 -0.0479
vn 0.8182 0.5729 0.0470
vn 0.0905 0.9404 -0.3278
vn 0.8836 0.4571 -0.1015
vn 0.7120 0.7015 -0.0322
vn 0.9899 0.1412 0.0130
vn 0.9147 -0.3934 0.0930
vn 0.2998 0.7381 -0.6044
vn 0.9140 0.3196 -0.2498
vn 0.9590 -0.1098 -0.2614
vn 0.8493 -0.5271 -0.0292
vn 0.4106 -0.9045 0.1153
vn 0.2930 -0.9053 0.3075
vn 0.1076 0.6159 -0.7805
vn 0.3338 0.5116 -0.7918
vn 0.8478 0.1314 -0.5138
vn 0.4260 -0.2003 -0.8823
vn 0.3515 -0.6339 -0.6889
vn 0.5608 -0.8140 -0.1516
vn 0.2112 0.2024 -0.9563
vn 0.4136 -0.0839 -0.9066
vn -0.2386 -0.6968 -0.6764
vn -0.1389 -0.9767 -0.1636
vn -0.7989 -0.5996 -0.0464
vn -0.1080 -0.9860 0.1272
vn -0.9818 -0.1886 -0.0235
vn -0.8835 -0.4676 0.0282
vn -0.7262 -0.6685 0.1604
vn -0.9786 -0.2052 -0.0134
vn -0.9779 -0.2088 -0.0071
vn -0.9686 -0.2485 0.0005
vn -0.9710 -0.2375 0.0263
vn -0.9832 -0.1779 0.0420
vn -0.9884 -0.1506 0.0214
vn -0.9910 -0.1337 0.0109
vn 0.6123 -0.6229 0.4868
vn 0.9825 -0.1809 0.0436
vn 0.9884 -0.1506 0.0211
vn 0.7239 -0.6708 0.1610
vn 0.9686 -0.2467 0.0292
vn 0.9673 -0.2536 0.0009
vn 0.8838 -0.4671 0.0281
vn 0.1090 -0.9859 0.1267
vn -0.2874 -0.9067 0.3087
vn 0.9781 -0.2082 -0.0069
vn 0.9789 -0.2040 -0.0135
vn 0.9819 -0.1881 -0.0236
vn 0.7988 -0.5997 -0.0478
vn 0.1401 -0.9765 -0.1638
vn -0.3938 -0.9118 0.1164
vn -0.8553 -0.5064 0.1096
vn -0.9794 -0.1592 0.1240
vn -0.4686 -0.5788 0.6673
vn 0.9866 -0.1590 -0.0374
vn 0.1744 -0.6361 -0.7517
vn -0.4028 -0.6798 -0.6129
vn -0.5626 -0.8130 -0.1503
vn -0.9208 -0.3895 -0.0195
vn -0.9893 0.1452 0.0128
vn -0.9881 0.1522 0.0216
vn -0.3213 -0.2607 -0.9104
vn -0.9472 -0.1004 -0.3047
vn -0.8894 0.3839 -0.2481
vn -0.4215 -0.1070 -0.9005
vn -0.8551 0.1651 -0.4914
vn -0.8609 0.3754 -0.3436
vn -0.2098 0.2018 -0.9567
vn -0.3308 0.5117 -0.7929
vn -0.1502 0.6192 -0.7707
vn -0.1051 0.7599 -0.6415
vn -0.3175 0.8997 -0.2995
vn -0.8652 0.5010 -0.0183
vn 0.3196 0.1115 -0.9410
vn 0.5868 0.3094 -0.7483
vn 0.7450 0.3152 -0.5878
vn 0.7776 0.3861 -0.4962
vn 0.7706 0.5688 -0.2873
vn 0.9223 -0.1086 -0.3709
vn 0.9893 -0.1417 -0.0338
vn 0.9905 -0.1363 -0.0209
vn 0.9929 -0.0908 -0.0767
vn 0.9948 -0.0777 -0.0654
vn 0.9963 -0.0784 -0.0343
vn 0.9948 -0.1004 -0.0183
vn 0.9693 0.2434 -0.0346
vn 0.4332 0.8976 -0.0817
vn -0.1997 0.9792 -0.0353
vn -0.7683 0.6379 0.0522
vn 0.9936 -0.1129 -0.0079
vn 0.9428 0.3326 0.0205
vn 0.4369 0.8953 0.0864
vn -0.1705 0.9779 0.1207
vn -0.6001 0.7643 0.2362
vn 0.9930 -0.1175 -0.0127
vn 0.9433 0.3131 0.1105
vn 0.3120 0.8996 0.3056
vn -0.0912 0.7700 0.6315
vn -0.7933 0.4812 0.3730
vn 0.9937 -0.1116 0.0082
vn 0.7778 0.4406 0.4482
vn 0.3197 0.3458 0.8822
vn -0.3504 0.4518 0.8204
vn -0.8365 0.2856 0.4677
vn 0.9216 0.0098 0.3881
vn 0.3703 0.0454 0.9278
vn -0.3206 0.1861 0.9288
vn -0.8525 0.1585 0.4981
vn -0.9065 0.1053 0.4088
vn 0.9904 -0.1382 0.0038
vn 0.9273 -0.1045 0.3594
vn 0.3559 -0.0717 0.9318
vn -0.3225 0.0523 0.9451
vn -0.3355 -0.0431 0.9410
vn -0.8585 -0.0253 0.5122
vn 0.9911 -0.1329 0.0063
vn 0.9912 -0.1325 0.0076
vn 0.9291 -0.1422 0.3415
vn 0.9912 -0.1322 0.0091
vn 0.9910 -0.1336 0.0106
vn 0.8775 -0.2383 0.4162
vn 0.1813 -0.4136 0.8922
vn 0.3278 -0.1674 0.9298
vn -0.2761 -0.2612 0.9249
vn 0.8962 -0.3825 0.2248
vn 0.4854 0.3159 0.8152
vn 0.2589 -0.0629 0.9639
vn 0.3247 0.1462 0.9345
vn 0.5454 0.5635 0.6205
vn 0.8766 0.3487 -0.3317
vn 0.8281 0.1557 -0.5386
vn 0.8092 -0.5770 -0.1109
vn 0.3182 -0.9447 0.0787
vn 0.5329 0.8210 0.2047
vn 0.2554 0.9209 -0.2944
vn 0.2648 0.1408 -0.9540
vn 0.5755 0.5971 -0.5588
vn 0.5210 -0.4651 -0.7157
vn -0.6604 0.4832 0.5748
vn -0.8122 -0.5453 0.2073
vn -0.7552 -0.0479 0.6537
vn -0.9731 0.0385 0.2271
vn -0.3922 0.1186 0.9122
vn -0.9660 -0.1999 -0.1642
vn -0.5681 0.0903 0.8180
vn -0.5226 -0.8473 0.0944
vn -0.3271 -0.9352 -0.1358
vn -0.2764 -0.8828 -0.3798
vn -0.6255 0.0704 -0.7770
vn -0.5246 0.4597 -0.7166
vn -0.6327 0.0675 -0.7715
vn -0.8335 0.2362 -0.4995
vn -0.4246 0.0973 -0.9001
vn -0.7015 0.7094 -0.0686
vn -0.6528 0.6922 -0.3077
vn -0.2915 0.7683 -0.5699
vn -0.6079 0.3208 -0.7263
vn -0.4002 -0.0663 -0.9140
vn -0.8953 -0.4378 -0.0829
vn -0.5830 0.0828 -0.8082
vn -0.7520 0.4580 -0.4740
vn -0.7500 0.3830 0.5392
vn -0.8219 -0.4786 0.3088
vn -0.3025 -0.9490 0.0891
vn -0.4192 0.8503 0.3183
vn -0.3233 0.9313 -0.1676
vn -0.3127 0.1412 0.9393
vn -0.4664 0.3345 0.8189
vn -0.3262 0.3735 0.8684
vn 0.6705 -0.4802 0.5656
vn 0.4439 -0.8650 0.2339
vn 0.5287 -0.8439 -0.0910
vn 0.7753 -0.5506 -0.3095
vn 0.6524 -0.0541 -0.7560
vn 0.9938 -0.1101 0.0172
vn 0.8955 0.0357 -0.4436
vn 0.5691 0.4847 -0.6643
vn 0.6097 0.5612 0.5598
vn 0.7061 0.0750 0.7041
vn 0.8840 0.2393 0.4016
vn 0.9307 0.1044 -0.3504
vn 0.2156 0.1847 -0.9589
vn 0.2453 0.1209 -0.9619
vn 0.5070 0.1336 0.8515
vn 0.3027 0.5360 -0.7881
vn 0.5282 0.7579 -0.3829
vn 0.7073 0.7060 -0.0357
vn 0.6809 0.7002 0.2147
vn 0.3692 0.7555 0.5413
vn 0.0334 -0.4232 0.9054
vn -0.4084 0.6205 0.6695
vn -0.1425 0.9822 -0.1227
vn 0.0001 0.8392 -0.5439
vn -0.1265 0.8211 -0.5566
vn -0.0000 0.7592 -0.6508
vn -0.4418 -0.0571 0.8953
vn -0.7329 0.4676 0.4942
vn -0.4244 0.8969 -0.1245
vn -0.2829 0.7984 -0.5316
vn -0.1543 0.7288 -0.6672
vn 0.0067 0.6062 -0.7953
vn -0.1613 0.5947 -0.7876
vn -0.0449 0.4485 -0.8926
vn -0.1333 -0.5200 0.8437
vn -0.5389 0.6728 0.5069
vn -0.5831 0.8091 -0.0731
vn -0.4780 0.8427 -0.2478
vn -0.4081 0.7080 -0.5764
vn -0.3063 0.6822 -0.6639
vn -0.0833 -0.1914 0.9780
vn 0.1317 -0.1429 0.9809
vn -0.3888 0.6967 0.6029
vn -0.4743 0.8690 -0.1413
vn 0.1999 -0.0924 0.9754
vn 0.2570 -0.0747 0.9635
vn -0.4976 0.5840 0.6413
vn -0.6955 0.7053 -0.1371
vn -0.5758 0.7834 -0.2338
vn -0.5123 0.6313 -0.5823
vn 0.2630 -0.0758 0.9618
vn -0.6745 0.4420 0.5913
vn -0.8256 0.5628 -0.0410
vn -0.7019 0.4275 -0.5697
vn -0.6146 0.5604 -0.5552
vn -0.5745 0.4823 -0.6613
vn -0.4413 0.5524 -0.7072
vn -0.7101 0.2734 0.6489
vn -0.9270 0.3536 -0.1251
vn -0.7869 0.2593 -0.5600
vn -0.6476 0.3460 -0.6789
vn 0.2545 -0.0060 0.9671
vn -0.7895 0.1640 0.5915
vn -0.9725 0.2101 -0.1007
vn -0.8607 0.1424 -0.4889
vn -0.7372 0.2096 -0.6423
vn -0.5074 0.3131 -0.8028
vn -0.5089 0.4273 -0.7473
vn 0.2774 0.0536 0.9593
vn -0.7660 0.0519 0.6407
vn -0.9983 0.0223 0.0542
vn -0.9844 0.1074 -0.1390
vn -0.9166 0.0191 -0.3994
vn -0.8438 0.1033 -0.5266
vn 0.3233 0.0624 0.9442
vn -0.6886 -0.5532 0.4687
vn -0.9652 -0.2584 -0.0409
vn 0.1318 -0.5639 0.8152
vn -0.3831 0.4462 -0.8088
vn -0.3148 0.5679 -0.7605
vn -0.2972 0.3182 -0.9003
vn -0.2127 0.4500 -0.8673
vn -0.3189 0.1802 -0.9305
vn -0.1864 0.1739 -0.9670
vn -0.1216 0.3090 -0.9432
vn -0.4444 0.2055 -0.8719
vn -0.3700 -0.1728 -0.9128
vn -0.1765 -0.1961 -0.9646
vn -0.0773 0.1513 -0.9855
vn 0.0062 0.2960 -0.9552
vn -0.5953 0.1911 -0.7805
vn -0.5566 -0.2215 -0.8007
vn -0.2820 -0.7883 -0.5469
vn -0.1169 -0.8152 -0.5672
vn -0.0764 -0.2486 -0.9656
vn -0.7331 -0.1897 -0.6532
vn -0.3887 -0.8364 -0.3865
vn 0.4484 -0.7585 0.4728
vn 0.2566 -0.8682 0.4247
vn 0.1680 -0.8549 0.4908
vn 0.0889 -0.8717 0.4820
vn -0.8324 -0.2935 -0.4702
vn -0.4716 -0.8469 -0.2458
vn 0.4785 -0.8246 0.3019
vn -0.8665 -0.3921 -0.3089
vn -0.5260 -0.8447 -0.0994
vn 0.3290 -0.9235 0.1972
vn 0.6464 -0.6682 0.3683
vn 0.0248 -0.1837 -0.9827
vn 0.0005 0.1660 -0.9861
vn -0.1015 -0.7220 0.6844
vn -0.1828 -0.1823 0.9661
vn -0.1700 -0.8568 0.4869
vn -0.2890 -0.1760 0.9410
vn -0.2576 -0.8677 0.4252
vn -0.4421 -0.2024 0.8738
vn -0.4498 -0.7587 0.4711
vn -0.1762 -0.1618 0.9710
vn -0.3143 -0.1937 0.9294
vn -0.4296 -0.1930 0.8822
vn -0.5731 -0.2579 0.7778
vn -0.7521 -0.1987 0.6284
vn -0.6142 -0.6827 0.3958
vn -0.0434 -0.1817 0.9824
vn -0.1115 -0.2912 0.9501
vn -0.2356 -0.3162 0.9190
vn -0.4057 -0.3224 0.8553
vn -0.5020 -0.4160 0.7582
vn -0.6560 -0.3377 0.6750
vn -0.0028 -0.3077 0.9515
vn -0.1289 -0.4452 0.8861
vn -0.3196 -0.4496 0.8341
vn -0.4133 -0.5484 0.7270
vn -0.5686 -0.4774 0.6699
vn -0.6981 -0.4120 0.5856
vn -0.7714 -0.2639 0.5791
vn 0.0452 -0.4448 0.8945
vn -0.0067 -0.6020 0.7984
vn -0.1460 -0.5882 0.7954
vn -0.2647 -0.5831 0.7681
vn -0.3144 -0.7040 0.6368
vn -0.4805 -0.6170 0.6232
vn -0.6045 -0.5444 0.5816
vn -0.1594 -0.7125 0.6833
vn -0.1473 -0.8153 0.5600
vn 0.1882 -0.4394 0.8784
vn -0.3988 -0.7189 0.5693
vn -0.5346 -0.6435 0.5478
vn -0.3520 -0.1846 0.9176
vn -0.0000 -0.7605 0.6493
vn -0.0004 -0.8374 0.5466
vn -0.0349 -0.4627 0.8858
vn 0.3072 -0.1477 0.9401
vn -0.0266 0.0738 0.9969
vn -0.3777 -0.0668 0.9235
vn -0.8568 -0.1268 0.4999
vn -0.8523 -0.1125 0.5108
vn -0.4031 -0.8911 0.2086
vn -0.9140 -0.0381 0.4039
vn -0.3297 -0.9094 0.2536
vn -0.3075 0.0636 0.9494
vn -0.2521 -0.3129 0.9157
vn -0.1703 -0.1215 0.9779
vn 0.0781 -0.1858 0.9795
vn 0.0369 -0.7181 0.6949
vn -0.1144 -0.6489 0.7522
vn 0.1484 -0.3349 -0.9305
vn -0.0505 -0.2362 -0.9704
vn 0.1700 -0.7461 -0.6437
vn 0.2959 -0.7833 -0.5467
vn 0.1380 -0.9790 -0.1497
vn -0.0673 -0.9895 0.1278
vn 0.3359 -0.2720 -0.9018
vn 0.5317 -0.2617 -0.8055
vn 0.4484 -0.7301 -0.5156
vn 0.5096 -0.7834 -0.3557
vn 0.0412 -0.9388 -0.3421
vn -0.0889 -0.9933 0.0736
vn -0.3900 -0.7178 0.5767
vn -0.2598 -0.7094 0.6552
vn 0.7145 -0.2033 -0.6694
vn 0.8336 -0.2360 -0.4995
vn 0.5182 -0.6886 -0.5073
vn 0.1028 -0.4246 -0.8995
vn -0.5976 -0.5964 -0.5358
vn -0.2356 -0.9572 -0.1679
vn -0.5403 -0.7889 0.2926
vn -0.5864 -0.6247 0.5157
vn 0.7902 -0.2106 -0.5755
vn 0.6372 -0.1109 -0.7627
vn 0.5130 -0.0166 -0.8582
vn 0.0596 -0.3539 -0.9334
vn -0.5041 -0.1862 -0.8434
vn -0.9077 -0.1591 -0.3883
vn -0.9329 -0.2937 0.2083
vn -0.7595 -0.6356 0.1388
vn -0.8250 -0.2986 0.4798
vn 0.7796 -0.1273 -0.6132
vn 0.3734 -0.8648 -0.3357
vn -0.6107 -0.5927 -0.5252
vn -0.9560 0.0706 -0.2849
vn -0.9986 -0.0095 0.0517
vn -0.9620 -0.1816 0.2037
vn 0.9429 -0.2263 -0.2446
vn 0.6245 -0.7809 0.0108
vn -0.1163 -0.9817 0.1510
vn -0.5028 -0.8641 -0.0234
vn -0.9641 -0.2617 0.0445
vn -0.9426 0.1405 0.3031
vn -0.9013 0.3562 0.2464
vn 0.9253 -0.3404 -0.1672
vn 0.5733 -0.8125 -0.1052
vn -0.2326 -0.9705 -0.0636
vn -0.7971 -0.5864 0.1442
vn -0.8701 -0.4448 0.2121
vn 0.8304 -0.2073 -0.5172
vn 0.4076 -0.6550 -0.6362
vn -0.2868 -0.6386 -0.7141
vn -0.8478 -0.4899 -0.2029
vn -0.9755 -0.1606 0.1507
vn -0.9654 -0.1692 0.1982
vn 0.2766 -0.0874 -0.9570
vn -0.5154 -0.2433 -0.8217
vn -0.9711 -0.1936 -0.1398
vn -0.9521 -0.0307 0.3041
vn -0.9743 -0.0727 0.2131
vn -0.9500 -0.1079 0.2929
vn 0.7914 0.0424 -0.6098
vn 0.7904 0.0710 -0.6084
vn 0.2985 -0.0090 -0.9544
vn -0.4076 -0.0563 -0.9114
vn -0.9275 -0.0241 -0.3732
vn -0.9823 0.0024 0.1873
vn 0.8572 -0.0682 -0.5105
vn 0.3399 -0.2333 -0.9111
vn -0.4041 -0.0186 -0.9145
vn -0.6612 0.0543 -0.7483
vn -0.9267 0.1509 -0.3442
vn -0.9612 0.1650 0.2210
vn 0.9064 -0.1973 -0.3734
vn 0.3762 -0.7492 -0.5451
vn -0.5781 -0.4581 -0.6753
vn -0.9284 0.0933 -0.3596
vn 0.9285 -0.3440 -0.1395
vn 0.8269 -0.5580 0.0701
vn 0.1968 -0.9739 -0.1128
vn -0.5080 -0.8352 -0.2109
vn -0.9468 -0.2208 -0.2341
vn -0.9616 -0.0698 -0.2656
vn -0.9715 0.1563 0.1780
vn 0.1437 -0.9864 0.0797
vn -0.5922 -0.7921 -0.1478
vn -0.9451 -0.2309 -0.2314
vn -0.9760 0.0753 -0.2045
vn -0.9818 0.0396 -0.1858
vn -0.9979 0.0646 0.0071
vn 0.8166 -0.5108 0.2689
vn 0.6459 -0.6676 0.3704
vn 0.0642 -0.9965 0.0530
vn -0.2412 -0.9681 -0.0674
vn -0.6420 -0.7350 -0.2182
vn -0.9268 -0.2280 -0.2985
vn -0.9546 0.0730 -0.2887
vn 0.4888 -0.7078 0.5100
vn 0.1137 -0.9855 0.1256
vn -0.3274 -0.8568 -0.3984
vn -0.5225 -0.7862 -0.3300
vn -0.9070 -0.2135 -0.3631
vn -0.9514 0.0639 -0.3013
vn 0.3723 -0.6691 0.6431
vn 0.2246 -0.7124 0.6649
vn -0.0660 -0.9586 -0.2772
vn -0.3094 -0.7775 -0.5475
vn -0.5269 -0.2577 -0.8099
vn -0.6862 -0.2353 -0.6883
vn -0.8122 -0.1651 -0.5595
vn 0.0792 -0.7095 0.7002
vn -0.9272 0.0722 -0.3675
vn -0.8540 0.0873 -0.5130
vn -0.7316 0.1111 -0.6727
vn -0.6203 0.1316 -0.7733
vn -0.4824 0.1337 -0.8657
vn -0.3428 -0.1853 -0.9210
vn -0.3184 0.1709 -0.9324
vn -0.1791 -0.0945 -0.9793
vn -0.1307 0.1666 -0.9773
vn -0.0058 -0.1366 -0.9906
vn -0.0000 0.1623 -0.9867
vn -0.2512 -0.6911 -0.6777
vn -0.1026 -0.6865 -0.7198
vn -0.9579 0.2379 0.1606
vn -0.9770 0.1703 0.1284
vn -0.9690 0.1036 0.2242
vn -0.9915 -0.0247 0.1274
vn -0.9866 0.1498 0.0649
vn -0.9650 -0.0434 0.2588
vn -0.9301 -0.0587 0.3626
vn -0.9069 -0.0838 0.4130
vn -0.9403 0.3226 0.1083
vn -0.9517 0.1682 0.2568
vn -0.9250 -0.0165 0.3795
vn -0.8892 -0.0370 0.4561
vn -0.8793 -0.0444 0.4742
vn -0.8492 -0.0985 0.5188
vn -0.8641 0.1218 0.4883
vn -0.9086 0.3157 0.2734
vn -0.9076 0.1847 0.3771
vn -0.8691 0.1409 0.4741
vn -0.8613 -0.0237 0.5076
vn -0.8634 -0.0419 0.5027
vn -0.8602 0.3027 0.4105
vn -0.8193 0.3064 0.4845
vn -0.8447 0.1620 0.5101
vn -0.8878 -0.1915 0.4184
vn -0.8453 -0.0823 0.5280
vn -0.7836 -0.1168 0.6102
vn -0.7204 -0.2683 0.6396
vn -0.5976 -0.2720 0.7543
vn -0.9228 -0.0620 0.3802
vn -0.8057 0.3752 0.4584
vn -0.7182 0.3172 0.6193
vn -0.6894 -0.0821 0.7197
vn -0.7437 0.5557 0.3717
vn -0.6840 0.5426 0.4876
vn -0.5855 0.5399 0.6047
vn -0.5533 0.3474 0.7571
vn -0.5916 -0.0953 0.8006
vn -0.7693 0.0851 0.6332
vn -0.6372 0.1310 0.7595
vn -0.4516 0.5465 0.7052
vn -0.3434 0.4305 0.8347
vn -0.4570 -0.0369 0.8887
vn -0.4544 -0.1559 0.8771
vn -0.7650 -0.1624 0.6232
vn -0.6925 -0.1437 0.7070
vn -0.5515 -0.1152 0.8262
vn -0.4564 0.1436 0.8781
vn -0.2882 0.5480 0.7853
vn -0.1609 0.4260 0.8903
vn -0.2791 -0.0495 0.9590
vn -0.2609 -0.1511 0.9535
vn -0.4307 -0.2747 0.8597
vn -0.3620 -0.0884 0.9280
vn -0.2551 0.1520 0.9549
vn -0.0555 -0.0549 0.9970
vn -0.0525 -0.1603 0.9857
vn -0.2380 -0.2636 0.9348
vn -0.0504 -0.2810 0.9584
vn -0.3533 -0.8048 0.4770
vn -0.0850 -0.9606 0.2645
vn -0.4059 -0.4666 0.7859
vn 0.4190 -0.5590 -0.7155
vn 0.5403 -0.3719 -0.7548
vn 0.5197 -0.5239 -0.6749
vn 0.4946 -0.5258 -0.6920
vn 0.3678 -0.4069 -0.8362
vn 0.2240 -0.5783 -0.7845
vn -0.0860 -0.8143 0.5741
vn 0.1197 -0.5893 -0.7990
vn -0.0000 -0.5899 -0.8075
vn -0.0000 -0.8082 0.5889
vn 0.4368 -0.5094 -0.7414
vn 0.4325 -0.5013 -0.7494
vn 0.5390 -0.5251 -0.6586
vn 0.7645 -0.4062 -0.5006
vn 0.8512 -0.2982 -0.4320
vn 0.5070 -0.2494 -0.8251
vn 0.6568 0.7532 -0.0359
vn 0.6918 0.6619 -0.2888
vn 0.4997 0.8036 -0.3233
vn 0.5066 0.7376 -0.4464
vn 0.4514 0.8166 -0.3598
vn 0.4924 0.6956 -0.5232
vn 0.4463 0.6507 -0.6144
vn 0.3157 0.7457 -0.5868
vn 0.2409 0.6512 -0.7197
vn 0.1262 0.5606 -0.8184
vn -0.4143 0.7225 0.5535
vn -0.6227 -0.0039 0.7824
vn -0.2668 0.7529 0.6016
vn -0.4720 0.5709 0.6718
vn -0.3014 0.8343 0.4617
vn -0.5135 0.2491 0.8211
vn -0.3948 0.1376 0.9084
vn -0.1079 0.5850 0.8038
vn -0.0007 0.0898 0.9960
vn 0.1753 0.7725 0.6103
vn 0.4233 0.0639 0.9037
vn -0.3154 0.6990 -0.6418
vn -0.3566 0.7956 -0.4898
vn -0.4338 0.7775 -0.4554
vn -0.5387 0.6885 -0.4855
vn -0.4475 0.8206 -0.3556
vn 0.2587 0.7583 0.5984
vn -0.1815 0.7858 -0.5913
vn -0.1078 0.6910 -0.7148
vn -0.5023 0.8007 -0.3264
vn 0.2756 0.8181 0.5047
vn 0.6224 0.0128 0.7826
vn -0.6938 0.6584 -0.2919
vn -0.6565 0.7534 -0.0364
vn -0.8538 -0.2959 -0.4284
vn -0.5074 -0.2485 -0.8251
vn 0.7800 -0.6252 0.0276
vn 0.8856 -0.3123 -0.3437
vn -0.6632 0.7440 -0.0811
vn -0.5027 0.4647 -0.7290
vn 0.6305 -0.2139 0.7461
vn 0.5812 -0.5986 0.5513
vn 0.1725 -0.9804 0.0949
vn 0.4626 -0.5829 0.6680
vn 0.3562 -0.5852 0.7285
vn 0.0862 -0.9608 0.2635
vn 0.0849 -0.8134 0.5755
vn -0.1151 -0.9659 -0.2320
vn 0.9108 -0.1886 -0.3671
vn 0.5790 -0.5977 -0.5545
vn -0.0346 -0.7371 -0.6749
vn 0.4612 -0.1024 -0.8813
vn -0.3046 -0.1528 -0.9401
vn 0.4467 0.3630 -0.8177
vn -0.2773 0.5652 -0.7770
vn 0.4830 0.8295 -0.2804
vn -0.7442 -0.6313 -0.2183
vn -0.8776 -0.0495 -0.4768
vn -0.8572 0.3978 -0.3270
vn -0.2544 0.9477 -0.1927
vn -0.1601 0.9545 0.2516
vn 0.9081 0.3435 -0.2395
vn -0.9499 -0.1707 0.2619
vn -0.9329 -0.0970 0.3468
vn -0.9651 -0.0997 0.2419
vn -0.7886 0.5815 0.1999
vn -0.9505 0.0190 0.3101
vn -0.5486 -0.7481 0.3735
vn -0.4659 -0.8831 -0.0563
vn 0.1930 -0.9734 0.1237
vn 0.4509 -0.8218 -0.3483
vn 0.8172 -0.5588 -0.1412
vn 0.9664 0.0772 -0.2450
vn 0.9330 0.1173 -0.3401
vn 0.8310 -0.4431 0.3362
vn 0.8691 0.0999 0.4844
vn 0.2357 -0.5153 0.8240
vn 0.2529 0.2667 0.9300
vn 0.7793 0.5742 0.2510
vn -0.5251 -0.4351 0.7314
vn -0.3720 -0.0054 0.9282
vn -0.5769 0.4745 0.6649
vn 0.0997 0.8542 0.5103
vn 0.5044 0.8623 0.0448
vn -0.4104 0.8432 0.3473
vn -0.5536 0.1225 -0.8238
vn -0.6192 -0.2133 -0.7557
vn -0.6347 -0.6141 -0.4691
vn -0.5633 -0.8260 -0.0175
vn -0.4319 -0.8899 0.1467
vn -0.9590 -0.2521 -0.1298
vn -0.9243 -0.3811 -0.0201
vn -0.7047 -0.7025 0.0994
vn -0.9730 -0.0989 -0.2086
vn -0.9803 -0.1708 -0.0990
vn -0.9228 -0.2822 -0.2624
vn -0.8308 -0.5428 -0.1232
vn -0.8139 -0.5809 -0.0110
vn -0.7616 0.2177 -0.6104
vn -0.9799 -0.0609 -0.1897
vn -0.9183 -0.1199 -0.3773
vn -0.6851 -0.2443 -0.6862
vn -0.7381 -0.5263 -0.4222
vn -0.6333 0.3743 -0.6774
vn -0.5214 0.5430 -0.6582
vn -0.9038 0.0317 -0.4267
vn -0.3999 0.8561 -0.3276
vn -0.6452 0.5324 -0.5480
vn -0.6535 0.1751 -0.7364
vn -0.6756 -0.0018 -0.7373
vn -0.3726 0.9223 -0.1031
vn -0.6428 0.7616 -0.0821
vn -0.6233 0.7420 -0.2469
vn -0.8026 0.5557 -0.2169
vn -0.8246 0.2728 -0.4955
vn -0.6931 0.2313 -0.6827
vn -0.5874 0.8090 0.0207
vn -0.7838 0.6193 -0.0463
vn -0.6266 0.7713 0.1120
vn -0.7785 0.6237 0.0700
vn -0.8846 0.4664 0.0015
vn -0.8927 0.4421 -0.0880
vn -0.9195 0.3153 -0.2348
vn -0.5646 0.7760 0.2811
vn -0.7809 0.5811 0.2292
vn -0.8657 0.4637 0.1886
vn -0.8837 0.4580 0.0969
vn -0.9695 0.2404 0.0470
vn -0.9808 0.1778 -0.0796
vn -0.6166 0.5361 0.5765
vn -0.8494 0.2986 0.4352
vn -0.9527 0.2079 0.2216
vn -0.9953 0.0064 0.0965
vn -0.9997 -0.0246 0.0005
vn -0.3846 0.2637 0.8846
vn -0.6691 0.2225 0.7091
vn -0.6154 0.0763 0.7845
vn -0.8523 0.0107 0.5230
vn -0.9676 -0.0313 0.2504
vn -0.9872 -0.1267 0.0968
vn -0.3235 0.0852 0.9424
vn -0.2730 0.0047 0.9620
vn -0.5433 -0.0323 0.8389
vn -0.7917 -0.1461 0.5931
vn -0.9440 -0.1648 0.2858
vn -0.2574 -0.0700 0.9638
vn -0.4372 -0.1121 0.8924
vn -0.5967 -0.1286 0.7921
vn -0.6218 -0.2455 0.7437
vn -0.8122 -0.3406 0.4736
vn -0.2588 -0.1751 0.9499
vn -0.4731 -0.2234 0.8522
vn -0.3085 -0.4427 0.8419
vn -0.5192 -0.4059 0.7521
vn -0.6487 -0.4449 0.6175
vn -0.7031 -0.6271 0.3353
vn -0.8932 -0.3963 0.2127
vn -0.4153 -0.7755 0.4754
vn -0.5299 -0.7296 0.4323
vn -0.5019 -0.8562 0.1227
vn -0.7138 -0.6896 0.1223
vn -0.8824 -0.4705 0.0071
vn -0.9686 -0.2366 0.0763
vn -0.5784 -0.8076 0.1148
vn -0.5525 -0.8335 -0.0067
vn -0.5004 -0.8656 0.0198
vn -0.6742 -0.7386 -0.0059
vn -0.5766 -0.8113 -0.0968
vn -0.4744 -0.8785 -0.0558
vn -0.6682 -0.7335 -0.1242
vn -0.8618 -0.4441 -0.2452
vn -0.9579 -0.2861 -0.0235
vn -0.6493 -0.7082 -0.2774
vn -0.6328 -0.7177 -0.2908
vn -0.6544 -0.5201 -0.5489
vn -0.5903 -0.3271 -0.7379
vn -0.7218 -0.2832 -0.6315
vn -0.9031 -0.1987 -0.3807
vn -0.9691 -0.2101 -0.1291
vn -0.5156 -0.1468 -0.8441
vn -0.7145 -0.0868 -0.6942
vn -0.9319 -0.0859 -0.3524
vn -0.9889 -0.0851 -0.1216
vn -0.9861 -0.1660 -0.0079
vn -0.5651 -0.0541 -0.8232
vn -0.4888 -0.0487 -0.8711
vn -0.5126 0.0401 -0.8577
vn -0.7696 0.0640 -0.6353
vn -0.9470 0.0597 -0.3156
vn -0.5959 0.1249 -0.7933
vn -0.1500 -0.4938 0.8566
vn -0.0856 0.4975 0.8632
vn -0.8106 0.0451 0.5838
vn -0.4653 0.6689 0.5797
vn 0.4915 0.5628 0.6646
vn 0.4116 0.7904 0.4537
vn -0.0482 0.9632 -0.2646
vn -0.7693 0.5114 -0.3829
vn -0.9876 0.1499 -0.0469
vn 0.7250 0.1217 0.6779
vn 0.3310 0.8474 0.4151
vn -0.0431 0.8654 0.4992
vn 0.4978 0.8405 0.2140
vn 0.6553 0.7550 0.0246
vn 0.7532 0.6037 -0.2611
vn 0.9132 0.3057 -0.2693
vn 0.9518 0.0513 -0.3022
vn 0.9873 -0.1322 -0.0884
vn 0.8410 -0.4443 -0.3088
vn 0.7724 -0.6340 -0.0383
vn 0.6333 -0.7607 0.1427
vn 0.6109 -0.6764 0.4114
vn 0.3645 -0.7987 0.4787
vn 0.2078 -0.7141 0.6685
vn 0.0728 -0.5575 0.8270
vn -0.1594 -0.3338 0.9291
vn -0.0905 -0.0100 0.9958
vn 0.1058 0.1869 0.9767
vn -0.3525 0.5067 0.7867
vn -0.6998 0.1671 0.6945
vn -0.1020 0.8423 0.5293
vn -0.3313 0.8474 0.4149
vn -0.4471 0.8887 0.1016
vn -0.7025 0.7110 -0.0315
vn -0.8273 0.5335 -0.1758
vn -0.9132 0.3058 -0.2693
vn -0.9518 0.0512 -0.3023
vn -0.9397 -0.2083 -0.2712
vn -0.9413 -0.3369 -0.0199
vn -0.7349 -0.6581 -0.1638
vn -0.7437 -0.6225 0.2436
vn -0.5276 -0.8033 0.2762
vn -0.3645 -0.7988 0.4786
vn -0.2078 -0.7141 0.6685
vn -0.0728 -0.5575 0.8270
vn 0.1595 -0.3337 0.9291
vn 0.0906 -0.0105 0.9958
vn -0.1060 0.1869 0.9766
vn 0.3523 0.5073 0.7865
vn 0.7861 0.2014 -0.5844
vn 0.8166 0.4214 -0.3946
vn 0.8263 0.3123 -0.4687
vn 0.8575 0.1676 -0.4865
vn -0.5375 0.1368 -0.8321
vn -0.2433 0.6002 0.7619
vn -0.7053 0.1624 0.6901
vn -0.5551 -0.0505 -0.8303
vn -0.4859 0.5367 0.6898
vn -0.2145 0.4688 -0.8569
vn 0.2125 0.2961 -0.9312
vn 0.8686 0.2835 -0.4064
vn 0.6642 -0.1969 -0.7211
vn 0.6061 -0.6574 -0.4478
vn 0.0196 -0.8514 -0.5242
vn -0.5032 -0.6606 -0.5572
vn -0.7791 -0.1438 -0.6101
vn -0.6231 0.3938 -0.6758
vn -0.2391 0.8400 -0.4870
vn -0.0000 0.2422 0.9702
vn -0.2469 0.9496 0.1932
vn -0.5249 0.7763 0.3489
vn -0.5705 0.5046 0.6480
vn -0.7747 0.3686 0.5138
vn -0.8285 0.1169 0.5476
vn -0.8014 -0.1390 0.5818
vn -0.7219 -0.4604 0.5166
vn -0.4134 -0.4703 0.7797
vn -0.2975 -0.6939 0.6558
vn -0.0000 -0.8250 0.5651
vn 0.2975 -0.6939 0.6558
vn 0.4134 -0.4703 0.7797
vn 0.7219 -0.4604 0.5166
vn 0.8014 -0.1390 0.5818
vn 0.7037 0.0937 0.7043
vn 0.8489 0.3329 0.4107
vn 0.6452 0.5917 0.4833
vn 0.4162 0.6624 0.6229
vn 0.3007 0.9461 0.1200
vn 0.0349 0.2734 0.9613
vn 0.3109 -0.3914 0.8661
vn 0.8089 0.0504 0.5858
vn 0.4633 0.6855 0.5616
vn 0.9531 0.2875 0.0943
vn 0.4675 0.6588 0.5894
vn 0.8862 0.4341 -0.1619
vn 0.1916 0.9255 -0.3267
vn -0.4690 0.8571 0.2133
vn -0.3209 0.6378 0.7002
vn -0.4255 0.1656 -0.8897
vn -0.3253 -0.2765 -0.9043
vn 0.0505 -0.2904 -0.9556
vn 0.4218 -0.5049 -0.7531
vn 0.1505 -0.6753 -0.7220
vn -0.8284 0.0721 -0.5555
vn -0.6096 -0.2026 -0.7664
vn -0.5249 0.1309 -0.8411
vn -0.2564 -0.0623 -0.9646
vn -0.1521 0.1676 -0.9740
vn 0.2466 -0.2622 -0.9330
vn -0.8476 -0.0332 -0.5296
vn -0.6064 0.2884 -0.7410
vn -0.9922 -0.1244 0.0050
vn -0.9912 -0.1105 -0.0727
vn -0.9261 0.0626 -0.3721
vn -0.5512 0.1774 -0.8153
vn -0.1487 0.0286 -0.9885
vn 0.2390 -0.2527 -0.9376
vn 0.3475 -0.5191 -0.7809
vn -0.9308 -0.3313 -0.1546
vn -0.9718 -0.2345 -0.0238
vn -0.9872 -0.1589 0.0123
vn -0.9789 -0.1478 -0.1409
vn -0.9241 0.0845 -0.3726
vn -0.6432 0.2193 -0.7337
vn -0.0753 0.2191 -0.9728
vn -0.8349 -0.5025 -0.2245
vn -0.9459 -0.2926 0.1400
vn -0.9550 -0.2927 0.0486
vn -0.9889 -0.1349 0.0623
vn -0.9962 -0.0761 -0.0426
vn -0.9374 -0.0996 -0.3337
vn -0.6988 -0.7023 0.1355
vn -0.7822 -0.5725 0.2457
vn -0.7679 -0.5781 0.2760
vn -0.9589 -0.2005 0.2010
vn -0.9705 -0.0639 0.2324
vn -0.9906 0.0124 0.1365
vn -0.3093 -0.9267 0.2136
vn -0.3591 -0.8732 0.3294
vn -0.4007 -0.8720 0.2812
vn -0.3032 -0.8211 0.4836
vn -0.8378 -0.4633 0.2890
vn 0.0161 -0.9996 0.0221
vn 0.0259 -0.9733 0.2283
vn -0.0213 -0.9908 0.1338
vn 0.1364 -0.9791 0.1509
vn -0.4676 -0.8462 -0.2554
vn -0.8197 -0.5302 -0.2169
vn -0.1850 -0.9514 -0.2463
vn 0.0999 -0.9196 -0.3799
vn 0.3637 -0.9050 -0.2208
vn 0.3562 -0.8937 -0.2729
vn 0.2773 -0.8761 -0.3943
vn 0.4761 -0.6896 -0.5456
vn 0.4135 -0.6752 -0.6108
vn 0.5561 -0.6374 -0.5333
vn 0.3947 -0.6159 -0.6818
vn 0.4617 -0.5633 -0.6852
vn 0.5094 -0.5532 -0.6591
vn 0.6550 -0.5209 -0.5473
vn 0.4606 -0.4824 -0.7451
vn 0.6284 -0.4379 -0.6429
vn 0.0586 -0.6762 -0.7344
vn 0.0371 -0.7569 -0.6525
vn -0.3474 -0.7625 -0.5458
vn 0.2772 -0.3515 -0.8942
vn -0.3857 -0.4529 -0.8038
vn -0.3512 -0.6878 -0.6353
vn -0.5458 -0.6696 -0.5038
vn -0.8604 -0.4263 -0.2792
vn -0.6169 -0.3572 -0.7013
vn -0.5738 -0.6018 -0.5555
vn 0.3629 0.1387 -0.9214
vn 0.6079 -0.2047 -0.7672
vn 0.8438 -0.1499 -0.5152
vn 0.9990 -0.0393 -0.0202
vn 0.9740 -0.2224 -0.0439
vn 0.8973 -0.3887 -0.2091
vn 0.6368 0.1328 -0.7595
vn 0.9085 0.1399 -0.3938
vn 0.9795 -0.1454 -0.1395
vn 0.9884 -0.1506 0.0193
vn 0.9565 -0.2874 0.0495
vn 0.9436 -0.3285 0.0416
vn 0.2762 0.0669 -0.9588
vn 0.5142 0.2210 -0.8287
vn 0.6437 0.1450 -0.7514
vn 0.9213 0.0760 -0.3812
vn 0.9954 -0.0800 -0.0535
vn 0.9889 -0.1350 0.0622
vn 0.3343 -0.2830 -0.8990
vn -0.0503 -0.2826 -0.9579
vn 0.1010 0.0711 -0.9923
vn 0.2171 0.1667 -0.9618
vn 0.5576 0.3355 -0.7593
vn 0.9404 -0.0025 -0.3400
vn -0.4961 -0.4560 -0.7389
vn -0.3331 -0.2433 -0.9110
vn -0.1803 -0.2540 -0.9503
vn 0.0255 0.1267 -0.9916
vn 0.4319 -0.4423 -0.7860
vn -0.3862 -0.6039 -0.6973
vn -0.4704 -0.5582 -0.6835
vn -0.3495 -0.5187 -0.7803
vn -0.4616 -0.4819 -0.7448
vn -0.1998 -0.4178 -0.8863
vn -0.1559 -0.6874 -0.7094
vn -0.3834 -0.7051 -0.5965
vn -0.4173 -0.6713 -0.6125
vn -0.5097 -0.5530 -0.6591
vn -0.0960 -0.9169 -0.3874
vn -0.3733 -0.9001 -0.2246
vn -0.3595 -0.8933 -0.2696
vn -0.5675 -0.6265 -0.5343
vn -0.6557 -0.5173 -0.5500
vn -0.6279 -0.4381 -0.6433
vn 0.1955 -0.9477 -0.2523
vn -0.0146 -0.9997 0.0179
vn 0.0269 -0.9828 0.1827
vn -0.0351 -0.9984 0.0437
vn -0.1707 -0.9494 0.2637
vn -0.3548 -0.8572 -0.3734
vn 0.1375 -0.9771 0.1627
vn 0.3127 -0.9259 0.2118
vn 0.4852 -0.8679 -0.1065
vn 0.7054 -0.6975 0.1262
vn 0.4040 -0.8525 0.3316
vn 0.8170 -0.4903 0.3036
vn 0.7438 -0.6291 0.2257
vn 0.2716 -0.9016 0.3368
vn 0.3754 -0.8347 0.4030
vn 0.2943 -0.9150 -0.2758
vn 0.2915 -0.7716 -0.5654
vn -0.1088 -0.7649 -0.6349
vn 0.8061 -0.5773 0.1299
vn 0.5351 -0.7045 -0.4662
vn 0.3576 -0.6763 -0.6440
vn -0.0614 -0.6876 -0.7235
vn 0.9566 -0.2152 0.1965
vn 0.9693 -0.0674 0.2366
vn 0.8520 -0.4903 -0.1836
vn 0.8691 -0.4224 -0.2572
vn 0.5429 -0.6241 -0.5619
vn 0.9948 -0.0021 0.1018
vn 0.7664 -0.4553 -0.4531
vn -0.2037 0.8271 0.5239
vn 0.0071 0.9876 0.1565
vn 0.2968 0.9437 0.1460
vn -0.3990 0.8589 -0.3211
vn -0.6227 0.7063 -0.3366
vn -0.5449 0.8134 -0.2036
vn -0.5756 0.8172 0.0288
vn -0.4223 0.5991 0.6802
vn 0.7474 0.4163 0.5179
vn 0.1665 0.9822 0.0874
vn -0.4867 0.8235 -0.2914
vn -0.7246 0.4513 -0.5208
vn -0.7172 0.4938 -0.4917
vn -0.7315 0.4856 -0.4787
vn -0.7397 0.5115 -0.4373
vn 0.8005 0.2408 0.5489
vn 0.0011 0.9502 0.3115
vn -0.7893 0.6138 -0.0182
vn -0.8418 0.3480 -0.4126
vn -0.8942 0.1234 -0.4303
vn -0.8404 0.3212 -0.4365
vn -0.7593 0.4888 -0.4295
vn 0.6660 0.4741 0.5759
vn -0.3525 0.6780 0.6450
vn -0.9220 0.3007 0.2439
vn -0.9672 0.1114 -0.2281
vn -0.9837 -0.0171 -0.1790
vn -0.9521 -0.0278 -0.3044
vn -0.9216 0.0895 -0.3777
vn 0.6837 0.2261 0.6938
vn -0.4516 0.2512 0.8561
vn -0.9571 0.0879 0.2761
vn -0.9315 -0.0476 0.3607
vn -0.9867 -0.0971 -0.1305
vn -0.9586 -0.0355 -0.2826
vn 0.5422 0.1656 0.8238
vn -0.4160 0.1139 0.9022
vn -0.3707 -0.0385 0.9280
vn -0.8844 -0.2330 0.4044
vn -0.9766 -0.1825 -0.1139
vn 0.6897 0.1001 0.7172
vn 0.7112 0.1068 0.6949
vn -0.3647 -0.1839 0.9128
vn -0.2942 -0.3310 0.8966
vn -0.8221 -0.4317 0.3712
vn -0.9436 -0.3281 -0.0449
vn -0.9617 -0.1381 -0.2369
vn 0.8142 0.2282 0.5338
vn -0.1260 -0.4329 0.8926
vn -0.7471 -0.5879 0.3102
vn -0.8989 -0.4380 -0.0072
vn -0.9236 -0.2998 -0.2387
vn -0.9201 -0.1167 -0.3739
vn -0.9355 -0.0462 -0.3503
vn 0.7515 0.2775 0.5985
vn 0.0175 -0.4785 0.8779
vn -0.5245 -0.7619 0.3801
vn -0.7835 -0.6189 -0.0559
vn -0.8445 -0.5352 -0.0217
vn -0.8565 -0.4766 -0.1982
vn -0.8527 -0.3390 -0.3975
vn 0.7261 0.3265 0.6051
vn 0.2143 -0.5685 0.7942
vn -0.3232 -0.8618 0.3909
vn -0.6589 -0.7521 -0.0140
vn -0.7165 -0.6837 -0.1387
vn -0.7650 -0.5793 -0.2813
vn 0.7612 0.4735 0.4432
vn 0.7450 0.1982 0.6370
vn 0.1915 -0.7530 0.6295
vn -0.3994 -0.9059 0.1410
vn -0.6340 -0.7544 -0.1703
vn -0.6444 -0.6935 -0.3221
vn -0.7791 -0.4850 -0.3971
vn 0.4433 -0.6572 0.6096
vn -0.1193 -0.9678 0.2215
vn -0.4959 -0.8402 -0.2194
vn -0.3370 -0.7945 -0.5052
vn -0.5751 -0.6877 -0.4431
vn 0.7257 0.3740 0.5775
vn 0.6450 0.4783 0.5960
vn 0.4926 -0.7621 0.4202
vn -0.0840 -0.9964 0.0072
vn -0.3303 -0.8315 -0.4466
vn -0.4023 -0.7115 -0.5761
vn -0.2816 -0.7624 -0.5826
vn -0.1659 -0.7622 -0.6257
vn 0.7316 0.2641 0.6286
vn 0.5625 -0.7989 0.2129
vn -0.0278 -0.9852 -0.1688
vn -0.4327 -0.7720 -0.4656
vn -0.6222 -0.6999 -0.3507
vn -0.5678 -0.6495 -0.5058
vn -0.1723 -0.7269 -0.6648
vn 0.8978 0.2131 0.3854
vn 0.4650 -0.7905 0.3987
vn -0.1811 -0.9750 -0.1285
vn -0.4669 -0.8350 -0.2911
vn -0.6073 -0.6772 -0.4153
vn 0.6874 0.3213 0.6514
vn 0.0026 -0.6494 0.7604
vn 0.0074 -0.9997 0.0230
vn -0.0034 -0.8992 -0.4376
vn 0.0440 -0.7284 -0.6838
vn -0.6103 -0.5654 -0.5548
vn -0.7786 -0.4907 -0.3911
vn -0.0000 0.7134 0.7007
vn -0.0472 -0.5218 -0.8517
vn -0.5036 -0.4960 -0.7074
vn -0.7169 -0.4382 -0.5422
vn -0.6908 -0.5199 -0.5025
vn -0.3818 -0.5730 -0.7252
vn -0.3686 -0.3707 -0.8525
vn -0.5795 -0.3928 -0.7141
vn -0.6828 -0.4252 -0.5942
vn -0.5874 -0.3992 -0.7040
vn -0.6728 -0.3022 -0.6752
vn -0.5234 -0.5215 -0.6739
vn -0.0002 -0.2974 -0.9548
vn -0.0095 -0.1791 -0.9838
vn -0.2739 -0.2796 -0.9202
vn -0.5108 -0.3407 -0.7893
vn -0.6315 -0.3186 -0.7069
vn -0.7036 -0.2498 -0.6652
vn -0.7576 -0.2061 -0.6193
vn -0.8432 -0.3022 -0.4445
vn -0.2962 -0.1815 -0.9377
vn -0.5156 -0.1467 -0.8442
vn -0.6850 -0.0966 -0.7221
vn -0.7618 -0.2565 -0.5949
vn -0.2050 -0.0568 -0.9771
vn -0.4478 0.0188 -0.8939
vn -0.6130 0.0792 -0.7861
vn -0.6857 0.0617 -0.7252
vn -0.0042 0.0039 -1.0000
vn -0.2103 0.0503 -0.9764
vn -0.4264 0.2125 -0.8792
vn -0.6512 0.2523 -0.7158
vn -0.7600 0.3980 -0.5138
vn -0.7385 0.3668 -0.5657
vn -0.1860 0.1856 -0.9649
vn -0.2795 0.2877 -0.9160
vn -0.4773 0.2762 -0.8342
vn -0.6401 0.3926 -0.6604
vn -0.0023 0.2397 -0.9709
vn -0.0035 0.2414 -0.9704
vn -0.3129 0.3199 -0.8943
vn -0.5172 0.4226 -0.7443
vn -0.5718 0.5478 -0.6108
vn -0.5044 0.6593 -0.5575
vn -0.6393 0.4925 -0.5906
vn -0.0018 0.3544 -0.9351
vn -0.5943 0.4653 -0.6560
vn -0.6345 0.6143 -0.4692
vn -0.5344 0.6878 -0.4913
vn -0.6293 0.6062 -0.4863
vn -0.0025 0.5339 -0.8456
vn -0.6119 0.5389 -0.5789
vn -0.7416 0.5066 -0.4397
vn -0.7665 0.6422 -0.0006
vn -0.0000 0.6738 -0.7389
vn -0.0828 0.8177 -0.5696
vn -0.7255 0.5720 -0.3827
vn -0.5936 0.8035 0.0447
vn 0.1294 0.9870 -0.0951
vn -0.8116 0.2091 -0.5455
vn -0.8527 -0.0194 -0.5220
vn -0.7659 -0.1940 -0.6130
vn -0.8730 0.2485 -0.4198
vn -0.9173 0.0235 -0.3975
vn -0.8487 -0.2347 -0.4739
vn -0.8053 -0.3549 -0.4750
vn -0.8914 0.2750 -0.3602
vn -0.9144 -0.1218 -0.3861
vn -0.8982 -0.2022 -0.3904
vn -0.7976 -0.4353 -0.4175
vn -0.5757 -0.5984 -0.5571
vn 0.5836 -0.3716 0.7221
vn 0.4221 -0.3417 0.8397
vn 0.5150 -0.1697 0.8402
vn 0.0774 0.2779 0.9575
vn -0.0000 -0.2376 0.9714
vn -0.0017 0.2726 0.9621
vn 0.3215 -0.3561 0.8774
vn -0.8001 0.2165 0.5594
vn 0.1195 -0.4495 0.8852
vn -0.7575 0.2735 0.5928
vn -0.5189 -0.4381 -0.7340
vn -0.4271 -0.5003 -0.7532
vn -0.6626 -0.0121 -0.7489
vn -0.4741 -0.6142 -0.6309
vn -0.4815 -0.7074 -0.5174
vn -0.6240 -0.6134 -0.4842
vn -0.5788 -0.8075 -0.1134
vn -0.7506 -0.5180 -0.4102
vn -0.8164 -0.5352 -0.2170
vn -0.9189 -0.3601 -0.1612
vn -0.8979 -0.3663 -0.2442
vn -0.4477 0.2617 -0.8550
vn -0.4064 0.5267 -0.7466
vn -0.6285 0.4527 -0.6325
vn -0.6397 0.4159 -0.6464
vn -0.8585 0.0685 -0.5082
vn -0.9493 -0.2981 -0.0998
vn -0.6602 0.3804 -0.6476
vn -0.9399 -0.0194 -0.3409
vn -0.5806 -0.1701 -0.7962
vn 0.0397 -0.0440 -0.9982
vn -0.3244 0.1640 -0.9316
vn -0.9172 0.3603 0.1700
vn -0.9106 0.3353 -0.2416
vn -0.7889 0.5723 -0.2240
vn -0.6410 0.6148 -0.4596
vn -0.7326 -0.5545 -0.3946
vn -0.7202 -0.5853 -0.3724
vn -0.6780 -0.2918 -0.6747
vn -0.8934 -0.1804 -0.4115
vn -0.9912 -0.0789 0.1064
vn -0.4995 0.0759 -0.8630
vn -0.9092 0.3351 -0.2473
vn -0.9055 0.2614 -0.3343
vn -0.2328 -0.5869 -0.7755
vn -0.2139 -0.4391 -0.8726
vn -0.4572 0.1868 -0.8695
vn -0.7337 0.5557 -0.3910
vn -0.8243 0.4528 -0.3399
vn -0.5323 0.1870 -0.8256
vn -0.5087 0.3685 -0.7781
vn -0.3897 0.6838 -0.6169
vn -0.7261 0.4444 -0.5247
vn -0.8486 -0.5289 0.0148
vn -0.8080 -0.5388 -0.2385
vn -0.6712 0.3368 -0.6604
vn -0.6285 -0.7435 -0.2287
vn -0.4687 -0.7634 -0.4444
vn -0.9433 -0.3134 0.1094
vn -0.5012 -0.5897 -0.6333
vn 0.6648 -0.0070 -0.7470
vn 0.4300 -0.4958 -0.7545
vn 0.5221 -0.4324 -0.7352
vn 0.4723 -0.6151 -0.6314
vn 0.4818 -0.7069 -0.5179
vn 0.9197 -0.3587 -0.1600
vn 0.6429 0.4127 -0.6453
vn 0.5521 -0.7146 -0.4296
vn 0.5798 -0.8067 -0.1144
vn 0.8360 -0.4654 -0.2908
vn 0.8978 -0.3653 -0.2460
vn 0.9496 -0.2991 -0.0934
vn 0.8602 0.0654 -0.5057
vn 0.6635 0.3757 -0.6470
vn 0.7454 -0.5210 -0.4159
vn 0.7240 0.5050 -0.4700
vn 0.4877 0.6050 -0.6294
vn 0.4066 0.5043 -0.7618
vn 0.4491 0.2600 -0.8548
vn 0.8291 0.4268 -0.3612
vn 0.8704 0.4781 -0.1177
vn 0.9162 0.3626 0.1703
vn 0.9399 -0.0191 -0.3410
vn 0.5798 -0.1698 -0.7969
vn 0.7338 -0.5495 -0.3994
vn 0.6828 -0.2842 -0.6730
vn 0.9911 -0.0799 0.1063
vn 0.5069 0.0742 -0.8588
vn 0.9430 -0.3139 0.1103
vn -0.0398 -0.0442 -0.9982
vn 0.3236 0.1658 -0.9316
vn 0.4220 0.2979 -0.8563
vn 0.8486 -0.5288 0.0148
vn 0.5849 0.3046 -0.7517
vn 0.8080 -0.5388 -0.2385
vn 0.5873 0.4791 -0.6523
vn 0.6285 -0.7435 -0.2287
vn 0.7431 0.4584 -0.4875
vn 0.4687 -0.7634 -0.4444
vn 0.3710 0.5282 -0.7638
vn 0.5062 0.7209 -0.4733
vn 0.8593 0.3620 -0.3614
vn 0.8428 0.3406 -0.4167
vn 0.9000 0.2416 -0.3628
vn 0.4169 0.1543 -0.8958
vn 0.7257 -0.5678 -0.3886
vn 0.8765 -0.1861 -0.4439
vn 0.2301 -0.5880 -0.7754
vn 0.5005 -0.5907 -0.6329
vn 0.2119 -0.4396 -0.8728
vn -0.8263 0.3022 -0.4753
vn -0.8551 0.1768 -0.4875
vn -0.8200 0.3650 -0.4408
vn -0.7861 0.2075 -0.5823
vn 0.7293 -0.5171 -0.4480
vn 0.7637 -0.4101 -0.4986
vn 0.7571 -0.2037 -0.6208
vn 0.8084 -0.2502 -0.5328
vn 0.6401 0.3451 -0.6864
vn 0.6892 0.4630 -0.5574
vn 0.7459 0.0475 -0.6644
vn 0.7998 -0.0698 -0.5963
vn 0.5372 0.2460 -0.8068
vn 0.6166 0.3815 -0.6886
vn 0.7972 0.2832 -0.5331
vn 0.8438 0.3289 -0.4240
vn 0.7631 0.1205 -0.6349
vn 0.6925 -0.6446 -0.3240
vn 0.8109 -0.5502 -0.1991
vn 0.7367 0.0240 -0.6758
vn 0.8093 -0.0559 -0.5848
vn 0.4600 0.0610 -0.8858
vn 0.5647 -0.6691 -0.4832
vn 0.8580 0.0381 -0.5123
vn 0.2529 -0.3536 -0.9005
vn 0.4666 -0.3911 -0.7933
vn 0.9400 0.2694 -0.2091
vn 0.9699 0.0287 -0.2417
vn 0.3613 0.0131 -0.9324
vn 0.9511 -0.1020 -0.2916
vn 0.6920 -0.0013 -0.7219
vn 0.9012 -0.2801 -0.3307
vn 0.7483 -0.0028 -0.6633
vn 0.8188 -0.0899 -0.5670
vn 0.8386 -0.0736 -0.5397
vn 0.8583 -0.0441 -0.5113
vn 0.3637 0.0132 -0.9314
vn 0.7984 -0.0944 -0.5947
vn 0.3314 0.4139 -0.8479
vn 0.2507 0.2531 -0.9344
vn 0.2083 0.0627 -0.9760
vn 0.7722 -0.5227 -0.3612
vn 0.7034 -0.3848 -0.5976
vn 0.4801 -0.4558 -0.7495
vn 0.7997 0.0035 -0.6005
vn 0.7441 -0.1029 -0.6601
vn 0.7541 -0.1121 -0.6471
vn 0.7516 -0.1797 -0.6347
vn 0.7883 -0.1754 -0.5898
vn 0.4443 -0.1879 -0.8759
vn 0.8066 -0.0093 -0.5911
vn 0.7196 -0.0901 -0.6885
vn 0.8913 0.4285 -0.1480
vn 0.7676 0.5719 -0.2893
vn 0.6328 0.6073 -0.4804
vn 0.8268 -0.0240 -0.5619
vn 0.7477 -0.0474 -0.6623
vn 0.9934 0.1140 -0.0082
vn 0.9524 0.2973 -0.0680
vn 0.8040 -0.0411 -0.5932
vn 0.6997 -0.0283 -0.7138
vn 0.9928 -0.1190 0.0101
vn 0.7170 0.0034 -0.6971
vn 0.9608 -0.2764 -0.0241
vn 0.9043 -0.4187 -0.0825
vn 0.5313 0.5888 -0.6091
vn 0.4366 0.5273 -0.7289
vn 0.1924 -0.1381 -0.9715
vn 0.8426 -0.0082 -0.5384
vn 0.2694 -0.7481 -0.6065
vn 0.8767 0.2232 -0.4262
vn 0.9416 0.1003 -0.3214
vn 0.9847 -0.1675 -0.0481
vn 0.8538 -0.3076 -0.4201
vn 0.7611 -0.3643 -0.5367
vn 0.6809 -0.3567 -0.6396
vn 0.5859 -0.2571 -0.7685
vn 0.5392 -0.0772 -0.8386
vn 0.4345 0.2135 -0.8750
vn 0.9972 0.0506 -0.0554
vn 0.9352 -0.3238 -0.1431
vn 0.7307 -0.5593 -0.3915
vn 0.9133 0.3200 -0.2520
vn 0.9101 0.0834 -0.4059
vn 0.9829 -0.1707 -0.0689
vn 0.7402 -0.2369 -0.6292
vn 0.7238 0.5216 -0.4518
vn 0.8501 0.1680 -0.4990
vn 0.7423 -0.1433 -0.6545
vn 0.4952 0.4583 -0.7381
vn 0.7639 0.1037 -0.6370
vn 0.8206 -0.2387 -0.5192
vn 0.6676 0.0262 -0.7440
vn 0.6057 -0.1871 -0.7734
vn 0.7916 0.1256 -0.5980
vn 0.3369 0.1323 -0.9322
vn 0.6043 0.1107 -0.7890
vn 0.3029 -0.0646 -0.9508
vn 0.3266 -0.2180 -0.9197
vn 0.4680 -0.5031 -0.7265
vn 0.6898 -0.1643 -0.7051
vn 0.3778 -0.3586 -0.8536
vn 0.2762 -0.5951 -0.7547
vn 0.7727 -0.2327 -0.5905
vn 0.6785 -0.5728 -0.4599
vn 0.2096 -0.6658 -0.7161
vn -0.4517 -0.6541 -0.6067
vn -0.1827 -0.4477 -0.8753
vn -0.3861 -0.3577 -0.8503
vn 0.0219 -0.1483 -0.9887
vn -0.4529 0.1091 -0.8849
vn -0.3933 -0.8060 -0.4425
vn 0.5205 -0.5971 -0.6104
vn 0.2903 0.5859 -0.7566
vn -0.1952 0.1880 -0.9626
vn 0.0731 0.5277 -0.8463
vn 0.4258 0.0407 -0.9039
vn 0.2777 -0.4235 -0.8623
vn 0.4792 0.8698 0.1179
vn 0.7645 0.0812 -0.6395
vn 0.3346 0.4250 -0.8411
vn 0.6794 0.3056 0.6671
vn 0.7149 0.1298 0.6871
vn 0.4254 0.0573 -0.9032
vn 0.2431 0.6013 0.7611
vn 0.8272 0.4684 0.3104
vn 0.3330 -0.3674 0.8684
vn -0.3315 -0.6858 0.6479
vn -0.8255 0.4663 0.3180
vn 0.0645 -0.9170 -0.3937
vn 0.5663 -0.3858 -0.7283
vn -0.0530 -0.5785 -0.8139
vn -0.6931 -0.4040 -0.5970
vn -0.8267 0.5604 0.0497
vn -0.7974 -0.4660 0.3834
vn -0.3627 0.6400 0.6774
vn -0.9133 -0.3939 -0.1033
vn -0.6109 0.7513 0.2496
vn -0.9334 -0.3000 -0.1969
vn -0.7082 0.6092 0.3568
vn -0.6665 0.7400 0.0901
vn -0.4074 0.0634 -0.9111
vn -0.3444 -0.6530 -0.6745
vn -0.4662 -0.8833 -0.0482
vn -0.3951 -0.7964 -0.4579
vn -0.3895 -0.7564 -0.5255
vn 0.0001 -0.8206 -0.5715
vn -0.0031 -0.4536 -0.8912
vn -0.1725 -0.9339 0.3131
vn 0.0030 -0.8939 0.4483
vn -0.0056 -0.4125 0.9110
vn 0.0069 0.5215 0.8532
vn 0.0050 0.2206 -0.9754
vn 0.0017 0.9815 -0.1912
vn 0.7069 0.7028 0.0793
vn 0.4281 0.7995 0.4213
vn 0.6282 -0.4974 0.5983
vn 0.9139 -0.3927 -0.1030
vn 0.4677 -0.8824 -0.0508
vn 0.2102 -0.9583 0.1937
vn 0.7108 0.6540 0.2589
vn 0.9519 -0.2591 -0.1634
vn 0.3956 -0.7973 -0.4559
vn 0.5605 0.7080 0.4297
vn 0.6673 0.6555 -0.3536
vn 0.6795 -0.1845 -0.7101
vn 0.4657 -0.7249 -0.5075
vn 0.1758 -0.5645 -0.8065
vn -0.0045 0.9971 0.0763
vn 0.0054 0.9589 0.2838
vn -0.0025 0.8660 0.5000
vn 0.7703 0.1547 -0.6186
vn -0.4934 0.0370 -0.8690
vn -0.5016 0.5996 -0.6236
vn 0.6682 -0.1248 -0.7334
vn -0.6545 -0.0661 -0.7531
vn 0.3941 0.0070 -0.9190
vn -0.7996 -0.3289 -0.5025
vn -0.4170 -0.4126 -0.8098
vn 0.5246 0.3129 -0.7918
vn -0.4186 -0.5994 -0.6823
vn 0.7621 0.1827 -0.6212
vn -0.0079 -0.9041 -0.4272
vn 0.3256 -0.3842 -0.8639
vn 0.2753 -0.0303 -0.9609
vn 0.4531 0.3900 -0.8016
vn 0.7175 0.1445 -0.6814
vn 0.7805 -0.2344 -0.5795
vn 0.2302 -0.0426 -0.9722
vn -0.7003 0.1226 -0.7032
vn 0.1078 0.2842 -0.9527
vn -0.6298 -0.1371 -0.7645
vn -0.4565 -0.2572 -0.8517
vn -0.6731 -0.5572 -0.4863
vn -0.3542 -0.6220 -0.6984
vn 0.6182 -0.4115 -0.6697
vn -0.6107 0.0768 -0.7881
vn 0.6834 0.0095 -0.7300
vn -0.6223 -0.2607 -0.7381
vn 0.5013 0.3563 -0.7885
vn -0.5200 -0.5909 -0.6167
vn -0.0005 -0.1208 -0.9927
vn 0.2708 0.4307 -0.8609
vn 0.5500 0.5189 -0.6544
vn 0.5156 0.2379 -0.8231
vn 0.6440 0.1363 -0.7528
vn 0.6174 -0.0205 -0.7864
vn 0.6546 -0.2099 -0.7263
vn 0.6095 -0.3371 -0.7176
vn 0.4726 -0.5693 -0.6727
vn -0.3820 -0.6444 -0.6624
vn -0.6114 -0.3887 -0.6892
vn -0.6816 0.0096 -0.7317
vn -0.4449 0.3985 -0.8020
vn 0.4604 -0.5471 -0.6991
vn -0.0342 -0.7765 -0.6292
vn 0.1876 -0.6957 -0.6934
vn -0.1602 0.5402 -0.8262
vn 0.0462 -0.7437 -0.6669
vn -0.2950 -0.6646 -0.6865
vn -0.6130 -0.4121 -0.6741
vn -0.5514 -0.0695 -0.8314
vn -0.6181 0.3931 -0.6807
vn -0.2373 0.5294 -0.8145
vn -0.6580 -0.2273 -0.7179
vn -0.7177 0.1451 -0.6811
vn -0.5363 0.4998 -0.6801
vn -0.4186 -0.0789 -0.9047
vn 0.0001 0.2605 -0.9655
vn -0.1351 -0.3444 -0.9291
vn -0.2146 0.7169 -0.6634
vn -0.3842 0.5051 -0.7729
vn 0.4411 -0.6692 -0.5979
vn 0.2854 -0.5506 -0.7845
vn 0.6438 -0.5892 -0.4882
vn 0.6655 -0.3513 -0.6585
vn 0.7093 -0.1355 -0.6918
vn 0.6840 0.0833 -0.7247
vn 0.5749 0.3222 -0.7521
vn 0.3848 0.5048 -0.7727
vn 0.2146 0.7169 -0.6633
vn -0.5738 0.3203 -0.7537
vn 0.6412 -0.4952 -0.5862
vn 0.4534 -0.2600 -0.8526
vn -0.6877 0.0844 -0.7210
vn 0.6282 -0.1357 -0.7661
vn -0.7094 -0.1347 -0.6918
vn 0.6989 0.1214 -0.7048
vn -0.6655 -0.3512 -0.6586
vn -0.6439 -0.5897 -0.4875
vn -0.3291 -0.6115 -0.7196
vn -0.0011 -0.5205 -0.8538
vn 0.2363 -0.9447 -0.2276
vn -0.2363 -0.9443 -0.2291
vn 0.8602 -0.4106 0.3025
vn 0.1843 -0.5796 0.7938
vn -0.7325 0.0797 0.6761
vn -0.7502 0.6570 0.0739
vn -0.9530 0.2258 0.2018
vn -0.8094 -0.0996 0.5787
vn 0.1963 0.8848 0.4226
vn 0.6227 0.7540 -0.2088
vn 0.9189 0.3169 -0.2349
vn 0.9638 0.1130 -0.2414
vn -0.5090 -0.2531 0.8227
vn -0.3536 -0.4929 0.7950
vn -0.0906 0.6259 0.7746
vn 0.2128 0.9769 -0.0190
vn 0.3645 0.7989 -0.4785
vn 0.4760 0.2656 -0.8384
vn 0.8401 0.4924 -0.2276
vn -0.2214 -0.3227 0.9202
vn -0.0112 0.9781 0.2079
vn 0.2876 0.3324 -0.8982
vn -0.2462 0.6917 0.6789
vn -0.2451 0.0750 0.9666
vn -0.0957 0.9954 0.0024
vn -0.1400 0.8536 0.5018
vn -0.0052 -0.1792 0.9838
vn -0.1236 0.7813 0.6118
vn 0.1338 0.7059 -0.6956
vn -0.0144 0.9663 -0.2571
vn 0.1164 0.5761 -0.8091
vn 0.2429 -0.0328 -0.9695
vn 0.1821 -0.7442 -0.6426
vn -0.0091 -0.8664 -0.4993
vn -0.3883 -0.9004 -0.1962
vn -0.5441 -0.6232 -0.5618
vn -0.8007 -0.2875 -0.5256
vn -0.3553 -0.1974 -0.9137
vn -0.4142 -0.0891 -0.9058
vn 0.6853 -0.1970 -0.7011
vn 0.9603 -0.0818 -0.2666
vn 0.9873 -0.0084 -0.1586
vn -0.9433 -0.1012 -0.3160
vn -0.9632 0.0709 -0.2591
vn -0.9178 0.2821 -0.2795
vn -0.2440 -0.0094 -0.9697
vn 0.6339 -0.3190 -0.7046
vn 0.9248 -0.2733 -0.2645
vn 0.9718 -0.2043 -0.1179
vn 0.9849 -0.1102 -0.1337
vn -0.4815 0.3292 -0.8123
vn 0.6498 -0.4518 -0.6113
vn 0.4803 -0.4351 -0.7616
vn -0.3041 0.6306 -0.7140
vn 0.3631 -0.4844 -0.7959
vn 0.0925 0.5219 -0.8480
vn 0.2155 -0.5267 -0.8223
vn 0.2154 -0.8132 -0.5406
vn 0.3395 0.5059 -0.7930
vn -0.0081 -0.9560 -0.2934
vn 0.6049 -0.6584 -0.4480
vn 0.5355 -0.7545 -0.3794
vn -0.3517 -0.8250 -0.4424
vn -0.5423 -0.8335 -0.1057
vn -0.2249 -0.8122 -0.5383
vn -0.5390 -0.8186 0.1983
vn -0.4080 -0.8026 -0.4352
vn -0.6112 -0.7801 0.1333
vn 0.1694 -0.3161 -0.9335
vn 0.1700 -0.2779 -0.9455
vn 0.0859 -0.3016 -0.9496
vn -0.5208 -0.5123 -0.6829
vn -0.5154 -0.5399 -0.6655
vn 0.4566 0.4021 -0.7936
vn 0.5906 0.4654 -0.6592
vn -0.1941 -0.3094 -0.9309
vn 0.5084 0.8352 -0.2096
vn 0.6164 0.7731 -0.1495
vn 0.7064 0.6926 -0.1461
vn 0.4206 0.9011 -0.1054
vn 0.2428 0.9699 0.0188
vn 0.0246 0.9988 -0.0422
vn -0.4049 0.9134 0.0412
vn 0.8957 0.2215 -0.3855
vn -0.2281 -0.1611 -0.9602
vn 0.9364 0.0250 -0.3500
vn -0.1628 0.0385 -0.9859
vn 0.8971 -0.3213 -0.3034
vn -0.0397 0.1115 -0.9930
vn 0.6777 -0.7245 -0.1261
vn 0.2060 -0.0506 -0.9772
vn -0.2089 0.5949 -0.7762
vn -0.2147 0.4905 -0.8446
vn -0.4622 0.3408 -0.8187
vn -0.5232 0.0166 -0.8520
vn 0.3918 -0.8351 -0.3860
vn 0.2762 -0.7537 -0.5964
vn 0.0020 0.5958 -0.8031
vn -0.0874 0.4981 -0.8627
vn 0.0974 -0.9526 0.2883
vn 0.0882 -0.9956 0.0312
vn -0.0918 -0.9886 0.1194
vn 0.2717 -0.9045 0.3288
vn 0.3668 -0.8411 0.3976
vn 0.2675 -0.9614 0.0640
vn 0.8166 -0.5150 -0.2608
vn 0.7609 -0.6048 -0.2349
vn 0.8668 -0.4814 -0.1300
vn 0.2513 -0.7896 0.5598
vn 0.8437 -0.5314 0.0761
vn 0.8722 -0.4516 -0.1878
vn 0.9357 -0.3276 -0.1307
vn 0.1424 -0.6158 0.7749
vn 0.8519 -0.4702 0.2304
vn 0.9767 0.0553 -0.2072
vn 0.9821 0.0774 -0.1720
vn 0.9454 0.1653 -0.2808
vn 0.7043 -0.4358 0.5603
vn 0.9697 0.1409 -0.1998
vn 0.5633 -0.4084 0.7183
vn -0.5424 -0.4994 0.6755
vn -0.6327 -0.5367 0.5582
vn -0.6724 -0.1616 0.7223
vn -0.7123 -0.1829 0.6777
vn -0.7532 -0.1546 0.6393
vn -0.7244 -0.1171 0.6793
vn -0.7868 0.0492 0.6152
vn -0.6894 -0.1461 0.7095
vn -0.5889 -0.0857 0.8037
vn -0.5865 -0.0256 0.8096
vn -0.5252 0.3431 0.7788
vn -0.7864 0.2914 0.5446
vn -0.8527 -0.3551 0.3830
vn -0.1084 0.7200 0.6854
vn 0.0839 0.5856 0.8063
vn 0.1716 0.5064 0.8450
vn -0.5735 -0.3934 0.7186
vn 0.4471 0.4215 0.7890
vn -0.0054 -0.9519 0.3063
vn 0.0002 -0.6721 -0.7405
vn 0.0781 0.7129 -0.6969
vn -0.0016 0.9246 -0.3808
vn -0.0022 0.9043 -0.4269
vn -0.0241 0.8098 -0.5862
vn -0.1144 0.7376 0.6655
vn -0.0165 0.6744 0.7382
vn -0.0965 0.3676 -0.9250
vn -0.2983 0.0999 -0.9492
vn -0.0683 -0.0392 -0.9969
vn -0.0006 -0.3017 -0.9534
vn -0.6245 -0.2920 -0.7244
vn 0.0699 0.0994 -0.9926
vn 0.1643 0.9788 -0.1220
vn 0.1876 0.9726 -0.1375
vn -0.1124 0.9768 -0.1824
vn 0.1569 0.9828 -0.0976
vn -0.1448 0.9818 -0.1227
vn -0.7938 0.5428 -0.2742
vn -0.8135 0.5031 -0.2917
vn -0.9382 0.1635 -0.3050
vn -0.9493 0.1723 -0.2630
vn -0.9520 0.0752 -0.2968
vn 0.1499 0.9871 -0.0557
vn 0.1074 0.9941 0.0161
vn -0.2449 0.9694 0.0146
vn -0.8010 0.5607 -0.2098
vn -0.9517 0.2028 -0.2305
vn -0.9744 0.0946 -0.2037
vn -0.9707 0.0362 -0.2376
vn -0.9618 -0.0233 -0.2727
vn -0.9491 -0.0003 -0.3149
vn 0.0557 0.9806 0.1878
vn -0.3154 0.9154 0.2500
vn -0.8566 0.4980 -0.1352
vn -0.8967 0.4401 0.0474
vn -0.9451 0.2004 0.2580
vn -0.9908 -0.0346 -0.1310
vn -0.9769 -0.0686 -0.2025
vn -0.0255 0.9381 0.3456
vn -0.0963 0.8134 0.5737
vn -0.4828 0.6862 0.5440
vn -0.1591 0.4483 0.8796
vn -0.5208 0.4095 0.7491
vn -0.5064 0.1191 0.8541
vn -0.9241 -0.0394 0.3801
vn -0.9254 -0.2217 0.3072
vn -0.9819 -0.1678 -0.0874
vn -0.9669 -0.1989 -0.1596
vn -0.9655 -0.1320 -0.2245
vn -0.1432 0.0463 0.9886
vn -0.4609 -0.2053 0.8634
vn -0.3970 -0.5393 0.7426
vn -0.8423 -0.4475 0.3004
vn -0.8074 -0.5639 0.1735
vn -0.8687 -0.4952 0.0101
vn -0.8280 -0.5573 -0.0617
vn -0.7693 -0.6299 -0.1069
vn -0.0988 -0.3032 0.9478
vn -0.0072 -0.6442 0.7649
vn -0.3285 -0.7882 0.5205
vn -0.3385 -0.8989 0.2783
vn -0.2755 -0.9560 0.1012
vn -0.1558 -0.9872 0.0348
vn 0.1187 -0.9865 0.1131
vn 0.1187 -0.9918 0.0480
vn 0.0791 -0.8586 0.5065
vn 0.1370 -0.9493 0.2828
vn -0.9536 -0.0495 -0.2970
vn 0.1135 0.9766 -0.1827
vn -0.1885 0.9724 -0.1373
vn -0.1652 0.9787 -0.1218
vn -0.1560 0.9829 -0.0976
vn 0.1462 0.9817 -0.1223
vn -0.1500 0.9871 -0.0556
vn -0.1052 0.9943 0.0162
vn 0.2476 0.9687 0.0149
vn -0.0548 0.9807 0.1879
vn 0.3155 0.9153 0.2504
vn 0.0255 0.9381 0.3456
vn 0.7906 0.5457 -0.2777
vn 0.8012 0.5605 -0.2093
vn 0.8590 0.4939 -0.1347
vn 0.8981 0.4375 0.0453
vn 0.4828 0.6862 0.5440
vn 0.0963 0.8134 0.5737
vn 0.8152 0.4990 -0.2940
vn 0.9343 0.1709 -0.3128
vn 0.9382 0.2042 -0.2795
vn 0.9544 0.1925 -0.2281
vn 0.9819 0.0543 -0.1812
vn 0.9222 0.2255 0.3141
vn 0.5208 0.4095 0.7491
vn 0.1592 0.4484 0.8796
vn 0.9456 0.0926 -0.3118
vn 0.9636 0.0940 -0.2503
vn 0.9805 -0.0037 -0.1964
vn 0.9914 -0.0915 -0.0935
vn 0.9542 -0.0398 0.2966
vn 0.5064 0.1191 0.8541
vn 0.1433 0.0463 0.9886
vn 0.9652 0.0037 -0.2615
vn 0.9755 -0.0824 -0.2039
vn 0.9773 -0.1930 -0.0879
vn 0.8796 -0.4043 0.2507
vn 0.8892 -0.2459 0.3858
vn 0.4609 -0.2053 0.8634
vn 0.0989 -0.3032 0.9478
vn 0.9537 -0.0070 -0.3008
vn 0.9645 -0.0614 -0.2569
vn 0.9641 -0.1530 -0.2170
vn 0.9663 -0.2007 -0.1609
vn 0.8308 -0.5561 0.0240
vn 0.8034 -0.5684 0.1775
vn 0.3234 -0.7860 0.5269
vn 0.3971 -0.5393 0.7426
vn 0.8226 -0.5602 -0.0976
vn 0.2538 -0.9587 0.1287
vn 0.2380 -0.9174 0.3190
vn -0.0450 -0.8422 0.5374
vn 0.0314 -0.6392 0.7684
vn 0.8484 -0.5064 -0.1541
vn 0.2509 -0.9680 0.0112
vn -0.1094 -0.9882 0.1074
vn -0.0886 -0.9655 0.2448
vn -0.0736 -0.9258 0.3708
vn -0.1195 -0.9917 0.0472
vn -0.0036 0.1081 0.9941
vn -0.5703 -0.1597 0.8057
vn -0.5399 0.1973 0.8183
vn -0.2016 -0.2493 0.9472
vn 0.0643 0.6511 0.7563
vn -0.0030 -0.2766 0.9610
vn 0.1010 0.8327 0.5445
vn 0.0990 0.6578 0.7466
vn 0.0226 0.0055 0.9997
vn -0.6863 -0.6618 0.3017
vn -0.3871 -0.9001 0.1997
vn -0.1816 -0.9242 0.3359
vn 0.1852 -0.1400 0.9727
vn -0.0752 -0.9564 0.2824
vn 0.2443 -0.2828 0.9276
vn -0.8876 -0.3733 -0.2698
vn -0.8603 -0.0503 -0.5073
vn -0.9354 0.2478 -0.2522
vn -0.1882 0.4225 0.8866
vn -0.7191 0.6807 -0.1398
vn -0.1560 0.5503 0.8203
vn -0.6137 0.7864 -0.0700
vn -0.2020 0.7079 0.6768
vn -0.5165 0.8312 -0.2057
vn 0.0995 0.6474 0.7556
vn -0.4148 0.9034 -0.1084
vn -0.2957 0.8416 0.4520
vn -0.3190 0.9451 0.0710
vn -0.2275 0.7452 0.6269
vn 0.1391 0.8372 0.5289
vn -0.2155 0.5707 -0.7924
vn 0.1676 0.7919 -0.5872
vn 0.6211 0.2903 0.7280
vn 0.4097 0.2402 0.8800
vn -0.0441 0.6137 0.7883
vn 0.5972 0.6553 0.4625
vn 0.5208 0.7753 0.3575
vn 0.5151 0.7294 -0.4502
vn 0.7336 0.6364 0.2382
vn 0.5568 0.4437 -0.7022
vn 0.6378 -0.2408 0.7316
vn 0.7979 0.5403 0.2674
vn 0.8624 0.4869 0.1387
vn 0.7027 0.2254 -0.6749
vn 0.9374 0.3262 0.1221
vn 0.9439 0.2108 -0.2542
vn 0.9660 0.2337 0.1109
vn 0.9638 0.0567 -0.2605
vn 0.6911 -0.1411 0.7088
vn 0.7871 0.0501 0.6148
vn 0.8805 0.4326 0.1936
vn 0.7132 -0.1277 0.6893
vn 0.7452 -0.1610 0.6471
vn 0.7618 -0.1070 0.6389
vn 0.9814 0.1218 0.1482
vn 0.9802 -0.0703 0.1849
vn 0.9712 -0.0917 -0.2201
vn 0.8533 -0.2686 -0.4469
vn 0.9585 -0.2041 0.1990
vn 0.9152 -0.3338 0.2259
vn 0.5439 -0.6219 -0.5634
vn 0.9764 0.1347 0.1690
vn 0.9736 0.1122 0.1985
vn 0.9651 -0.0481 0.2575
vn 0.9221 -0.2754 0.2719
vn 0.9323 -0.2340 0.2758
vn 0.8506 -0.1096 0.5143
vn 0.3735 -0.8730 -0.3138
vn 0.7908 -0.0888 0.6056
vn 0.9465 -0.1947 0.2572
vn 0.6372 -0.4158 0.6489
vn 0.9591 -0.1233 0.2548
vn 0.8478 0.5167 0.1194
vn 0.6317 -0.4971 0.5948
vn 0.7285 0.5445 0.4157
vn 0.4197 -0.4678 0.7778
vn 0.0079 -0.8645 -0.5027
vn 0.0977 -0.9910 0.0916
vn 0.2475 -0.3644 0.8977
vn -0.0486 -0.9906 0.1281
vn 0.6461 -0.2405 -0.7244
vn 0.1938 -0.3090 -0.9311
vn -0.1340 -0.2576 -0.9569
vn 0.6062 -0.6344 -0.4796
vn 0.4654 -0.7034 -0.5372
vn 0.4369 0.0139 -0.8994
vn 0.7511 0.2124 -0.6251
vn 0.2573 -0.1426 -0.9557
vn 0.4499 0.3261 -0.8314
vn 0.0745 0.0841 -0.9937
vn 0.0623 -0.0522 -0.9967
vn 0.0801 0.3382 -0.9377
vn 0.1844 0.4820 -0.8565
vn 0.1233 0.4740 -0.8718
vn -0.3844 -0.7073 -0.5932
vn -0.5648 -0.6613 -0.4936
vn 0.0141 0.8842 -0.4669
vn -0.0144 0.6382 -0.7697
vn 0.1163 0.5069 -0.8541
vn -0.0330 0.5439 -0.8385
vn 0.0298 0.9986 -0.0427
vn -0.0764 0.8679 -0.4908
vn 0.0989 0.8726 0.4783
vn 0.1372 0.9757 0.1711
vn -0.0801 0.7106 -0.6990
vn 0.0032 0.9578 -0.2875
vn -0.0812 0.9857 -0.1474
vn -0.2347 0.8208 -0.5208
vn -0.3590 0.3881 -0.8488
vn -0.0684 0.8886 0.4535
vn -0.3846 0.9229 0.0201
vn -0.4941 0.2616 -0.8291
vn 0.1993 0.7029 0.6828
vn -0.1290 0.8067 0.5767
vn -0.5877 0.7999 -0.1213
vn -0.8394 0.4942 -0.2260
vn -0.9372 0.1789 -0.2995
vn -0.8153 0.4169 0.4019
vn -0.9615 0.1335 -0.2401
vn -0.9296 0.2851 -0.2336
vn -0.9446 -0.2767 0.1764
vn -0.1923 -0.5878 0.7859
vn -0.9516 -0.2874 0.1094
vn -0.9758 0.0529 -0.2124
vn -0.3828 -0.8120 0.4406
vn -0.2575 -0.9645 0.0592
vn -0.9769 0.1063 -0.1855
vn -0.9875 -0.0052 -0.1578
vn -0.9706 0.1081 -0.2149
vn -0.9847 -0.1122 -0.1332
vn -0.9603 -0.0817 -0.2668
vn -0.9717 -0.2044 -0.1181
vn -0.6842 -0.1987 -0.7017
vn 0.4525 -0.1545 -0.8783
vn -0.9365 -0.3265 -0.1282
vn -0.9246 -0.2737 -0.2650
vn -0.6249 -0.3234 -0.7106
vn 0.4191 -0.0396 -0.9071
vn -0.8809 -0.4347 -0.1872
vn -0.8603 -0.4857 -0.1551
vn -0.7945 -0.5472 -0.2632
vn -0.7353 -0.6275 -0.2559
vn -0.5554 -0.3993 -0.7294
vn -0.5961 -0.6662 -0.4481
vn -0.5293 -0.7573 -0.3825
vn -0.4364 -0.3630 -0.8233
vn -0.3654 -0.4745 -0.8008
vn -0.1926 -0.6200 -0.7606
vn 0.1122 -0.8179 -0.5643
vn -0.1157 -0.4695 -0.8753
vn -0.3832 0.5384 -0.7506
vn -0.4467 0.3877 -0.8063
vn -0.0910 -0.4070 -0.9089
vn -0.5710 0.4010 -0.7163
vn 0.3229 -0.8738 -0.3636
vn 0.4340 -0.8195 -0.3743
vn -0.2731 -0.8103 -0.5185
vn -0.1756 -0.7460 -0.6424
vn 0.4433 -0.8608 0.2499
vn 0.7846 -0.5426 0.3001
vn 0.7596 -0.4650 0.4548
vn 0.5708 -0.2348 0.7868
vn 0.6511 -0.7582 0.0352
vn 0.5849 -0.6943 0.4193
vn 0.5295 -0.3048 0.7917
vn 0.6936 -0.6052 0.3906
vn 0.6312 -0.4929 0.5989
vn 0.5491 0.1515 0.8219
vn 0.5718 -0.1733 0.8019
vn 0.1883 -0.2520 0.9492
vn 0.5141 0.3495 0.7833
vn 0.0425 -0.3683 0.9287
vn -0.9110 -0.3424 0.2298
vn -0.9479 -0.2232 0.2273
vn -0.9822 -0.0445 0.1825
vn -0.9886 0.0635 0.1362
vn -0.9458 -0.1788 0.2711
vn -0.9142 -0.3040 0.2682
vn -0.9471 -0.1637 0.2760
vn -0.9714 0.1438 0.1890
vn -0.9729 0.1956 0.1234
vn -0.9665 -0.0876 0.2413
vn -0.9350 0.3291 0.1321
vn -0.8648 0.4817 0.1419
vn -0.8806 0.4325 0.1936
vn -0.7979 0.5403 0.2674
vn -0.7058 0.6658 0.2421
vn -0.5993 0.6547 0.4607
vn -0.5183 0.7543 0.4030
vn -0.2067 0.8133 0.5440
vn 0.1105 0.8092 0.5770
vn 0.0372 0.6302 0.7756
vn 0.0678 0.5884 0.8057
vn 0.2596 0.7962 0.5465
vn 0.3116 0.8256 0.4703
vn -0.5998 0.7874 -0.1423
vn -0.8721 -0.0565 -0.4860
vn -0.2844 0.9526 -0.1083
vn -0.8644 -0.0571 -0.4995
vn -0.2805 -0.8488 -0.4482
vn -0.1014 -0.9701 -0.2206
vn -0.6778 -0.7042 -0.2114
vn 0.0536 -0.9776 0.2034
vn -0.0330 -0.8933 0.4482
vn -0.7976 -0.5750 -0.1824
vn -0.3547 -0.7638 0.5392
vn -0.8566 -0.4872 0.1699
vn -0.1472 -0.5028 0.8518
vn -0.7022 0.4617 -0.5420
vn -0.6828 0.1918 -0.7050
vn 0.1848 0.9677 -0.1717
vn -0.0742 0.8505 -0.5207
vn -0.0164 0.6781 -0.7348
vn 0.0844 0.4301 -0.8988
vn -0.8845 -0.1572 -0.4392
vn 0.4421 0.8628 0.2453
vn 0.7968 0.4730 0.3760
vn 0.7073 0.6964 -0.1216
vn 0.7332 0.4010 -0.5493
vn 0.4064 0.2846 -0.8682
vn -0.2044 0.1018 -0.9736
vn 0.6085 0.6962 0.3808
vn -0.5584 -0.3490 0.7526
vn -0.9626 -0.1535 0.2232
vn -0.0998 -0.3669 0.9249
vn -0.6275 -0.3090 0.7147
vn -0.9334 0.3244 -0.1531
vn -0.5404 0.2806 -0.7933
vn -0.0940 0.5601 -0.8231
vn 0.9779 -0.0562 0.2013
vn 0.7697 0.2505 -0.5871
vn 0.9277 -0.3032 0.2178
vn 0.4459 0.3061 -0.8411
vn 0.9398 0.2506 0.2323
vn 0.6190 -0.2690 0.7379
vn 0.4543 -0.1003 0.8852
vn -0.7590 -0.0843 -0.6456
vn 0.2836 -0.5699 0.7712
vn 0.7726 -0.6272 0.0983
vn 0.5763 -0.7936 0.1953
vn 0.9012 -0.1621 0.4020
vn 0.7500 -0.3854 0.5376
vn -0.9780 -0.0665 0.1978
vn -0.2818 -0.5665 0.7744
vn -0.9274 -0.3048 0.2170
vn 0.1008 -0.3690 0.9239
vn -0.4742 -0.0968 0.8751
vn -0.9223 0.3863 -0.0116
vn -0.6279 -0.2644 0.7320
vn -0.7180 0.6935 0.0599
vn 0.6239 -0.3103 0.7172
vn -0.7506 -0.3846 0.5372
vn -0.8334 0.3377 0.4374
vn -0.3410 0.9309 0.1309
vn 0.2237 0.9161 -0.3327
vn 0.4291 0.8937 -0.1308
vn -0.6082 0.6966 0.3806
vn 0.5981 0.7887 -0.1421
vn -0.9012 -0.1621 0.4020
vn -0.5762 -0.7936 0.1952
vn -0.7725 -0.6274 0.0979
vn -0.0902 -0.9718 0.2179
vn 0.1882 -0.9528 -0.2382
vn 0.2838 -0.8466 -0.4502
vn 0.0160 -0.8888 0.4580
vn 0.3533 -0.7638 0.5402
vn 0.1489 -0.5021 0.8519
vn 0.5525 -0.3455 0.7586
vn 0.8771 -0.0653 -0.4758
vn 0.8645 -0.0519 -0.5000
vn 0.8484 -0.0061 -0.5294
vn 0.4965 -0.8651 -0.0714
vn 0.7641 -0.6313 -0.1329
vn 0.6604 0.2897 -0.6928
vn 0.8964 -0.4415 0.0404
vn 0.3801 0.1879 -0.9057
vn 0.9574 -0.2596 -0.1260
vn 0.7501 -0.0503 -0.6594
vn 0.0465 0.1693 -0.9845
vn -0.6192 0.3151 -0.7193
vn -0.4917 0.5403 -0.6829
vn -0.2820 0.7207 -0.6333
vn 0.9609 -0.1525 0.2313
vn 0.5435 0.2796 -0.7915
vn -0.4486 0.3149 -0.8364
vn 0.9338 0.3242 -0.1512
vn 0.0947 0.5597 -0.8233
vn -0.7749 0.2416 -0.5841
vn 0.1226 0.8284 -0.5466
vn 0.0143 -0.9678 0.2513
vn -0.0636 -0.9784 0.1965
vn -0.1383 -0.9632 0.2305
vn -0.2820 -0.4017 0.8713
vn -0.1152 -0.5183 0.8474
vn -0.0947 -0.9890 0.1134
vn -0.4809 -0.4725 0.7385
vn -0.4114 -0.3496 0.8417
vn -0.4051 -0.0297 0.9138
vn -0.2953 -0.0311 0.9549
vn -0.2053 -0.0633 0.9766
vn -0.2090 -0.9709 0.1169
vn -0.2272 -0.9540 -0.1953
vn -0.4936 -0.6334 -0.5960
vn -0.7398 -0.6578 0.1418
vn -0.7506 -0.4491 0.4846
vn -0.6351 -0.5187 0.5723
vn -0.6252 -0.2249 -0.7473
vn -0.9392 -0.3428 -0.0201
vn -0.8837 -0.2265 0.4097
vn -0.8268 -0.1231 0.5488
vn -0.7766 -0.1051 0.6211
vn -0.6023 -0.2218 -0.7668
vn -0.9842 -0.1689 -0.0528
vn -0.8976 -0.1164 0.4251
vn -0.8245 -0.0110 0.5658
vn -0.7624 -0.0413 0.6458
vn -0.6985 -0.0610 0.7130
vn -0.6896 -0.4990 -0.5249
vn -0.9911 -0.1331 0.0059
vn -0.9251 -0.0363 0.3780
vn -0.8688 0.0285 0.4943
vn -0.8392 0.1101 0.5325
vn -0.7658 0.0440 0.6416
vn -0.4885 -0.7855 -0.3800
vn -0.9272 -0.3744 -0.0026
vn -0.9418 0.1113 0.3171
vn -0.9147 0.0549 0.4005
vn -0.8827 0.1325 0.4509
vn -0.4239 -0.9007 -0.0950
vn -0.9368 -0.3472 0.0438
vn -0.9771 0.1165 0.1778
vn -0.9480 0.1827 0.2606
vn -0.9162 0.2186 0.3357
vn -0.3652 -0.9303 0.0351
vn -0.9191 -0.3939 -0.0087
vn -0.9997 0.0205 -0.0120
vn -0.9891 0.1255 0.0765
vn -0.9647 0.2404 0.1079
vn -0.9475 0.2395 0.2118
vn -0.3000 -0.9287 0.2181
vn -0.7268 -0.6151 0.3055
vn -0.9902 -0.0129 -0.1387
vn -0.9966 0.0195 -0.0794
vn -0.9855 0.1663 -0.0338
vn -0.4686 -0.3661 0.8040
vn -0.9577 -0.2057 0.2012
vn -0.9843 -0.0806 -0.1570
vn -0.9761 0.0186 -0.2166
vn -0.9795 0.1235 -0.1592
vn -0.4795 -0.6614 0.5768
vn -0.8709 -0.3391 0.3557
vn -0.9092 -0.3988 -0.1199
vn -0.9646 -0.0742 -0.2532
vn -0.9573 -0.0195 -0.2884
vn -0.9561 0.0729 -0.2837
vn -0.2893 -0.9565 -0.0365
vn -0.8644 -0.4402 -0.2430
vn -0.9384 -0.0403 -0.3431
vn -0.9271 0.0382 -0.3727
vn -0.9213 0.1338 -0.3651
vn -0.9528 0.1799 -0.2445
vn -0.2339 -0.9682 -0.0883
vn -0.8204 -0.3532 -0.4497
vn -0.6969 0.0031 -0.7172
vn -0.6897 0.0876 -0.7187
vn -0.7092 0.1530 -0.6882
vn -0.9105 0.2651 -0.3173
vn -0.1057 -0.4420 -0.8908
vn 0.0258 0.0553 -0.9981
vn -0.0710 0.0305 -0.9970
vn 0.1139 -0.1617 -0.9803
vn -0.6365 0.2639 -0.7247
vn -0.8496 0.3960 -0.3483
vn 0.0900 -0.1465 -0.9851
vn 0.1591 -0.0033 -0.9873
vn -0.5466 0.5088 -0.6651
vn -0.7661 0.5510 -0.3309
vn -0.8425 0.4860 -0.2324
vn -0.8925 0.3807 -0.2420
vn 0.1142 -0.0002 -0.9935
vn -0.3415 0.6005 -0.7230
vn -0.5617 0.7426 -0.3649
vn -0.6636 0.6798 -0.3123
vn -0.7632 0.6153 -0.1971
vn -0.0251 -0.0101 -0.9996
vn -0.2438 0.6263 -0.7405
vn -0.4375 0.8386 -0.3246
vn -0.5609 0.7892 -0.2500
vn -0.6747 0.7174 -0.1738
vn -0.1500 0.7356 -0.6606
vn -0.2177 0.9089 -0.3558
vn -0.3302 0.8874 -0.3217
vn -0.3624 0.9100 -0.2016
vn -0.4467 0.8767 -0.1784
vn -0.0934 0.9406 -0.3265
vn -0.1862 0.9496 -0.2522
vn -0.2612 0.9348 -0.2406
vn -0.2634 0.9577 -0.1161
vn -0.3701 0.9269 -0.0627
vn 0.0101 0.9441 -0.3294
vn 0.0003 0.9783 -0.2071
vn -0.0908 0.9791 -0.1821
vn -0.1912 0.9719 -0.1373
vn -0.1736 0.9848 -0.0058
vn -0.2608 0.9654 0.0072
vn 0.0003 0.9958 -0.0911
vn -0.0962 0.9928 -0.0715
vn -0.0288 0.9995 0.0089
vn -0.0429 0.9953 0.0873
vn -0.1607 0.9798 0.1190
vn -0.2645 0.9573 0.1163
vn -0.3634 0.9291 0.0686
vn -0.0328 0.9877 0.1526
vn -0.0396 0.9757 0.2155
vn -0.2052 0.9516 0.2289
vn -0.3452 0.9207 0.1820
vn -0.4504 0.8768 0.1683
vn -0.4643 0.8842 0.0522
vn -0.4619 0.8847 -0.0624
vn -0.0375 0.9506 0.3081
vn -0.2029 0.9242 0.3237
vn -0.3971 0.8699 0.2926
vn -0.5675 0.7987 0.1999
vn -0.5832 0.8085 0.0791
vn -0.5666 0.8239 -0.0167
vn -0.5624 0.8175 -0.1237
vn -0.0938 0.8960 0.4341
vn -0.2547 0.8678 0.4267
vn -0.4121 0.8070 0.4230
vn -0.5558 0.7550 0.3479
vn -0.6600 0.6681 0.3436
vn -0.6760 0.7145 0.1806
vn 0.0368 0.9056 0.4226
vn 0.0372 0.8412 0.5395
vn -0.1153 0.8157 0.5669
vn -0.2971 0.7749 0.5580
vn -0.5123 0.6923 0.5082
vn -0.6669 0.5493 0.5034
vn -0.7476 0.5460 0.3780
vn -0.7651 0.5899 0.2581
vn 0.0373 0.7327 0.6796
vn -0.1307 0.6925 0.7095
vn -0.3362 0.6620 0.6698
vn -0.5100 0.5940 0.6221
vn -0.5933 0.4606 0.6602
vn -0.7397 0.3793 0.5558
vn -0.7891 0.4449 0.4234
vn 0.0363 0.5834 0.8113
vn -0.1091 0.5538 0.8255
vn -0.2607 0.5479 0.7949
vn -0.4262 0.5232 0.7380
vn -0.4299 0.4028 0.8081
vn -0.6427 0.3299 0.6915
vn -0.0354 0.4365 0.8990
vn -0.2015 0.4108 0.8892
vn -0.0360 0.3088 0.9505
vn -0.1931 0.2816 0.9399
vn -0.3707 0.2651 0.8901
vn -0.5505 0.2424 0.7988
vn -0.6965 0.1861 0.6930
vn -0.7676 0.2462 0.5918
vn -0.0915 0.1777 0.9798
vn -0.2449 0.1576 0.9567
vn -0.3777 0.1091 0.9195
vn -0.4927 0.1070 0.8636
vn -0.6111 0.0937 0.7860
vn 0.0448 0.1784 0.9829
vn 0.0273 0.0943 0.9952
vn -0.1204 0.0713 0.9902
vn -0.2678 0.0270 0.9631
vn -0.3958 -0.0123 0.9182
vn -0.5084 -0.0077 0.8611
vn -0.5987 -0.0003 0.8010
vn -0.6964 0.0672 0.7145
vn -0.0178 0.0102 0.9998
vn -0.1207 -0.0071 0.9927
vn -0.2039 -0.0148 0.9789
vn -0.5092 -0.0283 0.8602
vn -0.0955 -0.0661 0.9932
vn -0.2062 -0.0303 0.9780
vn 0.0191 -0.3902 0.9205
vn 0.0165 -0.0435 0.9989
vn -0.6045 -0.0363 0.7958
vn -0.6816 -0.0090 0.7317
vn -0.7765 0.1328 0.6159
vn -0.5893 -0.3994 0.7023
vn -0.8278 0.2089 0.5207
vn -0.8194 0.3225 0.4738
vn -0.8582 0.3751 0.3503
vn -0.8233 0.4821 0.2995
vn -0.8689 0.2377 0.4342
vn -0.8964 0.3153 0.3117
vn -0.8814 0.4222 0.2120
vn -0.8334 0.5174 0.1941
vn -0.9231 0.3271 0.2022
vn -0.9055 0.4154 0.0869
vn -0.8477 0.5216 0.0966
vn -0.7722 0.6206 0.1360
vn -0.6772 0.7331 0.0625
vn -0.9382 0.3370 0.0791
vn -0.9388 0.3417 -0.0429
vn -0.8705 0.4921 -0.0093
vn -0.7740 0.6321 0.0373
vn -0.6761 0.7355 -0.0442
vn -0.9663 0.2575 -0.0003
vn -0.9676 0.2229 -0.1191
vn -0.9359 0.3007 -0.1834
vn -0.9011 0.4142 -0.1287
vn -0.8443 0.5232 -0.1159
vn -0.7721 0.6326 -0.0601
vn 0.4801 -0.6611 0.5766
vn 0.4494 -0.3695 0.8133
vn 0.9184 -0.2966 0.2617
vn 0.9295 -0.2607 0.2610
vn 0.9851 -0.0864 -0.1486
vn 0.8796 -0.4568 -0.1329
vn 0.4487 -0.7263 0.5207
vn 0.9005 -0.4269 0.0821
vn 0.9855 -0.0408 -0.1647
vn 0.9627 -0.0047 -0.2705
vn 0.9654 -0.0701 -0.2510
vn 0.3879 -0.8917 0.2331
vn 0.9189 -0.3944 -0.0119
vn 0.9876 -0.0511 -0.1484
vn 0.9844 0.0971 -0.1468
vn 0.9657 0.0898 -0.2435
vn 0.4342 -0.8970 0.0832
vn 0.9143 -0.4030 0.0405
vn 0.9987 0.0514 -0.0001
vn 0.9957 0.0492 -0.0780
vn 0.9750 0.2070 -0.0806
vn 0.9610 0.1917 -0.1992
vn 0.3613 -0.9324 -0.0033
vn 0.4197 -0.9022 -0.0995
vn 0.9338 -0.3546 0.0474
vn 0.5635 -0.7446 -0.3578
vn 0.9769 -0.2028 -0.0676
vn 0.6525 -0.4793 -0.5869
vn 0.6941 -0.2260 -0.6835
vn 0.9916 -0.1127 0.0627
vn 0.9157 0.0565 0.3978
vn 0.9558 0.1071 0.2739
vn 0.5829 -0.2143 -0.7837
vn 0.9715 -0.2245 -0.0765
vn 0.9076 -0.1354 0.3975
vn 0.9188 -0.0449 0.3922
vn 0.7574 -0.4870 -0.4349
vn 0.8969 -0.2340 0.3752
vn 0.8293 -0.1250 0.5446
vn 0.8651 -0.0377 0.5001
vn 0.2271 -0.9335 -0.2776
vn 0.7401 -0.6399 0.2066
vn 0.7520 -0.4482 0.4833
vn 0.7769 -0.1055 0.6207
vn 0.7688 -0.0357 0.6384
vn 0.8149 -0.0398 0.5782
vn 0.2098 -0.9708 0.1166
vn 0.6374 -0.5157 0.5725
vn 0.7076 -0.0652 0.7036
vn 0.6841 -0.0141 0.7293
vn 0.7687 0.0457 0.6379
vn 0.8389 0.0476 0.5422
vn 0.1632 -0.9680 0.1905
vn 0.5980 -0.2876 0.7481
vn 0.5997 -0.0048 0.8002
vn 0.6983 0.0637 0.7130
vn 0.7718 0.1240 0.6236
vn 0.8336 0.1253 0.5379
vn 0.1154 -0.9755 0.1871
vn 0.4505 -0.5554 0.6990
vn 0.5111 -0.0285 0.8590
vn 0.5093 -0.0091 0.8606
vn 0.6115 0.0932 0.7857
vn 0.7041 0.1993 0.6815
vn -0.1889 -0.6600 -0.7271
vn 0.0759 -0.9727 0.2191
vn 0.2958 -0.4498 0.8427
vn 0.4108 -0.3490 0.8423
vn 0.4042 -0.0291 0.9142
vn 0.3832 -0.0058 0.9236
vn 0.5005 0.0904 0.8610
vn 0.1702 -0.4063 0.8978
vn 0.2995 -0.0312 0.9536
vn 0.1071 -0.0689 0.9919
vn 0.2061 -0.0308 0.9780
vn 0.2443 -0.0137 0.9696
vn 0.1099 0.0008 0.9939
vn 0.1993 0.0727 0.9772
vn 0.3718 0.1299 0.9192
vn 0.5284 0.2401 0.8143
vn 0.1943 0.1770 0.9648
vn 0.3156 0.2793 0.9069
vn 0.4460 0.3951 0.8031
vn 0.6228 0.3435 0.7030
vn 0.1204 0.2962 0.9475
vn 0.2547 0.4176 0.8722
vn 0.4189 0.5189 0.7452
vn 0.6000 0.4600 0.6546
vn 0.7410 0.3626 0.5652
vn 0.8042 0.2243 0.5503
vn 0.0911 0.4228 0.9017
vn 0.2225 0.5568 0.8003
vn 0.4145 0.6351 0.6518
vn 0.5722 0.5592 0.5999
vn 0.7035 0.5112 0.4938
vn 0.2088 0.6889 0.6941
vn 0.3769 0.7522 0.5405
vn 0.5925 0.6508 0.4748
vn 0.7468 0.5643 0.3519
vn 0.7944 0.4461 0.4122
vn 0.1856 0.7965 0.5754
vn 0.2070 0.8720 0.4435
vn 0.4229 0.8052 0.4157
vn 0.5635 0.7498 0.3469
vn 0.6705 0.6743 0.3093
vn 0.1293 0.9392 0.3181
vn 0.3020 0.9025 0.3071
vn 0.4575 0.8430 0.2830
vn 0.5710 0.7967 0.1981
vn 0.6772 0.7137 0.1789
vn 0.7656 0.5990 0.2345
vn 0.0977 0.9657 0.2406
vn 0.2272 0.9485 0.2209
vn 0.3553 0.9150 0.1913
vn 0.4505 0.8766 0.1692
vn 0.4643 0.8841 0.0522
vn 0.5832 0.8085 0.0791
vn 0.1073 0.9823 0.1536
vn 0.2542 0.9599 0.1185
vn 0.3635 0.9291 0.0687
vn 0.3681 0.9278 -0.0610
vn 0.4643 0.8838 -0.0585
vn 0.5666 0.8238 -0.0167
vn 0.0788 0.9954 0.0542
vn 0.1849 0.9797 0.0774
vn 0.2646 0.9643 0.0059
vn 0.2604 0.9584 -0.1168
vn 0.3571 0.9146 -0.1899
vn 0.4548 0.8773 -0.1534
vn 0.0841 0.9956 -0.0405
vn 0.1819 0.9831 -0.0189
vn 0.1488 0.9782 -0.1448
vn 0.2644 0.9373 -0.2268
vn 0.3233 0.8898 -0.3221
vn 0.4444 0.8599 -0.2511
vn 0.0961 0.9621 -0.2551
vn 0.1993 0.9432 -0.2660
vn 0.1558 0.9183 -0.3638
vn 0.2498 0.6675 -0.7014
vn 0.4848 0.7993 -0.3552
vn 0.5594 0.7942 -0.2374
vn 0.1551 0.6264 -0.7639
vn 0.0510 -0.0344 -0.9981
vn -0.1142 -0.0001 -0.9935
vn 0.3607 0.5830 -0.7280
vn 0.6541 0.6799 -0.3316
vn -0.0911 -0.9092 -0.4064
vn -0.3193 -0.8427 -0.4335
vn -0.6042 -0.7509 -0.2666
vn -0.1609 -0.0063 -0.9869
vn 0.5288 0.4611 -0.7126
vn -0.6609 -0.5763 -0.4808
vn -0.0935 -0.1505 -0.9842
vn 0.6390 0.2464 -0.7287
vn 0.7845 0.5118 -0.3502
vn 0.7694 0.5935 -0.2364
vn 0.6695 0.7190 -0.1865
vn -0.0715 -0.1783 -0.9814
vn 0.6617 0.1472 -0.7352
vn 0.8709 0.3672 -0.3266
vn 0.8421 0.4804 -0.2452
vn 0.8474 0.5153 -0.1281
vn 0.7730 0.6260 -0.1034
vn -0.0834 0.0157 -0.9964
vn 0.7264 0.1016 -0.6797
vn 0.9007 0.2305 -0.3682
vn 0.9277 0.2765 -0.2510
vn 0.8990 0.3973 -0.1843
vn 0.0729 0.0390 -0.9966
vn 0.7517 0.0187 -0.6593
vn 0.9329 0.0534 -0.3562
vn 0.9330 0.1496 -0.3274
vn 0.9429 0.3074 -0.1284
vn 0.9058 0.4204 -0.0524
vn 0.7515 -0.3039 -0.5856
vn 0.9362 -0.0287 -0.3502
vn 0.0863 -0.5147 -0.8530
vn 0.2350 -0.9676 -0.0928
vn 0.8567 -0.4500 -0.2522
vn 0.2915 -0.9558 -0.0386
vn 0.9437 0.3304 -0.0136
vn 0.9031 0.4225 0.0772
vn 0.8491 0.5282 -0.0108
vn 0.9755 0.2198 0.0086
vn 0.9413 0.3249 0.0910
vn 0.9177 0.3368 0.2109
vn 0.8793 0.4308 0.2032
vn 0.8469 0.5232 0.0951
vn 0.7739 0.6330 0.0180
vn 0.9715 0.2183 0.0924
vn 0.9522 0.2533 0.1706
vn 0.9412 0.2242 0.2529
vn 0.9013 0.2595 0.3468
vn 0.8635 0.3712 0.3415
vn 0.9908 0.1124 0.0759
vn 0.9794 0.1158 0.1653
vn 0.9169 0.1699 0.3612
vn 0.8819 0.1474 0.4479
vn 0.8640 0.2389 0.4432
vn 0.8210 0.3339 0.4632
vn 0.8259 0.4834 0.2901
vn 0.8329 0.5188 0.1930
vn 0.7727 0.6214 0.1296
vn 0.6765 0.7340 0.0607
vn 0.6736 0.7372 -0.0533
vn 0.5611 0.8187 -0.1222
vn 0.1473 -0.8093 0.5686
vn 0.1594 -0.7125 0.6833
vn 0.3145 -0.7039 0.6369
vn 0.3971 -0.7245 0.5634
vn 0.5206 -0.6422 0.5626
vn 0.1418 -0.5747 0.8060
vn 0.2791 -0.5868 0.7601
vn 0.4163 -0.5491 0.7247
vn 0.4801 -0.6171 0.6234
vn 0.6200 -0.5307 0.5779
vn 0.7304 -0.3395 0.5926
vn 0.7853 -0.2588 0.5624
vn 0.8318 -0.1640 0.5302
vn 0.8836 -0.0759 0.4621
vn 0.5679 -0.4763 0.6713
vn 0.6625 -0.3201 0.6772
vn 0.8007 -0.2032 0.5636
vn 0.5079 -0.4151 0.7548
vn 0.5728 -0.2570 0.7784
vn 0.7334 -0.1963 0.6508
vn 0.8528 -0.1207 0.5081
vn 0.3551 -0.4486 0.8201
vn 0.4088 -0.3239 0.8532
vn 0.4295 -0.1929 0.8822
vn 0.4419 -0.2026 0.8739
vn 0.2070 -0.4463 0.8706
vn 0.2513 -0.3170 0.9145
vn 0.3143 -0.1937 0.9294
vn 0.2886 -0.1769 0.9410
vn 0.1144 -0.3078 0.9446
vn 0.1900 -0.1687 0.9672
vn 0.1632 -0.1917 0.9678
vn 0.1240 0.4555 -0.8816
vn 0.1371 0.3104 -0.9407
vn 0.3103 0.4448 -0.8401
vn 0.2971 0.5632 -0.7710
vn 0.1686 0.6074 -0.7763
vn 0.0826 0.1594 -0.9837
vn 0.1864 0.1739 -0.9670
vn 0.3173 0.3235 -0.8914
vn 0.4886 0.4220 -0.7636
vn 0.4389 0.5502 -0.7104
vn 0.3063 0.6822 -0.6639
vn 0.1712 -0.1809 -0.9685
vn 0.3191 0.1801 -0.9304
vn 0.5200 0.3047 -0.7979
vn 0.6453 0.3427 -0.6827
vn 0.5749 0.4824 -0.6609
vn 0.1130 -0.8209 -0.5597
vn 0.3698 -0.1741 -0.9127
vn 0.4444 0.2055 -0.8719
vn 0.5713 0.1997 -0.7961
vn 0.7144 0.2026 -0.6697
vn 0.2820 -0.7887 -0.5462
vn 0.5911 -0.1453 -0.7934
vn 0.7306 -0.2496 -0.6356
vn 0.8475 0.1110 -0.5190
vn 0.7910 0.2389 -0.5633
vn 0.6997 0.4277 -0.5722
vn 0.3606 -0.8614 -0.3577
vn 0.8136 -0.3495 -0.4646
vn 0.8968 -0.2713 -0.3495
vn 0.8930 0.0860 -0.4418
vn 0.9700 0.2145 -0.1145
vn 0.9209 0.3659 -0.1345
vn 0.5336 -0.8041 -0.2620
vn 0.6828 -0.6519 0.3298
vn 0.5272 -0.8439 -0.0992
vn 0.9533 -0.3007 0.0267
vn 0.9997 0.0205 -0.0131
vn 0.9911 0.1170 -0.0629
vn 0.7627 0.0426 0.6453
vn 0.7977 0.1649 0.5801
vn 0.7136 0.2807 0.6418
vn 0.6729 0.4424 0.5928
vn 0.4943 0.5838 0.6441
vn 0.8215 0.5688 -0.0392
vn 0.6964 0.7047 -0.1358
vn 0.6162 0.5602 -0.5536
vn 0.4103 0.7210 0.5584
vn 0.5375 0.6742 0.5065
vn 0.4726 0.8695 -0.1434
vn 0.5755 0.7842 -0.2321
vn 0.5123 0.6322 -0.5812
vn 0.4083 0.7083 -0.5759
vn 0.7348 0.4614 0.4972
vn 0.5839 0.8086 -0.0718
vn 0.4775 0.8421 -0.2508
vn 0.5146 0.5571 0.6517
vn 0.3996 0.9150 -0.0557
vn 0.2833 0.7984 -0.5313
vn 0.1543 0.7288 -0.6671
vn 0.1227 0.9733 -0.1939
vn 0.1265 0.8211 -0.5566
vn -0.0564 -0.6664 0.7435
vn 0.0056 -0.3682 0.9297
vn 0.1690 -0.3717 0.9128
vn 0.1171 -0.3734 0.9202
vn -0.0000 -0.3794 0.9252
vn 0.0059 -0.4866 0.8736
vn 0.1781 -0.4887 0.8541
vn 0.1205 -0.5997 0.7911
vn -0.0662 -0.6020 0.7958
vn 0.3622 -0.3598 0.8599
vn 0.2598 -0.3234 0.9099
vn 0.2631 -0.4004 0.8778
vn 0.3517 -0.4687 0.8103
vn 0.2861 -0.5778 0.7644
vn 0.5364 -0.3644 0.7612
vn 0.4787 -0.3356 0.8113
vn 0.3875 -0.3685 0.8450
vn 0.5101 -0.4256 0.7475
vn 0.4495 -0.5423 0.7098
vn 0.7146 -0.3179 0.6231
vn 0.5948 -0.3161 0.7391
vn 0.8782 -0.2032 0.4330
vn 0.7716 -0.2653 0.5782
vn 0.6598 -0.3344 0.6729
vn 0.6027 -0.4652 0.6484
vn 0.5673 -0.6089 0.5545
vn 0.4112 -0.6279 0.6608
vn 0.9593 -0.1364 0.2474
vn 0.9347 -0.1671 0.3138
vn 0.8850 -0.2456 0.3955
vn 0.8251 -0.2682 0.4973
vn 0.7415 -0.3765 0.5554
vn 0.7063 -0.4956 0.5055
vn 0.9684 -0.2201 0.1176
vn 0.9553 -0.2045 0.2135
vn 0.8922 -0.3554 0.2785
vn 0.8227 -0.3829 0.4202
vn 0.7914 -0.4848 0.3724
vn 0.7105 -0.5849 0.3913
vn 0.9634 -0.2673 0.0207
vn 0.9390 -0.3417 0.0400
vn 0.9358 -0.3170 0.1545
vn 0.8932 -0.4235 0.1511
vn 0.8165 -0.5109 0.2690
vn 0.9627 -0.2620 -0.0673
vn 0.9339 -0.3487 -0.0793
vn 0.8985 -0.4383 0.0238
vn 0.9746 -0.1927 -0.1137
vn 0.9475 -0.2672 -0.1755
vn 0.9096 -0.3613 -0.2054
vn 0.8929 -0.4398 -0.0968
vn 0.8470 -0.5313 0.0168
vn 0.8359 -0.5300 0.1428
vn 0.9773 -0.1114 -0.1800
vn 0.9631 -0.1877 -0.1928
vn 0.9487 -0.1678 -0.2681
vn 0.9074 -0.2732 -0.3193
vn 0.8663 -0.4003 -0.2986
vn 0.8465 -0.4929 -0.2012
vn 0.9834 -0.0226 -0.1799
vn 0.9596 -0.0280 -0.2800
vn 0.9791 0.0744 -0.1892
vn 0.9786 0.0745 -0.1917
vn 0.9559 0.1109 -0.2719
vn 0.9291 0.1017 -0.3555
vn 0.9323 -0.0262 -0.3606
vn 0.9220 -0.1486 -0.3575
vn 0.9686 0.1081 -0.2238
vn 0.9707 0.1559 -0.1829
vn 0.9648 0.1363 -0.2249
vn 0.9177 0.1659 -0.3609
vn 0.8921 0.1307 -0.4325
vn 0.8963 -0.0131 -0.4432
vn 0.8588 0.1130 -0.4998
vn 0.8478 0.1945 -0.4934
vn 0.8420 0.1257 -0.5246
vn 0.8451 -0.0005 -0.5346
vn 0.8896 -0.1485 -0.4319
vn 0.8672 0.1021 -0.4873
vn 0.7924 0.1173 -0.5986
vn 0.7731 0.1493 -0.6164
vn 0.7762 0.0115 -0.6304
vn 0.8365 -0.1204 -0.5346
vn 0.8457 -0.2378 -0.4777
vn 0.6849 0.1381 -0.7155
vn 0.6838 0.1403 -0.7160
vn 0.6954 0.0112 -0.7186
vn 0.7709 -0.1327 -0.6230
vn 0.5624 0.0974 -0.8211
vn 0.5615 0.1771 -0.8083
vn 0.5937 0.1071 -0.7975
vn 0.5950 -0.0337 -0.8030
vn 0.6854 -0.1082 -0.7200
vn 0.3672 0.0820 -0.9265
vn 0.3633 0.1679 -0.9164
vn 0.4821 0.1522 -0.8628
vn 0.4887 0.0499 -0.8710
vn 0.4860 -0.0812 -0.8702
vn 0.5920 -0.1881 -0.7837
vn 0.1587 0.0533 -0.9859
vn 0.1415 0.1522 -0.9782
vn 0.1593 0.1353 -0.9779
vn 0.2825 0.1269 -0.9508
vn 0.4022 0.1340 -0.9057
vn 0.3861 0.0398 -0.9216
vn -0.0515 0.0974 -0.9939
vn -0.0533 0.1570 -0.9862
vn 0.0029 0.1315 -0.9913
vn 0.0459 0.0630 -0.9970
vn 0.1737 0.0337 -0.9842
vn 0.2857 0.0281 -0.9579
vn 0.0352 -0.0309 -0.9989
vn 0.1482 -0.0871 -0.9851
vn 0.2727 -0.0901 -0.9579
vn 0.3727 -0.0754 -0.9249
vn 0.4226 -0.2050 -0.8828
vn 0.0247 -0.1313 -0.9910
vn 0.2026 -0.1971 -0.9592
vn 0.0376 -0.2161 -0.9757
vn 0.1172 -0.3038 -0.9455
vn 0.2806 -0.3071 -0.9093
vn 0.4228 -0.3082 -0.8522
vn 0.5351 -0.3460 -0.7707
vn 0.6615 -0.3184 -0.6790
vn 0.6931 -0.2112 -0.6892
vn -0.0310 -0.3155 -0.9484
vn 0.1218 -0.4197 -0.8994
vn 0.3430 -0.4125 -0.8439
vn 0.4406 -0.5071 -0.7407
vn 0.6049 -0.4585 -0.6510
vn 0.7210 -0.3983 -0.5670
vn 0.7620 -0.2628 -0.5918
vn -0.1098 -0.4389 -0.8918
vn 0.0377 -0.5779 -0.8153
vn 0.2360 -0.5502 -0.8010
vn 0.3619 -0.6474 -0.6707
vn 0.5198 -0.5826 -0.6248
vn 0.6517 -0.5649 -0.5061
vn 0.7610 -0.4613 -0.4561
vn 0.7972 -0.3429 -0.4968
vn 0.1681 -0.7049 -0.6891
vn 0.3213 -0.7553 -0.5712
vn 0.4907 -0.6890 -0.5334
vn 0.5232 -0.7465 -0.4112
vn 0.6618 -0.6567 -0.3617
vn 0.7391 -0.5756 -0.3500
vn 0.0222 -0.7181 -0.6956
vn 0.0327 -0.8207 -0.5704
vn 0.1680 -0.8416 -0.5134
vn 0.3342 -0.8323 -0.4422
vn 0.3179 -0.8886 -0.3307
vn 0.4500 -0.8514 -0.2695
vn 0.5721 -0.7746 -0.2694
vn 0.6857 -0.6903 -0.2308
vn 0.0317 -0.9002 -0.4343
vn 0.1419 -0.9248 -0.3531
vn 0.1281 -0.9632 -0.2361
vn 0.3102 -0.9206 -0.2373
vn 0.3069 -0.9373 -0.1653
vn 0.4660 -0.8730 -0.1440
vn 0.5734 -0.8090 -0.1294
vn -0.0412 -0.9473 -0.3177
vn -0.0574 -0.9725 -0.2258
vn -0.0444 -0.9866 -0.1568
vn 0.1166 -0.9839 -0.1355
vn -0.0438 -0.9959 -0.0797
vn 0.1081 -0.9935 -0.0363
vn 0.2280 -0.9699 -0.0860
vn 0.3494 -0.9354 -0.0547
vn 0.4685 -0.8829 -0.0315
vn 0.5696 -0.8218 -0.0120
vn 0.7288 -0.6749 -0.1158
vn -0.0450 -0.9989 -0.0085
vn 0.1078 -0.9919 0.0669
vn 0.2414 -0.9704 0.0085
vn 0.4054 -0.9121 0.0610
vn 0.5621 -0.8202 0.1062
vn 0.6651 -0.7467 0.0013
vn -0.0002 -0.9958 0.0913
vn 0.1032 -0.9740 0.2017
vn 0.2290 -0.9606 0.1575
vn 0.2418 -0.9663 0.0884
vn 0.3396 -0.9299 0.1412
vn 0.4510 -0.8721 0.1899
vn 0.0010 -0.9816 0.1907
vn -0.0614 -0.9559 0.2873
vn 0.1098 -0.9283 0.3553
vn 0.2336 -0.9263 0.2957
vn 0.2313 -0.9470 0.2228
vn 0.3402 -0.9102 0.2361
vn -0.0537 -0.9153 0.3991
vn 0.0947 -0.8516 0.5155
vn 0.2259 -0.8553 0.4663
vn 0.2610 -0.8867 0.3818
vn 0.4047 -0.8509 0.3349
vn -0.0845 -0.8666 0.4918
vn -0.0656 -0.8013 0.5946
vn 0.0674 -0.7213 0.6893
vn 0.2529 -0.7723 0.5827
vn 0.3624 -0.8075 0.4655
vn 0.5100 -0.7452 0.4296
vn 0.5618 -0.7869 0.2553
vn 0.2626 -0.6811 0.6835
vn 0.4095 -0.7172 0.5638
vn 0.6334 -0.6781 0.3729
vn 0.7407 -0.6238 0.2495
vn 0.6686 -0.7069 0.2310
vn 0.6687 -0.7354 0.1096
vn 0.7585 -0.6422 0.1111
vn 0.7677 -0.6407 -0.0097
vn 0.8375 -0.5387 -0.0916
vn 0.7773 -0.5853 -0.2306
vn 0.8087 -0.4816 -0.3377
vn 0.8408 -0.3622 -0.4023
vn 0.2598 -0.0839 0.9620
vn 0.3578 0.1867 0.9149
vn 0.1841 0.5769 0.7958
vn 0.1676 0.4096 0.8968
vn 0.1611 -0.0374 0.9862
vn 0.4622 -0.0930 0.8819
vn 0.5671 0.1322 0.8130
vn 0.4271 0.5739 0.6987
vn 0.2988 0.5837 0.7550
vn 0.3425 0.4606 0.8189
vn 0.3664 -0.0377 0.9297
vn 0.6436 -0.1211 0.7558
vn 0.7307 0.1292 0.6704
vn 0.5686 0.5551 0.6071
vn 0.5484 0.3917 0.7388
vn 0.7713 -0.1766 0.6115
vn 0.8577 0.0749 0.5087
vn 0.6827 0.5417 0.4904
vn 0.6947 0.3648 0.6199
vn 0.6817 -0.0771 0.7276
vn 0.5389 -0.0284 0.8419
vn 0.8573 -0.0876 0.5074
vn 0.9070 -0.0822 0.4131
vn 0.9356 0.1819 0.3028
vn 0.7431 0.5569 0.3711
vn 0.7942 0.3785 0.4755
vn 0.7950 -0.0789 0.6015
vn 0.8793 -0.0444 0.4742
vn 0.9301 -0.0587 0.3627
vn 0.9503 -0.1261 0.2848
vn 0.9373 -0.3419 0.0684
vn 0.9559 0.0702 -0.2852
vn 0.9139 0.3017 0.2717
vn 0.8634 -0.0419 0.5027
vn 0.8613 -0.0236 0.5076
vn 0.8892 -0.0370 0.4561
vn 0.9250 -0.0165 0.3795
vn 0.9650 -0.0434 0.2587
vn 0.9711 -0.0695 0.2281
vn 0.9697 -0.1554 0.1884
vn 0.8032 -0.5652 0.1880
vn 0.8691 0.1409 0.4741
vn 0.9076 0.1847 0.3771
vn 0.9517 0.1682 0.2568
vn 0.9837 0.1606 0.0813
vn 0.9906 -0.0265 0.1344
vn 0.9630 -0.0809 0.2569
vn 0.8447 0.1620 0.5101
vn 0.8193 0.3064 0.4845
vn 0.8602 0.3027 0.4105
vn 0.9086 0.3157 0.2734
vn 0.9403 0.3226 0.1083
vn 0.9557 0.2424 0.1667
vn 0.9675 0.1555 0.1995
vn 0.9393 0.0219 0.3424
vn 0.9669 -0.0451 0.2511
vn 0.9679 -0.1867 0.1683
vn 0.7890 -0.5973 0.1439
vn 0.9780 0.1641 0.1285
vn 0.9669 0.1615 0.1973
vn 0.9164 0.0488 -0.3972
vn 0.9298 -0.1812 -0.3205
vn 0.8421 -0.4946 -0.2148
vn 0.9979 0.0646 0.0071
vn 0.9615 -0.0699 -0.2657
vn 0.9243 0.0861 -0.3719
vn 0.4130 -0.0184 -0.9106
vn 0.6080 0.0352 -0.7932
vn 0.4000 -0.0481 -0.9153
vn 0.4835 -0.2341 -0.8435
vn 0.9817 0.0387 -0.1864
vn 0.9462 -0.2226 -0.2349
vn 0.5776 -0.4585 -0.6754
vn -0.3252 -0.2313 -0.9169
vn -0.3207 -0.0002 -0.9472
vn 0.9761 0.0725 -0.2047
vn 0.9444 -0.2336 -0.2314
vn 0.5502 -0.7992 -0.2420
vn -0.3721 -0.7515 -0.5448
vn -0.8993 -0.2043 -0.3866
vn -0.8009 -0.0894 -0.5921
vn 0.9548 0.0685 -0.2892
vn 0.9262 -0.2298 -0.2988
vn 0.5381 -0.8331 -0.1279
vn -0.1812 -0.9825 -0.0426
vn -0.7803 -0.6244 0.0367
vn -0.9294 -0.3497 -0.1183
vn 0.9512 0.0637 -0.3019
vn 0.9202 -0.1539 -0.3600
vn 0.6584 -0.7113 -0.2458
vn 0.2418 -0.9680 -0.0670
vn -0.1384 -0.9865 0.0872
vn -0.8118 -0.5253 0.2552
vn 0.9271 0.0722 -0.3677
vn 0.8540 0.0873 -0.5130
vn 0.8094 -0.2480 -0.5323
vn 0.4297 -0.8487 -0.3083
vn -0.0696 -0.9963 0.0504
vn -0.6448 -0.6608 0.3842
vn 0.7316 0.1111 -0.6727
vn 0.6731 -0.2700 -0.6885
vn 0.4714 -0.7271 -0.4991
vn 0.2832 -0.8566 -0.4313
vn -0.1137 -0.9861 0.1208
vn -0.4884 -0.7063 0.5124
vn 0.6202 0.1309 -0.7735
vn 0.5181 -0.2238 -0.8255
vn 0.4823 0.1337 -0.8657
vn 0.3424 -0.1931 -0.9195
vn 0.1651 -0.8398 -0.5173
vn -0.2182 -0.7089 0.6708
vn -0.3713 -0.6707 0.6421
vn 0.3184 0.1709 -0.9324
vn 0.1606 -0.1587 -0.9742
vn 0.1319 -0.6429 -0.7545
vn 0.1307 0.1666 -0.9773
vn -0.8485 0.0389 -0.5278
vn -0.7939 0.0673 -0.6044
vn -0.2347 -0.1100 -0.9658
vn 0.2858 -0.6387 -0.7144
vn 0.2092 -0.9754 -0.0694
vn -0.8303 -0.2038 -0.5188
vn -0.4076 -0.6551 -0.6361
vn -0.5731 -0.8127 -0.1050
vn 0.1099 -0.9811 0.1596
vn 0.3971 -0.9108 -0.1134
vn -0.9252 -0.3406 -0.1675
vn -0.6240 -0.7814 0.0108
vn -0.4661 -0.8257 -0.3178
vn -0.0452 -0.4640 -0.8847
vn 0.7145 -0.5018 -0.4875
vn -0.9416 -0.2256 -0.2501
vn -0.7754 -0.1308 -0.6178
vn -0.5879 -0.0911 -0.8038
vn -0.0751 -0.4745 -0.8770
vn 0.5059 -0.1860 -0.8423
vn -0.7971 -0.2058 -0.5677
vn -0.5141 -0.6932 -0.5052
vn -0.0295 -0.9231 -0.3835
vn 0.5992 -0.5974 -0.5330
vn 0.9091 -0.1583 -0.3853
vn 0.9991 -0.0045 0.0430
vn -0.8467 -0.2295 -0.4800
vn -0.5233 -0.7840 -0.3339
vn -0.1467 -0.9823 -0.1164
vn 0.1835 -0.9716 -0.1492
vn 0.7581 -0.6371 0.1389
vn 0.9329 -0.2899 0.2135
vn 0.9616 -0.1806 0.2068
vn -0.7709 -0.1943 -0.6066
vn -0.4556 -0.7839 -0.4219
vn -0.0949 -0.9839 -0.1515
vn 0.1061 -0.9910 0.0816
vn 0.5320 -0.7989 0.2806
vn 0.8258 -0.3246 0.4612
vn 0.8634 -0.1872 0.4685
vn -0.6249 -0.2074 -0.7526
vn -0.3756 -0.7464 -0.5494
vn -0.2166 -0.7882 -0.5761
vn 0.0878 -0.9880 0.1272
vn -0.4347 -0.2673 -0.8600
vn -0.2481 -0.3320 -0.9101
vn -0.1041 -0.7488 -0.6546
vn 0.1361 -0.2618 0.9555
vn 0.1577 -0.1472 0.9765
vn 0.3393 -0.2660 0.9023
vn 0.2043 -0.6329 0.7468
vn 0.3646 -0.1530 0.9185
vn 0.5312 -0.2754 0.8012
vn 0.3265 -0.7110 0.6228
vn 0.5555 -0.1620 0.8156
vn 0.7157 -0.2611 0.6478
vn 0.4493 -0.7265 0.5199
vn 0.5964 -0.6581 0.4595
vn 0.8780 -0.0378 0.4771
vn 0.9347 -0.0789 0.3466
vn -0.1196 -0.5889 -0.7993
vn -0.2593 -0.4626 -0.8478
vn -0.3488 -0.5642 -0.7483
vn -0.4723 -0.4389 -0.7644
vn -0.5747 -0.3669 -0.7315
vn -0.1491 -0.9238 -0.3527
vn -0.5506 -0.3381 -0.7632
vn -0.4366 -0.4968 -0.7501
vn -0.5365 -0.5296 -0.6570
vn -0.7651 -0.4069 -0.4991
vn 0.7621 0.2168 -0.6101
vn 0.6813 0.3381 -0.6493
vn 0.9803 -0.0634 -0.1873
vn 0.9051 0.0291 -0.4242
vn 0.4883 0.5497 -0.6778
vn 0.6483 0.1736 -0.7413
vn 0.6775 0.5081 -0.5318
vn 0.4284 0.8469 -0.3151
vn 0.6706 -0.0124 -0.7418
vn 0.5867 0.0993 -0.8037
vn 0.6893 0.2278 -0.6877
vn 0.8149 0.2731 -0.5112
vn 0.8693 0.4476 -0.2098
vn 0.6952 0.6856 -0.2158
vn 0.9199 -0.1187 -0.3739
vn 0.6004 -0.0687 -0.7967
vn 0.5049 -0.0224 -0.8629
vn 0.7649 0.0532 -0.6419
vn 0.9798 -0.1734 -0.0999
vn 0.9054 -0.2258 -0.3596
vn 0.6934 -0.2037 -0.6911
vn 0.5196 -0.1450 -0.8420
vn 0.7292 -0.0996 -0.6770
vn 0.9718 -0.1010 -0.2131
vn 0.9565 -0.2562 -0.1397
vn 0.9191 -0.3931 -0.0271
vn 0.9067 -0.3781 -0.1870
vn 0.7114 -0.4968 -0.4970
vn 0.5907 -0.3267 -0.7378
vn 0.5504 0.1222 -0.8259
vn 0.6811 -0.1974 -0.7051
vn 0.5573 -0.5873 -0.5870
vn 0.5694 -0.8197 -0.0620
vn 0.4502 -0.8821 0.1385
vn 0.5490 -0.8153 0.1840
vn 0.8020 -0.5954 -0.0470
vn 0.4192 -0.7540 0.5057
vn 0.5319 -0.8441 0.0679
vn 0.4960 -0.8652 -0.0743
vn 0.6766 -0.7142 -0.1795
vn 0.3133 -0.4394 0.8418
vn 0.5174 -0.7519 0.4087
vn 0.5147 -0.8487 0.1212
vn 0.4125 -0.9107 -0.0231
vn 0.4901 -0.8644 -0.1121
vn 0.5690 -0.7743 -0.2771
vn 0.2613 -0.1817 0.9480
vn 0.5774 -0.4258 0.6966
vn 0.6757 -0.6544 0.3394
vn 0.7235 -0.6764 0.1382
vn 0.5430 -0.8396 -0.0149
vn 0.6731 -0.7260 -0.1410
vn 0.2363 -0.0774 0.9686
vn 0.4422 -0.2011 0.8741
vn 0.6502 -0.2889 0.7027
vn 0.7943 -0.4383 0.4206
vn 0.2433 -0.0015 0.9700
vn 0.4118 -0.0810 0.9077
vn 0.6068 -0.1681 0.7769
vn 0.7967 -0.2696 0.5409
vn 0.9353 -0.2408 0.2595
vn 0.8919 -0.4180 0.1724
vn 0.2962 0.0968 0.9502
vn 0.4754 0.0427 0.8787
vn 0.6130 -0.0518 0.7884
vn 0.8228 -0.1506 0.5480
vn 0.4258 0.2941 0.8557
vn 0.6524 0.2154 0.7266
vn 0.6990 0.0856 0.7100
vn 0.8569 0.0099 0.5153
vn 0.9458 -0.1288 0.2980
vn 0.5071 0.5767 0.6405
vn 0.7550 0.4744 0.4526
vn 0.8564 0.2621 0.4448
vn 0.9529 0.2074 0.2213
vn 0.9684 -0.0283 0.2479
vn 0.9857 -0.1334 0.1029
vn 0.5837 0.7565 0.2948
vn 0.7712 0.6042 0.2006
vn 0.8639 0.4671 0.1882
vn 0.9020 0.4256 0.0727
vn 0.9719 0.2321 0.0390
vn 0.9953 0.0053 0.0968
vn 0.6259 0.7718 0.1120
vn 0.7677 0.6366 0.0740
vn 0.8386 0.5423 0.0511
vn 0.8869 0.4594 -0.0479
vn 0.9765 0.1929 -0.0959
vn 0.9997 -0.0256 0.0004
vn 0.5857 0.8101 0.0258
vn 0.7711 0.6346 -0.0512
vn 0.9474 0.1338 -0.2907
vn 0.9886 -0.0833 -0.1257
vn 0.9860 -0.1667 -0.0082
vn 0.5822 0.8101 -0.0695
vn 0.9349 -0.0826 -0.3452
vn 0.9635 -0.2308 -0.1358
vn 0.9593 -0.2817 -0.0187
vn 0.9654 -0.2524 0.0659
vn 0.9014 -0.2130 -0.3769
vn 0.8158 -0.4882 -0.3099
vn 0.8831 -0.4604 -0.0904
vn 0.8885 -0.4582 0.0227
vn 0.7189 -0.2862 -0.6334
vn 0.6613 -0.5251 -0.5357
vn 0.7266 -0.6869 -0.0162
vn -0.0000 -0.8038 0.5949
vn 0.6412 -0.5293 0.5556
vn 0.7695 -0.4971 0.4009
vn 0.7388 -0.4616 0.4911
vn 0.5892 -0.6412 0.4917
vn 0.5516 -0.6771 0.4872
vn 0.4220 -0.3418 0.8397
vn -0.0000 -0.6741 0.7386
vn 0.0138 -0.5469 0.8371
vn 0.5838 -0.4278 0.6901
vn 0.5392 -0.4469 0.7139
vn 0.5504 -0.4617 0.6956
vn 0.6625 -0.4865 0.5695
vn 0.6376 -0.5763 0.5112
vn 0.5915 -0.7055 0.3905
vn 0.7526 -0.5134 0.4123
vn 0.7380 -0.4479 0.5047
vn 0.7640 -0.4825 0.4285
vn 0.7227 -0.4827 0.4947
vn 0.8263 -0.3155 0.4666
vn 0.7280 -0.2858 0.6232
vn 0.6877 -0.2848 0.6678
vn 0.7125 -0.4040 0.5737
vn 0.7932 -0.2126 0.5707
vn 0.8773 -0.3064 0.3694
vn 0.9188 -0.1119 0.3785
vn 0.6744 -0.3181 0.6663
vn 0.6314 -0.2077 0.7471
vn 0.6872 -0.0388 0.7255
vn 0.7332 -0.0681 0.6766
vn 0.7736 0.1758 0.6087
vn 0.8540 -0.0006 0.5203
vn 0.4201 -0.2991 0.8568
vn 0.4285 -0.2067 0.8796
vn 0.6225 -0.0556 0.7807
vn 0.7050 -0.0004 0.7092
vn 0.4041 0.4609 0.7901
vn 0.5815 0.1962 0.7896
vn 0.1978 -0.0398 0.9794
vn 0.4486 -0.0250 0.8934
vn 0.6544 0.3639 0.6629
vn 0.6956 0.2089 0.6874
vn -0.0025 0.0164 0.9999
vn 0.2907 0.1658 0.9423
vn 0.7764 0.0568 0.6277
vn 0.6059 0.5412 0.5830
vn 0.0003 0.2294 0.9733
vn 0.4091 0.3520 0.8419
vn 0.6686 0.2407 0.7036
vn 0.4732 0.0241 0.8806
vn -0.0002 0.4555 0.8902
vn 0.5202 0.4475 0.7274
vn 0.6704 0.4504 0.5896
vn 0.6177 0.1303 0.7756
vn 0.6208 0.5587 0.5500
vn 0.6343 0.5684 0.5240
vn 0.5915 0.3882 0.7067
vn 0.8059 0.2225 0.5487
vn -0.0000 0.7385 0.6743
vn 0.5680 0.7221 0.3949
vn 0.7104 0.5739 0.4074
vn 0.4608 0.6775 0.5732
vn 0.3418 0.6025 0.7212
vn 0.3994 0.5121 0.7604
vn 0.6747 0.2945 0.6768
vn 0.5959 0.4678 0.6528
vn -0.0000 0.8966 0.4428
vn 0.4100 0.8620 0.2981
vn 0.6034 0.7293 0.3225
vn 0.3668 0.7459 0.5560
vn 0.2043 0.7581 0.6193
vn -0.0000 0.9588 0.2840
vn 0.3679 0.7809 0.5047
vn 0.1694 0.7554 0.6331
vn 0.4640 0.7388 0.4888
vn 0.6110 0.6038 0.5120
vn 0.2568 0.8249 0.5036
vn 0.3293 0.8374 0.4362
vn 0.3803 0.7911 0.4790
vn 0.6904 0.6168 0.3780
vn 0.8118 0.3919 0.4328
vn 0.4627 0.8716 0.1620
vn 0.5888 0.7604 0.2740
vn 0.7519 0.5978 0.2781
vn 0.7818 0.4767 0.4018
vn 0.7939 0.3946 0.4625
vn 0.7978 0.3167 0.5131
vn 0.5935 0.8001 0.0874
vn 0.6731 0.7341 0.0894
vn 0.7744 0.6287 0.0710
vn 0.8294 0.4937 0.2616
vn 0.8314 0.3873 0.3986
vn 0.8399 0.2393 0.4872
vn 0.8362 0.5476 0.0308
vn 0.9101 0.3705 0.1858
vn 0.8644 0.3185 0.3890
vn 0.9126 0.1243 0.3896
vn 0.9117 -0.0442 0.4085
vn 0.8988 0.4379 -0.0204
vn 0.9385 0.3441 0.0270
vn 0.9603 0.1729 0.2187
vn 0.9057 0.2424 0.3478
vn 0.9210 0.1246 0.3692
vn 0.9686 0.2344 0.0823
vn 0.9769 0.1307 0.1688
vn 0.9553 0.0296 0.2943
vn 0.9870 0.0935 0.1308
vn 0.9438 -0.0025 0.3306
vn 0.9088 -0.1930 0.3699
vn 0.9701 -0.0482 0.2380
vn 0.9073 -0.0626 0.4158
vn 0.8391 -0.2383 0.4890
vn 0.8681 -0.2572 0.4247
vn 0.8922 -0.3164 0.3223
vn 0.7817 -0.3864 0.4895
vn 0.8957 -0.1119 0.4304
vn 0.8460 -0.1495 0.5118
vn -0.4269 0.0533 0.9027
vn -0.3959 0.4596 0.7950
vn -0.6059 0.5413 0.5830
vn -0.4892 0.2526 0.8348
vn -0.6161 0.2068 0.7600
vn -0.6754 0.2401 0.6973
vn -0.7783 0.0559 0.6254
vn -0.6884 0.0161 0.7252
vn -0.6949 0.2129 0.6868
vn -0.5022 0.3296 0.7995
vn -0.6705 0.4611 0.5812
vn -0.6359 0.4839 0.6012
vn -0.6943 0.0192 0.7195
vn -0.6770 -0.1256 0.7252
vn -0.7358 -0.2667 0.6225
vn -0.6683 -0.2828 0.6880
vn -0.7258 -0.0225 0.6875
vn -0.7604 0.2635 0.5936
vn -0.7143 0.1036 0.6922
vn -0.6579 0.4440 0.6083
vn -0.5713 -0.0442 0.8196
vn -0.4385 -0.2030 0.8755
vn -0.6360 -0.2881 0.7159
vn -0.6618 -0.4841 0.5724
vn -0.7381 -0.4514 0.5014
vn -0.7107 -0.4146 0.5684
vn -0.3398 -0.0313 0.9400
vn -0.1850 -0.0409 0.9819
vn -0.1941 -0.2271 0.9543
vn -0.4360 -0.2947 0.8504
vn -0.5865 -0.4994 0.6376
vn -0.6517 0.1829 0.7361
vn -0.2843 0.1674 0.9440
vn -0.4858 -0.4015 0.7764
vn -0.4433 0.3816 0.8111
vn -0.5222 0.4490 0.7250
vn -0.6245 0.5595 0.5448
vn -0.5944 0.6993 0.3970
vn -0.4137 0.8609 0.2962
vn -0.6695 0.5573 0.4911
vn -0.7788 0.5045 0.3728
vn -0.5715 0.6511 0.4995
vn -0.5996 0.7302 0.3276
vn -0.3466 0.6038 0.7178
vn -0.1921 0.7384 0.6464
vn -0.2731 0.7749 0.5701
vn -0.3388 0.7941 0.5045
vn -0.7792 0.3960 0.4858
vn -0.7674 0.1603 0.6208
vn -0.4823 0.4965 0.7217
vn -0.5888 0.5957 0.5464
vn -0.1779 0.7761 0.6049
vn -0.3358 0.7933 0.5078
vn -0.6391 0.4085 0.6517
vn -0.2308 0.8250 0.5159
vn -0.3525 0.8645 0.3583
vn -0.7243 0.3512 0.5933
vn -0.5117 0.8263 0.2352
vn -0.7623 0.3134 0.5662
vn -0.6805 0.6398 0.3574
vn -0.6341 0.7537 0.1732
vn -0.6571 0.7537 0.0119
vn -0.7600 0.3284 0.5608
vn -0.7277 0.3231 0.6050
vn -0.7803 0.6224 0.0617
vn -0.5439 0.7177 0.4348
vn -0.7942 0.4531 0.4049
vn -0.7969 0.3861 0.4646
vn -0.7799 0.4747 0.4079
vn -0.7642 0.5802 0.2817
vn -0.8552 0.2614 0.4475
vn -0.8511 0.2394 0.4672
vn -0.8422 0.3632 0.3984
vn -0.6741 0.0907 0.7330
vn -0.6861 -0.5296 0.4988
vn -0.5860 -0.6380 0.4995
vn -0.6382 -0.5726 0.5146
vn -0.7692 -0.4835 0.4178
vn -0.5924 -0.7051 0.3897
vn -0.7524 -0.5150 0.4107
vn -0.7250 -0.5286 0.4415
vn -0.6516 -0.5314 0.5414
vn -0.7153 -0.4910 0.4972
vn -0.8110 -0.3836 0.4417
vn -0.8659 -0.3258 0.3796
vn -0.7959 -0.2134 0.5666
vn -0.7725 0.1466 0.6179
vn -0.8130 -0.2976 0.5004
vn -0.8396 -0.1737 0.5147
vn -0.8543 -0.2852 0.4345
vn -0.9048 -0.2033 0.3742
vn -0.9121 -0.0451 0.4074
vn -0.8533 -0.0006 0.5214
vn -0.7493 -0.4182 0.5135
vn -0.8794 -0.1596 0.4486
vn -0.9195 -0.0585 0.3887
vn -0.8492 -0.2371 0.4718
vn -0.7451 0.4170 0.5205
vn -0.7951 0.2173 0.5662
vn -0.8942 -0.2984 0.3336
vn -0.9687 -0.0818 0.2343
vn -0.9867 0.0414 0.1574
vn -0.9389 -0.0121 0.3441
vn -0.9305 -0.0708 0.3595
vn -0.6619 0.4705 0.5835
vn -0.6764 0.2393 0.6966
vn -0.6691 0.1289 0.7319
vn -0.5357 0.1228 0.8354
vn -0.6963 0.0639 0.7149
vn -0.9829 0.1593 0.0925
vn -0.9641 0.0584 0.2589
vn -0.9388 0.0325 0.3429
vn -0.9235 0.0732 0.3767
vn -0.7948 0.1537 0.5871
vn -0.9688 0.2172 0.1190
vn -0.9549 0.1617 0.2490
vn -0.9061 0.1837 0.3811
vn -0.8731 0.2610 0.4118
vn -0.9365 0.3473 0.0493
vn -0.9235 0.3702 0.1008
vn -0.8988 0.2640 0.3498
vn -0.8539 0.4645 0.2347
vn -0.8407 0.5414 0.0083
vn -0.7163 0.6844 0.1359
vn -0.7476 0.0053 0.6642
vn -0.5844 -0.3622 0.7262
vn -0.4436 -0.8314 0.3346
vn 0.1505 -0.9886 0.0095
vn 0.4332 -0.8490 -0.3026
vn 0.5674 -0.7178 -0.4035
vn -0.6597 -0.6989 0.2763
vn 0.0361 -0.9823 -0.1836
vn 0.6001 -0.7325 -0.3214
vn 0.6944 -0.5935 -0.4069
vn 0.6370 -0.5796 -0.5082
vn 0.5219 -0.5085 -0.6848
vn -0.4996 -0.7605 0.4148
vn 0.0266 -0.9987 -0.0430
vn 0.2551 -0.8109 -0.5266
vn 0.4011 -0.7721 -0.4930
vn 0.3303 -0.7495 -0.5736
vn -0.3993 -0.6958 0.5971
vn 0.1661 -0.9743 0.1521
vn 0.3375 -0.8853 -0.3199
vn 0.3378 -0.8130 -0.4743
vn -0.1915 -0.7530 0.6295
vn 0.3561 -0.9183 0.1728
vn 0.5064 -0.8343 -0.2180
vn 0.6581 -0.6774 -0.3285
vn 0.4866 -0.7421 -0.4609
vn 0.2241 -0.7554 -0.6157
vn -0.2164 -0.5664 0.7952
vn 0.3806 -0.8669 0.3218
vn 0.6312 -0.7628 -0.1400
vn 0.7512 -0.5913 -0.2933
vn 0.7773 -0.5086 -0.3704
vn 0.6903 -0.5517 -0.4682
vn -0.0188 -0.4782 0.8780
vn 0.5189 -0.7673 0.3768
vn 0.6660 -0.7459 -0.0086
vn 0.7305 -0.6673 -0.1450
vn 0.8243 -0.5101 -0.2455
vn 0.8240 -0.3885 -0.4124
vn 0.6515 -0.6552 0.3824
vn 0.7812 -0.6230 -0.0396
vn 0.8687 -0.4949 -0.0191
vn 0.9202 -0.3205 -0.2245
vn 0.8622 -0.3166 -0.3954
vn 0.7250 -0.5477 0.4176
vn 0.8594 -0.4094 0.3063
vn 0.9384 -0.3442 -0.0300
vn 0.9641 -0.1355 -0.2285
vn 0.9228 -0.1380 -0.3598
vn 0.9034 -0.2394 -0.3558
vn 0.8813 -0.2305 0.4125
vn 0.9686 -0.2372 -0.0738
vn 0.9772 -0.1280 -0.1692
vn 0.9593 -0.0431 -0.2791
vn 0.9392 -0.0284 -0.3422
vn 0.2850 -0.1740 0.9426
vn 0.3957 -0.0257 0.9180
vn 0.8977 -0.0437 0.4385
vn 0.9889 -0.0883 -0.1198
vn 0.9468 -0.0114 -0.3217
vn 0.9229 0.0908 -0.3741
vn 0.4130 0.1176 0.9031
vn 0.9570 0.0762 0.2800
vn 0.9737 0.0759 -0.2149
vn 0.4623 0.2475 0.8515
vn 0.9183 0.3031 0.2547
vn 0.8007 0.5990 0.0042
vn 0.8261 0.3719 -0.4234
vn 0.8815 0.1471 -0.4486
vn 0.3524 0.6740 0.6492
vn -0.0035 0.9445 0.3286
vn 0.4920 0.8382 -0.2354
vn 0.4120 0.8266 -0.3834
vn 0.7431 0.4566 -0.4892
vn -0.1478 0.9850 0.0895
vn -0.1873 0.9798 0.0705
vn 0.3980 0.8674 -0.2987
vn 0.5622 0.7403 -0.3687
vn 0.7375 0.4874 -0.4675
vn 0.8352 0.3148 -0.4509
vn 0.0167 0.9904 0.1373
vn 0.2025 0.8292 0.5210
vn 0.8919 -0.2097 -0.4006
vn 0.8449 -0.2398 -0.4781
vn 0.8155 -0.3322 -0.4739
vn 0.5619 -0.5555 -0.6129
vn 0.9163 -0.1170 -0.3830
vn 0.9167 0.0170 -0.3993
vn 0.8547 -0.0224 -0.5187
vn 0.7702 -0.2028 -0.6047
vn 0.7556 -0.2512 -0.6050
vn 0.8118 -0.2230 -0.5396
vn 0.6899 -0.3293 -0.6447
vn 0.8701 0.2455 -0.4274
vn 0.8148 0.2011 -0.5438
vn 0.7475 -0.0812 -0.6593
vn 0.7048 -0.1903 -0.6834
vn 0.5976 -0.3719 -0.7103
vn 0.4258 -0.5474 -0.7204
vn 0.7410 0.5086 -0.4385
vn 0.7442 0.3631 -0.5606
vn 0.7168 0.1390 -0.6833
vn 0.8859 0.1218 -0.4476
vn 0.7289 0.4838 -0.4844
vn 0.7459 0.5107 -0.4275
vn 0.6892 0.4681 -0.5530
vn 0.6791 0.2986 -0.6706
vn 0.6808 0.0569 -0.7303
vn 0.6024 0.7415 -0.2954
vn 0.7694 0.4726 -0.4297
vn 0.6342 0.6467 -0.4237
vn 0.6460 0.5224 -0.5566
vn 0.7398 0.4209 -0.5250
vn 0.7096 0.2806 -0.6464
vn 0.5588 0.8219 -0.1109
vn 0.5730 0.8130 -0.1033
vn 0.5083 0.6823 -0.5254
vn 0.5530 0.6413 -0.5319
vn 0.6767 0.3945 -0.6217
vn 0.6212 0.2193 -0.7523
vn 0.4241 0.5977 0.6804
vn 0.7832 0.6171 0.0760
vn 0.7346 0.5270 -0.4273
vn 0.6329 0.6168 -0.4680
vn 0.5753 0.5332 -0.6203
vn 0.6025 0.4136 -0.6826
vn 0.6972 0.6103 -0.3762
vn 0.6165 0.5393 -0.5737
vn 0.5934 0.4652 -0.6568
vn 0.5100 0.4203 -0.7505
vn 0.4453 0.2820 -0.8498
vn 0.5941 0.7926 0.1371
vn 0.3099 0.3151 -0.8970
vn 0.2505 0.2771 -0.9276
vn 0.2094 0.2137 -0.9542
vn 0.3791 0.1995 -0.9036
vn 0.5303 0.1977 -0.8245
vn 0.2078 0.0432 -0.9772
vn 0.4218 0.0229 -0.9064
vn 0.6218 0.0543 -0.7813
vn 0.6885 -0.0955 -0.7189
vn 0.1643 -0.1126 -0.9800
vn 0.3487 -0.1869 -0.9184
vn 0.5637 -0.1587 -0.8106
vn 0.2695 -0.2696 -0.9245
vn 0.4515 -0.3239 -0.8314
vn 0.6349 -0.3169 -0.7046
vn 0.6724 -0.4102 -0.6161
vn 0.6666 -0.5188 -0.5352
vn 0.3065 -0.3543 -0.8835
vn 0.6085 -0.3921 -0.6899
vn 0.3984 -0.6567 -0.6403
vn 0.1614 -0.7263 -0.6682
vn 0.4674 -0.6964 -0.5446
vn 0.2659 0.3484 -0.8988
vn 0.5387 0.8314 0.1364
vn 0.9345 0.3374 0.1133
vn -0.1103 0.9194 -0.3775
vn -0.5517 0.2347 -0.8003
vn 0.3012 0.9405 0.1572
vn -0.5314 0.7278 -0.4335
vn -0.4928 0.6236 -0.6069
vn -0.5483 0.7988 -0.2477
vn -0.8704 0.3116 -0.3812
vn -0.8274 0.1133 -0.5500
vn -0.7445 0.1690 -0.6459
vn -0.5720 0.3707 -0.7317
vn 0.2397 0.8754 0.4197
vn -0.7555 0.6506 -0.0770
vn -0.9516 0.0854 -0.2951
vn -0.9062 0.0956 -0.4119
vn -0.7702 -0.1509 -0.6197
vn -0.7755 -0.1564 -0.6117
vn -0.7895 -0.1639 -0.5915
vn 0.3244 0.6854 0.6519
vn -0.0083 0.6473 0.7622
vn -0.8962 0.4180 0.1486
vn -0.2588 0.2691 0.9277
vn -0.9979 0.0629 -0.0123
vn -0.9332 -0.1648 0.3195
vn -0.0548 -0.1715 0.9837
vn -0.8361 -0.4907 0.2454
vn 0.2574 -0.3042 0.9172
vn 0.1415 -0.5681 0.8107
vn -0.7230 -0.6836 0.0997
vn -0.9354 -0.2967 -0.1925
vn -0.9649 -0.1150 -0.2360
vn 0.1885 -0.7604 0.6215
vn -0.6336 -0.7734 -0.0186
vn -0.8838 -0.4270 -0.1911
vn -0.8709 -0.2800 -0.4039
vn -0.9245 -0.1619 -0.3451
vn -0.9215 -0.0432 -0.3859
vn -0.2584 -0.9584 0.1215
vn -0.6019 -0.7628 -0.2362
vn -0.7849 -0.3618 -0.5031
vn 0.4316 -0.7125 0.5533
vn 0.0387 -0.8516 -0.5227
vn -0.6146 -0.5537 -0.5619
vn -0.6467 -0.5975 -0.4741
vn 0.9266 -0.3760 -0.0013
vn -0.7999 -0.1558 -0.5795
vn -0.8103 -0.1555 -0.5650
vn -0.7004 0.0711 -0.7102
vn -0.5273 0.1904 -0.8280
vn -0.8223 -0.1369 -0.5523
vn -0.8267 -0.1274 -0.5481
vn -0.5681 0.0008 -0.8230
vn -0.5201 0.0338 -0.8535
vn -0.4621 -0.1326 -0.8769
vn -0.3906 -0.2342 -0.8903
vn -0.8172 -0.1002 -0.5676
vn -0.6243 -0.1653 -0.7635
vn -0.8133 -0.0921 -0.5745
vn -0.8157 -0.0812 -0.5727
vn -0.5937 -0.3318 -0.7331
vn -0.4256 -0.3190 -0.8468
vn -0.5583 -0.3557 -0.7495
vn -0.8206 -0.0468 -0.5696
vn -0.7297 -0.3155 -0.6067
vn -0.5792 -0.4991 -0.6445
vn -0.8151 -0.0414 -0.5779
vn -0.8010 -0.0336 -0.5977
vn -0.7913 -0.0420 -0.6100
vn -0.7803 -0.0424 -0.6240
vn -0.7683 -0.0607 -0.6372
vn -0.7640 -0.0703 -0.6414
vn -0.7758 -0.0978 -0.6234
vn -0.7800 -0.1060 -0.6168
vn -0.7772 -0.1168 -0.6183
vn -0.1839 -0.7874 -0.5883
vn -0.4297 -0.7128 0.5543
vn -0.8825 -0.3584 0.3044
vn 0.2435 -0.9605 0.1349
vn 0.5879 -0.5641 -0.5798
vn -0.1710 -0.7690 0.6160
vn 0.6444 -0.7640 -0.0334
vn 0.5966 -0.7675 -0.2346
vn 0.6423 -0.5962 -0.4817
vn 0.5478 -0.4741 -0.6893
vn 0.4688 -0.2688 -0.8414
vn 0.3329 -0.2183 -0.9173
vn 0.6656 -0.7289 0.1603
vn 0.9193 -0.3340 -0.2081
vn 0.8552 -0.2539 -0.4518
vn 0.7841 -0.3612 -0.5047
vn 0.7292 -0.3120 -0.6091
vn 0.6209 -0.2859 -0.7299
vn -0.1289 -0.5734 0.8090
vn 0.8417 -0.4892 0.2285
vn 0.9577 -0.0725 -0.2784
vn 0.9255 -0.1589 -0.3437
vn 0.7640 -0.0703 -0.6414
vn 0.7684 -0.0608 -0.6371
vn 0.7802 -0.0424 -0.6241
vn -0.2492 -0.3084 0.9180
vn 0.0699 -0.1744 0.9822
vn 0.9398 -0.1584 0.3027
vn 0.2641 0.2679 0.9265
vn 0.9878 0.1042 0.1158
vn 0.9364 0.3496 0.0302
vn 0.0086 0.6474 0.7621
vn 0.6904 0.7234 0.0030
vn -0.3244 0.6855 0.6518
vn -0.2395 0.8756 0.4194
vn 0.6378 0.7086 -0.3018
vn 0.9319 0.1732 -0.3185
vn -0.3078 0.9380 0.1596
vn 0.5272 0.7321 -0.4315
vn 0.8448 0.3830 -0.3737
vn 0.8955 0.1156 -0.4299
vn 0.9214 -0.0186 -0.3883
vn 0.7758 -0.0978 -0.6233
vn 0.1458 0.9039 -0.4021
vn 0.4927 0.6199 -0.6107
vn 0.7441 0.1688 -0.6464
vn 0.8272 0.1176 -0.5494
vn 0.7702 -0.1509 -0.6197
vn 0.7773 -0.1168 -0.6182
vn -0.5471 0.8252 0.1403
vn -0.1205 0.4330 -0.8933
vn -0.9688 0.1908 -0.1582
vn 0.7802 -0.1059 -0.6166
vn 0.7755 -0.1564 -0.6116
vn 0.7894 -0.1640 -0.5916
vn 0.7999 -0.1558 -0.5796
vn 0.8103 -0.1554 -0.5650
vn 0.7001 0.0666 -0.7110
vn 0.8224 -0.1370 -0.5522
vn 0.8267 -0.1275 -0.5480
vn 0.6063 -0.0259 -0.7948
vn 0.8171 -0.1002 -0.5678
vn 0.6233 -0.1518 -0.7671
vn 0.8131 -0.0922 -0.5748
vn 0.5642 0.3640 -0.7411
vn 0.5041 0.1390 -0.8524
vn 0.4617 -0.0975 -0.8817
vn 0.8157 -0.0812 -0.5728
vn 0.5414 0.2417 -0.8053
vn 0.8206 -0.0468 -0.5697
vn 0.8152 -0.0414 -0.5778
vn 0.8010 -0.0337 -0.5977
vn 0.7912 -0.0420 -0.6101
vn 0.3621 0.5218 -0.7724
vn -0.6483 -0.2286 -0.7262
vn -0.3289 -0.7001 -0.6337
vn -0.3942 -0.3556 -0.8474
vn -0.2891 0.3757 -0.8805
vn 0.3103 -0.5225 -0.7941
vn -0.3210 -0.8710 -0.3718
vn -0.6150 0.3113 -0.7245
vn -0.5239 0.3138 -0.7919
vn 0.5095 -0.5079 -0.6946
vn -0.3940 0.0072 -0.9191
vn 0.7996 -0.3289 -0.5025
vn 0.6545 -0.0661 -0.7531
vn -0.6682 -0.1248 -0.7334
vn 0.4934 0.0370 -0.8690
vn 0.3192 -0.9102 -0.2639
vn 0.2755 -0.3876 -0.8797
vn -0.0152 -0.5215 -0.8531
vn 0.6499 -0.6783 -0.3430
vn -0.2771 -0.9196 -0.2785
vn 0.9173 -0.2215 -0.3309
vn 0.8038 0.3686 -0.4670
vn 0.4853 -0.1283 -0.8649
vn 0.2595 0.0901 -0.9615
vn 0.4179 0.7069 -0.5707
vn -0.0808 0.8518 -0.5175
vn -0.6171 0.6539 -0.4377
vn -0.2933 -0.0813 -0.9525
vn -0.5855 -0.5247 -0.6179
vn -0.1358 -0.4769 -0.8684
vn 0.0843 0.3302 -0.9401
vn 0.0933 -0.4403 -0.8930
vn -0.3275 0.2526 -0.9105
vn -0.4146 0.3476 -0.8410
vn -0.8668 0.3119 -0.3891
vn -0.9301 -0.1287 -0.3439
vn -0.3651 -0.9013 -0.2330
vn -0.1375 0.6718 -0.7279
vn 0.0623 0.2051 -0.9768
vn -0.2448 -0.3979 -0.8842
vn 0.3244 0.1860 -0.9275
vn 0.4391 0.7505 -0.4939
vn -0.7788 -0.5246 -0.3439
vn -0.4227 -0.1349 -0.8962
vn 0.3409 -0.0718 -0.9373
vn 0.8391 0.3715 -0.3974
vn -0.9030 0.1880 -0.3864
vn 0.9283 -0.2116 -0.3057
vn 0.6423 -0.7142 -0.2781
vn 0.1152 -0.9402 -0.3205
vn 0.3028 -0.3094 -0.9014
vn -0.7751 0.0070 -0.6318
vn -0.4970 -0.1475 -0.8551
vn 0.3165 -0.1020 -0.9431
vn -0.7307 -0.2544 -0.6336
vn 0.5594 0.0948 -0.8235
vn -0.6240 -0.2989 -0.7220
vn 0.3383 0.2634 -0.9034
vn -0.9777 0.0099 -0.2099
vn -0.9815 -0.1048 -0.1601
vn -0.5788 -0.0035 0.8155
vn -0.6558 -0.2067 0.7261
vn -0.7647 -0.5646 -0.3104
vn -0.5805 0.1832 0.7934
vn -0.6931 0.4204 0.5855
vn -0.7067 0.1823 -0.6836
vn -0.4618 0.7213 0.5162
vn -0.6067 0.3074 -0.7331
vn -0.4886 0.3937 -0.7787
vn -0.1563 0.8195 0.5513
vn -0.3655 0.4433 -0.8185
vn -0.0320 0.9536 0.2994
vn -0.2334 0.4301 -0.8721
vn 0.1623 0.9358 0.3131
vn -0.0692 0.8025 -0.5926
vn -0.1256 0.4165 -0.9004
vn 0.2873 0.8610 0.4197
vn 0.1886 0.7795 -0.5973
vn 0.3896 0.7073 0.5898
vn 0.5772 0.7211 0.3832
vn -0.1481 0.0753 -0.9861
vn 0.3941 0.5329 -0.7488
vn 0.9336 0.3565 0.0354
vn -0.1700 -0.6234 -0.7632
vn -0.1371 -0.9728 -0.1868
vn -0.2462 -0.9203 -0.3039
vn -0.3677 -0.8818 -0.2953
vn -0.4024 -0.9111 -0.0892
vn 0.1502 -0.8071 -0.5711
vn 0.0450 -0.9843 -0.1707
vn -0.1434 -0.9295 -0.3399
vn -0.1463 -0.9624 -0.2290
vn -0.2698 -0.9380 -0.2176
vn 0.1001 -0.4996 -0.8605
vn 0.4293 -0.7071 -0.5620
vn 0.2267 -0.8501 -0.4753
vn 0.0447 -0.9083 -0.4160
vn -0.2695 -0.2247 0.9364
vn -0.3789 -0.6290 0.6788
vn -0.4559 -0.6528 -0.6050
vn -0.0178 -0.6240 0.7812
vn -0.1850 -0.9506 -0.2494
vn -0.2512 -0.4173 -0.8734
vn 0.0639 0.3719 -0.9261
vn 0.2842 -0.6547 0.7004
vn 0.0609 -0.8915 -0.4488
vn -0.1998 -0.3421 -0.9182
vn -0.1968 0.2894 -0.9367
vn 0.0822 0.8359 -0.5427
vn 0.2802 0.6012 -0.7484
vn 0.4675 -0.6147 0.6353
vn 0.2752 -0.8676 -0.4141
vn -0.1434 -0.3875 -0.9107
vn -0.3407 0.2868 -0.8953
vn -0.2499 0.8319 -0.4955
vn -0.0382 0.8015 -0.5968
vn 0.6259 -0.6373 0.4495
vn 0.0335 -0.5181 -0.8546
vn -0.4016 0.2103 -0.8914
vn -0.4675 0.7765 -0.4225
vn -0.3305 0.7303 -0.5978
vn -0.1038 0.5805 -0.8076
vn 0.1654 -0.5588 -0.8127
vn 0.7278 -0.5828 0.3614
vn 0.5644 -0.6661 -0.4876
vn 0.7748 -0.3634 0.5174
vn 0.6425 -0.5500 -0.5336
vn -0.0594 -0.3016 -0.9516
vn -0.6957 0.4555 -0.5554
vn -0.5646 0.4831 -0.6692
vn 0.8559 -0.2248 0.4658
vn 0.2083 -0.3118 -0.9270
vn -0.6416 0.1688 -0.7482
vn 0.9065 -0.0416 0.4201
vn 0.3770 -0.1711 -0.9103
vn 0.3034 0.0733 -0.9500
vn -0.1553 -0.0527 -0.9865
vn -0.7123 -0.3775 -0.5917
vn -0.8539 -0.0447 -0.5185
vn -0.8838 0.2322 -0.4062
vn -0.5327 -0.6199 -0.5761
vn -0.6294 -0.7408 -0.2345
vn -0.8861 -0.3002 -0.3532
vn -0.9343 0.1109 -0.3389
vn -0.4228 -0.7778 -0.4650
vn -0.6205 -0.6271 -0.4709
vn -0.8961 -0.4171 -0.1516
vn -0.9826 0.0190 -0.1846
vn -0.9278 0.2717 -0.2555
vn -0.8663 0.3748 -0.3301
vn -0.3465 -0.9209 0.1785
vn -0.6309 -0.7595 0.1588
vn -0.7238 -0.1713 0.6685
vn -0.7165 0.3029 0.6283
vn -0.1238 -0.7310 0.6711
vn -0.0003 -0.7702 0.6378
vn 0.1584 -0.1886 0.9692
vn 0.1086 -0.7783 0.6184
vn 0.2162 -0.1469 0.9652
vn 0.1212 -0.9895 0.0781
vn 0.2880 -0.8052 0.5184
vn 0.3058 -0.1666 0.9374
vn -0.0717 -0.8202 -0.5676
vn 0.2671 -0.8950 -0.3573
vn 0.4829 -0.6969 0.5301
vn 0.4279 -0.1218 0.8956
vn 0.7348 -0.5886 0.3370
vn 0.5353 0.0172 0.8445
vn 0.4966 -0.7362 -0.4597
vn 0.6519 -0.5390 -0.5335
vn 0.9344 -0.3092 0.1767
vn 0.9754 -0.1462 0.1651
vn 0.8179 0.0484 0.5734
vn 0.9753 -0.1463 -0.1654
vn 0.9373 0.0106 -0.3483
vn 0.9595 0.2064 0.1919
vn 0.6176 -0.3922 -0.6817
vn 0.7818 -0.2590 -0.5672
vn 0.6747 -0.1686 -0.7186
vn 0.5834 -0.1363 -0.8007
vn 0.5973 -0.0113 -0.8020
vn 0.8992 0.1200 -0.4208
vn 0.7830 -0.0919 -0.6152
vn 0.6528 0.0170 -0.7574
vn 0.7158 0.2053 -0.6675
vn 0.8409 0.0770 -0.5357
vn 0.6649 0.2249 -0.7122
vn 0.4637 0.3268 -0.8235
vn 0.5766 0.5085 -0.6395
vn 0.3217 0.7086 -0.6280
vn 0.1574 0.9484 -0.2752
vn 0.4859 0.6417 0.5935
vn 0.7148 0.4341 0.5482
vn 0.9096 0.3596 0.2080
vn -0.2011 0.9479 -0.2471
vn 0.1824 0.9479 0.2611
vn 0.2530 0.4436 0.8598
vn -0.0630 0.9131 0.4029
vn 0.1459 0.4637 0.8739
vn -0.1847 0.8303 0.5258
vn 0.0822 0.4280 0.9000
vn -0.3623 0.5962 -0.7165
vn -0.4539 0.8783 -0.1505
vn -0.5047 0.6188 -0.6019
vn -0.4887 0.5667 -0.6633
vn -0.6023 0.5377 -0.5900
vn -0.6013 0.7919 -0.1063
vn -0.3910 0.7910 0.4706
vn -0.6374 0.5672 -0.5215
vn -0.7466 0.4835 -0.4569
vn -0.7135 0.4426 -0.5432
vn -0.6961 0.7155 -0.0591
vn -0.5253 0.6919 0.4952
vn 0.0286 0.3668 0.9298
vn -0.7983 0.5795 -0.1638
vn -0.8519 0.4222 -0.3098
vn -0.8719 0.4211 -0.2499
vn 0.5402 0.2480 0.8042
vn 0.4548 0.1919 0.8697
vn -0.6742 0.5495 0.4934
vn -0.7688 0.6318 0.0983
vn -0.0140 0.2978 0.9545
vn -0.0874 0.1819 0.9794
vn 0.1240 -0.7311 0.6709
vn 0.3468 -0.9208 0.1788
vn 0.6309 -0.7593 0.1592
vn 0.7242 -0.1715 0.6679
vn 0.2698 -0.9380 -0.2177
vn 0.4231 -0.7781 -0.4643
vn 0.6208 -0.6279 -0.4694
vn 0.8962 -0.4172 -0.1507
vn 0.0003 -0.7702 0.6378
vn 0.1463 -0.9624 -0.2289
vn -0.1575 -0.1874 0.9696
vn -0.2031 -0.2273 0.9524
vn -0.1086 -0.7782 0.6186
vn -0.3058 -0.1665 0.9374
vn -0.2880 -0.8048 0.5190
vn -0.1213 -0.9895 0.0784
vn 0.0718 -0.8201 -0.5677
vn 0.1433 -0.9292 -0.3407
vn 0.2458 -0.9206 -0.3034
vn 0.3677 -0.8821 -0.2944
vn -0.4829 -0.6967 0.5305
vn -0.2672 -0.8950 -0.3571
vn -0.0446 -0.9082 -0.4161
vn -0.0448 -0.9840 -0.1722
vn 0.1365 -0.9724 -0.1891
vn -0.4280 -0.1219 0.8955
vn -0.7348 -0.5885 0.3373
vn -0.4969 -0.7363 -0.4594
vn -0.4295 -0.7070 -0.5619
vn -0.2266 -0.8501 -0.4753
vn -0.1502 -0.8071 -0.5710
vn 0.1698 -0.6240 -0.7628
vn -0.5353 0.0171 0.8445
vn -0.9344 -0.3091 0.1770
vn -0.6525 -0.5389 -0.5328
vn -0.6181 -0.3923 -0.6812
vn -0.1002 -0.4995 -0.8605
vn -0.9753 -0.1462 0.1653
vn -0.7822 -0.2590 -0.5667
vn -0.8178 0.0484 0.5734
vn -0.9753 -0.1463 -0.1653
vn -0.5833 -0.1363 -0.8007
vn -0.6748 -0.1686 -0.7185
vn -0.9373 0.0106 -0.3482
vn -0.9595 0.2064 0.1918
vn -0.8991 0.1201 -0.4209
vn -0.7160 0.2053 -0.6672
vn -0.5973 -0.0113 -0.8020
vn -0.9095 0.3595 0.2085
vn -0.7145 0.4338 0.5488
vn -0.5769 0.5087 -0.6391
vn -0.4859 0.6415 0.5936
vn -0.5400 0.2479 0.8043
vn -0.4548 0.1919 0.8697
vn -0.7829 -0.0919 -0.6153
vn -0.3164 -0.1020 -0.9431
vn -0.8407 0.0769 -0.5361
vn -0.5592 0.0947 -0.8236
vn 0.2334 0.4300 -0.8721
vn 0.1291 0.4068 -0.9043
vn 0.1647 0.0857 -0.9826
vn 0.5329 -0.6200 -0.5758
vn 0.4025 -0.9110 -0.0897
vn 0.3657 0.4431 -0.8185
vn 0.4887 0.3935 -0.7787
vn 0.6066 0.3073 -0.7332
vn 0.7069 0.1825 -0.6833
vn 0.7752 0.0073 -0.6317
vn 0.4972 -0.1474 -0.8550
vn 0.9778 0.0102 -0.2095
vn 0.5802 0.1834 0.7935
vn 0.6926 0.4207 0.5859
vn 0.4619 0.7212 0.5163
vn 0.7307 -0.2544 -0.6335
vn 0.9816 -0.1046 -0.1596
vn 0.5788 -0.0034 0.8155
vn 0.6558 -0.2069 0.7260
vn 0.6240 -0.2991 -0.7219
vn 0.7648 -0.5647 -0.3101
vn 0.2695 -0.2247 0.9364
vn -0.3381 0.2632 -0.9036
vn 0.4563 -0.6524 -0.6051
vn -0.0638 0.3719 -0.9261
vn 0.2513 -0.4168 -0.8736
vn 0.1858 -0.9509 -0.2476
vn 0.0185 -0.6233 0.7818
vn 0.3790 -0.6288 0.6789
vn 0.1967 0.2896 -0.9367
vn 0.1995 -0.3422 -0.9182
vn -0.0605 -0.8923 -0.4473
vn -0.2828 -0.6541 0.7015
vn -0.0822 0.8360 -0.5426
vn 0.2500 0.8317 -0.4957
vn 0.3409 0.2873 -0.8951
vn 0.1428 -0.3889 -0.9102
vn -0.2755 -0.8680 -0.4132
vn -0.4668 -0.6145 0.6360
vn -0.2801 0.6012 -0.7484
vn 0.0382 0.8014 -0.5969
vn 0.3306 0.7302 -0.5980
vn 0.4675 0.7763 -0.4228
vn 0.4016 0.2105 -0.8913
vn -0.0346 -0.5191 -0.8540
vn -0.4638 0.3268 -0.8235
vn -0.3216 0.7086 -0.6281
vn 0.1039 0.5805 -0.8076
vn 0.3623 0.5963 -0.7164
vn 0.5048 0.6189 -0.6017
vn 0.5645 0.4827 -0.6695
vn -0.1654 -0.5587 -0.8127
vn -0.6649 0.2249 -0.7123
vn -0.6527 0.0170 -0.7574
vn 0.6957 0.4555 -0.5555
vn 0.6374 0.5673 -0.5214
vn 0.7466 0.4834 -0.4570
vn 0.7983 0.5795 -0.1641
vn 0.6417 0.1688 -0.7481
vn 0.8719 0.4211 -0.2499
vn 0.8838 0.2321 -0.4063
vn 0.6022 0.5377 -0.5902
vn 0.7135 0.4428 -0.5430
vn 0.8521 0.4224 -0.3090
vn 0.8663 0.3747 -0.3303
vn 0.9342 0.1109 -0.3391
vn 0.8538 -0.0450 -0.5186
vn 0.4888 0.5666 -0.6634
vn 0.4539 0.8782 -0.1507
vn 0.6012 0.7920 -0.1063
vn 0.6960 0.7156 -0.0591
vn 0.7686 0.6320 0.0992
vn 0.2013 0.9478 -0.2473
vn 0.0633 0.9131 0.4029
vn 0.1847 0.8303 0.5258
vn 0.3910 0.7909 0.4707
vn 0.5250 0.6919 0.4956
vn 0.6739 0.5495 0.4939
vn -0.1573 0.9484 -0.2754
vn -0.1823 0.9480 0.2609
vn -0.2529 0.4435 0.8599
vn -0.1459 0.4637 0.8739
vn -0.0823 0.4279 0.9001
vn -0.0287 0.3668 0.9299
vn 0.0144 0.2979 0.9545
vn 0.7163 0.3032 0.6285
vn 0.9280 0.2717 -0.2550
vn 0.0884 0.1818 0.9794
vn 0.9827 0.0191 -0.1840
vn 0.8861 -0.3005 -0.3528
vn 0.7125 -0.3778 -0.5913
vn 0.6296 -0.7410 -0.2337
vn -0.6261 -0.6372 0.4494
vn -0.7279 -0.5828 0.3613
vn -0.5646 -0.6660 -0.4875
vn -0.7750 -0.3632 0.5172
vn -0.6425 -0.5497 -0.5339
vn -0.8562 -0.2245 0.4653
vn -0.2079 -0.3113 -0.9273
vn -0.9069 -0.0407 0.4193
vn 0.0594 -0.3016 -0.9516
vn -0.3763 -0.1707 -0.9106
vn -0.4127 0.1760 -0.8937
vn -0.9445 0.2816 0.1689
vn -0.6877 0.6249 0.3696
vn -0.3974 0.5877 -0.7048
vn -0.4342 0.8969 0.0834
vn -0.1589 0.6556 -0.7382
vn -0.1279 0.7980 -0.5890
vn -0.3115 0.8504 0.4239
vn -0.1954 0.8699 0.4529
vn 0.1288 0.0087 -0.9916
vn 0.1565 0.8195 0.5513
vn 0.0323 0.9536 0.2994
vn 0.0691 0.8023 -0.5929
vn -0.8881 0.2994 -0.3488
vn -0.7602 0.3695 -0.5344
vn -0.7595 -0.1254 -0.6383
vn -0.9596 0.0969 -0.2641
vn -0.7310 -0.0359 -0.6814
vn -0.9425 -0.1080 -0.3163
vn -0.7436 -0.0104 -0.6685
vn -0.9016 -0.2760 -0.3330
vn -0.7554 -0.0068 -0.6552
vn -0.7725 -0.5223 -0.3613
vn -0.8224 -0.0371 -0.5677
vn -0.8301 -0.0697 -0.5532
vn -0.8313 -0.1185 -0.5431
vn -0.7941 -0.1029 -0.5990
vn -0.7852 -0.1659 -0.5966
vn -0.8406 -0.0033 -0.5416
vn -0.0301 -0.1969 -0.9800
vn -0.2197 0.0594 -0.9737
vn -0.2515 0.2525 -0.9343
vn -0.3153 0.3874 -0.8663
vn -0.3999 0.4930 -0.7727
vn -0.8617 0.0442 -0.5055
vn -0.4575 -0.2688 -0.8476
vn -0.4195 -0.4020 -0.8139
vn -0.1822 -0.7665 -0.6159
vn -0.5294 -0.6864 -0.4986
vn -0.7672 0.0710 -0.6375
vn -0.6923 -0.6447 -0.3241
vn -0.7595 0.0253 -0.6501
vn -0.8109 -0.5502 -0.1991
vn -0.7346 0.0240 -0.6781
vn -0.9030 -0.4226 -0.0776
vn -0.7829 -0.0737 -0.6178
vn -0.7956 -0.1009 -0.5973
vn -0.8068 -0.0733 -0.5862
vn -0.7980 -0.0466 -0.6008
vn -0.7021 0.0147 -0.7119
vn -0.9596 -0.2811 -0.0063
vn -0.9932 -0.1160 0.0079
vn -0.5776 0.4333 -0.6919
vn -0.4463 0.3227 -0.8347
vn -0.4743 0.1064 -0.8739
vn -0.5092 0.5796 -0.6362
vn -0.6318 0.6081 -0.4806
vn -0.7514 -0.1833 -0.6339
vn -0.7877 0.4574 -0.4126
vn -0.7495 -0.1189 -0.6513
vn -0.7445 -0.1020 -0.6598
vn -0.7975 0.0016 -0.6033
vn -0.5871 -0.4154 -0.6948
vn -0.6730 -0.4525 -0.5850
vn -0.8330 0.5523 -0.0321
vn -0.7206 -0.0897 -0.6875
vn -0.8084 -0.0120 -0.5885
vn -0.3997 -0.3453 -0.8491
vn -0.9520 0.2983 -0.0685
vn -0.9937 0.1114 -0.0138
vn -0.7351 -0.0548 -0.6758
vn -0.8143 -0.0238 -0.5799
vn -0.4423 -0.0754 -0.8937
vn -0.7279 -0.0288 -0.6851
vn -0.8253 -0.0484 -0.5626
vn -0.6967 -0.6572 0.2876
vn -0.6707 -0.7226 0.1677
vn -0.6776 -0.7343 0.0413
vn -0.5577 -0.7923 0.2474
vn -0.5606 -0.8189 0.1231
vn -0.5657 -0.8244 0.0168
vn -0.6822 -0.7278 -0.0704
vn -0.6779 -0.7078 -0.1988
vn -0.3927 -0.8777 0.2748
vn -0.4472 -0.8779 0.1712
vn -0.4607 -0.8853 0.0627
vn -0.4631 -0.8848 -0.0514
vn -0.5826 -0.8089 -0.0787
vn -0.2407 -0.9252 0.2935
vn -0.2341 -0.9467 0.2213
vn -0.3483 -0.9192 0.1837
vn -0.3693 -0.9272 0.0630
vn -0.1101 -0.9521 0.2852
vn -0.0996 -0.9770 0.1886
vn -0.1821 -0.9758 0.1213
vn -0.2642 -0.9580 0.1116
vn -0.2598 -0.9656 -0.0065
vn -0.3623 -0.9296 -0.0674
vn -0.0922 -0.9926 0.0789
vn -0.1734 -0.9848 0.0062
vn -0.1598 -0.9801 -0.1175
vn -0.2629 -0.9580 -0.1145
vn -0.3434 -0.9217 -0.1802
vn -0.4590 -0.8699 -0.1805
vn -0.2033 -0.9527 -0.2261
vn -0.3919 -0.8721 -0.2928
vn -0.5676 -0.7744 -0.2794
vn -0.5624 -0.8092 -0.1701
vn -0.2058 -0.9254 -0.3184
vn -0.3272 -0.8435 -0.4259
vn -0.5288 -0.7475 -0.4020
vn -0.6693 -0.6672 -0.3270
vn -0.1158 -0.8899 -0.4411
vn -0.2747 -0.7868 -0.5527
vn -0.4819 -0.7062 -0.5188
vn -0.6767 -0.5887 -0.4422
vn -0.0988 -0.8107 -0.5770
vn -0.1296 -0.6925 -0.7097
vn -0.3362 -0.6624 -0.6695
vn -0.5339 -0.5923 -0.6034
vn -0.7025 -0.4710 -0.5335
vn -0.1083 -0.5525 -0.8265
vn -0.2569 -0.5515 -0.7936
vn -0.4308 -0.5144 -0.7415
vn -0.5950 -0.4590 -0.6597
vn -0.1767 -0.3864 -0.9052
vn -0.3494 -0.3711 -0.8604
vn -0.5301 -0.3387 -0.7773
vn -0.4032 -0.1639 -0.9003
vn -0.2167 -0.1768 -0.9601
vn -0.1405 -0.0234 -0.9898
vn -0.3286 -0.0035 -0.9444
vn -0.3950 0.0338 -0.9181
vn -0.4007 -0.0208 -0.9160
vn -0.2534 0.0325 -0.9668
vn -0.2644 -0.0043 -0.9644
vn 0.8153 0.0908 0.5718
vn -0.8156 0.0916 0.5714
vn 0.5894 -0.3954 -0.7045
vn 0.5802 0.2103 -0.7868
vn 0.3905 0.6791 -0.6216
vn 0.3415 -0.8966 -0.2819
vn 0.0382 -0.9915 0.1243
vn -0.2522 -0.8381 0.4838
vn -0.4826 -0.5136 0.7094
vn -0.6145 -0.1418 0.7761
vn -0.6428 0.2652 0.7187
vn -0.4620 0.7346 0.4969
vn -0.2141 0.9695 0.1195
vn 0.0768 0.9627 -0.2595
vn -0.3486 0.7478 -0.5650
vn -0.5807 0.2129 -0.7857
vn -0.5897 -0.3955 -0.7041
vn 0.0088 0.9900 -0.1410
vn 0.2920 0.9265 0.2375
vn 0.5133 0.6702 0.5360
vn 0.6443 0.2654 0.7173
vn 0.6139 -0.1435 0.7762
vn 0.4825 -0.5137 0.7095
vn 0.2522 -0.8381 0.4838
vn -0.0382 -0.9915 0.1243
vn -0.3415 -0.8967 -0.2817
vn -0.9651 -0.1434 -0.2193
vn -0.9224 0.1414 -0.3594
vn -0.3419 -0.1955 -0.9192
vn -0.3162 0.1582 -0.9354
vn -0.5641 -0.0622 -0.8234
vn -0.6437 -0.1687 -0.7465
vn -0.5047 -0.4299 -0.7487
vn -0.8405 0.2512 -0.4800
vn -0.6829 -0.5364 -0.4960
vn -0.6639 0.4636 -0.5867
vn -0.8535 -0.3083 -0.4201
vn -0.4733 0.4914 -0.7311
vn -0.6903 0.0359 -0.7226
vn -0.8608 -0.0824 -0.5022
vn -0.7394 -0.1390 -0.6588
vn -0.7185 -0.2727 -0.6399
vn -0.7608 -0.3709 -0.5326
vn -0.7772 0.4860 -0.3998
vn -0.5869 -0.5186 -0.6217
vn -0.5968 -0.3094 -0.7403
vn -0.9613 0.1928 -0.1967
vn -0.3701 -0.2232 -0.9018
vn -0.6141 0.2413 -0.7514
vn -0.5588 0.1346 -0.8183
vn -0.5449 0.0320 -0.8379
vn -0.8589 -0.4467 -0.2506
vn -0.9591 -0.1622 -0.2320
vn -0.7933 -0.3370 -0.5070
vn -0.8077 -0.1453 -0.5714
vn -0.8047 0.0215 -0.5932
vn -0.6212 0.0716 -0.7804
vn -0.8982 0.1664 -0.4070
vn -0.7690 0.0974 -0.6318
vn -0.8117 -0.2651 -0.5205
vn 0.0001 -0.8380 0.5457
vn -0.0000 -0.6266 -0.7793
vn -0.2566 -0.8477 -0.4643
vn -0.1602 -0.3761 0.9126
vn -0.5305 -0.6671 0.5230
vn -0.3628 -0.5917 -0.7199
vn -0.6656 -0.5507 -0.5038
vn 0.1990 -0.7962 -0.5714
vn 0.2586 -0.6001 0.7570
vn 0.4099 -0.7006 -0.5841
vn 0.4059 -0.4033 0.8201
vn 0.6656 -0.5507 -0.5037
vn 0.5994 -0.3432 0.7232
vn 0.6920 -0.1752 0.7003
vn 0.7162 -0.2784 -0.6400
vn 0.7409 0.0885 0.6658
vn 0.6110 -0.0998 -0.7853
vn 0.7139 0.1088 -0.6917
vn 0.6920 0.3521 0.6302
vn 0.7099 0.3905 -0.5861
vn 0.5759 0.5511 0.6038
vn 0.4668 0.4825 -0.7412
vn 0.4643 0.7735 0.4314
vn 0.2291 0.5030 -0.8334
vn 0.1723 0.7215 0.6706
vn -0.0000 0.8380 -0.5457
vn -0.0000 0.8229 0.5681
vn -0.1722 0.7216 0.6706
vn -0.2291 0.5030 -0.8334
vn -0.4643 0.7735 0.4314
vn -0.5317 0.5854 -0.6121
vn -0.5759 0.5511 0.6038
vn -0.6175 0.3179 -0.7194
vn -0.6920 0.3521 0.6302
vn -0.7139 0.1088 -0.6917
vn -0.7409 0.0885 0.6658
vn -0.6110 -0.0998 -0.7853
vn -0.7162 -0.2784 -0.6400
vn -0.6920 -0.1752 0.7003
vn -0.4916 -0.2554 0.8325
vn -0.0000 -0.8229 -0.5681
vn -0.1916 -0.7984 -0.5709
vn -0.4795 -0.7351 -0.4792
vn -0.4917 -0.4640 -0.7369
vn -0.6920 -0.3521 -0.6302
vn 0.1916 -0.7984 -0.5709
vn 0.4795 -0.7352 -0.4792
vn 0.4917 -0.4640 -0.7368
vn 0.6920 -0.3521 -0.6302
vn 0.8203 -0.0786 -0.5665
vn 0.5825 0.0786 -0.8090
vn 0.5430 0.2543 -0.8003
vn 0.4795 0.5844 -0.6546
vn 0.2289 0.6100 -0.7586
vn -0.0000 0.6459 -0.7634
vn -0.3014 0.7162 -0.6294
vn -0.3047 0.3031 -0.9029
vn -0.6656 0.3999 -0.6301
vn -0.7162 0.1015 -0.6905
vn -0.7403 -0.1272 -0.6601
vn 0.2718 -0.6157 0.7396
vn -0.0000 -0.6683 0.7439
vn -0.3072 -0.7367 0.6025
vn -0.4112 -0.4197 0.8092
vn 0.5377 -0.6092 0.5829
vn 0.5516 -0.2623 0.7918
vn 0.7295 -0.1096 0.6752
vn 0.8630 0.1062 0.4940
vn 0.7098 0.3448 0.6142
vn 0.5045 0.4610 0.7300
vn 0.4117 0.6128 0.6745
vn 0.3049 0.8662 0.3959
vn -0.0000 0.8387 0.5447
vn -0.3049 0.8662 0.3959
vn -0.4122 0.6127 0.6743
vn -0.5052 0.4614 0.7293
vn -0.7090 0.3458 0.6146
vn -0.8626 0.1057 0.4947
vn -0.7295 -0.1096 0.6752
vn -0.6321 -0.3215 0.7050
vn -0.1171 -0.3734 0.9202
vn -0.1747 -0.4899 0.8541
vn -0.2631 -0.4004 0.8778
vn -0.2599 -0.3235 0.9099
vn -0.1664 -0.3723 0.9131
vn -0.2653 -0.5794 0.7707
vn -0.3516 -0.4687 0.8103
vn -0.3875 -0.3686 0.8450
vn -0.3619 -0.3597 0.8600
vn -0.1644 -0.6999 0.6951
vn -0.3476 -0.6579 0.6681
vn -0.4349 -0.5420 0.7191
vn -0.4906 -0.4326 0.7564
vn -0.4786 -0.3355 0.8114
vn -0.2349 -0.7812 0.5784
vn -0.4113 -0.7282 0.5482
vn -0.5065 -0.5952 0.6239
vn -0.5976 -0.4513 0.6627
vn -0.5814 -0.3405 0.7389
vn -0.5501 -0.3479 0.7592
vn -0.2418 -0.8464 0.4744
vn -0.3743 -0.8391 0.3947
vn -0.5258 -0.7453 0.4099
vn -0.5598 -0.6379 0.5289
vn -0.6789 -0.5056 0.5324
vn -0.2158 -0.9036 0.3701
vn -0.2441 -0.9205 0.3052
vn -0.3443 -0.9020 0.2606
vn -0.4458 -0.8565 0.2602
vn -0.2290 -0.9493 0.2156
vn -0.3514 -0.9264 0.1355
vn -0.4690 -0.8745 0.1239
vn -0.5543 -0.7956 0.2446
vn -0.0953 -0.9795 0.1777
vn -0.1804 -0.9754 0.1269
vn -0.2689 -0.9548 0.1270
vn -0.2311 -0.9720 0.0418
vn -0.4123 -0.9111 -0.0019
vn -0.1005 -0.9924 0.0712
vn -0.2180 -0.9755 -0.0284
vn -0.3397 -0.9384 -0.0637
vn -0.4018 -0.9068 -0.1275
vn -0.5569 -0.8187 -0.1398
vn -0.5604 -0.8282 -0.0064
vn -0.2148 -0.9712 -0.1032
vn -0.2205 -0.9602 -0.1713
vn -0.4159 -0.8808 -0.2261
vn -0.5664 -0.7743 -0.2823
vn -0.6850 -0.6918 -0.2284
vn -0.6933 -0.7125 -0.1079
vn -0.2205 -0.9419 -0.2535
vn -0.4015 -0.8558 -0.3262
vn -0.5375 -0.7299 -0.4222
vn -0.6620 -0.6564 -0.3617
vn -0.7461 -0.5719 -0.3411
vn -0.7616 -0.6135 -0.2088
vn -0.2230 -0.9149 -0.3365
vn -0.3481 -0.8250 -0.4452
vn -0.4920 -0.6880 -0.5334
vn -0.6526 -0.5638 -0.5062
vn -0.1304 -0.8794 -0.4579
vn -0.2990 -0.7692 -0.5648
vn -0.3623 -0.6462 -0.6717
vn -0.5215 -0.5806 -0.6253
vn -0.1122 -0.7992 -0.5905
vn -0.1472 -0.6828 -0.7157
vn -0.2709 -0.5419 -0.7956
vn -0.4482 -0.5042 -0.7382
vn -0.6067 -0.4568 -0.6506
vn -0.1255 -0.5660 -0.8148
vn -0.3401 -0.4146 -0.8441
vn -0.5361 -0.3450 -0.7704
vn -0.6657 -0.3170 -0.6755
vn -0.7227 -0.3961 -0.5664
vn -0.7228 -0.3177 0.6137
vn -0.8741 -0.1886 0.4476
vn -0.9522 -0.1280 0.2772
vn -0.9715 -0.1933 0.1371
vn -0.6697 -0.3098 0.6750
vn -0.7894 -0.2627 0.5549
vn -0.8671 -0.1900 0.4604
vn -0.9270 -0.1727 0.3328
vn -0.9586 -0.1972 0.2055
vn -0.7465 -0.3765 0.5486
vn -0.8628 -0.2898 0.4143
vn -0.8918 -0.3617 0.2717
vn -0.9350 -0.3220 0.1488
vn -0.9646 -0.2457 0.0952
vn -0.8171 -0.4038 0.4115
vn -0.7844 -0.4970 0.3712
vn -0.8194 -0.5248 0.2305
vn -0.8943 -0.4261 0.1365
vn -0.9373 -0.3468 0.0349
vn -0.9648 -0.2631 -0.0003
vn -0.6623 -0.6135 0.4301
vn -0.7339 -0.6027 0.3135
vn -0.7066 -0.6789 0.1994
vn -0.8337 -0.5425 0.1029
vn -0.9004 -0.4349 0.0116
vn -0.9327 -0.3491 -0.0900
vn -0.6382 -0.6970 0.3269
vn -0.5802 -0.8059 0.1178
vn -0.6790 -0.7283 0.0927
vn -0.7733 -0.6287 0.0818
vn -0.8419 -0.5393 -0.0178
vn -0.6651 -0.7468 0.0021
vn -0.7605 -0.6491 -0.0172
vn -0.8180 -0.5616 -0.1248
vn -0.8929 -0.4374 -0.1070
vn -0.8237 -0.5162 -0.2346
vn -0.8714 -0.4386 -0.2200
vn -0.9074 -0.3565 -0.2227
vn -0.9366 -0.2669 -0.2270
vn -0.9583 -0.2653 -0.1062
vn -0.8139 -0.4731 -0.3371
vn -0.8494 -0.3843 -0.3618
vn -0.9004 -0.2773 -0.3354
vn -0.9236 -0.1633 -0.3469
vn -0.9506 -0.1508 -0.2713
vn -0.9622 -0.1991 -0.1857
vn -0.7620 -0.4617 -0.4542
vn -0.8034 -0.3523 -0.4799
vn -0.8603 -0.2656 -0.4351
vn -0.8900 -0.1503 -0.4304
vn -0.8969 -0.0116 -0.4420
vn -0.9328 -0.0246 -0.3597
vn -0.7816 -0.2539 -0.5698
vn -0.8399 -0.1359 -0.5255
vn -0.8458 0.0003 -0.5336
vn -0.8336 0.1367 -0.5352
vn -0.8894 0.1403 -0.4352
vn -0.6965 -0.2114 -0.6857
vn -0.7642 -0.1189 -0.6339
vn -0.7754 0.0111 -0.6314
vn -0.7648 0.1390 -0.6290
vn -0.7751 0.1379 -0.6167
vn -0.8409 0.1249 -0.5266
vn -0.5922 -0.1879 -0.7836
vn -0.6851 -0.1084 -0.7203
vn -0.6951 0.0110 -0.7188
vn -0.6876 0.1394 -0.7126
vn -0.7038 0.1186 -0.7005
vn -0.4381 -0.1982 -0.8768
vn -0.4863 -0.0808 -0.8700
vn -0.5950 -0.0337 -0.8030
vn -0.5864 0.1194 -0.8012
vn -0.5942 0.1332 -0.7932
vn -0.4020 -0.2987 -0.8656
vn -0.2751 -0.2046 -0.9394
vn -0.2704 -0.0996 -0.9576
vn -0.3733 -0.0747 -0.9247
vn -0.4015 0.0410 -0.9149
vn -0.4973 0.0403 -0.8666
vn -0.2203 -0.3091 -0.9252
vn -0.1013 -0.2075 -0.9730
vn -0.1319 -0.1300 -0.9827
vn -0.1221 -0.0467 -0.9914
vn -0.2725 0.0335 -0.9616
vn -0.0656 0.0434 -0.9969
vn -0.1741 0.0413 -0.9839
vn -0.1608 0.1287 -0.9785
vn -0.3407 0.1408 -0.9296
vn -0.4747 0.1378 -0.8693
vn -0.2544 0.1577 -0.9542
vn -0.4665 0.1740 -0.8673
vn -0.2627 0.0577 -0.9632
vn -0.4633 0.0927 -0.8814
vn -0.8896 0.1245 -0.4395
vn -0.9180 0.1599 -0.3629
vn -0.9291 0.1022 -0.3554
vn -0.9602 -0.0270 -0.2782
vn -0.8666 0.1082 -0.4871
vn -0.9643 0.1341 -0.2282
vn -0.9564 0.1095 -0.2707
vn -0.9774 -0.1988 -0.0713
vn -0.9809 -0.1122 -0.1586
vn -0.9839 -0.0371 -0.1748
vn -0.9746 -0.1912 -0.1164
vn -0.9812 -0.0077 -0.1929
vn -0.9821 0.0640 -0.1770
vn -0.9717 0.1023 -0.2130
vn -0.9701 0.1032 -0.2197
vn -0.9707 0.1553 -0.1831
vt 0.399845 0.179787
vt 0.395643 0.180837
vt 0.397327 0.168574
vt 0.610790 0.639644
vt 0.613374 0.646830
vt 0.622495 0.690916
vt 0.639188 0.833900
vt 0.632652 0.739855
vt 0.652645 0.846246
vt 0.646029 0.813286
vt 0.631541 0.721895
vt 0.633559 0.730882
vt 0.647226 0.802764
vt 0.627742 0.712800
vt 0.632738 0.805390
vt 0.612731 0.701064
vt 0.349950 0.626878
vt 0.347634 0.630415
vt 0.404160 0.590305
vt 0.389600 0.583343
vt 0.315045 0.614430
vt 0.319117 0.610889
vt 0.321251 0.610878
vt 0.402438 0.588426
vt 0.344960 0.620655
vt 0.345263 0.616797
vt 0.404071 0.590203
vt 0.658387 0.849198
vt 0.660025 0.792294
vt 0.652207 0.792845
vt 0.617400 0.657164
vt 0.621471 0.665686
vt 0.613845 0.646088
vt 0.642081 0.733970
vt 0.633561 0.730880
vt 0.644736 0.823426
vt 0.656985 0.830228
vt 0.646029 0.813286
vt 0.631266 0.721818
vt 0.619347 0.712228
vt 0.626921 0.731742
vt 0.629915 0.702275
vt 0.258132 0.145482
vt 0.264719 0.143398
vt 0.270537 0.158630
vt 0.259872 0.160212
vt 0.254848 0.147157
vt 0.948430 0.655596
vt 0.954048 0.688648
vt 0.955752 0.694501
vt 0.975426 0.689680
vt 0.981364 0.656790
vt 0.973524 0.694435
vt 0.973522 0.691941
vt 0.955524 0.691400
vt 0.948405 0.626392
vt 0.946735 0.595738
vt 0.945229 0.558974
vt 0.949128 0.679676
vt 0.948432 0.655594
vt 0.955743 0.694501
vt 0.975384 0.456763
vt 0.974956 0.495040
vt 0.976237 0.542313
vt 0.089331 0.072531
vt 0.104526 0.068627
vt 0.123663 0.063599
vt 0.027847 0.963924
vt 0.038791 0.947433
vt 0.037223 0.953909
vt 0.037168 0.967019
vt 0.524217 0.145177
vt 0.536147 0.075951
vt 0.537647 0.063315
vt 0.524197 0.145236
vt 0.537612 0.063188
vt 0.536142 0.076114
vt 0.180526 0.376042
vt 0.184324 0.366281
vt 0.181334 0.382911
vt 0.297618 0.575682
vt 0.280277 0.560018
vt 0.283219 0.565374
vt 0.577652 0.586860
vt 0.567017 0.582120
vt 0.565576 0.572524
vt 0.247570 0.140594
vt 0.204677 0.201433
vt 0.194973 0.181213
vt 0.187607 0.185710
vt 0.263581 0.159769
vt 0.948258 0.626391
vt 0.947610 0.565821
vt 0.946744 0.595738
vt 0.980263 0.680192
vt 0.988405 0.684145
vt 0.982982 0.347789
vt 0.976295 0.400384
vt 0.976278 0.372383
vt 0.942304 0.683617
vt 0.975222 0.689875
vt 0.973530 0.694439
vt 0.981396 0.656800
vt 0.973521 0.691941
vt 0.070845 0.106222
vt 0.072962 0.084340
vt 0.073371 0.124128
vt 0.852753 0.983293
vt 0.884841 0.980545
vt 0.813609 0.983748
vt 0.073366 0.124131
vt 0.072962 0.084340
vt 0.070845 0.106222
vt 0.813615 0.983716
vt 0.884841 0.980545
vt 0.852754 0.983294
vt 0.624975 0.394575
vt 0.610832 0.389120
vt 0.598985 0.383387
vt 0.894671 0.541571
vt 0.897429 0.528603
vt 0.893223 0.548160
vt 0.821131 0.553989
vt 0.829979 0.563858
vt 0.816627 0.548959
vt 0.847387 0.511041
vt 0.852044 0.512965
vt 0.865749 0.512456
vt 0.761367 0.672962
vt 0.764160 0.666034
vt 0.752763 0.690499
vt 0.756743 0.659161
vt 0.754167 0.653651
vt 0.759927 0.666409
vt 0.763917 0.707938
vt 0.751738 0.692558
vt 0.768204 0.110125
vt 0.779777 0.027988
vt 0.776309 0.050588
vt 0.866150 0.025669
vt 0.843963 0.021630
vt 0.822434 0.013933
vt 0.881438 0.106470
vt 0.873941 0.180545
vt 0.869708 0.201467
vt 0.768084 0.109024
vt 0.776110 0.048768
vt 0.780022 0.028181
vt 0.784056 0.203191
vt 0.778050 0.177307
vt 0.865793 0.025999
vt 0.871876 0.051358
vt 0.354130 0.617381
vt 0.355444 0.613403
vt 0.355385 0.613394
vt 0.355377 0.609138
vt 0.355409 0.609142
vt 0.356605 0.604538
vt 0.815009 0.542408
vt 0.812291 0.529488
vt 0.888874 0.553322
vt 0.879968 0.563048
vt 0.894672 0.541571
vt 0.893223 0.548160
vt 0.897429 0.528603
vt 0.812291 0.529488
vt 0.815009 0.542408
vt 0.821131 0.553989
vt 0.829979 0.563858
vt 0.982062 0.159412
vt 0.952351 0.193786
vt 0.952900 0.193769
vt 0.761831 0.707293
vt 0.040490 0.071018
vt 0.035574 0.089526
vt 0.044618 0.057473
vt 0.182983 0.065977
vt 0.172429 0.060869
vt 0.184975 0.071166
vt 0.035574 0.089528
vt 0.040490 0.071020
vt 0.044616 0.057475
vt 0.512753 0.747533
vt 0.524732 0.728240
vt 0.547768 0.700046
vt 0.566955 0.925762
vt 0.532793 0.943885
vt 0.528492 0.945468
vt 0.512329 0.948377
vt 0.494742 0.802016
vt 0.459155 0.896614
vt 0.439132 0.948838
vt 0.613101 0.716167
vt 0.619288 0.728270
vt 0.608933 0.707448
vt 0.182971 0.065967
vt 0.184985 0.071181
vt 0.172442 0.060876
vt 0.166761 0.042924
vt 0.132279 0.035250
vt 0.114814 0.032043
vt 0.694428 0.858841
vt 0.698366 0.856961
vt 0.698363 0.856896
vt 0.613231 0.716430
vt 0.608724 0.707303
vt 0.619287 0.728269
vt 0.531163 0.816891
vt 0.514319 0.802961
vt 0.540493 0.822191
vt 0.595879 0.910682
vt 0.471239 0.962854
vt 0.491688 0.955487
vt 0.464418 0.881402
vt 0.430525 0.975919
vt 0.431564 0.974688
vt 0.514319 0.802959
vt 0.531164 0.816891
vt 0.540461 0.822157
vt 0.635181 0.794620
vt 0.629164 0.812515
vt 0.632131 0.805992
vt 0.593182 0.782635
vt 0.612467 0.786941
vt 0.607885 0.785074
vt 0.028327 0.587766
vt 0.027761 0.598164
vt 0.019857 0.622581
vt 0.287243 0.582824
vt 0.177370 0.184988
vt 0.201001 0.214627
vt 0.942363 0.683429
vt 0.988593 0.683871
vt 0.779178 0.182148
vt 0.783805 0.203555
vt 0.984043 0.224585
vt 0.166780 0.042929
vt 0.114808 0.032037
vt 0.131856 0.035183
vt 0.494850 0.801737
vt 0.529735 0.945149
vt 0.511577 0.950421
vt 0.492424 0.953485
vt 0.177967 0.236921
vt 0.181997 0.249218
vt 0.183679 0.260168
vt 0.179344 0.270453
vt 0.184633 0.275049
vt 0.183684 0.288776
vt 0.180661 0.302558
vt 0.173269 0.287379
vt 0.175253 0.329392
vt 0.170385 0.226155
vt 0.160250 0.219223
vt 0.165108 0.301934
vt 0.168045 0.351875
vt 0.157909 0.307741
vt 0.164225 0.359219
vt 0.159132 0.367792
vt 0.146531 0.214948
vt 0.143606 0.275697
vt 0.149697 0.311830
vt 0.145310 0.331901
vt 0.154254 0.374872
vt 0.138722 0.345406
vt 0.148092 0.379073
vt 0.139467 0.378955
vt 0.133041 0.213012
vt 0.132401 0.269888
vt 0.120485 0.270691
vt 0.120781 0.312481
vt 0.127034 0.374924
vt 0.120519 0.212815
vt 0.105848 0.213237
vt 0.099371 0.267144
vt 0.076544 0.270177
vt 0.105768 0.364477
vt 0.090990 0.214240
vt 0.076277 0.216941
vt 0.061281 0.220931
vt 0.047940 0.226611
vt 0.056051 0.294192
vt 0.080233 0.341226
vt 0.045223 0.256914
vt 0.036659 0.266309
vt 0.047528 0.294673
vt 0.051708 0.303432
vt 0.064583 0.322676
vt 0.038878 0.235364
vt 0.034612 0.244761
vt 0.033952 0.250276
vt 0.177967 0.236921
vt 0.179343 0.270441
vt 0.173093 0.283636
vt 0.163880 0.281022
vt 0.160250 0.219223
vt 0.180661 0.302558
vt 0.159496 0.320685
vt 0.145077 0.284418
vt 0.132398 0.269876
vt 0.120487 0.270697
vt 0.152838 0.330463
vt 0.145312 0.331911
vt 0.134675 0.326824
vt 0.105838 0.276231
vt 0.076277 0.216941
vt 0.159129 0.367776
vt 0.139467 0.378955
vt 0.127034 0.374924
vt 0.105768 0.364477
vt 0.080251 0.282136
vt 0.061281 0.220931
vt 0.057333 0.291984
vt 0.048174 0.266937
vt 0.034612 0.244761
vt 0.047940 0.226611
vt 0.080233 0.341226
vt 0.064583 0.322677
vt 0.051708 0.303432
vt 0.408922 0.164720
vt 0.395379 0.158802
vt 0.395710 0.151316
vt 0.419495 0.132041
vt 0.395270 0.132668
vt 0.414581 0.109546
vt 0.388900 0.100761
vt 0.410099 0.097123
vt 0.386798 0.089118
vt 0.392994 0.067273
vt 0.380510 0.076432
vt 0.378269 0.068937
vt 0.392043 0.058646
vt 0.376919 0.058642
vt 0.378285 0.048423
vt 0.393021 0.050022
vt 0.398248 0.165177
vt 0.406181 0.149120
vt 0.394660 0.154392
vt 0.393541 0.143588
vt 0.394387 0.127926
vt 0.416887 0.116773
vt 0.393662 0.115497
vt 0.412094 0.094252
vt 0.388719 0.090316
vt 0.407320 0.081138
vt 0.384207 0.074324
vt 0.390413 0.052014
vt 0.378612 0.060747
vt 0.375677 0.053613
vt 0.394145 0.166521
vt 0.397204 0.177827
vt 0.173369 0.671847
vt 0.155312 0.652125
vt 0.158345 0.649623
vt 0.163859 0.650309
vt 0.163140 0.644709
vt 0.168951 0.645660
vt 0.167032 0.641201
vt 0.169746 0.638755
vt 0.177071 0.668227
vt 0.174638 0.657037
vt 0.183554 0.660351
vt 0.185410 0.657265
vt 0.185114 0.647183
vt 0.172289 0.636341
vt 0.174902 0.633952
vt 0.183343 0.675453
vt 0.186394 0.670395
vt 0.180136 0.663995
vt 0.189646 0.665483
vt 0.193693 0.660664
vt 0.189311 0.654059
vt 0.181587 0.678354
vt 0.191043 0.680614
vt 0.193105 0.675416
vt 0.195366 0.670376
vt 0.189944 0.683397
vt 0.194063 0.685392
vt 0.195651 0.680082
vt 0.197332 0.674799
vt 0.199244 0.669906
vt 0.197500 0.666833
vt 0.199371 0.681436
vt 0.200601 0.676111
vt 0.201761 0.671369
vt 0.202360 0.667698
vt 0.200017 0.664327
vt 0.198960 0.656227
vt 0.198214 0.686866
vt 0.203186 0.682375
vt 0.203818 0.678148
vt 0.204347 0.674358
vt 0.206044 0.670300
vt 0.208543 0.667071
vt 0.204498 0.663906
vt 0.202447 0.687876
vt 0.207220 0.682594
vt 0.207603 0.677013
vt 0.209277 0.672769
vt 0.212662 0.669258
vt 0.215572 0.665104
vt 0.210606 0.662998
vt 0.206875 0.688471
vt 0.211511 0.685538
vt 0.211445 0.679670
vt 0.211378 0.675456
vt 0.216721 0.671472
vt 0.218208 0.667832
vt 0.211560 0.688738
vt 0.216212 0.685421
vt 0.215829 0.680904
vt 0.217418 0.677519
vt 0.217103 0.674493
vt 0.225837 0.672270
vt 0.225116 0.669140
vt 0.216477 0.688637
vt 0.221076 0.684917
vt 0.222236 0.679793
vt 0.226297 0.675476
vt 0.235152 0.672714
vt 0.234095 0.669602
vt 0.231292 0.667129
vt 0.221542 0.688134
vt 0.227512 0.684077
vt 0.231723 0.677335
vt 0.240685 0.674248
vt 0.243397 0.669582
vt 0.242233 0.666490
vt 0.237377 0.664874
vt 0.226654 0.687266
vt 0.231714 0.686081
vt 0.238507 0.682230
vt 0.232761 0.680526
vt 0.241865 0.677397
vt 0.247379 0.673297
vt 0.248480 0.665417
vt 0.244628 0.661845
vt 0.239946 0.685108
vt 0.246332 0.682648
vt 0.247395 0.678762
vt 0.252875 0.679657
vt 0.253260 0.676090
vt 0.262117 0.675107
vt 0.260264 0.671393
vt 0.251168 0.671664
vt 0.256823 0.664620
vt 0.255035 0.658521
vt 0.245695 0.655797
vt 0.240028 0.660157
vt 0.254108 0.654058
vt 0.252711 0.649765
vt 0.243730 0.651016
vt 0.239018 0.656775
vt 0.231398 0.659761
vt 0.232378 0.663164
vt 0.224323 0.665945
vt 0.244669 0.646733
vt 0.238536 0.648815
vt 0.237941 0.653207
vt 0.230404 0.656088
vt 0.222167 0.659042
vt 0.223324 0.662616
vt 0.249620 0.642993
vt 0.243816 0.638576
vt 0.238587 0.640086
vt 0.231319 0.642404
vt 0.233482 0.650651
vt 0.225358 0.653624
vt 0.247736 0.636667
vt 0.238222 0.630923
vt 0.234451 0.631289
vt 0.230146 0.632026
vt 0.224499 0.635973
vt 0.223049 0.645193
vt 0.245363 0.621938
vt 0.236862 0.615644
vt 0.230450 0.617090
vt 0.229796 0.621445
vt 0.224889 0.626828
vt 0.224004 0.629456
vt 0.222010 0.631118
vt 0.243244 0.614231
vt 0.219121 0.632719
vt 0.214454 0.638897
vt 0.214156 0.648444
vt 0.216837 0.656671
vt 0.214322 0.634949
vt 0.207683 0.637544
vt 0.206516 0.642953
vt 0.205501 0.652328
vt 0.208706 0.659773
vt 0.216254 0.661075
vt 0.202438 0.639034
vt 0.201094 0.644899
vt 0.197098 0.646848
vt 0.199606 0.638933
vt 0.190608 0.642300
vt 0.193555 0.650128
vt 0.178637 0.631064
vt 0.196100 0.637265
vt 0.184860 0.632198
vt 0.182206 0.628191
vt 0.184336 0.628229
vt 0.192043 0.633992
vt 0.224365 0.618676
vt 0.186856 0.629844
vt 0.184158 0.628118
vt 0.182859 0.633646
vt 0.178594 0.630999
vt 0.173084 0.635655
vt 0.187889 0.644728
vt 0.183410 0.648699
vt 0.169745 0.638754
vt 0.192316 0.640659
vt 0.189270 0.654098
vt 0.184927 0.656623
vt 0.170780 0.644944
vt 0.165525 0.642566
vt 0.194397 0.635772
vt 0.199595 0.638926
vt 0.201067 0.644182
vt 0.202899 0.653738
vt 0.197767 0.657051
vt 0.193757 0.660601
vt 0.189719 0.665384
vt 0.183412 0.660169
vt 0.202440 0.639030
vt 0.206199 0.642307
vt 0.207825 0.651151
vt 0.208765 0.659750
vt 0.202316 0.662760
vt 0.198319 0.665939
vt 0.207684 0.637551
vt 0.212783 0.639373
vt 0.213954 0.648525
vt 0.216974 0.656621
vt 0.214309 0.661739
vt 0.209654 0.665402
vt 0.204554 0.665177
vt 0.213836 0.635152
vt 0.219213 0.637861
vt 0.222192 0.645490
vt 0.225276 0.653654
vt 0.222302 0.658996
vt 0.223401 0.662590
vt 0.215598 0.665096
vt 0.219146 0.632757
vt 0.222017 0.631124
vt 0.227678 0.634463
vt 0.230755 0.642593
vt 0.231022 0.651561
vt 0.230402 0.656089
vt 0.231408 0.659758
vt 0.230540 0.628652
vt 0.234491 0.631580
vt 0.238527 0.640104
vt 0.236674 0.649487
vt 0.237843 0.653244
vt 0.238957 0.656800
vt 0.224891 0.626846
vt 0.231378 0.621492
vt 0.238601 0.627175
vt 0.238464 0.631422
vt 0.243909 0.646981
vt 0.230641 0.617048
vt 0.236858 0.615636
vt 0.237229 0.621696
vt 0.245083 0.620523
vt 0.244640 0.627194
vt 0.247797 0.637026
vt 0.249602 0.642949
vt 0.252702 0.649753
vt 0.944160 0.487170
vt 0.945245 0.519659
vt 0.944036 0.530716
vt 0.973568 0.696870
vt 0.975027 0.699228
vt 0.849271 0.373872
vt 0.853839 0.369085
vt 0.852945 0.296639
vt 0.853577 0.379848
vt 0.849556 0.440646
vt 0.845227 0.377425
vt 0.845085 0.370905
vt 0.844150 0.294688
vt 0.848220 0.290569
vt 0.852397 0.285066
vt 0.852879 0.440872
vt 0.848271 0.224251
vt 0.844109 0.287692
vt 0.843486 0.224556
vt 0.840203 0.287725
vt 0.836645 0.224716
vt 0.836291 0.287817
vt 0.832115 0.224757
vt 0.840295 0.293823
vt 0.836474 0.294743
vt 0.832304 0.290757
vt 0.827998 0.285681
vt 0.826897 0.224593
vt 0.841254 0.370762
vt 0.837440 0.371050
vt 0.833331 0.374087
vt 0.827843 0.296629
vt 0.841321 0.377486
vt 0.837409 0.377491
vt 0.833352 0.440707
vt 0.829171 0.379832
vt 0.828765 0.369731
vt 0.845080 0.440560
vt 0.838230 0.440567
vt 0.820890 0.224164
vt 0.819013 0.286013
vt 0.823504 0.285555
vt 0.823348 0.296463
vt 0.818774 0.296023
vt 0.824261 0.369584
vt 0.819703 0.370571
vt 0.824682 0.380067
vt 0.820180 0.379734
vt 0.825374 0.441322
vt 0.070805 0.090792
vt 0.071774 0.083521
vt 0.074774 0.078716
vt 0.076009 0.078977
vt 0.080715 0.075276
vt 0.081604 0.075647
vt 0.079643 0.144355
vt 0.076647 0.140578
vt 0.078651 0.145026
vt 0.083787 0.147175
vt 0.086071 0.146738
vt 0.126350 0.136095
vt 0.073602 0.134287
vt 0.075534 0.140996
vt 0.072113 0.124467
vt 0.091313 0.147934
vt 0.105048 0.146858
vt 0.119105 0.144323
vt 0.107936 0.147336
vt 0.126734 0.137300
vt 0.136399 0.122184
vt 0.143929 0.107822
vt 0.136366 0.065032
vt 0.119353 0.079161
vt 0.145152 0.107096
vt 0.147617 0.098727
vt 0.147389 0.093985
vt 0.137073 0.064335
vt 0.132369 0.062562
vt 0.131888 0.063339
vt 0.076012 0.078975
vt 0.078860 0.143523
vt 0.081532 0.075272
vt 0.119549 0.079037
vt 0.118918 0.143789
vt 0.085912 0.146722
vt 0.124161 0.063307
vt 0.136244 0.065084
vt 0.144046 0.107756
vt 0.090391 0.072245
vt 0.132248 0.062770
vt 0.137043 0.064273
vt 0.147411 0.094053
vt 0.147587 0.098697
vt 0.136399 0.122184
vt 0.126533 0.137064
vt 0.119287 0.144546
vt 0.107861 0.147340
vt 0.105045 0.146858
vt 0.522868 0.157710
vt 0.551483 0.198960
vt 0.547744 0.212851
vt 0.566819 0.100894
vt 0.520631 0.156290
vt 0.501521 0.172782
vt 0.477041 0.204055
vt 0.465119 0.201490
vt 0.434198 0.227707
vt 0.565571 0.082924
vt 0.420804 0.222177
vt 0.400834 0.240010
vt 0.392136 0.226834
vt 0.371403 0.242387
vt 0.318324 0.075671
vt 0.287202 0.090689
vt 0.302992 0.056215
vt 0.299517 0.147943
vt 0.320494 0.079370
vt 0.338426 0.047375
vt 0.348379 0.032045
vt 0.351195 0.033289
vt 0.361736 0.023022
vt 0.365688 0.029194
vt 0.279221 0.128398
vt 0.281525 0.163957
vt 0.301751 0.170958
vt 0.302538 0.149751
vt 0.310208 0.122852
vt 0.337958 0.055861
vt 0.353609 0.036058
vt 0.354919 0.039249
vt 0.380452 0.024937
vt 0.295911 0.189633
vt 0.306832 0.180973
vt 0.304399 0.170014
vt 0.306235 0.153596
vt 0.310020 0.146954
vt 0.328241 0.080898
vt 0.312291 0.192416
vt 0.314743 0.190862
vt 0.311321 0.178571
vt 0.307854 0.168685
vt 0.310940 0.167679
vt 0.313548 0.216024
vt 0.335331 0.210894
vt 0.335724 0.207564
vt 0.336923 0.203333
vt 0.319660 0.187192
vt 0.313732 0.177399
vt 0.340619 0.234432
vt 0.371018 0.225767
vt 0.371279 0.222647
vt 0.371812 0.218361
vt 0.338954 0.200853
vt 0.391427 0.220834
vt 0.391884 0.217599
vt 0.372406 0.215269
vt 0.465413 0.072320
vt 0.488847 0.042300
vt 0.418465 0.214160
vt 0.460427 0.192464
vt 0.528090 0.068064
vt 0.518898 0.057954
vt 0.493935 0.041236
vt 0.379300 0.022466
vt 0.461859 0.195485
vt 0.496859 0.168020
vt 0.513442 0.151481
vt 0.532188 0.076763
vt 0.531034 0.065458
vt 0.521705 0.056480
vt 0.516920 0.153836
vt 0.520674 0.143232
vt 0.534361 0.063661
vt 0.524122 0.053833
vt 0.524690 0.051006
vt 0.493169 0.036736
vt 0.533290 0.026335
vt 0.519258 0.026835
vt 0.492372 0.033197
vt 0.377217 0.016486
vt 0.493134 0.019161
vt 0.460226 0.012010
vt 0.399147 0.009131
vt 0.380761 0.012282
vt 0.367979 0.010409
vt 0.347256 0.012939
vt 0.323551 0.028556
vt 0.361726 0.022984
vt 0.377219 0.016471
vt 0.399203 0.009130
vt 0.492807 0.033344
vt 0.493211 0.036756
vt 0.379383 0.022474
vt 0.494515 0.041433
vt 0.483787 0.041533
vt 0.379388 0.025039
vt 0.365691 0.029196
vt 0.518746 0.057999
vt 0.467676 0.072090
vt 0.328850 0.171150
vt 0.532216 0.076488
vt 0.528028 0.067996
vt 0.418345 0.213056
vt 0.520674 0.143240
vt 0.513482 0.151367
vt 0.460425 0.192621
vt 0.496875 0.168026
vt 0.418642 0.216149
vt 0.391576 0.218934
vt 0.501521 0.172827
vt 0.465105 0.201464
vt 0.420804 0.222176
vt 0.392137 0.226839
vt 0.523005 0.157363
vt 0.566822 0.100880
vt 0.551492 0.198930
vt 0.338939 0.200844
vt 0.335327 0.210892
vt 0.335740 0.207573
vt 0.336933 0.203339
vt 0.319653 0.187197
vt 0.306832 0.180973
vt 0.310573 0.167643
vt 0.302535 0.149794
vt 0.310023 0.146932
vt 0.328244 0.080891
vt 0.299491 0.148298
vt 0.320500 0.079356
vt 0.310215 0.122825
vt 0.337958 0.055861
vt 0.354918 0.039249
vt 0.318316 0.075690
vt 0.348432 0.031989
vt 0.716621 0.231718
vt 0.729312 0.245174
vt 0.714139 0.248463
vt 0.750214 0.258407
vt 0.763340 0.261890
vt 0.788102 0.227279
vt 0.762325 0.203661
vt 0.741108 0.195138
vt 0.724103 0.213125
vt 0.779611 0.253906
vt 0.787303 0.241938
vt 0.780773 0.216002
vt 0.758909 0.197511
vt 0.758716 0.185018
vt 0.201677 0.421888
vt 0.216828 0.429069
vt 0.202496 0.436318
vt 0.199821 0.412947
vt 0.197159 0.413530
vt 0.191238 0.420679
vt 0.194337 0.437375
vt 0.252890 0.396210
vt 0.183537 0.392331
vt 0.176266 0.396458
vt 0.232858 0.419958
vt 0.243656 0.411838
vt 0.257059 0.394974
vt 0.265925 0.380038
vt 0.251643 0.377657
vt 0.243168 0.372988
vt 0.216122 0.352353
vt 0.241847 0.423911
vt 0.260933 0.402849
vt 0.273049 0.383865
vt 0.222489 0.436268
vt 0.205383 0.444117
vt 0.224073 0.356334
vt 0.171822 0.379692
vt 0.179992 0.358002
vt 0.190094 0.358581
vt 0.193937 0.346300
vt 0.198409 0.353749
vt 0.208570 0.351406
vt 0.212462 0.342931
vt 0.228793 0.348722
vt 0.247841 0.365181
vt 0.254759 0.368815
vt 0.267797 0.372175
vt 0.760744 0.200432
vt 0.741339 0.195395
vt 0.780785 0.216012
vt 0.788116 0.227372
vt 0.763367 0.261860
vt 0.716570 0.231490
vt 0.724104 0.213124
vt 0.777372 0.256074
vt 0.786025 0.244776
vt 0.750238 0.258421
vt 0.729316 0.245170
vt 0.222688 0.436170
vt 0.202504 0.436298
vt 0.222293 0.426829
vt 0.241848 0.423910
vt 0.243236 0.410922
vt 0.260879 0.402930
vt 0.256666 0.394318
vt 0.265850 0.380060
vt 0.215772 0.426955
vt 0.242795 0.374618
vt 0.251602 0.377674
vt 0.201737 0.422050
vt 0.198144 0.413070
vt 0.181258 0.382834
vt 0.219862 0.354890
vt 0.224621 0.355159
vt 0.243746 0.372057
vt 0.251550 0.367134
vt 0.183543 0.392360
vt 0.228777 0.348710
vt 0.212343 0.342918
vt 0.213154 0.350690
vt 0.198406 0.353750
vt 0.190585 0.348438
vt 0.190095 0.358582
vt 0.177536 0.361110
vt 0.184320 0.366287
vt 0.180549 0.376047
vt 0.171826 0.379650
vt 0.176250 0.396427
vt 0.191239 0.420674
vt 0.286505 0.555454
vt 0.268728 0.543394
vt 0.276310 0.562573
vt 0.250476 0.599634
vt 0.236854 0.571716
vt 0.210535 0.612524
vt 0.273185 0.537635
vt 0.252069 0.534929
vt 0.264597 0.546218
vt 0.235983 0.542457
vt 0.200940 0.581793
vt 0.177184 0.620407
vt 0.170082 0.587194
vt 0.145382 0.615649
vt 0.255320 0.528641
vt 0.234271 0.523712
vt 0.248200 0.538134
vt 0.230965 0.527460
vt 0.188781 0.514858
vt 0.187559 0.543382
vt 0.238983 0.517325
vt 0.224353 0.495296
vt 0.202500 0.475463
vt 0.213882 0.501418
vt 0.207683 0.470326
vt 0.186653 0.441934
vt 0.181376 0.447027
vt 0.181583 0.454875
vt 0.200791 0.481593
vt 0.177184 0.495096
vt 0.171964 0.428894
vt 0.168097 0.434862
vt 0.165614 0.438747
vt 0.152645 0.463047
vt 0.166076 0.475368
vt 0.151212 0.494573
vt 0.156115 0.521093
vt 0.152497 0.424087
vt 0.150553 0.428521
vt 0.136229 0.459526
vt 0.123277 0.483722
vt 0.152012 0.415637
vt 0.116137 0.403848
vt 0.131959 0.417768
vt 0.106971 0.433027
vt 0.090754 0.472699
vt 0.108148 0.513630
vt 0.131993 0.514240
vt 0.113711 0.394742
vt 0.090441 0.392114
vt 0.089196 0.396659
vt 0.110892 0.406590
vt 0.077304 0.421851
vt 0.077234 0.450239
vt 0.091144 0.384700
vt 0.064924 0.382650
vt 0.066350 0.388561
vt 0.065374 0.375590
vt 0.135013 0.543163
vt 0.162686 0.552228
vt 0.110044 0.551576
vt 0.138852 0.570750
vt 0.082370 0.540936
vt 0.082739 0.570085
vt 0.114061 0.595492
vt 0.080200 0.519542
vt 0.035902 0.512272
vt 0.033471 0.568624
vt 0.080996 0.605081
vt 0.116634 0.627597
vt 0.077973 0.498029
vt 0.037824 0.489619
vt 0.033350 0.488807
vt 0.031569 0.512271
vt 0.032581 0.600450
vt 0.040230 0.468246
vt 0.035629 0.466986
vt 0.026355 0.487931
vt 0.025029 0.510059
vt 0.023406 0.541129
vt 0.021783 0.588792
vt 0.045047 0.442750
vt 0.040688 0.441127
vt 0.028690 0.464645
vt 0.053814 0.415428
vt 0.049659 0.413569
vt 0.034043 0.437427
vt 0.043330 0.409234
vt 0.057018 0.379493
vt 0.031747 0.613482
vt 0.085607 0.627849
vt 0.612773 0.775754
vt 0.607567 0.769201
vt 0.611010 0.757801
vt 0.606650 0.756305
vt 0.609997 0.747249
vt 0.605083 0.748499
vt 0.608981 0.739591
vt 0.592728 0.769990
vt 0.591693 0.759629
vt 0.591248 0.752076
vt 0.585955 0.745561
vt 0.586242 0.735522
vt 0.607246 0.731648
vt 0.593186 0.786792
vt 0.582722 0.779943
vt 0.582681 0.768643
vt 0.582457 0.757831
vt 0.573285 0.751753
vt 0.574964 0.740541
vt 0.582896 0.791422
vt 0.572894 0.779398
vt 0.573273 0.765754
vt 0.564520 0.759380
vt 0.565501 0.745446
vt 0.563871 0.734839
vt 0.569706 0.732807
vt 0.572686 0.788234
vt 0.562168 0.791418
vt 0.562978 0.779341
vt 0.563707 0.769434
vt 0.554675 0.764854
vt 0.557730 0.751571
vt 0.560337 0.739771
vt 0.552039 0.779206
vt 0.538780 0.777722
vt 0.532224 0.766257
vt 0.549123 0.755255
vt 0.549374 0.744814
vt 0.551278 0.732384
vt 0.550567 0.790483
vt 0.536147 0.788595
vt 0.522934 0.778035
vt 0.525577 0.770558
vt 0.521588 0.786502
vt 0.556676 0.725079
vt 0.563372 0.719653
vt 0.579016 0.721695
vt 0.590936 0.726714
vt 0.604196 0.722325
vt 0.592350 0.715434
vt 0.599400 0.712823
vt 0.578579 0.709787
vt 0.592954 0.702836
vt 0.543845 0.746569
vt 0.537152 0.760659
vt 0.194613 0.173275
vt 0.200701 0.184565
vt 0.173582 0.201881
vt 0.167678 0.191578
vt 0.188780 0.206530
vt 0.198508 0.230813
vt 0.218161 0.265926
vt 0.214761 0.226974
vt 0.183788 0.224543
vt 0.192368 0.248984
vt 0.206805 0.256501
vt 0.215485 0.286537
vt 0.234866 0.314367
vt 0.228922 0.272486
vt 0.221498 0.236118
vt 0.212021 0.209956
vt 0.200024 0.275136
vt 0.207981 0.300771
vt 0.229612 0.319187
vt 0.239148 0.329417
vt 0.249815 0.318740
vt 0.240710 0.310179
vt 0.237717 0.292182
vt 0.229912 0.263917
vt 0.224332 0.327817
vt 0.236355 0.335719
vt 0.252634 0.347845
vt 0.278895 0.352138
vt 0.262507 0.335820
vt 0.265825 0.325517
vt 0.253445 0.314338
vt 0.243362 0.309621
vt 0.245805 0.288495
vt 0.273837 0.361764
vt 0.289276 0.364125
vt 0.287345 0.343366
vt 0.288835 0.329991
vt 0.283830 0.324331
vt 0.266870 0.318879
vt 0.284004 0.373774
vt 0.297295 0.379786
vt 0.305897 0.373116
vt 0.299380 0.356270
vt 0.296305 0.335357
vt 0.300137 0.314647
vt 0.293293 0.312797
vt 0.300616 0.401339
vt 0.305670 0.394627
vt 0.312137 0.387811
vt 0.314773 0.385059
vt 0.301265 0.340463
vt 0.312179 0.409472
vt 0.314242 0.403111
vt 0.318869 0.395871
vt 0.320708 0.392938
vt 0.322648 0.387032
vt 0.313445 0.357584
vt 0.330221 0.409773
vt 0.332928 0.399623
vt 0.334326 0.394835
vt 0.369558 0.376137
vt 0.351632 0.346106
vt 0.308084 0.332994
vt 0.328515 0.417726
vt 0.368780 0.417846
vt 0.373299 0.409070
vt 0.360791 0.400996
vt 0.368853 0.394683
vt 0.370022 0.388858
vt 0.389354 0.415895
vt 0.407209 0.409382
vt 0.408265 0.399687
vt 0.374217 0.397931
vt 0.389229 0.394453
vt 0.389046 0.388461
vt 0.405202 0.416382
vt 0.421552 0.413225
vt 0.424575 0.403193
vt 0.409131 0.395235
vt 0.418706 0.421996
vt 0.433003 0.425963
vt 0.435243 0.419129
vt 0.439484 0.410611
vt 0.441186 0.406854
vt 0.426164 0.398260
vt 0.408932 0.388494
vt 0.469198 0.441862
vt 0.478658 0.436643
vt 0.479955 0.432665
vt 0.459999 0.411809
vt 0.443732 0.401151
vt 0.429526 0.389939
vt 0.466398 0.448530
vt 0.514907 0.488612
vt 0.525953 0.489061
vt 0.521899 0.474682
vt 0.525001 0.472281
vt 0.510636 0.456956
vt 0.482774 0.427418
vt 0.532232 0.510945
vt 0.550942 0.528908
vt 0.544820 0.497413
vt 0.535304 0.482371
vt 0.527478 0.469763
vt 0.515551 0.453701
vt 0.544516 0.534617
vt 0.553767 0.561117
vt 0.562568 0.537501
vt 0.555971 0.512083
vt 0.559157 0.510500
vt 0.547704 0.491664
vt 0.538239 0.479812
vt 0.558431 0.582040
vt 0.530584 0.465267
vt 0.541917 0.475781
vt 0.552003 0.488162
vt 0.560793 0.501491
vt 0.568532 0.515790
vt 0.571995 0.540027
vt 0.577481 0.537539
vt 0.580294 0.570213
vt 0.586886 0.571419
vt 0.583932 0.593805
vt 0.590196 0.592974
vt 0.568226 0.540081
vt 0.576523 0.569633
vt 0.426374 0.372692
vt 0.407922 0.375643
vt 0.389624 0.375901
vt 0.371895 0.357562
vt 0.408594 0.353825
vt 0.371932 0.335182
vt 0.345085 0.309431
vt 0.307671 0.305078
vt 0.427970 0.350241
vt 0.407907 0.327702
vt 0.369779 0.314612
vt 0.365681 0.287085
vt 0.342839 0.284568
vt 0.306247 0.277185
vt 0.300228 0.285773
vt 0.427426 0.321825
vt 0.406227 0.304797
vt 0.404290 0.278229
vt 0.363691 0.261511
vt 0.342118 0.267315
vt 0.425603 0.294429
vt 0.422477 0.240434
vt 0.402520 0.249473
vt 0.266817 0.295042
vt 0.280130 0.278684
vt 0.276345 0.262442
vt 0.238469 0.260720
vt 0.232650 0.241102
vt 0.285309 0.305910
vt 0.292623 0.286406
vt 0.287164 0.253564
vt 0.272460 0.246753
vt 0.297793 0.295602
vt 0.294369 0.267536
vt 0.289315 0.243474
vt 0.278554 0.222520
vt 0.268047 0.231580
vt 0.296652 0.259633
vt 0.290560 0.234807
vt 0.282168 0.219300
vt 0.267783 0.192115
vt 0.264453 0.208491
vt 0.245003 0.214218
vt 0.303475 0.258701
vt 0.299605 0.241548
vt 0.292833 0.218406
vt 0.280613 0.203782
vt 0.271331 0.189039
vt 0.256349 0.163391
vt 0.253344 0.179620
vt 0.234138 0.186455
vt 0.225745 0.220787
vt 0.282044 0.187802
vt 0.269337 0.174188
vt 0.241668 0.150942
vt 0.222003 0.158945
vt 0.215260 0.194337
vt 0.202803 0.168521
vt 0.944873 0.457549
vt 0.945364 0.402711
vt 0.945246 0.429103
vt 0.938118 0.457761
vt 0.937835 0.489821
vt 0.937741 0.520028
vt 0.937668 0.543731
vt 0.938548 0.429164
vt 0.938880 0.402468
vt 0.945811 0.375106
vt 0.939112 0.375346
vt 0.938539 0.348103
vt 0.945140 0.347237
vt 0.938206 0.566708
vt 0.939960 0.595259
vt 0.941615 0.626713
vt 0.941804 0.657267
vt 0.952344 0.698753
vt 0.954713 0.697239
vt 0.279187 0.013873
vt 0.274585 0.010679
vt 0.279576 0.010785
vt 0.269287 0.013235
vt 0.278379 0.021045
vt 0.268462 0.020622
vt 0.277086 0.030513
vt 0.267167 0.030093
vt 0.275444 0.040597
vt 0.265531 0.040182
vt 0.273957 0.050104
vt 0.264056 0.049691
vt 0.263290 0.057456
vt 0.272866 0.063743
vt 0.262815 0.065479
vt 0.272440 0.076081
vt 0.262470 0.075638
vt 0.272218 0.086800
vt 0.262313 0.086331
vt 0.272257 0.096242
vt 0.262355 0.095761
vt 0.272309 0.104963
vt 0.262438 0.104491
vt 0.272192 0.113829
vt 0.262373 0.113380
vt 0.262228 0.122416
vt 0.271935 0.122840
vt 0.979073 0.627862
vt 0.977372 0.597311
vt 0.976375 0.567975
vt 0.975991 0.538839
vt 0.974443 0.488365
vt 0.975069 0.456489
vt 0.975229 0.427790
vt 0.975835 0.374292
vt 0.976053 0.346982
vt 0.975644 0.401300
vt 0.975195 0.427791
vt 0.982321 0.427845
vt 0.982036 0.456643
vt 0.981876 0.489142
vt 0.981877 0.525903
vt 0.982894 0.567162
vt 0.976376 0.567975
vt 0.982516 0.401281
vt 0.982494 0.374514
vt 0.984275 0.596152
vt 0.979222 0.627921
vt 0.977371 0.597311
vt 0.986106 0.627590
vt 0.988528 0.658069
vt 0.952339 0.698755
vt 0.954714 0.697240
vt 0.954117 0.688271
vt 0.955526 0.691400
vt 0.975139 0.699158
vt 0.973566 0.696871
vt 0.960398 0.560532
vt 0.944401 0.519650
vt 0.944206 0.487434
vt 0.945049 0.457543
vt 0.945241 0.429103
vt 0.945336 0.402729
vt 0.945834 0.375105
vt 0.829602 0.440934
vt 0.823601 0.441514
vt 0.820180 0.379727
vt 0.824682 0.380066
vt 0.819703 0.370571
vt 0.824261 0.369586
vt 0.818775 0.296038
vt 0.823348 0.296469
vt 0.819013 0.286013
vt 0.829171 0.379831
vt 0.828741 0.368886
vt 0.827845 0.295795
vt 0.823504 0.285562
vt 0.826897 0.224593
vt 0.820890 0.224164
vt 0.834808 0.440640
vt 0.833349 0.374643
vt 0.832300 0.291312
vt 0.827998 0.285686
vt 0.832115 0.224757
vt 0.836291 0.287819
vt 0.835539 0.224744
vt 0.840203 0.287727
vt 0.842392 0.224580
vt 0.844109 0.287694
vt 0.848277 0.224251
vt 0.848220 0.290580
vt 0.852397 0.285066
vt 0.852945 0.296653
vt 0.849271 0.373886
vt 0.844129 0.294202
vt 0.845094 0.370424
vt 0.840303 0.294449
vt 0.841260 0.371389
vt 0.845227 0.377424
vt 0.850964 0.440742
vt 0.853576 0.379842
vt 0.853839 0.369085
vt 0.836474 0.294745
vt 0.837440 0.371055
vt 0.837408 0.377493
vt 0.841321 0.377490
vt 0.846180 0.440556
vt 0.839330 0.440567
vt 0.864199 0.710746
vt 0.838276 0.718493
vt 0.863873 0.706302
vt 0.879990 0.710330
vt 0.880059 0.705778
vt 0.979437 0.730666
vt 0.975609 0.733373
vt 0.987357 0.744822
vt 0.983050 0.748640
vt 0.988763 0.773050
vt 0.987686 0.837417
vt 0.980081 0.882982
vt 0.983455 0.892548
vt 0.968658 0.740423
vt 0.975071 0.756172
vt 0.970573 0.909364
vt 0.973434 0.923052
vt 0.854441 0.723013
vt 0.952069 0.756376
vt 0.942920 0.776890
vt 0.955854 0.793032
vt 0.963786 0.827274
vt 0.839620 0.723216
vt 0.811839 0.752416
vt 0.866290 0.768571
vt 0.927126 0.782181
vt 0.938166 0.787702
vt 0.801004 0.754865
vt 0.794144 0.750962
vt 0.752641 0.791413
vt 0.752876 0.801895
vt 0.778353 0.786191
vt 0.732047 0.818516
vt 0.736058 0.829150
vt 0.755519 0.815279
vt 0.764663 0.804309
vt 0.810303 0.787862
vt 0.729709 0.848553
vt 0.740464 0.849483
vt 0.745811 0.827887
vt 0.757603 0.832557
vt 0.788107 0.830053
vt 0.779346 0.818207
vt 0.722560 0.856581
vt 0.734227 0.879176
vt 0.755360 0.852057
vt 0.725905 0.913155
vt 0.739745 0.909704
vt 0.751518 0.896154
vt 0.776989 0.877131
vt 0.782464 0.855171
vt 0.792507 0.840342
vt 0.746931 0.932740
vt 0.758885 0.926750
vt 0.782559 0.916377
vt 0.779023 0.900064
vt 0.794846 0.889750
vt 0.797869 0.853689
vt 0.733978 0.938486
vt 0.744605 0.955048
vt 0.758577 0.945766
vt 0.791677 0.926630
vt 0.797786 0.913839
vt 0.813153 0.897266
vt 0.813243 0.873659
vt 0.758608 0.966450
vt 0.768522 0.956518
vt 0.781439 0.944135
vt 0.799666 0.946579
vt 0.815197 0.931379
vt 0.814098 0.916046
vt 0.853111 0.894864
vt 0.780579 0.976587
vt 0.787513 0.964843
vt 0.816902 0.971547
vt 0.824234 0.949481
vt 0.865122 0.932624
vt 0.864397 0.915498
vt 0.871946 0.970963
vt 0.868943 0.959131
vt 0.866069 0.946976
vt 0.906060 0.937819
vt 0.908377 0.920684
vt 0.918627 0.960028
vt 0.912297 0.949349
vt 0.925483 0.970829
vt 0.938011 0.949607
vt 0.929719 0.940762
vt 0.920895 0.929961
vt 0.925086 0.916719
vt 0.909543 0.905535
vt 0.947693 0.958704
vt 0.954252 0.938172
vt 0.940067 0.930507
vt 0.941133 0.910491
vt 0.922906 0.903102
vt 0.912960 0.879115
vt 0.890908 0.889985
vt 0.962210 0.944935
vt 0.962367 0.917231
vt 0.963553 0.877377
vt 0.940780 0.886281
vt 0.924466 0.875399
vt 0.953766 0.820409
vt 0.938200 0.856640
vt 0.923425 0.833457
vt 0.906457 0.826671
vt 0.897596 0.862972
vt 0.946395 0.798873
vt 0.918193 0.819141
vt 0.915601 0.811043
vt 0.911468 0.803032
vt 0.900269 0.813134
vt 0.888185 0.823323
vt 0.888245 0.839687
vt 0.897619 0.800090
vt 0.861094 0.812442
vt 0.836984 0.829011
vt 0.839170 0.846494
vt 0.862361 0.867629
vt 0.855929 0.779914
vt 0.858875 0.800220
vt 0.817746 0.806906
vt 0.809960 0.822523
vt 0.806261 0.836107
vt 0.795189 0.813624
vt 0.397456 0.916282
vt 0.381816 0.921504
vt 0.412897 0.922087
vt 0.397407 0.950201
vt 0.381239 0.948776
vt 0.380664 0.982789
vt 0.396122 0.987548
vt 0.411743 0.983373
vt 0.412442 0.949615
vt 0.568379 0.203267
vt 0.553720 0.217968
vt 0.559885 0.209456
vt 0.550489 0.227969
vt 0.550505 0.238479
vt 0.553768 0.248470
vt 0.559959 0.256963
vt 0.568472 0.263127
vt 0.578472 0.266359
vt 0.588983 0.266343
vt 0.598973 0.263079
vt 0.607466 0.256888
vt 0.613631 0.248376
vt 0.616863 0.238375
vt 0.616846 0.227865
vt 0.613582 0.217875
vt 0.607392 0.209381
vt 0.598879 0.203217
vt 0.588879 0.199985
vt 0.578368 0.200001
vt 0.808179 0.514457
vt 0.805228 0.529561
vt 0.806892 0.529543
vt 0.808480 0.544605
vt 0.528368 0.242940
vt 0.537462 0.243351
vt 0.539827 0.254005
vt 0.535574 0.267560
vt 0.542300 0.272744
vt 0.534842 0.270461
vt 0.745623 0.672401
vt 0.741657 0.675851
vt 0.736345 0.676380
vt 0.731912 0.674027
vt 0.729481 0.667931
vt 0.732393 0.662085
vt 0.738368 0.660207
vt 0.744225 0.662476
vt 0.746740 0.667338
vt 0.009934 0.343246
vt 0.013019 0.334843
vt 0.018552 0.327805
vt 0.025988 0.322820
vt 0.034601 0.320378
vt 0.043547 0.320717
vt 0.051950 0.323804
vt 0.058988 0.329336
vt 0.063972 0.336772
vt 0.066414 0.345385
vt 0.066076 0.354331
vt 0.062989 0.362734
vt 0.057457 0.369773
vt 0.050020 0.374757
vt 0.041407 0.377199
vt 0.032462 0.376860
vt 0.024058 0.373773
vt 0.017020 0.368241
vt 0.012036 0.360805
vt 0.009594 0.352192
vt 0.381829 0.921501
vt 0.397487 0.916294
vt 0.412899 0.922054
vt 0.398167 0.941432
vt 0.412428 0.950341
vt 0.396672 0.953897
vt 0.411754 0.983374
vt 0.396104 0.987545
vt 0.380664 0.982820
vt 0.381218 0.949885
vt 0.827276 0.219071
vt 0.780013 0.207429
vt 0.827196 0.212931
vt 0.805663 0.206603
vt 0.806452 0.180091
vt 0.799248 0.165979
vt 0.771563 0.124654
vt 0.873806 0.205666
vt 0.869895 0.201590
vt 0.848276 0.205857
vt 0.835722 0.184962
vt 0.815406 0.185221
vt 0.816995 0.180604
vt 0.809859 0.176094
vt 0.846323 0.179220
vt 0.834759 0.180197
vt 0.873059 0.182202
vt 0.852914 0.164816
vt 0.842785 0.175421
vt 0.833284 0.176771
vt 0.818464 0.176980
vt 0.811982 0.172669
vt 0.804193 0.165141
vt 0.878699 0.122107
vt 0.855693 0.098556
vt 0.850449 0.128648
vt 0.847940 0.164185
vt 0.840471 0.172035
vt 0.832611 0.172245
vt 0.820672 0.172603
vt 0.870580 0.048301
vt 0.849510 0.059743
vt 0.845871 0.064922
vt 0.846744 0.121921
vt 0.844996 0.161295
vt 0.836678 0.166245
vt 0.843163 0.048809
vt 0.839909 0.052806
vt 0.837695 0.056347
vt 0.842584 0.066255
vt 0.838525 0.069800
vt 0.840699 0.154976
vt 0.832402 0.044116
vt 0.832836 0.048692
vt 0.831323 0.052384
vt 0.829234 0.056789
vt 0.834044 0.061133
vt 0.812255 0.044720
vt 0.814912 0.049208
vt 0.816462 0.052626
vt 0.817159 0.057156
vt 0.829066 0.061995
vt 0.835459 0.072586
vt 0.801285 0.022174
vt 0.803603 0.049732
vt 0.807067 0.053599
vt 0.809439 0.057018
vt 0.814067 0.061799
vt 0.797811 0.060971
vt 0.801714 0.065884
vt 0.805009 0.067134
vt 0.775707 0.024104
vt 0.822298 0.008125
vt 0.869781 0.021932
vt 0.793517 0.100009
vt 0.800087 0.129742
vt 0.803474 0.122909
vt 0.809241 0.070483
vt 0.807007 0.162125
vt 0.811035 0.155880
vt 0.812276 0.124174
vt 0.812436 0.073116
vt 0.817368 0.074163
vt 0.815605 0.166702
vt 0.820738 0.167036
vt 0.818167 0.122441
vt 0.830612 0.089355
vt 0.838012 0.123596
vt 0.832170 0.166546
vt 0.831940 0.127439
vt 0.780039 0.207429
vt 0.826917 0.212958
vt 0.827222 0.219098
vt 0.873839 0.205578
vt 0.848355 0.206002
vt 0.846296 0.179194
vt 0.852557 0.166072
vt 0.858055 0.123828
vt 0.879173 0.119686
vt 0.837582 0.184727
vt 0.842811 0.175454
vt 0.847984 0.164219
vt 0.850472 0.128725
vt 0.845880 0.064966
vt 0.850226 0.062948
vt 0.817344 0.185382
vt 0.834814 0.180222
vt 0.834185 0.176633
vt 0.840469 0.172033
vt 0.844989 0.161292
vt 0.846744 0.121923
vt 0.805640 0.206649
vt 0.806480 0.180061
vt 0.816977 0.180653
vt 0.819368 0.177075
vt 0.831793 0.172359
vt 0.835764 0.167190
vt 0.799679 0.167143
vt 0.809827 0.176139
vt 0.811993 0.172657
vt 0.819851 0.172524
vt 0.820750 0.167017
vt 0.792297 0.125373
vt 0.800084 0.129793
vt 0.804193 0.165141
vt 0.807007 0.162125
vt 0.815516 0.166682
vt 0.771461 0.098397
vt 0.797253 0.064085
vt 0.801666 0.065995
vt 0.803475 0.122957
vt 0.803617 0.049746
vt 0.807076 0.053611
vt 0.809430 0.057009
vt 0.805009 0.067136
vt 0.809237 0.070485
vt 0.811035 0.155880
vt 0.801361 0.022319
vt 0.812208 0.044626
vt 0.814924 0.049217
vt 0.815610 0.052753
vt 0.817907 0.057055
vt 0.813307 0.061620
vt 0.822444 0.014144
vt 0.832312 0.043981
vt 0.844188 0.021107
vt 0.843151 0.048823
vt 0.832835 0.048696
vt 0.839892 0.052831
vt 0.837696 0.056346
vt 0.830469 0.052295
vt 0.822397 0.008101
vt 0.869810 0.021947
vt 0.887113 0.103177
vt 0.775675 0.024196
vt 0.829985 0.056855
vt 0.818341 0.061341
vt 0.817368 0.074164
vt 0.812436 0.073117
vt 0.833282 0.061364
vt 0.829851 0.074130
vt 0.817832 0.124402
vt 0.812278 0.124225
vt 0.842592 0.066256
vt 0.838509 0.069696
vt 0.835438 0.072368
vt 0.838012 0.123596
vt 0.831689 0.125482
vt 0.840699 0.154976
vt 0.836702 0.158406
vt 0.762180 0.106857
vt 0.526648 0.425395
vt 0.557037 0.460475
vt 0.557052 0.473155
vt 0.564633 0.489067
vt 0.582428 0.516889
vt 0.586224 0.514304
vt 0.559459 0.457017
vt 0.528692 0.420998
vt 0.501358 0.408496
vt 0.493409 0.409749
vt 0.577844 0.519328
vt 0.594543 0.552172
vt 0.603678 0.556032
vt 0.610789 0.557894
vt 0.598917 0.505193
vt 0.597158 0.471084
vt 0.573811 0.447198
vt 0.556403 0.428084
vt 0.608071 0.569362
vt 0.621542 0.576520
vt 0.625073 0.573564
vt 0.621970 0.555511
vt 0.633885 0.542410
vt 0.615535 0.496885
vt 0.602965 0.439119
vt 0.618962 0.580715
vt 0.634958 0.582904
vt 0.635635 0.578766
vt 0.636850 0.555424
vt 0.656089 0.550544
vt 0.653607 0.536741
vt 0.648762 0.515781
vt 0.633937 0.587647
vt 0.645034 0.582965
vt 0.646788 0.577896
vt 0.692217 0.564197
vt 0.686448 0.540640
vt 0.680495 0.527281
vt 0.649747 0.587037
vt 0.675960 0.575805
vt 0.699201 0.566050
vt 0.714404 0.552130
vt 0.698844 0.519463
vt 0.691722 0.574680
vt 0.725814 0.555213
vt 0.716345 0.556128
vt 0.729050 0.546139
vt 0.728730 0.540454
vt 0.711900 0.508060
vt 0.696906 0.501024
vt 0.762364 0.519697
vt 0.760047 0.514167
vt 0.757877 0.509520
vt 0.726816 0.493239
vt 0.715644 0.484977
vt 0.686618 0.482119
vt 0.663317 0.479718
vt 0.777683 0.497946
vt 0.786013 0.476300
vt 0.783352 0.471651
vt 0.748115 0.467142
vt 0.737368 0.479868
vt 0.725876 0.471418
vt 0.718094 0.453008
vt 0.792484 0.474588
vt 0.800810 0.444864
vt 0.796540 0.443710
vt 0.771256 0.443068
vt 0.758714 0.436924
vt 0.743446 0.430711
vt 0.805724 0.446056
vt 0.809792 0.416112
vt 0.804784 0.415482
vt 0.800403 0.414828
vt 0.771297 0.410077
vt 0.754574 0.382272
vt 0.729549 0.420943
vt 0.808174 0.381571
vt 0.803803 0.381492
vt 0.776792 0.381550
vt 0.757130 0.360046
vt 0.740023 0.361332
vt 0.813231 0.381819
vt 0.810616 0.358901
vt 0.804393 0.351073
vt 0.800960 0.358579
vt 0.776029 0.358765
vt 0.762928 0.333833
vt 0.748887 0.336148
vt 0.732773 0.352567
vt 0.805801 0.332621
vt 0.800233 0.330825
vt 0.796938 0.336117
vt 0.775037 0.332330
vt 0.767048 0.317808
vt 0.723684 0.321237
vt 0.725441 0.343764
vt 0.799603 0.318538
vt 0.788329 0.308407
vt 0.784225 0.310006
vt 0.759504 0.300094
vt 0.741296 0.294602
vt 0.793056 0.307177
vt 0.790115 0.296115
vt 0.786114 0.293466
vt 0.761240 0.278101
vt 0.723011 0.262613
vt 0.714385 0.286555
vt 0.722418 0.303316
vt 0.795235 0.297836
vt 0.693243 0.257779
vt 0.690343 0.282766
vt 0.685176 0.294947
vt 0.688510 0.309110
vt 0.691980 0.330092
vt 0.672179 0.280864
vt 0.667517 0.293157
vt 0.662649 0.305825
vt 0.674124 0.334080
vt 0.684460 0.357490
vt 0.703493 0.351622
vt 0.672587 0.257708
vt 0.653889 0.258920
vt 0.652135 0.281873
vt 0.650979 0.293375
vt 0.649084 0.304657
vt 0.647221 0.336807
vt 0.668317 0.365217
vt 0.701753 0.379723
vt 0.637286 0.292468
vt 0.636898 0.305145
vt 0.624538 0.327984
vt 0.654724 0.382601
vt 0.620277 0.297198
vt 0.606675 0.308953
vt 0.601522 0.329865
vt 0.597741 0.360374
vt 0.588986 0.273366
vt 0.588417 0.293681
vt 0.574664 0.316531
vt 0.582636 0.358179
vt 0.574647 0.392455
vt 0.602152 0.410901
vt 0.561054 0.300384
vt 0.540025 0.313648
vt 0.555413 0.330622
vt 0.563624 0.361576
vt 0.553536 0.288545
vt 0.531535 0.301126
vt 0.518134 0.324566
vt 0.528819 0.334887
vt 0.537594 0.342716
vt 0.536458 0.366278
vt 0.555994 0.377209
vt 0.510361 0.313069
vt 0.498424 0.341060
vt 0.522194 0.357835
vt 0.523283 0.379946
vt 0.543987 0.395430
vt 0.486876 0.327911
vt 0.473527 0.356487
vt 0.508910 0.373394
vt 0.490093 0.403004
vt 0.464998 0.345877
vt 0.450215 0.360851
vt 0.461768 0.370687
vt 0.450979 0.384805
vt 0.439280 0.378872
vt 0.618235 0.415543
vt 0.636462 0.419225
vt 0.642410 0.399494
vt 0.618986 0.443266
vt 0.636908 0.442805
vt 0.656315 0.418837
vt 0.706529 0.412556
vt 0.630154 0.494718
vt 0.656115 0.445482
vt 0.682709 0.450973
vt 0.720165 0.380631
vt 0.715329 0.358300
vt 0.535512 0.448667
vt 0.516537 0.439879
vt 0.505739 0.434665
vt 0.481377 0.418917
vt 0.446601 0.392968
vt 0.440434 0.390639
vt 0.474531 0.415867
vt 0.729112 0.546083
vt 0.760000 0.514233
vt 0.910850 0.640608
vt 0.909019 0.641759
vt 0.904528 0.633599
vt 0.913361 0.649131
vt 0.911085 0.653623
vt 0.912914 0.658094
vt 0.905401 0.668723
vt 0.909931 0.666578
vt 0.904213 0.673551
vt 0.892356 0.677341
vt 0.896594 0.678339
vt 0.898788 0.683762
vt 0.908042 0.677913
vt 0.915047 0.669499
vt 0.891313 0.655631
vt 0.878838 0.678566
vt 0.888007 0.680591
vt 0.889785 0.654019
vt 0.899862 0.623115
vt 0.867335 0.679998
vt 0.877088 0.684462
vt 0.888028 0.686256
vt 0.908803 0.629031
vt 0.915705 0.637830
vt 0.919083 0.648285
vt 0.918739 0.659204
vt 0.877467 0.648857
vt 0.875928 0.647273
vt 0.888453 0.624411
vt 0.862719 0.669286
vt 0.890188 0.618495
vt 0.879242 0.622406
vt 0.858191 0.661248
vt 0.856367 0.662407
vt 0.851472 0.665250
vt 0.858536 0.673859
vt 0.875017 0.625605
vt 0.856108 0.649379
vt 0.853835 0.653887
vt 0.870637 0.624634
vt 0.863045 0.629466
vt 0.861805 0.634256
vt 0.854280 0.644905
vt 0.868448 0.619196
vt 0.859225 0.625094
vt 0.857216 0.636370
vt 0.852108 0.633444
vt 0.848458 0.643801
vt 0.879237 0.616757
vt 0.848117 0.654755
vt 0.904528 0.633609
vt 0.910883 0.640587
vt 0.911085 0.653623
vt 0.892199 0.677398
vt 0.891217 0.655815
vt 0.912914 0.658094
vt 0.905401 0.668722
vt 0.896594 0.678339
vt 0.888007 0.680583
vt 0.878899 0.678536
vt 0.889446 0.654789
vt 0.909930 0.666578
vt 0.915100 0.669529
vt 0.907997 0.677862
vt 0.898788 0.683762
vt 0.919083 0.648285
vt 0.915698 0.637834
vt 0.908824 0.629010
vt 0.899858 0.623122
vt 0.867325 0.680015
vt 0.877805 0.648099
vt 0.888427 0.624424
vt 0.890189 0.618491
vt 0.879243 0.622393
vt 0.879237 0.616750
vt 0.877087 0.684465
vt 0.888028 0.686263
vt 0.868448 0.619196
vt 0.863045 0.629466
vt 0.857216 0.636370
vt 0.852108 0.633444
vt 0.854280 0.644905
vt 0.848458 0.643801
vt 0.864425 0.631019
vt 0.857991 0.640674
vt 0.856761 0.656411
vt 0.853835 0.653887
vt 0.856330 0.662430
vt 0.875068 0.625645
vt 0.876022 0.647088
vt 0.862719 0.669294
vt 0.851465 0.665254
vt 0.848116 0.654755
vt 0.858534 0.673861
vt 0.808492 0.544601
vt 0.805193 0.529561
vt 0.808179 0.514457
vt 0.820620 0.504807
vt 0.819249 0.503834
vt 0.813977 0.516275
vt 0.829359 0.494890
vt 0.829396 0.504136
vt 0.820418 0.518295
vt 0.825716 0.489983
vt 0.841141 0.488681
vt 0.843265 0.494998
vt 0.832180 0.506949
vt 0.823518 0.524273
vt 0.818767 0.529422
vt 0.814837 0.500697
vt 0.811748 0.498500
vt 0.823291 0.486716
vt 0.839169 0.482817
vt 0.854280 0.486472
vt 0.860583 0.494013
vt 0.804411 0.513276
vt 0.815654 0.558056
vt 0.812385 0.560482
vt 0.804789 0.545846
vt 0.823578 0.546082
vt 0.833876 0.558376
vt 0.842207 0.568970
vt 0.850208 0.564276
vt 0.855166 0.571753
vt 0.866189 0.563127
vt 0.868299 0.569402
vt 0.870279 0.575290
vt 0.855228 0.577821
vt 0.840118 0.575634
vt 0.841705 0.570575
vt 0.883728 0.568112
vt 0.871534 0.579021
vt 0.855268 0.581770
vt 0.838959 0.579329
vt 0.880145 0.553842
vt 0.889033 0.539802
vt 0.889853 0.523798
vt 0.895087 0.515466
vt 0.900953 0.513494
vt 0.903743 0.528538
vt 0.901266 0.543638
vt 0.894479 0.557307
vt 0.880057 0.504150
vt 0.888906 0.503664
vt 0.893893 0.499961
vt 0.904695 0.512236
vt 0.907527 0.528500
vt 0.905033 0.544820
vt 0.879306 0.494460
vt 0.882911 0.489389
vt 0.885290 0.486043
vt 0.897021 0.497640
vt 0.867495 0.488298
vt 0.869325 0.482464
vt 0.870484 0.478765
vt 0.854216 0.480273
vt 0.854175 0.476367
vt 0.837910 0.479075
vt 0.897663 0.559571
vt 0.886154 0.571380
vt 0.824147 0.572060
vt 0.826400 0.568893
vt 0.801917 0.529595
vt 0.826312 0.542838
vt 0.836194 0.555089
vt 0.849179 0.560137
vt 0.868512 0.557458
vt 0.880763 0.547575
vt 0.886070 0.532842
vt 0.882345 0.513750
vt 0.867946 0.500369
vt 0.849329 0.497945
vt 0.864863 0.509012
vt 0.851653 0.506794
vt 0.837348 0.515580
vt 0.874636 0.518671
vt 0.869558 0.517224
vt 0.857109 0.509102
vt 0.837783 0.519417
vt 0.876856 0.532862
vt 0.873906 0.526036
vt 0.871391 0.528252
vt 0.867840 0.546703
vt 0.872161 0.537698
vt 0.865178 0.542049
vt 0.853273 0.548261
vt 0.839426 0.541142
vt 0.839025 0.523393
vt 0.852060 0.551354
vt 0.863449 0.546491
vt 0.845722 0.546997
vt 0.839457 0.545529
vt 0.832576 0.532760
vt 0.835608 0.532453
vt 0.521715 0.242320
vt 0.525064 0.242644
vt 0.533310 0.265973
vt 0.531059 0.267764
vt 0.532778 0.269771
vt 0.485378 0.297500
vt 0.486656 0.299987
vt 0.465984 0.278818
vt 0.519347 0.219991
vt 0.441765 0.268580
vt 0.447837 0.281911
vt 0.531668 0.226969
vt 0.521821 0.215962
vt 0.439278 0.268238
vt 0.518443 0.214459
vt 0.522917 0.213511
vt 0.534201 0.226619
vt 0.486835 0.309917
vt 0.483697 0.301632
vt 0.486573 0.302091
vt 0.481861 0.309188
vt 0.470359 0.300791
vt 0.463914 0.285145
vt 0.460676 0.293707
vt 0.929149 0.428953
vt 0.917998 0.429661
vt 0.929519 0.415343
vt 0.877762 0.428361
vt 0.877911 0.435500
vt 0.917354 0.437444
vt 0.878511 0.445097
vt 0.917021 0.444837
vt 0.915824 0.446644
vt 0.867217 0.413377
vt 0.866654 0.426965
vt 0.439033 0.264518
vt 0.436972 0.268332
vt 0.429890 0.266887
vt 0.524788 0.204668
vt 0.519221 0.212128
vt 0.523494 0.211522
vt 0.921942 0.223804
vt 0.933482 0.311951
vt 0.914959 0.311745
vt 0.942668 0.198315
vt 0.922563 0.194410
vt 0.937429 0.151297
vt 0.917688 0.159794
vt 0.901387 0.042400
vt 0.917770 0.040233
vt 0.927611 0.044778
vt 0.950736 0.223504
vt 0.949101 0.162920
vt 0.940741 0.113905
vt 0.973634 0.108421
vt 0.958006 0.038434
vt 0.919920 0.037056
vt 0.942695 0.306819
vt 0.975228 0.310390
vt 0.975647 0.320298
vt 0.936107 0.315064
vt 0.933810 0.333372
vt 0.968470 0.338317
vt 0.958747 0.028315
vt 0.952027 0.012531
vt 0.916264 0.020976
vt 0.922070 0.222237
vt 0.914961 0.311711
vt 0.933474 0.312055
vt 0.942667 0.198337
vt 0.950718 0.223700
vt 0.942697 0.306798
vt 0.936059 0.315058
vt 0.937631 0.152468
vt 0.949104 0.162938
vt 0.917357 0.157600
vt 0.901389 0.042415
vt 0.917760 0.040171
vt 0.940721 0.113797
vt 0.927605 0.044743
vt 0.919980 0.037042
vt 0.933637 0.333347
vt 0.248488 0.133306
vt 0.230523 0.092588
vt 0.232215 0.133191
vt 0.248713 0.092296
vt 0.230512 0.080148
vt 0.248678 0.080015
vt 0.230301 0.065088
vt 0.248482 0.063513
vt 0.230569 0.010471
vt 0.247509 0.010393
vt 0.753654 0.645240
vt 0.753315 0.624818
vt 0.764941 0.631419
vt 0.742061 0.641598
vt 0.739750 0.621961
vt 0.730495 0.641939
vt 0.725718 0.623417
vt 0.712781 0.629188
vt 0.720343 0.647488
vt 0.702312 0.638587
vt 0.712179 0.656597
vt 0.695440 0.650364
vt 0.693392 0.651046
vt 0.712555 0.658864
vt 0.721399 0.649153
vt 0.731006 0.643838
vt 0.741982 0.643546
vt 0.754498 0.647364
vt 0.754267 0.622814
vt 0.767057 0.630983
vt 0.739933 0.619728
vt 0.725194 0.621293
vt 0.711576 0.627312
vt 0.700499 0.637320
vt 0.748134 0.650674
vt 0.742125 0.647619
vt 0.735569 0.648459
vt 0.732082 0.647751
vt 0.723630 0.653847
vt 0.723889 0.652237
vt 0.717036 0.661193
vt 0.756897 0.679527
vt 0.754689 0.685165
vt 0.750360 0.686463
vt 0.744197 0.690656
vt 0.740448 0.689233
vt 0.732721 0.690552
vt 0.730451 0.688288
vt 0.720494 0.683537
vt 0.755947 0.678933
vt 0.746683 0.686682
vt 0.733983 0.687863
vt 0.722517 0.681533
vt 0.722646 0.683159
vt 0.759100 0.669159
vt 0.715925 0.672006
vt 0.716938 0.670771
vt 0.713908 0.671173
vt 0.717251 0.656875
vt 0.728308 0.647483
vt 0.742373 0.645833
vt 0.755504 0.652349
vt 0.761257 0.661835
vt 0.739975 0.693276
vt 0.729074 0.692106
vt 0.719874 0.685992
vt 0.711911 0.675627
vt 0.684356 0.666130
vt 0.692179 0.681892
vt 0.685991 0.683471
vt 0.692589 0.699593
vt 0.698137 0.696156
vt 0.782022 0.639026
vt 0.771419 0.626066
vt 0.757079 0.616868
vt 0.740518 0.613089
vt 0.723643 0.614881
vt 0.707930 0.621637
vt 0.695252 0.633464
vt 0.687329 0.648981
vt 0.704331 0.712301
vt 0.708368 0.707006
vt 0.721442 0.714101
vt 0.719352 0.720453
vt 0.735986 0.716869
vt 0.736024 0.723536
vt 0.750503 0.714977
vt 0.752809 0.721143
vt 0.767836 0.713175
vt 0.779501 0.701198
vt 0.790776 0.670546
vt 0.789165 0.654014
vt 0.787809 0.686817
vt 0.531270 0.943979
vt 0.549452 0.937200
vt 0.425579 0.972609
vt 0.450341 0.901174
vt 0.459681 0.872819
vt 0.488214 0.799509
vt 0.492889 0.783537
vt 0.496416 0.801465
vt 0.490988 0.842267
vt 0.463502 0.927991
vt 0.486965 0.784012
vt 0.486806 0.768379
vt 0.493021 0.764596
vt 0.494334 0.764223
vt 0.507067 0.768779
vt 0.506635 0.781177
vt 0.510457 0.804028
vt 0.493282 0.740087
vt 0.498737 0.744616
vt 0.509154 0.760749
vt 0.503194 0.732521
vt 0.509597 0.710783
vt 0.515156 0.713040
vt 0.521665 0.702533
vt 0.515177 0.700199
vt 0.521707 0.691814
vt 0.513201 0.747366
vt 0.509250 0.727294
vt 0.524859 0.728167
vt 0.519542 0.739782
vt 0.516954 0.755323
vt 0.513319 0.769227
vt 0.512643 0.780167
vt 0.518410 0.798851
vt 0.525922 0.805732
vt 0.539309 0.815045
vt 0.559963 0.824463
vt 0.561775 0.830913
vt 0.551975 0.827545
vt 0.526349 0.856294
vt 0.539678 0.813841
vt 0.561095 0.823595
vt 0.583294 0.828982
vt 0.584133 0.830294
vt 0.585305 0.835569
vt 0.573838 0.834244
vt 0.556003 0.870960
vt 0.539016 0.864078
vt 0.597905 0.829525
vt 0.598489 0.834662
vt 0.610577 0.830792
vt 0.608378 0.826180
vt 0.620292 0.825265
vt 0.618869 0.818895
vt 0.625037 0.820167
vt 0.624677 0.807749
vt 0.652738 0.846322
vt 0.637156 0.849231
vt 0.633825 0.843694
vt 0.647021 0.800800
vt 0.650033 0.792207
vt 0.635361 0.776313
vt 0.649140 0.774810
vt 0.634205 0.762192
vt 0.647787 0.761077
vt 0.633451 0.782762
vt 0.632912 0.762182
vt 0.621925 0.722373
vt 0.612732 0.701064
vt 0.621735 0.690331
vt 0.628830 0.780608
vt 0.628282 0.762775
vt 0.604668 0.693012
vt 0.627967 0.776213
vt 0.626958 0.762473
vt 0.620043 0.734020
vt 0.624944 0.800360
vt 0.623027 0.809484
vt 0.619773 0.816141
vt 0.615960 0.820525
vt 0.599627 0.696934
vt 0.593273 0.684501
vt 0.590368 0.689600
vt 0.581845 0.680912
vt 0.581465 0.686443
vt 0.570302 0.682325
vt 0.571912 0.687655
vt 0.553600 0.694094
vt 0.558717 0.687973
vt 0.558968 0.684076
vt 0.569105 0.679089
vt 0.583241 0.671391
vt 0.553920 0.700752
vt 0.531934 0.728496
vt 0.544293 0.699680
vt 0.546575 0.694254
vt 0.534787 0.726443
vt 0.521930 0.747145
vt 0.516196 0.760504
vt 0.553129 0.703251
vt 0.563496 0.694018
vt 0.645955 0.863652
vt 0.625479 0.880868
vt 0.619443 0.856301
vt 0.599449 0.864738
vt 0.626748 0.889533
vt 0.596211 0.908920
vt 0.598526 0.881872
vt 0.579272 0.876949
vt 0.595713 0.912908
vt 0.569630 0.922291
vt 0.490604 0.916081
vt 0.512687 0.854490
vt 0.522023 0.810804
vt 0.471705 0.962721
vt 0.499256 0.856393
vt 0.454827 0.973712
vt 0.431513 0.981104
vt 0.456571 0.979041
vt 0.470873 0.965002
vt 0.513602 0.954302
vt 0.532117 0.949920
vt 0.568821 0.933673
vt 0.598947 0.916810
vt 0.630208 0.894301
vt 0.650431 0.867986
vt 0.664966 0.821919
vt 0.664234 0.805650
vt 0.629238 0.712726
vt 0.656873 0.783028
vt 0.628429 0.706207
vt 0.655247 0.765806
vt 0.627092 0.691003
vt 0.644627 0.720408
vt 0.636816 0.701211
vt 0.636207 0.693544
vt 0.610859 0.639653
vt 0.610781 0.631340
vt 0.636151 0.693370
vt 0.625571 0.680718
vt 0.532214 0.712581
vt 0.523172 0.703000
vt 0.535891 0.682439
vt 0.540768 0.673887
vt 0.528247 0.682187
vt 0.541588 0.657977
vt 0.546700 0.664181
vt 0.566409 0.669424
vt 0.581672 0.664364
vt 0.600256 0.671747
vt 0.598299 0.675677
vt 0.566781 0.659800
vt 0.719175 0.983399
vt 0.719171 0.989462
vt 0.713850 0.988838
vt 0.718485 0.971155
vt 0.711849 0.961301
vt 0.709473 0.970628
vt 0.710752 0.988724
vt 0.700533 0.989801
vt 0.695073 0.968213
vt 0.682157 0.989279
vt 0.717569 0.955175
vt 0.714985 0.938244
vt 0.706107 0.929526
vt 0.706792 0.944486
vt 0.691212 0.928570
vt 0.677309 0.912904
vt 0.675798 0.965712
vt 0.664705 0.979724
vt 0.672022 0.989032
vt 0.710020 0.922480
vt 0.697836 0.911878
vt 0.697343 0.917228
vt 0.687499 0.904938
vt 0.677990 0.900058
vt 0.666643 0.911435
vt 0.652776 0.948648
vt 0.702558 0.908771
vt 0.692569 0.898107
vt 0.689066 0.902443
vt 0.680617 0.891565
vt 0.678825 0.897277
vt 0.667169 0.895837
vt 0.667101 0.898825
vt 0.656141 0.901334
vt 0.650726 0.917657
vt 0.640406 0.949895
vt 0.639438 0.987471
vt 0.666851 0.889934
vt 0.655339 0.898466
vt 0.645360 0.904943
vt 0.647029 0.907465
vt 0.640134 0.917097
vt 0.633877 0.935954
vt 0.630178 0.962011
vt 0.630208 0.986426
vt 0.652999 0.892954
vt 0.641293 0.900483
vt 0.637752 0.915220
vt 0.631173 0.934318
vt 0.627123 0.963085
vt 0.627071 0.986499
vt 0.621117 0.981252
vt 0.621648 0.987403
vt 0.630634 0.916587
vt 0.621792 0.952489
vt 0.656830 0.988387
vt 0.713850 0.988839
vt 0.711822 0.960908
vt 0.706029 0.929267
vt 0.706822 0.944689
vt 0.697346 0.917235
vt 0.710752 0.988725
vt 0.700547 0.989802
vt 0.699585 0.969572
vt 0.690888 0.927510
vt 0.677717 0.912934
vt 0.682241 0.989120
vt 0.687492 0.968200
vt 0.666549 0.923196
vt 0.657598 0.914052
vt 0.670697 0.976522
vt 0.652685 0.957316
vt 0.648744 0.917391
vt 0.665948 0.988778
vt 0.650325 0.987050
vt 0.639426 0.987342
vt 0.640298 0.951859
vt 0.633838 0.936128
vt 0.630081 0.966424
vt 0.627118 0.963216
vt 0.631147 0.934435
vt 0.632489 0.912032
vt 0.630208 0.986435
vt 0.627071 0.986498
vt 0.621117 0.981256
vt 0.621175 0.957991
vt 0.624547 0.935341
vt 0.684148 0.861988
vt 0.684861 0.859075
vt 0.689741 0.859825
vt 0.680832 0.857057
vt 0.673729 0.859539
vt 0.673444 0.856642
vt 0.675894 0.849145
vt 0.672849 0.851198
vt 0.672921 0.847224
vt 0.673704 0.843808
vt 0.684706 0.853012
vt 0.681441 0.848131
vt 0.679348 0.842618
vt 0.673160 0.839744
vt 0.677727 0.837133
vt 0.672314 0.835683
vt 0.687036 0.854358
vt 0.689650 0.854402
vt 0.692850 0.853291
vt 0.695895 0.851725
vt 0.702150 0.852900
vt 0.699146 0.849375
vt 0.703294 0.845070
vt 0.708003 0.846686
vt 0.708635 0.837336
vt 0.712972 0.839176
vt 0.710568 0.833311
vt 0.715476 0.833989
vt 0.712153 0.828212
vt 0.718518 0.830569
vt 0.718476 0.827984
vt 0.713055 0.824063
vt 0.719620 0.823483
vt 0.719798 0.817990
vt 0.713109 0.820792
vt 0.712554 0.819251
vt 0.721838 0.827819
vt 0.724027 0.824862
vt 0.724678 0.820827
vt 0.726497 0.816187
vt 0.720946 0.814180
vt 0.719289 0.815228
vt 0.710901 0.816844
vt 0.716466 0.810745
vt 0.708290 0.814675
vt 0.725372 0.821233
vt 0.718988 0.807269
vt 0.712043 0.806304
vt 0.705016 0.813324
vt 0.707534 0.801590
vt 0.701483 0.812601
vt 0.702936 0.800796
vt 0.696593 0.812243
vt 0.726409 0.810567
vt 0.722911 0.801137
vt 0.713677 0.801072
vt 0.715765 0.791966
vt 0.708274 0.783811
vt 0.699344 0.774183
vt 0.697872 0.800039
vt 0.685898 0.800839
vt 0.689159 0.812908
vt 0.684153 0.813920
vt 0.682491 0.800969
vt 0.678698 0.801740
vt 0.681155 0.815077
vt 0.695018 0.785275
vt 0.690201 0.787435
vt 0.684969 0.782393
vt 0.681460 0.779729
vt 0.678057 0.779792
vt 0.675781 0.811783
vt 0.677521 0.819536
vt 0.693226 0.772689
vt 0.684143 0.772469
vt 0.679992 0.758640
vt 0.677296 0.766436
vt 0.673909 0.771877
vt 0.683350 0.763928
vt 0.672835 0.756578
vt 0.673269 0.818475
vt 0.676551 0.822688
vt 0.676250 0.825458
vt 0.671483 0.827491
vt 0.676426 0.829954
vt 0.604668 0.693017
vt 0.621923 0.722368
vt 0.619495 0.712606
vt 0.626922 0.731742
vt 0.581972 0.678109
vt 0.593272 0.684503
vt 0.570010 0.681880
vt 0.581841 0.681006
vt 0.546543 0.664544
vt 0.558791 0.687920
vt 0.553920 0.700750
vt 0.571681 0.687439
vt 0.540756 0.670830
vt 0.536288 0.683216
vt 0.546575 0.694254
vt 0.544300 0.699696
vt 0.533994 0.684361
vt 0.523916 0.701513
vt 0.528727 0.681369
vt 0.515207 0.713053
vt 0.532214 0.712581
vt 0.537296 0.666183
vt 0.509171 0.727397
vt 0.498749 0.746635
vt 0.509109 0.758957
vt 0.507300 0.768268
vt 0.493349 0.766434
vt 0.493629 0.783449
vt 0.506639 0.781176
vt 0.509335 0.711184
vt 0.502238 0.722257
vt 0.499738 0.740625
vt 0.490849 0.747083
vt 0.486906 0.778194
vt 0.492439 0.783590
vt 0.487544 0.801086
vt 0.522022 0.810806
vt 0.441804 0.925208
vt 0.430932 0.975547
vt 0.466574 0.911004
vt 0.491470 0.840949
vt 0.454961 0.973133
vt 0.454798 0.974418
vt 0.473817 0.959779
vt 0.486377 0.921506
vt 0.470590 0.965081
vt 0.431578 0.981100
vt 0.568502 0.933830
vt 0.626738 0.889348
vt 0.646026 0.863792
vt 0.508608 0.857523
vt 0.527557 0.852883
vt 0.479642 0.909909
vt 0.538964 0.864272
vt 0.551979 0.827535
vt 0.555823 0.871682
vt 0.561764 0.830896
vt 0.547482 0.819220
vt 0.527244 0.807257
vt 0.579272 0.876950
vt 0.573838 0.834242
vt 0.585293 0.835560
vt 0.569716 0.827546
vt 0.598526 0.881872
vt 0.622243 0.868178
vt 0.619203 0.855269
vt 0.598490 0.834672
vt 0.637157 0.849231
vt 0.610571 0.830776
vt 0.620296 0.825270
vt 0.625036 0.820167
vt 0.620335 0.816548
vt 0.616373 0.821030
vt 0.608395 0.826219
vt 0.597911 0.829571
vt 0.644736 0.823426
vt 0.629154 0.812708
vt 0.624676 0.807752
vt 0.623931 0.805871
vt 0.626080 0.792791
vt 0.628797 0.780917
vt 0.627965 0.776244
vt 0.633361 0.770297
vt 0.628285 0.762787
vt 0.626957 0.762470
vt 0.620041 0.734014
vt 0.635364 0.776370
vt 0.634205 0.762191
vt 0.599594 0.696965
vt 0.590367 0.689602
vt 0.581446 0.686566
vt 0.572121 0.688594
vt 0.556352 0.699907
vt 0.544022 0.714085
vt 0.531932 0.728499
vt 0.533424 0.728493
vt 0.521802 0.747366
vt 0.516958 0.755312
vt 0.513324 0.769228
vt 0.586568 0.830050
vt 0.518413 0.798848
vt 0.512641 0.780167
vt 0.639389 0.707125
vt 0.617575 0.657401
vt 0.641514 0.728088
vt 0.663837 0.831561
vt 0.665409 0.818139
vt 0.627012 0.699625
vt 0.626028 0.689649
vt 0.649046 0.760862
vt 0.621882 0.669959
vt 0.651072 0.783581
vt 0.575460 0.827796
vt 0.560787 0.823477
vt 0.539803 0.813913
vt 0.689739 0.859788
vt 0.680603 0.856775
vt 0.684816 0.853146
vt 0.694429 0.858855
vt 0.672823 0.850902
vt 0.675737 0.848783
vt 0.682851 0.850580
vt 0.680864 0.846808
vt 0.677917 0.837901
vt 0.673191 0.839892
vt 0.671501 0.829675
vt 0.676435 0.830041
vt 0.672282 0.821236
vt 0.673854 0.816838
vt 0.675812 0.812304
vt 0.682476 0.800603
vt 0.686213 0.802054
vt 0.689112 0.812917
vt 0.695045 0.800585
vt 0.696698 0.812243
vt 0.674865 0.788693
vt 0.677688 0.774070
vt 0.680669 0.769023
vt 0.694999 0.785287
vt 0.700031 0.800101
vt 0.703963 0.813109
vt 0.674487 0.779743
vt 0.672816 0.756572
vt 0.679995 0.758684
vt 0.683425 0.763979
vt 0.694226 0.772157
vt 0.699344 0.774189
vt 0.708352 0.783909
vt 0.707578 0.801257
vt 0.715765 0.791971
vt 0.713678 0.801072
vt 0.718989 0.807269
vt 0.722911 0.801137
vt 0.726410 0.810567
vt 0.719628 0.817892
vt 0.719952 0.820162
vt 0.713214 0.822860
vt 0.726494 0.816187
vt 0.724578 0.820812
vt 0.723503 0.824532
vt 0.712707 0.825833
vt 0.718475 0.827976
vt 0.715994 0.832955
vt 0.710565 0.833321
vt 0.724455 0.823864
vt 0.721817 0.827807
vt 0.713596 0.837864
vt 0.708635 0.837335
vt 0.703296 0.845068
vt 0.705407 0.849608
vt 0.699075 0.849434
vt 0.700551 0.854364
vt 0.884166 0.220714
vt 0.896585 0.243699
vt 0.885751 0.254517
vt 0.892112 0.220083
vt 0.900650 0.218687
vt 0.905192 0.240658
vt 0.900356 0.268528
vt 0.907251 0.267286
vt 0.907500 0.287703
vt 0.900539 0.295658
vt 0.905984 0.303959
vt 0.902395 0.324787
vt 0.910355 0.322512
vt 0.891098 0.272362
vt 0.894765 0.301450
vt 0.881892 0.279878
vt 0.887210 0.287820
vt 0.887946 0.305142
vt 0.889008 0.326112
vt 0.900983 0.345913
vt 0.878743 0.262195
vt 0.873783 0.258512
vt 0.877857 0.300068
vt 0.881138 0.334054
vt 0.886943 0.345192
vt 0.892468 0.350379
vt 0.876033 0.220973
vt 0.909903 0.343812
vt 0.904790 0.388213
vt 0.913647 0.385422
vt 0.914400 0.402523
vt 0.902282 0.403848
vt 0.896545 0.389077
vt 0.893713 0.403892
vt 0.875070 0.383701
vt 0.883800 0.402492
vt 0.872829 0.401338
vt 0.885906 0.386796
vt 0.876194 0.330654
vt 0.868396 0.307789
vt 0.869754 0.342280
vt 0.897515 0.359162
vt 0.866162 0.401425
vt 0.860164 0.401562
vt 0.863735 0.384898
vt 0.861394 0.344329
vt 0.864358 0.323414
vt 0.861576 0.304844
vt 0.864126 0.288801
vt 0.867737 0.220584
vt 0.857592 0.241834
vt 0.861320 0.219657
vt 0.863080 0.245305
vt 0.868026 0.244278
vt 0.867264 0.274509
vt 0.860465 0.268779
vt 0.874722 0.383859
vt 0.863824 0.384605
vt 0.870298 0.342274
vt 0.876270 0.334466
vt 0.868385 0.307767
vt 0.876672 0.294057
vt 0.867264 0.274509
vt 0.873783 0.258512
vt 0.878741 0.262130
vt 0.886562 0.271810
vt 0.885809 0.254645
vt 0.876033 0.220973
vt 0.884145 0.220715
vt 0.868026 0.244278
vt 0.863080 0.245305
vt 0.864126 0.288801
vt 0.864358 0.323414
vt 0.861394 0.344429
vt 0.896608 0.243673
vt 0.900615 0.218695
vt 0.892080 0.220087
vt 0.905177 0.240660
vt 0.897708 0.268265
vt 0.902502 0.268807
vt 0.900535 0.295670
vt 0.893948 0.302204
vt 0.894157 0.326503
vt 0.907251 0.267286
vt 0.905984 0.303959
vt 0.909028 0.344239
vt 0.901754 0.349059
vt 0.897523 0.359504
vt 0.892467 0.350337
vt 0.883906 0.344332
vt 0.883397 0.324858
vt 0.882715 0.304577
vt 0.904829 0.388218
vt 0.896553 0.389078
vt 0.885905 0.386796
vt 0.913637 0.385099
vt 0.914465 0.402512
vt 0.902296 0.403847
vt 0.883799 0.402492
vt 0.887244 0.287824
vt 0.481894 0.698772
vt 0.465495 0.686251
vt 0.483303 0.692490
vt 0.456031 0.689715
vt 0.436494 0.675363
vt 0.421604 0.676556
vt 0.441538 0.688204
vt 0.463321 0.695529
vt 0.413937 0.666224
vt 0.390779 0.663151
vt 0.410587 0.675864
vt 0.426359 0.682116
vt 0.403901 0.735914
vt 0.418309 0.747772
vt 0.455213 0.698741
vt 0.398387 0.659434
vt 0.383488 0.652647
vt 0.368460 0.645737
vt 0.363166 0.650603
vt 0.348079 0.637084
vt 0.326973 0.637225
vt 0.326326 0.631043
vt 0.318322 0.638879
vt 0.326821 0.640199
vt 0.360055 0.652363
vt 0.379681 0.663222
vt 0.315146 0.633613
vt 0.306694 0.649666
vt 0.318638 0.642566
vt 0.324641 0.647846
vt 0.334332 0.676818
vt 0.351782 0.680745
vt 0.284020 0.668595
vt 0.276058 0.690061
vt 0.291530 0.674774
vt 0.310400 0.677298
vt 0.318028 0.714677
vt 0.336745 0.715549
vt 0.362988 0.697273
vt 0.269095 0.688165
vt 0.256466 0.699498
vt 0.260417 0.705009
vt 0.264101 0.705946
vt 0.294259 0.691638
vt 0.299396 0.713664
vt 0.303489 0.758443
vt 0.325866 0.747970
vt 0.250272 0.709653
vt 0.250239 0.712653
vt 0.260091 0.726029
vt 0.278144 0.716736
vt 0.283449 0.751051
vt 0.245143 0.703712
vt 0.235109 0.711511
vt 0.202378 0.714665
vt 0.228787 0.725076
vt 0.244815 0.745995
vt 0.262845 0.769690
vt 0.220881 0.705403
vt 0.193393 0.711534
vt 0.153963 0.709580
vt 0.180763 0.722418
vt 0.202062 0.724592
vt 0.201213 0.764591
vt 0.230439 0.769024
vt 0.187953 0.704488
vt 0.163379 0.701983
vt 0.150860 0.705854
vt 0.134827 0.701178
vt 0.138738 0.720540
vt 0.160109 0.721617
vt 0.169674 0.750324
vt 0.148611 0.698764
vt 0.138471 0.694000
vt 0.126250 0.690109
vt 0.124719 0.693456
vt 0.111035 0.706328
vt 0.101787 0.731862
vt 0.129062 0.751316
vt 0.130437 0.685021
vt 0.108202 0.654002
vt 0.106285 0.656874
vt 0.093980 0.660360
vt 0.066578 0.683687
vt 0.079665 0.714476
vt 0.085705 0.751732
vt 0.113509 0.651469
vt 0.107138 0.653423
vt 0.089323 0.657981
vt 0.063542 0.667106
vt 0.043688 0.691944
vt 0.059616 0.753793
vt 0.063496 0.777834
vt 0.091068 0.774751
vt 0.105495 0.647650
vt 0.077547 0.654278
vt 0.043850 0.668523
vt 0.022854 0.676395
vt 0.028153 0.706632
vt 0.044968 0.775877
vt 0.047121 0.798525
vt 0.072046 0.795948
vt 0.048088 0.661117
vt 0.018735 0.668331
vt 0.019147 0.675452
vt 0.026553 0.713378
vt 0.042083 0.776502
vt 0.043948 0.804266
vt 0.045549 0.828418
vt 0.062298 0.824164
vt 0.019652 0.712503
vt 0.035602 0.776921
vt 0.037362 0.805975
vt 0.035538 0.839982
vt 0.041901 0.844060
vt 0.013369 0.676477
vt 0.035916 0.861408
vt 0.042837 0.864803
vt 0.045008 0.853991
vt 0.068185 0.848406
vt 0.096437 0.831834
vt 0.093589 0.813639
vt 0.038001 0.882577
vt 0.045461 0.890726
vt 0.047488 0.881416
vt 0.063365 0.878572
vt 0.069394 0.863973
vt 0.114355 0.849875
vt 0.038389 0.911349
vt 0.045179 0.910746
vt 0.047807 0.914188
vt 0.072659 0.895361
vt 0.096528 0.882203
vt 0.114775 0.867054
vt 0.041964 0.946730
vt 0.061796 0.941494
vt 0.070891 0.916434
vt 0.112939 0.916002
vt 0.113971 0.899950
vt 0.032408 0.945458
vt 0.066511 0.958376
vt 0.089344 0.945841
vt 0.092491 0.930072
vt 0.131629 0.933418
vt 0.154166 0.917823
vt 0.062292 0.972627
vt 0.104230 0.979142
vt 0.107577 0.964211
vt 0.130708 0.949679
vt 0.175925 0.950177
vt 0.176102 0.933873
vt 0.150463 0.982293
vt 0.152649 0.966815
vt 0.189023 0.974070
vt 0.213484 0.971707
vt 0.223654 0.946292
vt 0.221850 0.930509
vt 0.197476 0.916780
vt 0.237744 0.967827
vt 0.261360 0.962355
vt 0.254098 0.932635
vt 0.239913 0.912348
vt 0.236626 0.897537
vt 0.194696 0.901030
vt 0.154378 0.901630
vt 0.283881 0.955177
vt 0.274861 0.926992
vt 0.265889 0.899162
vt 0.233720 0.882544
vt 0.193139 0.885077
vt 0.163075 0.885501
vt 0.133189 0.884728
vt 0.299624 0.933090
vt 0.291860 0.914103
vt 0.283695 0.894272
vt 0.269390 0.876900
vt 0.265466 0.863315
vt 0.231516 0.866983
vt 0.305037 0.946535
vt 0.324877 0.936811
vt 0.318223 0.923359
vt 0.306414 0.899982
vt 0.294725 0.876706
vt 0.292097 0.852773
vt 0.277678 0.847585
vt 0.247552 0.849803
vt 0.343363 0.925370
vt 0.335735 0.912634
vt 0.321933 0.889946
vt 0.308028 0.867908
vt 0.311018 0.847420
vt 0.300562 0.829767
vt 0.279073 0.833840
vt 0.360736 0.911842
vt 0.352115 0.899878
vt 0.340631 0.883957
vt 0.328123 0.867416
vt 0.339996 0.853856
vt 0.319605 0.834886
vt 0.377062 0.896084
vt 0.358850 0.874913
vt 0.392533 0.878453
vt 0.371407 0.857813
vt 0.356233 0.843304
vt 0.339450 0.828942
vt 0.323853 0.809537
vt 0.307929 0.809417
vt 0.394652 0.849074
vt 0.378660 0.835855
vt 0.370110 0.818831
vt 0.357073 0.810046
vt 0.343505 0.802010
vt 0.407962 0.859987
vt 0.422195 0.840148
vt 0.407391 0.829817
vt 0.392534 0.809597
vt 0.385602 0.784468
vt 0.370822 0.776299
vt 0.356335 0.766816
vt 0.335055 0.777432
vt 0.444782 0.814391
vt 0.430931 0.806592
vt 0.414928 0.801293
vt 0.390040 0.722850
vt 0.470738 0.706537
vt 0.431861 0.761782
vt 0.483718 0.702824
vt 0.479251 0.733340
vt 0.376136 0.711021
vt 0.346476 0.741795
vt 0.314713 0.786661
vt 0.394900 0.669407
vt 0.294875 0.797136
vt 0.289357 0.820031
vt 0.265038 0.816389
vt 0.256287 0.833065
vt 0.278352 0.792792
vt 0.259562 0.797083
vt 0.230144 0.814200
vt 0.229682 0.832959
vt 0.232292 0.794424
vt 0.189916 0.813290
vt 0.190170 0.832868
vt 0.209789 0.851070
vt 0.191812 0.868620
vt 0.190215 0.792747
vt 0.150657 0.792708
vt 0.160935 0.823937
vt 0.181639 0.851388
vt 0.152555 0.868570
vt 0.170148 0.771387
vt 0.130489 0.772271
vt 0.111285 0.793620
vt 0.132090 0.813100
vt 0.132674 0.832305
vt 0.152084 0.851080
vt 0.130469 0.685098
vt 0.126238 0.690091
vt 0.106285 0.656875
vt 0.124702 0.693429
vt 0.100663 0.675518
vt 0.093766 0.659959
vt 0.135662 0.699683
vt 0.134130 0.702426
vt 0.113230 0.722903
vt 0.083905 0.731317
vt 0.068247 0.684592
vt 0.147412 0.705073
vt 0.153482 0.709473
vt 0.138033 0.717685
vt 0.137278 0.741354
vt 0.101992 0.753352
vt 0.172397 0.709748
vt 0.202275 0.714631
vt 0.180761 0.722463
vt 0.160170 0.721136
vt 0.150545 0.766084
vt 0.104433 0.773664
vt 0.190399 0.704633
vt 0.201312 0.711995
vt 0.235177 0.711508
vt 0.250567 0.712602
vt 0.262494 0.707359
vt 0.245137 0.703712
vt 0.256506 0.699471
vt 0.260405 0.705017
vt 0.276372 0.689661
vt 0.280707 0.688987
vt 0.278108 0.716770
vt 0.250272 0.725848
vt 0.275628 0.679599
vt 0.306801 0.649527
vt 0.306567 0.654673
vt 0.309160 0.671561
vt 0.294030 0.692054
vt 0.303296 0.643193
vt 0.319171 0.639955
vt 0.324526 0.647557
vt 0.334953 0.675663
vt 0.305745 0.699696
vt 0.315978 0.632941
vt 0.326972 0.637225
vt 0.326728 0.640173
vt 0.359541 0.652157
vt 0.351991 0.680334
vt 0.336905 0.715119
vt 0.320835 0.707219
vt 0.348079 0.637084
vt 0.363177 0.650607
vt 0.379791 0.662997
vt 0.363861 0.695166
vt 0.348224 0.736684
vt 0.326064 0.747330
vt 0.303990 0.727884
vt 0.379043 0.650603
vt 0.390780 0.663151
vt 0.394863 0.669487
vt 0.357824 0.762424
vt 0.335597 0.775729
vt 0.314677 0.786791
vt 0.302459 0.762852
vt 0.421626 0.676566
vt 0.410601 0.675833
vt 0.390973 0.720332
vt 0.371521 0.774344
vt 0.343550 0.801895
vt 0.323832 0.809593
vt 0.422651 0.669848
vt 0.451677 0.681104
vt 0.451763 0.688168
vt 0.441540 0.688198
vt 0.426356 0.682122
vt 0.404054 0.735461
vt 0.385221 0.785437
vt 0.356866 0.810509
vt 0.456890 0.693963
vt 0.419312 0.745126
vt 0.471195 0.705199
vt 0.434814 0.754044
vt 0.404841 0.799866
vt 0.429963 0.808772
vt 0.394786 0.820944
vt 0.369776 0.819498
vt 0.339924 0.829317
vt 0.383691 0.840009
vt 0.361413 0.848213
vt 0.340380 0.854265
vt 0.320002 0.835194
vt 0.381703 0.867909
vt 0.354426 0.869786
vt 0.328273 0.867610
vt 0.311391 0.847796
vt 0.300218 0.830614
vt 0.300326 0.802849
vt 0.367474 0.884966
vt 0.344820 0.889731
vt 0.315001 0.878899
vt 0.302019 0.858537
vt 0.289931 0.846168
vt 0.329371 0.902028
vt 0.300687 0.888813
vt 0.289393 0.864474
vt 0.263837 0.848788
vt 0.279073 0.833840
vt 0.312825 0.912519
vt 0.294300 0.919991
vt 0.283695 0.894272
vt 0.269389 0.876900
vt 0.265514 0.863307
vt 0.279195 0.940522
vt 0.270262 0.912924
vt 0.263960 0.892928
vt 0.233721 0.882544
vt 0.231517 0.866983
vt 0.239042 0.850242
vt 0.257642 0.947224
vt 0.252375 0.925658
vt 0.239914 0.912347
vt 0.236627 0.897537
vt 0.194696 0.901030
vt 0.193139 0.885077
vt 0.234970 0.952334
vt 0.221980 0.930494
vt 0.197511 0.916778
vt 0.154248 0.917824
vt 0.154414 0.901631
vt 0.201125 0.965067
vt 0.210734 0.948036
vt 0.176255 0.933869
vt 0.131796 0.933426
vt 0.113106 0.916015
vt 0.123387 0.900644
vt 0.152863 0.966818
vt 0.176287 0.950166
vt 0.126572 0.955418
vt 0.092608 0.930087
vt 0.070925 0.916291
vt 0.096261 0.898353
vt 0.087357 0.961743
vt 0.089543 0.945868
vt 0.060248 0.949801
vt 0.047819 0.914085
vt 0.064212 0.884965
vt 0.096529 0.882203
vt 0.041955 0.946772
vt 0.045168 0.910841
vt 0.047429 0.880838
vt 0.068903 0.863942
vt 0.032444 0.945293
vt 0.038371 0.911506
vt 0.037990 0.882465
vt 0.042834 0.864782
vt 0.045000 0.853837
vt 0.041903 0.844001
vt 0.045550 0.828413
vt 0.060683 0.841682
vt 0.096050 0.849147
vt 0.114775 0.867054
vt 0.035540 0.839914
vt 0.043900 0.805577
vt 0.071862 0.814573
vt 0.095811 0.831833
vt 0.131721 0.832289
vt 0.132469 0.850555
vt 0.037370 0.805766
vt 0.042253 0.777380
vt 0.044886 0.775447
vt 0.064281 0.796618
vt 0.089859 0.794634
vt 0.111635 0.813257
vt 0.035915 0.778489
vt 0.023353 0.727875
vt 0.026464 0.713015
vt 0.029284 0.712055
vt 0.066437 0.755132
vt 0.069293 0.777121
vt 0.129594 0.793069
vt 0.150219 0.813093
vt 0.022445 0.676752
vt 0.044638 0.695829
vt 0.019145 0.675444
vt 0.043958 0.668499
vt 0.054137 0.669218
vt 0.018126 0.706137
vt 0.089314 0.657983
vt 0.076680 0.654491
vt 0.048108 0.661113
vt 0.159619 0.792609
vt 0.189754 0.813288
vt 0.161293 0.832723
vt 0.179903 0.761682
vt 0.189489 0.792737
vt 0.232652 0.794449
vt 0.230369 0.814209
vt 0.190465 0.832869
vt 0.170994 0.851333
vt 0.201256 0.763160
vt 0.222483 0.764662
vt 0.243212 0.766924
vt 0.260447 0.790023
vt 0.265039 0.816389
vt 0.202059 0.724004
vt 0.223701 0.724827
vt 0.264043 0.750706
vt 0.283241 0.754842
vt 0.278305 0.793068
vt 0.230155 0.832960
vt 0.209876 0.851069
vt 0.191812 0.868620
vt 0.152554 0.868570
vt 0.133187 0.884728
vt 0.522971 0.778041
vt 0.538780 0.777722
vt 0.532187 0.765740
vt 0.525567 0.770556
vt 0.552039 0.779206
vt 0.549123 0.755255
vt 0.537158 0.760659
vt 0.541842 0.751462
vt 0.549455 0.744845
vt 0.546252 0.741399
vt 0.562978 0.779341
vt 0.564520 0.759380
vt 0.557718 0.751623
vt 0.560244 0.739741
vt 0.552378 0.731700
vt 0.556690 0.725094
vt 0.567661 0.735719
vt 0.565416 0.725138
vt 0.563132 0.719806
vt 0.572581 0.721795
vt 0.576161 0.711194
vt 0.581580 0.717915
vt 0.583874 0.706888
vt 0.565501 0.745446
vt 0.574964 0.740541
vt 0.577866 0.731875
vt 0.573285 0.751753
vt 0.585955 0.745561
vt 0.589211 0.736815
vt 0.589007 0.727448
vt 0.573357 0.762112
vt 0.582457 0.757831
vt 0.605104 0.748494
vt 0.608981 0.739591
vt 0.607248 0.731648
vt 0.573111 0.772018
vt 0.606711 0.756292
vt 0.592728 0.769990
vt 0.607564 0.769119
vt 0.611077 0.758465
vt 0.612794 0.776006
vt 0.604109 0.722349
vt 0.599580 0.712763
vt 0.592953 0.702844
vt 0.141808 0.590830
vt 0.114061 0.595493
vt 0.136429 0.553545
vt 0.162686 0.552227
vt 0.081035 0.605085
vt 0.110044 0.551576
vt 0.131993 0.514240
vt 0.187559 0.543383
vt 0.033473 0.568456
vt 0.082370 0.540936
vt 0.108148 0.513630
vt 0.123277 0.483722
vt 0.151212 0.494573
vt 0.031562 0.512362
vt 0.035901 0.512151
vt 0.080200 0.519542
vt 0.082597 0.476899
vt 0.023476 0.539314
vt 0.037859 0.489626
vt 0.021802 0.588111
vt 0.040188 0.468239
vt 0.082239 0.451643
vt 0.127275 0.464472
vt 0.152600 0.463166
vt 0.045198 0.442778
vt 0.053984 0.415468
vt 0.091856 0.427116
vt 0.132319 0.417043
vt 0.150364 0.428883
vt 0.064944 0.382650
vt 0.057020 0.379490
vt 0.066339 0.388527
vt 0.089241 0.396570
vt 0.110972 0.406436
vt 0.116394 0.403983
vt 0.065373 0.375590
vt 0.106552 0.391556
vt 0.151319 0.415238
vt 0.165628 0.438729
vt 0.181631 0.454887
vt 0.166680 0.474935
vt 0.190711 0.447082
vt 0.202427 0.475358
vt 0.216381 0.483291
vt 0.234258 0.523692
vt 0.214123 0.501330
vt 0.200803 0.481587
vt 0.177470 0.494950
vt 0.188781 0.514858
vt 0.230533 0.527403
vt 0.264597 0.546218
vt 0.236049 0.542448
vt 0.276316 0.562570
vt 0.245229 0.488014
vt 0.242922 0.484233
vt 0.248489 0.475769
vt 0.254921 0.486374
vt 0.269478 0.471559
vt 0.266619 0.464066
vt 0.279146 0.456762
vt 0.283787 0.466830
vt 0.291964 0.458738
vt 0.290442 0.454899
vt 0.252703 0.499670
vt 0.264535 0.501330
vt 0.268721 0.486759
vt 0.277986 0.480047
vt 0.290458 0.481398
vt 0.295976 0.469095
vt 0.263643 0.514380
vt 0.275905 0.515755
vt 0.285639 0.500269
vt 0.281107 0.493306
vt 0.297814 0.495152
vt 0.301782 0.483226
vt 0.275671 0.527007
vt 0.289052 0.527803
vt 0.290331 0.506981
vt 0.290539 0.538037
vt 0.302351 0.535917
vt 0.302648 0.516810
vt 0.296080 0.512439
vt 0.306761 0.499293
vt 0.317923 0.490775
vt 0.309634 0.479137
vt 0.330752 0.555239
vt 0.335322 0.548310
vt 0.327460 0.535247
vt 0.319367 0.525746
vt 0.309106 0.521433
vt 0.312612 0.510347
vt 0.317821 0.502222
vt 0.359861 0.562680
vt 0.356076 0.541746
vt 0.341864 0.539060
vt 0.337309 0.522203
vt 0.326096 0.515221
vt 0.329152 0.507333
vt 0.331238 0.499696
vt 0.374721 0.547121
vt 0.370554 0.532181
vt 0.349144 0.529432
vt 0.351972 0.519480
vt 0.341443 0.508864
vt 0.372796 0.568536
vt 0.386419 0.548452
vt 0.393845 0.534242
vt 0.372941 0.521523
vt 0.397341 0.563060
vt 0.403894 0.546187
vt 0.416151 0.535585
vt 0.395329 0.523450
vt 0.375246 0.511554
vt 0.354536 0.510006
vt 0.377240 0.581364
vt 0.405423 0.580425
vt 0.408877 0.563323
vt 0.419980 0.562880
vt 0.427182 0.542467
vt 0.426190 0.526028
vt 0.415885 0.518417
vt 0.406531 0.591016
vt 0.421112 0.584820
vt 0.379247 0.593197
vt 0.389425 0.605844
vt 0.407902 0.601052
vt 0.423163 0.602844
vt 0.433721 0.601370
vt 0.431786 0.583313
vt 0.430554 0.562068
vt 0.380742 0.606624
vt 0.393775 0.628388
vt 0.409755 0.611841
vt 0.413841 0.623896
vt 0.432166 0.627085
vt 0.443995 0.601186
vt 0.441869 0.581563
vt 0.385771 0.630709
vt 0.389063 0.639329
vt 0.395739 0.639259
vt 0.416199 0.634222
vt 0.430343 0.637163
vt 0.445591 0.652769
vt 0.456446 0.632668
vt 0.453433 0.599079
vt 0.451276 0.579538
vt 0.440472 0.560816
vt 0.438278 0.654110
vt 0.442467 0.664592
vt 0.448689 0.666353
vt 0.460842 0.649727
vt 0.472019 0.645810
vt 0.462364 0.596796
vt 0.460133 0.577386
vt 0.449636 0.559151
vt 0.444812 0.544926
vt 0.464675 0.663531
vt 0.479400 0.660657
vt 0.480001 0.643028
vt 0.470650 0.592567
vt 0.468611 0.575181
vt 0.458156 0.557162
vt 0.492277 0.643795
vt 0.489254 0.626347
vt 0.478383 0.585244
vt 0.475498 0.562699
vt 0.466169 0.554775
vt 0.495086 0.657799
vt 0.507811 0.641180
vt 0.505221 0.623040
vt 0.487415 0.588834
vt 0.484880 0.570434
vt 0.481219 0.549168
vt 0.471756 0.541776
vt 0.510343 0.655254
vt 0.523100 0.638863
vt 0.521023 0.620535
vt 0.516201 0.582271
vt 0.504013 0.584676
vt 0.495680 0.586656
vt 0.492884 0.568024
vt 0.525316 0.653005
vt 0.532658 0.651983
vt 0.530779 0.637812
vt 0.528949 0.619474
vt 0.529570 0.580112
vt 0.522668 0.565913
vt 0.509094 0.563236
vt 0.500929 0.565616
vt 0.518040 0.547336
vt 0.502945 0.539158
vt 0.495648 0.542653
vt 0.488467 0.546015
vt 0.480819 0.532191
vt 0.511882 0.528942
vt 0.493676 0.524713
vt 0.506636 0.516939
vt 0.494339 0.510421
vt 0.486187 0.516393
vt 0.477396 0.522523
vt 0.468062 0.521227
vt 0.460633 0.526967
vt 0.463809 0.540279
vt 0.500585 0.505917
vt 0.488635 0.500755
vt 0.478831 0.509299
vt 0.468817 0.506181
vt 0.459213 0.514649
vt 0.452680 0.522166
vt 0.455730 0.538093
vt 0.490562 0.499101
vt 0.487471 0.487161
vt 0.478211 0.496777
vt 0.467667 0.494795
vt 0.459020 0.504727
vt 0.450255 0.510149
vt 0.446237 0.516031
vt 0.447111 0.530475
vt 0.473954 0.487315
vt 0.461183 0.488776
vt 0.453330 0.499563
vt 0.445997 0.496220
vt 0.437929 0.503575
vt 0.436168 0.510363
vt 0.480354 0.479444
vt 0.472616 0.472614
vt 0.463483 0.479126
vt 0.452964 0.484609
vt 0.444001 0.480575
vt 0.435113 0.488263
vt 0.432416 0.494637
vt 0.420846 0.499342
vt 0.463876 0.466427
vt 0.450312 0.467973
vt 0.439639 0.463000
vt 0.433989 0.477046
vt 0.423097 0.473850
vt 0.414670 0.483179
vt 0.412514 0.490283
vt 0.453868 0.460694
vt 0.442679 0.455398
vt 0.430417 0.450784
vt 0.424068 0.456100
vt 0.417426 0.446925
vt 0.402544 0.452343
vt 0.413499 0.463096
vt 0.405698 0.473750
vt 0.392463 0.479618
vt 0.390595 0.487189
vt 0.404774 0.500562
vt 0.404059 0.443934
vt 0.383567 0.445594
vt 0.393703 0.461271
vt 0.380988 0.474430
vt 0.369309 0.485327
vt 0.389213 0.494955
vt 0.383058 0.437100
vt 0.358345 0.444566
vt 0.364616 0.456864
vt 0.376443 0.457530
vt 0.369945 0.469485
vt 0.358683 0.476942
vt 0.357017 0.436430
vt 0.340769 0.440711
vt 0.335119 0.446206
vt 0.342556 0.457318
vt 0.353311 0.456823
vt 0.348310 0.468935
vt 0.329800 0.442755
vt 0.314812 0.450210
vt 0.322744 0.459942
vt 0.332356 0.458327
vt 0.337796 0.474756
vt 0.319507 0.445292
vt 0.309520 0.447128
vt 0.300066 0.450745
vt 0.313427 0.461381
vt 0.325196 0.470807
vt 0.330205 0.482623
vt 0.349104 0.484598
vt 0.304750 0.464961
vt 0.317498 0.475756
vt 0.332266 0.492280
vt 0.347344 0.500585
vt 0.348837 0.492461
vt 0.367821 0.493256
vt 0.366458 0.501647
vt 0.387743 0.503246
vt 0.397033 0.513459
vt 0.418610 0.507002
vt 0.435330 0.518048
vt 0.439267 0.530792
vt 0.559255 0.588936
vt 0.276272 0.173020
vt 0.275092 0.188874
vt 0.262998 0.168045
vt 0.256361 0.163422
vt 0.247527 0.165412
vt 0.287609 0.202912
vt 0.285818 0.219096
vt 0.282157 0.219305
vt 0.271322 0.189037
vt 0.267809 0.192184
vt 0.259103 0.194150
vt 0.297585 0.234336
vt 0.294715 0.251144
vt 0.289307 0.243476
vt 0.278582 0.222605
vt 0.300233 0.285827
vt 0.294369 0.267551
vt 0.287186 0.253656
vt 0.272716 0.246701
vt 0.269585 0.223455
vt 0.307671 0.305078
vt 0.300164 0.314652
vt 0.297808 0.295603
vt 0.292667 0.286849
vt 0.276584 0.262407
vt 0.308443 0.332868
vt 0.296501 0.335334
vt 0.293268 0.312788
vt 0.365681 0.287085
vt 0.369779 0.314612
vt 0.351632 0.346107
vt 0.313514 0.357504
vt 0.304223 0.355562
vt 0.404290 0.278229
vt 0.408594 0.353825
vt 0.346137 0.377068
vt 0.402520 0.249473
vt 0.422477 0.240434
vt 0.425603 0.294429
vt 0.406456 0.375664
vt 0.371256 0.376107
vt 0.370477 0.388833
vt 0.323610 0.387140
vt 0.314735 0.384955
vt 0.374638 0.394483
vt 0.339620 0.395686
vt 0.408269 0.399639
vt 0.373999 0.397930
vt 0.361005 0.401038
vt 0.332925 0.399633
vt 0.441444 0.407020
vt 0.424576 0.403191
vt 0.375511 0.408889
vt 0.480188 0.432839
vt 0.439446 0.410585
vt 0.483070 0.427640
vt 0.510213 0.456622
vt 0.478647 0.436653
vt 0.436305 0.419788
vt 0.433202 0.426093
vt 0.515288 0.453490
vt 0.524991 0.472274
vt 0.521902 0.474685
vt 0.475368 0.446310
vt 0.469632 0.450889
vt 0.535550 0.484030
vt 0.525953 0.489061
vt 0.516057 0.489675
vt 0.544831 0.493762
vt 0.555555 0.512330
vt 0.551091 0.529279
vt 0.532396 0.511202
vt 0.559196 0.510576
vt 0.572000 0.540042
vt 0.567828 0.540213
vt 0.553809 0.561274
vt 0.544507 0.534595
vt 0.577481 0.537539
vt 0.580294 0.570213
vt 0.576523 0.569636
vt 0.372731 0.417546
vt 0.328759 0.417739
vt 0.318863 0.395881
vt 0.312135 0.387813
vt 0.305900 0.373114
vt 0.299250 0.356349
vt 0.283801 0.373407
vt 0.237276 0.336405
vt 0.238846 0.329211
vt 0.234844 0.314320
vt 0.249832 0.318724
vt 0.265830 0.325489
vt 0.283830 0.324331
vt 0.207949 0.300692
vt 0.218002 0.294814
vt 0.222229 0.280237
vt 0.240703 0.310161
vt 0.253411 0.314267
vt 0.266871 0.318859
vt 0.202024 0.282332
vt 0.210665 0.269978
vt 0.208302 0.234724
vt 0.228922 0.272487
vt 0.237686 0.292072
vt 0.245820 0.288556
vt 0.265456 0.287456
vt 0.196227 0.261754
vt 0.202878 0.243733
vt 0.193949 0.218713
vt 0.219117 0.239200
vt 0.188212 0.236477
vt 0.178899 0.212879
vt 0.183240 0.195181
vt 0.209318 0.181348
vt 0.228246 0.172788
vt 0.220747 0.207565
vt 0.206599 0.197070
vt 0.239844 0.200525
vt 0.230414 0.234316
vt 0.216910 0.222824
vt 0.249985 0.228599
vt 0.238509 0.260863
vt 0.225673 0.249353
vt 0.231897 0.270998
vt 0.284297 0.286634
vt 0.285271 0.311776
vt 0.984272 0.596152
vt 0.982904 0.567162
vt 0.981887 0.526325
vt 0.986102 0.627590
vt 0.988526 0.658069
vt 0.981862 0.489142
vt 0.982071 0.456644
vt 0.982306 0.427845
vt 0.982484 0.374513
vt 0.982532 0.401281
vt 0.939108 0.375346
vt 0.938878 0.402468
vt 0.938536 0.429163
vt 0.938113 0.457761
vt 0.937559 0.501660
vt 0.938156 0.539389
vt 0.937760 0.557579
vt 0.939964 0.595258
vt 0.941616 0.626713
vt 0.941804 0.657267
vt 0.272191 0.113829
vt 0.272316 0.104963
vt 0.272257 0.096242
vt 0.272234 0.086801
vt 0.272384 0.076078
vt 0.262608 0.071655
vt 0.272859 0.063884
vt 0.263754 0.052779
vt 0.273962 0.050104
vt 0.275445 0.040598
vt 0.277086 0.030513
vt 0.278379 0.021045
vt 0.269356 0.013229
vt 0.279249 0.013875
vt 0.839552 0.723300
vt 0.801627 0.755165
vt 0.811839 0.752416
vt 0.777780 0.786369
vt 0.752819 0.802108
vt 0.764475 0.804407
vt 0.756525 0.815982
vt 0.735913 0.829275
vt 0.732090 0.818867
vt 0.752060 0.790960
vt 0.810323 0.787950
vt 0.804499 0.811346
vt 0.777890 0.817165
vt 0.788851 0.830138
vt 0.779674 0.839694
vt 0.749340 0.829300
vt 0.866290 0.768571
vt 0.854080 0.779740
vt 0.857048 0.800363
vt 0.812154 0.821814
vt 0.951666 0.756314
vt 0.935591 0.773041
vt 0.927076 0.782239
vt 0.897575 0.800200
vt 0.860312 0.812505
vt 0.856460 0.723154
vt 0.968687 0.740396
vt 0.976281 0.754835
vt 0.949601 0.778401
vt 0.938307 0.787556
vt 0.879659 0.710270
vt 0.975529 0.733340
vt 0.983047 0.748580
vt 0.979919 0.884102
vt 0.968871 0.920375
vt 0.956838 0.797775
vt 0.879825 0.705737
vt 0.979636 0.730761
vt 0.983818 0.888555
vt 0.974420 0.923417
vt 0.962198 0.944932
vt 0.953796 0.938082
vt 0.962471 0.914810
vt 0.954728 0.829654
vt 0.946187 0.799023
vt 0.947727 0.958733
vt 0.938125 0.949718
vt 0.941166 0.910508
vt 0.950068 0.876139
vt 0.934676 0.828747
vt 0.932067 0.809471
vt 0.925485 0.970832
vt 0.918751 0.960235
vt 0.926708 0.937076
vt 0.924605 0.916277
vt 0.937373 0.873176
vt 0.919846 0.834905
vt 0.871444 0.971075
vt 0.914131 0.917775
vt 0.816713 0.972198
vt 0.869918 0.959011
vt 0.882539 0.944919
vt 0.901054 0.924386
vt 0.894213 0.910159
vt 0.912532 0.904532
vt 0.787088 0.965545
vt 0.798842 0.955702
vt 0.838564 0.948142
vt 0.866672 0.932417
vt 0.780572 0.976601
vt 0.768081 0.956975
vt 0.780367 0.945158
vt 0.801867 0.943317
vt 0.814939 0.931334
vt 0.853837 0.916809
vt 0.758622 0.966437
vt 0.756010 0.947609
vt 0.766854 0.939836
vt 0.791741 0.926592
vt 0.744623 0.955038
vt 0.746879 0.932765
vt 0.783059 0.916189
vt 0.782922 0.890745
vt 0.794835 0.889597
vt 0.813435 0.897255
vt 0.733968 0.938490
vt 0.725799 0.913185
vt 0.739753 0.909702
vt 0.751509 0.896083
vt 0.767121 0.892488
vt 0.778005 0.854788
vt 0.813432 0.873637
vt 0.734254 0.879175
vt 0.751217 0.851417
vt 0.798772 0.838765
vt 0.839720 0.846406
vt 0.862361 0.867629
vt 0.722949 0.856474
vt 0.736715 0.849136
vt 0.837399 0.828935
vt 0.889403 0.839552
vt 0.892076 0.889809
vt 0.889012 0.823288
vt 0.909033 0.822644
vt 0.909246 0.837280
vt 0.912913 0.877655
vt 0.900752 0.813218
vt 0.915373 0.811288
vt 0.924405 0.872957
vt 0.887243 0.106596
vt 0.762170 0.109099
vt 0.348644 0.631148
vt 0.351553 0.627583
vt 0.351941 0.623368
vt 0.346387 0.618506
vt 0.350194 0.615876
vt 0.347503 0.613664
vt 0.345016 0.617029
vt 0.353423 0.623925
vt 0.355364 0.618726
vt 0.351039 0.610800
vt 0.348787 0.609707
vt 0.341892 0.609879
vt 0.340699 0.611451
vt 0.337756 0.614876
vt 0.333001 0.612696
vt 0.337677 0.607164
vt 0.327505 0.605308
vt 0.326067 0.610710
vt 0.321862 0.607603
vt 0.340212 0.604104
vt 0.336487 0.601626
vt 0.333517 0.603926
vt 0.331312 0.601231
vt 0.326170 0.603051
vt 0.320959 0.606632
vt 0.343722 0.606430
vt 0.345525 0.603361
vt 0.339651 0.598301
vt 0.334001 0.598771
vt 0.331457 0.596035
vt 0.328619 0.598114
vt 0.351881 0.607616
vt 0.351690 0.602853
vt 0.347802 0.597694
vt 0.344518 0.596839
vt 0.344237 0.594388
vt 0.339837 0.591520
vt 0.354457 0.597134
vt 0.351400 0.595880
vt 0.346853 0.594560
vt 0.349926 0.592532
vt 0.358145 0.596591
vt 0.351576 0.589355
vt 0.349712 0.589869
vt 0.345125 0.592294
vt 0.356221 0.584608
vt 0.350591 0.586734
vt 0.348893 0.588003
vt 0.344142 0.591063
vt 0.354085 0.578125
vt 0.350235 0.580663
vt 0.347289 0.584517
vt 0.342817 0.588570
vt 0.347798 0.575040
vt 0.345222 0.581007
vt 0.341314 0.585528
vt 0.335764 0.587112
vt 0.351111 0.572603
vt 0.344147 0.570180
vt 0.342407 0.573375
vt 0.340805 0.575762
vt 0.340502 0.579424
vt 0.338589 0.583936
vt 0.336194 0.585559
vt 0.335883 0.581265
vt 0.346455 0.567228
vt 0.340986 0.566596
vt 0.338521 0.567151
vt 0.336225 0.573293
vt 0.335099 0.577055
vt 0.343415 0.564719
vt 0.341093 0.563019
vt 0.339287 0.563954
vt 0.336721 0.563066
vt 0.334841 0.566954
vt 0.333805 0.573096
vt 0.331598 0.575806
vt 0.334050 0.579834
vt 0.333658 0.562690
vt 0.332363 0.567296
vt 0.329913 0.568460
vt 0.331205 0.573245
vt 0.327306 0.575843
vt 0.329946 0.581233
vt 0.328374 0.563270
vt 0.325192 0.568849
vt 0.325162 0.571713
vt 0.319165 0.578762
vt 0.320784 0.581448
vt 0.323805 0.583465
vt 0.331878 0.590344
vt 0.323851 0.564229
vt 0.317389 0.567215
vt 0.319731 0.571648
vt 0.315586 0.576000
vt 0.312397 0.580831
vt 0.314564 0.583255
vt 0.318140 0.583841
vt 0.327005 0.594873
vt 0.311990 0.570214
vt 0.307634 0.574768
vt 0.304452 0.579317
vt 0.309443 0.584385
vt 0.310252 0.587892
vt 0.315197 0.586588
vt 0.321879 0.596462
vt 0.324301 0.599723
vt 0.301439 0.583853
vt 0.307792 0.587575
vt 0.306455 0.590580
vt 0.308766 0.593414
vt 0.310966 0.589314
vt 0.315091 0.594104
vt 0.297663 0.593328
vt 0.304469 0.593484
vt 0.305385 0.594538
vt 0.305065 0.598733
vt 0.302235 0.599942
vt 0.305754 0.602481
vt 0.319737 0.600715
vt 0.296972 0.601016
vt 0.303398 0.608415
vt 0.305361 0.606119
vt 0.314994 0.604726
vt 0.319866 0.605421
vt 0.298112 0.609553
vt 0.298956 0.612230
vt 0.303671 0.611945
vt 0.306534 0.611141
vt 0.305807 0.608551
vt 0.315288 0.606975
vt 0.301210 0.613665
vt 0.304028 0.614185
vt 0.307926 0.614692
vt 0.399401 0.585401
vt 0.393044 0.583579
vt 0.342029 0.592923
vt 0.338466 0.597603
vt 0.338838 0.591520
vt 0.338764 0.584038
vt 0.346246 0.582863
vt 0.347657 0.585795
vt 0.343682 0.600299
vt 0.336816 0.601946
vt 0.334441 0.599349
vt 0.333695 0.592205
vt 0.335892 0.587172
vt 0.349750 0.596203
vt 0.351594 0.602822
vt 0.344005 0.605791
vt 0.337516 0.607286
vt 0.333317 0.603716
vt 0.352422 0.596317
vt 0.354478 0.597261
vt 0.355728 0.604318
vt 0.351222 0.607250
vt 0.348769 0.609699
vt 0.351447 0.589457
vt 0.350696 0.586399
vt 0.347796 0.575046
vt 0.344147 0.570180
vt 0.345156 0.580896
vt 0.344059 0.574414
vt 0.338690 0.567579
vt 0.336185 0.577417
vt 0.334909 0.567246
vt 0.335052 0.562799
vt 0.333653 0.579534
vt 0.333941 0.576669
vt 0.330901 0.573238
vt 0.330080 0.562991
vt 0.332470 0.567688
vt 0.329968 0.568638
vt 0.325541 0.570027
vt 0.327316 0.575801
vt 0.320857 0.572444
vt 0.314053 0.575530
vt 0.307419 0.575001
vt 0.311310 0.581487
vt 0.329716 0.580712
vt 0.323767 0.583373
vt 0.321275 0.581115
vt 0.318622 0.579272
vt 0.332597 0.585619
vt 0.327073 0.594641
vt 0.316635 0.585181
vt 0.349761 0.615544
vt 0.347185 0.613377
vt 0.346819 0.618443
vt 0.327512 0.605319
vt 0.322396 0.608177
vt 0.331501 0.595976
vt 0.315411 0.608067
vt 0.315244 0.606578
vt 0.306683 0.611113
vt 0.305529 0.608737
vt 0.305361 0.606119
vt 0.304774 0.614309
vt 0.303570 0.609495
vt 0.302770 0.604872
vt 0.305322 0.602526
vt 0.314705 0.601399
vt 0.300962 0.613499
vt 0.298861 0.612174
vt 0.298141 0.609837
vt 0.297138 0.604056
vt 0.297033 0.597062
vt 0.302568 0.595798
vt 0.305171 0.598723
vt 0.317531 0.597083
vt 0.322179 0.596491
vt 0.298229 0.591444
vt 0.305793 0.593218
vt 0.308771 0.593387
vt 0.315009 0.593062
vt 0.316268 0.589998
vt 0.306373 0.590570
vt 0.309287 0.588511
vt 0.310910 0.589388
vt 0.312023 0.585804
vt 0.301460 0.583866
vt 0.309626 0.584562
vt 0.316185 0.577205
vt 0.392995 0.583564
vt 0.788271 0.308305
vt 0.782866 0.307601
vt 0.764842 0.301759
vt 0.744232 0.295475
vt 0.798723 0.327725
vt 0.794418 0.328722
vt 0.769886 0.318137
vt 0.731522 0.308757
vt 0.714641 0.286319
vt 0.690164 0.283188
vt 0.803295 0.326109
vt 0.809433 0.350274
vt 0.804394 0.351085
vt 0.800363 0.354156
vt 0.776860 0.344839
vt 0.776470 0.332156
vt 0.781381 0.358207
vt 0.765081 0.358216
vt 0.776715 0.381551
vt 0.738878 0.381670
vt 0.739992 0.361555
vt 0.771893 0.410186
vt 0.745187 0.426138
vt 0.729666 0.420380
vt 0.723202 0.362026
vt 0.791785 0.476001
vt 0.785843 0.476645
vt 0.783599 0.471153
vt 0.770456 0.444726
vt 0.758476 0.437451
vt 0.732474 0.456061
vt 0.719930 0.433158
vt 0.768724 0.493030
vt 0.748462 0.467260
vt 0.730320 0.489859
vt 0.719501 0.483881
vt 0.716770 0.457644
vt 0.754713 0.514013
vt 0.727302 0.541758
vt 0.715325 0.504450
vt 0.696967 0.500986
vt 0.687385 0.483165
vt 0.711512 0.479787
vt 0.705514 0.520534
vt 0.698255 0.518318
vt 0.680314 0.526834
vt 0.664303 0.483118
vt 0.692075 0.564256
vt 0.682681 0.542140
vt 0.663134 0.535893
vt 0.647180 0.490171
vt 0.733753 0.548712
vt 0.709541 0.565908
vt 0.677763 0.580575
vt 0.646726 0.577911
vt 0.640089 0.554518
vt 0.648272 0.587380
vt 0.645023 0.582968
vt 0.625487 0.573781
vt 0.622465 0.557134
vt 0.633288 0.541978
vt 0.634562 0.587918
vt 0.635107 0.582971
vt 0.613883 0.561783
vt 0.602484 0.547034
vt 0.620618 0.581520
vt 0.605323 0.566097
vt 0.603538 0.555848
vt 0.572165 0.480316
vt 0.601332 0.469766
vt 0.617932 0.497804
vt 0.557266 0.460946
vt 0.557221 0.473345
vt 0.526753 0.425517
vt 0.684974 0.452238
vt 0.655796 0.419383
vt 0.698302 0.390337
vt 0.705951 0.352995
vt 0.636858 0.442499
vt 0.656655 0.383350
vt 0.668758 0.365484
vt 0.619004 0.443375
vt 0.624927 0.394350
vt 0.636533 0.354719
vt 0.687901 0.331048
vt 0.601750 0.438922
vt 0.603620 0.411561
vt 0.610615 0.389437
vt 0.637641 0.523618
vt 0.568420 0.414472
vt 0.591254 0.405999
vt 0.612182 0.370136
vt 0.560894 0.457924
vt 0.556696 0.427752
vt 0.538201 0.404256
vt 0.552614 0.382328
vt 0.584061 0.374833
vt 0.522530 0.381067
vt 0.567128 0.364075
vt 0.581537 0.349363
vt 0.493409 0.409749
vt 0.489650 0.402940
vt 0.508247 0.374268
vt 0.549242 0.351316
vt 0.461824 0.370715
vt 0.498395 0.341039
vt 0.549840 0.325378
vt 0.538406 0.311575
vt 0.570873 0.313221
vt 0.583185 0.324022
vt 0.606934 0.309145
vt 0.603008 0.327718
vt 0.625899 0.328045
vt 0.634542 0.284113
vt 0.635702 0.295057
vt 0.636832 0.305156
vt 0.648959 0.305274
vt 0.661572 0.308558
vt 0.684353 0.308377
vt 0.703227 0.327455
vt 0.506324 0.434947
vt 0.596361 0.029692
vt 0.583470 0.110557
vt 0.589974 0.030799
vt 0.588630 0.112193
vt 0.597221 0.033727
vt 0.586605 0.148966
vt 0.594049 0.146390
vt 0.592785 0.118819
vt 0.604901 0.178023
vt 0.619832 0.166321
vt 0.630490 0.137879
vt 0.625465 0.119169
vt 0.601076 0.097477
vt 0.598991 0.182211
vt 0.622294 0.203548
vt 0.656000 0.184984
vt 0.647935 0.155773
vt 0.642877 0.148213
vt 0.635028 0.140161
vt 0.629942 0.130224
vt 0.617975 0.209144
vt 0.641067 0.225786
vt 0.643456 0.219116
vt 0.666411 0.231666
vt 0.666404 0.224330
vt 0.689461 0.219891
vt 0.691722 0.225999
vt 0.710905 0.204651
vt 0.714839 0.209722
vt 0.734239 0.183315
vt 0.728615 0.179019
vt 0.705481 0.174007
vt 0.686973 0.183475
vt 0.747214 0.150376
vt 0.740379 0.147983
vt 0.720403 0.159839
vt 0.703444 0.138624
vt 0.685681 0.156118
vt 0.666765 0.161100
vt 0.745811 0.114421
vt 0.741648 0.120605
vt 0.708807 0.119898
vt 0.751005 0.112427
vt 0.739951 0.031396
vt 0.738905 0.035396
vt 0.733577 0.098856
vt 0.746274 0.032656
vt 0.628171 0.119126
vt 0.629904 0.107948
vt 0.630423 0.100276
vt 0.612227 0.079642
vt 0.634982 0.097766
vt 0.642985 0.089885
vt 0.648216 0.082384
vt 0.627228 0.063826
vt 0.657457 0.053158
vt 0.684565 0.032373
vt 0.653650 0.084814
vt 0.667617 0.077241
vt 0.667569 0.083152
vt 0.681424 0.085052
vt 0.686913 0.082789
vt 0.689216 0.055109
vt 0.708409 0.064156
vt 0.739904 0.027162
vt 0.596536 0.025445
vt 0.691946 0.090436
vt 0.704289 0.101095
vt 0.722853 0.080878
vt 0.699771 0.098594
vt 0.704633 0.108707
vt 0.706101 0.119732
vt 0.704120 0.130947
vt 0.698883 0.140901
vt 0.690896 0.148701
vt 0.680392 0.153604
vt 0.666809 0.155252
vt 0.653267 0.153385
vt 0.739933 0.031395
vt 0.750959 0.109563
vt 0.745808 0.113843
vt 0.739022 0.035665
vt 0.739799 0.147657
vt 0.741663 0.120113
vt 0.733576 0.098857
vt 0.716010 0.073640
vt 0.680305 0.053525
vt 0.683486 0.032256
vt 0.728391 0.178949
vt 0.713689 0.167132
vt 0.703439 0.138627
vt 0.708807 0.119898
vt 0.704290 0.101097
vt 0.686913 0.082789
vt 0.710660 0.204148
vt 0.677124 0.185150
vt 0.685684 0.156117
vt 0.689358 0.219353
vt 0.666404 0.224298
vt 0.643452 0.219124
vt 0.622294 0.203550
vt 0.604919 0.177964
vt 0.637344 0.178988
vt 0.594073 0.146376
vt 0.612985 0.159539
vt 0.666765 0.161103
vt 0.588628 0.112293
vt 0.592523 0.117909
vt 0.625464 0.119169
vt 0.630491 0.137880
vt 0.583460 0.110831
vt 0.596403 0.029690
vt 0.630413 0.100291
vt 0.648221 0.082384
vt 0.667617 0.077238
vt 0.602190 0.098429
vt 0.619704 0.072113
vt 0.646115 0.054414
vt 0.597366 0.033646
vt 0.596469 0.025450
vt 0.740177 0.027183
vt 0.441086 0.291386
vt 0.445026 0.285920
vt 0.483022 0.298995
vt 0.464851 0.282007
vt 0.446515 0.284130
vt 0.536426 0.225953
vt 0.543349 0.224175
vt 0.247509 0.010386
vt 0.248489 0.064514
vt 0.248713 0.093010
vt 0.248408 0.133322
vt 0.700032 0.695044
vt 0.694163 0.682736
vt 0.711329 0.677861
vt 0.718674 0.687564
vt 0.709719 0.705231
vt 0.728421 0.693960
vt 0.722135 0.712025
vt 0.735986 0.714628
vt 0.739895 0.695224
vt 0.749719 0.712899
vt 0.726568 0.671108
vt 0.728536 0.676720
vt 0.725148 0.667757
vt 0.729332 0.675690
vt 0.726553 0.665813
vt 0.735797 0.679174
vt 0.743054 0.678406
vt 0.735533 0.680444
vt 0.744639 0.678781
vt 0.748212 0.673831
vt 0.749604 0.667131
vt 0.746828 0.660940
vt 0.734910 0.683383
vt 0.746418 0.682699
vt 0.752140 0.676047
vt 0.750724 0.671158
vt 0.754061 0.666014
vt 0.748577 0.661484
vt 0.725076 0.678441
vt 0.729826 0.683144
vt 0.740068 0.685088
vt 0.753642 0.676476
vt 0.720652 0.671262
vt 0.722085 0.664336
vt 0.729244 0.659127
vt 0.727520 0.656626
vt 0.722291 0.660352
vt 0.731423 0.659400
vt 0.738516 0.656146
vt 0.736134 0.653001
vt 0.731047 0.652829
vt 0.740311 0.657383
vt 0.741712 0.651773
vt 0.751353 0.657007
vt 0.755660 0.666498
vt 0.747230 0.655930
vt 0.029052 0.063162
vt 0.024451 0.096172
vt 0.035974 0.118238
vt 0.028465 0.140366
vt 0.045383 0.150657
vt 0.036393 0.160182
vt 0.054761 0.165905
vt 0.023204 0.088856
vt 0.024002 0.122326
vt 0.015748 0.135934
vt 0.026061 0.165665
vt 0.045679 0.174930
vt 0.012603 0.093687
vt 0.024407 0.045719
vt 0.035006 0.049076
vt 0.036482 0.029885
vt 0.043938 0.038318
vt 0.056694 0.029413
vt 0.051654 0.019282
vt 0.070783 0.023659
vt 0.073852 0.011491
vt 0.083471 0.020593
vt 0.104369 0.008974
vt 0.101942 0.019574
vt 0.131264 0.022446
vt 0.136323 0.011913
vt 0.173916 0.033617
vt 0.178241 0.023960
vt 0.208752 0.043995
vt 0.174722 0.035513
vt 0.201879 0.051536
vt 0.219643 0.059692
vt 0.079947 0.032911
vt 0.105687 0.032572
vt 0.129917 0.038160
vt 0.165601 0.047371
vt 0.167275 0.044635
vt 0.064329 0.039171
vt 0.080869 0.034173
vt 0.104061 0.035696
vt 0.104585 0.039890
vt 0.129856 0.042284
vt 0.053018 0.047030
vt 0.055555 0.049778
vt 0.066057 0.042487
vt 0.080349 0.037407
vt 0.037794 0.182267
vt 0.053165 0.194922
vt 0.058894 0.185238
vt 0.071565 0.201940
vt 0.074782 0.191816
vt 0.075382 0.190464
vt 0.065803 0.174855
vt 0.094166 0.202774
vt 0.093798 0.192086
vt 0.093957 0.190601
vt 0.078454 0.180429
vt 0.079116 0.179140
vt 0.067742 0.171718
vt 0.131628 0.191388
vt 0.129318 0.180735
vt 0.127314 0.180024
vt 0.096264 0.180695
vt 0.095134 0.179455
vt 0.080440 0.176314
vt 0.156526 0.178038
vt 0.151546 0.168280
vt 0.127402 0.170447
vt 0.125686 0.169489
vt 0.095413 0.176279
vt 0.080341 0.173050
vt 0.177728 0.145685
vt 0.188234 0.150820
vt 0.191149 0.131411
vt 0.206171 0.128486
vt 0.202843 0.112538
vt 0.197106 0.120280
vt 0.172543 0.137116
vt 0.145511 0.159523
vt 0.217658 0.102875
vt 0.209514 0.092938
vt 0.189008 0.115882
vt 0.222232 0.076304
vt 0.210955 0.076220
vt 0.208882 0.063640
vt 0.200601 0.052328
vt 0.197502 0.068638
vt 0.199285 0.079603
vt 0.197491 0.093596
vt 0.191365 0.059282
vt 0.188653 0.061703
vt 0.193999 0.069955
vt 0.195317 0.081617
vt 0.164406 0.050496
vt 0.186485 0.063932
vt 0.190327 0.071416
vt 0.191637 0.079771
vt 0.189736 0.091941
vt 0.187929 0.108802
vt 0.163814 0.052169
vt 0.184917 0.064708
vt 0.187482 0.072472
vt 0.188113 0.081883
vt 0.161853 0.054270
vt 0.128833 0.046192
vt 0.141260 0.050720
vt 0.103967 0.043667
vt 0.104748 0.045569
vt 0.082706 0.042135
vt 0.082647 0.044694
vt 0.082790 0.046418
vt 0.082059 0.040459
vt 0.068031 0.046094
vt 0.069607 0.049024
vt 0.064116 0.054687
vt 0.060602 0.055093
vt 0.055729 0.064856
vt 0.058363 0.052720
vt 0.052162 0.060399
vt 0.054227 0.064144
vt 0.047866 0.091910
vt 0.049292 0.095692
vt 0.045159 0.092304
vt 0.045029 0.110333
vt 0.050551 0.128078
vt 0.047516 0.061082
vt 0.047645 0.072249
vt 0.039859 0.098857
vt 0.042999 0.101395
vt 0.045995 0.128433
vt 0.047662 0.127486
vt 0.036408 0.101798
vt 0.042995 0.130599
vt 0.053638 0.149392
vt 0.039396 0.129349
vt 0.049950 0.151355
vt 0.057581 0.163400
vt 0.060564 0.160652
vt 0.069726 0.168231
vt 0.080994 0.171441
vt 0.071828 0.164803
vt 0.063669 0.157891
vt 0.056656 0.147801
vt 0.094812 0.171230
vt 0.082063 0.169168
vt 0.081641 0.167476
vt 0.094541 0.168686
vt 0.095351 0.166667
vt 0.121857 0.158976
vt 0.131408 0.151744
vt 0.095538 0.172875
vt 0.122848 0.161492
vt 0.125298 0.166192
vt 0.124166 0.163015
vt 0.141094 0.153471
vt 0.140624 0.151505
vt 0.138639 0.149661
vt 0.143826 0.155738
vt 0.173592 0.128864
vt 0.169880 0.127835
vt 0.165554 0.129898
vt 0.167070 0.124183
vt 0.166139 0.122472
vt 0.179249 0.127601
vt 0.184321 0.107531
vt 0.190189 0.111285
vt 0.057111 0.143752
vt 0.050473 0.117490
vt 0.180611 0.106092
vt 0.178981 0.114068
vt 0.179122 0.105026
vt 0.186572 0.081587
vt 0.161894 0.054286
vt 0.163838 0.052178
vt 0.184925 0.064714
vt 0.129864 0.042288
vt 0.164411 0.050497
vt 0.186496 0.063941
vt 0.190320 0.071419
vt 0.128838 0.046193
vt 0.104587 0.039887
vt 0.141257 0.050720
vt 0.104745 0.045568
vt 0.103984 0.043668
vt 0.082788 0.046418
vt 0.082660 0.044692
vt 0.082713 0.042134
vt 0.082056 0.040460
vt 0.104064 0.035696
vt 0.129918 0.038160
vt 0.165620 0.047379
vt 0.068032 0.046097
vt 0.080350 0.037407
vt 0.080876 0.034172
vt 0.105364 0.032558
vt 0.064116 0.054687
vt 0.058365 0.052722
vt 0.064328 0.039170
vt 0.079961 0.032908
vt 0.055729 0.064856
vt 0.054229 0.064140
vt 0.052165 0.060400
vt 0.047517 0.061080
vt 0.053018 0.047029
vt 0.047866 0.091908
vt 0.047642 0.072239
vt 0.049293 0.095688
vt 0.045160 0.092303
vt 0.042999 0.101395
vt 0.039860 0.098850
vt 0.050550 0.128074
vt 0.047664 0.127493
vt 0.053640 0.149391
vt 0.045997 0.128442
vt 0.063672 0.157888
vt 0.060567 0.160650
vt 0.071829 0.164802
vt 0.057115 0.143764
vt 0.050473 0.117489
vt 0.036408 0.101806
vt 0.035974 0.118238
vt 0.039397 0.129355
vt 0.045385 0.150654
vt 0.083459 0.020591
vt 0.131310 0.022440
vt 0.174745 0.035523
vt 0.191365 0.059284
vt 0.167290 0.044643
vt 0.070783 0.023660
vt 0.056694 0.029413
vt 0.043940 0.038320
vt 0.035005 0.049076
vt 0.029044 0.063160
vt 0.024451 0.096171
vt 0.023210 0.088802
vt 0.012611 0.093617
vt 0.024422 0.045685
vt 0.028468 0.140385
vt 0.023998 0.122295
vt 0.015758 0.135972
vt 0.036394 0.160182
vt 0.045675 0.174934
vt 0.054760 0.165905
vt 0.058891 0.185242
vt 0.065803 0.174856
vt 0.075387 0.190465
vt 0.074723 0.191805
vt 0.071461 0.201921
vt 0.078459 0.180430
vt 0.093964 0.190601
vt 0.093670 0.192104
vt 0.093977 0.202799
vt 0.079116 0.179140
vt 0.095146 0.179453
vt 0.096279 0.180692
vt 0.127289 0.180031
vt 0.129094 0.180820
vt 0.131483 0.191426
vt 0.080444 0.176315
vt 0.095428 0.176276
vt 0.125697 0.169487
vt 0.127468 0.170418
vt 0.151638 0.168233
vt 0.069726 0.168231
vt 0.080341 0.173050
vt 0.095552 0.172872
vt 0.125300 0.166193
vt 0.145511 0.159524
vt 0.177725 0.145681
vt 0.042998 0.130612
vt 0.172551 0.137111
vt 0.143824 0.155740
vt 0.173594 0.128862
vt 0.179251 0.127598
vt 0.189005 0.115888
vt 0.190189 0.111287
vt 0.197493 0.093596
vt 0.141094 0.153471
vt 0.169878 0.127837
vt 0.184325 0.107511
vt 0.187928 0.108803
vt 0.195317 0.081615
vt 0.199287 0.079603
vt 0.124206 0.162997
vt 0.122852 0.161490
vt 0.140621 0.151508
vt 0.165543 0.129909
vt 0.178974 0.114079
vt 0.094812 0.171230
vt 0.094548 0.168685
vt 0.121865 0.158972
vt 0.138629 0.149668
vt 0.167057 0.124197
vt 0.180606 0.106102
vt 0.080998 0.171441
vt 0.082065 0.169168
vt 0.081646 0.167477
vt 0.095350 0.166667
vt 0.131408 0.151745
vt 0.166137 0.122474
vt 0.179123 0.105022
vt 0.188109 0.081907
vt 0.189737 0.091941
vt 0.186577 0.081566
vt 0.191631 0.079771
vt 0.197504 0.068637
vt 0.188675 0.061723
vt 0.156538 0.178029
vt 0.188243 0.150811
vt 0.191170 0.131384
vt 0.206202 0.128437
vt 0.202857 0.112508
vt 0.217719 0.102674
vt 0.209535 0.092902
vt 0.197106 0.120279
vt 0.210942 0.076220
vt 0.208871 0.063645
vt 0.210670 0.045827
vt 0.201871 0.051530
vt 0.194010 0.032209
vt 0.180886 0.036406
vt 0.161683 0.028737
vt 0.151248 0.015419
vt 0.104349 0.008973
vt 0.200641 0.052362
vt 0.073825 0.011496
vt 0.101951 0.019574
vt 0.656519 0.779483
vt 0.654828 0.761084
vt 0.648794 0.732162
vt 0.819818 0.535637
vt 0.820441 0.518302
vt 0.814094 0.516312
vt 0.830370 0.554883
vt 0.841983 0.569686
vt 0.850204 0.564279
vt 0.855165 0.571634
vt 0.866197 0.563151
vt 0.868339 0.569519
vt 0.880145 0.553842
vt 0.840167 0.575476
vt 0.855228 0.577821
vt 0.870279 0.575290
vt 0.894479 0.557307
vt 0.826319 0.569005
vt 0.824127 0.572089
vt 0.855268 0.581769
vt 0.871521 0.578981
vt 0.815657 0.558054
vt 0.812447 0.560437
vt 0.804749 0.545859
vt 0.801953 0.529594
vt 0.804376 0.513265
vt 0.814838 0.500697
vt 0.825716 0.489983
vt 0.823291 0.486716
vt 0.839169 0.482817
vt 0.819910 0.504303
vt 0.829359 0.494890
vt 0.841170 0.488769
vt 0.854278 0.486350
vt 0.854214 0.480116
vt 0.854175 0.476367
vt 0.870493 0.478737
vt 0.829387 0.504117
vt 0.843278 0.495036
vt 0.854347 0.493092
vt 0.897696 0.559595
vt 0.907481 0.528501
vt 0.903657 0.528539
vt 0.901041 0.513464
vt 0.895087 0.515466
vt 0.890677 0.528673
vt 0.889002 0.539792
vt 0.904740 0.512221
vt 0.893893 0.499961
vt 0.888906 0.503664
vt 0.886249 0.512659
vt 0.885272 0.486068
vt 0.882911 0.489388
vt 0.879396 0.494333
vt 0.871127 0.497529
vt 0.869276 0.482619
vt 0.867447 0.488451
vt 0.245703 0.655818
vt 0.240028 0.660157
vt 0.232378 0.663164
vt 0.254119 0.654053
vt 0.255031 0.658497
vt 0.237377 0.664874
vt 0.224323 0.665945
vt 0.216174 0.668384
vt 0.248500 0.665426
vt 0.242226 0.666493
vt 0.234101 0.669600
vt 0.225116 0.669140
vt 0.256837 0.664652
vt 0.251196 0.671670
vt 0.247395 0.673333
vt 0.243426 0.669570
vt 0.235167 0.672709
vt 0.260247 0.671361
vt 0.253268 0.676086
vt 0.247422 0.678751
vt 0.241906 0.677381
vt 0.240717 0.674236
vt 0.231754 0.677325
vt 0.226305 0.675474
vt 0.238553 0.682214
vt 0.232839 0.680502
vt 0.222960 0.682977
vt 0.222267 0.679787
vt 0.217418 0.677519
vt 0.217103 0.674493
vt 0.215950 0.682364
vt 0.211404 0.676763
vt 0.211195 0.672582
vt 0.211469 0.682644
vt 0.207420 0.679768
vt 0.207707 0.674241
vt 0.209168 0.669943
vt 0.207054 0.685308
vt 0.203578 0.679716
vt 0.204347 0.674361
vt 0.205268 0.668890
vt 0.202844 0.684893
vt 0.198846 0.683896
vt 0.199997 0.678671
vt 0.201222 0.673546
vt 0.201864 0.668257
vt 0.194925 0.682522
vt 0.196065 0.678713
vt 0.197347 0.674754
vt 0.199290 0.669809
vt 0.192006 0.678146
vt 0.193610 0.674185
vt 0.195473 0.670167
vt 0.187195 0.669097
vt 0.184916 0.672822
vt 0.175469 0.669437
vt 0.180325 0.663768
vt 0.175645 0.656015
vt 0.167624 0.646870
vt 0.160552 0.647050
vt 0.171861 0.659886
vt 0.163674 0.650480
vt 0.626826 0.661577
vt 0.618409 0.664630
vt 0.602839 0.636891
vt 0.632709 0.655988
vt 0.635319 0.648306
vt 0.634561 0.639383
vt 0.630199 0.629891
vt 0.622927 0.621262
vt 0.613328 0.614196
vt 0.590532 0.601513
vt 0.565590 0.640577
vt 0.586374 0.656170
vt 0.597081 0.661674
vt 0.607962 0.664650
vt 0.635318 0.648306
vt 0.632709 0.655988
vt 0.626826 0.661577
vt 0.618410 0.664631
vt 0.607963 0.664653
vt 0.597141 0.661792
vt 0.586741 0.655647
vt 0.565618 0.640577
vt 0.590559 0.601518
vt 0.613434 0.613854
vt 0.622930 0.621258
vt 0.630195 0.629891
vt 0.634558 0.639383
vt 0.855000 0.687420
vt 0.881400 0.698079
vt 0.908896 0.692354
vt 0.837498 0.662814
vt 0.838373 0.634454
vt 0.850675 0.615334
vt 0.871994 0.605411
vt 0.893991 0.605648
vt 0.906627 0.610711
vt 0.922493 0.626298
vt 0.931552 0.655136
vt 0.926227 0.675702
vt 0.910095 0.691610
vt 0.881400 0.698079
vt 0.855000 0.687420
vt 0.928845 0.668522
vt 0.931679 0.646111
vt 0.922565 0.626391
vt 0.906766 0.610872
vt 0.893989 0.605648
vt 0.871993 0.605412
vt 0.838374 0.634451
vt 0.849179 0.560138
vt 0.831964 0.550942
vt 0.839092 0.545171
vt 0.851492 0.551269
vt 0.848892 0.547667
vt 0.838767 0.539960
vt 0.834014 0.532515
vt 0.823454 0.533465
vt 0.834915 0.518448
vt 0.826389 0.515128
vt 0.868512 0.557458
vt 0.867840 0.546702
vt 0.862473 0.546589
vt 0.852694 0.545991
vt 0.871391 0.528252
vt 0.836814 0.524398
vt 0.876749 0.529739
vt 0.885947 0.533676
vt 0.885018 0.518870
vt 0.868188 0.511673
vt 0.876161 0.505859
vt 0.835681 0.503379
vt 0.864296 0.498555
vt 0.844928 0.508830
vt 0.856752 0.508719
vt 0.840550 0.515602
vt 0.849658 0.510105
vt 0.867285 0.514488
vt 0.852045 0.512965
vt 0.873970 0.525477
vt 0.872322 0.537226
vt 0.865178 0.542049
vt 0.929290 0.527995
vt 0.925315 0.505004
vt 0.914430 0.484366
vt 0.897701 0.468102
vt 0.876764 0.457804
vt 0.853670 0.454480
vt 0.830679 0.458454
vt 0.810041 0.469339
vt 0.793777 0.486068
vt 0.783478 0.507005
vt 0.780154 0.530099
vt 0.784129 0.553090
vt 0.795014 0.573728
vt 0.811743 0.589992
vt 0.832679 0.600291
vt 0.855773 0.603615
vt 0.878765 0.599641
vt 0.899403 0.588756
vt 0.915667 0.572026
vt 0.925965 0.551089
vt 0.804189 0.671091
vt 0.807631 0.671240
vt 0.803509 0.692433
vt 0.800268 0.691291
vt 0.790457 0.709387
vt 0.793254 0.711433
vt 0.777746 0.726565
vt 0.805286 0.649773
vt 0.801960 0.650630
vt 0.796639 0.629969
vt 0.793679 0.631766
vt 0.782422 0.613580
vt 0.780111 0.616176
vt 0.762402 0.605099
vt 0.763801 0.601996
vt 0.741885 0.600234
vt 0.742255 0.596864
vt 0.720028 0.598867
vt 0.720757 0.602174
vt 0.699437 0.607922
vt 0.701202 0.610803
vt 0.682791 0.623273
vt 0.685352 0.625406
vt 0.671480 0.643087
vt 0.674711 0.644324
vt 0.667449 0.665490
vt 0.670937 0.665618
vt 0.673118 0.687111
vt 0.669840 0.688084
vt 0.682032 0.706878
vt 0.679273 0.708821
vt 0.696714 0.722641
vt 0.694737 0.725373
vt 0.715481 0.732804
vt 0.714491 0.736042
vt 0.736329 0.736470
vt 0.736420 0.739864
vt 0.758265 0.736543
vt 0.757130 0.733330
vt 0.775664 0.723779
vt 0.810562 0.671367
vt 0.806214 0.693388
vt 0.795590 0.713137
vt 0.779486 0.728885
vt 0.759220 0.739239
vt 0.808063 0.649055
vt 0.799112 0.628473
vt 0.784353 0.611419
vt 0.764980 0.599393
vt 0.742567 0.594034
vt 0.719416 0.596090
vt 0.697951 0.605497
vt 0.680654 0.621481
vt 0.668750 0.642046
vt 0.664617 0.665392
vt 0.667083 0.688894
vt 0.676956 0.710458
vt 0.693080 0.727672
vt 0.713661 0.738761
vt 0.736497 0.742712
vt 0.799413 0.651320
vt 0.801580 0.670978
vt 0.797790 0.690384
vt 0.788329 0.707791
vt 0.791423 0.633172
vt 0.778359 0.618197
vt 0.761359 0.607479
vt 0.741629 0.602815
vt 0.721346 0.604697
vt 0.702579 0.612983
vt 0.687341 0.627009
vt 0.677175 0.645240
vt 0.673670 0.665719
vt 0.675625 0.686394
vt 0.684160 0.705426
vt 0.698255 0.720575
vt 0.716270 0.730335
vt 0.736287 0.733875
vt 0.756290 0.730868
vt 0.774089 0.721613
vt 0.737403 0.762776
vt 0.708172 0.758045
vt 0.766319 0.758089
vt 0.792011 0.744823
vt 0.812245 0.724690
vt 0.825346 0.699683
vt 0.830189 0.672224
vt 0.827668 0.644448
vt 0.816702 0.618412
vt 0.798203 0.596630
vt 0.773668 0.581234
vt 0.745174 0.574132
vt 0.715549 0.576422
vt 0.687894 0.588123
vt 0.665151 0.608182
vt 0.650314 0.634776
vt 0.643719 0.664656
vt 0.647842 0.695012
vt 0.660882 0.722410
vt 0.681719 0.744153
vt 0.586222 0.942571
vt 0.573410 0.944853
vt 0.572998 0.939040
vt 0.567643 0.939934
vt 0.568694 0.945998
vt 0.563257 0.942648
vt 0.563268 0.950898
vt 0.558859 0.947641
vt 0.554963 0.955672
vt 0.559845 0.957844
vt 0.552019 0.964754
vt 0.556304 0.969961
vt 0.549593 0.977169
vt 0.554733 0.981389
vt 0.549657 0.987312
vt 0.555838 0.987304
vt 0.551920 0.991967
vt 0.555911 0.994224
vt 0.559305 0.989427
vt 0.563408 0.995149
vt 0.568016 0.989908
vt 0.571263 0.994549
vt 0.575615 0.988183
vt 0.579202 0.992173
vt 0.590555 0.987033
vt 0.589844 0.981544
vt 0.597294 0.982146
vt 0.600056 0.972476
vt 0.605298 0.974246
vt 0.602540 0.968024
vt 0.608145 0.968721
vt 0.602795 0.964321
vt 0.608547 0.963350
vt 0.606911 0.958104
vt 0.601627 0.960638
vt 0.603468 0.953688
vt 0.598078 0.956528
vt 0.596718 0.948102
vt 0.590656 0.950932
vt 0.582778 0.947215
vt 0.598081 0.956531
vt 0.596727 0.948109
vt 0.590656 0.950932
vt 0.586204 0.942565
vt 0.582778 0.947214
vt 0.573410 0.944853
vt 0.572988 0.939039
vt 0.608154 0.968693
vt 0.602539 0.968026
vt 0.605330 0.974204
vt 0.600056 0.972476
vt 0.597323 0.982116
vt 0.589844 0.981544
vt 0.590551 0.987035
vt 0.575615 0.988183
vt 0.579198 0.992175
vt 0.571247 0.994552
vt 0.568015 0.989908
vt 0.563349 0.995148
vt 0.559298 0.989426
vt 0.555834 0.987297
vt 0.549753 0.988030
vt 0.554733 0.981384
vt 0.549277 0.982132
vt 0.551043 0.969131
vt 0.556304 0.969960
vt 0.554965 0.955666
vt 0.559846 0.957843
vt 0.563268 0.950898
vt 0.558863 0.947634
vt 0.568694 0.945998
vt 0.269478 0.471559
vt 0.268721 0.486759
vt 0.290458 0.481398
vt 0.281108 0.493306
vt 0.264535 0.501331
vt 0.252645 0.499582
vt 0.302309 0.457593
vt 0.307237 0.472262
vt 0.301782 0.483226
vt 0.297813 0.495152
vt 0.285639 0.500269
vt 0.313367 0.461169
vt 0.317455 0.475600
vt 0.312083 0.486009
vt 0.306697 0.499341
vt 0.290177 0.507130
vt 0.275792 0.515630
vt 0.322667 0.459606
vt 0.330737 0.472411
vt 0.330014 0.482420
vt 0.320874 0.489962
vt 0.316451 0.501201
vt 0.332323 0.458129
vt 0.342544 0.457208
vt 0.348137 0.468937
vt 0.348496 0.476790
vt 0.353307 0.456745
vt 0.369905 0.469482
vt 0.369819 0.477456
vt 0.348943 0.484596
vt 0.358253 0.444567
vt 0.370447 0.453021
vt 0.370235 0.461314
vt 0.388665 0.458730
vt 0.391143 0.477409
vt 0.383434 0.445582
vt 0.401064 0.460862
vt 0.405703 0.473751
vt 0.416904 0.481353
vt 0.412514 0.490283
vt 0.390595 0.487189
vt 0.413512 0.463040
vt 0.425534 0.466184
vt 0.431248 0.483886
vt 0.432416 0.494637
vt 0.420846 0.499342
vt 0.405512 0.496892
vt 0.436858 0.469965
vt 0.440827 0.486874
vt 0.445997 0.496220
vt 0.437912 0.503570
vt 0.436141 0.510357
vt 0.418577 0.506997
vt 0.447200 0.474266
vt 0.453303 0.499601
vt 0.450281 0.510211
vt 0.459805 0.473370
vt 0.461115 0.488869
vt 0.467541 0.494942
vt 0.458917 0.504843
vt 0.468351 0.478758
vt 0.475666 0.485188
vt 0.475709 0.499359
vt 0.468708 0.506286
vt 0.459107 0.514729
vt 0.482401 0.492410
vt 0.478784 0.509339
vt 0.467995 0.521306
vt 0.460662 0.527071
vt 0.452720 0.522335
vt 0.263653 0.514392
vt 0.275523 0.526875
vt 0.288508 0.527388
vt 0.289611 0.537539
vt 0.301540 0.535548
vt 0.328023 0.554388
vt 0.330114 0.546757
vt 0.359801 0.553915
vt 0.359624 0.562940
vt 0.295542 0.513022
vt 0.304913 0.518225
vt 0.308780 0.528273
vt 0.327715 0.535324
vt 0.312461 0.510264
vt 0.322614 0.523520
vt 0.337492 0.521682
vt 0.350091 0.529581
vt 0.357804 0.542014
vt 0.326457 0.515308
vt 0.329472 0.507381
vt 0.345669 0.509250
vt 0.352525 0.519543
vt 0.371412 0.532268
vt 0.374769 0.546756
vt 0.326393 0.496175
vt 0.339245 0.500143
vt 0.352690 0.496570
vt 0.364587 0.510768
vt 0.373316 0.521555
vt 0.394129 0.534264
vt 0.340439 0.492272
vt 0.369275 0.485325
vt 0.367821 0.493256
vt 0.366452 0.501647
vt 0.385932 0.512422
vt 0.389214 0.494955
vt 0.387628 0.503235
vt 0.403182 0.508847
vt 0.395347 0.523452
vt 0.417756 0.515732
vt 0.416655 0.525260
vt 0.416149 0.535585
vt 0.415017 0.546433
vt 0.393241 0.545684
vt 0.435330 0.518048
vt 0.435006 0.526586
vt 0.430398 0.540707
vt 0.430564 0.562424
vt 0.419983 0.563230
vt 0.408876 0.563581
vt 0.446236 0.516054
vt 0.447118 0.530536
vt 0.439624 0.540455
vt 0.440486 0.561105
vt 0.441890 0.581802
vt 0.431809 0.583590
vt 0.453390 0.540197
vt 0.449651 0.559355
vt 0.451291 0.579712
vt 0.453464 0.599284
vt 0.444019 0.601352
vt 0.458158 0.557181
vt 0.460134 0.577404
vt 0.462142 0.595324
vt 0.471759 0.644574
vt 0.463398 0.647330
vt 0.471766 0.541820
vt 0.466157 0.554691
vt 0.468605 0.575121
vt 0.470666 0.592681
vt 0.479971 0.642877
vt 0.475177 0.661457
vt 0.480788 0.532208
vt 0.481230 0.549224
vt 0.475499 0.562709
vt 0.478385 0.585258
vt 0.487997 0.641524
vt 0.487345 0.659181
vt 0.477351 0.522553
vt 0.490542 0.526601
vt 0.495688 0.542801
vt 0.488483 0.546085
vt 0.492919 0.568238
vt 0.484895 0.570542
vt 0.489065 0.514289
vt 0.499480 0.521203
vt 0.504056 0.532797
vt 0.507988 0.544798
vt 0.500996 0.565978
vt 0.517557 0.561464
vt 0.509198 0.563751
vt 0.516269 0.582571
vt 0.499559 0.586035
vt 0.487425 0.588906
vt 0.513159 0.621477
vt 0.497222 0.624280
vt 0.515643 0.639958
vt 0.500287 0.642418
vt 0.517905 0.654087
vt 0.502813 0.656479
vt 0.464719 0.663522
vt 0.454391 0.649272
vt 0.433673 0.628449
vt 0.433717 0.601339
vt 0.421137 0.585097
vt 0.416511 0.634169
vt 0.414276 0.623818
vt 0.423144 0.602714
vt 0.442230 0.663999
vt 0.372725 0.568532
vt 0.385426 0.562943
vt 0.377106 0.581366
vt 0.403910 0.580513
vt 0.387370 0.592569
vt 0.378706 0.593239
vt 0.380275 0.604180
vt 0.397335 0.563384
vt 0.405821 0.591080
vt 0.407434 0.601105
vt 0.389425 0.605841
vt 0.385740 0.630566
vt 0.410098 0.611792
s 1
usemtl act\helm_nosorog\helm_nosorog_monolith
f 1985/1/1 4127/2/2 4124/3/3
f 356/4/4 2661/5/5 2660/6/6
f 446/7/7 445/8/8 443/9/9
f 447/10/10 457/11/11 448/12/12
f 447/10/10 444/13/13 457/11/11
f 454/14/14 444/13/13 55/15/15
f 2661/5/5 2733/16/16 2660/6/6
f 3425/17/17 2301/18/18 2304/19/19
f 2300/20/20 2287/21/21 3441/22/22
f 1985/20/23 3571/23/24 1986/21/25
f 1976/24/26 3595/25/27 3594/26/28
f 3596/17/29 1966/27/30 1960/18/31
f 445/8/8 2609/28/32 443/9/9
f 2626/29/33 457/11/34 4336/30/35
f 4123/31/36 4126/32/37 4119/33/38
f 4329/34/39 4126/32/37 4123/31/36
f 4127/35/40 5152/36/41 4328/37/42
f 4127/35/40 5153/38/43 5152/36/41
f 5153/38/43 4127/35/40 4124/39/44
f 5162/40/45 5165/41/46 4123/31/36
f 5162/40/45 4123/31/36 5163/42/47
f 44/43/48 40/44/49 39/45/50
f 44/43/48 43/46/51 42/47/52
f 51/48/53 46/49/54 45/50/55
f 52/51/56 50/52/57 49/53/58
f 49/53/58 53/54/59 52/51/56
f 58/55/60 45/50/55 46/49/54
f 61/56/61 57/57/62 56/58/63
f 64/59/64 60/60/65 59/61/66
f 70/62/67 63/63/68 62/64/69
f 76/65/70 72/66/71 71/67/72
f 81/68/73 78/69/74 77/70/75
f 78/69/74 80/71/76 77/70/75
f 87/72/77 83/73/78 82/74/79
f 90/75/80 34/76/81 41/77/82
f 93/78/83 89/79/84 88/80/85
f 96/81/86 92/82/87 91/83/88
f 98/84/89 95/85/90 94/86/91
f 43/46/51 97/87/92 42/47/52
f 102/88/93 100/89/94 99/90/95
f 42/47/52 101/91/96 44/43/48
f 106/92/97 104/93/98 103/94/99
f 50/52/57 52/51/56 105/95/100
f 50/52/57 107/96/101 49/53/58
f 114/97/102 112/98/103 111/99/104
f 60/60/65 113/100/105 59/61/66
f 118/101/106 116/102/107 115/103/108
f 116/102/107 118/101/106 117/104/109
f 79/105/110 119/106/111 75/107/112
f 122/108/113 79/109/110 74/110/114
f 124/111/115 121/112/116 120/113/117
f 127/114/118 120/115/117 123/116/119
f 130/117/120 126/118/121 125/119/122
f 133/120/123 129/121/124 128/122/125
f 136/123/126 132/124/127 131/125/128
f 139/126/129 135/127/130 134/128/131
f 148/129/132 144/130/133 143/131/134
f 150/132/135 147/133/136 146/134/137
f 153/135/138 149/136/139 143/131/134
f 156/137/140 152/138/141 151/139/142
f 159/140/143 155/141/144 154/142/145
f 162/143/146 158/144/147 157/145/148
f 164/146/149 161/147/150 160/148/151
f 164/146/149 65/149/152 163/150/153
f 162/143/146 166/151/154 165/152/155
f 171/153/156 168/154/157 167/155/158
f 167/155/158 170/156/159 169/157/160
f 173/158/161 169/157/160 170/156/159
f 174/159/162 131/125/128 172/160/163
f 178/161/164 128/122/125 175/162/165
f 179/163/166 177/164/167 176/165/168
f 181/166/169 138/125/170 145/167/171
f 137/168/172 138/125/170 180/169/173
f 185/162/174 177/164/167 182/161/175
f 186/170/176 184/171/177 183/172/178
f 189/173/179 149/136/139 153/135/138
f 192/174/180 188/175/181 187/176/182
f 195/177/183 191/178/184 190/179/185
f 198/180/186 194/181/187 193/182/188
f 84/183/189 202/184/190 85/185/191
f 210/186/192 208/187/193 207/188/194
f 208/187/193 209/189/195 207/188/194
f 215/190/196 212/191/197 211/192/198
f 218/193/199 214/194/200 213/195/201
f 220/196/202 217/197/203 216/198/204
f 225/199/205 222/200/206 221/201/207
f 227/202/208 224/203/209 223/204/210
f 203/205/211 226/206/212 197/207/213
f 328/208/214 325/209/215 324/210/216
f 359/211/217 208/187/193 210/186/192
f 209/189/195 358/212/218 357/213/219
f 16/214/220 403/215/221 402/216/222
f 23/217/223 28/218/224 18/219/225
f 451/220/226 453/221/227 452/222/228
f 264/223/229 265/224/230 260/225/231
f 1353/226/232 1354/227/233 265/228/230
f 1376/229/234 91/83/88 92/82/87
f 1563/230/235 99/90/95 1564/231/236
f 51/48/53 45/50/55 1583/232/237
f 115/103/108 116/102/107 1879/233/238
f 2252/234/239 2246/235/240 156/137/140
f 167/155/158 168/154/157 170/156/159
f 2068/236/241 183/172/178 184/171/177
f 2752/237/242 2754/238/243 2753/239/244
f 16/214/220 2783/240/245 403/215/221
f 4332/241/246 15/242/247 10/243/248
f 4174/244/249 4176/245/250 4175/246/251
f 4175/246/251 4177/247/252 4174/244/249
f 4175/246/251 4178/248/253 4177/247/252
f 4177/247/252 4178/248/253 4179/249/254
f 4180/250/255 4177/247/252 4179/249/254
f 4177/247/252 4180/250/255 4181/251/256
f 4181/251/256 4180/250/255 4182/252/257
f 4181/251/256 4174/244/249 4177/247/252
f 4181/251/256 4183/253/258 4174/244/249
f 4184/254/259 4183/253/258 4181/251/256
f 4185/255/260 4184/254/259 4181/251/256
f 4182/252/257 4185/255/260 4181/251/256
f 4182/252/257 4186/256/261 4185/255/260
f 4186/256/261 4187/257/262 4185/255/260
f 4186/256/261 4188/258/263 4187/257/262
f 4189/259/264 4187/257/262 4188/258/263
f 4190/260/265 4184/254/259 4185/255/260
f 4190/260/265 4185/255/260 4187/257/262
f 4190/260/265 4187/257/262 4191/261/266
f 4192/262/267 4191/261/266 4187/257/262
f 4189/259/264 4192/262/267 4187/257/262
f 4193/263/268 4192/262/267 4189/259/264
f 4193/263/268 4189/259/264 4194/264/269
f 4194/264/269 4195/265/270 4193/263/268
f 4194/264/269 4196/266/271 4195/265/270
f 4197/267/272 4195/265/270 4196/266/271
f 4191/261/266 4198/268/273 4190/260/265
f 4198/268/273 4191/261/266 4199/269/274
f 4199/269/274 4191/261/266 4192/262/267
f 4193/263/268 4199/269/274 4192/262/267
f 4193/263/268 4200/270/275 4199/269/274
f 4193/263/268 4195/265/270 4200/270/275
f 4200/270/275 4195/265/270 4201/271/276
f 4195/265/270 4202/272/277 4201/271/276
f 4195/265/270 4197/267/272 4202/272/277
f 4198/268/273 4199/269/274 4203/273/278
f 4203/273/278 4199/269/274 4200/270/275
f 4203/273/278 4200/270/275 4204/274/279
f 4204/274/279 4200/270/275 4205/275/280
f 4200/270/275 4201/271/276 4205/275/280
f 4214/276/281 4205/275/280 4201/271/276
f 4215/277/282 4214/276/281 4201/271/276
f 4215/277/282 4201/271/276 4202/272/277
f 4204/274/279 4205/275/280 4216/278/283
f 4205/275/280 4217/279/284 4216/278/283
f 4217/279/284 4205/275/280 4214/276/281
f 4217/279/284 4214/276/281 4218/280/285
f 4219/281/286 4218/280/285 4214/276/281
f 4220/282/287 4219/281/286 4214/276/281
f 4221/283/288 4220/282/287 4214/276/281
f 4214/276/281 4215/277/282 4221/283/288
f 4219/281/286 4220/282/287 4222/284/289
f 4223/285/290 4222/284/289 4220/282/287
f 4223/285/290 4220/282/287 4224/286/291
f 4220/282/287 4225/287/292 4224/286/291
f 4220/282/287 4226/288/293 4225/287/292
f 4220/282/287 4221/283/288 4226/288/293
f 4219/281/286 4222/284/289 4227/289/294
f 4228/290/295 4227/289/294 4222/284/289
f 4228/290/295 4222/284/289 4229/291/296
f 4222/284/289 4223/285/290 4229/291/296
f 4173/245/297 4167/292/298 4170/246/299
f 4168/293/300 4170/246/299 4167/292/298
f 4165/294/301 4168/293/300 4167/292/298
f 4165/294/301 4167/292/298 4164/253/302
f 4164/253/302 4161/295/303 4165/294/301
f 4164/253/302 4163/296/304 4161/295/303
f 4161/295/303 4163/296/304 4158/260/305
f 4168/293/300 4171/248/306 4170/246/299
f 4171/248/306 4168/293/300 4172/249/307
f 4169/297/308 4172/249/307 4168/293/300
f 4169/297/308 4168/293/300 4165/294/301
f 4165/294/301 4166/252/309 4169/297/308
f 4166/252/309 4165/294/301 4161/295/303
f 4166/252/309 4161/295/303 4162/256/310
f 4159/298/311 4162/256/310 4161/295/303
f 4161/295/303 4158/260/305 4159/298/311
f 4154/299/312 4159/298/311 4158/260/305
f 4154/299/312 4158/260/305 4153/268/313
f 4149/300/314 4154/299/312 4153/268/313
f 4149/300/314 4153/268/313 4148/273/315
f 4145/301/316 4149/300/314 4148/273/315
f 4145/301/316 4148/273/315 4144/274/317
f 4159/298/311 4160/258/318 4162/256/310
f 4155/302/319 4160/258/318 4159/298/311
f 4159/298/311 4154/299/312 4155/302/319
f 4150/303/320 4155/302/319 4154/299/312
f 4150/303/320 4154/299/312 4149/300/314
f 4146/304/321 4150/303/320 4149/300/314
f 4146/304/321 4149/300/314 4145/301/316
f 4145/301/316 4141/305/322 4146/304/321
f 4141/305/322 4145/301/316 4144/274/317
f 4141/305/322 4144/274/317 4143/278/323
f 4143/278/323 4140/306/324 4141/305/322
f 4155/302/319 4156/307/325 4160/258/318
f 4150/303/320 4156/307/325 4155/302/319
f 4150/303/320 4157/264/326 4156/307/325
f 4151/266/327 4157/264/326 4150/303/320
f 4151/266/327 4150/303/320 4146/304/321
f 4152/308/328 4151/266/327 4146/304/321
f 4147/309/329 4152/308/328 4146/304/321
f 4147/309/329 4146/304/321 4141/305/322
f 4142/310/330 4147/309/329 4141/305/322
f 4142/310/330 4141/305/322 4138/311/331
f 4138/311/331 4141/305/322 4140/306/324
f 4138/311/331 4140/306/324 4131/312/332
f 4135/313/333 4138/311/331 4131/312/332
f 4132/314/334 4135/313/333 4131/312/332
f 4132/314/334 4131/312/332 4129/315/335
f 4128/316/336 4129/315/335 4131/312/332
f 4128/316/336 4130/289/337 4129/315/335
f 4142/310/330 4138/311/331 4139/317/338
f 4138/311/331 4135/313/333 4139/317/338
f 4137/318/339 4139/317/338 4135/313/333
f 4136/319/340 4137/318/339 4135/313/333
f 4136/319/340 4135/313/333 4099/286/341
f 4132/314/334 4099/286/341 4135/313/333
f 4132/314/334 4134/285/342 4099/286/341
f 4132/314/334 4133/291/343 4134/285/342
f 4132/314/334 4129/315/335 4133/291/343
f 1988/320/344 1985/1/1 4124/3/3
f 1988/320/344 4124/3/3 4121/321/345
f 1988/320/344 4121/321/345 4122/322/346
f 1988/320/344 4122/322/346 1971/323/347
f 1971/323/347 4122/322/346 4118/324/348
f 1976/325/26 1971/323/347 4118/324/348
f 1976/325/26 4118/324/348 4126/326/37
f 1966/327/349 1976/325/26 4126/326/37
f 1966/327/349 4126/326/37 4123/328/36
f 1970/329/350 1966/327/349 4123/328/36
f 4119/330/38 1970/329/350 4123/328/36
f 1970/329/350 4119/330/38 458/331/351
f 1968/332/352 1970/329/350 458/331/351
f 1968/332/352 458/331/351 326/333/353
f 1968/332/352 326/333/353 356/334/4
f 2322/335/354 1968/332/352 356/334/4
f 2300/336/355 2295/337/356 457/338/34
f 2295/337/356 454/339/357 457/338/34
f 454/339/357 2295/337/356 4210/340/358
f 2295/337/356 2302/341/359 4210/340/358
f 2302/341/359 455/342/360 4210/340/358
f 2302/341/359 2309/343/361 455/342/360
f 2309/343/361 4125/344/362 455/342/360
f 2309/343/361 2304/345/19 4125/344/362
f 2304/345/19 4213/346/363 4125/344/362
f 2322/347/354 4213/346/363 2304/345/19
f 2322/347/354 2661/348/5 4213/346/363
f 2322/347/354 356/349/4 2661/348/5
f 2300/336/355 457/338/34 448/350/364
f 2300/336/355 448/350/364 445/351/8
f 819/352/365 299/353/366 967/354/367
f 986/355/368 819/352/365 967/354/367
f 987/356/369 986/355/368 967/354/367
f 987/356/369 993/357/370 986/355/368
f 993/357/370 987/356/369 988/358/371
f 993/357/370 988/358/371 970/359/372
f 986/355/368 983/360/373 819/352/365
f 986/355/368 985/361/374 983/360/373
f 993/357/370 985/361/374 986/355/368
f 985/361/374 993/357/370 991/362/375
f 993/357/370 978/363/376 991/362/375
f 993/357/370 970/359/372 978/363/376
f 970/359/372 972/364/377 978/363/376
f 970/359/372 968/365/378 972/364/377
f 972/364/377 968/365/378 971/366/379
f 984/367/380 819/352/365 983/360/373
f 983/360/373 989/368/381 984/367/380
f 983/360/373 992/369/382 989/368/381
f 992/369/382 983/360/373 985/361/374
f 991/362/375 992/369/382 985/361/374
f 992/369/382 991/362/375 979/370/383
f 979/370/383 991/362/375 978/363/376
f 978/363/376 976/371/384 979/370/383
f 978/363/376 996/372/385 976/371/384
f 996/372/385 978/363/376 972/364/377
f 984/367/380 825/373/386 819/352/365
f 825/373/386 984/367/380 965/374/387
f 984/367/380 966/375/388 965/374/387
f 984/367/380 989/368/381 966/375/388
f 989/368/381 990/376/389 966/375/388
f 989/368/381 979/370/383 990/376/389
f 992/369/382 979/370/383 989/368/381
f 825/373/386 965/374/387 962/377/390
f 960/378/391 962/377/390 965/374/387
f 963/379/392 960/378/391 965/374/387
f 963/379/392 965/374/387 966/375/388
f 964/380/393 963/379/392 966/375/388
f 964/380/393 966/375/388 990/376/389
f 959/381/394 964/380/393 990/376/389
f 959/381/394 990/376/389 980/382/395
f 979/370/383 980/382/395 990/376/389
f 979/370/383 976/371/384 980/382/395
f 960/378/391 963/379/392 961/383/396
f 963/379/392 955/384/397 961/383/396
f 963/379/392 964/380/393 955/384/397
f 964/380/393 958/385/398 955/384/397
f 964/380/393 959/381/394 958/385/398
f 956/386/399 958/385/398 959/381/394
f 980/382/395 956/386/399 959/381/394
f 980/382/395 974/387/400 956/386/399
f 974/387/400 980/382/395 976/371/384
f 976/371/384 1032/388/401 974/387/400
f 1032/388/401 976/371/384 996/372/385
f 960/378/391 961/383/396 957/389/402
f 957/389/402 961/383/396 951/390/403
f 961/383/396 954/391/404 951/390/403
f 961/383/396 955/384/397 954/391/404
f 952/392/405 954/391/404 955/384/397
f 952/392/405 955/384/397 958/385/398
f 953/393/406 952/392/405 958/385/398
f 953/393/406 958/385/398 956/386/399
f 948/394/407 953/393/406 956/386/399
f 1031/395/408 948/394/407 956/386/399
f 974/387/400 1031/395/408 956/386/399
f 1032/388/401 1031/395/408 974/387/400
f 957/389/402 951/390/403 834/396/409
f 834/396/409 951/390/403 949/397/410
f 954/391/404 949/397/410 951/390/403
f 954/391/404 950/398/411 949/397/410
f 950/398/411 954/391/404 952/392/405
f 950/398/411 952/392/405 936/399/412
f 936/399/412 952/392/405 953/393/406
f 936/399/412 953/393/406 938/400/413
f 948/394/407 938/400/413 953/393/406
f 938/400/413 948/394/407 1024/401/414
f 1025/402/415 1024/401/414 948/394/407
f 1025/402/415 948/394/407 1031/395/408
f 834/396/409 949/397/410 833/403/416
f 932/404/417 833/403/416 949/397/410
f 932/404/417 949/397/410 934/405/418
f 934/405/418 949/397/410 950/398/411
f 934/405/418 950/398/411 935/406/419
f 935/406/419 950/398/411 936/399/412
f 933/407/420 935/406/419 936/399/412
f 933/407/420 936/399/412 938/400/413
f 933/407/420 938/400/413 937/408/421
f 937/408/421 938/400/413 1024/401/414
f 932/404/417 927/409/422 833/403/416
f 927/409/422 932/404/417 929/410/423
f 926/411/424 929/410/423 932/404/417
f 926/411/424 932/404/417 934/405/418
f 926/411/424 934/405/418 928/412/425
f 935/406/419 928/412/425 934/405/418
f 935/406/419 912/413/426 928/412/425
f 933/407/420 912/413/426 935/406/419
f 933/407/420 913/414/427 912/413/426
f 933/407/420 930/415/428 913/414/427
f 937/408/421 930/415/428 933/407/420
f 927/409/422 929/410/423 869/416/429
f 869/416/429 929/410/423 911/417/430
f 926/411/424 911/417/430 929/410/423
f 926/411/424 909/418/431 911/417/430
f 909/418/431 926/411/424 928/412/425
f 909/418/431 928/412/425 910/419/432
f 912/413/426 910/419/432 928/412/425
f 912/413/426 913/414/427 910/419/432
f 913/414/427 908/420/433 910/419/432
f 913/414/427 907/421/434 908/420/433
f 914/422/435 907/421/434 913/414/427
f 914/422/435 913/414/427 930/415/428
f 869/416/429 911/417/430 904/423/436
f 904/423/436 911/417/430 906/424/437
f 906/424/437 911/417/430 909/418/431
f 906/424/437 909/418/431 902/425/438
f 902/425/438 909/418/431 910/419/432
f 908/420/433 902/425/438 910/419/432
f 908/420/433 903/426/439 902/425/438
f 901/427/440 903/426/439 908/420/433
f 908/420/433 900/428/441 901/427/440
f 908/420/433 907/421/434 900/428/441
f 900/428/441 907/421/434 905/429/442
f 907/421/434 914/422/435 905/429/442
f 904/423/436 906/424/437 898/430/443
f 906/424/437 899/431/444 898/430/443
f 899/431/444 906/424/437 897/432/445
f 895/433/446 897/432/445 906/424/437
f 906/424/437 902/425/438 895/433/446
f 895/433/446 902/425/438 903/426/439
f 895/433/446 903/426/439 894/434/447
f 896/435/448 894/434/447 903/426/439
f 901/427/440 896/435/448 903/426/439
f 896/435/448 901/427/440 891/436/449
f 891/436/449 901/427/440 900/428/441
f 891/436/449 900/428/441 893/437/450
f 900/428/441 905/429/442 893/437/450
f 899/431/444 897/432/445 892/438/451
f 897/432/445 856/439/452 892/438/451
f 897/432/445 890/440/453 856/439/452
f 894/434/447 890/440/453 897/432/445
f 894/434/447 897/432/445 895/433/446
f 890/440/453 855/441/454 856/439/452
f 889/442/455 855/441/454 890/440/453
f 896/435/448 889/442/455 890/440/453
f 896/435/448 890/440/453 894/434/447
f 889/442/455 81/443/73 855/441/454
f 81/443/73 889/442/455 397/444/456
f 889/442/455 888/445/457 397/444/456
f 896/435/448 888/445/457 889/442/455
f 896/435/448 891/436/449 888/445/457
f 891/436/449 396/446/458 888/445/457
f 396/446/458 891/436/449 400/447/459
f 891/436/449 893/437/450 400/447/459
f 1006/448/460 400/447/459 893/437/450
f 893/437/450 1051/449/461 1006/448/460
f 893/437/450 905/429/442 1051/449/461
f 888/445/457 396/446/458 397/444/456
f 1006/448/460 399/450/462 400/447/459
f 399/450/462 1006/448/460 36/451/463
f 36/451/463 1006/448/460 1005/452/464
f 1012/453/465 1005/452/464 1006/448/460
f 1006/448/460 1051/449/461 1012/453/465
f 1052/454/466 1012/453/465 1051/449/461
f 1052/454/466 1051/449/461 1037/455/467
f 905/429/442 1037/455/467 1051/449/461
f 905/429/442 914/422/435 1037/455/467
f 931/456/468 1037/455/467 914/422/435
f 931/456/468 914/422/435 930/415/428
f 999/457/469 36/451/463 1005/452/464
f 1005/452/464 1004/458/470 999/457/469
f 1005/452/464 1011/459/471 1004/458/470
f 1012/453/465 1011/459/471 1005/452/464
f 1012/453/465 1053/460/472 1011/459/471
f 1012/453/465 1052/454/466 1053/460/472
f 1052/454/466 1038/461/473 1053/460/472
f 1052/454/466 1036/462/474 1038/461/473
f 1036/462/474 1052/454/466 1037/455/467
f 1036/462/474 1037/455/467 931/456/468
f 36/451/463 999/457/469 286/463/475
f 999/457/469 998/464/476 286/463/475
f 1003/465/477 998/464/476 999/457/469
f 1003/465/477 999/457/469 1004/458/470
f 1004/458/470 1009/466/478 1003/465/477
f 1004/458/470 1010/467/479 1009/466/478
f 1010/467/479 1004/458/470 1011/459/471
f 1010/467/479 1011/459/471 1053/460/472
f 1054/468/480 1010/467/479 1053/460/472
f 1054/468/480 1053/460/472 1038/461/473
f 998/464/476 310/469/481 286/463/475
f 310/469/481 998/464/476 3166/470/482
f 3166/470/482 998/464/476 1003/465/477
f 1001/471/483 3166/470/482 1003/465/477
f 1009/466/478 1001/471/483 1003/465/477
f 1009/466/478 1016/472/484 1001/471/483
f 1014/473/485 1016/472/484 1009/466/478
f 1014/473/485 1009/466/478 1015/474/486
f 1010/467/479 1015/474/486 1009/466/478
f 1010/467/479 1054/468/480 1015/474/486
f 310/469/481 3166/470/482 291/475/487
f 3167/476/488 291/475/487 3166/470/482
f 3166/470/482 1000/477/489 3167/476/488
f 3166/470/482 1001/471/483 1000/477/489
f 1001/471/483 1007/478/490 1000/477/489
f 1001/471/483 1016/472/484 1007/478/490
f 1007/478/490 1016/472/484 306/479/491
f 1016/472/484 309/480/492 306/479/491
f 1016/472/484 1013/481/493 309/480/492
f 1014/473/485 1013/481/493 1016/472/484
f 3167/476/488 2630/482/494 291/475/487
f 1014/473/485 1046/483/495 1013/481/493
f 1046/483/495 1014/473/485 1050/484/496
f 1050/484/496 1014/473/485 1015/474/486
f 1050/484/496 1015/474/486 1045/485/497
f 1054/468/480 1045/485/497 1015/474/486
f 1054/468/480 1039/486/498 1045/485/497
f 1039/486/498 1054/468/480 1038/461/473
f 1046/483/495 1050/484/496 1048/487/499
f 1047/488/500 1048/487/499 1050/484/496
f 1050/484/496 1040/489/501 1047/488/500
f 1040/489/501 1050/484/496 1045/485/497
f 1040/489/501 1045/485/497 1035/490/502
f 1039/486/498 1035/490/502 1045/485/497
f 1039/486/498 1041/491/503 1035/490/502
f 1049/492/504 1041/491/503 1039/486/498
f 1039/486/498 1038/461/473 1049/492/504
f 1036/462/474 1049/492/504 1038/461/473
f 1040/489/501 1042/493/505 1047/488/500
f 1043/494/506 1042/493/505 1040/489/501
f 1043/494/506 1040/489/501 1035/490/502
f 1035/490/502 1044/495/507 1043/494/506
f 1035/490/502 1032/388/401 1044/495/507
f 1041/491/503 1032/388/401 1035/490/502
f 1041/491/503 1031/395/408 1032/388/401
f 1041/491/503 1025/402/415 1031/395/408
f 1049/492/504 1025/402/415 1041/491/503
f 1025/402/415 1049/492/504 1024/401/414
f 1036/462/474 1024/401/414 1049/492/504
f 1043/494/506 994/496/508 1042/493/505
f 994/496/508 1043/494/506 1044/495/507
f 994/496/508 1044/495/507 997/497/509
f 997/497/509 1044/495/507 995/498/510
f 995/498/510 1044/495/507 1032/388/401
f 1032/388/401 996/372/385 995/498/510
f 995/498/510 996/372/385 972/364/377
f 995/498/510 972/364/377 997/497/509
f 972/364/377 973/499/511 997/497/509
f 972/364/377 971/366/379 973/499/511
f 994/496/508 997/497/509 977/500/512
f 975/501/513 977/500/512 997/497/509
f 973/499/511 975/501/513 997/497/509
f 975/501/513 973/499/511 969/502/514
f 975/501/513 969/502/514 982/503/515
f 982/503/515 981/504/516 975/501/513
f 977/500/512 975/501/513 981/504/516
f 1036/462/474 937/408/421 1024/401/414
f 1036/462/474 931/456/468 937/408/421
f 937/408/421 931/456/468 930/415/428
f 1007/478/490 306/479/491 302/505/517
f 1007/478/490 302/505/517 1000/477/489
f 373/506/518 1068/507/519 1060/502/520
f 1067/508/521 373/506/518 1060/502/520
f 1067/508/521 1060/502/520 1129/509/522
f 1115/510/523 1067/508/521 1129/509/522
f 1059/511/524 1067/508/521 1115/510/523
f 1059/511/524 1115/510/523 1066/512/525
f 276/513/526 1066/512/525 1115/510/523
f 373/506/518 1067/508/521 1057/514/527
f 1067/508/521 1059/511/524 1057/514/527
f 1056/495/528 1057/514/527 1059/511/524
f 1056/495/528 1059/511/524 1065/498/529
f 1065/498/529 1059/511/524 1072/515/530
f 1072/515/530 1059/511/524 1066/512/525
f 1072/515/530 1066/512/525 1058/516/531
f 276/513/526 1058/516/531 1066/512/525
f 1058/516/531 276/513/526 1097/517/532
f 276/513/526 295/518/533 1097/517/532
f 375/519/534 373/506/518 1057/514/527
f 1091/520/535 375/519/534 1057/514/527
f 1091/520/535 1057/514/527 1056/495/528
f 1095/521/536 1091/520/535 1056/495/528
f 1056/495/528 1092/522/537 1095/521/536
f 1092/522/537 1056/495/528 1065/498/529
f 1092/522/537 1065/498/529 1085/523/538
f 1072/515/530 1085/523/538 1065/498/529
f 1072/515/530 1090/524/539 1085/523/538
f 1058/516/531 1090/524/539 1072/515/530
f 1058/516/531 1084/525/540 1090/524/539
f 1083/526/541 1084/525/540 1058/516/531
f 1058/516/531 1097/517/532 1083/526/541
f 1091/520/535 1095/521/536 257/527/542
f 257/527/542 1095/521/536 1086/528/543
f 1081/529/544 1086/528/543 1095/521/536
f 1081/529/544 1095/521/536 1092/522/537
f 1092/522/537 1087/530/545 1081/529/544
f 1087/530/545 1092/522/537 1082/531/546
f 1085/523/538 1082/531/546 1092/522/537
f 1077/532/547 1082/531/546 1085/523/538
f 1077/532/547 1085/523/538 1090/524/539
f 1084/525/540 1077/532/547 1090/524/539
f 257/527/542 1086/528/543 235/533/548
f 235/533/548 1086/528/543 1080/534/549
f 1086/528/543 1088/535/550 1080/534/549
f 1088/535/550 1086/528/543 1081/529/544
f 1093/536/551 1088/535/550 1081/529/544
f 1093/536/551 1081/529/544 1087/530/545
f 1087/530/545 1094/537/552 1093/536/551
f 1078/538/553 1094/537/552 1087/530/545
f 1087/530/545 1073/539/554 1078/538/553
f 1087/530/545 1082/531/546 1073/539/554
f 235/533/548 1080/534/549 239/540/555
f 1079/541/556 239/540/555 1080/534/549
f 1074/542/557 1079/541/556 1080/534/549
f 1074/542/557 1080/534/549 1088/535/550
f 1088/535/550 1075/543/558 1074/542/557
f 1088/535/550 1093/536/551 1075/543/558
f 1093/536/551 1076/544/559 1075/543/558
f 1093/536/551 1094/537/552 1076/544/559
f 1127/545/560 1076/544/559 1094/537/552
f 1127/545/560 1094/537/552 1128/546/561
f 1078/538/553 1128/546/561 1094/537/552
f 1079/541/556 384/547/562 239/540/555
f 1079/541/556 416/548/563 384/547/562
f 1079/541/556 1107/549/564 416/548/563
f 1107/549/564 1079/541/556 1074/542/557
f 1107/549/564 1074/542/557 1029/550/565
f 1055/551/566 1029/550/565 1074/542/557
f 1055/551/566 1074/542/557 1075/543/558
f 1075/543/558 1030/552/567 1055/551/566
f 1075/543/558 1076/544/559 1030/552/567
f 1022/553/568 1030/552/567 1076/544/559
f 1022/553/568 1076/544/559 1127/545/560
f 416/548/563 1107/549/564 1028/554/569
f 1028/554/569 1107/549/564 1023/555/570
f 1018/556/571 1023/555/570 1107/549/564
f 1018/556/571 1107/549/564 1029/550/565
f 1021/557/572 1018/556/571 1029/550/565
f 1029/550/565 1055/551/566 1021/557/572
f 1027/558/573 1021/557/572 1055/551/566
f 1027/558/573 1055/551/566 1030/552/567
f 1033/559/574 1027/558/573 1030/552/567
f 1033/559/574 1030/552/567 1022/553/568
f 414/480/575 416/548/563 1028/554/569
f 414/480/575 1028/554/569 412/560/576
f 412/560/576 1028/554/569 1034/561/577
f 1028/554/569 1023/555/570 1034/561/577
f 1019/562/578 1034/561/577 1023/555/570
f 1023/555/570 1008/563/579 1019/562/578
f 1023/555/570 1018/556/571 1008/563/579
f 1008/563/579 1018/556/571 1017/464/580
f 1020/564/581 1017/464/580 1018/556/571
f 1018/556/571 1021/557/572 1020/564/581
f 1026/452/582 1020/564/581 1021/557/572
f 1026/452/582 1021/557/572 1027/558/573
f 1026/452/582 1027/558/573 1033/559/574
f 1034/561/577 392/505/583 412/560/576
f 1034/561/577 393/565/584 392/505/583
f 390/566/585 393/565/584 1034/561/577
f 390/566/585 1034/561/577 1002/567/586
f 1019/562/578 1002/567/586 1034/561/577
f 1019/562/578 381/568/587 1002/567/586
f 1019/562/578 333/569/588 381/568/587
f 1019/562/578 1008/563/579 333/569/588
f 1008/563/579 1017/464/580 333/569/588
f 316/570/589 333/569/588 1017/464/580
f 1017/464/580 320/571/590 316/570/589
f 1020/564/581 320/571/590 1017/464/580
f 314/572/591 320/571/590 1020/564/581
f 1026/452/582 314/572/591 1020/564/581
f 1002/567/586 382/482/592 390/566/585
f 1002/567/586 381/568/587 382/482/592
f 1270/573/593 1275/574/594 1284/575/595
f 1284/575/595 1275/574/594 104/93/98
f 1274/576/596 49/53/58 1352/577/597
f 49/53/58 107/96/101 1352/577/597
f 1403/578/598 1355/579/599 1356/580/600
f 1403/578/598 1363/581/601 1355/579/599
f 1363/581/601 1403/578/598 1364/582/602
f 1364/582/602 1403/578/598 1404/583/603
f 1404/583/603 1403/578/598 1402/584/604
f 1398/585/605 1402/584/604 1403/578/598
f 1398/585/605 1403/578/598 1405/586/606
f 1403/578/598 1356/580/600 1405/586/606
f 1405/586/606 1356/580/600 1368/587/607
f 1363/581/601 1364/582/602 73/588/608
f 1368/587/607 1377/589/609 1405/586/606
f 1397/590/610 1405/586/606 1377/589/609
f 1397/590/610 1377/589/609 1396/591/611
f 1397/590/610 1396/591/611 1391/592/612
f 1396/591/611 1390/593/613 1391/592/612
f 1387/594/614 1391/592/612 1390/593/613
f 1386/595/615 1387/594/614 1390/593/613
f 1405/586/606 1397/590/610 1398/585/605
f 1397/590/610 1392/596/616 1398/585/605
f 1397/590/610 1391/592/612 1392/596/616
f 1387/594/614 1392/596/616 1391/592/612
f 1387/594/614 1388/597/617 1392/596/616
f 1382/598/618 1388/597/617 1387/594/614
f 1386/595/615 1382/598/618 1387/594/614
f 1384/599/619 1382/598/618 1386/595/615
f 1384/599/619 1386/595/615 1394/600/620
f 1393/601/621 1398/585/605 1392/596/616
f 1388/597/617 1393/601/621 1392/596/616
f 1395/602/622 1393/601/621 1388/597/617
f 1389/603/623 1395/602/622 1388/597/617
f 1382/598/618 1389/603/623 1388/597/617
f 1383/604/624 1389/603/623 1382/598/618
f 1383/604/624 1382/598/618 1384/599/619
f 1393/601/621 1402/584/604 1398/585/605
f 1402/584/604 1393/601/621 1400/605/625
f 1395/602/622 1400/605/625 1393/601/621
f 1395/602/622 1401/606/626 1400/605/625
f 1389/603/623 1401/606/626 1395/602/622
f 1401/606/626 1389/603/623 69/607/627
f 68/608/628 69/607/627 1389/603/623
f 1385/609/629 68/608/628 1389/603/623
f 1385/609/629 1389/603/623 1383/604/624
f 1402/584/604 1400/605/625 1404/583/603
f 1404/583/603 1400/605/625 1418/610/630
f 1372/611/631 1418/610/630 1400/605/625
f 1401/606/626 1372/611/631 1400/605/625
f 1401/606/626 69/607/627 1372/611/631
f 1364/582/602 1404/583/603 1418/610/630
f 1394/600/620 1377/612/609 1368/613/607
f 1380/614/632 1394/600/620 1368/613/607
f 1368/613/607 1381/615/633 1380/614/632
f 1368/613/607 1356/616/600 1381/615/633
f 1378/617/634 1381/615/633 1356/616/600
f 1378/617/634 1356/616/600 1355/618/599
f 1379/619/635 1378/617/634 1355/618/599
f 1379/619/635 1355/618/599 1363/620/601
f 1380/614/632 1384/599/619 1394/600/620
f 1381/615/633 1384/599/619 1380/614/632
f 1381/615/633 1383/604/624 1384/599/619
f 1383/604/624 1381/615/633 1378/617/634
f 1383/604/624 1378/617/634 1385/609/629
f 1385/609/629 1378/617/634 1379/619/635
f 1385/609/629 1379/619/635 68/608/628
f 1379/619/635 73/621/608 68/608/628
f 1379/619/635 1363/620/601 73/621/608
f 73/621/608 69/607/627 68/608/628
f 673/622/636 119/106/111 79/105/110
f 671/623/637 119/106/111 673/622/636
f 119/106/111 671/623/637 648/624/638
f 119/106/111 648/624/638 2130/625/639
f 1409/626/640 2130/625/639 648/624/638
f 1409/626/640 1373/627/641 2130/625/639
f 76/65/70 1373/627/641 1409/626/640
f 119/106/111 2130/625/639 75/107/112
f 75/107/112 2130/625/639 2129/628/642
f 2128/629/643 75/107/112 2129/628/642
f 2128/629/643 2129/628/642 745/630/644
f 2129/628/642 743/631/645 745/630/644
f 2129/628/642 2131/632/646 743/631/645
f 2132/633/647 2131/632/646 2129/628/642
f 2132/633/647 2129/628/642 2130/625/639
f 2128/629/643 750/634/648 75/107/112
f 2128/629/643 736/635/649 750/634/648
f 2128/629/643 745/630/644 736/635/649
f 75/107/112 750/634/648 74/636/114
f 79/105/110 75/107/112 74/636/114
f 2131/632/646 716/637/650 743/631/645
f 716/637/650 2131/632/646 2135/638/651
f 2135/638/651 2131/632/646 2136/639/652
f 2132/633/647 2136/639/652 2131/632/646
f 716/637/650 2135/638/651 725/640/653
f 2136/639/652 725/640/653 2135/638/651
f 2137/641/654 2136/639/652 2132/633/647
f 2132/633/647 2138/642/655 2137/641/654
f 2132/633/647 2139/643/656 2138/642/655
f 2139/643/656 2132/633/647 2140/644/657
f 2132/633/647 2133/645/658 2140/644/657
f 2132/633/647 2130/625/639 2133/645/658
f 1373/627/641 2133/645/658 2130/625/639
f 2139/643/656 2145/646/659 2138/642/655
f 2145/646/659 2139/643/656 2144/647/660
f 2140/644/657 2144/647/660 2139/643/656
f 2143/648/661 2144/647/660 2140/644/657
f 2143/648/661 2140/644/657 2142/649/662
f 2141/650/663 2142/649/662 2140/644/657
f 2141/650/663 2140/644/657 2134/651/664
f 2133/645/658 2134/651/664 2140/644/657
f 1373/627/641 2134/651/664 2133/645/658
f 76/65/70 2134/651/664 1373/627/641
f 71/67/72 2134/651/664 76/65/70
f 2134/651/664 71/67/72 2141/650/663
f 121/112/116 1374/622/665 120/113/117
f 121/112/116 3300/623/666 1374/622/665
f 3315/624/667 3300/623/666 121/112/116
f 3315/624/667 121/112/116 4479/652/668
f 124/111/115 4479/652/668 121/112/116
f 4481/653/669 4479/652/668 124/111/115
f 4439/634/670 4481/653/669 124/111/115
f 124/111/115 127/636/118 4439/634/670
f 124/111/115 120/113/117 127/636/118
f 4479/652/668 3336/654/671 3315/624/667
f 3336/654/671 4479/652/668 4482/655/672
f 4483/656/673 4482/655/672 4479/652/668
f 4481/653/669 4483/656/673 4479/652/668
f 4480/657/674 4483/656/673 4481/653/669
f 4481/653/669 3299/631/675 4480/657/674
f 4481/653/669 3298/630/676 3299/631/675
f 3298/630/676 4481/653/669 3297/635/677
f 4439/634/670 3297/635/677 4481/653/669
f 3336/654/671 4482/655/672 3296/658/678
f 3296/658/678 4482/655/672 3294/659/679
f 4482/655/672 3295/660/680 3294/659/679
f 4482/655/672 4483/656/673 3295/660/680
f 3336/654/671 3296/658/678 3301/661/681
f 3296/658/678 3294/659/679 3302/662/682
f 3294/659/679 3369/663/683 3302/662/682
f 3373/664/684 3369/663/683 3294/659/679
f 3373/664/684 3294/659/679 3329/665/685
f 3329/665/685 3294/659/679 3295/660/680
f 4476/646/686 3329/665/685 3295/660/680
f 3338/666/687 4476/646/686 3295/660/680
f 3338/666/687 3295/660/680 4483/656/673
f 3338/666/687 4483/656/673 3342/667/688
f 4483/656/673 3346/668/689 3342/667/688
f 4483/656/673 4466/669/690 3346/668/689
f 4483/656/673 4485/670/691 4466/669/690
f 4485/670/691 4483/656/673 4480/657/674
f 4485/670/691 4480/657/674 4457/637/692
f 4480/657/674 3299/631/675 4457/637/692
f 4485/670/691 4457/637/692 4466/669/690
f 1334/671/693 1351/672/694 1347/673/695
f 1335/674/696 1351/672/694 1334/671/693
f 1335/674/696 1334/671/693 82/74/79
f 87/72/77 82/74/79 1334/671/693
f 1338/675/697 87/72/77 1334/671/693
f 1358/676/698 1338/675/697 1334/671/693
f 1347/677/695 1358/676/698 1334/671/693
f 1347/677/695 1339/678/699 1358/676/698
f 1340/679/700 1339/678/699 1347/677/695
f 1350/680/701 1335/674/696 82/74/79
f 1340/679/700 1337/681/702 1339/678/699
f 1406/682/703 1337/681/702 1340/679/700
f 1406/682/703 1412/683/704 1337/681/702
f 1399/684/705 1412/683/704 1406/682/703
f 1440/685/706 1430/686/707 1425/687/708
f 1435/688/709 1430/686/707 1440/685/706
f 1446/689/710 1435/688/709 1440/685/706
f 1450/690/711 1446/689/710 1440/685/706
f 1450/690/711 1440/685/706 1371/691/712
f 1371/691/712 1456/692/713 1450/690/711
f 1371/691/712 1449/693/714 1456/692/713
f 1452/694/715 1456/692/713 1449/693/714
f 1435/688/709 1429/695/716 1430/686/707
f 1435/688/709 1433/696/717 1429/695/716
f 1438/697/718 1433/696/717 1435/688/709
f 1434/698/719 1438/697/718 1435/688/709
f 1446/689/710 1434/698/719 1435/688/709
f 1434/698/719 1446/689/710 1439/699/720
f 1446/689/710 1451/700/721 1439/699/720
f 1446/689/710 1450/690/711 1451/700/721
f 1463/701/722 1451/700/721 1450/690/711
f 1463/701/722 1450/690/711 1456/692/713
f 1452/694/715 1463/701/722 1456/692/713
f 1452/694/715 1447/702/723 1463/701/722
f 1342/703/724 1447/702/723 1452/694/715
f 1438/697/718 1431/704/725 1433/696/717
f 1431/704/725 1438/697/718 1423/705/726
f 1423/705/726 1438/697/718 1437/706/727
f 1434/698/719 1437/706/727 1438/697/718
f 1437/706/727 1434/698/719 1443/707/728
f 1434/698/719 1439/699/720 1443/707/728
f 1436/708/729 1443/707/728 1439/699/720
f 1439/699/720 1445/709/730 1436/708/729
f 1445/709/730 1439/699/720 1451/700/721
f 1451/700/721 1447/702/723 1445/709/730
f 1463/701/722 1447/702/723 1451/700/721
f 1431/704/725 1423/705/726 1428/710/731
f 1427/711/732 1428/710/731 1423/705/726
f 1444/712/733 1427/711/732 1423/705/726
f 1437/706/727 1444/712/733 1423/705/726
f 1437/706/727 1432/713/734 1444/712/733
f 1437/706/727 1443/707/728 1432/713/734
f 1442/714/735 1432/713/734 1443/707/728
f 1442/714/735 1443/707/728 1436/708/729
f 1436/708/729 1445/709/730 1442/714/735
f 1442/714/735 1445/709/730 1342/703/724
f 1447/702/723 1342/703/724 1445/709/730
f 1421/715/736 1431/704/725 1428/710/731
f 1421/715/736 1428/710/731 1413/716/737
f 1428/710/731 1419/717/738 1413/716/737
f 1428/710/731 1427/711/732 1419/717/738
f 1417/718/739 1419/717/738 1427/711/732
f 1417/718/739 1427/711/732 1426/719/740
f 1444/712/733 1426/719/740 1427/711/732
f 1422/720/741 1426/719/740 1444/712/733
f 1432/713/734 1422/720/741 1444/712/733
f 1432/713/734 1442/714/735 1422/720/741
f 1413/716/737 1416/721/742 1421/715/736
f 1416/721/742 1413/716/737 1411/722/743
f 1413/716/737 1410/723/744 1411/722/743
f 1413/716/737 1419/717/738 1410/723/744
f 1419/717/738 1424/724/745 1410/723/744
f 1419/717/738 1417/718/739 1424/724/745
f 1420/725/746 1424/724/745 1417/718/739
f 1426/719/740 1420/725/746 1417/718/739
f 1426/719/740 1442/714/735 1420/725/746
f 1422/720/741 1442/714/735 1426/719/740
f 1416/721/742 1411/722/743 1399/684/705
f 1399/684/705 1411/722/743 1412/683/704
f 1411/722/743 1410/723/744 1412/683/704
f 1415/726/747 1412/683/704 1410/723/744
f 1415/726/747 1410/723/744 1424/724/745
f 1407/727/748 1415/726/747 1424/724/745
f 1407/727/748 1424/724/745 1414/728/749
f 1420/725/746 1414/728/749 1424/724/745
f 1414/728/749 1420/725/746 1407/727/748
f 1420/725/746 1442/714/735 1407/727/748
f 1441/729/750 1407/727/748 1442/714/735
f 1441/729/750 1442/714/735 1342/703/724
f 1342/703/724 1341/730/751 1441/729/750
f 1412/683/704 1415/726/747 1344/731/752
f 1407/727/748 1344/731/752 1415/726/747
f 1343/732/753 1344/731/752 1407/727/748
f 1343/732/753 1407/727/748 1441/729/750
f 1343/732/753 1441/729/750 1348/733/754
f 1441/729/750 1341/730/751 1348/733/754
f 1348/733/754 1341/730/751 1462/734/755
f 1462/734/755 1341/730/751 1362/735/756
f 1341/730/751 1460/736/757 1362/735/756
f 1341/730/751 1342/703/724 1460/736/757
f 1412/683/704 1344/731/752 1337/681/702
f 1369/737/758 1337/681/702 1344/731/752
f 1344/731/752 1343/732/753 1369/737/758
f 1357/738/759 1369/737/758 1343/732/753
f 1357/738/759 1343/732/753 1336/739/760
f 1343/732/753 1348/733/754 1336/739/760
f 1336/739/760 1348/733/754 1461/740/761
f 1348/733/754 1365/741/762 1461/740/761
f 1349/742/763 1365/741/762 1348/733/754
f 1349/742/763 1348/733/754 1462/734/755
f 1369/737/758 1339/678/699 1337/681/702
f 1357/738/759 1339/678/699 1369/737/758
f 1357/738/759 1358/676/698 1339/678/699
f 1346/743/764 1358/676/698 1357/738/759
f 1357/738/759 1336/739/760 1346/743/764
f 1336/739/760 1345/744/765 1346/743/764
f 1336/739/760 1461/740/761 1345/744/765
f 1345/744/765 1461/740/761 87/72/77
f 87/72/77 1461/740/761 83/73/78
f 83/73/78 1461/740/761 1365/741/762
f 83/73/78 1365/741/762 1359/745/766
f 1360/746/767 1359/745/766 1365/741/762
f 1360/746/767 1365/741/762 1349/742/763
f 1346/743/764 1338/675/697 1358/676/698
f 87/72/77 1338/675/697 1346/743/764
f 87/72/77 1346/743/764 1345/744/765
f 83/73/78 1359/745/766 82/74/79
f 82/74/79 1359/745/766 1360/746/767
f 82/74/79 1360/746/767 1467/747/768
f 1361/748/769 1467/747/768 1360/746/767
f 1362/735/756 1361/748/769 1360/746/767
f 1362/735/756 1360/746/767 1349/742/763
f 1462/734/755 1362/735/756 1349/742/763
f 1467/747/768 1350/749/701 82/74/79
f 1467/747/768 1408/750/770 1350/749/701
f 1366/751/771 1408/750/770 1467/747/768
f 1361/748/769 1366/751/771 1467/747/768
f 1366/751/771 1361/748/769 1453/752/772
f 1460/736/757 1453/752/772 1361/748/769
f 1362/735/756 1460/736/757 1361/748/769
f 1366/751/771 1375/753/773 1408/750/770
f 1366/751/771 1370/754/774 1375/753/773
f 1367/755/775 1370/754/774 1366/751/771
f 1367/755/775 1366/751/771 1453/752/772
f 1464/756/776 1367/755/775 1453/752/772
f 1453/752/772 1448/757/777 1464/756/776
f 1453/752/772 1449/693/714 1448/757/777
f 1449/693/714 1455/758/778 1448/757/777
f 1449/693/714 1371/691/712 1455/758/778
f 1457/759/779 1455/758/778 1371/691/712
f 1457/759/779 1371/691/712 1440/685/706
f 1457/759/779 1440/685/706 1425/687/708
f 1449/693/714 1453/752/772 1460/736/757
f 1449/693/714 1460/736/757 1452/694/715
f 1452/694/715 1460/736/757 1342/703/724
f 1547/760/780 1551/757/781 1546/758/782
f 1552/761/783 1551/757/781 1547/760/780
f 1552/761/783 1554/756/784 1551/757/781
f 1554/756/784 1552/761/783 1555/762/785
f 1555/762/785 1552/761/783 1466/763/786
f 1562/764/787 1466/763/786 1552/761/783
f 1578/765/788 1562/764/787 1552/761/783
f 1547/760/780 1578/765/788 1552/761/783
f 1555/762/785 1466/763/786 1459/754/789
f 1466/763/786 1454/753/790 1459/754/789
f 1465/750/791 1454/753/790 1466/763/786
f 1465/750/791 1466/763/786 1475/747/792
f 1475/747/792 1466/763/786 1562/764/787
f 1475/747/792 1562/764/787 1508/746/793
f 1508/746/793 1562/764/787 1561/766/794
f 1562/764/787 1578/765/788 1561/766/794
f 1578/765/788 1560/767/795 1561/766/794
f 1560/767/795 1578/765/788 1458/768/796
f 1566/769/797 1458/768/796 1578/765/788
f 1547/760/780 1566/769/797 1578/765/788
f 1502/749/798 1465/750/791 1475/747/792
f 1502/749/798 1475/747/792 34/76/81
f 1508/746/793 34/76/81 1475/747/792
f 1508/746/793 33/745/799 34/76/81
f 1508/746/793 1507/741/800 33/745/799
f 1508/746/793 1559/742/801 1507/741/800
f 1508/746/793 1561/766/794 1559/742/801
f 1558/770/802 1559/742/801 1561/766/794
f 1558/770/802 1561/766/794 1560/767/795
f 1560/767/795 1557/771/803 1558/770/802
f 1560/767/795 1458/768/796 1557/771/803
f 1557/771/803 1458/768/796 1529/772/804
f 1484/773/805 33/745/799 1507/741/800
f 1484/773/805 1507/741/800 1506/774/806
f 1559/742/801 1506/774/806 1507/741/800
f 1559/742/801 1558/770/802 1506/774/806
f 1557/771/803 1506/774/806 1558/770/802
f 1557/771/803 1517/775/807 1506/774/806
f 1557/771/803 1529/772/804 1517/775/807
f 1484/773/805 41/77/82 33/745/799
f 1486/776/808 41/77/82 1484/773/805
f 1486/776/808 1484/773/805 1506/774/806
f 1486/776/808 1506/774/806 1505/777/809
f 1505/777/809 1506/774/806 1556/778/810
f 1517/775/807 1556/778/810 1506/774/806
f 41/77/82 34/76/81 33/745/799
f 1486/776/808 90/75/80 41/77/82
f 90/75/80 1486/776/808 1504/743/811
f 1504/743/811 1486/776/808 1505/777/809
f 1479/779/812 1504/743/811 1505/777/809
f 1479/779/812 1505/777/809 1556/778/810
f 1480/737/813 1479/779/812 1556/778/810
f 1480/737/813 1556/778/810 1517/775/807
f 1480/737/813 1517/775/807 1516/780/814
f 1515/781/815 1516/780/814 1517/775/807
f 1515/781/815 1517/775/807 1522/728/816
f 1529/772/804 1522/728/816 1517/775/807
f 90/75/80 1504/743/811 1503/675/817
f 1504/743/811 1485/782/818 1503/675/817
f 1504/743/811 1479/779/812 1485/782/818
f 1479/779/812 1478/783/819 1485/782/818
f 1479/779/812 1480/737/813 1478/783/819
f 1510/784/820 1478/783/819 1480/737/813
f 1510/784/820 1480/737/813 1516/780/814
f 1516/780/814 1512/785/821 1510/784/820
f 1516/780/814 1515/781/815 1512/785/821
f 1503/675/817 1469/786/822 90/75/80
f 1469/786/822 1503/675/817 1485/782/818
f 90/75/80 1469/786/822 34/76/81
f 1477/787/823 34/76/81 1469/786/822
f 1469/786/822 1489/788/824 1477/787/823
f 1469/786/822 1483/673/825 1489/788/824
f 1502/680/798 34/76/81 1477/787/823
f 1483/677/825 1469/786/822 1485/782/818
f 1483/677/825 1485/782/818 1478/783/819
f 1478/783/819 1509/679/826 1483/677/825
f 1478/783/819 1510/784/820 1509/679/826
f 1510/784/820 1511/682/827 1509/679/826
f 1510/784/820 1512/785/821 1511/682/827
f 1512/785/821 1487/684/828 1511/682/827
f 1512/785/821 1513/722/829 1487/684/828
f 1513/722/829 1512/785/821 1514/723/830
f 1515/781/815 1514/723/830 1512/785/821
f 1515/781/815 1521/724/831 1514/723/830
f 1521/724/831 1515/781/815 1522/728/816
f 1528/789/832 1521/724/831 1522/728/816
f 1529/772/804 1528/789/832 1522/728/816
f 1513/722/829 1518/721/833 1487/684/828
f 1513/722/829 1519/790/834 1518/721/833
f 1514/723/830 1519/790/834 1513/722/829
f 1514/723/830 1520/791/835 1519/790/834
f 1521/724/831 1520/791/835 1514/723/830
f 1521/724/831 1527/792/836 1520/791/835
f 1528/789/832 1527/792/836 1521/724/831
f 1531/793/837 1527/792/836 1528/789/832
f 1529/772/804 1531/793/837 1528/789/832
f 1519/790/834 1481/715/838 1518/721/833
f 1481/715/838 1519/790/834 1525/710/839
f 1520/791/835 1525/710/839 1519/790/834
f 1520/791/835 1526/711/840 1525/710/839
f 1527/792/836 1526/711/840 1520/791/835
f 1527/792/836 1531/793/837 1526/711/840
f 1524/712/841 1526/711/840 1531/793/837
f 1535/720/842 1524/712/841 1531/793/837
f 1529/772/804 1535/720/842 1531/793/837
f 1481/715/838 1525/710/839 1530/704/843
f 1530/704/843 1525/710/839 1523/794/844
f 1523/794/844 1525/710/839 1526/711/840
f 1524/712/841 1523/794/844 1526/711/840
f 1533/706/845 1523/794/844 1524/712/841
f 1533/706/845 1524/712/841 1534/713/846
f 1534/713/846 1524/712/841 1535/720/842
f 1534/713/846 1535/720/842 1539/795/847
f 1529/772/804 1539/795/847 1535/720/842
f 1530/704/843 1523/794/844 1532/697/848
f 1533/706/845 1532/697/848 1523/794/844
f 1553/796/849 1532/697/848 1533/706/845
f 1533/706/845 1538/707/850 1553/796/849
f 1533/706/845 1534/713/846 1538/707/850
f 1538/707/850 1534/713/846 1539/795/847
f 1538/707/850 1539/795/847 1565/797/851
f 1539/795/847 1529/772/804 1565/797/851
f 1565/797/851 1529/772/804 1570/798/852
f 1570/798/852 1529/772/804 1458/768/796
f 1536/696/853 1530/704/843 1532/697/848
f 1536/696/853 1532/697/848 1537/799/854
f 1553/796/849 1537/799/854 1532/697/848
f 1550/800/855 1537/799/854 1553/796/849
f 1553/796/849 1567/801/856 1550/800/855
f 1567/801/856 1553/796/849 1538/707/850
f 1565/797/851 1567/801/856 1538/707/850
f 1565/797/851 1570/798/852 1567/801/856
f 1570/798/852 1579/802/857 1567/801/856
f 1570/798/852 1568/803/858 1579/802/857
f 1568/803/858 1570/798/852 1458/768/796
f 1566/769/797 1568/803/858 1458/768/796
f 1537/799/854 1540/695/859 1536/696/853
f 1541/686/860 1540/695/859 1537/799/854
f 1541/686/860 1537/799/854 1542/804/861
f 1542/804/861 1543/687/862 1541/686/860
f 1544/759/863 1543/687/862 1542/804/861
f 1544/759/863 1542/804/861 1545/805/864
f 1544/759/863 1545/805/864 1546/758/782
f 1547/760/780 1546/758/782 1545/805/864
f 1545/805/864 1548/692/865 1547/760/780
f 1545/805/864 1549/690/866 1548/692/865
f 1549/690/866 1545/805/864 1542/804/861
f 1549/690/866 1542/804/861 1550/800/855
f 1550/800/855 1542/804/861 1537/799/854
f 1566/769/797 1547/760/780 1548/692/865
f 1566/769/797 1548/692/865 1577/701/867
f 1577/701/867 1548/692/865 1549/690/866
f 1577/701/867 1549/690/866 1579/802/857
f 1550/800/855 1579/802/857 1549/690/866
f 1579/802/857 1550/800/855 1567/801/856
f 1568/803/858 1566/769/797 1577/701/867
f 1568/803/858 1577/701/867 1579/802/857
f 340/806/868 1482/807/869 345/808/870
f 340/806/868 1488/809/871 1482/807/869
f 340/806/868 1492/810/872 1488/809/871
f 1490/811/873 1492/810/872 340/806/868
f 1490/811/873 340/806/868 1473/812/874
f 1473/812/874 340/806/868 338/813/875
f 340/806/868 339/814/876 338/813/875
f 1490/811/873 1494/815/877 1492/810/872
f 1490/811/873 1491/816/878 1494/815/877
f 1493/817/879 1490/811/873 1473/812/874
f 1468/818/880 1473/812/874 338/813/875
f 1468/818/880 338/813/875 321/819/881
f 1501/820/882 344/821/883 341/822/884
f 1501/820/882 1569/823/885 344/821/883
f 1501/820/882 1498/824/886 1569/823/885
f 1482/825/869 1498/824/886 1501/820/882
f 345/826/870 1482/825/869 1501/820/882
f 345/826/870 1501/820/882 341/822/884
f 1569/823/885 1470/827/887 344/821/883
f 88/80/85 1470/827/887 1569/823/885
f 1569/823/885 1573/828/888 88/80/85
f 1573/828/888 1569/823/885 1498/824/886
f 1573/828/888 1498/824/886 1488/829/871
f 1498/824/886 1482/825/869 1488/829/871
f 1470/827/887 332/830/889 344/821/883
f 332/830/889 1470/827/887 331/831/890
f 330/832/891 331/831/890 1470/827/887
f 330/832/891 1470/827/887 329/833/892
f 1470/827/887 1471/834/893 329/833/892
f 1470/827/887 1497/835/894 1471/834/893
f 1497/835/894 1470/827/887 1496/836/895
f 1496/836/895 1470/827/887 88/80/85
f 331/831/890 339/837/876 332/830/889
f 339/837/876 331/831/890 338/838/875
f 330/832/891 338/838/875 331/831/890
f 321/839/881 338/838/875 330/832/891
f 321/839/881 330/832/891 329/833/892
f 332/830/889 339/837/876 340/840/868
f 332/830/889 340/840/868 344/821/883
f 345/841/870 344/821/883 340/840/868
f 345/841/870 341/822/884 344/821/883
f 1497/835/894 1496/836/895 1495/842/896
f 88/80/85 1573/828/888 1488/829/871
f 88/80/85 1488/829/871 1492/843/872
f 1492/843/872 93/78/83 88/80/85
f 89/79/84 93/78/83 1492/843/872
f 89/79/84 1492/843/872 1494/844/877
f 1494/844/877 1472/845/897 89/79/84
f 1491/846/878 1472/845/897 1494/844/877
f 1491/846/878 1474/847/898 1472/845/897
f 1476/848/899 1474/847/898 1491/846/878
f 1476/848/899 1491/846/878 1490/849/873
f 1496/836/895 1476/848/899 1490/849/873
f 1496/836/895 1490/849/873 1493/850/879
f 1496/836/895 1493/850/879 1495/842/896
f 1495/842/896 1493/850/879 1497/835/894
f 1473/851/874 1497/835/894 1493/850/879
f 1473/851/874 1471/834/893 1497/835/894
f 1473/851/874 1468/852/880 1471/834/893
f 329/833/892 1471/834/893 1468/852/880
f 329/833/892 1468/852/880 321/853/881
f 1472/845/897 88/80/85 89/79/84
f 1472/845/897 1496/836/895 88/80/85
f 1496/836/895 1472/845/897 1474/847/898
f 1496/836/895 1474/847/898 1476/848/899
f 1572/854/900 1571/819/901 1627/855/902
f 1627/855/902 1499/856/903 1572/854/900
f 1499/856/903 1627/855/902 1575/857/904
f 1580/858/905 1575/857/904 1627/855/902
f 1580/858/905 1627/855/902 1628/859/906
f 1626/860/907 1628/859/906 1627/855/902
f 1575/857/904 1580/858/905 1574/861/908
f 1575/857/904 1574/861/908 1500/862/909
f 1628/859/906 1582/863/910 1580/858/905
f 1581/864/911 1582/863/910 1628/859/906
f 1628/859/906 1576/808/912 1581/864/911
f 1628/865/906 268/866/913 1576/841/912
f 1628/865/906 363/867/914 268/866/913
f 1628/865/906 1626/868/907 363/867/914
f 1626/868/907 362/869/915 363/867/914
f 362/869/915 1626/868/907 1627/870/902
f 351/871/916 362/869/915 1627/870/902
f 351/871/916 1627/870/902 1571/839/901
f 351/871/916 1571/839/901 347/872/917
f 268/866/913 363/867/914 266/873/918
f 266/873/918 363/867/914 362/869/915
f 362/869/915 351/871/916 266/873/918
f 361/874/919 266/873/918 351/871/916
f 351/871/916 350/875/920 361/874/919
f 351/871/916 347/872/917 350/875/920
f 267/876/921 268/866/913 266/873/918
f 256/877/922 267/876/921 266/873/918
f 261/878/923 256/877/922 266/873/918
f 261/878/923 266/873/918 349/879/924
f 349/879/924 266/873/918 361/874/919
f 367/880/925 349/879/924 361/874/919
f 367/880/925 361/874/919 366/881/926
f 350/875/920 366/881/926 361/874/919
f 1572/882/900 366/881/926 350/875/920
f 1571/853/901 1572/882/900 350/875/920
f 1571/853/901 350/875/920 347/872/917
f 261/878/923 251/883/927 256/877/922
f 366/881/926 1572/882/900 1499/884/903
f 367/880/925 366/881/926 1499/884/903
f 1575/885/904 367/880/925 1499/884/903
f 1575/885/904 346/886/928 367/880/925
f 360/887/929 346/886/928 1575/885/904
f 360/887/929 1575/885/904 1500/888/909
f 1500/888/909 348/889/930 360/887/929
f 348/889/930 1500/888/909 1574/890/908
f 367/880/925 346/886/928 349/879/924
f 348/889/930 1574/890/908 364/891/931
f 1574/890/908 365/892/932 364/891/931
f 1574/890/908 1580/893/905 365/892/932
f 365/892/932 1580/893/905 261/878/923
f 261/878/923 1580/893/905 1582/894/910
f 261/878/923 1582/894/910 251/883/927
f 1582/894/910 256/877/922 251/883/927
f 256/877/922 1582/894/910 1581/895/911
f 256/877/922 1581/895/911 267/876/921
f 267/876/921 1581/895/911 1576/826/912
f 267/876/921 1576/826/912 268/866/913
f 96/81/86 91/83/88 273/896/933
f 1724/897/934 273/896/933 91/83/88
f 1723/898/935 1724/897/934 91/83/88
f 91/83/88 1376/229/234 1723/898/935
f 1722/899/936 1723/898/935 1376/229/234
f 1722/899/936 1719/900/937 1723/898/935
f 1718/901/938 1719/900/937 1722/899/936
f 1724/897/934 269/902/939 273/896/933
f 269/902/939 1724/897/934 1725/903/940
f 1720/904/941 1725/903/940 1724/897/934
f 1723/898/935 1720/904/941 1724/897/934
f 1720/904/941 1723/898/935 1719/900/937
f 1714/905/942 1720/904/941 1719/900/937
f 1713/906/943 1714/905/942 1719/900/937
f 1718/901/938 1713/906/943 1719/900/937
f 1717/907/944 1713/906/943 1718/901/938
f 1717/907/944 1712/908/945 1713/906/943
f 1712/908/945 1717/907/944 876/909/946
f 269/902/939 1725/903/940 281/910/947
f 281/910/947 1725/903/940 1716/911/948
f 1721/912/949 1716/911/948 1725/903/940
f 1720/904/941 1721/912/949 1725/903/940
f 1721/912/949 1720/904/941 1714/905/942
f 1714/905/942 1715/913/950 1721/912/949
f 1715/913/950 1714/905/942 1710/914/951
f 1710/914/951 1714/905/942 1709/915/952
f 1713/906/943 1709/915/952 1714/905/942
f 1712/908/945 1709/915/952 1713/906/943
f 281/910/947 1716/911/948 1726/916/953
f 1716/911/948 1727/917/954 1726/916/953
f 1727/917/954 1716/911/948 1704/918/955
f 1711/919/956 1704/918/955 1716/911/948
f 1711/919/956 1716/911/948 1715/913/950
f 1721/912/949 1715/913/950 1716/911/948
f 1727/917/954 1704/918/955 1728/920/957
f 1694/921/958 1728/920/957 1704/918/955
f 1694/921/958 1704/918/955 1693/922/959
f 1703/923/960 1693/922/959 1704/918/955
f 1704/918/955 1707/924/961 1703/923/960
f 1711/919/956 1707/924/961 1704/918/955
f 1706/925/962 1707/924/961 1711/919/956
f 1706/925/962 1711/919/956 1710/914/951
f 1711/919/956 1715/913/950 1710/914/951
f 1686/926/963 1694/921/958 1693/922/959
f 1686/926/963 1693/922/959 1692/927/964
f 1697/928/965 1692/927/964 1693/922/959
f 1697/928/965 1693/922/959 1703/923/960
f 1696/929/966 1697/928/965 1703/923/960
f 1696/929/966 1703/923/960 1702/930/967
f 1707/924/961 1702/930/967 1703/923/960
f 1707/924/961 1706/925/962 1702/930/967
f 1702/930/967 1706/925/962 1701/931/968
f 1705/932/969 1701/931/968 1706/925/962
f 1705/932/969 1706/925/962 1710/914/951
f 1685/933/970 1686/926/963 1692/927/964
f 1692/927/964 1691/934/971 1685/933/970
f 1692/927/964 1697/928/965 1691/934/971
f 1696/929/966 1691/934/971 1697/928/965
f 1696/929/966 1730/935/972 1691/934/971
f 1729/936/973 1730/935/972 1696/929/966
f 1729/936/973 1696/929/966 1701/931/968
f 1702/930/967 1701/931/968 1696/929/966
f 1685/933/970 1684/937/974 1686/926/963
f 1683/938/975 1684/937/974 1685/933/970
f 1685/933/970 1690/939/976 1683/938/975
f 1685/933/970 1691/934/971 1690/939/976
f 1730/935/972 1690/939/976 1691/934/971
f 1730/935/972 1668/940/977 1690/939/976
f 1668/940/977 1730/935/972 1664/941/978
f 1730/935/972 1729/936/973 1664/941/978
f 1664/941/978 1729/936/973 1731/942/979
f 1729/936/973 1673/943/980 1731/942/979
f 1701/931/968 1673/943/980 1729/936/973
f 1683/938/975 1682/944/981 1684/937/974
f 1682/944/981 1683/938/975 1681/945/982
f 1683/938/975 1688/946/983 1681/945/982
f 1683/938/975 1689/947/984 1688/946/983
f 1689/947/984 1683/938/975 1690/939/976
f 1689/947/984 1690/939/976 1668/940/977
f 1695/948/985 1689/947/984 1668/940/977
f 1695/948/985 1668/940/977 1665/949/986
f 1668/940/977 1664/941/978 1665/949/986
f 1682/944/981 1681/945/982 1678/950/987
f 1678/950/987 1681/945/982 1680/951/988
f 1681/945/982 1687/952/989 1680/951/988
f 1681/945/982 1688/946/983 1687/952/989
f 1695/948/985 1687/952/989 1688/946/983
f 1695/948/985 1688/946/983 1689/947/984
f 1678/950/987 1680/951/988 1679/953/990
f 1701/931/968 1705/932/969 1673/943/980
f 1672/954/991 1673/943/980 1705/932/969
f 1672/954/991 1705/932/969 1708/955/992
f 1705/932/969 1709/915/952 1708/955/992
f 1705/932/969 1710/914/951 1709/915/952
f 1731/942/979 1673/943/980 1672/954/991
f 1731/942/979 1672/954/991 1667/956/993
f 1672/954/991 1671/957/994 1667/956/993
f 1708/955/992 1671/957/994 1672/954/991
f 1708/955/992 1712/908/945 1671/957/994
f 1712/908/945 1708/955/992 1709/915/952
f 1661/958/995 1731/942/979 1667/956/993
f 1667/956/993 1666/959/996 1661/958/995
f 1667/956/993 1670/960/997 1666/959/996
f 1671/957/994 1670/960/997 1667/956/993
f 1671/957/994 876/909/946 1670/960/997
f 1712/908/945 876/909/946 1671/957/994
f 1661/958/995 1662/961/998 1731/942/979
f 1662/961/998 1661/958/995 1655/962/999
f 1654/963/1000 1655/962/999 1661/958/995
f 1654/963/1000 1661/958/995 1666/959/996
f 1666/959/996 1669/964/1001 1654/963/1000
f 1670/960/997 1669/964/1001 1666/959/996
f 1669/964/1001 1670/960/997 1677/965/1002
f 876/909/946 1677/965/1002 1670/960/997
f 1731/942/979 1662/961/998 1663/966/1003
f 1655/962/999 1663/966/1003 1662/961/998
f 1655/962/999 1656/967/1004 1663/966/1003
f 1650/968/1005 1656/967/1004 1655/962/999
f 1650/968/1005 1655/962/999 1648/969/1006
f 1655/962/999 1654/963/1000 1648/969/1006
f 1353/226/232 1648/969/1006 1654/963/1000
f 1353/226/232 1654/963/1000 1674/970/1007
f 1674/970/1007 1654/963/1000 1669/964/1001
f 1664/941/978 1731/942/979 1663/966/1003
f 1657/971/1008 1664/941/978 1663/966/1003
f 1657/971/1008 1663/966/1003 1656/967/1004
f 1657/971/1008 1656/967/1004 1650/968/1005
f 1657/971/1008 1650/968/1005 1652/972/1009
f 1651/973/1010 1652/972/1009 1650/968/1005
f 1649/974/1011 1651/973/1010 1650/968/1005
f 1649/974/1011 1650/968/1005 1648/969/1006
f 1649/974/1011 1648/969/1006 250/975/1012
f 1353/226/232 250/975/1012 1648/969/1006
f 1353/226/232 236/976/1013 250/975/1012
f 1353/226/232 265/228/230 236/976/1013
f 1657/971/1008 1665/949/986 1664/941/978
f 1657/971/1008 1658/977/1014 1665/949/986
f 1658/977/1014 1657/971/1008 1652/972/1009
f 1658/977/1014 1652/972/1009 1659/978/1015
f 1659/978/1015 1652/972/1009 1653/979/1016
f 1651/973/1010 1653/979/1016 1652/972/1009
f 1658/977/1014 1695/948/985 1665/949/986
f 1658/977/1014 1698/980/1017 1695/948/985
f 1698/980/1017 1658/977/1014 1659/978/1015
f 1698/980/1017 1659/978/1015 1699/981/1018
f 1660/982/1019 1699/981/1018 1659/978/1015
f 1659/978/1015 1653/979/1016 1660/982/1019
f 1695/948/985 1698/980/1017 1687/952/989
f 1687/952/989 1698/980/1017 1699/981/1018
f 1687/952/989 1699/981/1018 1680/951/988
f 1680/951/988 1699/981/1018 1700/983/1020
f 1660/982/1019 1700/983/1020 1699/981/1018
f 1680/951/988 1700/983/1020 1679/984/990
f 1669/964/1001 1675/985/1021 1674/970/1007
f 1669/964/1001 1676/986/1022 1675/985/1021
f 1669/964/1001 1677/965/1002 1676/986/1022
f 260/225/231 265/224/230 1647/987/1023
f 1647/987/1023 1646/988/1024 260/225/231
f 1646/988/1024 1647/987/1023 1645/989/1025
f 1645/989/1025 1642/990/1026 1646/988/1024
f 1641/991/1027 1642/990/1026 1645/989/1025
f 1641/991/1027 1629/992/1028 1642/990/1026
f 1641/991/1027 1768/993/1029 1629/992/1028
f 260/225/231 1646/988/1024 1644/994/1030
f 1642/990/1026 1644/994/1030 1646/988/1024
f 1643/995/1031 1644/994/1030 1642/990/1026
f 1642/990/1026 1630/996/1032 1643/995/1031
f 1642/990/1026 1629/992/1028 1630/996/1032
f 1629/992/1028 1771/997/1033 1630/996/1032
f 1629/992/1028 1768/993/1029 1771/997/1033
f 1767/998/1034 1771/997/1033 1768/993/1029
f 1767/998/1034 1768/993/1029 1635/999/1035
f 260/225/231 1644/994/1030 259/1000/1036
f 1784/1001/1037 259/1000/1036 1644/994/1030
f 1783/1002/1038 1784/1001/1037 1644/994/1030
f 1643/995/1031 1783/1002/1038 1644/994/1030
f 1643/995/1031 1778/1003/1039 1783/1002/1038
f 1778/1003/1039 1643/995/1031 1630/996/1032
f 1771/997/1033 1778/1003/1039 1630/996/1032
f 1779/1004/1040 1778/1003/1039 1771/997/1033
f 1772/1005/1041 1779/1004/1040 1771/997/1033
f 1772/1005/1041 1771/997/1033 1767/998/1034
f 1784/1001/1037 249/1006/1042 259/1000/1036
f 249/1006/1042 1784/1001/1037 1796/1007/1043
f 1783/1002/1038 1796/1007/1043 1784/1001/1037
f 1783/1002/1038 1786/1008/1044 1796/1007/1043
f 1786/1008/1044 1783/1002/1038 1778/1003/1039
f 1779/1004/1040 1786/1008/1044 1778/1003/1039
f 1780/1009/1045 1786/1008/1044 1779/1004/1040
f 1773/1010/1046 1780/1009/1045 1779/1004/1040
f 1773/1010/1046 1779/1004/1040 1772/1005/1041
f 1772/1005/1041 1769/1011/1047 1773/1010/1046
f 1772/1005/1041 1766/1012/1048 1769/1011/1047
f 1766/1012/1048 1772/1005/1041 1767/998/1034
f 249/1006/1042 1796/1007/1043 270/1013/1049
f 1796/1007/1043 272/1014/1050 270/1013/1049
f 1796/1007/1043 1791/1015/1051 272/1014/1050
f 1796/1007/1043 1785/1016/1052 1791/1015/1051
f 1796/1007/1043 1786/1008/1044 1785/1016/1052
f 1780/1009/1045 1785/1016/1052 1786/1008/1044
f 1787/1017/1053 1785/1016/1052 1780/1009/1045
f 1782/1018/1054 1787/1017/1053 1780/1009/1045
f 1782/1018/1054 1780/1009/1045 1773/1010/1046
f 1774/1019/1055 1782/1018/1054 1773/1010/1046
f 1774/1019/1055 1773/1010/1046 1769/1011/1047
f 272/1014/1050 1791/1015/1051 1790/1020/1056
f 1785/1016/1052 1790/1020/1056 1791/1015/1051
f 1785/1016/1052 1787/1017/1053 1790/1020/1056
f 1787/1017/1053 1793/1021/1057 1790/1020/1056
f 1787/1017/1053 1788/1022/1058 1793/1021/1057
f 1781/1023/1059 1788/1022/1058 1787/1017/1053
f 1781/1023/1059 1787/1017/1053 1782/1018/1054
f 1775/1024/1060 1781/1023/1059 1782/1018/1054
f 1775/1024/1060 1782/1018/1054 1774/1019/1055
f 1775/1024/1060 1774/1019/1055 1770/1025/1061
f 1769/1011/1047 1770/1025/1061 1774/1019/1055
f 272/1014/1050 1790/1020/1056 1792/1026/1062
f 1792/1026/1062 1790/1020/1056 1793/1021/1057
f 1792/1026/1062 1793/1021/1057 271/1027/1063
f 271/1027/1063 1793/1021/1057 1800/1028/1064
f 1789/1029/1065 1800/1028/1064 1793/1021/1057
f 1788/1022/1058 1789/1029/1065 1793/1021/1057
f 271/1027/1063 1800/1028/1064 96/1030/86
f 1769/1011/1047 1631/1031/1066 1770/1025/1061
f 1769/1011/1047 1632/1032/1067 1631/1031/1066
f 1769/1011/1047 1766/1012/1048 1632/1032/1067
f 1632/1032/1067 1766/1012/1048 1633/1033/1068
f 1633/1033/1068 1766/1012/1048 1767/998/1034
f 1633/1033/1068 1767/998/1034 1634/1034/1069
f 1635/999/1035 1634/1034/1069 1767/998/1034
f 1635/999/1035 1638/1035/1070 1634/1034/1069
f 1637/1036/1071 1634/1034/1069 1638/1035/1070
f 1640/1037/1072 1637/1036/1071 1638/1035/1070
f 1636/1038/1073 1632/1032/1067 1633/1033/1068
f 1636/1038/1073 1633/1033/1068 1637/1036/1071
f 1637/1036/1071 1633/1033/1068 1634/1034/1069
f 1639/1039/1074 1636/1038/1073 1637/1036/1071
f 1639/1039/1074 1637/1036/1071 1640/1037/1072
f 1770/1025/1061 1776/1040/1075 1775/1024/1060
f 1775/1024/1060 1776/1040/1075 1781/1023/1059
f 1776/1040/1075 1777/1041/1076 1781/1023/1059
f 1777/1041/1076 1788/1022/1058 1781/1023/1059
f 1794/1042/1077 100/89/94 102/88/93
f 100/89/94 1794/1042/1077 1795/1043/1078
f 1563/230/235 1817/1044/1079 1224/1045/1080
f 1825/1046/1081 1817/1044/1079 1563/230/235
f 1563/230/235 1564/231/236 1825/1046/1081
f 1564/231/236 1823/1047/1082 1825/1046/1081
f 1823/1047/1082 1564/231/236 1887/1048/1083
f 1881/1049/1084 1887/1048/1083 1564/231/236
f 1564/231/236 100/89/94 1881/1049/1084
f 99/90/95 100/89/94 1564/231/236
f 1825/1046/1081 1826/1050/1085 1817/1044/1079
f 1823/1047/1082 1826/1050/1085 1825/1046/1081
f 1823/1047/1082 1824/1051/1086 1826/1050/1085
f 1818/1052/1087 1824/1051/1086 1823/1047/1082
f 1823/1047/1082 1887/1048/1083 1818/1052/1087
f 1887/1048/1083 1931/1053/1088 1818/1052/1087
f 1934/1054/1089 1931/1053/1088 1887/1048/1083
f 1934/1054/1089 1887/1048/1083 1888/1055/1090
f 1887/1048/1083 1881/1049/1084 1888/1055/1090
f 1888/1055/1090 1881/1049/1084 1882/1056/1091
f 1881/1049/1084 1871/1057/1092 1882/1056/1091
f 1871/1057/1092 1881/1049/1084 100/89/94
f 1871/1057/1092 100/89/94 1795/1043/1078
f 1818/1052/1087 945/1058/1093 1824/1051/1086
f 1931/1053/1088 945/1058/1093 1818/1052/1087
f 1931/1053/1088 944/1059/1094 945/1058/1093
f 944/1059/1094 1931/1053/1088 1822/1060/1095
f 1934/1054/1089 1822/1060/1095 1931/1053/1088
f 1927/1061/1096 1822/1060/1095 1934/1054/1089
f 1936/1062/1097 1927/1061/1096 1934/1054/1089
f 1936/1062/1097 1934/1054/1089 1937/1063/1098
f 1934/1054/1089 1888/1055/1090 1937/1063/1098
f 1888/1055/1090 1947/1064/1099 1937/1063/1098
f 1888/1055/1090 1889/1065/1100 1947/1064/1099
f 1888/1055/1090 1882/1056/1091 1889/1065/1100
f 944/1059/1094 1822/1060/1095 1820/1066/1101
f 1820/1066/1101 1822/1060/1095 1927/1061/1096
f 1820/1066/1101 1927/1061/1096 1827/1067/1102
f 1927/1061/1096 1821/1068/1103 1827/1067/1102
f 1821/1068/1103 1927/1061/1096 1819/1069/1104
f 1933/1070/1105 1819/1069/1104 1927/1061/1096
f 1936/1062/1097 1933/1070/1105 1927/1061/1096
f 1936/1062/1097 1938/1071/1106 1933/1070/1105
f 1939/1072/1107 1938/1071/1106 1936/1062/1097
f 1936/1062/1097 1940/1073/1108 1939/1072/1107
f 1936/1062/1097 1937/1063/1098 1940/1073/1108
f 1937/1063/1098 1947/1064/1099 1940/1073/1108
f 1908/1074/1109 1940/1073/1108 1947/1064/1099
f 1908/1074/1109 1947/1064/1099 1889/1065/1100
f 1821/1068/1103 1819/1069/1104 1815/1075/1110
f 1815/1075/1110 1819/1069/1104 1816/1076/1111
f 1932/1077/1112 1816/1076/1111 1819/1069/1104
f 1933/1070/1105 1932/1077/1112 1819/1069/1104
f 1946/1078/1113 1932/1077/1112 1933/1070/1105
f 1946/1078/1113 1933/1070/1105 1938/1071/1106
f 1938/1071/1106 1945/1079/1114 1946/1078/1113
f 1938/1071/1106 1942/1080/1115 1945/1079/1114
f 1939/1072/1107 1942/1080/1115 1938/1071/1106
f 1815/1075/1110 1816/1076/1111 1814/1081/1116
f 1814/1081/1116 1816/1076/1111 1813/1082/1117
f 1816/1076/1111 1810/1083/1118 1813/1082/1117
f 1816/1076/1111 1811/1084/1119 1810/1083/1118
f 1932/1077/1112 1811/1084/1119 1816/1076/1111
f 1811/1084/1119 1932/1077/1112 1935/1085/1120
f 1935/1085/1120 1932/1077/1112 1946/1078/1113
f 3108/1086/1121 1935/1085/1120 1946/1078/1113
f 3108/1086/1121 1946/1078/1113 1943/1087/1122
f 1946/1078/1113 1945/1079/1114 1943/1087/1122
f 1813/1082/1117 1809/1088/1123 1814/1081/1116
f 1813/1082/1117 1807/1089/1124 1809/1088/1123
f 1810/1083/1118 1807/1089/1124 1813/1082/1117
f 1810/1083/1118 1808/1090/1125 1807/1089/1124
f 1806/1091/1126 1808/1090/1125 1810/1083/1118
f 1812/1092/1127 1806/1091/1126 1810/1083/1118
f 1812/1092/1127 1810/1083/1118 1811/1084/1119
f 1807/1089/1124 1801/1093/1128 1809/1088/1123
f 1807/1089/1124 1803/1094/1129 1801/1093/1128
f 1808/1090/1125 1803/1094/1129 1807/1089/1124
f 1808/1090/1125 1804/1095/1130 1803/1094/1129
f 1808/1090/1125 1805/1096/1131 1804/1095/1130
f 1808/1090/1125 1806/1091/1126 1805/1096/1131
f 4811/1097/1132 1805/1096/1131 1806/1091/1126
f 4811/1097/1132 1806/1091/1126 4813/1098/1133
f 4813/1098/1133 1806/1091/1126 1812/1092/1127
f 1804/1095/1130 1799/1099/1134 1803/1094/1129
f 1804/1095/1130 1802/1100/1135 1799/1099/1134
f 1802/1100/1135 1804/1095/1130 1805/1096/1131
f 1802/1100/1135 1805/1096/1131 3097/1101/1136
f 3097/1101/1136 1805/1096/1131 4811/1097/1132
f 4810/1102/1137 3097/1101/1136 4811/1097/1132
f 4811/1097/1132 3096/1103/1138 4810/1102/1137
f 4811/1097/1132 4813/1098/1133 3096/1103/1138
f 3096/1103/1138 4813/1098/1133 4814/1104/1139
f 4813/1098/1133 1812/1092/1127 4814/1104/1139
f 1801/1093/1128 1803/1094/1129 1799/1099/1134
f 1801/1093/1128 1799/1099/1134 1798/1105/1140
f 1799/1099/1134 3124/1106/1141 1798/1105/1140
f 1799/1099/1134 3087/1107/1142 3124/1106/1141
f 4794/1108/1143 3087/1107/1142 1799/1099/1134
f 4794/1108/1143 1799/1099/1134 1802/1100/1135
f 4794/1108/1143 1802/1100/1135 3097/1101/1136
f 4794/1108/1143 3097/1101/1136 3090/1109/1144
f 3090/1109/1144 3097/1101/1136 4809/1110/1145
f 4810/1102/1137 4809/1110/1145 3097/1101/1136
f 3087/1107/1142 3086/1111/1146 3124/1106/1141
f 3086/1111/1146 3087/1107/1142 3085/1112/1147
f 3087/1107/1142 3084/1113/1148 3085/1112/1147
f 3087/1107/1142 4794/1108/1143 3084/1113/1148
f 4794/1108/1143 4585/1114/1149 3084/1113/1148
f 3090/1109/1144 4585/1114/1149 4794/1108/1143
f 3089/1115/1150 4585/1114/1149 3090/1109/1144
f 4809/1110/1145 3089/1115/1150 3090/1109/1144
f 4809/1110/1145 3088/1116/1151 3089/1115/1150
f 4810/1102/1137 3088/1116/1151 4809/1110/1145
f 3086/1111/1146 3085/1112/1147 3137/1117/1152
f 3137/1117/1152 3085/1112/1147 4944/1118/1153
f 3085/1112/1147 4943/1119/1154 4944/1118/1153
f 3085/1112/1147 3084/1113/1148 4943/1119/1154
f 3143/1120/1155 4943/1119/1154 3084/1113/1148
f 3089/1115/1150 3143/1120/1155 3084/1113/1148
f 3089/1115/1150 3084/1113/1148 4585/1114/1149
f 3137/1117/1152 4944/1118/1153 3141/1121/1156
f 4944/1118/1153 3158/1122/1157 3141/1121/1156
f 4944/1118/1153 3157/1123/1158 3158/1122/1157
f 4944/1118/1153 3156/1124/1159 3157/1123/1158
f 4944/1118/1153 4943/1119/1154 3156/1124/1159
f 4943/1119/1154 3159/1125/1160 3156/1124/1159
f 4943/1119/1154 3146/1126/1161 3159/1125/1160
f 3143/1120/1155 3146/1126/1161 4943/1119/1154
f 3146/1126/1161 3143/1120/1155 3095/1127/1162
f 3143/1120/1155 3088/1116/1151 3095/1127/1162
f 3143/1120/1155 3089/1115/1150 3088/1116/1151
f 3158/1122/1157 3157/1123/1158 3153/1128/1163
f 3156/1124/1159 3153/1128/1163 3157/1123/1158
f 3155/1129/1164 3153/1128/1163 3156/1124/1159
f 3168/1130/1165 3155/1129/1164 3156/1124/1159
f 3168/1130/1165 3156/1124/1159 3159/1125/1160
f 3168/1130/1165 3159/1125/1160 3145/1131/1166
f 3145/1131/1166 3159/1125/1160 3144/1132/1167
f 3146/1126/1161 3144/1132/1167 3159/1125/1160
f 3146/1126/1161 4586/1133/1168 3144/1132/1167
f 3146/1126/1161 3095/1127/1162 4586/1133/1168
f 3158/1122/1157 3153/1128/1163 3149/1134/1169
f 3092/1135/1170 3149/1134/1169 3153/1128/1163
f 3092/1135/1170 3153/1128/1163 4928/1136/1171
f 4928/1136/1171 3153/1128/1163 4946/1137/1172
f 3153/1128/1163 3155/1129/1164 4946/1137/1172
f 3155/1129/1164 3152/1138/1173 4946/1137/1172
f 3154/1139/1174 3152/1138/1173 3155/1129/1164
f 3154/1139/1174 3155/1129/1164 3168/1130/1165
f 3154/1139/1174 3168/1130/1165 3147/1140/1175
f 3168/1130/1165 3145/1131/1166 3147/1140/1175
f 3093/1141/1176 3092/1135/1170 4928/1136/1171
f 3093/1141/1176 4928/1136/1171 4938/1142/1177
f 4938/1142/1177 4928/1136/1171 4930/1143/1178
f 4928/1136/1171 4929/1144/1179 4930/1143/1178
f 4928/1136/1171 4946/1137/1172 4929/1144/1179
f 4929/1144/1179 4946/1137/1172 3152/1138/1173
f 4929/1144/1179 3152/1138/1173 4942/1145/1180
f 3154/1139/1174 4942/1145/1180 3152/1138/1173
f 3151/1146/1181 4942/1145/1180 3154/1139/1174
f 3154/1139/1174 3147/1140/1175 3151/1146/1181
f 3103/1147/1182 3093/1141/1176 4938/1142/1177
f 4938/1142/1177 3104/1148/1183 3103/1147/1182
f 94/86/91 3104/1148/1183 4938/1142/1177
f 1859/1149/1184 94/86/91 4938/1142/1177
f 4938/1142/1177 4930/1143/1178 1859/1149/1184
f 4937/1150/1185 1859/1149/1184 4930/1143/1178
f 4930/1143/1178 4936/1151/1186 4937/1150/1185
f 4930/1143/1178 4939/1152/1187 4936/1151/1186
f 4929/1144/1179 4939/1152/1187 4930/1143/1178
f 4929/1144/1179 4941/1153/1188 4939/1152/1187
f 4929/1144/1179 4942/1145/1180 4941/1153/1188
f 94/86/91 3109/1154/1189 3104/1148/1183
f 98/84/89 94/86/91 1859/1149/1184
f 3151/1146/1181 4945/1155/1190 4942/1145/1180
f 4942/1145/1180 4945/1155/1190 3150/1156/1191
f 4942/1145/1180 3150/1156/1191 4941/1153/1188
f 4941/1153/1188 3150/1156/1191 4940/1157/1192
f 4941/1153/1188 4940/1157/1192 4939/1152/1187
f 4939/1152/1187 4940/1157/1192 3148/1158/1193
f 4939/1152/1187 3148/1158/1193 4936/1151/1186
f 4936/1151/1186 3148/1158/1193 4935/1159/1194
f 4932/1160/1195 4936/1151/1186 4935/1159/1194
f 4932/1160/1195 4935/1159/1194 4934/1161/1196
f 4933/1162/1197 4932/1160/1195 4934/1161/1196
f 4933/1162/1197 4934/1161/1196 3164/1163/1198
f 3164/1163/1198 1856/1164/1199 4933/1162/1197
f 3164/1163/1198 3236/1165/1200 1856/1164/1199
f 4936/1151/1186 4932/1160/1195 4931/1166/1201
f 4932/1160/1195 1857/1167/1202 4931/1166/1201
f 4932/1160/1195 4933/1162/1197 1857/1167/1202
f 1857/1167/1202 4933/1162/1197 1856/1164/1199
f 4936/1151/1186 4931/1166/1201 4937/1150/1185
f 1859/1149/1184 4937/1150/1185 4931/1166/1201
f 4931/1166/1201 1857/1167/1202 1859/1149/1184
f 4793/1168/1203 4586/1133/1168 3095/1127/1162
f 4793/1168/1203 3095/1127/1162 4792/1169/1204
f 3094/1170/1205 4792/1169/1204 3095/1127/1162
f 3094/1170/1205 3095/1127/1162 3088/1116/1151
f 4810/1102/1137 3094/1170/1205 3088/1116/1151
f 3094/1170/1205 4810/1102/1137 4584/1171/1206
f 3096/1103/1138 4584/1171/1206 4810/1102/1137
f 4793/1168/1203 4792/1169/1204 3091/1172/1207
f 3091/1172/1207 4792/1169/1204 3094/1170/1205
f 3094/1170/1205 4584/1171/1206 3091/1172/1207
f 3100/1173/1208 3091/1172/1207 4584/1171/1206
f 3096/1103/1138 3100/1173/1208 4584/1171/1206
f 3100/1173/1208 3096/1103/1138 3101/1174/1209
f 3096/1103/1138 4814/1104/1139 3101/1174/1209
f 142/1175/1210 3101/1174/1209 4814/1104/1139
f 4814/1104/1139 3108/1086/1121 142/1175/1210
f 4814/1104/1139 1812/1092/1127 3108/1086/1121
f 4793/1168/1203 3091/1172/1207 3098/1176/1211
f 3098/1176/1211 3091/1172/1207 3099/1177/1212
f 3100/1173/1208 3099/1177/1212 3091/1172/1207
f 3099/1177/1212 3100/1173/1208 140/1178/1213
f 3100/1173/1208 3101/1174/1209 140/1178/1213
f 3101/1174/1209 4588/1179/1214 140/1178/1213
f 141/1180/1215 4588/1179/1214 3101/1174/1209
f 142/1175/1210 141/1180/1215 3101/1174/1209
f 141/1180/1215 142/1175/1210 3105/1181/1216
f 4593/1182/1217 3105/1181/1216 142/1175/1210
f 3108/1086/1121 4593/1182/1217 142/1175/1210
f 3098/1176/1211 3099/1177/1212 4812/1183/1218
f 4812/1183/1218 3099/1177/1212 4587/1184/1219
f 3099/1177/1212 140/1178/1213 4587/1184/1219
f 4590/1185/1220 4587/1184/1219 140/1178/1213
f 4588/1179/1214 4590/1185/1220 140/1178/1213
f 4590/1185/1220 4588/1179/1214 4591/1186/1221
f 141/1180/1215 4591/1186/1221 4588/1179/1214
f 141/1180/1215 4592/1187/1222 4591/1186/1221
f 141/1180/1215 3105/1181/1216 4592/1187/1222
f 4812/1183/1218 4587/1184/1219 4589/1188/1223
f 4590/1185/1220 4589/1188/1223 4587/1184/1219
f 4590/1185/1220 3107/1189/1224 4589/1188/1223
f 3106/1190/1225 3107/1189/1224 4590/1185/1220
f 4590/1185/1220 4591/1186/1221 3106/1190/1225
f 3108/1086/1121 1812/1092/1127 1935/1085/1120
f 1935/1085/1120 1812/1092/1127 1811/1084/1119
f 1908/1074/1109 1939/1072/1107 1940/1073/1108
f 1939/1072/1107 1908/1074/1109 1909/1191/1226
f 1909/1191/1226 1908/1074/1109 1905/1192/1227
f 1908/1074/1109 1904/1193/1228 1905/1192/1227
f 1908/1074/1109 1890/1194/1229 1904/1193/1228
f 1908/1074/1109 1889/1065/1100 1890/1194/1229
f 1883/1195/1230 1890/1194/1229 1889/1065/1100
f 1883/1195/1230 1889/1065/1100 1882/1056/1091
f 1939/1072/1107 1909/1191/1226 1942/1080/1115
f 1944/1196/1231 1942/1080/1115 1909/1191/1226
f 1944/1196/1231 1909/1191/1226 1905/1192/1227
f 1906/1197/1232 1944/1196/1231 1905/1192/1227
f 1905/1192/1227 1900/1198/1233 1906/1197/1232
f 1905/1192/1227 1904/1193/1228 1900/1198/1233
f 1900/1198/1233 1904/1193/1228 1891/1199/1234
f 1891/1199/1234 1904/1193/1228 1890/1194/1229
f 1883/1195/1230 1891/1199/1234 1890/1194/1229
f 1945/1079/1114 1942/1080/1115 1944/1196/1231
f 1945/1079/1114 1944/1196/1231 1943/1087/1122
f 1943/1087/1122 1944/1196/1231 1906/1197/1232
f 1907/1200/1235 1943/1087/1122 1906/1197/1232
f 1901/1201/1236 1907/1200/1235 1906/1197/1232
f 1901/1201/1236 1906/1197/1232 1900/1198/1233
f 1897/1202/1237 1901/1201/1236 1900/1198/1233
f 1885/1203/1238 1897/1202/1237 1900/1198/1233
f 1891/1199/1234 1885/1203/1238 1900/1198/1233
f 1891/1199/1234 1884/1204/1239 1885/1203/1238
f 1883/1195/1230 1884/1204/1239 1891/1199/1234
f 1943/1087/1122 1907/1200/1235 3108/1086/1121
f 4593/1182/1217 3108/1086/1121 1907/1200/1235
f 4593/1182/1217 1907/1200/1235 1901/1201/1236
f 1902/1205/1240 4593/1182/1217 1901/1201/1236
f 1897/1202/1237 1902/1205/1240 1901/1201/1236
f 1897/1202/1237 1898/1206/1241 1902/1205/1240
f 1898/1206/1241 1897/1202/1237 1893/1207/1242
f 1885/1203/1238 1893/1207/1242 1897/1202/1237
f 1876/1208/1243 1893/1207/1242 1885/1203/1238
f 1876/1208/1243 1885/1203/1238 1875/1209/1244
f 1885/1203/1238 1884/1204/1239 1875/1209/1244
f 1875/1209/1244 1884/1204/1239 1870/1210/1245
f 1883/1195/1230 1870/1210/1245 1884/1204/1239
f 3105/1181/1216 4593/1182/1217 1902/1205/1240
f 3105/1181/1216 1902/1205/1240 1797/1211/1246
f 1903/1212/1247 1797/1211/1246 1902/1205/1240
f 1903/1212/1247 1902/1205/1240 1898/1206/1241
f 1898/1206/1241 1899/1213/1248 1903/1212/1247
f 1898/1206/1241 1894/1214/1249 1899/1213/1248
f 1894/1214/1249 1898/1206/1241 1893/1207/1242
f 1894/1214/1249 1893/1207/1242 1892/1215/1250
f 1876/1208/1243 1892/1215/1250 1893/1207/1242
f 1866/1216/1251 1892/1215/1250 1876/1208/1243
f 1866/1216/1251 1876/1208/1243 1865/1217/1252
f 1876/1208/1243 1875/1209/1244 1865/1217/1252
f 1870/1210/1245 1865/1217/1252 1875/1209/1244
f 1870/1210/1245 1863/1218/1253 1865/1217/1252
f 1869/1219/1254 1863/1218/1253 1870/1210/1245
f 1883/1195/1230 1869/1219/1254 1870/1210/1245
f 1894/1214/1249 1896/1220/1255 1899/1213/1248
f 1894/1214/1249 1895/1221/1256 1896/1220/1255
f 1895/1221/1256 1894/1214/1249 1892/1215/1250
f 1895/1221/1256 1892/1215/1250 43/46/51
f 1866/1216/1251 43/46/51 1892/1215/1250
f 43/46/51 1866/1216/1251 97/87/92
f 97/87/92 1866/1216/1251 1864/1222/1257
f 1866/1216/1251 1865/1217/1252 1864/1222/1257
f 1863/1218/1253 1864/1222/1257 1865/1217/1252
f 1863/1218/1253 1867/1223/1258 1864/1222/1257
f 1868/1224/1259 1867/1223/1258 1863/1218/1253
f 1869/1219/1254 1868/1224/1259 1863/1218/1253
f 1895/1221/1256 39/45/50 1896/1220/1255
f 1895/1221/1256 44/43/48 39/45/50
f 44/43/48 1895/1221/1256 43/46/51
f 1868/1224/1259 1861/1225/1260 1867/1223/1258
f 1795/1043/1078 1861/1225/1260 1868/1224/1259
f 1871/1057/1092 1795/1043/1078 1868/1224/1259
f 1871/1057/1092 1868/1224/1259 1869/1219/1254
f 1882/1056/1091 1871/1057/1092 1869/1219/1254
f 1882/1056/1091 1869/1219/1254 1883/1195/1230
f 1795/1043/1078 1794/1042/1077 1861/1225/1260
f 1857/1167/1202 1856/1164/1199 98/84/89
f 98/84/89 1859/1149/1184 1857/1167/1202
f 1854/1226/1261 1831/1227/1262 1855/1228/1263
f 1854/1226/1261 1270/573/593 1831/1227/1262
f 1831/1227/1262 1270/573/593 1832/1229/1264
f 1270/573/593 1844/1230/1265 1832/1229/1264
f 1270/573/593 1839/1231/1266 1844/1230/1265
f 1270/573/593 1284/575/595 1839/1231/1266
f 1833/1232/1267 1839/1231/1266 1284/575/595
f 104/93/98 1833/1232/1267 1284/575/595
f 1831/1227/1262 1832/1229/1264 1837/1233/1268
f 1831/1227/1262 1837/1233/1268 1836/1234/1269
f 1829/1235/1270 1831/1227/1262 1836/1234/1269
f 1829/1235/1270 1836/1234/1269 1828/1236/1271
f 1830/1237/1272 1829/1235/1270 1828/1236/1271
f 1829/1235/1270 1830/1237/1272 1846/1238/1273
f 1833/1232/1267 104/93/98 1834/1239/1274
f 104/93/98 1835/1240/1275 1834/1239/1274
f 1835/1240/1275 104/93/98 106/92/97
f 1835/1240/1275 106/92/97 1840/1241/1276
f 51/48/53 1840/1241/1276 106/92/97
f 51/48/53 1842/1242/1277 1840/1241/1276
f 51/48/53 1583/232/237 1842/1242/1277
f 45/50/55 1838/1243/1278 1583/232/237
f 1841/1244/1279 1838/1243/1278 45/50/55
f 107/1245/101 1838/1246/1278 1352/1247/597
f 107/1245/101 1583/1248/237 1838/1246/1278
f 1845/1249/1280 1583/1248/237 107/1245/101
f 1845/1249/1280 1842/1250/1277 1583/1248/237
f 1843/1251/1281 1842/1250/1277 1845/1249/1280
f 1843/1251/1281 1840/1252/1276 1842/1250/1277
f 1840/1252/1276 1843/1251/1281 1849/1253/1282
f 1840/1252/1276 1849/1253/1282 1835/1254/1275
f 1835/1254/1275 1849/1253/1282 1847/1255/1283
f 1835/1254/1275 1847/1255/1283 1834/1256/1274
f 1833/1257/1267 1834/1256/1274 1847/1255/1283
f 1848/1258/1284 1833/1257/1267 1847/1255/1283
f 1848/1258/1284 1839/1259/1266 1833/1257/1267
f 1852/1260/1285 1839/1259/1266 1848/1258/1284
f 1852/1260/1285 1844/1261/1265 1839/1259/1266
f 1852/1260/1285 1850/1262/1286 1844/1261/1265
f 1844/1261/1265 1850/1262/1286 1832/1263/1264
f 1851/1264/1287 1832/1263/1264 1850/1262/1286
f 1851/1264/1287 1837/1265/1268 1832/1263/1264
f 1837/1265/1268 1851/1264/1287 1853/1266/1288
f 1837/1265/1268 1853/1266/1288 1836/1267/1269
f 1858/1268/1289 1836/1267/1269 1853/1266/1288
f 1858/1268/1289 1828/1269/1271 1836/1267/1269
f 1858/1268/1289 1830/1270/1272 1828/1269/1271
f 1858/1268/1289 114/1271/102 1830/1270/1272
f 1274/576/596 1352/577/597 1838/1243/1278
f 1841/1244/1279 1274/576/596 1838/1243/1278
f 45/50/55 1274/576/596 1841/1244/1279
f 1274/576/596 45/50/55 49/53/58
f 45/50/55 53/54/59 49/53/58
f 45/50/55 58/55/60 53/54/59
f 58/55/60 52/51/56 53/54/59
f 58/55/60 46/49/54 52/51/56
f 105/95/100 52/51/56 46/49/54
f 51/48/53 105/95/100 46/49/54
f 51/48/53 50/52/57 105/95/100
f 1860/1272/1290 50/52/57 51/48/53
f 1860/1272/1290 51/48/53 106/92/97
f 106/92/97 1911/1273/1291 1860/1272/1290
f 106/92/97 103/94/99 1911/1273/1291
f 103/94/99 104/93/98 1911/1273/1291
f 1911/1273/1291 104/93/98 1912/1274/1292
f 1916/1275/1293 1912/1274/1292 104/93/98
f 104/93/98 1275/574/594 1916/1275/1293
f 1916/1275/1293 1275/574/594 1915/1276/1294
f 1270/573/593 1915/1276/1294 1275/574/594
f 1270/573/593 1910/1277/1295 1915/1276/1294
f 1270/573/593 1854/1226/1261 1910/1277/1295
f 1910/1277/1295 1854/1226/1261 1855/1228/1263
f 1910/1277/1295 1855/1228/1263 1914/1278/1296
f 1914/1278/1296 1855/1228/1263 1831/1227/1262
f 1914/1278/1296 1831/1227/1262 112/98/103
f 1829/1235/1270 112/98/103 1831/1227/1262
f 1829/1235/1270 1862/1279/1297 112/98/103
f 1874/1280/1298 1862/1279/1297 1829/1235/1270
f 1846/1238/1273 1874/1280/1298 1829/1235/1270
f 1872/1281/1299 1913/1282/1300 70/62/67
f 1873/1283/1301 1872/1281/1299 70/62/67
f 1873/1283/1301 70/62/67 1880/1284/1302
f 70/62/67 1928/1285/1303 1880/1284/1302
f 1928/1285/1303 70/62/67 62/64/69
f 1928/1285/1303 62/64/69 1924/1286/1304
f 62/64/69 1878/1287/1305 1924/1286/1304
f 62/64/69 1918/1288/1306 1878/1287/1305
f 1872/1281/1299 1873/1283/1301 1877/1289/1307
f 1886/1290/1308 1872/1281/1299 1877/1289/1307
f 1886/1290/1308 111/99/104 1872/1281/1299
f 111/99/104 1886/1290/1308 114/97/102
f 1925/1291/1309 1878/1287/1305 1918/1288/1306
f 1925/1291/1309 1918/1288/1306 1917/1292/1310
f 1918/1288/1306 1921/1293/1311 1917/1292/1310
f 1929/1294/1312 1925/1291/1309 1917/1292/1310
f 1930/1295/1313 1929/1294/1312 1917/1292/1310
f 1930/1295/1313 1917/1292/1310 115/103/108
f 115/103/108 1879/233/238 1930/1295/1313
f 113/100/105 1922/1296/1314 59/61/66
f 59/61/66 1922/1296/1314 1919/1297/1315
f 59/61/66 1926/1298/1316 64/59/64
f 1923/1299/1317 1926/1298/1316 59/61/66
f 1879/233/238 116/102/107 1920/1300/1318
f 1941/1301/1319 1920/1300/1318 116/102/107
f 1920/1300/1318 1941/1301/1319 1922/1296/1314
f 1922/1296/1314 1941/1301/1319 1919/1297/1315
f 1941/1301/1319 59/61/66 1919/1297/1315
f 59/61/66 1941/1301/1319 116/102/107
f 117/104/109 59/61/66 116/102/107
f 59/61/66 117/104/109 1923/1299/1317
f 1923/1299/1317 117/104/109 118/101/106
f 1923/1299/1317 118/101/106 1926/1298/1316
f 115/103/108 1926/1298/1316 118/101/106
f 64/59/64 1926/1298/1316 115/103/108
f 64/59/64 115/103/108 60/60/65
f 60/60/65 115/103/108 61/56/61
f 1917/1292/1310 61/56/61 115/103/108
f 1921/1293/1311 61/56/61 1917/1292/1310
f 61/56/61 1921/1293/1311 57/57/62
f 2206/1302/1320 57/57/62 1921/1293/1311
f 1921/1293/1311 1918/1288/1306 2206/1302/1320
f 62/64/69 2206/1302/1320 1918/1288/1306
f 2205/1303/1321 2206/1302/1320 62/64/69
f 2205/1303/1321 62/64/69 63/63/68
f 2206/1302/1320 56/58/63 57/57/62
f 56/58/63 2206/1302/1320 2205/1303/1321
f 2204/1304/1322 2205/1303/1321 63/63/68
f 63/63/68 2203/1305/1323 2204/1304/1322
f 63/63/68 70/62/67 2203/1305/1323
f 1913/1282/1300 2203/1305/1323 70/62/67
f 2202/1306/1324 2203/1305/1323 1913/1282/1300
f 2201/1307/1325 2202/1306/1324 1913/1282/1300
f 2201/1307/1325 1913/1282/1300 1872/1281/1299
f 2200/1308/1326 2201/1307/1325 1872/1281/1299
f 2200/1308/1326 1872/1281/1299 111/99/104
f 111/99/104 1874/1280/1298 2200/1308/1326
f 2200/1308/1326 1874/1280/1298 1846/1238/1273
f 2198/1309/1327 2172/1310/1328 2177/1311/1329
f 2199/1312/1330 2198/1309/1327 2177/1311/1329
f 2199/1312/1330 2177/1311/1329 2155/1313/1331
f 2199/1312/1330 2155/1313/1331 2196/1314/1332
f 2196/1314/1332 2155/1313/1331 2176/1315/1333
f 2196/1314/1332 2176/1315/1333 2195/1316/1334
f 2192/1317/1335 2195/1316/1334 2176/1315/1333
f 2197/1318/1336 2198/1309/1327 2199/1312/1330
f 2196/1314/1332 2197/1318/1336 2199/1312/1330
f 2196/1314/1332 2187/1319/1337 2197/1318/1336
f 2187/1319/1337 2196/1314/1332 2195/1316/1334
f 2195/1316/1334 2186/1320/1338 2187/1319/1337
f 2186/1320/1338 2195/1316/1334 2194/1321/1339
f 2192/1317/1335 2194/1321/1339 2195/1316/1334
f 2192/1317/1335 2193/1322/1340 2194/1321/1339
f 2190/1323/1341 2193/1322/1340 2192/1317/1335
f 2178/1324/1342 2198/1309/1327 2197/1318/1336
f 2178/1324/1342 2197/1318/1336 2173/1325/1343
f 2187/1319/1337 2173/1325/1343 2197/1318/1336
f 2163/1326/1344 2173/1325/1343 2187/1319/1337
f 2186/1320/1338 2163/1326/1344 2187/1319/1337
f 2186/1320/1338 2185/1327/1345 2163/1326/1344
f 2186/1320/1338 2194/1321/1339 2185/1327/1345
f 2194/1321/1339 2193/1322/1340 2185/1327/1345
f 2185/1327/1345 2193/1322/1340 2184/1328/1346
f 2185/1327/1345 2184/1328/1346 2163/1326/1344
f 2183/1329/1347 2163/1326/1344 2184/1328/1346
f 2183/1329/1347 2184/1328/1346 2189/1330/1348
f 2183/1329/1347 2189/1330/1348 2156/1331/1349
f 2189/1330/1348 2191/1332/1350 2156/1331/1349
f 2156/1331/1349 2191/1332/1350 2188/1333/1351
f 2188/1333/1351 2191/1332/1350 2190/1334/1341
f 2188/1333/1351 2190/1334/1341 2179/1335/1352
f 2190/1334/1341 2192/1336/1335 2179/1335/1352
f 2179/1335/1352 2192/1336/1335 2176/1337/1333
f 2176/1337/1333 2158/1338/1353 2179/1335/1352
f 2156/1331/1349 2188/1333/1351 2180/1339/1354
f 2188/1333/1351 2179/1335/1352 2180/1339/1354
f 2174/1340/1355 2180/1339/1354 2179/1335/1352
f 2174/1340/1355 2179/1335/1352 2158/1338/1353
f 2156/1331/1349 2180/1339/1354 2181/1341/1356
f 2180/1339/1354 2174/1340/1355 2181/1341/1356
f 2181/1341/1356 2174/1340/1355 2175/1342/1357
f 2166/1343/1358 2175/1342/1357 2174/1340/1355
f 2166/1343/1358 2174/1340/1355 2158/1338/1353
f 2166/1343/1358 2158/1338/1353 2172/1344/1328
f 2177/1345/1329 2172/1344/1328 2158/1338/1353
f 2155/1346/1331 2177/1345/1329 2158/1338/1353
f 2158/1338/1353 2176/1337/1333 2155/1346/1331
f 2181/1341/1356 2183/1329/1347 2156/1331/1349
f 2181/1341/1356 2169/1347/1359 2183/1329/1347
f 2182/1348/1360 2169/1347/1359 2181/1341/1356
f 2182/1348/1360 2181/1341/1356 2175/1342/1357
f 2183/1329/1347 2169/1347/1359 2163/1326/1344
f 2173/1325/1343 2163/1326/1344 2169/1347/1359
f 2173/1325/1343 2169/1347/1359 2182/1348/1360
f 2173/1325/1343 2182/1348/1360 2159/1349/1361
f 2175/1342/1357 2159/1349/1361 2182/1348/1360
f 2175/1342/1357 2168/1350/1362 2159/1349/1361
f 2166/1343/1358 2168/1350/1362 2175/1342/1357
f 2166/1343/1358 2167/1351/1363 2168/1350/1362
f 2166/1343/1358 2172/1344/1328 2167/1351/1363
f 2159/1349/1361 2178/1324/1342 2173/1325/1343
f 2159/1349/1361 2162/1352/1364 2178/1324/1342
f 2168/1350/1362 2162/1352/1364 2159/1349/1361
f 2167/1351/1363 2162/1352/1364 2168/1350/1362
f 2146/1353/1365 2145/1354/659 2144/1355/660
f 2147/1356/1366 2146/1353/1365 2144/1355/660
f 2147/1356/1366 2144/1355/660 2143/1357/661
f 2143/1357/661 2142/1358/662 2147/1356/1366
f 2142/1358/662 2148/1359/1367 2147/1356/1366
f 2141/1360/663 2148/1359/1367 2142/1358/662
f 2141/1360/663 2149/1361/1368 2148/1359/1367
f 2149/1361/1368 2141/1360/663 71/1362/72
f 2149/1361/1368 71/1362/72 72/1363/71
f 2149/1361/1368 72/1363/71 2150/1364/1369
f 2150/1364/1369 72/1363/71 76/1365/70
f 2147/1356/1366 2148/1359/1367 2151/1366/1370
f 2149/1361/1368 2151/1366/1370 2148/1359/1367
f 2149/1361/1368 2152/1367/1371 2151/1366/1370
f 2152/1367/1371 2149/1361/1368 2150/1364/1369
f 2153/1368/1372 2152/1367/1371 2150/1364/1369
f 2153/1368/1372 2150/1364/1369 1409/1369/640
f 1409/1369/640 2150/1364/1369 76/1365/70
f 2147/1356/1366 2151/1366/1370 2170/1370/1373
f 2164/1371/1374 2170/1370/1373 2151/1366/1370
f 2164/1371/1374 2151/1366/1370 2152/1367/1371
f 2164/1371/1374 2152/1367/1371 2160/1372/1375
f 2160/1372/1375 2152/1367/1371 2157/1373/1376
f 2152/1367/1371 2154/1374/1377 2157/1373/1376
f 2152/1367/1371 2153/1368/1372 2154/1374/1377
f 2146/1353/1365 2147/1356/1366 2170/1370/1373
f 2171/1375/1378 2146/1353/1365 2170/1370/1373
f 4486/1376/1379 2171/1375/1378 2170/1370/1373
f 2164/1371/1374 4486/1376/1379 2170/1370/1373
f 3293/1377/1380 4486/1376/1379 2164/1371/1374
f 2164/1371/1374 2160/1372/1375 3293/1377/1380
f 2165/1378/1381 3293/1377/1380 2160/1372/1375
f 2161/1379/1382 2165/1378/1381 2160/1372/1375
f 2157/1373/1376 2161/1379/1382 2160/1372/1375
f 2146/1353/1365 2171/1375/1378 2145/1354/659
f 2145/1354/659 2171/1375/1378 4488/1380/1383
f 2145/1354/659 4488/1380/1383 2138/1381/655
f 2137/1382/654 2138/1381/655 4488/1380/1383
f 2137/1382/654 4488/1380/1383 4489/1383/1384
f 4487/1384/1385 4489/1383/1384 4488/1380/1383
f 4487/1384/1385 4488/1380/1383 4486/1376/1379
f 4486/1376/1379 4488/1380/1383 2171/1375/1378
f 2136/1385/652 2137/1382/654 4489/1383/1384
f 2136/1385/652 4489/1383/1384 3290/1386/1386
f 3284/1387/1387 3290/1386/1386 4489/1383/1384
f 4489/1383/1384 3292/1388/1388 3284/1387/1387
f 4489/1383/1384 4487/1384/1385 3292/1388/1388
f 4487/1384/1385 3291/1389/1389 3292/1388/1388
f 3291/1389/1389 4487/1384/1385 3293/1377/1380
f 3293/1377/1380 4487/1384/1385 4486/1376/1379
f 722/1390/1390 2136/1385/652 3290/1386/1386
f 710/1391/1391 722/1390/1390 3290/1386/1386
f 710/1391/1391 3290/1386/1386 715/1392/1392
f 3284/1387/1387 715/1392/1392 3290/1386/1386
f 715/1392/1392 3284/1387/1387 661/1393/1393
f 661/1393/1393 3284/1387/1387 654/1394/1394
f 3285/1395/1395 654/1394/1394 3284/1387/1387
f 3284/1387/1387 3292/1388/1388 3285/1395/1395
f 722/1390/1390 725/1396/653 2136/1385/652
f 725/1396/653 722/1390/1390 723/1397/1396
f 722/1390/1390 710/1391/1391 723/1397/1396
f 709/1398/1397 723/1397/1396 710/1391/1391
f 661/1393/1393 709/1398/1397 710/1391/1391
f 661/1393/1393 710/1391/1391 715/1392/1392
f 716/1399/650 725/1396/653 723/1397/1396
f 723/1397/1396 717/1400/1398 716/1399/650
f 723/1397/1396 724/1401/1399 717/1400/1398
f 709/1398/1397 724/1401/1399 723/1397/1396
f 709/1398/1397 720/1402/1400 724/1401/1399
f 707/1403/1401 720/1402/1400 709/1398/1397
f 661/1393/1393 707/1403/1401 709/1398/1397
f 661/1393/1393 706/1404/1402 707/1403/1401
f 654/1394/1394 706/1404/1402 661/1393/1393
f 716/1399/650 717/1400/1398 740/1405/1403
f 717/1400/1398 712/1406/1404 740/1405/1403
f 717/1400/1398 724/1401/1399 712/1406/1404
f 726/1407/1405 712/1406/1404 724/1401/1399
f 726/1407/1405 724/1401/1399 816/1408/1406
f 816/1408/1406 724/1401/1399 720/1402/1400
f 816/1408/1406 720/1402/1400 721/1409/1407
f 720/1402/1400 701/1410/1408 721/1409/1407
f 720/1402/1400 707/1403/1401 701/1410/1408
f 706/1404/1402 701/1410/1408 707/1403/1401
f 716/1399/650 740/1405/1403 743/1411/645
f 740/1405/1403 745/1412/644 743/1411/645
f 740/1405/1403 739/1413/1409 745/1412/644
f 739/1413/1409 740/1405/1403 712/1406/1404
f 738/1414/1410 739/1413/1409 712/1406/1404
f 738/1414/1410 712/1406/1404 726/1407/1405
f 738/1414/1410 726/1407/1405 737/1415/1411
f 737/1415/1411 726/1407/1405 816/1408/1406
f 737/1415/1411 816/1408/1406 721/1409/1407
f 742/1416/1412 737/1415/1411 721/1409/1407
f 721/1409/1407 653/1417/1413 742/1416/1412
f 701/1410/1408 653/1417/1413 721/1409/1407
f 739/1413/1409 736/1418/649 745/1412/644
f 739/1413/1409 735/1419/1414 736/1418/649
f 735/1419/1414 739/1413/1409 741/1420/1415
f 738/1414/1410 741/1420/1415 739/1413/1409
f 748/1421/1416 741/1420/1415 738/1414/1410
f 748/1421/1416 738/1414/1410 749/1422/1417
f 749/1422/1417 738/1414/1410 737/1415/1411
f 749/1422/1417 737/1415/1411 753/1423/1418
f 742/1416/1412 753/1423/1418 737/1415/1411
f 719/1424/1419 753/1423/1418 742/1416/1412
f 719/1424/1419 742/1416/1412 653/1417/1413
f 735/1419/1414 750/1425/648 736/1418/649
f 735/1419/1414 751/1426/1420 750/1425/648
f 741/1420/1415 751/1426/1420 735/1419/1414
f 741/1420/1415 748/1421/1416 751/1426/1420
f 748/1421/1416 734/1427/1421 751/1426/1420
f 748/1421/1416 683/1428/1422 734/1427/1421
f 749/1422/1417 683/1428/1422 748/1421/1416
f 683/1428/1422 749/1422/1417 682/1429/1423
f 747/1430/1424 682/1429/1423 749/1422/1417
f 747/1430/1424 749/1422/1417 753/1423/1418
f 719/1424/1419 747/1430/1424 753/1423/1418
f 751/1426/1420 74/110/114 750/1425/648
f 751/1426/1420 734/1427/1421 74/110/114
f 734/1427/1421 122/108/113 74/110/114
f 734/1427/1421 680/1431/1425 122/108/113
f 683/1428/1422 680/1431/1425 734/1427/1421
f 683/1428/1422 681/1432/1426 680/1431/1425
f 683/1428/1422 752/1433/1427 681/1432/1426
f 683/1428/1422 682/1429/1423 752/1433/1427
f 682/1429/1423 755/1434/1428 752/1433/1427
f 682/1429/1423 756/1435/1429 755/1434/1428
f 747/1430/1424 756/1435/1429 682/1429/1423
f 122/108/113 680/1431/1425 79/109/110
f 675/1436/1430 79/109/110 680/1431/1425
f 674/1437/1431 675/1436/1430 680/1431/1425
f 674/1437/1431 680/1431/1425 681/1432/1426
f 681/1432/1426 755/1434/1428 674/1437/1431
f 681/1432/1426 752/1433/1427 755/1434/1428
f 675/1436/1430 673/1438/636 79/109/110
f 673/1438/636 675/1436/1430 672/1439/1432
f 676/1440/1433 672/1439/1432 675/1436/1430
f 676/1440/1433 675/1436/1430 674/1437/1431
f 677/1441/1434 676/1440/1433 674/1437/1431
f 677/1441/1434 674/1437/1431 755/1434/1428
f 755/1434/1428 756/1435/1429 677/1441/1434
f 677/1441/1434 756/1435/1429 678/1442/1435
f 679/1443/1436 678/1442/1435 756/1435/1429
f 747/1430/1424 679/1443/1436 756/1435/1429
f 673/1438/636 672/1439/1432 671/1444/637
f 670/1445/1437 671/1444/637 672/1439/1432
f 684/1446/1438 670/1445/1437 672/1439/1432
f 684/1446/1438 672/1439/1432 676/1440/1433
f 684/1446/1438 676/1440/1433 677/1441/1434
f 684/1446/1438 677/1441/1434 678/1442/1435
f 678/1442/1435 669/1447/1439 684/1446/1438
f 678/1442/1435 668/1448/1440 669/1447/1439
f 679/1443/1436 668/1448/1440 678/1442/1435
f 655/1449/1441 668/1448/1440 679/1443/1436
f 679/1443/1436 718/1450/1442 655/1449/1441
f 679/1443/1436 747/1430/1424 718/1450/1442
f 747/1430/1424 719/1424/1419 718/1450/1442
f 670/1445/1437 648/1451/638 671/1444/637
f 1409/1369/640 648/1451/638 670/1445/1437
f 1409/1369/640 670/1445/1437 2153/1368/1372
f 2153/1368/1372 670/1445/1437 649/1452/1443
f 649/1452/1443 670/1445/1437 684/1446/1438
f 649/1452/1443 684/1446/1438 669/1447/1439
f 824/1453/1444 649/1452/1443 669/1447/1439
f 824/1453/1444 669/1447/1439 647/1454/1445
f 647/1454/1445 669/1447/1439 668/1448/1440
f 647/1454/1445 668/1448/1440 646/1455/1446
f 655/1449/1441 646/1455/1446 668/1448/1440
f 2153/1368/1372 649/1452/1443 824/1453/1444
f 2153/1368/1372 824/1453/1444 2154/1374/1377
f 823/1456/1447 2154/1374/1377 824/1453/1444
f 823/1456/1447 824/1453/1444 832/1457/1448
f 647/1454/1445 832/1457/1448 824/1453/1444
f 646/1455/1446 832/1457/1448 647/1454/1445
f 831/1458/1449 832/1457/1448 646/1455/1446
f 655/1449/1441 831/1458/1449 646/1455/1446
f 655/1449/1441 830/1459/1450 831/1458/1449
f 830/1459/1450 655/1449/1441 664/1460/1451
f 664/1460/1451 655/1449/1441 718/1450/1442
f 823/1456/1447 2157/1373/1376 2154/1374/1377
f 823/1456/1447 815/1461/1452 2157/1373/1376
f 822/1462/1453 815/1461/1452 823/1456/1447
f 822/1462/1453 823/1456/1447 831/1458/1449
f 831/1458/1449 823/1456/1447 832/1457/1448
f 2157/1373/1376 815/1461/1452 2161/1379/1382
f 820/1463/1454 2161/1379/1382 815/1461/1452
f 820/1463/1454 815/1461/1452 822/1462/1453
f 820/1463/1454 822/1462/1453 830/1459/1450
f 830/1459/1450 822/1462/1453 831/1458/1449
f 2165/1378/1381 2161/1379/1382 820/1463/1454
f 2165/1378/1381 820/1463/1454 828/1464/1455
f 820/1463/1454 829/1465/1456 828/1464/1455
f 820/1463/1454 830/1459/1450 829/1465/1456
f 666/1466/1457 829/1465/1456 830/1459/1450
f 656/1467/1458 666/1466/1457 830/1459/1450
f 830/1459/1450 664/1460/1451 656/1467/1458
f 828/1464/1455 658/1468/1459 2165/1378/1381
f 829/1465/1456 658/1468/1459 828/1464/1455
f 658/1468/1459 829/1465/1456 665/1469/1460
f 829/1465/1456 666/1466/1457 665/1469/1460
f 665/1469/1460 666/1466/1457 651/1470/1461
f 656/1467/1458 651/1470/1461 666/1466/1457
f 656/1467/1458 659/1471/1462 651/1470/1461
f 659/1471/1462 656/1467/1458 660/1472/1463
f 656/1467/1458 664/1460/1451 660/1472/1463
f 660/1472/1463 664/1460/1451 718/1450/1442
f 660/1472/1463 718/1450/1442 719/1424/1419
f 663/1473/1464 2165/1378/1381 658/1468/1459
f 658/1468/1459 662/1474/1465 663/1473/1464
f 658/1468/1459 665/1469/1460 662/1474/1465
f 657/1475/1466 662/1474/1465 665/1469/1460
f 657/1475/1466 665/1469/1460 652/1476/1467
f 652/1476/1467 665/1469/1460 651/1470/1461
f 652/1476/1467 651/1470/1461 667/1477/1468
f 659/1471/1462 667/1477/1468 651/1470/1461
f 2165/1378/1381 663/1473/1464 3293/1377/1380
f 3291/1389/1389 3293/1377/1380 663/1473/1464
f 657/1475/1466 3291/1389/1389 663/1473/1464
f 657/1475/1466 663/1473/1464 662/1474/1465
f 3291/1389/1389 657/1475/1466 3261/1478/1469
f 657/1475/1466 652/1476/1467 3261/1478/1469
f 654/1394/1394 3261/1478/1469 652/1476/1467
f 667/1477/1468 654/1394/1394 652/1476/1467
f 667/1477/1468 706/1404/1402 654/1394/1394
f 706/1404/1402 667/1477/1468 701/1410/1408
f 659/1471/1462 701/1410/1408 667/1477/1468
f 701/1410/1408 659/1471/1462 653/1417/1413
f 659/1471/1462 660/1472/1463 653/1417/1413
f 3261/1478/1469 3292/1388/1388 3291/1389/1389
f 3285/1395/1395 3292/1388/1388 3261/1478/1469
f 654/1394/1394 3285/1395/1395 3261/1478/1469
f 719/1424/1419 653/1417/1413 660/1472/1463
f 2119/1479/1470 2121/1480/1471 2120/1481/1472
f 2120/1481/1472 2121/1480/1471 2122/1482/1473
f 2122/1482/1473 2121/1480/1471 2123/1483/1474
f 2122/1482/1473 2123/1483/1474 2124/1484/1475
f 2124/1484/1475 2125/1485/1476 2122/1482/1473
f 2122/1482/1473 2125/1485/1476 2126/1486/1477
f 2126/1486/1477 2127/1487/1478 2122/1482/1473
f 2120/1481/1472 2122/1482/1473 2127/1487/1478
f 2099/1488/1479 2117/1489/1480 2118/1490/1481
f 2099/1488/1479 2116/1491/1482 2117/1489/1480
f 2099/1488/1479 2115/1492/1483 2116/1491/1482
f 2099/1488/1479 2114/1493/1484 2115/1492/1483
f 2099/1488/1479 2113/1494/1485 2114/1493/1484
f 2099/1488/1479 2112/1495/1486 2113/1494/1485
f 2099/1488/1479 2111/1496/1487 2112/1495/1486
f 2099/1488/1479 2110/1497/1488 2111/1496/1487
f 2099/1488/1479 2109/1498/1489 2110/1497/1488
f 2099/1488/1479 2108/1499/1490 2109/1498/1489
f 2099/1488/1479 2107/1500/1491 2108/1499/1490
f 2099/1488/1479 2106/1501/1492 2107/1500/1491
f 2099/1488/1479 2105/1502/1493 2106/1501/1492
f 2099/1488/1479 2104/1503/1494 2105/1502/1493
f 2099/1488/1479 2103/1504/1495 2104/1503/1494
f 2099/1488/1479 2102/1505/1496 2103/1504/1495
f 2099/1488/1479 2100/1506/1497 2102/1505/1496
f 2099/1488/1479 2101/1507/1498 2100/1506/1497
f 2079/1488/1499 2098/1490/1500 2097/1489/1501
f 2079/1488/1499 2097/1489/1501 2096/1491/1502
f 2079/1488/1499 2096/1491/1502 2095/1492/1503
f 2079/1488/1499 2095/1492/1503 2094/1493/1504
f 2079/1488/1499 2094/1493/1504 2093/1494/1505
f 2079/1488/1499 2093/1494/1505 2092/1495/1506
f 2079/1488/1499 2092/1495/1506 2091/1496/1507
f 2079/1488/1499 2091/1496/1507 2090/1497/1508
f 2079/1488/1499 2090/1497/1508 2089/1498/1509
f 2079/1488/1499 2089/1498/1509 2088/1499/1510
f 2079/1488/1499 2088/1499/1510 2087/1500/1511
f 2079/1488/1499 2087/1500/1511 2086/1501/1512
f 2079/1488/1499 2086/1501/1512 2085/1502/1513
f 2079/1488/1499 2085/1502/1513 2084/1503/1514
f 2079/1488/1499 2084/1503/1514 2083/1504/1515
f 2079/1488/1499 2083/1504/1515 2082/1505/1516
f 2079/1488/1499 2082/1505/1516 2081/1506/1517
f 2079/1488/1499 2081/1506/1517 2080/1507/1518
f 2078/1508/1519 2075/1509/1520 2076/1510/1521
f 2075/1509/1520 2077/1511/1522 2076/1510/1521
f 2073/1512/1523 2074/1513/1524 2072/1514/1525
f 2069/1515/1526 2073/1512/1523 2072/1514/1525
f 2069/1515/1526 2072/1514/1525 2071/1516/1527
f 2069/1515/1526 2071/1516/1527 2070/1517/1528
f 2059/1518/1529 2067/1519/1530 2066/1520/1531
f 2059/1518/1529 2066/1520/1531 2065/1521/1532
f 2059/1518/1529 2065/1521/1532 2064/1522/1533
f 2059/1518/1529 2064/1522/1533 2063/1523/1534
f 2059/1518/1529 2063/1523/1534 2062/1524/1535
f 2059/1518/1529 2062/1524/1535 2061/1525/1536
f 2059/1518/1529 2061/1525/1536 2060/1526/1537
f 633/1527/1538 505/1528/1539 632/1529/1540
f 633/1527/1538 632/1529/1540 631/1530/1541
f 633/1527/1538 631/1530/1541 614/1531/1542
f 633/1527/1538 614/1531/1542 553/1532/1543
f 633/1527/1538 553/1532/1543 552/1533/1544
f 633/1527/1538 552/1533/1544 502/1534/1545
f 633/1527/1538 502/1534/1545 491/1535/1546
f 633/1527/1538 491/1535/1546 555/1536/1547
f 633/1527/1538 555/1536/1547 512/1537/1548
f 633/1527/1538 512/1537/1548 506/1538/1549
f 633/1527/1538 506/1538/1549 503/1539/1550
f 633/1527/1538 503/1539/1550 556/1540/1551
f 633/1527/1538 556/1540/1551 508/1541/1552
f 633/1527/1538 508/1541/1552 507/1542/1553
f 633/1527/1538 507/1542/1553 636/1543/1554
f 633/1527/1538 636/1543/1554 557/1544/1555
f 633/1527/1538 557/1544/1555 509/1545/1556
f 633/1527/1538 509/1545/1556 634/1546/1557
f 2049/1547/1558 2051/1548/1559 2050/1549/1560
f 2050/1549/1560 2052/1550/1561 2049/1547/1558
f 2050/1549/1560 2053/1551/1562 2052/1550/1561
f 2053/1551/1562 2054/1552/1563 2052/1550/1561
f 2054/1552/1563 2053/1551/1562 2055/1553/1564
f 2054/1552/1563 2055/1553/1564 2056/1554/1565
f 2054/1552/1563 2056/1554/1565 2057/1555/1566
f 2054/1552/1563 2057/1555/1566 2058/1556/1567
f 2058/1556/1567 2049/1547/1558 2052/1550/1561
f 2058/1556/1567 2052/1550/1561 2054/1552/1563
f 2056/1557/1565 2055/1558/1564 2246/235/240
f 2056/1557/1565 2246/235/240 2212/1559/1568
f 2246/235/240 2245/1560/1569 2212/1559/1568
f 2245/1560/1569 2246/235/240 2250/1561/1570
f 2250/1561/1570 2246/235/240 2252/234/239
f 2250/1561/1570 2252/234/239 2257/1562/1571
f 2257/1562/1571 2252/234/239 2253/1563/1572
f 2252/234/239 156/137/140 2253/1563/1572
f 2057/1564/1566 2056/1557/1565 2212/1559/1568
f 2057/1564/1566 2212/1559/1568 2211/1565/1573
f 2211/1565/1573 2212/1559/1568 2215/1566/1574
f 2212/1559/1568 2217/1567/1575 2215/1566/1574
f 2212/1559/1568 2233/1568/1576 2217/1567/1575
f 2212/1559/1568 2245/1560/1569 2233/1568/1576
f 2245/1560/1569 2250/1561/1570 2233/1568/1576
f 2232/1569/1577 2233/1568/1576 2250/1561/1570
f 2232/1569/1577 2250/1561/1570 2249/1570/1578
f 2249/1570/1578 2250/1561/1570 2257/1562/1571
f 2216/1571/1579 2211/1565/1573 2215/1566/1574
f 2216/1571/1579 2215/1566/1574 2217/1567/1575
f 2225/1572/1580 2216/1571/1579 2217/1567/1575
f 2217/1567/1575 2232/1569/1577 2225/1572/1580
f 2217/1567/1575 2233/1568/1576 2232/1569/1577
f 2214/1573/1581 2211/1565/1573 2216/1571/1579
f 2214/1573/1581 2216/1571/1579 2222/1574/1582
f 2222/1574/1582 2216/1571/1579 2210/1575/1583
f 2225/1572/1580 2210/1575/1583 2216/1571/1579
f 2224/1576/1584 2210/1575/1583 2225/1572/1580
f 2232/1569/1577 2224/1576/1584 2225/1572/1580
f 2232/1569/1577 2219/1577/1585 2224/1576/1584
f 2219/1577/1585 2232/1569/1577 2249/1570/1578
f 2219/1577/1585 2249/1570/1578 2236/1578/1586
f 2236/1578/1586 2249/1570/1578 2254/1579/1587
f 2249/1570/1578 2257/1562/1571 2254/1579/1587
f 2208/1580/1588 2214/1573/1581 2222/1574/1582
f 2220/1581/1589 2208/1580/1588 2222/1574/1582
f 2221/1582/1590 2220/1581/1589 2222/1574/1582
f 2229/1583/1591 2221/1582/1590 2222/1574/1582
f 2222/1574/1582 2210/1575/1583 2229/1583/1591
f 2229/1583/1591 2210/1575/1583 2228/1584/1592
f 2224/1576/1584 2228/1584/1592 2210/1575/1583
f 2223/1585/1593 2228/1584/1592 2224/1576/1584
f 2224/1576/1584 2218/1586/1594 2223/1585/1593
f 2219/1577/1585 2218/1586/1594 2224/1576/1584
f 2218/1586/1594 2219/1577/1585 2236/1578/1586
f 2208/1580/1588 2220/1581/1589 2267/1587/1595
f 2235/1588/1596 2267/1587/1595 2220/1581/1589
f 2220/1581/1589 2207/1589/1597 2235/1588/1596
f 2207/1589/1597 2220/1581/1589 2221/1582/1590
f 2035/1590/1598 2207/1589/1597 2221/1582/1590
f 2221/1582/1590 2227/1591/1599 2035/1590/1598
f 2221/1582/1590 2229/1583/1591 2227/1591/1599
f 2229/1583/1591 2228/1584/1592 2227/1591/1599
f 2227/1591/1599 2228/1584/1592 2226/1592/1600
f 2223/1585/1593 2226/1592/1600 2228/1584/1592
f 2266/1593/1601 2267/1587/1595 2235/1588/1596
f 2235/1588/1596 2240/1594/1602 2266/1593/1601
f 2235/1588/1596 2207/1589/1597 2240/1594/1602
f 2207/1589/1597 2040/1595/1603 2240/1594/1602
f 2207/1589/1597 2041/1596/1604 2040/1595/1603
f 2041/1596/1604 2207/1589/1597 2035/1590/1598
f 2042/1597/1605 2041/1596/1604 2035/1590/1598
f 2035/1590/1598 2036/1598/1606 2042/1597/1605
f 2036/1598/1606 2035/1590/1598 2227/1591/1599
f 2227/1591/1599 2226/1592/1600 2036/1598/1606
f 2266/1593/1601 159/140/143 2267/1587/1595
f 2266/1593/1601 155/141/144 159/140/143
f 2266/1593/1601 2241/1599/1607 155/141/144
f 2242/1600/1608 2241/1599/1607 2266/1593/1601
f 2242/1600/1608 2266/1593/1601 2240/1594/1602
f 2239/1601/1609 2242/1600/1608 2240/1594/1602
f 2239/1601/1609 2240/1594/1602 2040/1595/1603
f 2040/1595/1603 2045/1602/1610 2239/1601/1609
f 2040/1595/1603 2046/1603/1611 2045/1602/1610
f 2046/1603/1611 2040/1595/1603 2041/1596/1604
f 2046/1603/1611 2041/1596/1604 2042/1597/1605
f 155/141/144 2241/1599/1607 154/142/145
f 154/142/145 2241/1599/1607 2268/1604/1612
f 2241/1599/1607 2263/1605/1613 2268/1604/1612
f 2241/1599/1607 2242/1600/1608 2263/1605/1613
f 2237/1606/1614 2263/1605/1613 2242/1600/1608
f 2237/1606/1614 2242/1600/1608 2239/1601/1609
f 2045/1602/1610 2237/1606/1614 2239/1601/1609
f 2237/1606/1614 2045/1602/1610 2259/1607/1615
f 2047/1608/1616 2259/1607/1615 2045/1602/1610
f 2047/1608/1616 2045/1602/1610 2046/1603/1611
f 2047/1608/1616 2046/1603/1611 2043/1609/1617
f 2042/1597/1605 2043/1609/1617 2046/1603/1611
f 154/142/145 2268/1604/1612 2271/1610/1618
f 2271/1610/1618 2268/1604/1612 2269/1611/1619
f 2270/1612/1620 2269/1611/1619 2268/1604/1612
f 2270/1612/1620 2268/1604/1612 2263/1605/1613
f 2237/1606/1614 2270/1612/1620 2263/1605/1613
f 2237/1606/1614 2243/1613/1621 2270/1612/1620
f 2259/1607/1615 2243/1613/1621 2237/1606/1614
f 2259/1607/1615 2258/1614/1622 2243/1613/1621
f 2047/1608/1616 2258/1614/1622 2259/1607/1615
f 152/138/141 154/142/145 2271/1610/1618
f 2271/1610/1618 2269/1611/1619 152/138/141
f 151/139/142 152/138/141 2269/1611/1619
f 151/139/142 2269/1611/1619 2260/1615/1623
f 2260/1615/1623 2269/1611/1619 2270/1612/1620
f 2260/1615/1623 2270/1612/1620 2256/1616/1624
f 2256/1616/1624 2270/1612/1620 2243/1613/1621
f 2256/1616/1624 2243/1613/1621 2261/1617/1625
f 2261/1617/1625 2243/1613/1621 2258/1614/1622
f 2050/1618/1560 154/142/145 152/138/141
f 2050/1618/1560 2051/1619/1559 154/142/145
f 154/142/145 2051/1619/1559 2049/1620/1558
f 154/142/145 2049/1620/1558 159/140/143
f 151/139/142 2253/1563/1572 156/137/140
f 2253/1563/1572 151/139/142 2265/1621/1626
f 151/139/142 2260/1615/1623 2265/1621/1626
f 2256/1616/1624 2265/1621/1626 2260/1615/1623
f 2265/1621/1626 2256/1616/1624 2264/1622/1627
f 2264/1622/1627 2256/1616/1624 2262/1623/1628
f 2256/1616/1624 2261/1617/1625 2262/1623/1628
f 2262/1623/1628 2261/1617/1625 2251/1624/1629
f 2261/1617/1625 2258/1614/1622 2251/1624/1629
f 2257/1562/1571 2253/1563/1572 2265/1621/1626
f 2264/1622/1627 2257/1562/1571 2265/1621/1626
f 2257/1562/1571 2264/1622/1627 2254/1579/1587
f 2264/1622/1627 2255/1625/1630 2254/1579/1587
f 2264/1622/1627 2262/1623/1628 2255/1625/1630
f 2244/1626/1631 2255/1625/1630 2262/1623/1628
f 2251/1624/1629 2244/1626/1631 2262/1623/1628
f 2251/1624/1629 2248/1627/1632 2244/1626/1631
f 2251/1624/1629 2238/1628/1633 2248/1627/1632
f 2258/1614/1622 2238/1628/1633 2251/1624/1629
f 2258/1614/1622 2048/1629/1634 2238/1628/1633
f 2258/1614/1622 2047/1608/1616 2048/1629/1634
f 2236/1578/1586 2254/1579/1587 2255/1625/1630
f 2255/1625/1630 2247/1630/1635 2236/1578/1586
f 2255/1625/1630 2244/1626/1631 2247/1630/1635
f 2247/1630/1635 2244/1626/1631 2248/1627/1632
f 2213/1631/1636 2247/1630/1635 2248/1627/1632
f 2213/1631/1636 2248/1627/1632 2039/1632/1637
f 2039/1632/1637 2248/1627/1632 2238/1628/1633
f 2039/1632/1637 2238/1628/1633 2048/1629/1634
f 2039/1632/1637 2048/1629/1634 2044/1633/1638
f 2048/1629/1634 2047/1608/1616 2044/1633/1638
f 2044/1633/1638 2047/1608/1616 2043/1609/1617
f 2037/1634/1639 2044/1633/1638 2043/1609/1617
f 2042/1597/1605 2037/1634/1639 2043/1609/1617
f 2218/1586/1594 2236/1578/1586 2247/1630/1635
f 2247/1630/1635 2213/1631/1636 2218/1586/1594
f 2213/1631/1636 2223/1585/1593 2218/1586/1594
f 2213/1631/1636 2209/1635/1640 2223/1585/1593
f 2038/1636/1641 2209/1635/1640 2213/1631/1636
f 2213/1631/1636 2039/1632/1637 2038/1636/1641
f 2044/1633/1638 2038/1636/1641 2039/1632/1637
f 2037/1634/1639 2038/1636/1641 2044/1633/1638
f 2226/1592/1600 2038/1636/1641 2037/1634/1639
f 2226/1592/1600 2037/1634/1639 2036/1598/1606
f 2042/1597/1605 2036/1598/1606 2037/1634/1639
f 2226/1592/1600 2223/1585/1593 2209/1635/1640
f 2226/1592/1600 2209/1635/1640 2038/1636/1641
f 65/149/152 2126/1637/1477 2231/1638/1642
f 2126/1637/1477 2125/1639/1476 2231/1638/1642
f 2231/1638/1642 2125/1639/1476 157/145/148
f 2125/1639/1476 2124/1640/1475 157/145/148
f 2231/1638/1642 157/145/148 2230/1641/1643
f 2230/1641/1643 157/145/148 2272/1642/1644
f 2272/1642/1644 157/145/148 158/144/147
f 2272/1642/1644 158/144/147 644/1643/1645
f 158/144/147 650/1644/1646 644/1643/1645
f 698/1645/1647 650/1644/1646 158/144/147
f 162/143/146 698/1645/1647 158/144/147
f 2231/1638/1642 2230/1641/1643 696/1646/1648
f 2230/1641/1643 2272/1642/1644 696/1646/1648
f 643/1647/1649 696/1646/1648 2272/1642/1644
f 644/1643/1645 643/1647/1649 2272/1642/1644
f 644/1643/1645 645/1648/1650 643/1647/1649
f 645/1648/1650 644/1643/1645 685/1649/1651
f 650/1644/1646 685/1649/1651 644/1643/1645
f 764/1650/1652 685/1649/1651 650/1644/1646
f 764/1650/1652 650/1644/1646 810/1651/1653
f 698/1645/1647 810/1651/1653 650/1644/1646
f 2231/1638/1642 696/1646/1648 697/1652/1654
f 692/1653/1655 697/1652/1654 696/1646/1648
f 643/1647/1649 692/1653/1655 696/1646/1648
f 643/1647/1649 702/1654/1656 692/1653/1655
f 643/1647/1649 699/1655/1657 702/1654/1656
f 645/1648/1650 699/1655/1657 643/1647/1649
f 645/1648/1650 700/1656/1658 699/1655/1657
f 685/1649/1651 700/1656/1658 645/1648/1650
f 685/1649/1651 763/1657/1659 700/1656/1658
f 685/1649/1651 764/1650/1652 763/1657/1659
f 2231/1638/1642 697/1652/1654 704/1658/1660
f 66/1659/1661 704/1658/1660 697/1652/1654
f 693/1660/1662 66/1659/1661 697/1652/1654
f 693/1660/1662 697/1652/1654 692/1653/1655
f 688/1661/1663 693/1660/1662 692/1653/1655
f 702/1654/1656 688/1661/1663 692/1653/1655
f 702/1654/1656 708/1662/1664 688/1661/1663
f 708/1662/1664 702/1654/1656 699/1655/1657
f 708/1662/1664 699/1655/1657 703/1663/1665
f 703/1663/1665 699/1655/1657 700/1656/1658
f 2231/1638/1642 704/1658/1660 65/149/152
f 66/1659/1661 65/149/152 704/1658/1660
f 163/150/153 65/149/152 66/1659/1661
f 163/150/153 66/1659/1661 808/1664/1666
f 808/1664/1666 66/1659/1661 705/1665/1667
f 693/1660/1662 705/1665/1667 66/1659/1661
f 727/1666/1668 705/1665/1667 693/1660/1662
f 727/1666/1668 693/1660/1662 688/1661/1663
f 809/1667/1669 727/1666/1668 688/1661/1663
f 688/1661/1663 708/1662/1664 809/1667/1669
f 809/1667/1669 708/1662/1664 67/1668/1670
f 708/1662/1664 703/1663/1665 67/1668/1670
f 808/1664/1666 714/1669/1671 163/150/153
f 805/1670/1672 714/1669/1671 808/1664/1666
f 811/1671/1673 805/1670/1672 808/1664/1666
f 808/1664/1666 705/1665/1667 811/1671/1673
f 811/1671/1673 705/1665/1667 727/1666/1668
f 811/1671/1673 727/1666/1668 806/1672/1674
f 807/1673/1675 806/1672/1674 727/1666/1668
f 809/1667/1669 807/1673/1675 727/1666/1668
f 807/1673/1675 809/1667/1669 67/1668/1670
f 714/1669/1671 802/1674/1676 163/150/153
f 799/1675/1677 802/1674/1676 714/1669/1671
f 798/1676/1678 799/1675/1677 714/1669/1671
f 798/1676/1678 714/1669/1671 805/1670/1672
f 805/1670/1672 804/1677/1679 798/1676/1678
f 805/1670/1672 806/1672/1674 804/1677/1679
f 805/1670/1672 811/1671/1673 806/1672/1674
f 164/146/149 163/150/153 802/1674/1676
f 164/146/149 802/1674/1676 161/147/150
f 799/1675/1677 161/147/150 802/1674/1676
f 161/147/150 799/1675/1677 794/1678/1680
f 795/1679/1681 794/1678/1680 799/1675/1677
f 795/1679/1681 799/1675/1677 798/1676/1678
f 793/1680/1682 795/1679/1681 798/1676/1678
f 793/1680/1682 798/1676/1678 800/1681/1683
f 800/1681/1683 798/1676/1678 804/1677/1679
f 804/1677/1679 797/1682/1684 800/1681/1683
f 797/1682/1684 804/1677/1679 711/1683/1685
f 804/1677/1679 806/1672/1674 711/1683/1685
f 161/147/150 794/1678/1680 160/148/151
f 790/1684/1686 160/148/151 794/1678/1680
f 790/1684/1686 794/1678/1680 789/1685/1687
f 789/1685/1687 794/1678/1680 795/1679/1681
f 789/1685/1687 795/1679/1681 781/1686/1688
f 780/1687/1689 781/1686/1688 795/1679/1681
f 780/1687/1689 795/1679/1681 793/1680/1682
f 793/1680/1682 792/1688/1690 780/1687/1689
f 793/1680/1682 779/1689/1691 792/1688/1690
f 779/1689/1691 793/1680/1682 800/1681/1683
f 779/1689/1691 800/1681/1683 797/1682/1684
f 160/148/151 790/1684/1686 2234/1690/1692
f 2234/1690/1692 790/1684/1686 789/1685/1687
f 2234/1690/1692 789/1685/1687 786/1691/1693
f 786/1691/1693 785/1692/1694 2234/1690/1692
f 785/1692/1694 786/1691/1693 784/1693/1695
f 784/1693/1695 786/1691/1693 777/1694/1696
f 777/1694/1696 786/1691/1693 781/1686/1688
f 781/1686/1688 786/1691/1693 789/1685/1687
f 166/151/154 2234/1690/1692 785/1692/1694
f 785/1692/1694 784/1693/1695 166/151/154
f 165/152/155 166/151/154 784/1693/1695
f 165/152/155 784/1693/1695 810/1651/1653
f 810/1651/1653 784/1693/1695 759/1695/1697
f 784/1693/1695 777/1694/1696 759/1695/1697
f 777/1694/1696 758/1696/1698 759/1695/1697
f 777/1694/1696 791/1697/1699 758/1696/1698
f 791/1697/1699 777/1694/1696 781/1686/1688
f 166/151/154 2119/1698/1470 2234/1690/1692
f 166/151/154 2121/1699/1471 2119/1698/1470
f 2123/1700/1474 2121/1699/1471 166/151/154
f 2123/1700/1474 166/151/154 162/143/146
f 2123/1700/1474 162/143/146 2124/1640/1475
f 2124/1640/1475 162/143/146 157/145/148
f 2234/1690/1692 2119/1698/1470 2120/1701/1472
f 2234/1690/1692 2120/1701/1472 160/148/151
f 780/1687/1689 791/1697/1699 781/1686/1688
f 792/1688/1690 791/1697/1699 780/1687/1689
f 791/1697/1699 792/1688/1690 788/1702/1700
f 787/1703/1701 788/1702/1700 792/1688/1690
f 787/1703/1701 792/1688/1690 779/1689/1691
f 779/1689/1691 775/1704/1702 787/1703/1701
f 779/1689/1691 801/1705/1703 775/1704/1702
f 797/1682/1684 801/1705/1703 779/1689/1691
f 788/1702/1700 758/1696/1698 791/1697/1699
f 788/1702/1700 757/1706/1704 758/1696/1698
f 787/1703/1701 757/1706/1704 788/1702/1700
f 778/1707/1705 757/1706/1704 787/1703/1701
f 778/1707/1705 787/1703/1701 775/1704/1702
f 778/1707/1705 775/1704/1702 803/1708/1706
f 775/1704/1702 713/1709/1707 803/1708/1706
f 775/1704/1702 801/1705/1703 713/1709/1707
f 713/1709/1707 801/1705/1703 797/1682/1684
f 713/1709/1707 797/1682/1684 711/1683/1685
f 711/1683/1685 807/1673/1675 713/1709/1707
f 807/1673/1675 711/1683/1685 806/1672/1674
f 757/1706/1704 765/1710/1708 758/1696/1698
f 757/1706/1704 766/1711/1709 765/1710/1708
f 766/1711/1709 757/1706/1704 776/1712/1710
f 778/1707/1705 776/1712/1710 757/1706/1704
f 778/1707/1705 772/1713/1711 776/1712/1710
f 778/1707/1705 770/1714/1712 772/1713/1711
f 778/1707/1705 803/1708/1706 770/1714/1712
f 764/1650/1652 758/1696/1698 765/1710/1708
f 764/1650/1652 765/1710/1708 763/1657/1659
f 763/1657/1659 765/1710/1708 766/1711/1709
f 763/1657/1659 766/1711/1709 771/1715/1713
f 772/1713/1711 771/1715/1713 766/1711/1709
f 772/1713/1711 766/1711/1709 776/1712/1710
f 764/1650/1652 759/1695/1697 758/1696/1698
f 810/1651/1653 759/1695/1697 764/1650/1652
f 763/1657/1659 771/1715/1713 700/1656/1658
f 703/1663/1665 700/1656/1658 771/1715/1713
f 771/1715/1713 774/1716/1714 703/1663/1665
f 771/1715/1713 772/1713/1711 774/1716/1714
f 774/1716/1714 772/1713/1711 770/1714/1712
f 774/1716/1714 770/1714/1712 67/1668/1670
f 67/1668/1670 770/1714/1712 803/1708/1706
f 803/1708/1706 807/1673/1675 67/1668/1670
f 803/1708/1706 713/1709/1707 807/1673/1675
f 703/1663/1665 774/1716/1714 67/1668/1670
f 698/1645/1647 165/152/155 810/1651/1653
f 165/152/155 698/1645/1647 162/143/146
f 2126/1637/1477 65/149/152 164/146/149
f 164/146/149 2127/1717/1478 2126/1637/1477
f 2127/1717/1478 164/146/149 160/148/151
f 2127/1717/1478 160/148/151 2120/1701/1472
f 2296/1718/1715 5066/1719/1716 2295/1720/356
f 5066/1719/1716 2300/1721/20 2295/1720/356
f 2300/1721/20 5066/1719/1716 2310/1722/1717
f 5066/1719/1716 4980/1723/1718 2310/1722/1717
f 5066/1719/1716 4991/1724/1719 4980/1723/1718
f 5066/1719/1716 2296/1718/1715 4991/1724/1719
f 2296/1718/1715 4984/1725/1720 4991/1724/1719
f 2296/1718/1715 5033/1726/1721 4984/1725/1720
f 2296/1718/1715 2311/1727/1722 5033/1726/1721
f 2300/1721/20 2310/1722/1717 2287/1728/21
f 2281/1729/1723 2287/1728/21 2310/1722/1717
f 2281/1729/1723 2310/1722/1717 2294/1730/1724
f 2294/1730/1724 2310/1722/1717 4980/1723/1718
f 2294/1730/1724 4980/1723/1718 4975/1731/1725
f 4975/1731/1725 4980/1723/1718 4979/1732/1726
f 4980/1723/1718 5065/1733/1727 4979/1732/1726
f 4980/1723/1718 4991/1724/1719 5065/1733/1727
f 5065/1733/1727 4991/1724/1719 5072/1734/1728
f 5084/1735/1729 5072/1734/1728 4991/1724/1719
f 4984/1725/1720 5084/1735/1729 4991/1724/1719
f 2294/1730/1724 2280/1736/1730 2281/1729/1723
f 2280/1736/1730 2294/1730/1724 2289/1737/1731
f 4975/1731/1725 2289/1737/1731 2294/1730/1724
f 4975/1731/1725 2288/1738/1732 2289/1737/1731
f 2288/1738/1732 4975/1731/1725 4983/1739/1733
f 4975/1731/1725 4979/1732/1726 4983/1739/1733
f 4978/1740/1734 4983/1739/1733 4979/1732/1726
f 4978/1740/1734 4979/1732/1726 4986/1741/1735
f 5065/1733/1727 4986/1741/1735 4979/1732/1726
f 5080/1742/1736 4986/1741/1735 5065/1733/1727
f 5065/1733/1727 5072/1734/1728 5080/1742/1736
f 5072/1734/1728 5084/1735/1729 5080/1742/1736
f 2280/1736/1730 2289/1737/1731 2274/1743/1737
f 2274/1743/1737 2289/1737/1731 2273/1744/1738
f 2289/1737/1731 2288/1738/1732 2273/1744/1738
f 2290/1745/1739 2273/1744/1738 2288/1738/1732
f 2283/1746/1740 2290/1745/1739 2288/1738/1732
f 2283/1746/1740 2288/1738/1732 4983/1739/1733
f 2283/1746/1740 4983/1739/1733 4978/1740/1734
f 2282/1747/1741 2283/1746/1740 4978/1740/1734
f 2282/1747/1741 4978/1740/1734 2291/1748/1742
f 5064/1749/1743 2291/1748/1742 4978/1740/1734
f 4986/1741/1735 5064/1749/1743 4978/1740/1734
f 2274/1743/1737 2273/1744/1738 2284/1750/1744
f 2284/1750/1744 2273/1744/1738 2278/1751/1745
f 2278/1751/1745 2273/1744/1738 2290/1745/1739
f 2278/1751/1745 2290/1745/1739 2275/1752/1746
f 2283/1746/1740 2275/1752/1746 2290/1745/1739
f 2283/1746/1740 2282/1747/1741 2275/1752/1746
f 2282/1747/1741 2297/1753/1747 2275/1752/1746
f 2282/1747/1741 2292/1754/1748 2297/1753/1747
f 2292/1754/1748 2282/1747/1741 2291/1748/1742
f 2292/1754/1748 2291/1748/1742 2293/1755/1749
f 2293/1755/1749 2291/1748/1742 5064/1749/1743
f 2284/1750/1744 2278/1751/1745 2285/1756/1750
f 2285/1756/1750 2278/1751/1745 2279/1757/1751
f 2275/1752/1746 2279/1757/1751 2278/1751/1745
f 2275/1752/1746 2297/1753/1747 2279/1757/1751
f 2297/1753/1747 2277/1758/1752 2279/1757/1751
f 2277/1758/1752 2297/1753/1747 2303/1759/1753
f 2303/1759/1753 2297/1753/1747 2292/1754/1748
f 2303/1759/1753 2292/1754/1748 2298/1760/1754
f 2293/1755/1749 2298/1760/1754 2292/1754/1748
f 2285/1756/1750 2279/1757/1751 2315/1761/1755
f 2279/1757/1751 2277/1758/1752 2315/1761/1755
f 2286/1762/1756 2315/1761/1755 2277/1758/1752
f 2286/1762/1756 2277/1758/1752 2305/1763/1757
f 2277/1758/1752 2303/1759/1753 2305/1763/1757
f 2303/1759/1753 2306/1764/1758 2305/1763/1757
f 2303/1759/1753 2314/1765/1759 2306/1764/1758
f 2314/1765/1759 2303/1759/1753 2298/1760/1754
f 2314/1765/1759 2298/1760/1754 2317/1766/1760
f 2317/1766/1760 2298/1760/1754 2299/1767/1761
f 2298/1760/1754 2293/1755/1749 2299/1767/1761
f 2305/1763/1757 2306/1764/1758 2286/1762/1756
f 2306/1764/1758 2312/1768/1762 2286/1762/1756
f 2306/1764/1758 2313/1769/1763 2312/1768/1762
f 2313/1769/1763 2306/1764/1758 2314/1765/1759
f 2313/1769/1763 2314/1765/1759 2316/1770/1764
f 2317/1766/1760 2316/1770/1764 2314/1765/1759
f 2317/1766/1760 2371/1771/1765 2316/1770/1764
f 2317/1766/1760 2370/1772/1766 2371/1771/1765
f 2317/1766/1760 2299/1767/1761 2370/1772/1766
f 2369/1773/1767 2370/1772/1766 2299/1767/1761
f 2293/1755/1749 2369/1773/1767 2299/1767/1761
f 2293/1755/1749 2430/1774/1768 2369/1773/1767
f 5064/1749/1743 2430/1774/1768 2293/1755/1749
f 2313/1769/1763 2319/1775/1769 2312/1768/1762
f 2319/1775/1769 2313/1769/1763 2318/1776/1770
f 2316/1770/1764 2318/1776/1770 2313/1769/1763
f 2316/1770/1764 2368/1777/1771 2318/1776/1770
f 5081/1778/1772 2368/1777/1771 2316/1770/1764
f 5081/1778/1772 2316/1770/1764 2372/1779/1773
f 2316/1770/1764 2371/1771/1765 2372/1779/1773
f 2371/1771/1765 2367/1780/1774 2372/1779/1773
f 2371/1771/1765 2370/1772/1766 2367/1780/1774
f 2367/1780/1774 2370/1772/1766 5070/1781/1775
f 2369/1773/1767 5070/1781/1775 2370/1772/1766
f 2319/1775/1769 2318/1776/1770 2276/1782/1776
f 2276/1782/1776 2318/1776/1770 5063/1783/1777
f 2368/1777/1771 5063/1783/1777 2318/1776/1770
f 2368/1777/1771 5068/1784/1778 5063/1783/1777
f 5076/1785/1779 5068/1784/1778 2368/1777/1771
f 5076/1785/1779 2368/1777/1771 5081/1778/1772
f 2366/1786/1780 5076/1785/1779 5081/1778/1772
f 5081/1778/1772 2365/1787/1781 2366/1786/1780
f 5081/1778/1772 2367/1780/1774 2365/1787/1781
f 2372/1779/1773 2367/1780/1774 5081/1778/1772
f 2276/1782/1776 5063/1783/1777 4430/1788/1782
f 4425/1789/1783 4430/1788/1782 5063/1783/1777
f 4425/1789/1783 5063/1783/1777 5062/1790/1784
f 5062/1790/1784 5063/1783/1777 5068/1784/1778
f 5062/1790/1784 5068/1784/1778 5067/1791/1785
f 5067/1791/1785 5068/1784/1778 5076/1785/1779
f 5067/1791/1785 5076/1785/1779 2364/1792/1786
f 2366/1786/1780 2364/1792/1786 5076/1785/1779
f 2365/1787/1781 2364/1792/1786 2366/1786/1780
f 2365/1787/1781 2349/1793/1787 2364/1792/1786
f 2348/1794/1788 2349/1793/1787 2365/1787/1781
f 2365/1787/1781 5070/1781/1775 2348/1794/1788
f 5070/1781/1775 2365/1787/1781 2367/1780/1774
f 4425/1789/1783 5062/1790/1784 2359/1795/1789
f 5062/1790/1784 2358/1796/1790 2359/1795/1789
f 5062/1790/1784 5067/1791/1785 2358/1796/1790
f 2352/1797/1791 2358/1796/1790 5067/1791/1785
f 2352/1797/1791 5067/1791/1785 2364/1792/1786
f 2364/1792/1786 2349/1793/1787 2352/1797/1791
f 2352/1797/1791 2349/1793/1787 2351/1798/1792
f 2350/1799/1793 2351/1798/1792 2349/1793/1787
f 2349/1793/1787 2348/1794/1788 2350/1799/1793
f 4425/1789/1783 2359/1795/1789 4424/1800/1794
f 2360/1801/1795 4424/1800/1794 2359/1795/1789
f 2360/1801/1795 2359/1795/1789 2356/1802/1796
f 2359/1795/1789 2354/1803/1797 2356/1802/1796
f 2359/1795/1789 2358/1796/1790 2354/1803/1797
f 2354/1803/1797 2358/1796/1790 2352/1797/1791
f 2354/1803/1797 2352/1797/1791 2353/1804/1798
f 2352/1797/1791 2351/1798/1792 2353/1804/1798
f 5059/1805/1799 2353/1804/1798 2351/1798/1792
f 5059/1805/1799 2351/1798/1792 3399/1806/1800
f 3399/1806/1800 2351/1798/1792 5069/1807/1801
f 2350/1799/1793 5069/1807/1801 2351/1798/1792
f 2356/1802/1796 2357/1808/1802 2360/1801/1795
f 2363/1809/1803 2357/1808/1802 2356/1802/1796
f 2355/1810/1804 2363/1809/1803 2356/1802/1796
f 2354/1803/1797 2355/1810/1804 2356/1802/1796
f 2353/1804/1798 2355/1810/1804 2354/1803/1797
f 2353/1804/1798 5057/1811/1805 2355/1810/1804
f 5059/1805/1799 5057/1811/1805 2353/1804/1798
f 5059/1805/1799 3415/1812/1806 5057/1811/1805
f 3415/1812/1806 5059/1805/1799 3399/1806/1800
f 3399/1806/1800 3417/1813/1807 3415/1812/1806
f 3399/1806/1800 3409/1814/1808 3417/1813/1807
f 3399/1806/1800 5069/1807/1801 3409/1814/1808
f 2375/1815/1809 2357/1808/1802 2363/1809/1803
f 2375/1815/1809 2363/1809/1803 2376/1816/1810
f 2363/1809/1803 2377/1817/1811 2376/1816/1810
f 2363/1809/1803 2355/1810/1804 2377/1817/1811
f 2377/1817/1811 2355/1810/1804 5057/1811/1805
f 2377/1817/1811 5057/1811/1805 3415/1812/1806
f 3415/1812/1806 3414/1818/1812 2377/1817/1811
f 3414/1818/1812 3415/1812/1806 3422/1819/1813
f 3422/1819/1813 3415/1812/1806 3417/1813/1807
f 2376/1816/1810 2362/1820/1814 2375/1815/1809
f 2362/1820/1814 2376/1816/1810 3652/1821/1815
f 2376/1816/1810 3416/1822/1816 3652/1821/1815
f 2376/1816/1810 2377/1817/1811 3416/1822/1816
f 3416/1822/1816 2377/1817/1811 3414/1818/1812
f 3416/1822/1816 3414/1818/1812 3421/1823/1817
f 3414/1818/1812 3422/1819/1813 3421/1823/1817
f 3423/1824/1818 3421/1823/1817 3422/1819/1813
f 3423/1824/1818 3422/1819/1813 3420/1825/1819
f 3419/1826/1820 3420/1825/1819 3422/1819/1813
f 3422/1819/1813 3417/1813/1807 3419/1826/1820
f 2362/1820/1814 3652/1821/1815 2361/1827/1821
f 3412/1828/1822 3423/1824/1818 3420/1825/1819
f 3412/1828/1822 3420/1825/1819 3411/1829/1823
f 3420/1825/1819 3413/1830/1824 3411/1829/1823
f 3413/1830/1824 3420/1825/1819 3408/1831/1825
f 3408/1831/1825 3420/1825/1819 3419/1826/1820
f 3408/1831/1825 3419/1826/1820 3417/1813/1807
f 3408/1831/1825 3417/1813/1807 3410/1832/1826
f 3409/1814/1808 3410/1832/1826 3417/1813/1807
f 3412/1828/1822 3411/1829/1823 3405/1833/1827
f 3405/1833/1827 3411/1829/1823 3413/1830/1824
f 3405/1833/1827 3413/1830/1824 3406/1834/1828
f 3404/1835/1829 3406/1834/1828 3413/1830/1824
f 3413/1830/1824 3408/1831/1825 3404/1835/1829
f 3408/1831/1825 3403/1836/1830 3404/1835/1829
f 3408/1831/1825 3410/1832/1826 3403/1836/1830
f 3402/1837/1831 3403/1836/1830 3410/1832/1826
f 3410/1832/1826 3401/1838/1832 3402/1837/1831
f 3409/1814/1808 3401/1838/1832 3410/1832/1826
f 3412/1828/1822 3405/1833/1827 3400/1839/1833
f 3405/1833/1827 2023/1840/1834 3400/1839/1833
f 3405/1833/1827 3382/1841/1835 2023/1840/1834
f 3382/1841/1835 3405/1833/1827 3406/1834/1828
f 3382/1841/1835 3406/1834/1828 3397/1842/1836
f 3397/1842/1836 3406/1834/1828 3404/1835/1829
f 3397/1842/1836 3404/1835/1829 3398/1843/1837
f 3396/1844/1838 3398/1843/1837 3404/1835/1829
f 3403/1836/1830 3396/1844/1838 3404/1835/1829
f 3396/1844/1838 3403/1836/1830 3395/1845/1839
f 3402/1837/1831 3395/1845/1839 3403/1836/1830
f 3402/1837/1831 3394/1846/1840 3395/1845/1839
f 3402/1837/1831 3401/1838/1832 3394/1846/1840
f 2023/1840/1834 3382/1841/1835 3392/1847/1841
f 3397/1842/1836 3392/1847/1841 3382/1841/1835
f 3392/1847/1841 3397/1842/1836 3398/1843/1837
f 3392/1847/1841 3398/1843/1837 3391/1848/1842
f 3398/1843/1837 3390/1849/1843 3391/1848/1842
f 3398/1843/1837 3396/1844/1838 3390/1849/1843
f 130/117/120 3390/1849/1843 3396/1844/1838
f 130/117/120 3396/1844/1838 3389/1850/1844
f 3389/1850/1844 3396/1844/1838 3395/1845/1839
f 3389/1850/1844 3395/1845/1839 3394/1846/1840
f 2023/1840/1834 3392/1847/1841 3388/1851/1845
f 3391/1848/1842 3388/1851/1845 3392/1847/1841
f 3388/1851/1845 3391/1848/1842 3387/1852/1846
f 3387/1852/1846 3391/1848/1842 3390/1849/1843
f 3387/1852/1846 3390/1849/1843 3386/1853/1847
f 3386/1853/1847 3390/1849/1843 3385/1854/1848
f 130/117/120 3385/1854/1848 3390/1849/1843
f 125/119/122 3385/1854/1848 130/117/120
f 2023/1840/1834 3388/1851/1845 2012/1855/1849
f 3388/1851/1845 3384/1856/1850 2012/1855/1849
f 3388/1851/1845 3387/1852/1846 3384/1856/1850
f 3384/1856/1850 3387/1852/1846 3383/1857/1851
f 3386/1853/1847 3383/1857/1851 3387/1852/1846
f 3383/1857/1851 3386/1853/1847 3375/1858/1852
f 3385/1854/1848 3375/1858/1852 3386/1853/1847
f 125/119/122 3375/1858/1852 3385/1854/1848
f 125/119/122 3376/1859/1853 3375/1858/1852
f 125/119/122 3377/1860/1854 3376/1859/1853
f 126/118/121 3377/1860/1854 125/119/122
f 3377/1860/1854 126/118/121 130/117/120
f 3378/1861/1855 2012/1855/1849 3384/1856/1850
f 3384/1856/1850 3383/1857/1851 3378/1861/1855
f 3379/1862/1856 3378/1861/1855 3383/1857/1851
f 3380/1863/1857 3379/1862/1856 3383/1857/1851
f 3383/1857/1851 3375/1858/1852 3380/1863/1857
f 3380/1863/1857 3375/1858/1852 3381/1864/1858
f 3376/1859/1853 3381/1864/1858 3375/1858/1852
f 3378/1861/1855 1952/1865/1859 2012/1855/1849
f 1952/1865/1859 3378/1861/1855 3379/1862/1856
f 1952/1865/1859 3379/1862/1856 1956/1866/1860
f 2308/1867/1861 1956/1866/1860 3379/1862/1856
f 3379/1862/1856 2333/1868/1862 2308/1867/1861
f 2333/1868/1862 3379/1862/1856 3380/1863/1857
f 2333/1868/1862 3380/1863/1857 5061/1869/1863
f 3380/1863/1857 3381/1864/1858 5061/1869/1863
f 5061/1869/1863 3381/1864/1858 4990/1870/1864
f 3381/1864/1858 4989/1871/1865 4990/1870/1864
f 3376/1859/1853 4989/1871/1865 3381/1864/1858
f 2308/1867/1861 1974/1872/1866 1956/1866/1860
f 1974/1872/1866 2308/1867/1861 2334/1873/1867
f 2334/1873/1867 2308/1867/1861 2333/1868/1862
f 2333/1868/1862 5060/1874/1868 2334/1873/1867
f 2333/1868/1862 5061/1869/1863 5060/1874/1868
f 5061/1869/1863 4990/1870/1864 5060/1874/1868
f 5006/1875/1869 5060/1874/1868 4990/1870/1864
f 4977/1876/1870 5006/1875/1869 4990/1870/1864
f 4977/1876/1870 4990/1870/1864 4989/1871/1865
f 4977/1876/1870 4989/1871/1865 3376/1859/1853
f 4977/1876/1870 3376/1859/1853 5084/1735/1729
f 3377/1860/1854 5084/1735/1729 3376/1859/1853
f 1974/1872/1866 2334/1873/1867 2033/1877/1871
f 2335/1878/1872 2033/1877/1871 2334/1873/1867
f 2334/1873/1867 5058/1879/1873 2335/1878/1872
f 2334/1873/1867 5060/1874/1868 5058/1879/1873
f 5006/1875/1869 5058/1879/1873 5060/1874/1868
f 5006/1875/1869 2321/1880/1874 5058/1879/1873
f 2321/1880/1874 5006/1875/1869 5033/1726/1721
f 4984/1725/1720 5033/1726/1721 5006/1875/1869
f 4984/1725/1720 5006/1875/1869 4977/1876/1870
f 4984/1725/1720 4977/1876/1870 5084/1735/1729
f 2335/1878/1872 2034/1881/1875 2033/1877/1871
f 2335/1878/1872 1964/1882/1876 2034/1881/1875
f 2335/1878/1872 2320/1883/1877 1964/1882/1876
f 2320/1883/1877 2335/1878/1872 5058/1879/1873
f 2321/1880/1874 2320/1883/1877 5058/1879/1873
f 2321/1880/1874 2307/1884/1878 2320/1883/1877
f 2307/1884/1878 1964/1882/1876 2320/1883/1877
f 2307/1884/1878 1958/1885/1879 1964/1882/1876
f 2321/1880/1874 5033/1726/1721 2311/1727/1722
f 3377/1860/1854 5080/1742/1736 5084/1735/1729
f 5080/1742/1736 3377/1860/1854 5075/1886/1880
f 3377/1860/1854 130/117/120 5075/1886/1880
f 130/117/120 2426/1887/1881 5075/1886/1880
f 130/117/120 2425/1888/1882 2426/1887/1881
f 130/117/120 3389/1850/1844 2425/1888/1882
f 5080/1742/1736 5075/1886/1880 5071/1889/1883
f 2426/1887/1881 5071/1889/1883 5075/1886/1880
f 2426/1887/1881 2427/1890/1884 5071/1889/1883
f 2427/1890/1884 2426/1887/1881 2428/1891/1885
f 2428/1891/1885 2426/1887/1881 2425/1888/1882
f 3389/1850/1844 2428/1891/1885 2425/1888/1882
f 2428/1891/1885 3389/1850/1844 5074/1892/1886
f 3394/1846/1840 5074/1892/1886 3389/1850/1844
f 4986/1741/1735 5080/1742/1736 5071/1889/1883
f 4986/1741/1735 5071/1889/1883 4985/1893/1887
f 4985/1893/1887 5071/1889/1883 5064/1749/1743
f 5071/1889/1883 2427/1890/1884 5064/1749/1743
f 2427/1890/1884 2430/1774/1768 5064/1749/1743
f 2427/1890/1884 2429/1894/1888 2430/1774/1768
f 2427/1890/1884 2428/1891/1885 2429/1894/1888
f 2429/1894/1888 2428/1891/1885 2431/1895/1889
f 2431/1895/1889 2428/1891/1885 5070/1781/1775
f 2428/1891/1885 5074/1892/1886 5070/1781/1775
f 4986/1741/1735 4985/1893/1887 5064/1749/1743
f 5070/1781/1775 5074/1892/1886 2348/1794/1788
f 5073/1896/1890 2348/1794/1788 5074/1892/1886
f 3394/1846/1840 5073/1896/1890 5074/1892/1886
f 3394/1846/1840 3393/1897/1891 5073/1896/1890
f 3401/1838/1832 3393/1897/1891 3394/1846/1840
f 3409/1814/1808 3393/1897/1891 3401/1838/1832
f 3409/1814/1808 5069/1807/1801 3393/1897/1891
f 3393/1897/1891 5069/1807/1801 2350/1799/1793
f 5073/1896/1890 2350/1799/1793 2348/1794/1788
f 3393/1897/1891 2350/1799/1793 5073/1896/1890
f 2369/1773/1767 2431/1895/1889 5070/1781/1775
f 2430/1774/1768 2431/1895/1889 2369/1773/1767
f 2430/1774/1768 2429/1894/1888 2431/1895/1889
f 2296/1718/1715 2295/1720/356 2302/1898/1892
f 2309/1899/1893 2296/1718/1715 2302/1898/1892
f 2309/1899/1893 2311/1727/1722 2296/1718/1715
f 2311/1727/1722 2309/1899/1893 2304/1900/1894
f 2322/1901/354 2311/1727/1722 2304/1900/1894
f 2322/1901/1895 2304/1900/19 2301/1902/18
f 1965/1903/1896 2322/1901/1895 2301/1902/18
f 1965/1903/1896 1968/1904/1897 2322/1901/1895
f 1968/1904/1897 2307/1884/1878 2322/1901/354
f 1968/1904/1897 1958/1885/1879 2307/1884/1878
f 2322/1901/354 2321/1880/1874 2311/1727/1722
f 2322/1901/354 2307/1884/1878 2321/1880/1874
f 2374/1905/1898 3542/1768/1899 2379/1906/1900
f 3542/1768/1899 2378/1775/1901 2379/1906/1900
f 5034/1907/1902 5053/1908/1903 5026/1909/1904
f 5053/1908/1903 5034/1907/1902 5035/1910/1905
f 5053/1908/1903 5035/1910/1905 5052/1911/1906
f 5037/1912/1907 5052/1911/1906 5035/1910/1905
f 5051/1913/1908 5052/1911/1906 5037/1912/1907
f 5051/1913/1908 5037/1912/1907 5038/1914/1909
f 5038/1914/1909 5039/1915/1910 5051/1913/1908
f 5050/1916/1911 5052/1911/1906 5051/1913/1908
f 5039/1915/1910 5050/1916/1911 5051/1913/1908
f 5039/1915/1910 5032/1917/1912 5050/1916/1911
f 4733/1918/1913 5032/1917/1912 5039/1915/1910
f 4733/1918/1913 5039/1915/1910 4763/1919/1914
f 4763/1919/1914 5039/1915/1910 5038/1914/1909
f 4763/1919/1914 5038/1914/1909 4766/1920/1915
f 4766/1920/1915 5038/1914/1909 5037/1912/1907
f 5050/1916/1911 5053/1908/1903 5052/1911/1906
f 5053/1908/1903 5050/1916/1911 5030/1921/1916
f 5030/1921/1916 5050/1916/1911 5029/1922/1917
f 5029/1922/1917 5050/1916/1911 5031/1923/1918
f 5032/1917/1912 5031/1923/1918 5050/1916/1911
f 5053/1908/1903 5030/1921/1916 5026/1909/1904
f 5028/1924/1919 5026/1909/1904 5030/1921/1916
f 5028/1924/1919 5030/1921/1916 5029/1922/1917
f 4820/1925/1920 5026/1909/1904 5028/1924/1919
f 5028/1924/1919 4737/1926/1921 4820/1925/1920
f 4737/1926/1921 5028/1924/1919 5029/1922/1917
f 5029/1922/1917 4736/1927/1922 4737/1926/1921
f 5029/1922/1917 4734/1928/1923 4736/1927/1922
f 5029/1922/1917 5031/1923/1918 4734/1928/1923
f 4734/1928/1923 5031/1923/1918 5032/1917/1912
f 4820/1925/1920 4821/1929/1924 5026/1909/1904
f 4731/1930/1925 5026/1909/1904 4821/1929/1924
f 4731/1930/1925 5034/1907/1902 5026/1909/1904
f 4767/1931/1926 5034/1907/1902 4731/1930/1925
f 4767/1931/1926 5035/1910/1905 5034/1907/1902
f 4768/1932/1927 5035/1910/1905 4767/1931/1926
f 4768/1932/1927 5037/1912/1907 5035/1910/1905
f 4766/1920/1915 5037/1912/1907 4768/1932/1927
f 4734/1928/1923 5032/1917/1912 4733/1918/1913
f 5036/1933/1928 5041/1934/1929 5040/1935/1930
f 5036/1933/1928 5042/1936/1931 5041/1934/1929
f 5036/1933/1928 4737/1926/1921 5042/1936/1931
f 4820/1925/1920 4737/1926/1921 5036/1933/1928
f 4820/1925/1920 5036/1933/1928 5040/1935/1930
f 4820/1925/1920 5040/1935/1930 4817/1937/1932
f 4817/1937/1932 5040/1935/1930 5043/1938/1933
f 5054/1939/1934 5041/1934/1929 5042/1936/1931
f 5045/1940/1935 5054/1939/1934 5042/1936/1931
f 5042/1936/1931 4836/1941/1936 5045/1940/1935
f 5042/1936/1931 4833/1942/1937 4836/1941/1936
f 4737/1926/1921 4833/1942/1937 5042/1936/1931
f 5054/1939/1934 2373/1943/1938 5041/1934/1929
f 5055/1944/1939 2373/1943/1938 5054/1939/1934
f 5054/1939/1934 5046/1945/1940 5055/1944/1939
f 5054/1939/1934 5045/1940/1935 5046/1945/1940
f 5041/1934/1929 2373/1943/1938 5040/1935/1930
f 5043/1938/1933 5040/1935/1930 2373/1943/1938
f 5044/1946/1941 5043/1938/1933 2373/1943/1938
f 5049/1947/1942 5044/1946/1941 2373/1943/1938
f 5049/1947/1942 2373/1943/1938 5056/1948/1943
f 2373/1943/1938 5055/1944/1939 5056/1948/1943
f 5056/1948/1943 5055/1944/1939 5047/1949/1944
f 5047/1949/1944 5055/1944/1939 5046/1945/1940
f 4826/1950/1945 5044/1946/1941 5049/1947/1942
f 4826/1950/1945 5049/1947/1942 4828/1951/1946
f 4828/1951/1946 5049/1947/1942 5048/1952/1947
f 4828/1951/1946 5048/1952/1947 4829/1953/1948
f 4829/1953/1948 5048/1952/1947 5047/1949/1944
f 4829/1953/1948 5047/1949/1944 4832/1954/1949
f 4832/1954/1949 5047/1949/1944 5046/1945/1940
f 4816/1955/1950 5044/1946/1941 4826/1950/1945
f 4816/1955/1950 5043/1938/1933 5044/1946/1941
f 4817/1937/1932 5043/1938/1933 4816/1955/1950
f 4832/1954/1949 5046/1945/1940 4831/1956/1951
f 4831/1956/1951 5046/1945/1940 5045/1940/1935
f 4831/1956/1951 5045/1940/1935 4836/1941/1936
f 5056/1948/1943 5047/1949/1944 5048/1952/1947
f 5049/1947/1942 5056/1948/1943 5048/1952/1947
f 5019/1957/1952 5011/1908/1953 5015/1958/1954
f 4904/1910/1955 5015/1958/1954 5011/1908/1953
f 4904/1910/1955 5011/1908/1953 5025/1959/1956
f 5012/1960/1957 5025/1959/1956 5011/1908/1953
f 5022/1961/1958 5012/1960/1957 5011/1908/1953
f 5022/1961/1958 5011/1908/1953 5019/1957/1952
f 5025/1959/1956 5020/1962/1959 4904/1910/1955
f 5021/1963/1960 5020/1962/1959 5025/1959/1956
f 5012/1960/1957 5021/1963/1960 5025/1959/1956
f 4905/1915/1961 5021/1963/1960 5012/1960/1957
f 4905/1915/1961 5012/1960/1957 4906/1964/1962
f 4906/1964/1962 5012/1960/1957 5017/1965/1963
f 5018/1966/1964 5017/1965/1963 5012/1960/1957
f 5022/1961/1958 5018/1966/1964 5012/1960/1957
f 4907/1967/1965 5018/1966/1964 5022/1961/1958
f 5019/1957/1952 4907/1967/1965 5022/1961/1958
f 5021/1963/1960 5016/1968/1966 5020/1962/1959
f 5016/1968/1966 5021/1963/1960 4905/1915/1961
f 4841/1932/1967 5020/1962/1959 5016/1968/1966
f 4841/1932/1967 5016/1968/1966 4839/1969/1968
f 4905/1915/1961 4839/1969/1968 5016/1968/1966
f 4905/1915/1961 4837/1970/1969 4839/1969/1968
f 4905/1915/1961 4838/1971/1970 4837/1970/1969
f 4905/1915/1961 4906/1964/1962 4838/1971/1970
f 4904/1910/1955 5020/1962/1959 4841/1932/1967
f 4904/1910/1955 4841/1932/1967 4842/1972/1971
f 5015/1958/1954 4904/1910/1955 4842/1972/1971
f 5015/1958/1954 4842/1972/1971 4844/1973/1972
f 5019/1957/1952 5015/1958/1954 4844/1973/1972
f 5019/1957/1952 4844/1973/1972 4846/1974/1973
f 5019/1957/1952 4846/1974/1973 4848/1975/1974
f 5019/1957/1952 4848/1975/1974 4907/1967/1965
f 4907/1967/1965 4848/1975/1974 4893/1976/1975
f 4893/1976/1975 4848/1975/1974 4903/1977/1976
f 4848/1975/1974 5009/1978/1977 4903/1977/1976
f 5009/1978/1977 4848/1975/1974 4850/1979/1978
f 4850/1979/1978 2389/1980/1979 5009/1978/1977
f 4850/1979/1978 4852/1981/1980 2389/1980/1979
f 4893/1976/1975 5018/1966/1964 4907/1967/1965
f 4893/1976/1975 4891/1982/1981 5018/1966/1964
f 4894/1983/1982 5018/1966/1964 4891/1982/1981
f 4894/1983/1982 5017/1965/1963 5018/1966/1964
f 4906/1964/1962 5017/1965/1963 4894/1983/1982
f 4906/1964/1962 4894/1983/1982 4838/1971/1970
f 5008/1946/1983 2389/1980/1979 4852/1981/1980
f 5008/1946/1983 4852/1981/1980 4853/1984/1984
f 2381/1985/1985 5008/1946/1983 4853/1984/1984
f 2381/1985/1985 4853/1984/1984 4854/1951/1986
f 2380/1986/1987 2381/1985/1985 4854/1951/1986
f 2380/1986/1987 4854/1951/1986 4855/1987/1988
f 2382/1988/1989 2380/1986/1987 4855/1987/1988
f 2382/1988/1989 4855/1987/1988 4897/1989/1990
f 5008/1946/1983 2381/1985/1985 2384/1990/1991
f 2380/1986/1987 2384/1990/1991 2381/1985/1985
f 2380/1986/1987 5013/1991/1992 2384/1990/1991
f 2382/1988/1989 5013/1991/1992 2380/1986/1987
f 2382/1988/1989 5023/1992/1993 5013/1991/1992
f 2382/1988/1989 4902/1993/1994 5023/1992/1993
f 5023/1992/1993 4902/1993/1994 5014/1994/1995
f 5008/1946/1983 2384/1990/1991 5010/1995/1996
f 5010/1995/1996 2384/1990/1991 5023/1992/1993
f 2384/1990/1991 5013/1991/1992 5023/1992/1993
f 5008/1946/1983 5010/1995/1996 2389/1980/1979
f 2389/1980/1979 5010/1995/1996 5009/1978/1977
f 5010/1995/1996 5027/1996/1997 5009/1978/1977
f 5010/1995/1996 5023/1992/1993 5027/1996/1997
f 5023/1992/1993 5024/1997/1998 5027/1996/1997
f 5024/1997/1998 5023/1992/1993 5014/1994/1995
f 4901/1998/1999 5024/1997/1998 5014/1994/1995
f 5014/1994/1995 4896/1999/2000 4901/1998/1999
f 5014/1994/1995 4902/1993/1994 4896/1999/2000
f 4902/1993/1994 4897/1989/1990 4896/1999/2000
f 4902/1993/1994 2382/1988/1989 4897/1989/1990
f 4903/1977/1976 5009/1978/1977 5027/1996/1997
f 5024/1997/1998 4903/1977/1976 5027/1996/1997
f 4903/1977/1976 5024/1997/1998 4893/1976/1975
f 5024/1997/1998 4899/2000/2001 4893/1976/1975
f 4901/1998/1999 4899/2000/2001 5024/1997/1998
f 2383/1510/2002 2388/2001/2003 2385/2002/2004
f 2386/2003/2005 2383/1510/2002 2385/2002/2004
f 2414/2004/2006 5082/2005/2007 2413/2006/2008
f 5078/2007/2009 5082/2005/2007 2414/2004/2006
f 604/2008/2010 5078/2007/2009 2414/2004/2006
f 605/2009/2011 604/2008/2010 2414/2004/2006
f 605/2009/2011 2414/2004/2006 2413/2006/2008
f 5077/2010/2012 5082/2005/2007 5078/2007/2009
f 2411/2011/2013 5077/2010/2012 5078/2007/2009
f 606/2012/2014 2411/2011/2013 5078/2007/2009
f 606/2012/2014 5078/2007/2009 604/2008/2010
f 4345/2013/2015 606/2012/2014 604/2008/2010
f 605/2009/2011 4345/2013/2015 604/2008/2010
f 605/2009/2011 4344/2014/2016 4345/2013/2015
f 605/2009/2011 607/2015/2017 4344/2014/2016
f 5077/2010/2012 5079/2016/2018 5082/2005/2007
f 5077/2010/2012 4360/2017/2019 5079/2016/2018
f 5077/2010/2012 4359/2018/2020 4360/2017/2019
f 2410/2019/2021 4359/2018/2020 5077/2010/2012
f 2411/2011/2013 2410/2019/2021 5077/2010/2012
f 2412/2020/2022 2410/2019/2021 2411/2011/2013
f 606/2012/2014 2412/2020/2022 2411/2011/2013
f 606/2012/2014 609/2021/2023 2412/2020/2022
f 5079/2016/2018 2413/2006/2008 5082/2005/2007
f 5079/2016/2018 2078/1508/1519 2413/2006/2008
f 5079/2016/2018 4361/2022/2024 2078/1508/1519
f 5079/2016/2018 4360/2017/2019 4361/2022/2024
f 2413/2006/2008 2078/1508/1519 2076/1510/1521
f 2413/2006/2008 2076/1510/1521 181/166/169
f 2077/1511/1522 181/166/169 2076/1510/1521
f 2077/1511/1522 138/125/170 181/166/169
f 138/125/170 2077/1511/1522 2409/2023/2025
f 4364/2024/2026 2409/2023/2025 2077/1511/1522
f 4364/2024/2026 2077/1511/1522 4363/2025/2027
f 4363/2025/2027 2077/1511/1522 2075/1509/1520
f 607/2015/2017 2413/2006/2008 181/166/169
f 145/167/171 607/2015/2017 181/166/169
f 145/167/171 640/2026/2028 607/2015/2017
f 640/2026/2028 145/167/171 137/168/172
f 145/167/171 138/125/170 137/168/172
f 607/2015/2017 605/2009/2011 2413/2006/2008
f 639/2027/2029 640/2026/2028 137/168/172
f 639/2027/2029 137/168/172 180/169/173
f 610/2028/2030 639/2027/2029 180/169/173
f 610/2028/2030 611/2029/2031 639/2027/2029
f 610/2028/2030 2404/2030/2032 611/2029/2031
f 612/2031/2033 611/2029/2031 2404/2030/2032
f 612/2031/2033 2404/2030/2032 4976/2032/2034
f 2404/2030/2032 4982/2033/2035 4976/2032/2034
f 2404/2030/2032 2408/2034/2036 4982/2033/2035
f 2405/2035/2037 2408/2034/2036 2404/2030/2032
f 2405/2035/2037 2404/2030/2032 2406/2036/2038
f 2405/2035/2037 2406/2036/2038 180/169/173
f 185/162/174 612/2031/2033 4976/2032/2034
f 4976/2032/2034 4974/2037/2039 185/162/174
f 4976/2032/2034 4982/2033/2035 4974/2037/2039
f 4974/2037/2039 4982/2033/2035 4368/2038/2040
f 4982/2033/2035 4367/2039/2041 4368/2038/2040
f 4982/2033/2035 2408/2034/2036 4367/2039/2041
f 2408/2034/2036 4366/2040/2042 4367/2039/2041
f 2408/2034/2036 2405/2035/2037 4366/2040/2042
f 185/162/174 603/2041/2043 612/2031/2033
f 185/162/174 182/161/175 603/2041/2043
f 608/2042/2044 603/2041/2043 182/161/175
f 177/164/167 608/2042/2044 182/161/175
f 179/163/166 608/2042/2044 177/164/167
f 608/2042/2044 179/163/166 176/165/168
f 608/2042/2044 176/165/168 601/2043/2045
f 176/165/168 4997/2044/2046 601/2043/2045
f 176/165/168 2401/2045/2047 4997/2044/2046
f 176/165/168 2402/2046/2048 2401/2045/2047
f 4992/2047/2049 2402/2046/2048 176/165/168
f 4992/2047/2049 176/165/168 177/164/167
f 177/164/167 2403/2048/2050 4992/2047/2049
f 2403/2048/2050 177/164/167 185/162/174
f 602/2049/2051 601/2043/2045 4997/2044/2046
f 602/2049/2051 4997/2044/2046 4987/2050/2052
f 4997/2044/2046 4993/2051/2053 4987/2050/2052
f 4997/2044/2046 2401/2045/2047 4993/2051/2053
f 4993/2051/2053 2401/2045/2047 4353/2052/2054
f 2401/2045/2047 4352/2053/2055 4353/2052/2054
f 2401/2045/2047 2402/2046/2048 4352/2053/2055
f 4992/2047/2049 4352/2053/2055 2402/2046/2048
f 4992/2047/2049 4351/2054/2056 4352/2053/2055
f 2403/2048/2050 4351/2054/2056 4992/2047/2049
f 4987/2050/2052 2395/2055/2057 602/2049/2051
f 4987/2050/2052 2397/2056/2058 2395/2055/2057
f 4987/2050/2052 4993/2051/2053 2397/2056/2058
f 4355/2057/2059 2397/2056/2058 4993/2051/2053
f 4355/2057/2059 4993/2051/2053 4354/2058/2060
f 4993/2051/2053 4353/2052/2054 4354/2058/2060
f 609/2021/2023 602/2049/2051 2395/2055/2057
f 609/2021/2023 2395/2055/2057 5083/2059/2061
f 2397/2056/2058 5083/2059/2061 2395/2055/2057
f 2397/2056/2058 2400/2060/2062 5083/2059/2061
f 2400/2060/2062 2397/2056/2058 4355/2057/2059
f 2400/2060/2062 4355/2057/2059 4356/2061/2063
f 4981/2062/2064 2400/2060/2062 4356/2061/2063
f 4981/2062/2064 4356/2061/2063 4357/2063/2065
f 4981/2062/2064 4357/2063/2065 4358/2064/2066
f 5083/2059/2061 2412/2020/2022 609/2021/2023
f 5083/2059/2061 4981/2062/2064 2412/2020/2022
f 5083/2059/2061 2400/2060/2062 4981/2062/2064
f 2412/2020/2022 4981/2062/2064 2410/2019/2021
f 4981/2062/2064 4358/2064/2066 2410/2019/2021
f 2410/2019/2021 4358/2064/2066 4359/2018/2020
f 2403/2048/2050 4350/2065/2067 4351/2054/2056
f 2403/2048/2050 4349/2066/2068 4350/2065/2067
f 2403/2048/2050 4974/2037/2039 4349/2066/2068
f 2403/2048/2050 185/162/174 4974/2037/2039
f 4974/2037/2039 4368/2038/2040 4349/2066/2068
f 2405/2035/2037 4365/2067/2069 4366/2040/2042
f 2405/2035/2037 2407/2068/2070 4365/2067/2069
f 2405/2035/2037 180/169/173 2407/2068/2070
f 2409/2023/2025 2407/2068/2070 180/169/173
f 2409/2023/2025 180/169/173 138/125/170
f 2407/2068/2070 4364/2024/2026 4365/2067/2069
f 2407/2068/2070 2409/2023/2025 4364/2024/2026
f 4363/2025/2027 2075/1509/1520 4362/2069/2071
f 2078/1508/1519 4362/2069/2071 2075/1509/1520
f 2078/1508/1519 4361/2022/2024 4362/2069/2071
f 4343/2070/2072 4344/2014/2016 607/2015/2017
f 4343/2070/2072 607/2015/2017 640/2026/2028
f 4342/2071/2073 4343/2070/2072 640/2026/2028
f 4342/2071/2073 640/2026/2028 639/2027/2029
f 4338/2072/2074 4342/2071/2073 639/2027/2029
f 4338/2072/2074 639/2027/2029 611/2029/2031
f 4338/2072/2074 611/2029/2031 612/2031/2033
f 4338/2072/2074 612/2031/2033 4339/2073/2075
f 612/2031/2033 603/2041/2043 4339/2073/2075
f 603/2041/2043 4340/2074/2076 4339/2073/2075
f 608/2042/2044 4340/2074/2076 603/2041/2043
f 608/2042/2044 4341/2075/2077 4340/2074/2076
f 4341/2075/2077 608/2042/2044 601/2043/2045
f 4341/2075/2077 601/2043/2045 4348/2076/2078
f 4348/2076/2078 601/2043/2045 602/2049/2051
f 4348/2076/2078 602/2049/2051 4347/2077/2079
f 4347/2077/2079 602/2049/2051 609/2021/2023
f 4347/2077/2079 609/2021/2023 4346/2078/2080
f 4346/2078/2080 609/2021/2023 606/2012/2014
f 4345/2013/2015 4346/2078/2080 606/2012/2014
f 5004/2079/2081 4348/2076/2078 4347/2077/2079
f 2390/2080/2082 5004/2079/2081 4347/2077/2079
f 2390/2080/2082 4347/2077/2079 4346/2078/2080
f 2390/2080/2082 4346/2078/2080 4345/2013/2015
f 2390/2080/2082 4345/2013/2015 4998/2081/2083
f 4998/2081/2083 4345/2013/2015 4344/2014/2016
f 5004/2079/2081 5005/2082/2084 4348/2076/2078
f 5003/2083/2085 5005/2082/2084 5004/2079/2081
f 5003/2083/2085 5004/2079/2081 134/128/131
f 134/128/131 5004/2079/2081 5007/2084/2086
f 5007/2084/2086 5004/2079/2081 2390/2080/2082
f 5007/2084/2086 2390/2080/2082 139/126/129
f 139/126/129 2390/2080/2082 4998/2081/2083
f 4998/2081/2083 2391/2085/2087 139/126/129
f 5005/2082/2084 4341/2075/2077 4348/2076/2078
f 5005/2082/2084 2387/2086/2088 4341/2075/2077
f 5001/2087/2089 2387/2086/2088 5005/2082/2084
f 5005/2082/2084 5003/2083/2085 5001/2087/2089
f 5003/2083/2085 2392/2088/2090 5001/2087/2089
f 2392/2088/2090 5003/2083/2085 135/127/130
f 134/128/131 135/127/130 5003/2083/2085
f 2387/2086/2088 4340/2074/2076 4341/2075/2077
f 2387/2086/2088 4995/2089/2091 4340/2074/2076
f 5002/2090/2092 4995/2089/2091 2387/2086/2088
f 5002/2090/2092 2387/2086/2088 5001/2087/2089
f 5001/2087/2089 2392/2088/2090 5002/2090/2092
f 5002/2090/2092 2392/2088/2090 4996/2091/2093
f 2392/2088/2090 4999/2092/2094 4996/2091/2093
f 2392/2088/2090 2396/2093/2095 4999/2092/2094
f 2392/2088/2090 4988/2094/2096 2396/2093/2095
f 2392/2088/2090 135/127/130 4988/2094/2096
f 4995/2089/2091 4339/2073/2075 4340/2074/2076
f 4339/2073/2075 4995/2089/2091 2398/2095/2097
f 5000/2096/2098 2398/2095/2097 4995/2089/2091
f 4995/2089/2091 5002/2090/2092 5000/2096/2098
f 4996/2091/2093 5000/2096/2098 5002/2090/2092
f 5000/2096/2098 4996/2091/2093 4999/2092/2094
f 5000/2096/2098 4999/2092/2094 2398/2095/2097
f 2398/2095/2097 4999/2092/2094 2393/2097/2099
f 2393/2097/2099 4999/2092/2094 2396/2093/2095
f 2396/2093/2095 2394/2098/2100 2393/2097/2099
f 2396/2093/2095 2399/2099/2101 2394/2098/2100
f 2396/2093/2095 4994/2100/2102 2399/2099/2101
f 2396/2093/2095 4988/2094/2096 4994/2100/2102
f 4339/2073/2075 2398/2095/2097 4338/2072/2074
f 2398/2095/2097 4342/2071/2073 4338/2072/2074
f 2398/2095/2097 2394/2098/2100 4342/2071/2073
f 2394/2098/2100 2398/2095/2097 2393/2097/2099
f 2394/2098/2100 4343/2070/2072 4342/2071/2073
f 2399/2099/2101 4343/2070/2072 2394/2098/2100
f 2399/2099/2101 4344/2014/2016 4343/2070/2072
f 4344/2014/2016 2399/2099/2101 4998/2081/2083
f 2399/2099/2101 2391/2085/2087 4998/2081/2083
f 2399/2099/2101 4994/2100/2102 2391/2085/2087
f 5007/2084/2086 139/126/129 134/128/131
f 4988/2094/2096 2391/2085/2087 4994/2100/2102
f 4988/2094/2096 135/127/130 2391/2085/2087
f 135/127/130 139/126/129 2391/2085/2087
f 180/169/173 2406/2036/2038 610/2028/2030
f 610/2028/2030 2406/2036/2038 2404/2030/2032
f 2415/2101/2103 2419/2102/2104 2416/2103/2105
f 2416/2103/2105 5136/2104/2106 2415/2101/2103
f 2416/2103/2105 2424/2105/2107 5136/2104/2106
f 3853/2106/2108 5136/2104/2106 2424/2105/2107
f 3853/2106/2108 2424/2105/2107 2423/2107/2109
f 3853/2106/2108 2415/2101/2103 5136/2104/2106
f 2415/2101/2103 3853/2106/2108 3851/2108/2110
f 2336/2109/2111 2415/2101/2103 3851/2108/2110
f 3851/2108/2110 3858/2110/2112 2336/2109/2111
f 3857/2111/2113 3858/2110/2112 3851/2108/2110
f 2336/2109/2111 2323/2112/2114 2415/2101/2103
f 2336/2109/2111 2337/2113/2115 2323/2112/2114
f 2337/2113/2115 2336/2109/2111 3858/2110/2112
f 3858/2110/2112 3854/2114/2116 2337/2113/2115
f 2337/2113/2115 3854/2114/2116 3847/2115/2117
f 3847/2115/2117 2324/2116/2118 2337/2113/2115
f 2324/2116/2118 2323/2112/2114 2337/2113/2115
f 2324/2116/2118 2330/2117/2119 2323/2112/2114
f 2331/2118/2120 2417/2119/2121 2332/2120/2122
f 2331/2118/2120 2420/2121/2123 2417/2119/2121
f 2421/2122/2124 2417/2119/2121 2420/2121/2123
f 2421/2122/2124 2422/2123/2125 2417/2119/2121
f 2421/2122/2124 2418/2124/2126 2422/2123/2125
f 3829/2125/2127 2418/2126/2126 3840/2127/2128
f 3840/2127/2128 2418/2126/2126 2074/2128/1524
f 2072/2129/1525 2074/2128/1524 2418/2126/2126
f 2072/2129/1525 2418/2126/2126 2421/2130/2124
f 2421/2130/2124 2071/2131/1527 2072/2129/1525
f 2421/2130/2124 2420/2132/2123 2071/2131/1527
f 2071/2131/1527 2420/2132/2123 2331/2133/2120
f 3840/2127/2128 2074/2128/1524 3860/2134/2129
f 3859/2135/2130 3860/2134/2129 2074/2128/1524
f 3850/2136/2131 3849/2137/2132 3840/2138/2128
f 3840/2138/2128 3860/2139/2129 3850/2136/2131
f 3860/2139/2129 3836/2140/2133 3850/2136/2131
f 3860/2139/2129 3837/2141/2134 3836/2140/2133
f 2328/2142/2135 5117/2143/2136 2326/2144/2137
f 2328/2142/2135 5120/2145/2138 5117/2143/2136
f 3864/2146/2139 5120/2145/2138 2328/2142/2135
f 5124/2147/2140 5120/2145/2138 3864/2146/2139
f 5124/2147/2140 3864/2146/2139 3862/2148/2141
f 5124/2147/2140 3862/2148/2141 2325/2149/2142
f 5124/2147/2140 2325/2149/2142 2454/2150/2143
f 5124/2147/2140 2454/2150/2143 5126/2151/2144
f 5120/2145/2138 5119/2152/2145 5117/2143/2136
f 5120/2145/2138 183/172/178 5119/2152/2145
f 5121/2153/2146 183/172/178 5120/2145/2138
f 5121/2153/2146 5120/2145/2138 5124/2147/2140
f 5125/2154/2147 5121/2153/2146 5124/2147/2140
f 5124/2147/2140 5126/2151/2144 5125/2154/2147
f 5125/2154/2147 5126/2151/2144 2453/2155/2148
f 5126/2151/2144 3867/2156/2149 2453/2155/2148
f 2454/2157/2143 3867/2156/2149 5126/2151/2144
f 5117/2143/2136 5119/2152/2145 5118/2158/2150
f 5119/2152/2145 2068/236/241 5118/2158/2150
f 183/172/178 2068/236/241 5119/2152/2145
f 2068/236/241 5108/2159/2151 5118/2158/2150
f 5109/2160/2152 5118/2158/2150 5108/2159/2151
f 5109/2160/2152 5117/2161/2136 5118/2158/2150
f 2326/2162/2137 5117/2161/2136 5109/2160/2152
f 5109/2160/2152 3865/2163/2153 2326/2162/2137
f 3869/2164/2154 3867/2156/2149 2454/2157/2143
f 2329/2165/2155 3869/2164/2154 2454/2157/2143
f 2325/2166/2142 2329/2165/2155 2454/2157/2143
f 2453/2155/2148 5121/2153/2146 5125/2154/2147
f 2453/2155/2148 186/170/176 5121/2153/2146
f 183/172/178 5121/2153/2146 186/170/176
f 5113/2167/2156 5110/2168/2157 5106/2169/2158
f 5106/2169/2158 5115/2170/2159 5113/2167/2156
f 5116/2171/2160 5115/2170/2159 5106/2169/2158
f 5106/2169/2158 5107/2172/2161 5116/2171/2160
f 5116/2171/2160 5107/2172/2161 2068/236/241
f 5108/2159/2151 2068/236/241 5107/2172/2161
f 5106/2173/2158 5108/2159/2151 5107/2172/2161
f 5112/2146/2162 5113/2167/2156 5115/2170/2159
f 5114/2174/2163 5112/2146/2162 5115/2170/2159
f 3870/2175/2164 5114/2174/2163 5115/2170/2159
f 3870/2175/2164 5115/2170/2159 184/171/177
f 5115/2170/2159 5116/2171/2160 184/171/177
f 2068/236/241 184/171/177 5116/2171/2160
f 5114/2174/2163 5111/2176/2165 5112/2146/2162
f 3872/2177/2166 5111/2176/2165 5114/2174/2163
f 3872/2177/2166 5114/2174/2163 3868/2178/2167
f 3868/2178/2167 5114/2174/2163 3871/2179/2168
f 5114/2174/2163 3870/2175/2164 3871/2179/2168
f 2453/2155/2148 3871/2179/2168 3870/2175/2164
f 2453/2155/2148 3870/2175/2164 186/170/176
f 186/170/176 3870/2175/2164 184/171/177
f 3868/2178/2167 3871/2179/2168 3866/2180/2169
f 3871/2179/2168 2453/2155/2148 3866/2180/2169
f 3866/2180/2169 2453/2155/2148 3867/2156/2149
f 3866/2180/2169 3867/2156/2149 3869/2164/2154
f 3866/2180/2169 3869/2164/2154 3868/2181/2167
f 3872/2166/2166 3868/2181/2167 3869/2164/2154
f 3872/2166/2166 3869/2164/2154 2329/2165/2155
f 5109/2160/2152 5108/2159/2151 5106/2173/2158
f 5109/2160/2152 5106/2173/2158 3865/2163/2153
f 5106/2173/2158 5110/2182/2157 3865/2163/2153
f 5110/2183/2157 2327/2184/2170 3865/2185/2153
f 2327/2184/2170 5110/2183/2157 5113/2186/2156
f 5113/2186/2156 3861/2187/2171 2327/2184/2170
f 5113/2186/2156 5112/2188/2162 3861/2187/2171
f 3863/2189/2172 3861/2187/2171 5112/2188/2162
f 3863/2189/2172 5112/2188/2162 5111/2190/2165
f 2329/2191/2155 3863/2189/2172 5111/2190/2165
f 2329/2191/2155 5111/2190/2165 3872/2192/2166
f 5096/2193/2173 5101/2194/2174 2462/2195/2175
f 5096/2193/2173 5103/2196/2176 5101/2194/2174
f 5103/2196/2176 5102/2197/2177 5101/2194/2174
f 5104/2198/2178 5102/2197/2177 5103/2196/2176
f 5104/2198/2178 5097/2199/2179 5102/2197/2177
f 5100/2200/2180 5097/2199/2179 5104/2198/2178
f 5100/2200/2180 5104/2198/2178 5105/2201/2181
f 5100/2200/2180 5105/2201/2181 5099/2202/2182
f 5099/2202/2182 5105/2201/2181 5093/2203/2183
f 5099/2202/2182 5093/2203/2183 5095/2204/2184
f 5088/2205/2185 5093/2203/2183 2456/2206/2186
f 5095/2204/2184 5093/2203/2183 5088/2205/2185
f 5093/2203/2183 2458/2207/2187 2456/2206/2186
f 5093/2203/2183 5105/2201/2181 2458/2207/2187
f 5091/2208/2188 2458/2207/2187 5105/2201/2181
f 5091/2208/2188 5105/2201/2181 5104/2198/2178
f 5103/2196/2176 5091/2208/2188 5104/2198/2178
f 5103/2196/2176 5089/2209/2189 5091/2208/2188
f 5089/2209/2189 5103/2196/2176 5096/2193/2173
f 5089/2209/2189 5096/2193/2173 5134/2210/2190
f 2462/2195/2175 2445/2211/2191 5098/2212/2192
f 2462/2195/2175 5101/2194/2174 2445/2211/2191
f 2445/2211/2191 5101/2194/2174 5102/2197/2177
f 2445/2211/2191 5102/2197/2177 2451/2213/2193
f 5097/2199/2179 2451/2213/2193 5102/2197/2177
f 5097/2199/2179 5086/2214/2194 2451/2213/2193
f 5085/2215/2195 5086/2214/2194 5097/2199/2179
f 5085/2215/2195 5097/2199/2179 5100/2200/2180
f 5085/2215/2195 5100/2200/2180 5099/2202/2182
f 5085/2215/2195 5099/2202/2182 5092/2216/2196
f 5092/2216/2196 5099/2202/2182 5095/2204/2184
f 5092/2216/2196 5095/2204/2184 5088/2205/2185
f 147/133/136 150/132/135 2433/2217/2197
f 147/133/136 2433/2217/2197 2439/2218/2198
f 2439/2218/2198 2433/2217/2197 2438/2219/2199
f 3878/2220/2200 2439/2218/2198 2438/2219/2199
f 3878/2220/2200 2438/2219/2199 4888/2221/2201
f 3878/2220/2200 4888/2221/2201 5094/2222/2202
f 2432/2223/2203 5094/2222/2202 4888/2221/2201
f 2343/2224/2204 148/129/132 2440/2225/2205
f 2343/2224/2204 2440/2225/2205 2442/2226/2206
f 5087/2227/2207 2442/2226/2206 2440/2225/2205
f 5087/2227/2207 2443/2228/2208 2442/2226/2206
f 2443/2228/2208 5087/2227/2207 2437/2229/2209
f 2436/2230/2210 2443/2228/2208 2437/2229/2209
f 2436/2230/2210 2437/2229/2209 2435/2231/2211
f 4570/2232/2212 2343/2224/2204 2442/2226/2206
f 4570/2232/2212 2442/2226/2206 2441/2233/2213
f 2442/2226/2206 2443/2228/2208 2441/2233/2213
f 2450/2234/2214 2441/2233/2213 2443/2228/2208
f 2450/2234/2214 2443/2228/2208 2436/2230/2210
f 2447/2235/2215 2450/2234/2214 2436/2230/2210
f 2447/2235/2215 2436/2230/2210 2444/2236/2216
f 4886/2237/2217 2343/2224/2204 4570/2232/2212
f 4886/2237/2217 146/134/137 2343/2224/2204
f 146/134/137 4886/2237/2217 150/132/135
f 2447/2235/2215 2444/2236/2216 2449/2238/2218
f 2447/2235/2215 2449/2238/2218 2446/2239/2219
f 2432/2223/2203 2446/2239/2219 2449/2238/2218
f 2436/2230/2210 2435/2231/2211 2444/2236/2216
f 2435/2231/2211 2449/2238/2218 2444/2236/2216
f 2435/2231/2211 2461/2240/2220 2449/2238/2218
f 2432/2223/2203 2449/2238/2218 2461/2240/2220
f 2432/2223/2203 2461/2240/2220 2434/2241/2221
f 2432/2223/2203 2434/2241/2221 5094/2222/2202
f 2434/2241/2221 3876/2242/2222 5094/2222/2202
f 3876/2242/2222 3878/2220/2200 5094/2222/2202
f 3878/2220/2200 3876/2242/2222 2457/2243/2223
f 3878/2220/2200 2457/2243/2223 2439/2218/2198
f 2439/2218/2198 2457/2243/2223 2459/2244/2224
f 2439/2218/2198 2459/2244/2224 147/133/136
f 3885/2245/2225 147/133/136 2459/2244/2224
f 3885/2245/2225 146/134/137 147/133/136
f 3885/2245/2225 148/129/132 146/134/137
f 146/134/137 148/129/132 2343/2224/2204
f 143/131/134 2440/2225/2205 148/129/132
f 143/131/134 5087/2227/2207 2440/2225/2205
f 143/131/134 2460/2246/2226 5087/2227/2207
f 2437/2229/2209 5087/2227/2207 2460/2246/2226
f 2455/2247/2227 2437/2229/2209 2460/2246/2226
f 2435/2231/2211 2437/2229/2209 2455/2247/2227
f 2435/2231/2211 2455/2247/2227 3880/2248/2228
f 3877/2249/2229 2435/2231/2211 3880/2248/2228
f 3877/2249/2229 2461/2240/2220 2435/2231/2211
f 2461/2240/2220 3877/2249/2229 2456/2206/2186
f 637/2250/2230 2456/2206/2186 3877/2249/2229
f 637/2250/2230 3877/2249/2229 3879/2251/2231
f 3879/2251/2231 548/2252/2232 637/2250/2230
f 542/2253/2233 548/2252/2232 3879/2251/2231
f 542/2253/2233 3879/2251/2231 2340/2254/2234
f 2461/2240/2220 2456/2206/2186 2434/2241/2221
f 2434/2241/2221 2456/2206/2186 2458/2207/2187
f 2458/2207/2187 3876/2242/2222 2434/2241/2221
f 3876/2242/2222 2458/2207/2187 5091/2208/2188
f 2457/2243/2223 3876/2242/2222 5091/2208/2188
f 2457/2243/2223 5091/2208/2188 5089/2209/2189
f 2457/2243/2223 5089/2209/2189 5134/2210/2190
f 2457/2243/2223 5134/2210/2190 2459/2244/2224
f 3885/2245/2225 2459/2244/2224 5134/2210/2190
f 3885/2245/2225 5134/2210/2190 144/130/133
f 527/2255/2235 144/130/133 5134/2210/2190
f 5134/2210/2190 5098/2212/2192 527/2255/2235
f 5098/2212/2192 5134/2210/2190 5096/2193/2173
f 5098/2212/2192 5096/2193/2173 2462/2195/2175
f 144/130/133 148/129/132 3885/2245/2225
f 527/2255/2235 5098/2212/2192 523/2256/2236
f 5098/2212/2192 516/2257/2237 523/2256/2236
f 5098/2212/2192 2445/2211/2191 516/2257/2237
f 2445/2211/2191 517/2258/2238 516/2257/2237
f 2445/2211/2191 2451/2213/2193 517/2258/2238
f 2451/2213/2193 550/2259/2239 517/2258/2238
f 2451/2213/2193 5086/2214/2194 550/2259/2239
f 529/2260/2240 550/2259/2239 5086/2214/2194
f 529/2260/2240 5086/2214/2194 5085/2215/2195
f 5092/2216/2196 529/2260/2240 5085/2215/2195
f 5092/2216/2196 5090/2261/2241 529/2260/2240
f 5088/2205/2185 5090/2261/2241 5092/2216/2196
f 5088/2205/2185 559/2262/2242 5090/2261/2241
f 637/2250/2230 559/2262/2242 5088/2205/2185
f 637/2250/2230 5088/2205/2185 2456/2206/2186
f 534/2263/2243 542/2253/2233 2340/2254/2234
f 534/2263/2243 2340/2254/2234 2347/2264/2244
f 2345/2265/2245 534/2263/2243 2347/2264/2244
f 2345/2265/2245 532/2266/2246 534/2263/2243
f 2448/2267/2247 532/2266/2246 2345/2265/2245
f 2448/2267/2247 525/2268/2248 532/2266/2246
f 2346/2269/2249 525/2268/2248 2448/2267/2247
f 2346/2269/2249 520/2270/2250 525/2268/2248
f 153/135/138 520/2270/2250 2346/2269/2249
f 153/135/138 514/2271/2251 520/2270/2250
f 153/135/138 530/2272/2252 514/2271/2251
f 530/2272/2252 153/135/138 143/131/134
f 521/2273/2253 530/2272/2252 143/131/134
f 144/130/133 521/2273/2253 143/131/134
f 144/130/133 527/2255/2235 521/2273/2253
f 511/2274/2254 521/2273/2253 527/2255/2235
f 530/2272/2252 521/2273/2253 522/2275/2255
f 8/2276/2256 4332/241/246 2463/2277/2257
f 15/242/247 4332/241/246 8/2276/2256
f 2717/2278/2258 403/215/221 2465/2279/2259
f 403/215/221 2783/240/245 2465/2279/2259
f 2783/240/245 2464/2280/2260 2465/2279/2259
f 2783/240/245 2711/2281/2261 2464/2280/2260
f 2711/2281/2261 2783/240/245 5181/2282/2262
f 2783/240/245 17/2283/2263 5181/2282/2262
f 16/214/220 17/2283/2263 2783/240/245
f 27/2284/2264 17/2283/2263 16/214/220
f 21/2285/2265 27/2284/2264 16/214/220
f 21/2285/2265 16/214/220 402/216/222
f 2711/2281/2261 5181/2282/2262 2710/2286/2266
f 5181/2282/2262 2709/2287/2267 2710/2286/2266
f 5181/2282/2262 5182/2288/2268 2709/2287/2267
f 5181/2282/2262 5176/2289/2269 5182/2288/2268
f 5175/2290/2270 5176/2289/2269 5181/2282/2262
f 5175/2290/2270 5181/2282/2262 24/2291/2271
f 17/2283/2263 24/2291/2271 5181/2282/2262
f 17/2283/2263 22/2292/2272 24/2291/2271
f 27/2284/2264 22/2292/2272 17/2283/2263
f 5182/2288/2268 2793/2293/2273 2709/2287/2267
f 2793/2293/2273 5182/2288/2268 5177/2294/2274
f 5176/2289/2269 5177/2294/2274 5182/2288/2268
f 5172/2295/2275 5177/2294/2274 5176/2289/2269
f 5172/2295/2275 5176/2289/2269 5175/2290/2270
f 24/2291/2271 5172/2295/2275 5175/2290/2270
f 2793/2293/2273 5177/2294/2274 2852/2296/2276
f 2792/2297/2277 2793/2293/2273 2852/2296/2276
f 2852/2296/2276 2851/2298/2278 2792/2297/2277
f 2850/2299/2279 2792/2297/2277 2851/2298/2278
f 2850/2299/2279 2736/2300/2280 2792/2297/2277
f 2735/2301/2281 2736/2300/2280 2850/2299/2279
f 5172/2295/2275 5178/2302/2282 5177/2294/2274
f 5179/2303/2283 5177/2294/2274 5178/2302/2282
f 5178/2302/2282 5180/2304/2284 5179/2303/2283
f 5173/2305/2285 5180/2304/2284 5178/2302/2282
f 5172/2295/2275 5173/2305/2285 5178/2302/2282
f 2745/2306/2286 5173/2305/2285 5172/2295/2275
f 5172/2295/2275 2706/2307/2287 2745/2306/2286
f 24/2291/2271 2706/2307/2287 5172/2295/2275
f 5177/2294/2274 5179/2303/2283 2852/2296/2276
f 5179/2303/2283 2851/2298/2278 2852/2296/2276
f 24/2291/2271 2712/2308/2288 2706/2307/2287
f 24/2291/2271 2794/2309/2289 2712/2308/2288
f 24/2291/2271 23/217/223 2794/2309/2289
f 2794/2309/2289 23/217/223 2705/2310/2290
f 18/219/225 2705/2310/2290 23/217/223
f 18/219/225 3/2311/2291 2705/2310/2290
f 9/2312/2292 3/2311/2291 18/219/225
f 9/2312/2292 18/219/225 12/2313/2293
f 12/2313/2293 18/219/225 13/2314/2294
f 19/2315/2295 13/2314/2294 18/219/225
f 19/2315/2295 18/219/225 28/218/224
f 3/2311/2291 2797/2316/2296 2705/2310/2290
f 9/2312/2292 2797/2316/2296 3/2311/2291
f 9/2312/2292 2780/2317/2297 2797/2316/2296
f 9/2312/2292 2716/2318/2298 2780/2317/2297
f 9/2312/2292 4/2319/2299 2716/2318/2298
f 4/2319/2299 9/2312/2292 12/2313/2293
f 4/2319/2299 12/2313/2293 5/2320/2300
f 5/2320/2300 12/2313/2293 6/2321/2301
f 6/2321/2301 12/2313/2293 7/2322/2302
f 14/2323/2303 7/2322/2302 12/2313/2293
f 14/2323/2303 12/2313/2293 13/2314/2294
f 19/2315/2295 14/2323/2303 13/2314/2294
f 2781/2324/2304 2716/2318/2298 4/2319/2299
f 5/2320/2300 2781/2324/2304 4/2319/2299
f 5/2320/2300 5146/2325/2305 2781/2324/2304
f 2781/2324/2304 5146/2325/2305 5143/2326/2306
f 2781/2324/2304 5143/2326/2306 474/2327/2307
f 5144/2328/2308 474/2327/2307 5143/2326/2306
f 5144/2328/2308 5142/2329/2309 474/2327/2307
f 5144/2328/2308 5158/2330/2310 5142/2329/2309
f 5151/7/2311 5158/2330/2310 5144/2328/2308
f 5158/2330/2310 5141/2331/2312 5142/2329/2309
f 5158/2330/2310 453/221/227 5141/2331/2312
f 5152/36/41 453/221/227 5158/2330/2310
f 5152/36/41 5158/2330/2310 5151/7/2311
f 4328/37/42 5152/36/41 5151/7/2311
f 4328/37/42 5151/7/2311 4326/2332/2313
f 4326/2332/2313 5151/7/2311 5156/2333/2314
f 5155/2334/2315 5156/2333/2314 5151/7/2311
f 5151/7/2311 5144/2328/2308 5155/2334/2315
f 5155/2334/2315 5144/2328/2308 5143/2326/2306
f 5153/38/43 453/221/227 5152/36/41
f 5153/38/43 452/222/228 453/221/227
f 452/222/228 5153/38/43 5154/2335/2316
f 451/220/226 452/222/228 5154/2335/2316
f 451/220/226 5154/2335/2316 5157/2336/2317
f 451/220/226 5157/2336/2317 5161/2337/2318
f 5161/2337/2318 5157/2336/2317 4324/2338/2319
f 4324/2338/2319 5160/2339/2320 5161/2337/2318
f 4324/2338/2319 4330/2340/2321 5160/2339/2320
f 4329/34/39 5160/2339/2320 4330/2340/2321
f 4329/34/39 5165/41/46 5160/2339/2320
f 5165/41/46 4329/34/39 4123/31/36
f 5159/2341/2322 451/220/226 5161/2337/2318
f 5161/2337/2318 5164/2342/2323 5159/2341/2322
f 5161/2337/2318 5160/2339/2320 5164/2342/2323
f 5165/41/46 5164/2342/2323 5160/2339/2320
f 5165/41/46 5171/2343/2324 5164/2342/2323
f 5171/2343/2324 5165/41/46 5162/40/45
f 5168/2344/2325 5171/2343/2324 5162/40/45
f 5163/42/47 5168/2344/2325 5162/40/45
f 5163/42/47 5169/2345/2326 5168/2344/2325
f 451/220/226 5159/2341/2322 453/221/227
f 5159/2341/2322 5141/2331/2312 453/221/227
f 5159/2341/2322 5166/2346/2327 5141/2331/2312
f 5164/2342/2323 5166/2346/2327 5159/2341/2322
f 5164/2342/2323 5167/2347/2328 5166/2346/2327
f 214/194/200 5167/2347/2328 5164/2342/2323
f 214/194/200 5164/2342/2323 5171/2343/2324
f 213/195/201 214/194/200 5171/2343/2324
f 213/195/201 5171/2343/2324 5195/2348/2329
f 5168/2344/2325 5195/2348/2329 5171/2343/2324
f 5168/2344/2325 5169/2345/2326 5195/2348/2329
f 5167/2347/2328 466/2349/2330 5166/2346/2327
f 5167/2347/2328 461/2350/2331 466/2349/2330
f 462/2351/2332 461/2350/2331 5167/2347/2328
f 462/2351/2332 5167/2347/2328 214/194/200
f 218/193/199 462/2351/2332 214/194/200
f 466/2349/2330 469/2352/2333 5166/2346/2327
f 469/2352/2333 5141/2331/2312 5166/2346/2327
f 469/2352/2333 2765/2353/2334 5141/2331/2312
f 2766/2354/2335 5141/2331/2312 2765/2353/2334
f 2766/2354/2335 5142/2329/2309 5141/2331/2312
f 2766/2354/2335 2724/2355/2336 5142/2329/2309
f 2724/2355/2336 474/2327/2307 5142/2329/2309
f 2763/2356/2337 213/195/201 5195/2348/2329
f 2763/2356/2337 5195/2348/2329 5170/2357/2338
f 2763/2356/2337 5170/2357/2338 2737/2358/2339
f 4327/2359/2340 2737/2358/2339 5170/2357/2338
f 4327/2359/2340 2791/2360/2341 2737/2358/2339
f 5189/2361/2342 2791/2360/2341 4327/2359/2340
f 5189/2361/2342 2784/2362/2343 2791/2360/2341
f 5189/2361/2342 5185/2363/2344 2784/2362/2343
f 5185/2363/2344 5189/2361/2342 5188/2364/2345
f 5191/2365/2346 5188/2364/2345 5189/2361/2342
f 5191/2365/2346 5189/2361/2342 5192/2366/2347
f 5189/2361/2342 4327/2359/2340 5192/2366/2347
f 5193/2367/2348 5192/2366/2347 4327/2359/2340
f 5193/2367/2348 4327/2359/2340 5170/2357/2338
f 5190/2368/2349 2784/2362/2343 5185/2363/2344
f 5174/2369/2350 5190/2368/2349 5185/2363/2344
f 5174/2369/2350 5185/2363/2344 5173/2305/2285
f 5180/2304/2284 5173/2305/2285 5185/2363/2344
f 5180/2304/2284 5185/2363/2344 5184/2370/2351
f 5185/2363/2344 5188/2364/2345 5184/2370/2351
f 5184/2370/2351 5188/2364/2345 5187/2371/2352
f 5188/2364/2345 5191/2365/2346 5187/2371/2352
f 2708/2372/2353 5190/2368/2349 5174/2369/2350
f 2708/2372/2353 5174/2369/2350 2743/2373/2354
f 2743/2373/2354 5174/2369/2350 2745/2306/2286
f 2743/2373/2354 2745/2306/2286 2707/2374/2355
f 2707/2374/2355 2745/2306/2286 2706/2307/2287
f 2708/2372/2353 2704/2375/2356 5190/2368/2349
f 2738/2376/2357 5190/2368/2349 2704/2375/2356
f 2738/2376/2357 2784/2362/2343 5190/2368/2349
f 5173/2305/2285 2745/2306/2286 5174/2369/2350
f 4326/2332/2313 5156/2333/2314 4320/2377/2358
f 5148/2378/2359 4320/2377/2358 5156/2333/2314
f 5145/2379/2360 5148/2378/2359 5156/2333/2314
f 5145/2379/2360 5156/2333/2314 5155/2334/2315
f 5155/2334/2315 5143/2326/2306 5145/2379/2360
f 5145/2379/2360 5143/2326/2306 5146/2325/2305
f 5145/2379/2360 5146/2325/2305 5147/2380/2361
f 5147/2380/2361 5146/2325/2305 5/2320/2300
f 4320/2377/2358 5148/2378/2359 4331/2381/2362
f 4331/2381/2362 5148/2378/2359 5149/2382/2363
f 5150/2383/2364 5149/2382/2363 5148/2378/2359
f 5150/2383/2364 5148/2378/2359 5145/2379/2360
f 5147/2380/2361 5150/2383/2364 5145/2379/2360
f 1/2384/2365 5150/2383/2364 5147/2380/2361
f 5147/2380/2361 5/2320/2300 1/2384/2365
f 1/2384/2365 5/2320/2300 6/2321/2301
f 1/2384/2365 6/2321/2301 7/2322/2302
f 5149/2382/2363 2853/2385/2366 4331/2381/2362
f 2853/2385/2366 5149/2382/2363 2/2386/2367
f 5149/2382/2363 1/2384/2365 2/2386/2367
f 5149/2382/2363 5150/2383/2364 1/2384/2365
f 2853/2385/2366 2/2386/2367 2463/2277/2257
f 8/2276/2256 2463/2277/2257 2/2386/2367
f 2/2386/2367 7/2322/2302 8/2276/2256
f 2/2386/2367 1/2384/2365 7/2322/2302
f 8/2276/2256 7/2322/2302 14/2323/2303
f 8/2276/2256 14/2323/2303 15/242/247
f 14/2323/2303 19/2315/2295 15/242/247
f 15/242/247 19/2315/2295 10/243/248
f 10/243/248 19/2315/2295 20/2387/2368
f 19/2315/2295 25/2388/2369 20/2387/2368
f 19/2315/2295 28/218/224 25/2388/2369
f 25/2388/2369 28/218/224 29/2389/2370
f 23/217/223 29/2389/2370 28/218/224
f 10/243/248 20/2387/2368 11/2390/2371
f 21/2285/2265 11/2390/2371 20/2387/2368
f 26/2391/2372 21/2285/2265 20/2387/2368
f 26/2391/2372 20/2387/2368 25/2388/2369
f 25/2388/2369 29/2389/2370 26/2391/2372
f 27/2284/2264 26/2391/2372 29/2389/2370
f 27/2284/2264 29/2389/2370 22/2292/2272
f 29/2389/2370 23/217/223 22/2292/2272
f 24/2291/2271 22/2292/2272 23/217/223
f 21/2285/2265 4325/2392/2373 11/2390/2371
f 4325/2392/2373 21/2285/2265 402/216/222
f 4325/2392/2373 402/216/222 403/215/221
f 2717/2393/2258 4325/2392/2373 403/215/221
f 2717/2393/2258 2718/2394/2374 4325/2392/2373
f 4325/2392/2373 2718/2394/2374 2719/2395/2375
f 4325/2392/2373 2719/2395/2375 11/2390/2371
f 2725/2396/2376 11/2390/2371 2719/2395/2375
f 2725/2396/2376 4332/241/246 11/2390/2371
f 4332/241/246 2725/2396/2376 2723/2397/2377
f 2463/2277/2257 4332/241/246 2723/2397/2377
f 2463/2277/2257 2723/2397/2377 2722/2398/2378
f 2853/2385/2366 2463/2277/2257 2722/2398/2378
f 2853/2385/2366 2722/2398/2378 2768/2399/2379
f 4332/241/246 10/243/248 11/2390/2371
f 27/2284/2264 21/2285/2265 26/2391/2372
f 2768/2399/2379 4331/2381/2362 2853/2385/2366
f 2768/2399/2379 2769/2400/2380 4331/2381/2362
f 4331/2381/2362 2769/2400/2380 2777/2401/2381
f 4331/2381/2362 2777/2401/2381 4320/2377/2358
f 4320/2377/2358 2777/2401/2381 2770/28/2382
f 4320/2377/2358 2770/28/2382 4326/2332/2313
f 4328/37/42 4326/2332/2313 2770/28/2382
f 4328/37/42 2770/28/2382 475/2402/2383
f 475/2402/2383 4127/35/40 4328/37/42
f 465/2403/2384 4127/35/40 475/2402/2383
f 465/2403/2384 4124/39/44 4127/35/40
f 464/29/2385 4124/39/44 465/2403/2384
f 464/29/2385 4121/2404/2386 4124/39/44
f 467/2405/2387 4121/2404/2386 464/29/2385
f 467/2405/2387 4122/2406/346 4121/2404/2386
f 4122/2406/346 467/2405/2387 463/2407/2388
f 4122/2406/346 463/2407/2388 4118/2408/348
f 463/2407/2388 4126/32/37 4118/2408/348
f 463/2407/2388 460/2409/2389 4126/32/37
f 4124/39/44 4121/2404/345 5157/2336/2317
f 5157/2336/2317 4121/2404/345 4122/2406/2390
f 4324/2338/2319 5157/2336/2317 4122/2406/2390
f 4324/2338/2319 4122/2406/2390 4118/2408/348
f 4324/2338/2319 4118/2408/348 4330/2340/2321
f 4118/2408/348 4329/34/39 4330/2340/2321
f 4118/2408/348 4126/32/37 4329/34/39
f 460/2409/2389 4119/33/38 4126/32/37
f 459/2410/2391 4119/33/38 460/2409/2389
f 4119/33/38 459/2410/2391 223/2411/210
f 4119/33/38 223/2411/210 458/2412/351
f 458/2412/351 223/2411/210 326/2413/2392
f 224/2414/209 326/2413/2392 223/2411/210
f 326/2413/2392 327/2415/2393 458/2412/351
f 458/2412/351 327/2415/2393 5169/2345/2326
f 5180/2304/2284 2851/2298/2278 5179/2303/2283
f 5180/2304/2284 5183/2416/2394 2851/2298/2278
f 5180/2304/2284 5184/2370/2351 5183/2416/2394
f 5186/2417/2395 5183/2416/2394 5184/2370/2351
f 5184/2370/2351 2849/2418/2396 5186/2417/2395
f 5184/2370/2351 5187/2371/2352 2849/2418/2396
f 5187/2371/2352 35/2419/2397 2849/2418/2396
f 5187/2371/2352 5191/2365/2346 35/2419/2397
f 5186/2417/2395 2851/2298/2278 5183/2416/2394
f 2851/2298/2278 5186/2417/2395 2850/2299/2279
f 2735/2301/2281 2850/2299/2279 5186/2417/2395
f 2849/2418/2396 2735/2301/2281 5186/2417/2395
f 2849/2418/2396 2789/2420/2398 2735/2301/2281
f 2789/2420/2398 2849/2418/2396 35/2419/2397
f 35/2419/2397 30/2421/2399 2789/2420/2398
f 5191/2365/2346 32/2422/2400 35/2419/2397
f 5191/2365/2346 5192/2366/2347 32/2422/2400
f 5196/2423/2401 32/2422/2400 5192/2366/2347
f 5193/2367/2348 5196/2423/2401 5192/2366/2347
f 2671/2424/2402 5196/2423/2401 5193/2367/2348
f 2662/2425/2403 2671/2424/2402 5193/2367/2348
f 2662/2425/2403 5193/2367/2348 5194/2426/2404
f 5193/2367/2348 5170/2357/2338 5194/2426/2404
f 5194/2426/2404 5170/2357/2338 5195/2348/2329
f 2672/2427/2405 32/2422/2400 5196/2423/2401
f 2671/2424/2402 2672/2427/2405 5196/2423/2401
f 5194/2426/2404 5195/2348/2329 5169/2345/2326
f 2662/2425/2403 5194/2426/2404 5169/2345/2326
f 2662/2425/2403 5169/2345/2326 327/2415/2393
f 5128/2428/2406 2467/2429/2407 2466/2430/2408
f 2466/2430/2408 5130/2431/2409 5128/2428/2406
f 2466/2430/2408 2471/2432/2410 5130/2431/2409
f 2466/2430/2408 2470/2433/2411 2471/2432/2410
f 2466/2430/2408 2468/2434/2412 2470/2433/2411
f 2482/2435/2413 2470/2433/2411 2468/2434/2412
f 2482/2435/2413 2473/2436/2414 2470/2433/2411
f 2474/2437/2415 2473/2436/2414 2482/2435/2413
f 5129/2438/2416 5130/2431/2409 2471/2432/2410
f 2471/2432/2410 5133/2439/2417 5129/2438/2416
f 2471/2432/2410 2472/2440/2418 5133/2439/2417
f 2469/2441/2419 2472/2440/2418 2471/2432/2410
f 2470/2433/2411 2469/2441/2419 2471/2432/2410
f 2469/2441/2419 2470/2433/2411 2473/2436/2414
f 2469/2441/2419 2473/2436/2414 2479/2442/2420
f 2473/2436/2414 2477/2443/2421 2479/2442/2420
f 2477/2443/2421 2473/2436/2414 2478/2444/2422
f 2474/2437/2415 2478/2444/2422 2473/2436/2414
f 2488/2445/2423 2478/2444/2422 2474/2437/2415
f 2474/2437/2415 2475/2446/2424 2488/2445/2423
f 2472/2440/2418 5131/2447/2425 5133/2439/2417
f 5135/2448/2426 5131/2447/2425 2472/2440/2418
f 2480/2449/2427 5135/2448/2426 2472/2440/2418
f 2472/2440/2418 2469/2441/2419 2480/2449/2427
f 2479/2442/2420 2480/2449/2427 2469/2441/2419
f 2477/2443/2421 2480/2449/2427 2479/2442/2420
f 2477/2443/2421 2481/2450/2428 2480/2449/2427
f 2481/2450/2428 2477/2443/2421 5123/2451/2429
f 5123/2451/2429 2477/2443/2421 2484/2452/2430
f 2477/2443/2421 2478/2444/2422 2484/2452/2430
f 2484/2452/2430 2478/2444/2422 2483/2453/2431
f 2488/2445/2423 2483/2453/2431 2478/2444/2422
f 5135/2448/2426 5132/2454/2432 5131/2447/2425
f 2487/2455/2433 5132/2454/2432 5135/2448/2426
f 2487/2455/2433 5135/2448/2426 5127/2456/2434
f 5135/2448/2426 2481/2450/2428 5127/2456/2434
f 5135/2448/2426 2480/2449/2427 2481/2450/2428
f 5127/2456/2434 2486/2457/2435 2487/2455/2433
f 5127/2456/2434 5122/2458/2436 2486/2457/2435
f 5123/2451/2429 5122/2458/2436 5127/2456/2434
f 5123/2451/2429 5127/2456/2434 2481/2450/2428
f 2452/2459/2437 2486/2457/2435 5122/2458/2436
f 5123/2451/2429 2452/2459/2437 5122/2458/2436
f 5123/2451/2429 2489/2460/2438 2452/2459/2437
f 5123/2451/2429 2484/2452/2430 2489/2460/2438
f 2484/2452/2430 2492/2461/2439 2489/2460/2438
f 2484/2452/2430 2491/2462/2440 2492/2461/2439
f 2491/2462/2440 2484/2452/2430 2483/2453/2431
f 2493/2463/2441 2491/2462/2440 2483/2453/2431
f 2495/2464/2442 2493/2463/2441 2483/2453/2431
f 2495/2464/2442 2483/2453/2431 2488/2445/2423
f 2452/2459/2437 2490/2465/2443 2486/2457/2435
f 2490/2465/2443 2452/2459/2437 2485/2466/2444
f 2489/2460/2438 2485/2466/2444 2452/2459/2437
f 2489/2460/2438 2492/2461/2439 2485/2466/2444
f 2492/2461/2439 2529/2467/2445 2485/2466/2444
f 2492/2461/2439 2528/2468/2446 2529/2467/2445
f 2528/2468/2446 2492/2461/2439 2491/2462/2440
f 2491/2462/2440 2527/2469/2447 2528/2468/2446
f 2526/2470/2448 2527/2469/2447 2491/2462/2440
f 2526/2470/2448 2491/2462/2440 2493/2463/2441
f 2493/2463/2441 2525/2471/2449 2526/2470/2448
f 2525/2471/2449 2493/2463/2441 2495/2464/2442
f 2525/2471/2449 2495/2464/2442 2524/2472/2450
f 2490/2465/2443 2485/2466/2444 2494/2473/2451
f 2494/2473/2451 2485/2466/2444 2529/2467/2445
f 2494/2473/2451 2529/2467/2445 2510/2474/2452
f 2511/2475/2453 2510/2474/2452 2529/2467/2445
f 2511/2475/2453 2529/2467/2445 2528/2468/2446
f 2511/2475/2453 2528/2468/2446 2527/2469/2447
f 2527/2469/2447 2522/2476/2454 2511/2475/2453
f 2527/2469/2447 2526/2470/2448 2522/2476/2454
f 2522/2476/2454 2526/2470/2448 2525/2471/2449
f 2522/2476/2454 2525/2471/2449 2532/2477/2455
f 2532/2477/2455 2525/2471/2449 2524/2472/2450
f 2532/2477/2455 2524/2472/2450 2514/2478/2456
f 2535/2479/2457 2532/2477/2455 2514/2478/2456
f 2514/2478/2456 2534/2480/2458 2535/2479/2457
f 2511/2475/2453 2523/2481/2459 2510/2474/2452
f 2523/2481/2459 2511/2475/2453 2522/2476/2454
f 2522/2476/2454 2530/2482/2460 2523/2481/2459
f 2532/2477/2455 2530/2482/2460 2522/2476/2454
f 2530/2482/2460 2532/2477/2455 2535/2479/2457
f 2476/2483/2461 2495/2464/2442 2488/2445/2423
f 2476/2483/2461 2488/2445/2423 2475/2446/2424
f 2531/2484/2462 2513/2429/2463 2516/2428/2464
f 2531/2484/2462 2516/2428/2464 2533/2431/2465
f 2531/2484/2462 2533/2431/2465 2520/2485/2466
f 2517/2438/2467 2520/2485/2466 2533/2431/2465
f 2520/2485/2466 2517/2438/2467 2537/2439/2468
f 2520/2485/2466 2537/2439/2468 2547/2486/2469
f 2538/2447/2470 2547/2486/2469 2537/2439/2468
f 2518/2448/2471 2547/2486/2469 2538/2447/2470
f 2518/2448/2471 2538/2447/2470 2536/2454/2472
f 2531/2484/2462 2520/2485/2466 2515/2433/2473
f 2520/2485/2466 2543/2487/2474 2515/2433/2473
f 2547/2486/2469 2543/2487/2474 2520/2485/2466
f 2543/2487/2474 2547/2486/2469 2546/2488/2475
f 2546/2488/2475 2547/2486/2469 2518/2448/2471
f 2518/2448/2471 2545/2450/2476 2546/2488/2475
f 2518/2448/2471 2539/2456/2477 2545/2450/2476
f 2540/2455/2478 2539/2456/2477 2518/2448/2471
f 2540/2455/2478 2518/2448/2471 2536/2454/2472
f 2531/2484/2462 2515/2433/2473 2521/2489/2479
f 2519/2490/2480 2521/2489/2479 2515/2433/2473
f 2519/2490/2480 2515/2433/2473 2541/2491/2481
f 2543/2487/2474 2541/2491/2481 2515/2433/2473
f 2543/2487/2474 2542/2492/2482 2541/2491/2481
f 2543/2487/2474 2546/2488/2475 2542/2492/2482
f 2546/2488/2475 2505/2493/2483 2542/2492/2482
f 2546/2488/2475 2545/2450/2476 2505/2493/2483
f 2545/2450/2476 2548/2451/2484 2505/2493/2483
f 2548/2451/2484 2545/2450/2476 2539/2456/2477
f 2548/2451/2484 2539/2456/2477 2550/2458/2485
f 2539/2456/2477 2551/2457/2486 2550/2458/2485
f 2539/2456/2477 2540/2455/2478 2551/2457/2486
f 2541/2491/2481 2512/2494/2487 2519/2490/2480
f 2541/2491/2481 2544/2495/2488 2512/2494/2487
f 2544/2495/2488 2541/2491/2481 2542/2492/2482
f 2505/2493/2483 2544/2495/2488 2542/2492/2482
f 2544/2495/2488 2505/2493/2483 2499/2496/2489
f 2505/2493/2483 2500/2497/2490 2499/2496/2489
f 2504/2460/2491 2500/2497/2490 2505/2493/2483
f 2504/2460/2491 2505/2493/2483 2548/2451/2484
f 2549/2459/2492 2504/2460/2491 2548/2451/2484
f 2549/2459/2492 2548/2451/2484 2550/2458/2485
f 2549/2459/2492 2550/2458/2485 2551/2457/2486
f 2549/2459/2492 2551/2457/2486 2557/2465/2493
f 2506/2498/2494 2512/2494/2487 2544/2495/2488
f 2544/2495/2488 2499/2496/2489 2506/2498/2494
f 2499/2496/2489 2556/2499/2495 2506/2498/2494
f 2556/2499/2495 2499/2496/2489 2500/2497/2490
f 2508/2500/2496 2556/2499/2495 2500/2497/2490
f 2500/2497/2490 2502/2468/2497 2508/2500/2496
f 2500/2497/2490 2509/2461/2498 2502/2468/2497
f 2509/2461/2498 2500/2497/2490 2504/2460/2491
f 2555/2466/2499 2509/2461/2498 2504/2460/2491
f 2555/2466/2499 2504/2460/2491 2549/2459/2492
f 2557/2465/2493 2555/2466/2499 2549/2459/2492
f 2557/2465/2493 2554/2473/2500 2555/2466/2499
f 2512/2494/2487 2506/2498/2494 2496/2501/2501
f 2496/2501/2501 2506/2498/2494 2560/2502/2502
f 2560/2502/2502 2506/2498/2494 2556/2499/2495
f 2556/2499/2495 2562/2503/2503 2560/2502/2502
f 2556/2499/2495 2558/2504/2504 2562/2503/2503
f 2508/2500/2496 2558/2504/2504 2556/2499/2495
f 2563/2505/2505 2558/2504/2504 2508/2500/2496
f 2563/2505/2505 2508/2500/2496 2503/2469/2506
f 2503/2469/2506 2508/2500/2496 2502/2468/2497
f 2502/2468/2497 2501/2475/2507 2503/2469/2506
f 2502/2468/2497 2553/2467/2508 2501/2475/2507
f 2553/2467/2508 2502/2468/2497 2509/2461/2498
f 2553/2467/2508 2509/2461/2498 2555/2466/2499
f 2562/2503/2503 2558/2504/2504 2561/2506/2509
f 2563/2505/2505 2561/2506/2509 2558/2504/2504
f 2584/2507/2510 2561/2506/2509 2563/2505/2505
f 2584/2507/2510 2563/2505/2505 2507/2508/2511
f 2507/2508/2511 2563/2505/2505 2503/2469/2506
f 2507/2508/2511 2503/2469/2506 2501/2475/2507
f 2507/2508/2511 2501/2475/2507 2498/2509/2512
f 2552/2474/2513 2498/2509/2512 2501/2475/2507
f 2552/2474/2513 2501/2475/2507 2553/2467/2508
f 2553/2467/2508 2554/2473/2500 2552/2474/2513
f 2553/2467/2508 2555/2466/2499 2554/2473/2500
f 2562/2503/2503 2561/2506/2509 2564/2510/2514
f 2575/2511/2515 2564/2510/2514 2561/2506/2509
f 2561/2506/2509 2584/2507/2510 2575/2511/2515
f 2573/2512/2516 2575/2511/2515 2584/2507/2510
f 2584/2507/2510 2559/2513/2517 2573/2512/2516
f 2507/2508/2511 2559/2513/2517 2584/2507/2510
f 2507/2508/2511 2497/2514/2518 2559/2513/2517
f 2507/2508/2511 2498/2509/2512 2497/2514/2518
f 2573/2512/2516 2576/2480/2519 2575/2511/2515
f 2680/2515/2520 2682/2516/2521 2681/2517/2522
f 2682/2516/2521 2680/2515/2520 2683/2518/2523
f 30/2519/2399 2683/2518/2523 2680/2515/2520
f 30/2519/2399 2684/2520/2524 2683/2518/2523
f 2684/2520/2524 2685/2521/2525 2683/2518/2523
f 2684/2520/2524 2686/2522/2526 2685/2521/2525
f 2685/2521/2525 2686/2522/2526 2687/2523/2527
f 2687/2523/2527 2688/2524/2528 2685/2521/2525
f 2692/2525/2529 2682/2516/2521 2683/2518/2523
f 2683/2518/2523 2691/2526/2530 2692/2525/2529
f 2683/2518/2523 2685/2521/2525 2691/2526/2530
f 2689/2527/2531 2691/2526/2530 2685/2521/2525
f 2685/2521/2525 2688/2524/2528 2689/2527/2531
f 2690/2528/2532 2689/2527/2531 2688/2524/2528
f 2690/2528/2532 2574/2529/2533 2689/2527/2531
f 2690/2528/2532 2583/2530/2534 2574/2529/2533
f 2692/2525/2529 2693/2531/2535 2682/2516/2521
f 2681/2517/2522 2682/2516/2521 2693/2531/2535
f 2681/2517/2522 2693/2531/2535 2694/2532/2536
f 2681/2517/2522 2694/2532/2536 2695/2533/2537
f 2681/2517/2522 2695/2533/2537 227/202/208
f 2695/2533/2537 224/203/209 227/202/208
f 2695/2533/2537 226/2534/212 224/203/209
f 226/2534/212 2696/2535/2538 224/203/209
f 226/2534/212 203/2536/211 2696/2535/2538
f 2696/2535/2538 203/2536/211 196/2537/2539
f 196/2537/2539 2697/2538/2540 2696/2535/2538
f 2698/2539/2541 2697/2538/2540 196/2537/2539
f 2698/2539/2541 2699/2540/2542 2697/2538/2540
f 2625/2541/2543 2699/2540/2542 2698/2539/2541
f 2625/2541/2543 2566/2542/2544 2699/2540/2542
f 2625/2541/2543 428/2543/2545 2566/2542/2544
f 2566/2542/2544 428/2543/2545 2626/2544/33
f 428/2543/2545 2572/2545/2546 2626/2544/33
f 2623/2546/2547 2572/2545/2546 428/2543/2545
f 2623/2546/2547 2624/2547/2548 2572/2545/2546
f 2624/2547/2548 2623/2546/2547 2622/2548/2549
f 430/2549/2550 2622/2548/2549 2623/2546/2547
f 2622/2548/2549 430/2549/2550 2621/2550/2551
f 2619/2551/2552 2626/2544/33 2572/2545/2546
f 2619/2551/2552 2572/2545/2546 2624/2547/2548
f 2619/2551/2552 2624/2547/2548 2617/2552/2553
f 2618/2553/2554 2617/2552/2553 2624/2547/2548
f 2618/2553/2554 2624/2547/2548 2622/2548/2549
f 2622/2548/2549 2609/2554/32 2618/2553/2554
f 2620/2555/2555 2609/2554/32 2622/2548/2549
f 2571/2556/2556 2620/2555/2555 2622/2548/2549
f 2622/2548/2549 2621/2550/2551 2571/2556/2556
f 2571/2556/2556 2621/2550/2551 441/2557/2557
f 2571/2556/2556 441/2557/2557 2610/2558/2558
f 2610/2558/2558 441/2557/2557 2570/2559/2559
f 2617/2552/2553 2618/2553/2554 2595/2560/2560
f 2609/2554/32 2595/2560/2560 2618/2553/2554
f 2620/2555/2555 2571/2556/2556 2610/2558/2558
f 2620/2555/2555 2610/2558/2558 2596/2561/2561
f 2596/2561/2561 2610/2558/2558 2597/2562/2562
f 2610/2558/2558 2570/2559/2559 2597/2562/2562
f 2597/2562/2562 2570/2559/2559 2598/2563/2563
f 2597/2562/2562 2598/2563/2563 2599/2564/2564
f 2599/2564/2564 2598/2563/2563 2568/2565/2565
f 2599/2564/2564 2568/2565/2565 2569/2566/2566
f 2569/2566/2566 2568/2565/2565 2577/2567/2567
f 2600/2568/2568 2620/2555/2555 2596/2561/2561
f 2600/2568/2568 2596/2561/2561 2601/2569/2569
f 2601/2569/2569 2596/2561/2561 2602/2570/2570
f 2596/2561/2561 2597/2562/2562 2602/2570/2570
f 2599/2564/2564 2602/2570/2570 2597/2562/2562
f 2565/2571/2571 2602/2570/2570 2599/2564/2564
f 2565/2571/2571 2599/2564/2564 2567/2572/2572
f 2567/2572/2572 2599/2564/2564 2569/2566/2566
f 2620/2555/2555 2600/2568/2568 2609/2554/32
f 2601/2569/2569 2602/2570/2570 2565/2571/2571
f 2567/2572/2572 2569/2566/2566 2608/2573/2573
f 2607/2574/2574 2608/2573/2573 2569/2566/2566
f 2569/2566/2566 2577/2567/2567 2607/2574/2574
f 2577/2567/2567 2616/2575/2575 2607/2574/2574
f 2577/2567/2567 2615/2576/2576 2616/2575/2575
f 2613/2577/2577 2616/2575/2575 2615/2576/2576
f 2613/2577/2577 2605/2578/2578 2616/2575/2575
f 2612/2579/2579 2605/2578/2578 2613/2577/2577
f 2612/2579/2579 2613/2577/2577 2603/2580/2580
f 2614/2581/2581 2608/2573/2573 2607/2574/2574
f 2607/2574/2574 2611/2582/2582 2614/2581/2581
f 2607/2574/2574 2616/2575/2575 2611/2582/2582
f 2616/2575/2575 2604/2583/2583 2611/2582/2582
f 2579/2584/2584 2604/2583/2583 2616/2575/2575
f 2605/2578/2578 2579/2584/2584 2616/2575/2575
f 2579/2584/2584 2605/2578/2578 2612/2579/2579
f 2579/2584/2584 2612/2579/2579 2578/2585/2585
f 2578/2585/2585 2612/2579/2579 2580/2586/2586
f 2612/2579/2579 2603/2580/2580 2580/2586/2586
f 2580/2586/2586 2603/2580/2580 2581/2587/2587
f 2614/2581/2581 2606/2588/2588 2608/2573/2573
f 2611/2582/2582 2606/2588/2588 2614/2581/2581
f 2606/2588/2588 2611/2582/2582 2604/2583/2583
f 2606/2588/2588 2604/2583/2583 2592/2589/2589
f 2592/2589/2589 2604/2583/2583 2579/2584/2584
f 2592/2589/2589 2579/2584/2584 2591/2590/2590
f 2594/2591/2591 2591/2590/2590 2579/2584/2584
f 2594/2591/2591 2579/2584/2584 2578/2585/2585
f 2590/2592/2592 2594/2591/2591 2578/2585/2585
f 2578/2585/2585 2580/2586/2586 2590/2592/2592
f 2592/2589/2589 2587/2593/2593 2606/2588/2588
f 2591/2590/2590 2587/2593/2593 2592/2589/2589
f 2586/2594/2594 2594/2591/2591 2590/2592/2592
f 2594/2591/2591 2586/2594/2594 2591/2590/2590
f 2580/2586/2586 2581/2587/2587 2585/2595/2595
f 2581/2587/2587 2593/2596/2596 2585/2595/2595
f 2582/2597/2597 2585/2595/2595 2593/2596/2596
f 2582/2597/2597 2589/2598/2598 2585/2595/2595
f 2582/2597/2597 2588/2599/2599 2589/2598/2598
f 2583/2530/2534 2589/2598/2598 2588/2599/2599
f 2588/2599/2599 2574/2529/2533 2583/2530/2534
f 2660/6/6 2662/2425/2403 327/2415/2393
f 2660/6/6 2663/2426/2600 2662/2425/2403
f 2742/2600/2601 2663/2426/2600 2660/6/6
f 2660/6/6 2733/16/16 2742/2600/2601
f 2741/2601/2602 2742/2600/2601 2733/16/16
f 2741/2601/2602 2733/16/16 2734/2602/2603
f 2741/2601/2602 2734/2602/2603 2775/2603/2604
f 2667/2367/2605 2662/2425/2403 2663/2426/2600
f 2665/2604/2606 2667/2367/2605 2663/2426/2600
f 2665/2604/2606 2663/2426/2600 2664/2605/2607
f 2742/2600/2601 2664/2605/2607 2663/2426/2600
f 2667/2367/2605 2671/2424/2402 2662/2425/2403
f 2672/2427/2405 2671/2424/2402 2667/2367/2605
f 2667/2367/2605 2668/2366/2608 2672/2427/2405
f 2667/2367/2605 2665/2604/2606 2668/2366/2608
f 2744/2606/2609 2668/2366/2608 2665/2604/2606
f 2744/2606/2609 2665/2604/2606 2666/2607/2610
f 2666/2607/2610 2665/2604/2606 2664/2605/2607
f 2672/2427/2405 2668/2366/2608 2673/2608/2611
f 2669/2365/2612 2673/2608/2611 2668/2366/2608
f 2669/2365/2612 2668/2366/2608 2744/2606/2609
f 2669/2365/2612 2744/2606/2609 2670/2609/2613
f 85/185/191 2670/2609/2613 2744/2606/2609
f 2744/2606/2609 2755/2610/2614 85/185/191
f 2744/2606/2609 2747/2611/2615 2755/2610/2614
f 2669/2365/2612 31/2612/2616 2673/2608/2611
f 2669/2365/2612 2771/2613/2617 31/2612/2616
f 2669/2365/2612 2674/2614/2618 2771/2613/2617
f 2669/2365/2612 2670/2609/2613 2674/2614/2618
f 2674/2614/2618 2670/2609/2613 2675/2615/2619
f 85/185/191 2675/2615/2619 2670/2609/2613
f 85/185/191 202/184/190 2675/2615/2619
f 2771/2613/2617 2767/2616/2620 31/2612/2616
f 2772/2617/2621 2767/2616/2620 2771/2613/2617
f 2771/2613/2617 2675/2615/2619 2772/2617/2621
f 2771/2613/2617 2674/2614/2618 2675/2615/2619
f 2686/2618/2526 31/2612/2616 2767/2616/2620
f 2686/2618/2526 2767/2616/2620 2687/2301/2527
f 2762/2299/2622 2687/2301/2527 2767/2616/2620
f 2772/2617/2621 2762/2299/2622 2767/2616/2620
f 2761/2619/2623 2762/2299/2622 2772/2617/2621
f 2676/2620/2624 2761/2619/2623 2772/2617/2621
f 2676/2620/2624 2772/2617/2621 2675/2615/2619
f 2676/2620/2624 2675/2615/2619 202/184/190
f 2686/2618/2526 2684/2621/2524 31/2612/2616
f 2684/2621/2524 30/2421/2399 31/2612/2616
f 2761/2619/2623 2676/2620/2624 202/184/190
f 2761/2619/2623 202/184/190 2677/2622/2625
f 2677/2622/2625 202/184/190 84/183/189
f 84/183/189 2678/2623/2626 2677/2622/2625
f 2679/2624/2627 2678/2623/2626 84/183/189
f 2656/2625/2628 2679/2624/2627 84/183/189
f 2759/2626/2629 2679/2624/2627 2656/2625/2628
f 2656/2625/2628 2757/2627/2630 2759/2626/2629
f 2656/2625/2628 2655/2628/2631 2757/2627/2630
f 2759/2626/2629 2678/2623/2626 2679/2624/2627
f 2762/2299/2622 2688/2300/2528 2687/2301/2527
f 2762/2299/2622 2690/2629/2532 2688/2300/2528
f 2762/2299/2622 2761/2619/2623 2690/2629/2532
f 2583/2630/2534 2690/2629/2532 2761/2619/2623
f 2583/2630/2534 2761/2619/2623 2760/2631/2632
f 2677/2622/2625 2760/2631/2632 2761/2619/2623
f 2678/2623/2626 2760/2631/2632 2677/2622/2625
f 2678/2623/2626 2759/2626/2629 2760/2631/2632
f 2589/2632/2598 2760/2631/2632 2759/2626/2629
f 2589/2632/2598 2759/2626/2629 2585/2633/2595
f 2585/2633/2595 2759/2626/2629 2758/2634/2633
f 2757/2627/2630 2758/2634/2633 2759/2626/2629
f 2589/2632/2598 2583/2630/2534 2760/2631/2632
f 2758/2634/2633 2580/2635/2586 2585/2633/2595
f 2758/2634/2633 215/190/196 2580/2635/2586
f 2758/2634/2633 2756/2283/2634 215/190/196
f 2758/2634/2633 2757/2627/2630 2756/2283/2634
f 2756/2283/2634 2757/2627/2630 2655/2628/2631
f 2756/2283/2634 2655/2628/2631 2658/2292/2635
f 2658/2292/2635 2655/2628/2631 325/209/215
f 2659/2636/2636 2658/2292/2635 325/209/215
f 328/208/214 2659/2636/2636 325/209/215
f 215/190/196 2590/2637/2592 2580/2635/2586
f 211/192/198 2590/2637/2592 215/190/196
f 211/192/198 2586/2278/2594 2590/2637/2592
f 211/192/198 4304/2638/2637 2586/2278/2594
f 211/192/198 212/191/197 4304/2638/2637
f 212/191/197 2653/2639/2638 4304/2638/2637
f 212/191/197 2657/2640/2639 2653/2639/2638
f 2756/2283/2634 2657/2640/2639 212/191/197
f 212/191/197 215/190/196 2756/2283/2634
f 4304/2638/2637 2653/2639/2638 2654/2641/2640
f 2654/2641/2640 4308/2642/2641 4304/2638/2637
f 358/212/218 4308/2642/2641 2654/2641/2640
f 358/212/218 2654/2641/2640 2649/2643/2642
f 358/212/218 2649/2643/2642 357/213/219
f 357/213/219 2649/2643/2642 2648/2644/2643
f 2648/2644/2643 2649/2643/2642 2654/2641/2640
f 2654/2641/2640 2653/2639/2638 2648/2644/2643
f 4304/2638/2637 4308/2642/2641 2591/2394/2590
f 2587/2645/2593 2591/2394/2590 4308/2642/2641
f 2587/2645/2593 4308/2642/2641 358/212/218
f 2606/2396/2588 2587/2645/2593 358/212/218
f 2606/2396/2588 358/212/218 209/189/195
f 2608/2397/2573 2606/2396/2588 209/189/195
f 2608/2397/2573 209/189/195 208/187/193
f 4304/2638/2637 2591/2394/2590 2586/2646/2594
f 2608/2397/2573 208/187/193 2567/2647/2572
f 359/211/217 2567/2647/2572 208/187/193
f 359/211/217 2565/2399/2571 2567/2647/2572
f 2746/2648/2644 2565/2399/2571 359/211/217
f 2746/2648/2644 2601/2400/2569 2565/2399/2571
f 2600/2401/2568 2601/2400/2569 2746/2648/2644
f 2600/2401/2568 2746/2648/2644 2748/2649/2645
f 2748/2649/2645 2609/28/32 2600/2401/2568
f 2748/2649/2645 443/9/9 2609/28/32
f 2756/2283/2634 2658/2292/2635 2657/2640/2639
f 2657/2640/2639 2658/2292/2635 2659/2636/2636
f 2657/2640/2639 2659/2636/2636 2651/2650/2646
f 2651/2650/2646 2659/2636/2636 328/208/214
f 328/208/214 2647/2651/2647 2651/2650/2646
f 328/208/214 324/210/216 2647/2651/2647
f 2657/2640/2639 2651/2650/2646 2652/2652/2648
f 2652/2652/2648 2651/2650/2646 2648/2644/2643
f 2648/2644/2643 2651/2650/2646 2647/2651/2647
f 2648/2644/2643 2647/2651/2647 357/213/219
f 2647/2651/2647 209/189/195 357/213/219
f 2647/2651/2647 2643/2653/2649 209/189/195
f 2647/2651/2647 2646/2654/2650 2643/2653/2649
f 2647/2651/2647 324/210/216 2646/2654/2650
f 2657/2640/2639 2652/2652/2648 2653/2639/2638
f 2648/2644/2643 2653/2639/2638 2652/2652/2648
f 207/188/194 209/189/195 2643/2653/2649
f 207/188/194 2643/2653/2649 2642/2655/2651
f 2643/2653/2649 2645/2656/2652 2642/2655/2651
f 2643/2653/2649 2646/2654/2650 2645/2656/2652
f 2645/2656/2652 2646/2654/2650 324/210/216
f 2645/2656/2652 324/210/216 2650/2657/2653
f 2613/2658/2577 2650/2657/2653 324/210/216
f 324/210/216 325/209/215 2613/2658/2577
f 210/186/192 207/188/194 2642/2655/2651
f 210/186/192 2642/2655/2651 2641/2659/2654
f 2644/2660/2655 2641/2659/2654 2642/2655/2651
f 2644/2660/2655 2642/2655/2651 2645/2656/2652
f 2732/2661/2656 2644/2660/2655 2645/2656/2652
f 2732/2661/2656 2645/2656/2652 2729/2662/2657
f 2729/2662/2657 2645/2656/2652 2650/2657/2653
f 2641/2659/2654 359/211/217 210/186/192
f 2641/2659/2654 2700/2663/2658 359/211/217
f 2700/2663/2658 2641/2659/2654 2702/2380/2659
f 2732/2661/2656 2702/2380/2659 2641/2659/2654
f 2644/2660/2655 2732/2661/2656 2641/2659/2654
f 2700/2663/2658 2746/2648/2644 359/211/217
f 2700/2663/2658 442/2664/2660 2746/2648/2644
f 2702/2380/2659 442/2664/2660 2700/2663/2658
f 2702/2380/2659 2731/2665/2661 442/2664/2660
f 2731/2665/2661 2702/2380/2659 2701/2666/2662
f 2732/2661/2656 2701/2666/2662 2702/2380/2659
f 442/2664/2660 2748/2649/2645 2746/2648/2644
f 442/2664/2660 2751/2667/2663 2748/2649/2645
f 2731/2665/2661 2751/2667/2663 442/2664/2660
f 2731/2665/2661 2750/2334/2664 2751/2667/2663
f 2730/2668/2665 2750/2334/2664 2731/2665/2661
f 2731/2665/2661 2701/2666/2662 2730/2668/2665
f 2751/2667/2663 443/9/9 2748/2649/2645
f 2751/2667/2663 446/7/7 443/9/9
f 446/7/7 2751/2667/2663 2750/2334/2664
f 449/2669/2666 446/7/7 2750/2334/2664
f 2730/2668/2665 449/2669/2666 2750/2334/2664
f 449/2669/2666 431/2670/2667 446/7/7
f 449/2669/2666 430/2671/2550 431/2670/2667
f 449/2669/2666 2621/2672/2551 430/2671/2550
f 2730/2668/2665 2621/2672/2551 449/2669/2666
f 2730/2668/2665 441/2673/2557 2621/2672/2551
f 2570/2674/2559 441/2673/2557 2730/2668/2665
f 2570/2674/2559 2730/2668/2665 2701/2666/2662
f 431/2670/2667 432/2675/2668 446/7/7
f 431/2670/2667 2739/2676/2669 432/2675/2668
f 430/2671/2550 2739/2676/2669 431/2670/2667
f 430/2671/2550 429/2677/2670 2739/2676/2669
f 430/2671/2550 2623/2678/2547 429/2677/2670
f 429/2677/2670 2623/2678/2547 428/2679/2545
f 429/2677/2670 428/2679/2545 2740/2680/2671
f 2625/2681/2543 2740/2680/2671 428/2679/2545
f 2739/2676/2669 447/10/10 432/2675/2668
f 2739/2676/2669 55/15/15 447/10/10
f 444/13/13 447/10/10 55/15/15
f 2739/2676/2669 429/2677/2670 2740/2680/2671
f 2740/2680/2671 2774/2682/2672 2739/2676/2669
f 2773/2683/2673 2774/2682/2672 2740/2680/2671
f 2625/2681/2543 2773/2683/2673 2740/2680/2671
f 2625/2681/2543 2698/2684/2541 2773/2683/2673
f 196/2685/2539 2773/2683/2673 2698/2684/2541
f 196/2685/2539 197/207/213 2773/2683/2673
f 203/205/211 197/207/213 196/2685/2539
f 2774/2682/2672 55/15/15 2739/2676/2669
f 2774/2682/2672 456/2686/2674 55/15/15
f 2774/2682/2672 54/2687/2675 456/2686/2674
f 2774/2682/2672 2775/2603/2604 54/2687/2675
f 2774/2682/2672 2741/2601/2602 2775/2603/2604
f 2773/2683/2673 2741/2601/2602 2774/2682/2672
f 2773/2683/2673 197/207/213 2741/2601/2602
f 226/206/212 2741/2601/2602 197/207/213
f 226/206/212 2742/2600/2601 2741/2601/2602
f 2695/2688/2537 2742/2600/2601 226/206/212
f 2695/2688/2537 2664/2605/2607 2742/2600/2601
f 2695/2688/2537 2694/2689/2536 2664/2605/2607
f 2666/2607/2610 2664/2605/2607 2694/2689/2536
f 2666/2607/2610 2694/2689/2536 2693/2690/2535
f 2693/2690/2535 2744/2606/2609 2666/2607/2610
f 2693/2690/2535 2747/2611/2615 2744/2606/2609
f 2747/2611/2615 2693/2690/2535 2692/2691/2529
f 2691/2692/2530 2747/2611/2615 2692/2691/2529
f 2691/2692/2530 2755/2610/2614 2747/2611/2615
f 2755/2610/2614 2691/2692/2530 2689/2693/2531
f 2689/2693/2531 86/2694/2676 2755/2610/2614
f 2689/2693/2531 2574/2695/2533 86/2694/2676
f 86/2694/2676 2574/2695/2533 2588/2696/2599
f 2749/2697/2677 86/2694/2676 2588/2696/2599
f 2749/2697/2677 2588/2696/2599 2582/2374/2597
f 2593/2698/2596 2749/2697/2677 2582/2374/2597
f 2598/2699/2563 2570/2674/2559 2701/2666/2662
f 2598/2699/2563 2701/2666/2662 2732/2661/2656
f 2598/2699/2563 2732/2661/2656 2729/2662/2657
f 2603/2700/2580 2613/2658/2577 325/209/215
f 2603/2700/2580 325/209/215 2655/2628/2631
f 2603/2700/2580 2655/2628/2631 2581/2701/2587
f 2593/2698/2596 2581/2701/2587 2655/2628/2631
f 2593/2698/2596 2655/2628/2631 2656/2625/2628
f 2593/2698/2596 2656/2625/2628 2749/2697/2677
f 2749/2697/2677 2656/2625/2628 84/183/189
f 2749/2697/2677 84/183/189 86/2694/2676
f 84/183/189 85/185/191 86/2694/2676
f 85/185/191 2755/2610/2614 86/2694/2676
f 327/2415/2393 356/4/4 2660/6/6
f 356/4/4 327/2415/2393 326/2413/2392
f 224/2414/209 356/4/2678 326/2413/2392
f 224/2414/209 2661/5/2679 356/4/2678
f 224/2414/209 2696/2702/2538 2661/5/2679
f 2696/2702/2538 4213/2703/2680 2661/5/2679
f 2696/2702/2538 4333/2704/2681 4213/2703/2680
f 446/7/7 432/2675/2668 445/8/8
f 432/2675/2668 448/12/12 445/8/8
f 432/2675/2668 447/10/10 448/12/12
f 2595/2705/2560 445/8/8 448/12/12
f 2595/2705/2560 448/12/12 2617/2706/2553
f 2619/2403/2552 2617/2706/2553 448/12/12
f 2619/2403/2552 448/12/12 457/11/34
f 2626/29/33 2619/2403/2552 457/11/34
f 445/8/8 2595/2705/2560 2609/28/32
f 444/13/13 454/14/14 457/11/11
f 4336/30/35 457/11/34 454/14/2682
f 454/14/14 55/15/15 456/2686/2674
f 456/2686/2674 4210/2707/358 454/14/14
f 4210/2707/358 456/2686/2674 54/2687/2675
f 4210/2707/358 54/2687/2675 455/2708/360
f 4210/2707/2683 455/2708/360 4335/2709/2684
f 4335/2709/2684 455/2708/360 4125/2710/2685
f 4335/2709/2684 4125/2710/2685 4333/2704/2681
f 4334/2711/2686 454/14/2682 4210/2707/2683
f 4210/2707/2683 4335/2709/2684 4334/2711/2686
f 4334/2711/2686 4336/30/35 454/14/2682
f 54/2687/2675 4125/2710/362 455/2708/360
f 54/2687/2675 2775/2603/2604 4125/2710/362
f 2775/2603/2604 4213/2703/363 4125/2710/362
f 2734/2602/2603 4213/2703/363 2775/2603/2604
f 2734/2602/2603 2661/5/5 4213/2703/363
f 2661/5/5 2734/2602/2603 2733/16/16
f 4333/2704/2681 4125/2710/2685 4213/2703/2680
f 2598/2699/2563 2729/2662/2657 2568/2712/2565
f 2568/2712/2565 2729/2662/2657 2577/2713/2567
f 2729/2662/2657 2650/2657/2653 2577/2713/2567
f 2650/2657/2653 2615/2714/2576 2577/2713/2567
f 2650/2657/2653 2613/2658/2577 2615/2714/2576
f 31/2612/2616 32/2422/2400 2673/2608/2611
f 2673/2608/2611 32/2422/2400 2672/2427/2405
f 2680/2515/2520 2786/2715/2687 2788/2516/2688
f 2680/2515/2520 2788/2516/2688 2785/2716/2689
f 2784/2717/2343 2785/2716/2689 2788/2516/2688
f 2784/2717/2343 2788/2516/2688 2791/2531/2341
f 2791/2531/2341 2788/2516/2688 2786/2715/2687
f 2791/2531/2341 2786/2715/2687 2737/2532/2339
f 2787/2718/2690 2737/2532/2339 2786/2715/2687
f 30/2519/2399 2680/2515/2520 2785/2716/2689
f 30/2519/2399 2785/2716/2689 2789/2719/2398
f 2789/2719/2398 2785/2716/2689 2790/2720/2691
f 2738/2721/2357 2790/2720/2691 2785/2716/2689
f 2738/2721/2357 2785/2716/2689 2784/2717/2343
f 2789/2719/2398 2790/2720/2691 2735/2523/2281
f 2735/2523/2281 2790/2720/2691 2736/2524/2280
f 2790/2720/2691 2704/2722/2356 2736/2524/2280
f 2704/2722/2356 2790/2720/2691 2738/2721/2357
f 2708/2723/2353 2736/2524/2280 2704/2722/2356
f 2708/2723/2353 2792/2724/2277 2736/2524/2280
f 2793/2725/2273 2792/2724/2277 2708/2723/2353
f 2793/2725/2273 2708/2723/2353 2743/2726/2354
f 2793/2725/2273 2743/2726/2354 2707/2597/2355
f 2709/2727/2267 2793/2725/2273 2707/2597/2355
f 2709/2727/2267 2707/2597/2355 2706/2596/2287
f 2709/2727/2267 2706/2596/2287 2712/2587/2288
f 2709/2727/2267 2712/2587/2288 2710/2728/2266
f 2712/2587/2288 2711/2729/2261 2710/2728/2266
f 2712/2587/2288 2794/2580/2289 2711/2729/2261
f 2711/2729/2261 2794/2580/2289 2703/2579/2692
f 2703/2579/2692 2794/2580/2289 2705/2577/2290
f 2703/2579/2692 2705/2577/2290 2795/2730/2693
f 2705/2577/2290 2796/2731/2694 2795/2730/2693
f 2705/2577/2290 2797/2732/2296 2796/2731/2694
f 2797/2732/2296 2798/2733/2695 2796/2731/2694
f 2797/2732/2296 2780/2734/2297 2798/2733/2695
f 2464/2735/2260 2711/2729/2261 2703/2579/2692
f 2464/2735/2260 2703/2579/2692 2721/2736/2696
f 2795/2730/2693 2721/2736/2696 2703/2579/2692
f 2795/2730/2693 2779/2737/2697 2721/2736/2696
f 2795/2730/2693 2713/2583/2698 2779/2737/2697
f 2795/2730/2693 2796/2731/2694 2713/2583/2698
f 2796/2731/2694 2714/2738/2699 2713/2583/2698
f 2796/2731/2694 2798/2733/2695 2714/2738/2699
f 2715/2739/2700 2714/2738/2699 2798/2733/2695
f 2715/2739/2700 2798/2733/2695 2780/2734/2297
f 2780/2734/2297 2716/2740/2298 2715/2739/2700
f 2464/2735/2260 2721/2736/2696 2465/2741/2259
f 2717/2742/2258 2465/2741/2259 2721/2736/2696
f 2779/2737/2697 2717/2742/2258 2721/2736/2696
f 2779/2737/2697 2718/2743/2374 2717/2742/2258
f 2719/2744/2375 2718/2743/2374 2779/2737/2697
f 2719/2744/2375 2779/2737/2697 2720/2589/2701
f 2720/2589/2701 2779/2737/2697 2713/2583/2698
f 2720/2589/2701 2713/2583/2698 2714/2738/2699
f 2720/2589/2701 2714/2738/2699 2725/2745/2376
f 2723/2746/2377 2725/2745/2376 2714/2738/2699
f 2723/2746/2377 2714/2738/2699 2715/2739/2700
f 2715/2739/2700 2722/2747/2378 2723/2746/2377
f 2715/2739/2700 2778/2748/2702 2722/2747/2378
f 2778/2748/2702 2715/2739/2700 2716/2740/2298
f 2782/2562/2703 2778/2748/2702 2716/2740/2298
f 2782/2562/2703 2716/2740/2298 2781/2559/2304
f 2719/2744/2375 2720/2589/2701 2725/2745/2376
f 2778/2748/2702 2768/2749/2379 2722/2747/2378
f 2778/2748/2702 2726/2750/2704 2768/2749/2379
f 2726/2750/2704 2778/2748/2702 2782/2562/2703
f 2782/2562/2703 2727/2751/2705 2726/2750/2704
f 2782/2562/2703 2728/2558/2706 2727/2751/2705
f 2781/2559/2304 2728/2558/2706 2782/2562/2703
f 2781/2559/2304 474/2557/2307 2728/2558/2706
f 2728/2558/2706 474/2557/2307 2724/2550/2336
f 2726/2750/2704 2769/2752/2380 2768/2749/2379
f 2726/2750/2704 2727/2751/2705 2769/2752/2380
f 2727/2751/2705 2777/2753/2381 2769/2752/2380
f 2727/2751/2705 2776/2555/2707 2777/2753/2381
f 2728/2558/2706 2776/2555/2707 2727/2751/2705
f 2728/2558/2706 472/2556/2708 2776/2555/2707
f 2728/2558/2706 2724/2550/2336 472/2556/2708
f 2724/2550/2336 2931/2754/2709 472/2556/2708
f 2724/2550/2336 2766/2549/2335 2931/2754/2709
f 2764/2755/2710 2931/2754/2709 2766/2549/2335
f 2764/2755/2710 2766/2549/2335 2765/2756/2334
f 2770/2757/2382 2777/2753/2381 2776/2555/2707
f 2770/2757/2382 2776/2555/2707 2931/2754/2709
f 2931/2754/2709 2776/2555/2707 472/2556/2708
f 473/2758/2711 2770/2757/2382 2931/2754/2709
f 473/2758/2711 2931/2754/2709 2764/2755/2710
f 2764/2755/2710 471/2759/2712 473/2758/2711
f 2764/2755/2710 470/2547/2713 471/2759/2712
f 470/2547/2713 2764/2755/2710 2765/2756/2334
f 470/2547/2713 2765/2756/2334 469/2760/2333
f 469/2760/2333 468/2761/2714 470/2547/2713
f 468/2761/2714 469/2760/2333 467/2762/2387
f 469/2760/2333 466/2763/2330 467/2762/2387
f 475/2764/2383 2770/2757/2382 473/2758/2711
f 471/2759/2712 475/2764/2383 473/2758/2711
f 465/2765/2384 475/2764/2383 471/2759/2712
f 470/2547/2713 465/2765/2384 471/2759/2712
f 470/2547/2713 468/2761/2714 465/2765/2384
f 464/2544/2385 465/2765/2384 468/2761/2714
f 464/2544/2385 468/2761/2714 467/2762/2387
f 466/2763/2330 463/2766/2388 467/2762/2387
f 463/2766/2388 466/2763/2330 461/2767/2331
f 462/2768/2332 463/2766/2388 461/2767/2331
f 462/2768/2332 460/2769/2389 463/2766/2388
f 460/2769/2389 462/2768/2332 218/2770/199
f 460/2769/2389 218/2770/199 459/2771/2391
f 213/2534/201 459/2771/2391 218/2770/199
f 213/2534/201 223/204/210 459/2771/2391
f 2763/2533/2337 223/204/210 213/2534/201
f 2763/2533/2337 2787/2718/2690 223/204/210
f 2787/2718/2690 2763/2533/2337 2737/2532/2339
f 2805/2772/2715 2810/2773/2716 2804/2774/2717
f 2805/2772/2715 2848/2775/2718 2810/2773/2716
f 2810/2773/2716 2848/2775/2718 2824/2776/2719
f 2810/2773/2716 2824/2776/2719 2823/2777/2720
f 2847/2778/2721 2810/2773/2716 2823/2777/2720
f 2823/2777/2720 2819/2779/2722 2847/2778/2721
f 2820/2780/2723 2847/2778/2721 2819/2779/2722
f 2820/2780/2723 2846/2781/2724 2847/2778/2721
f 2846/2781/2724 2820/2780/2723 2821/2782/2725
f 2846/2781/2724 2821/2782/2725 2842/2783/2726
f 2821/2782/2725 2822/2784/2727 2842/2783/2726
f 2811/2785/2728 2810/2773/2716 2847/2778/2721
f 2846/2781/2724 2811/2785/2728 2847/2778/2721
f 2846/2781/2724 2831/2786/2729 2811/2785/2728
f 2811/2785/2728 2804/2774/2717 2810/2773/2716
f 2808/2787/2730 2804/2774/2717 2811/2785/2728
f 2830/2788/2731 2808/2787/2730 2811/2785/2728
f 2830/2788/2731 2811/2785/2728 2831/2786/2729
f 2832/2789/2732 2830/2788/2731 2831/2786/2729
f 2831/2786/2729 2833/2790/2733 2832/2789/2732
f 2831/2786/2729 2834/2791/2734 2833/2790/2733
f 2806/2792/2735 2804/2774/2717 2808/2787/2730
f 2808/2787/2730 2807/2793/2736 2806/2792/2735
f 2808/2787/2730 2812/2794/2737 2807/2793/2736
f 2830/2788/2731 2812/2794/2737 2808/2787/2730
f 2830/2788/2731 2832/2789/2732 2812/2794/2737
f 2833/2790/2733 2812/2794/2737 2832/2789/2732
f 2833/2790/2733 2835/2795/2738 2812/2794/2737
f 2835/2795/2738 2833/2790/2733 2836/2796/2739
f 2836/2796/2739 2833/2790/2733 2837/2797/2740
f 2834/2791/2734 2837/2797/2740 2833/2790/2733
f 2803/2798/2741 2804/2774/2717 2806/2792/2735
f 2806/2792/2735 2807/2793/2736 2803/2798/2741
f 2803/2798/2741 2805/2772/2715 2804/2774/2717
f 2842/2783/2726 2822/2784/2727 2825/2799/2742
f 2842/2783/2726 2825/2799/2742 2834/2791/2734
f 2834/2791/2734 2825/2799/2742 2841/2800/2743
f 2841/2800/2743 2825/2799/2742 2826/2801/2744
f 2826/2801/2744 2829/2802/2745 2841/2800/2743
f 2841/2800/2743 2829/2802/2745 2845/2803/2746
f 2841/2800/2743 2845/2803/2746 2839/2804/2747
f 2839/2804/2747 2845/2803/2746 2844/2805/2748
f 2842/2783/2726 2834/2791/2734 2831/2786/2729
f 2842/2783/2726 2831/2786/2729 2846/2781/2724
f 2816/2806/2749 2843/2807/2750 2828/2808/2751
f 2816/2806/2749 2838/2809/2752 2843/2807/2750
f 2835/2795/2738 2838/2809/2752 2816/2806/2749
f 2816/2806/2749 2814/2810/2753 2835/2795/2738
f 2814/2810/2753 2812/2794/2737 2835/2795/2738
f 2813/2811/2754 2812/2794/2737 2814/2810/2753
f 2815/2812/2755 2813/2811/2754 2814/2810/2753
f 2815/2812/2755 2814/2810/2753 2816/2806/2749
f 2838/2809/2752 2844/2805/2748 2843/2807/2750
f 2838/2809/2752 2839/2804/2747 2844/2805/2748
f 2838/2809/2752 2837/2797/2740 2839/2804/2747
f 2838/2809/2752 2836/2796/2739 2837/2797/2740
f 2836/2796/2739 2838/2809/2752 2835/2795/2738
f 2840/2813/2756 2839/2804/2747 2837/2797/2740
f 2834/2791/2734 2840/2813/2756 2837/2797/2740
f 2841/2800/2743 2840/2813/2756 2834/2791/2734
f 2841/2800/2743 2839/2804/2747 2840/2813/2756
f 2827/2814/2757 2829/2815/2745 2826/2816/2744
f 2816/2806/2749 2827/2814/2757 2826/2816/2744
f 2815/2812/2755 2816/2806/2749 2826/2816/2744
f 2825/2817/2742 2815/2812/2755 2826/2816/2744
f 2822/2818/2727 2815/2812/2755 2825/2817/2742
f 2822/2818/2727 2813/2811/2754 2815/2812/2755
f 2821/2819/2725 2813/2811/2754 2822/2818/2727
f 2820/2820/2723 2813/2811/2754 2821/2819/2725
f 2816/2806/2749 2828/2808/2751 2827/2814/2757
f 2817/2821/2758 2823/2822/2720 2824/2823/2719
f 2817/2821/2758 2818/2824/2759 2823/2822/2720
f 2809/2825/2760 2818/2824/2759 2817/2821/2758
f 2803/2798/2741 2809/2825/2760 2817/2821/2758
f 2803/2798/2741 2807/2793/2736 2809/2825/2760
f 2809/2825/2760 2807/2793/2736 2854/2826/2761
f 2854/2826/2761 2807/2793/2736 2812/2794/2737
f 2854/2826/2761 2812/2794/2737 2813/2811/2754
f 2823/2822/2720 2818/2824/2759 2819/2827/2722
f 2819/2827/2722 2818/2824/2759 2854/2826/2761
f 2818/2824/2759 2809/2825/2760 2854/2826/2761
f 2819/2827/2722 2854/2826/2761 2820/2820/2723
f 2820/2820/2723 2854/2826/2761 2813/2811/2754
f 2799/2828/2762 2800/2814/2763 2802/2808/2764
f 2799/2828/2762 2864/2829/2765 2800/2814/2763
f 2864/2829/2765 2799/2828/2762 2856/2830/2766
f 2799/2828/2762 2857/2831/2767 2856/2830/2766
f 2856/2830/2766 2857/2831/2767 2870/2832/2768
f 2870/2832/2768 2857/2831/2767 2887/2833/2769
f 2864/2829/2765 2801/2815/2770 2800/2814/2763
f 2887/2833/2769 2890/2834/2771 2870/2832/2768
f 2887/2833/2769 2896/2835/2772 2890/2834/2771
f 2887/2833/2769 2894/2836/2773 2896/2835/2772
f 2880/2837/2774 2894/2836/2773 2887/2833/2769
f 2894/2836/2773 2880/2837/2774 2879/2838/2775
f 2879/2838/2775 2893/2839/2776 2894/2836/2773
f 2879/2838/2775 2889/2840/2777 2893/2839/2776
f 2896/2835/2772 2895/2841/2778 2890/2834/2771
f 2893/2839/2776 2895/2841/2778 2896/2835/2772
f 2893/2839/2776 2896/2835/2772 2894/2836/2773
f 2890/2834/2771 2895/2841/2778 2891/2842/2779
f 2914/2821/2780 2891/2842/2779 2895/2841/2778
f 2893/2839/2776 2914/2821/2780 2895/2841/2778
f 2890/2834/2771 2891/2842/2779 2872/2827/2781
f 2891/2842/2779 2871/2822/2782 2872/2827/2781
f 2914/2821/2780 2871/2822/2782 2891/2842/2779
f 2914/2821/2780 2859/2823/2783 2871/2822/2782
f 2863/2843/2784 2890/2834/2771 2872/2827/2781
f 2870/2832/2768 2890/2834/2771 2863/2843/2784
f 2870/2832/2768 2863/2843/2784 2876/2819/2785
f 2860/2844/2786 2870/2832/2768 2876/2819/2785
f 2856/2830/2766 2870/2832/2768 2860/2844/2786
f 2856/2830/2766 2860/2844/2786 2855/2845/2787
f 2864/2829/2765 2856/2830/2766 2855/2845/2787
f 2877/2846/2788 2859/2847/2783 2858/2848/2789
f 2877/2846/2788 2871/2849/2782 2859/2847/2783
f 2871/2849/2782 2877/2846/2788 2862/2850/2790
f 2871/2849/2782 2862/2850/2790 2865/2851/2791
f 2869/2852/2792 2865/2851/2791 2862/2850/2790
f 2861/2853/2793 2869/2852/2792 2862/2850/2790
f 2861/2853/2793 2874/2783/2794 2869/2852/2792
f 2861/2853/2793 2881/2854/2795 2874/2783/2794
f 2872/2855/2781 2871/2849/2782 2865/2851/2791
f 2865/2851/2791 2863/2780/2784 2872/2855/2781
f 2865/2851/2791 2869/2852/2792 2863/2780/2784
f 2876/2856/2785 2863/2780/2784 2869/2852/2792
f 2874/2783/2794 2876/2856/2785 2869/2852/2792
f 2860/2784/2786 2876/2856/2785 2874/2783/2794
f 2855/2857/2787 2860/2784/2786 2874/2783/2794
f 2855/2857/2787 2874/2783/2794 2873/2858/2796
f 2881/2854/2795 2873/2858/2796 2874/2783/2794
f 2881/2854/2795 2866/2859/2797 2873/2858/2796
f 2892/2860/2798 2866/2859/2797 2881/2854/2795
f 2881/2854/2795 2884/2861/2799 2892/2860/2798
f 2881/2854/2795 2886/2862/2800 2884/2861/2799
f 2882/2863/2801 2886/2862/2800 2881/2854/2795
f 2882/2863/2801 2881/2854/2795 2861/2853/2793
f 2878/2864/2802 2855/2857/2787 2873/2858/2796
f 2878/2864/2802 2873/2858/2796 2866/2859/2797
f 2878/2864/2802 2866/2859/2797 2867/2865/2803
f 2867/2865/2803 2866/2859/2797 2892/2860/2798
f 2892/2860/2798 2888/2866/2804 2867/2865/2803
f 2892/2860/2798 2884/2861/2799 2888/2866/2804
f 2884/2861/2799 2799/2828/2762 2888/2866/2804
f 2884/2861/2799 2857/2831/2767 2799/2828/2762
f 2857/2831/2767 2884/2861/2799 2886/2862/2800
f 2882/2863/2801 2857/2831/2767 2886/2862/2800
f 2864/2867/2765 2855/2857/2787 2878/2864/2802
f 2864/2867/2765 2878/2864/2802 2801/2868/2770
f 2878/2864/2802 2875/2869/2805 2801/2868/2770
f 2878/2864/2802 2867/2865/2803 2875/2869/2805
f 2867/2865/2803 2868/2805/2806 2875/2869/2805
f 2868/2805/2806 2867/2865/2803 2888/2866/2804
f 2868/2805/2806 2888/2866/2804 2885/2870/2807
f 2885/2870/2807 2888/2866/2804 2799/2828/2762
f 2885/2870/2807 2799/2828/2762 2802/2808/2764
f 2882/2863/2801 2887/2833/2769 2857/2831/2767
f 2882/2863/2801 2883/2871/2808 2887/2833/2769
f 2882/2863/2801 2861/2853/2793 2883/2871/2808
f 2862/2850/2790 2883/2871/2808 2861/2853/2793
f 2862/2850/2790 2880/2837/2774 2883/2871/2808
f 2879/2838/2775 2880/2837/2774 2862/2850/2790
f 2879/2838/2775 2862/2850/2790 2877/2846/2788
f 2880/2837/2774 2887/2833/2769 2883/2871/2808
f 2877/2846/2788 2889/2840/2777 2879/2838/2775
f 2877/2846/2788 2858/2848/2789 2889/2840/2777
f 293/2872/2809 967/2873/367 299/2874/366
f 293/2872/2809 304/2875/2810 967/2873/367
f 987/2876/369 967/2873/367 304/2875/2810
f 2903/2877/2811 987/2876/369 304/2875/2810
f 2897/2878/2812 2903/2877/2811 304/2875/2810
f 304/2875/2810 2627/2879/2813 2897/2878/2812
f 2903/2877/2811 988/2880/371 987/2876/369
f 988/2880/371 2903/2877/2811 2900/2881/2814
f 2904/2882/2815 2900/2881/2814 2903/2877/2811
f 2903/2877/2811 2898/2883/2816 2904/2882/2815
f 2897/2878/2812 2898/2883/2816 2903/2877/2811
f 4101/2884/2817 2898/2883/2816 2897/2878/2812
f 4101/2884/2817 2897/2878/2812 4102/2885/2818
f 2897/2878/2812 4074/2886/2819 4102/2885/2818
f 2897/2878/2812 2627/2879/2813 4074/2886/2819
f 988/2880/371 2900/2881/2814 970/2887/372
f 2900/2881/2814 968/2888/378 970/2887/372
f 2900/2881/2814 971/2889/379 968/2888/378
f 2900/2881/2814 2906/2890/2820 971/2889/379
f 2906/2890/2820 973/2891/511 971/2889/379
f 2910/2892/2821 973/2891/511 2906/2890/2820
f 973/2891/511 2910/2892/2821 969/2893/514
f 969/2893/514 2910/2892/2821 2907/2894/2822
f 2905/2895/2823 2907/2894/2822 2910/2892/2821
f 2905/2895/2823 2910/2892/2821 2906/2890/2820
f 2905/2895/2823 2906/2890/2820 2902/2896/2824
f 2901/2897/2825 2902/2896/2824 2906/2890/2820
f 2901/2897/2825 2906/2890/2820 2900/2881/2814
f 969/2893/514 2907/2894/2822 982/2898/515
f 982/2898/515 2907/2894/2822 2920/2899/2826
f 2908/2900/2827 2920/2899/2826 2907/2894/2822
f 2905/2895/2823 2908/2900/2827 2907/2894/2822
f 2905/2895/2823 4080/2901/2828 2908/2900/2827
f 2902/2896/2824 4080/2901/2828 2905/2895/2823
f 4064/2902/2829 4080/2901/2828 2902/2896/2824
f 4062/2903/2830 4064/2902/2829 2902/2896/2824
f 2901/2897/2825 4062/2903/2830 2902/2896/2824
f 2920/2899/2826 981/2904/516 982/2898/515
f 981/2904/516 2920/2899/2826 2911/2905/2831
f 2920/2899/2826 2909/2906/2832 2911/2905/2831
f 2920/2899/2826 2908/2900/2827 2909/2906/2832
f 2908/2900/2827 4070/2907/2833 2909/2906/2832
f 2908/2900/2827 4080/2901/2828 4070/2907/2833
f 4064/2902/2829 4070/2907/2833 4080/2901/2828
f 4064/2902/2829 4071/2908/2834 4070/2907/2833
f 4064/2902/2829 4065/2909/2835 4071/2908/2834
f 4064/2902/2829 4062/2903/2830 4065/2909/2835
f 4065/2909/2835 4062/2903/2830 4073/2910/2836
f 4073/2910/2836 4062/2903/2830 2901/2897/2825
f 2911/2905/2831 977/2911/512 981/2904/516
f 2911/2905/2831 994/2912/508 977/2911/512
f 2911/2905/2831 2912/2913/2837 994/2912/508
f 2916/2914/2838 2912/2913/2837 2911/2905/2831
f 2916/2914/2838 2911/2905/2831 2909/2906/2832
f 2909/2906/2832 4075/2915/2839 2916/2914/2838
f 2909/2906/2832 4070/2907/2833 4075/2915/2839
f 4075/2915/2839 4070/2907/2833 4077/2916/2840
f 4071/2908/2834 4077/2916/2840 4070/2907/2833
f 4077/2916/2840 4071/2908/2834 4068/2917/2841
f 4067/2918/2842 4068/2917/2841 4071/2908/2834
f 4065/2909/2835 4067/2918/2842 4071/2908/2834
f 994/2912/508 2912/2913/2837 2919/2919/2843
f 2912/2913/2837 2913/2920/2844 2919/2919/2843
f 2912/2913/2837 2916/2914/2838 2913/2920/2844
f 2916/2914/2838 4083/2921/2845 2913/2920/2844
f 2916/2914/2838 4076/2922/2846 4083/2921/2845
f 2916/2914/2838 4075/2915/2839 4076/2922/2846
f 4077/2916/2840 4076/2922/2846 4075/2915/2839
f 4077/2916/2840 4078/2923/2847 4076/2922/2846
f 4077/2916/2840 4068/2917/2841 4078/2923/2847
f 994/2912/508 2919/2919/2843 1042/2924/505
f 2923/2925/2848 1042/2924/505 2919/2919/2843
f 2913/2920/2844 2923/2925/2848 2919/2919/2843
f 2923/2925/2848 2913/2920/2844 2915/2926/2849
f 2913/2920/2844 4082/2927/2850 2915/2926/2849
f 4082/2927/2850 2913/2920/2844 4083/2921/2845
f 4084/2928/2851 4082/2927/2850 4083/2921/2845
f 4083/2921/2845 4086/2929/2852 4084/2928/2851
f 4078/2923/2847 4086/2929/2852 4083/2921/2845
f 4083/2921/2845 4076/2922/2846 4078/2923/2847
f 1042/2924/505 2923/2925/2848 1047/2930/500
f 2917/2931/2853 1047/2930/500 2923/2925/2848
f 2923/2925/2848 2915/2926/2849 2917/2931/2853
f 2917/2931/2853 2915/2926/2849 2921/2932/2854
f 2921/2932/2854 2915/2926/2849 4568/2933/2855
f 2915/2926/2849 4094/2934/2856 4568/2933/2855
f 2915/2926/2849 4082/2927/2850 4094/2934/2856
f 4095/2935/2857 4094/2934/2856 4082/2927/2850
f 4095/2935/2857 4082/2927/2850 4085/2936/2858
f 4084/2928/2851 4085/2936/2858 4082/2927/2850
f 4086/2929/2852 4085/2936/2858 4084/2928/2851
f 2917/2931/2853 1048/2937/499 1047/2930/500
f 1046/2938/495 1048/2937/499 2917/2931/2853
f 1046/2938/495 2917/2931/2853 2925/2939/2859
f 2917/2931/2853 2921/2932/2854 2925/2939/2859
f 2924/2940/2860 2925/2939/2859 2921/2932/2854
f 4603/2941/2861 2924/2940/2860 2921/2932/2854
f 2921/2932/2854 4597/2942/2862 4603/2941/2861
f 2921/2932/2854 4568/2933/2855 4597/2942/2862
f 4594/2943/2863 4597/2942/2862 4568/2933/2855
f 4594/2943/2863 4568/2933/2855 4094/2934/2856
f 4594/2943/2863 4094/2934/2856 4095/2935/2857
f 2925/2939/2859 1013/2944/493 1046/2938/495
f 1013/2944/493 2925/2939/2859 2924/2940/2860
f 1013/2944/493 2924/2940/2860 309/2945/492
f 309/2945/492 2924/2940/2860 308/2946/2864
f 2918/2947/2865 308/2946/2864 2924/2940/2860
f 2924/2940/2860 4607/2948/2866 2918/2947/2865
f 2924/2940/2860 4603/2941/2861 4607/2948/2866
f 4603/2941/2861 4602/2949/2867 4607/2948/2866
f 4603/2941/2861 4599/2950/2868 4602/2949/2867
f 4603/2941/2861 4594/2943/2863 4599/2950/2868
f 4603/2941/2861 4597/2942/2862 4594/2943/2863
f 309/2945/492 308/2946/2864 306/2951/491
f 305/2952/2869 306/2951/491 308/2946/2864
f 308/2946/2864 2922/2953/2870 305/2952/2869
f 308/2946/2864 2918/2947/2865 2922/2953/2870
f 2918/2947/2865 4609/2954/2871 2922/2953/2870
f 4609/2954/2871 2918/2947/2865 4607/2948/2866
f 4604/2955/2872 4609/2954/2871 4607/2948/2866
f 4604/2955/2872 4607/2948/2866 4605/2956/2873
f 4607/2948/2866 4602/2949/2867 4605/2956/2873
f 4605/2956/2873 4602/2949/2867 4598/2957/2874
f 4602/2949/2867 4599/2950/2868 4598/2957/2874
f 305/2952/2869 302/2958/517 306/2951/491
f 4609/2954/2871 305/2959/2869 2922/2953/2870
f 4609/2954/2871 4611/2960/2875 305/2959/2869
f 4608/2961/2876 4611/2960/2875 4609/2954/2871
f 4604/2955/2872 4608/2961/2876 4609/2954/2871
f 4606/2962/2877 4608/2961/2876 4604/2955/2872
f 4604/2955/2872 4605/2956/2873 4606/2962/2877
f 4601/2963/2878 4606/2962/2877 4605/2956/2873
f 4601/2963/2878 4605/2956/2873 4598/2957/2874
f 4600/2964/2879 4601/2963/2878 4598/2957/2874
f 4600/2964/2879 4598/2957/2874 4531/2965/2880
f 4531/2965/2880 4598/2957/2874 4599/2950/2868
f 302/2966/517 305/2959/2869 4611/2960/2875
f 302/2966/517 4611/2960/2875 1000/2967/489
f 1000/2967/489 4611/2960/2875 4610/2968/2881
f 4608/2961/2876 4610/2968/2881 4611/2960/2875
f 4608/2961/2876 2628/2969/2882 4610/2968/2881
f 4606/2962/2877 2628/2969/2882 4608/2961/2876
f 4606/2962/2877 2629/2970/2883 2628/2969/2882
f 4606/2962/2877 4601/2963/2878 2629/2970/2883
f 4601/2963/2878 287/2971/2884 2629/2970/2883
f 4601/2963/2878 4600/2964/2879 287/2971/2884
f 47/2972/2885 287/2971/2884 4600/2964/2879
f 47/2972/2885 4600/2964/2879 4532/2973/2886
f 4531/2965/2880 4532/2973/2886 4600/2964/2879
f 1000/2967/489 4610/2968/2881 3167/2974/488
f 2630/2975/494 3167/2974/488 4610/2968/2881
f 2630/2975/494 4610/2968/2881 296/2976/2887
f 4610/2968/2881 2628/2969/2882 296/2976/2887
f 296/2976/2887 2628/2969/2882 2629/2970/2883
f 2629/2970/2883 290/2977/2888 296/2976/2887
f 290/2977/2888 2629/2970/2883 287/2971/2884
f 290/2977/2888 287/2971/2884 38/2978/2889
f 38/2978/2889 287/2971/2884 47/2972/2885
f 38/2978/2889 47/2972/2885 37/2979/2890
f 37/2979/2890 47/2972/2885 48/2980/2891
f 47/2972/2885 4533/2981/2892 48/2980/2891
f 47/2972/2885 4532/2973/2886 4533/2981/2892
f 291/2982/487 296/2976/2887 290/2977/2888
f 290/2977/2888 310/2983/481 291/2982/487
f 290/2977/2888 38/2978/2889 310/2983/481
f 37/2979/2890 310/2983/481 38/2978/2889
f 37/2979/2890 286/2984/475 310/2983/481
f 37/2979/2890 36/2985/463 286/2984/475
f 37/2979/2890 398/2986/2893 36/2985/463
f 48/2980/2891 398/2986/2893 37/2979/2890
f 296/2976/2887 291/2982/487 2630/2987/494
f 398/2986/2893 399/2988/462 36/2985/463
f 398/2986/2893 386/2989/2894 399/2988/462
f 386/2989/2894 398/2986/2893 401/2990/2895
f 398/2986/2893 48/2980/2891 401/2990/2895
f 48/2980/2891 4538/2991/2896 401/2990/2895
f 48/2980/2891 4533/2981/2892 4538/2991/2896
f 4538/2991/2896 4533/2981/2892 4539/2992/2897
f 4539/2992/2897 4533/2981/2892 4534/2993/2898
f 4534/2993/2898 4533/2981/2892 4532/2973/2886
f 386/2989/2894 400/2994/459 399/2988/462
f 400/2994/459 386/2989/2894 395/2995/2899
f 352/2996/2900 395/2995/2899 386/2989/2894
f 386/2989/2894 401/2990/2895 352/2996/2900
f 401/2990/2895 4550/2997/2901 352/2996/2900
f 401/2990/2895 4544/2998/2902 4550/2997/2901
f 4538/2991/2896 4544/2998/2902 401/2990/2895
f 4544/2998/2902 4538/2991/2896 4545/2999/2903
f 4539/2992/2897 4545/2999/2903 4538/2991/2896
f 396/3000/458 400/2994/459 395/2995/2899
f 396/3000/458 395/2995/2899 387/3001/2904
f 395/2995/2899 394/3002/2905 387/3001/2904
f 395/2995/2899 352/2996/2900 394/3002/2905
f 394/3002/2905 352/2996/2900 4553/3003/2906
f 4550/2997/2901 4553/3003/2906 352/2996/2900
f 4551/3004/2907 4553/3003/2906 4550/2997/2901
f 4544/2998/2902 4551/3004/2907 4550/2997/2901
f 4552/3005/2908 4551/3004/2907 4544/2998/2902
f 4544/2998/2902 4545/2999/2903 4552/3005/2908
f 396/3000/458 387/3001/2904 78/69/74
f 394/3002/2905 78/69/74 387/3001/2904
f 394/3002/2905 388/3006/2909 78/69/74
f 394/3002/2905 4564/3007/2910 388/3006/2909
f 394/3002/2905 4559/3008/2911 4564/3007/2910
f 394/3002/2905 4553/3003/2906 4559/3008/2911
f 4553/3003/2906 4560/3009/2912 4559/3008/2911
f 4553/3003/2906 4554/3010/2913 4560/3009/2912
f 4551/3004/2907 4554/3010/2913 4553/3003/2906
f 396/3000/458 78/69/74 397/3011/456
f 81/68/73 397/3011/456 78/69/74
f 78/69/74 388/3006/2909 80/71/76
f 4497/3012/2914 80/71/76 388/3006/2909
f 4497/3012/2914 388/3006/2909 4564/3007/2910
f 4564/3007/2910 4529/3013/2915 4497/3012/2914
f 4564/3007/2910 4565/3014/2916 4529/3013/2915
f 4564/3007/2910 4559/3008/2911 4565/3014/2916
f 4559/3008/2911 4560/3009/2912 4565/3014/2916
f 4560/3009/2912 4566/3015/2917 4565/3014/2916
f 4560/3009/2912 4561/3016/2918 4566/3015/2917
f 4561/3016/2918 4560/3009/2912 4554/3010/2913
f 4497/3012/2914 4493/3017/2919 80/71/76
f 4490/3018/2920 4493/3017/2919 4497/3012/2914
f 4490/3018/2920 4497/3012/2914 4528/3019/2921
f 4529/3013/2915 4528/3019/2921 4497/3012/2914
f 4529/3013/2915 4496/3020/2922 4528/3019/2921
f 4496/3020/2922 4529/3013/2915 4565/3014/2916
f 4496/3020/2922 4565/3014/2916 4566/3015/2917
f 4494/3021/2923 4496/3020/2922 4566/3015/2917
f 4494/3021/2923 4566/3015/2917 4567/3022/2924
f 4561/3016/2918 4567/3022/2924 4566/3015/2917
f 4524/3023/2925 4490/3018/2920 4528/3019/2921
f 4524/3023/2925 4528/3019/2921 4527/3024/2926
f 4496/3020/2922 4527/3024/2926 4528/3019/2921
f 4496/3020/2922 4494/3021/2923 4527/3024/2926
f 4494/3021/2923 4525/3025/2927 4527/3024/2926
f 4526/3026/2928 4525/3025/2927 4494/3021/2923
f 4526/3026/2928 4494/3021/2923 4495/3027/2929
f 4495/3027/2929 4494/3021/2923 4567/3022/2924
f 4495/3027/2929 4567/3022/2924 4491/3028/2930
f 4569/3029/2931 4491/3028/2930 4567/3022/2924
f 4561/3016/2918 4569/3029/2931 4567/3022/2924
f 4527/3024/2926 4525/3025/2927 4524/3023/2925
f 4495/3027/2929 4523/3030/2932 4526/3026/2928
f 4522/3031/2933 4523/3030/2932 4495/3027/2929
f 4522/3031/2933 4495/3027/2929 4521/3032/2934
f 4521/3032/2934 4495/3027/2929 4491/3028/2930
f 4520/3033/2935 4521/3032/2934 4491/3028/2930
f 4520/3033/2935 4491/3028/2930 4569/3029/2931
f 4569/3029/2931 4519/3034/2936 4520/3033/2935
f 4569/3029/2931 4498/3035/2937 4519/3034/2936
f 4561/3016/2918 4498/3035/2937 4569/3029/2931
f 4561/3016/2918 4562/3036/2938 4498/3035/2937
f 4561/3016/2918 4554/3010/2913 4562/3036/2938
f 4518/3037/2939 4522/3031/2933 4521/3032/2934
f 4518/3037/2939 4521/3032/2934 4516/3038/2940
f 4521/3032/2934 4517/3039/2941 4516/3038/2940
f 4521/3032/2934 4520/3033/2935 4517/3039/2941
f 4517/3039/2941 4520/3033/2935 4519/3034/2936
f 4515/3040/2942 4517/3039/2941 4519/3034/2936
f 4498/3035/2937 4515/3040/2942 4519/3034/2936
f 4498/3035/2937 4514/3041/2943 4515/3040/2942
f 4563/3042/2944 4514/3041/2943 4498/3035/2937
f 4563/3042/2944 4498/3035/2937 4562/3036/2938
f 4563/3042/2944 4562/3036/2938 4555/3043/2945
f 4555/3043/2945 4562/3036/2938 4554/3010/2913
f 4555/3043/2945 4554/3010/2913 4551/3004/2907
f 4516/3038/2940 4513/3044/2946 4518/3037/2939
f 4512/3045/2947 4513/3044/2946 4516/3038/2940
f 4517/3039/2941 4512/3045/2947 4516/3038/2940
f 4517/3039/2941 4511/3046/2948 4512/3045/2947
f 4509/3047/2949 4511/3046/2948 4517/3039/2941
f 4515/3040/2942 4509/3047/2949 4517/3039/2941
f 4515/3040/2942 4510/3048/2950 4509/3047/2949
f 4515/3040/2942 4508/3049/2951 4510/3048/2950
f 4514/3041/2943 4508/3049/2951 4515/3040/2942
f 4518/3037/2939 4513/3044/2946 4506/3050/2952
f 4507/3051/2953 4506/3050/2952 4513/3044/2946
f 4507/3051/2953 4513/3044/2946 4505/3052/2954
f 4505/3052/2954 4513/3044/2946 4512/3045/2947
f 4505/3052/2954 4512/3045/2947 4504/3053/2955
f 4504/3053/2955 4512/3045/2947 4511/3046/2948
f 4502/3054/2956 4504/3053/2955 4511/3046/2948
f 4502/3054/2956 4511/3046/2948 4509/3047/2949
f 4510/3048/2950 4502/3054/2956 4509/3047/2949
f 4510/3048/2950 4503/3055/2957 4502/3054/2956
f 4500/3056/2958 4503/3055/2957 4510/3048/2950
f 4501/3057/2959 4500/3056/2958 4510/3048/2950
f 4501/3057/2959 4510/3048/2950 4508/3049/2951
f 4499/3058/2960 4507/3051/2953 4505/3052/2954
f 4499/3058/2960 4505/3052/2954 4492/3059/2961
f 4492/3059/2961 4505/3052/2954 4504/3053/2955
f 4492/3059/2961 4504/3053/2955 4242/3060/2962
f 4242/3060/2962 4504/3053/2955 4502/3054/2956
f 4242/3060/2962 4502/3054/2956 4241/3061/2963
f 4503/3055/2957 4241/3061/2963 4502/3054/2956
f 4503/3055/2957 4244/3062/2964 4241/3061/2963
f 4503/3055/2957 4237/3063/2965 4244/3062/2964
f 4236/3064/2966 4237/3063/2965 4503/3055/2957
f 4236/3064/2966 4503/3055/2957 4500/3056/2958
f 4235/3065/2967 4499/3058/2960 4492/3059/2961
f 4235/3065/2967 4492/3059/2961 4234/3066/2968
f 4492/3059/2961 4240/3067/2969 4234/3066/2968
f 4492/3059/2961 4242/3060/2962 4240/3067/2969
f 4242/3060/2962 4243/3068/2970 4240/3067/2969
f 4241/3061/2963 4243/3068/2970 4242/3060/2962
f 4241/3061/2963 4244/3062/2964 4243/3068/2970
f 4238/3069/2971 4243/3068/2970 4244/3062/2964
f 4238/3069/2971 4244/3062/2964 4232/3070/2972
f 4237/3063/2965 4232/3070/2972 4244/3062/2964
f 4234/3066/2968 4231/3071/2973 4235/3065/2967
f 4234/3066/2968 4230/3072/2974 4231/3071/2973
f 4240/3067/2969 4230/3072/2974 4234/3066/2968
f 4240/3067/2969 4238/3069/2971 4230/3072/2974
f 4240/3067/2969 4243/3068/2970 4238/3069/2971
f 4233/3073/2975 4231/3071/2973 4230/3072/2974
f 4233/3073/2975 4230/3072/2974 4239/3074/2976
f 4230/3072/2974 4111/3075/2977 4239/3074/2976
f 4230/3072/2974 4238/3069/2971 4111/3075/2977
f 4238/3069/2971 4117/3076/2978 4111/3075/2977
f 4232/3070/2972 4117/3076/2978 4238/3069/2971
f 4232/3070/2972 4207/3077/2979 4117/3076/2978
f 4232/3070/2972 4209/3078/2980 4207/3077/2979
f 4232/3070/2972 4237/3063/2965 4209/3078/2980
f 4239/3074/2976 4212/3079/2981 4233/3073/2975
f 4239/3074/2976 4112/3080/2982 4212/3079/2981
f 4112/3080/2982 4239/3074/2976 4111/3075/2977
f 4112/3080/2982 4111/3075/2977 4110/3081/2983
f 4111/3075/2977 4109/3082/2984 4110/3081/2983
f 4111/3075/2977 4117/3076/2978 4109/3082/2984
f 4117/3076/2978 4108/3083/2985 4109/3082/2984
f 4207/3077/2979 4108/3083/2985 4117/3076/2978
f 4233/3073/2975 4212/3079/2981 4116/3084/2986
f 4206/3085/2987 4116/3084/2986 4212/3079/2981
f 4206/3085/2987 4212/3079/2981 4208/3086/2988
f 4208/3086/2988 4212/3079/2981 4112/3080/2982
f 4208/3086/2988 4112/3080/2982 4211/3087/2989
f 4110/3081/2983 4211/3087/2989 4112/3080/2982
f 4110/3081/2983 4105/3088/2990 4211/3087/2989
f 4105/3088/2990 4110/3081/2983 4109/3082/2984
f 4105/3088/2990 4109/3082/2984 4104/3089/2991
f 4104/3089/2991 4109/3082/2984 4108/3083/2985
f 4104/3089/2991 4108/3083/2985 4107/3090/2992
f 4114/3091/2993 4107/3090/2992 4108/3083/2985
f 4207/3077/2979 4114/3091/2993 4108/3083/2985
f 4115/3092/2994 4206/3085/2987 4208/3086/2988
f 4115/3092/2994 4208/3086/2988 4120/3093/2995
f 4208/3086/2988 4103/3094/2996 4120/3093/2995
f 4211/3087/2989 4103/3094/2996 4208/3086/2988
f 4211/3087/2989 4102/2885/2818 4103/3094/2996
f 4105/3088/2990 4102/2885/2818 4211/3087/2989
f 4105/3088/2990 4101/2884/2817 4102/2885/2818
f 4101/2884/2817 4105/3088/2990 4104/3089/2991
f 4101/2884/2817 4104/3089/2991 4100/3095/2997
f 4100/3095/2997 4104/3089/2991 4107/3090/2992
f 4120/3093/2995 4106/3096/2998 4115/3092/2994
f 4069/3097/2999 4106/3096/2998 4120/3093/2995
f 4103/3094/2996 4069/3097/2999 4120/3093/2995
f 4102/2885/2818 4069/3097/2999 4103/3094/2996
f 4074/2886/2819 4069/3097/2999 4102/2885/2818
f 4069/3097/2999 4074/2886/2819 4106/3096/2998
f 4106/3096/2998 4074/2886/2819 2627/2879/2813
f 4106/3096/2998 2627/2879/2813 297/3098/3000
f 2627/2879/2813 293/2872/2809 297/3098/3000
f 2627/2879/2813 304/2875/2810 293/2872/2809
f 4106/3096/2998 4072/3099/3001 4115/3092/2994
f 4106/3096/2998 297/3098/3000 4072/3099/3001
f 2898/2883/2816 4101/2884/2817 4100/3095/2997
f 2898/2883/2816 4100/3095/2997 2904/2882/2815
f 2904/2882/2815 4100/3095/2997 4081/3100/3002
f 4100/3095/2997 4107/3090/2992 4081/3100/3002
f 4113/3101/3003 4081/3100/3002 4107/3090/2992
f 4114/3091/2993 4113/3101/3003 4107/3090/2992
f 4067/2918/2842 4113/3101/3003 4114/3091/2993
f 4066/3102/3004 4067/2918/2842 4114/3091/2993
f 4066/3102/3004 4114/3091/2993 4207/3077/2979
f 2904/2882/2815 4081/3100/3002 2899/3103/3005
f 2899/3103/3005 4081/3100/3002 4073/2910/2836
f 4113/3101/3003 4073/2910/2836 4081/3100/3002
f 4065/2909/2835 4073/2910/2836 4113/3101/3003
f 4067/2918/2842 4065/2909/2835 4113/3101/3003
f 2904/2882/2815 2899/3103/3005 2900/2881/2814
f 2900/2881/2814 2899/3103/3005 2901/2897/2825
f 2899/3103/3005 4073/2910/2836 2901/2897/2825
f 4209/3078/2980 4066/3102/3004 4207/3077/2979
f 4066/3102/3004 4209/3078/2980 4063/3104/3006
f 4089/3105/3007 4063/3104/3006 4209/3078/2980
f 4089/3105/3007 4209/3078/2980 4237/3063/2965
f 4237/3063/2965 4236/3064/2966 4089/3105/3007
f 4236/3064/2966 4088/3106/3008 4089/3105/3007
f 4236/3064/2966 4090/3107/3009 4088/3106/3008
f 4090/3107/3009 4236/3064/2966 4500/3056/2958
f 4066/3102/3004 4063/3104/3006 4068/2917/2841
f 4079/3108/3010 4068/2917/2841 4063/3104/3006
f 4079/3108/3010 4063/3104/3006 4089/3105/3007
f 4079/3108/3010 4089/3105/3007 4088/3106/3008
f 4088/3106/3008 4087/3109/3011 4079/3108/3010
f 4087/3109/3011 4088/3106/3008 4093/3110/3012
f 4093/3110/3012 4088/3106/3008 4090/3107/3009
f 4093/3110/3012 4090/3107/3009 4096/3111/3013
f 4501/3057/2959 4096/3111/3013 4090/3107/3009
f 4090/3107/3009 4500/3056/2958 4501/3057/2959
f 4067/2918/2842 4066/3102/3004 4068/2917/2841
f 4079/3108/3010 4078/2923/2847 4068/2917/2841
f 4078/2923/2847 4079/3108/3010 4086/2929/2852
f 4079/3108/3010 4087/3109/3011 4086/2929/2852
f 4092/3112/3014 4086/2929/2852 4087/3109/3011
f 4087/3109/3011 4093/3110/3012 4092/3112/3014
f 4542/3113/3015 4092/3112/3014 4093/3110/3012
f 4549/3114/3016 4542/3113/3015 4093/3110/3012
f 4549/3114/3016 4093/3110/3012 4096/3111/3013
f 4096/3111/3013 4558/3115/3017 4549/3114/3016
f 4501/3057/2959 4558/3115/3017 4096/3111/3013
f 4501/3057/2959 4508/3049/2951 4558/3115/3017
f 4558/3115/3017 4508/3049/2951 4557/3116/3018
f 4514/3041/2943 4557/3116/3018 4508/3049/2951
f 4092/3112/3014 4085/2936/2858 4086/2929/2852
f 4095/2935/2857 4085/2936/2858 4092/3112/3014
f 4095/2935/2857 4092/3112/3014 4543/3117/3019
f 4542/3113/3015 4543/3117/3019 4092/3112/3014
f 4536/3118/3020 4543/3117/3019 4542/3113/3015
f 4536/3118/3020 4542/3113/3015 4541/3119/3021
f 4542/3113/3015 4549/3114/3016 4541/3119/3021
f 4541/3119/3021 4549/3114/3016 4548/3120/3022
f 4549/3114/3016 4558/3115/3017 4548/3120/3022
f 4558/3115/3017 4557/3116/3018 4548/3120/3022
f 4556/3121/3023 4548/3120/3022 4557/3116/3018
f 4563/3042/2944 4556/3121/3023 4557/3116/3018
f 4563/3042/2944 4557/3116/3018 4514/3041/2943
f 4095/2935/2857 4543/3117/3019 4537/3122/3024
f 4537/3122/3024 4543/3117/3019 4536/3118/3020
f 4537/3122/3024 4536/3118/3020 4530/3123/3025
f 4530/3123/3025 4536/3118/3020 4535/3124/3026
f 4536/3118/3020 4540/3125/3027 4535/3124/3026
f 4536/3118/3020 4541/3119/3021 4540/3125/3027
f 4541/3119/3021 4546/3126/3028 4540/3125/3027
f 4541/3119/3021 4547/3127/3029 4546/3126/3028
f 4541/3119/3021 4548/3120/3022 4547/3127/3029
f 4556/3121/3023 4547/3127/3029 4548/3120/3022
f 4095/2935/2857 4537/3122/3024 4594/2943/2863
f 4530/3123/3025 4594/2943/2863 4537/3122/3024
f 4530/3123/3025 4599/2950/2868 4594/2943/2863
f 4531/2965/2880 4599/2950/2868 4530/3123/3025
f 4530/3123/3025 4535/3124/3026 4531/2965/2880
f 4531/2965/2880 4535/3124/3026 4532/2973/2886
f 4535/3124/3026 4534/2993/2898 4532/2973/2886
f 4535/3124/3026 4540/3125/3027 4534/2993/2898
f 4539/2992/2897 4534/2993/2898 4540/3125/3027
f 4539/2992/2897 4540/3125/3027 4546/3126/3028
f 4546/3126/3028 4545/2999/2903 4539/2992/2897
f 4546/3126/3028 4547/3127/3029 4545/2999/2903
f 4552/3005/2908 4545/2999/2903 4547/3127/3029
f 4552/3005/2908 4547/3127/3029 4556/3121/3023
f 4556/3121/3023 4555/3043/2945 4552/3005/2908
f 4556/3121/3023 4563/3042/2944 4555/3043/2945
f 4552/3005/2908 4555/3043/2945 4551/3004/2907
f 407/2952/3030 412/3128/576 392/2958/583
f 407/2952/3030 413/3129/3031 412/3128/576
f 413/3129/3031 407/2952/3030 409/3130/3032
f 413/3129/3031 409/3130/3032 410/3131/3033
f 410/3131/3033 409/3130/3032 4613/3132/3034
f 409/3130/3032 408/3133/3035 4613/3132/3034
f 408/3133/3035 409/3130/3032 407/2959/3030
f 414/2945/575 412/3128/576 413/3129/3031
f 414/2945/575 413/3129/3031 415/3134/3036
f 415/3134/3036 413/3129/3031 410/3131/3033
f 415/3134/3036 410/3131/3033 411/3135/3037
f 411/3135/3037 410/3131/3033 4617/3136/3038
f 410/3131/3033 4613/3132/3034 4617/3136/3038
f 4619/3137/3039 4617/3136/3038 4613/3132/3034
f 4619/3137/3039 4613/3132/3034 4615/3138/3040
f 4615/3138/3040 4613/3132/3034 408/3133/3035
f 415/3134/3036 416/2944/563 414/2945/575
f 415/3134/3036 417/3139/3041 416/2944/563
f 417/3139/3041 415/3134/3036 411/3135/3037
f 417/3139/3041 411/3135/3037 418/3140/3042
f 4618/3141/3043 418/3140/3042 411/3135/3037
f 411/3135/3037 4617/3136/3038 4618/3141/3043
f 4624/3142/3044 4618/3141/3043 4617/3136/3038
f 4624/3142/3044 4617/3136/3038 4623/3143/3045
f 4617/3136/3038 4619/3137/3039 4623/3143/3045
f 384/2938/562 416/2944/563 417/3139/3041
f 384/2938/562 417/3139/3041 242/3144/3046
f 418/3140/3042 242/3144/3046 417/3139/3041
f 418/3140/3042 419/3145/3047 242/3144/3046
f 4744/3146/3048 419/3145/3047 418/3140/3042
f 4744/3146/3048 418/3140/3042 4616/3147/3049
f 4616/3147/3049 418/3140/3042 4618/3141/3043
f 4616/3147/3049 4618/3141/3043 4624/3142/3044
f 4624/3142/3044 4621/3148/3050 4616/3147/3049
f 4595/3149/3051 4621/3148/3050 4624/3142/3044
f 4595/3149/3051 4624/3142/3044 4623/3143/3045
f 239/3150/555 384/2938/562 242/3144/3046
f 242/3144/3046 254/3151/3052 239/3150/555
f 254/3151/3052 242/3144/3046 419/3145/3047
f 237/3152/3053 254/3151/3052 419/3145/3047
f 237/3152/3053 419/3145/3047 238/3153/3054
f 238/3153/3054 2636/2919/3055 237/3152/3053
f 2636/2919/3055 238/3153/3054 245/3154/3056
f 254/3151/3052 235/2930/548 239/3150/555
f 254/3151/3052 237/3152/3053 235/2930/548
f 237/3152/3053 257/3155/542 235/2930/548
f 257/3155/542 237/3152/3053 2636/2919/3055
f 1091/3156/535 257/3155/542 2636/2919/3055
f 1091/3156/535 2636/2919/3055 263/3157/3057
f 2636/2919/3055 245/3154/3056 263/3157/3057
f 262/3158/3058 263/3157/3057 245/3154/3056
f 262/3158/3058 245/3154/3056 253/3159/3059
f 4745/3160/3060 253/3159/3059 245/3154/3056
f 245/3154/3056 4739/3161/3061 4745/3160/3060
f 245/3154/3056 238/3153/3054 4739/3161/3061
f 1091/3156/535 263/3157/3057 262/3158/3058
f 1091/3156/535 262/3158/3058 375/3162/534
f 375/3162/534 262/3158/3058 374/3163/3062
f 252/3164/3063 374/3163/3062 262/3158/3058
f 252/3164/3063 262/3158/3058 253/3159/3059
f 253/3159/3059 4756/3165/3064 252/3164/3063
f 253/3159/3059 4750/3166/3065 4756/3165/3064
f 4745/3160/3060 4750/3166/3065 253/3159/3059
f 374/3163/3062 373/3167/518 375/3162/534
f 373/3167/518 374/3163/3062 370/3168/3066
f 252/3164/3063 370/3168/3066 374/3163/3062
f 4762/3169/3067 370/3168/3066 252/3164/3063
f 252/3164/3063 4756/3165/3064 4762/3169/3067
f 4762/3169/3067 4756/3165/3064 4757/3170/3068
f 4751/3171/3069 4757/3170/3068 4756/3165/3064
f 4750/3166/3065 4751/3171/3069 4756/3165/3064
f 4745/3160/3060 4751/3171/3069 4750/3166/3065
f 373/3167/518 370/3168/3066 1068/3172/519
f 2637/3173/3070 1068/3172/519 370/3168/3066
f 370/3168/3066 369/3174/3071 2637/3173/3070
f 369/3174/3071 370/3168/3066 4762/3169/3067
f 368/3175/3072 369/3174/3071 4762/3169/3067
f 4762/3169/3067 4757/3170/3068 368/3175/3072
f 368/3175/3072 4757/3170/3068 4764/3176/3073
f 4759/3177/3074 4764/3176/3073 4757/3170/3068
f 4759/3177/3074 4757/3170/3068 4758/3178/3075
f 4751/3171/3069 4758/3178/3075 4757/3170/3068
f 2637/3173/3070 1060/2893/520 1068/3172/519
f 2637/3173/3070 1129/3179/522 1060/2893/520
f 1129/3179/522 2637/3173/3070 2640/3180/3076
f 369/3174/3071 2640/3180/3076 2637/3173/3070
f 369/3174/3071 368/3175/3072 2640/3180/3076
f 2640/3180/3076 368/3175/3072 372/3181/3077
f 368/3175/3072 4764/3176/3073 372/3181/3077
f 4764/3176/3073 4698/3182/3078 372/3181/3077
f 4698/3182/3078 4764/3176/3073 4759/3177/3074
f 4698/3182/3078 4759/3177/3074 4729/3183/3079
f 4760/3184/3080 4729/3183/3079 4759/3177/3074
f 4752/3185/3081 4760/3184/3080 4759/3177/3074
f 4752/3185/3081 4759/3177/3074 4758/3178/3075
f 4758/3178/3075 4751/3171/3069 4752/3185/3081
f 2640/3180/3076 1115/3186/523 1129/3179/522
f 1115/3186/523 2640/3180/3076 2639/3187/3082
f 2640/3180/3076 372/3181/3077 2639/3187/3082
f 371/3188/3083 2639/3187/3082 372/3181/3077
f 372/3181/3077 4698/3182/3078 371/3188/3083
f 371/3188/3083 4698/3182/3078 4729/3183/3079
f 4729/3183/3079 4727/3189/3084 371/3188/3083
f 4699/3190/3085 4727/3189/3084 4729/3183/3079
f 4760/3184/3080 4699/3190/3085 4729/3183/3079
f 4728/3191/3086 4699/3190/3085 4760/3184/3080
f 4760/3184/3080 4761/3192/3087 4728/3191/3086
f 4760/3184/3080 4752/3185/3081 4761/3192/3087
f 2639/3187/3082 276/2887/526 1115/3186/523
f 301/3193/3088 276/2887/526 2639/3187/3082
f 2639/3187/3082 2638/3194/3089 301/3193/3088
f 2639/3187/3082 371/3188/3083 2638/3194/3089
f 371/3188/3083 4697/3195/3090 2638/3194/3089
f 4697/3195/3090 371/3188/3083 4727/3189/3084
f 4697/3195/3090 4727/3189/3084 4700/3196/3091
f 4700/3196/3091 4727/3189/3084 4726/3197/3092
f 4699/3190/3085 4726/3197/3092 4727/3189/3084
f 4725/3198/3093 4726/3197/3092 4699/3190/3085
f 4728/3191/3086 4725/3198/3093 4699/3190/3085
f 301/3193/3088 295/3199/533 276/2887/526
f 301/3193/3088 300/3200/3094 295/3199/533
f 301/3193/3088 298/3201/3095 300/3200/3094
f 301/3193/3088 288/3202/3096 298/3201/3095
f 301/3193/3088 292/3203/3097 288/3202/3096
f 292/3203/3097 301/3193/3088 2638/3194/3089
f 292/3203/3097 2638/3194/3089 4697/3195/3090
f 292/3203/3097 4697/3195/3090 4705/3204/3098
f 4700/3196/3091 4705/3204/3098 4697/3195/3090
f 4700/3196/3091 4706/3205/3099 4705/3204/3098
f 4706/3205/3099 4700/3196/3091 4701/3206/3100
f 4700/3196/3091 4726/3197/3092 4701/3206/3100
f 298/3201/3095 299/2874/366 300/3200/3094
f 298/3201/3095 293/2872/2809 299/2874/366
f 289/3207/3101 293/2872/2809 298/3201/3095
f 289/3207/3101 298/3201/3095 288/3202/3096
f 4711/3208/3102 289/3207/3101 288/3202/3096
f 4705/3204/3098 4711/3208/3102 288/3202/3096
f 4705/3204/3098 288/3202/3096 292/3203/3097
f 289/3207/3101 297/3098/3000 293/2872/2809
f 4720/3209/3103 297/3098/3000 289/3207/3101
f 4720/3209/3103 289/3207/3101 4717/3210/3104
f 4711/3208/3102 4717/3210/3104 289/3207/3101
f 4712/3211/3105 4717/3210/3104 4711/3208/3102
f 4711/3208/3102 4706/3205/3099 4712/3211/3105
f 4711/3208/3102 4705/3204/3098 4706/3205/3099
f 4720/3209/3103 4072/3099/3001 297/3098/3000
f 4072/3099/3001 4720/3209/3103 4718/3212/3106
f 4717/3210/3104 4718/3212/3106 4720/3209/3103
f 4712/3211/3105 4718/3212/3106 4717/3210/3104
f 4718/3212/3106 4712/3211/3105 4713/3213/3107
f 4706/3205/3099 4713/3213/3107 4712/3211/3105
f 4706/3205/3099 4707/3214/3108 4713/3213/3107
f 4706/3205/3099 4701/3206/3100 4707/3214/3108
f 4707/3214/3108 4701/3206/3100 4702/3215/3109
f 4702/3215/3109 4701/3206/3100 4726/3197/3092
f 4072/3099/3001 4718/3212/3106 4115/3092/2994
f 4206/3085/2987 4115/3092/2994 4718/3212/3106
f 4718/3212/3106 4713/3213/3107 4206/3085/2987
f 4713/3213/3107 4116/3084/2986 4206/3085/2987
f 4713/3213/3107 4714/3216/3110 4116/3084/2986
f 4707/3214/3108 4714/3216/3110 4713/3213/3107
f 4708/3217/3111 4714/3216/3110 4707/3214/3108
f 4707/3214/3108 4702/3215/3109 4708/3217/3111
f 4709/3218/3112 4708/3217/3111 4702/3215/3109
f 4703/3219/3113 4709/3218/3112 4702/3215/3109
f 4703/3219/3113 4702/3215/3109 4725/3198/3093
f 4725/3198/3093 4702/3215/3109 4726/3197/3092
f 4715/3220/3114 4116/3084/2986 4714/3216/3110
f 4708/3217/3111 4715/3220/3114 4714/3216/3110
f 4715/3220/3114 4708/3217/3111 4716/3221/3115
f 4709/3218/3112 4716/3221/3115 4708/3217/3111
f 4716/3221/3115 4709/3218/3112 4722/3222/3116
f 4709/3218/3112 4710/3223/3117 4722/3222/3116
f 4709/3218/3112 4703/3219/3113 4710/3223/3117
f 4704/3224/3118 4710/3223/3117 4703/3219/3113
f 4725/3198/3093 4704/3224/3118 4703/3219/3113
f 4725/3198/3093 4724/3225/3119 4704/3224/3118
f 4724/3225/3119 4725/3198/3093 4728/3191/3086
f 4715/3220/3114 4233/3073/2975 4116/3084/2986
f 4233/3073/2975 4715/3220/3114 4719/3226/3120
f 4715/3220/3114 4716/3221/3115 4719/3226/3120
f 4721/3227/3121 4719/3226/3120 4716/3221/3115
f 4716/3221/3115 4722/3222/3116 4721/3227/3121
f 4721/3227/3121 4722/3222/3116 4665/3228/3122
f 4722/3222/3116 4695/3229/3123 4665/3228/3122
f 4722/3222/3116 4710/3223/3117 4695/3229/3123
f 4710/3223/3117 4664/3230/3124 4695/3229/3123
f 4710/3223/3117 4704/3224/3118 4664/3230/3124
f 4233/3073/2975 4719/3226/3120 4231/3071/2973
f 4235/3065/2967 4231/3071/2973 4719/3226/3120
f 4721/3227/3121 4235/3065/2967 4719/3226/3120
f 4235/3065/2967 4721/3227/3121 4666/3231/3125
f 4721/3227/3121 4665/3228/3122 4666/3231/3125
f 4666/3231/3125 4665/3228/3122 4669/3232/3126
f 4665/3228/3122 4670/3233/3127 4669/3232/3126
f 4665/3228/3122 4695/3229/3123 4670/3233/3127
f 4670/3233/3127 4695/3229/3123 4664/3230/3124
f 4670/3233/3127 4664/3230/3124 4696/3234/3128
f 4667/3235/3129 4696/3234/3128 4664/3230/3124
f 4667/3235/3129 4664/3230/3124 4704/3224/3118
f 4235/3065/2967 4666/3231/3125 4499/3058/2960
f 4499/3058/2960 4666/3231/3125 4668/3236/3130
f 4666/3231/3125 4669/3232/3126 4668/3236/3130
f 4669/3232/3126 4693/3237/3131 4668/3236/3130
f 4669/3232/3126 4692/3238/3132 4693/3237/3131
f 4670/3233/3127 4692/3238/3132 4669/3232/3126
f 4670/3233/3127 4690/3239/3133 4692/3238/3132
f 4690/3239/3133 4670/3233/3127 4691/3240/3134
f 4670/3233/3127 4696/3234/3128 4691/3240/3134
f 4499/3058/2960 4668/3236/3130 4507/3051/2953
f 4507/3051/2953 4668/3236/3130 4693/3237/3131
f 4507/3051/2953 4693/3237/3131 4506/3050/2952
f 4688/3241/3135 4506/3050/2952 4693/3237/3131
f 4688/3241/3135 4693/3237/3131 4687/3242/3136
f 4687/3242/3136 4693/3237/3131 4692/3238/3132
f 4687/3242/3136 4692/3238/3132 4685/3243/3137
f 4685/3243/3137 4692/3238/3132 4690/3239/3133
f 4686/3244/3138 4685/3243/3137 4690/3239/3133
f 4691/3240/3134 4686/3244/3138 4690/3239/3133
f 4691/3240/3134 4684/3245/3139 4686/3244/3138
f 4689/3246/3140 4684/3245/3139 4691/3240/3134
f 4689/3246/3140 4691/3240/3134 4696/3234/3128
f 4688/3241/3135 4518/3037/2939 4506/3050/2952
f 4518/3037/2939 4688/3241/3135 4682/3247/3141
f 4683/3248/3142 4682/3247/3141 4688/3241/3135
f 4683/3248/3142 4688/3241/3135 4687/3242/3136
f 4683/3248/3142 4687/3242/3136 4680/3249/3143
f 4685/3243/3137 4680/3249/3143 4687/3242/3136
f 4685/3243/3137 4681/3250/3144 4680/3249/3143
f 4686/3244/3138 4681/3250/3144 4685/3243/3137
f 4686/3244/3138 4678/3251/3145 4681/3250/3144
f 4686/3244/3138 4679/3252/3146 4678/3251/3145
f 4684/3245/3139 4679/3252/3146 4686/3244/3138
f 4518/3037/2939 4682/3247/3141 4522/3031/2933
f 4522/3031/2933 4682/3247/3141 4677/3253/3147
f 4683/3248/3142 4677/3253/3147 4682/3247/3141
f 4683/3248/3142 4676/3254/3148 4677/3253/3147
f 4676/3254/3148 4683/3248/3142 4680/3249/3143
f 4676/3254/3148 4680/3249/3143 4675/3255/3149
f 4681/3250/3144 4675/3255/3149 4680/3249/3143
f 4681/3250/3144 4678/3251/3145 4675/3255/3149
f 4678/3251/3145 4673/3256/3150 4675/3255/3149
f 4678/3251/3145 4674/3257/3151 4673/3256/3150
f 4672/3042/3152 4674/3257/3151 4678/3251/3145
f 4672/3042/3152 4678/3251/3145 4679/3252/3146
f 4522/3031/2933 4677/3253/3147 4523/3030/2932
f 4677/3253/3147 4526/3026/2928 4523/3030/2932
f 4677/3253/3147 4671/3258/3153 4526/3026/2928
f 4634/3259/3154 4671/3258/3153 4677/3253/3147
f 4634/3259/3154 4677/3253/3147 4676/3254/3148
f 4634/3259/3154 4676/3254/3148 4663/3260/3155
f 4663/3260/3155 4676/3254/3148 4675/3255/3149
f 4673/3256/3150 4663/3260/3155 4675/3255/3149
f 4673/3256/3150 4632/3261/3156 4663/3260/3155
f 4633/3262/3157 4632/3261/3156 4673/3256/3150
f 4673/3256/3150 4631/3263/3158 4633/3262/3157
f 4673/3256/3150 4674/3257/3151 4631/3263/3158
f 4671/3258/3153 4525/3025/2927 4526/3026/2928
f 4525/3025/2927 4671/3258/3153 4629/3264/3159
f 4662/3265/3160 4629/3264/3159 4671/3258/3153
f 4662/3265/3160 4671/3258/3153 4634/3259/3154
f 4634/3259/3154 4663/3260/3155 4662/3265/3160
f 4662/3265/3160 4663/3260/3155 4632/3261/3156
f 4662/3265/3160 4632/3261/3156 4660/3266/3161
f 4660/3266/3161 4632/3261/3156 4661/3267/3162
f 4633/3262/3157 4661/3267/3162 4632/3261/3156
f 4659/3268/3163 4661/3267/3162 4633/3262/3157
f 4659/3268/3163 4633/3262/3157 4658/3269/3164
f 4658/3269/3164 4633/3262/3157 4631/3263/3158
f 4525/3025/2927 4629/3264/3159 4524/3023/2925
f 4524/3023/2925 4629/3264/3159 4660/3266/3161
f 4660/3266/3161 4629/3264/3159 4662/3265/3160
f 4524/3023/2925 4660/3266/3161 4490/3018/2920
f 4656/3270/3165 4490/3018/2920 4660/3266/3161
f 4657/3271/3166 4656/3270/3165 4660/3266/3161
f 4660/3266/3161 4661/3267/3162 4657/3271/3166
f 4657/3271/3166 4661/3267/3162 4659/3268/3163
f 4657/3271/3166 4659/3268/3163 4655/3272/3167
f 4655/3272/3167 4659/3268/3163 318/3273/3168
f 318/3273/3168 4659/3268/3163 4654/3274/3169
f 4659/3268/3163 4658/3269/3164 4654/3274/3169
f 4654/3274/3169 4658/3269/3164 4653/3275/3170
f 4653/3275/3170 4658/3269/3164 4631/3263/3158
f 4656/3270/3165 4493/3017/2919 4490/3018/2920
f 4655/3272/3167 4493/3017/2919 4656/3270/3165
f 4655/3272/3167 4656/3270/3165 4657/3271/3166
f 4655/3272/3167 80/71/76 4493/3017/2919
f 4655/3272/3167 294/3276/3171 80/71/76
f 4655/3272/3167 318/3273/3168 294/3276/3171
f 319/3277/3172 294/3276/3171 318/3273/3168
f 377/2995/3173 319/3277/3172 318/3273/3168
f 377/2995/3173 318/3273/3168 303/3278/3174
f 318/3273/3168 4654/3274/3169 303/3278/3174
f 303/3278/3174 4654/3274/3169 4652/3279/3175
f 4654/3274/3169 4653/3275/3170 4652/3279/3175
f 80/71/76 294/3276/3171 77/70/75
f 319/3277/3172 77/70/75 294/3276/3171
f 319/3277/3172 383/3280/3176 77/70/75
f 319/3277/3172 376/3281/3177 383/3280/3176
f 377/2995/3173 376/3281/3177 319/3277/3172
f 377/2995/3173 334/3282/3178 376/3281/3177
f 377/2995/3173 343/3283/3179 334/3282/3178
f 377/2995/3173 303/3278/3174 343/3283/3179
f 317/3284/3180 343/3283/3179 303/3278/3174
f 303/3278/3174 4652/3279/3175 317/3284/3180
f 77/70/75 383/3280/3176 81/68/73
f 343/3283/3179 342/2988/3181 334/3282/3178
f 342/2988/3181 343/3283/3179 307/3285/3182
f 317/3284/3180 307/3285/3182 343/3283/3179
f 323/3286/3183 307/3285/3182 317/3284/3180
f 323/3286/3183 317/3284/3180 4649/3287/3184
f 4649/3287/3184 317/3284/3180 4652/3279/3175
f 4652/3279/3175 4648/3288/3185 4649/3287/3184
f 4652/3279/3175 4651/3289/3186 4648/3288/3185
f 4653/3275/3170 4651/3289/3186 4652/3279/3175
f 342/2988/3181 307/3285/3182 314/3290/591
f 314/3290/591 307/3285/3182 315/3291/3187
f 323/3286/3183 315/3291/3187 307/3285/3182
f 335/2972/3188 315/3291/3187 323/3286/3183
f 4643/3292/3189 335/2972/3188 323/3286/3183
f 323/3286/3183 4649/3287/3184 4643/3292/3189
f 4643/3292/3189 4649/3287/3184 4644/3293/3190
f 4649/3287/3184 4648/3288/3185 4644/3293/3190
f 4648/3288/3185 4642/3294/3191 4644/3293/3190
f 4648/3288/3185 4647/3295/3192 4642/3294/3191
f 4651/3289/3186 4647/3295/3192 4648/3288/3185
f 314/3290/591 315/3291/3187 320/3296/590
f 322/3297/3193 320/3296/590 315/3291/3187
f 322/3297/3193 315/3291/3187 335/2972/3188
f 322/3297/3193 335/2972/3188 336/3298/3194
f 4638/3299/3195 336/3298/3194 335/2972/3188
f 4643/3292/3189 4638/3299/3195 335/2972/3188
f 4638/3299/3195 4643/3292/3189 4637/3300/3196
f 4637/3300/3196 4643/3292/3189 4636/3301/3197
f 4636/3301/3197 4643/3292/3189 4644/3293/3190
f 4636/3301/3197 4644/3293/3190 4642/3294/3191
f 322/3297/3193 316/3302/589 320/3296/590
f 333/3303/588 316/3302/589 322/3297/3193
f 337/3304/3198 322/3297/3193 336/3298/3194
f 337/3304/3198 336/3298/3194 378/3305/3199
f 4625/3306/3200 378/3305/3199 336/3298/3194
f 4625/3306/3200 336/3298/3194 4596/3307/3201
f 4638/3299/3195 4596/3307/3201 336/3298/3194
f 4596/3307/3201 4638/3299/3195 4637/3300/3196
f 4595/3149/3051 4596/3307/3201 4637/3300/3196
f 4595/3149/3051 4637/3300/3196 4627/3308/3202
f 4627/3308/3202 4637/3300/3196 4636/3301/3197
f 4627/3308/3202 4636/3301/3197 4635/3309/3203
f 4635/3309/3203 4636/3301/3197 4642/3294/3191
f 337/3304/3198 378/3305/3199 379/3310/3204
f 4620/3311/3205 379/3310/3204 378/3305/3199
f 4620/3311/3205 378/3305/3199 4625/3306/3200
f 4619/3137/3039 4620/3311/3205 4625/3306/3200
f 4619/3137/3039 4625/3306/3200 4623/3143/3045
f 4596/3307/3201 4623/3143/3045 4625/3306/3200
f 4596/3307/3201 4595/3149/3051 4623/3143/3045
f 337/3304/3198 379/3310/3204 380/3312/3206
f 379/3310/3204 391/3313/3207 380/3312/3206
f 379/3310/3204 389/3314/3208 391/3313/3207
f 379/3310/3204 4620/3311/3205 389/3314/3208
f 389/3314/3208 4620/3311/3205 4615/3138/3040
f 4615/3138/3040 4620/3311/3205 4619/3137/3039
f 381/3315/587 337/3304/3198 380/3312/3206
f 380/3312/3206 382/2987/592 381/3315/587
f 333/3303/588 337/3304/3198 381/3315/587
f 333/3303/588 322/3297/3193 337/3304/3198
f 4615/3138/3040 408/3133/3035 389/3314/3208
f 389/3314/3208 408/3133/3035 406/3316/3209
f 408/3133/3035 407/2959/3030 406/3316/3209
f 406/3316/3209 407/2959/3030 392/2966/583
f 406/3316/3209 392/2966/583 393/3317/584
f 391/3313/3207 406/3316/3209 393/3317/584
f 391/3313/3207 393/3317/584 390/3318/585
f 391/3313/3207 390/3318/585 382/2975/592
f 389/3314/3208 406/3316/3209 391/3313/3207
f 391/3313/3207 382/2975/592 380/3312/3206
f 4621/3148/3050 4595/3149/3051 4627/3308/3202
f 4621/3148/3050 4627/3308/3202 4626/3319/3210
f 4626/3319/3210 4627/3308/3202 4635/3309/3203
f 4630/3320/3211 4626/3319/3210 4635/3309/3203
f 4641/3321/3212 4630/3320/3211 4635/3309/3203
f 4635/3309/3203 4642/3294/3191 4641/3321/3212
f 4647/3295/3192 4641/3321/3212 4642/3294/3191
f 4626/3319/3210 4622/3322/3213 4621/3148/3050
f 4626/3319/3210 4749/3323/3214 4622/3322/3213
f 4630/3320/3211 4749/3323/3214 4626/3319/3210
f 4630/3320/3211 4748/3324/3215 4749/3323/3214
f 4630/3320/3211 4614/3325/3216 4748/3324/3215
f 4628/3326/3217 4614/3325/3216 4630/3320/3211
f 4641/3321/3212 4628/3326/3217 4630/3320/3211
f 4628/3326/3217 4641/3321/3212 4640/3327/3218
f 4647/3295/3192 4640/3327/3218 4641/3321/3212
f 4622/3322/3213 4616/3147/3049 4621/3148/3050
f 4622/3322/3213 4744/3146/3048 4616/3147/3049
f 4742/3328/3219 4744/3146/3048 4622/3322/3213
f 4742/3328/3219 4622/3322/3213 4749/3323/3214
f 4749/3323/3214 4741/3329/3220 4742/3328/3219
f 4749/3323/3214 4748/3324/3215 4741/3329/3220
f 4740/3330/3221 4741/3329/3220 4748/3324/3215
f 4747/3331/3222 4740/3330/3221 4748/3324/3215
f 4755/3332/3223 4747/3331/3222 4748/3324/3215
f 4755/3332/3223 4748/3324/3215 4614/3325/3216
f 4742/3328/3219 4743/3333/3224 4744/3146/3048
f 4742/3328/3219 4738/3334/3225 4743/3333/3224
f 4742/3328/3219 4741/3329/3220 4738/3334/3225
f 4740/3330/3221 4738/3334/3225 4741/3329/3220
f 4740/3330/3221 4739/3161/3061 4738/3334/3225
f 4746/3335/3226 4739/3161/3061 4740/3330/3221
f 4746/3335/3226 4740/3330/3221 4747/3331/3222
f 4747/3331/3222 4753/3336/3227 4746/3335/3226
f 4747/3331/3222 4754/3337/3228 4753/3336/3227
f 4747/3331/3222 4755/3332/3223 4754/3337/3228
f 4744/3146/3048 4743/3333/3224 419/3145/3047
f 419/3145/3047 4743/3333/3224 4738/3334/3225
f 238/3153/3054 419/3145/3047 4738/3334/3225
f 238/3153/3054 4738/3334/3225 4739/3161/3061
f 4746/3335/3226 4745/3160/3060 4739/3161/3061
f 4746/3335/3226 4753/3336/3227 4745/3160/3060
f 4752/3185/3081 4745/3160/3060 4753/3336/3227
f 4752/3185/3081 4753/3336/3227 4761/3192/3087
f 4754/3337/3228 4761/3192/3087 4753/3336/3227
f 4754/3337/3228 4724/3225/3119 4761/3192/3087
f 4723/3105/3229 4724/3225/3119 4754/3337/3228
f 4723/3105/3229 4754/3337/3228 4755/3332/3223
f 4745/3160/3060 4752/3185/3081 4751/3171/3069
f 4728/3191/3086 4761/3192/3087 4724/3225/3119
f 4724/3225/3119 4723/3105/3229 4704/3224/3118
f 4723/3105/3229 4667/3235/3129 4704/3224/3118
f 4755/3332/3223 4667/3235/3129 4723/3105/3229
f 4755/3332/3223 4694/3107/3230 4667/3235/3129
f 4694/3107/3230 4755/3332/3223 4614/3325/3216
f 4694/3107/3230 4614/3325/3216 4612/3338/3231
f 4628/3326/3217 4612/3338/3231 4614/3325/3216
f 4612/3338/3231 4628/3326/3217 4639/3339/3232
f 4628/3326/3217 4640/3327/3218 4639/3339/3232
f 4694/3107/3230 4696/3234/3128 4667/3235/3129
f 4694/3107/3230 4689/3246/3140 4696/3234/3128
f 4694/3107/3230 4612/3338/3231 4689/3246/3140
f 4612/3338/3231 4639/3339/3232 4689/3246/3140
f 4684/3245/3139 4689/3246/3140 4639/3339/3232
f 4645/3340/3233 4684/3245/3139 4639/3339/3232
f 4645/3340/3233 4639/3339/3232 4640/3327/3218
f 4646/3341/3234 4645/3340/3233 4640/3327/3218
f 4646/3341/3234 4640/3327/3218 4647/3295/3192
f 4651/3289/3186 4646/3341/3234 4647/3295/3192
f 4650/3342/3235 4646/3341/3234 4651/3289/3186
f 4653/3275/3170 4650/3342/3235 4651/3289/3186
f 4653/3275/3170 4631/3263/3158 4650/3342/3235
f 4684/3245/3139 4645/3340/3233 4679/3252/3146
f 4645/3340/3233 4672/3042/3152 4679/3252/3146
f 4645/3340/3233 4646/3341/3234 4672/3042/3152
f 4650/3342/3235 4672/3042/3152 4646/3341/3234
f 4674/3257/3151 4672/3042/3152 4650/3342/3235
f 4631/3263/3158 4674/3257/3151 4650/3342/3235
f 365/892/932 261/878/923 364/891/931
f 261/878/923 348/889/930 364/891/931
f 349/879/924 348/889/930 261/878/923
f 349/879/924 360/887/929 348/889/930
f 346/886/928 360/887/929 349/879/924
f 264/223/229 260/225/231 259/1000/1036
f 264/223/229 259/1000/1036 249/1006/1042
f 273/3343/933 271/1027/1063 96/1030/86
f 273/3343/933 282/3344/3236 271/1027/1063
f 282/3344/3236 273/3343/933 281/3345/947
f 273/3343/933 269/3346/939 281/3345/947
f 282/3344/3236 1792/1026/1062 271/1027/1063
f 282/3344/3236 283/3347/3237 1792/1026/1062
f 2633/1017/3238 283/3347/3237 282/3344/3236
f 2633/1017/3238 282/3344/3236 281/3345/947
f 2633/1017/3238 281/3345/947 278/3348/3239
f 281/3345/947 1726/3349/953 278/3348/3239
f 278/3348/3239 1726/3349/953 1727/3350/954
f 278/3348/3239 1727/3350/954 280/3351/3240
f 1728/3352/957 280/3351/3240 1727/3350/954
f 283/3347/3237 272/1014/1050 1792/1026/1062
f 283/3347/3237 275/3353/3241 272/1014/1050
f 2631/1016/3242 275/3353/3241 283/3347/3237
f 2631/1016/3242 283/3347/3237 2633/1017/3238
f 2631/1016/3242 2633/1017/3238 279/3354/3243
f 279/3354/3243 2633/1017/3238 285/3355/3244
f 2633/1017/3238 278/3348/3239 285/3355/3244
f 285/3355/3244 278/3348/3239 280/3351/3240
f 280/3351/3240 2634/3356/3245 285/3355/3244
f 280/3351/3240 1694/3357/958 2634/3356/3245
f 280/3351/3240 1728/3352/957 1694/3357/958
f 270/1013/1049 272/1014/1050 275/3353/3241
f 1686/3358/963 2634/3356/3245 1694/3357/958
f 1686/3358/963 248/3359/3246 2634/3356/3245
f 284/3360/3247 248/3359/3246 1686/3358/963
f 1686/3358/963 1684/3361/974 284/3360/3247
f 1684/3361/974 2929/3362/3248 284/3360/3247
f 2929/3362/3248 1684/3361/974 1682/3363/981
f 2929/3362/3248 1682/3363/981 2936/3364/3249
f 1678/3365/987 2936/3364/3249 1682/3363/981
f 247/3366/3250 2634/3356/3245 248/3359/3246
f 2926/3367/3251 247/3366/3250 248/3359/3246
f 2926/3367/3251 248/3359/3246 2928/3368/3252
f 248/3359/3246 2929/3362/3248 2928/3368/3252
f 248/3359/3246 284/3360/3247 2929/3362/3248
f 247/3366/3250 285/3355/3244 2634/3356/3245
f 279/3354/3243 285/3355/3244 247/3366/3250
f 240/3369/3253 279/3354/3243 247/3366/3250
f 240/3369/3253 247/3366/3250 2926/3367/3251
f 2927/3370/3254 240/3369/3253 2926/3367/3251
f 2927/3370/3254 2926/3367/3251 2930/3371/3255
f 2928/3368/3252 2930/3371/3255 2926/3367/3251
f 2928/3368/3252 2935/3372/3256 2930/3371/3255
f 2928/3368/3252 2936/3364/3249 2935/3372/3256
f 2928/3368/3252 2929/3362/3248 2936/3364/3249
f 277/3373/3257 279/3354/3243 240/3369/3253
f 246/3374/3258 277/3373/3257 240/3369/3253
f 246/3374/3258 240/3369/3253 2927/3370/3254
f 385/996/3259 246/3374/3258 2927/3370/3254
f 2927/3370/3254 2635/3375/3260 385/996/3259
f 2927/3370/3254 1651/3376/1010 2635/3375/3260
f 1651/3376/1010 2927/3370/3254 2930/3371/3255
f 1651/3376/1010 2930/3371/3255 1653/3377/1016
f 2935/3372/3256 1653/3377/1016 2930/3371/3255
f 277/3373/3257 2631/1016/3242 279/3354/3243
f 277/3373/3257 2632/3378/3261 2631/1016/3242
f 277/3373/3257 243/1002/3262 2632/3378/3261
f 277/3373/3257 246/3374/3258 243/1002/3262
f 241/995/3263 243/1002/3262 246/3374/3258
f 241/995/3263 246/3374/3258 385/996/3259
f 385/996/3259 255/3379/3264 241/995/3263
f 385/996/3259 2635/3375/3260 255/3379/3264
f 255/3379/3264 2635/3375/3260 1649/991/1011
f 1651/3376/1010 1649/991/1011 2635/3375/3260
f 2632/3378/3261 275/3353/3241 2631/1016/3242
f 270/1013/1049 275/3353/3241 2632/3378/3261
f 274/1001/3265 270/1013/1049 2632/3378/3261
f 274/1001/3265 2632/3378/3261 243/1002/3262
f 258/3380/3266 274/1001/3265 243/1002/3262
f 241/995/3263 258/3380/3266 243/1002/3262
f 258/3380/3266 241/995/3263 255/3379/3264
f 244/3381/3267 258/3380/3266 255/3379/3264
f 255/3379/3264 250/3382/1012 244/3381/3267
f 255/3379/3264 1649/991/1011 250/3382/1012
f 249/1006/1042 270/1013/1049 274/1001/3265
f 264/223/229 249/1006/1042 274/1001/3265
f 264/223/229 274/1001/3265 258/3380/3266
f 244/3381/3267 264/223/229 258/3380/3266
f 244/3381/3267 265/224/230 264/223/229
f 236/3383/1013 265/224/230 244/3381/3267
f 244/3381/3267 250/3382/1012 236/3383/1013
f 2935/3372/3256 1660/3384/1019 1653/3377/1016
f 2935/3372/3256 1700/3385/1020 1660/3384/1019
f 2935/3372/3256 2936/3364/3249 1700/3385/1020
f 1678/3365/987 1700/3385/1020 2936/3364/3249
f 1678/3365/987 1679/3386/990 1700/3385/1020
f 1675/985/1021 1353/226/232 1674/970/1007
f 1675/985/1021 1354/227/233 1353/226/232
f 874/3387/3268 1677/965/1002 876/909/946
f 874/3387/3268 2952/3388/3269 1677/965/1002
f 2983/3389/3270 2952/3388/3269 874/3387/3268
f 2982/3390/3271 2983/3389/3270 874/3387/3268
f 2982/3390/3271 874/3387/3268 2981/908/3272
f 874/3387/3268 1717/907/944 2981/908/3272
f 874/3387/3268 876/909/946 1717/907/944
f 2955/3391/3273 1677/965/1002 2952/3388/3269
f 2955/3391/3273 2952/3388/3269 2953/959/3274
f 2953/959/3274 2952/3388/3269 2954/3392/3275
f 2983/3389/3270 2954/3392/3275 2952/3388/3269
f 2984/3393/3276 2954/3392/3275 2983/3389/3270
f 2974/932/3277 2984/3393/3276 2983/3389/3270
f 2974/932/3277 2983/3389/3270 2982/3390/3271
f 2974/932/3277 2982/3390/3271 2973/3394/3278
f 2973/3394/3278 2982/3390/3271 2981/908/3272
f 2955/3391/3273 1676/986/1022 1677/965/1002
f 1675/985/1021 1676/986/1022 2955/3391/3273
f 2957/3395/3279 1675/985/1021 2955/3391/3273
f 2955/3391/3273 2953/959/3274 2957/3395/3279
f 2956/3396/3280 2957/3395/3279 2953/959/3274
f 2953/959/3274 2954/3392/3275 2956/3396/3280
f 2959/3397/3281 2956/3396/3280 2954/3392/3275
f 2984/3393/3276 2959/3397/3281 2954/3392/3275
f 2959/3397/3281 2984/3393/3276 875/3398/3282
f 2984/3393/3276 2965/3399/3283 875/3398/3282
f 2984/3393/3276 2974/932/3277 2965/3399/3283
f 2957/3395/3279 1354/227/233 1675/985/1021
f 2957/3395/3279 2960/3400/3284 1354/227/233
f 2960/3400/3284 2957/3395/3279 2938/3401/3285
f 2956/3396/3280 2938/3401/3285 2957/3395/3279
f 2938/3401/3285 2956/3396/3280 2958/3402/3286
f 2959/3397/3281 2958/3402/3286 2956/3396/3280
f 2958/3402/3286 2959/3397/3281 2934/966/3287
f 882/3403/3288 2934/966/3287 2959/3397/3281
f 882/3403/3288 2959/3397/3281 875/3398/3282
f 1354/227/233 2960/3400/3284 1645/3404/1025
f 1641/974/1027 1645/3404/1025 2960/3400/3284
f 1641/974/1027 2960/3400/3284 2937/968/3289
f 2937/968/3289 2960/3400/3284 2938/3401/3285
f 2937/968/3289 2938/3401/3285 2932/3405/3290
f 2934/966/3287 2932/3405/3290 2938/3401/3285
f 2934/966/3287 2938/3401/3285 2958/3402/3286
f 1354/227/233 1645/3404/1025 1647/3406/1023
f 1647/3406/1023 265/228/230 1354/227/233
f 882/3403/3288 2932/3405/3290 2934/966/3287
f 882/3403/3288 2940/3407/3291 2932/3405/3290
f 2961/3408/3292 2940/3407/3291 882/3403/3288
f 881/3409/3293 2961/3408/3292 882/3403/3288
f 881/3409/3293 882/3403/3288 875/3398/3282
f 873/3410/3294 881/3409/3293 875/3398/3282
f 873/3410/3294 875/3398/3282 2965/3399/3283
f 2937/968/3289 2932/3405/3290 2940/3407/3291
f 2937/968/3289 2940/3407/3291 2939/972/3295
f 2939/972/3295 2940/3407/3291 2942/3411/3296
f 2961/3408/3292 2942/3411/3296 2940/3407/3291
f 2961/3408/3292 2950/3412/3297 2942/3411/3296
f 2961/3408/3292 2963/3413/3298 2950/3412/3297
f 881/3409/3293 2963/3413/3298 2961/3408/3292
f 881/3409/3293 878/3414/3299 2963/3413/3298
f 878/3414/3299 881/3409/3293 880/3415/3300
f 880/3415/3300 881/3409/3293 873/3410/3294
f 1768/973/1029 2937/968/3289 2939/972/3295
f 1768/973/1029 2939/972/3295 1635/979/1035
f 2939/972/3295 1638/982/1070 1635/979/1035
f 2939/972/3295 2941/978/3301 1638/982/1070
f 2939/972/3295 2942/3411/3296 2941/978/3301
f 2941/978/3301 2942/3411/3296 2950/3412/3297
f 1641/974/1027 2937/968/3289 1768/973/1029
f 1640/983/1072 2947/3416/3302 1639/3417/1074
f 1640/983/1072 2951/981/3303 2947/3416/3302
f 1638/982/1070 2951/981/3303 1640/983/1072
f 1638/982/1070 2941/978/3301 2951/981/3303
f 2941/978/3301 2950/3412/3297 2951/981/3303
f 2951/981/3303 2950/3412/3297 2948/3418/3304
f 2949/3419/3305 2948/3418/3304 2950/3412/3297
f 2949/3419/3305 2950/3412/3297 2963/3413/3298
f 2949/3419/3305 2963/3413/3298 2962/3420/3306
f 2962/3420/3306 2963/3413/3298 878/3414/3299
f 2951/981/3303 2948/3418/3304 2947/3416/3302
f 2943/945/3307 2947/3416/3302 2948/3418/3304
f 2943/945/3307 2948/3418/3304 2949/3419/3305
f 879/3421/3308 2943/945/3307 2949/3419/3305
f 879/3421/3308 2949/3419/3305 2962/3420/3306
f 2962/3420/3306 878/3414/3299 879/3421/3308
f 2943/945/3307 1639/3422/1074 2947/3416/3302
f 2943/945/3307 1636/3423/1073 1639/3422/1074
f 2943/945/3307 879/3421/3308 1636/3423/1073
f 1632/3424/1067 1636/3423/1073 879/3421/3308
f 879/3421/3308 877/933/3309 1632/3424/1067
f 877/933/3309 1631/926/1066 1632/3424/1067
f 877/933/3309 2944/927/3310 1631/926/1066
f 2944/927/3310 877/933/3309 880/3415/3300
f 877/933/3309 878/3414/3299 880/3415/3300
f 877/933/3309 879/3421/3308 878/3414/3299
f 1631/926/1066 2944/927/3310 2945/922/3311
f 2946/3425/3312 2945/922/3311 2944/927/3310
f 2944/927/3310 880/3415/3300 2946/3425/3312
f 880/3415/3300 873/3410/3294 2946/3425/3312
f 2964/3426/3313 2946/3425/3312 873/3410/3294
f 2964/3426/3313 873/3410/3294 2966/3427/3314
f 2965/3399/3283 2966/3427/3314 873/3410/3294
f 1631/926/1066 2945/922/3311 1770/3428/1061
f 1770/3428/1061 2945/922/3311 2978/3429/3315
f 2964/3426/3313 2978/3429/3315 2945/922/3311
f 2946/3425/3312 2964/3426/3313 2945/922/3311
f 1770/3428/1061 2978/3429/3315 1776/3430/1075
f 2985/3431/3316 1776/3430/1075 2978/3429/3315
f 2978/3429/3315 2977/3432/3317 2985/3431/3316
f 2978/3429/3315 2967/3433/3318 2977/3432/3317
f 2967/3433/3318 2978/3429/3315 2964/3426/3313
f 2967/3433/3318 2964/3426/3313 2966/3427/3314
f 2967/3433/3318 2966/3427/3314 2968/3434/3319
f 2965/3399/3283 2968/3434/3319 2966/3427/3314
f 2968/3434/3319 2965/3399/3283 2974/932/3277
f 2968/3434/3319 2974/932/3277 2969/3435/3320
f 2974/932/3277 2973/3394/3278 2969/3435/3320
f 2985/3431/3316 1777/916/1076 1776/3430/1075
f 2985/3431/3316 1788/910/1058 1777/916/1076
f 2985/3431/3316 2986/903/3321 1788/910/1058
f 2985/3431/3316 2976/912/3322 2986/903/3321
f 2985/3431/3316 2970/3436/3323 2976/912/3322
f 2977/3432/3317 2970/3436/3323 2985/3431/3316
f 2969/3435/3320 2970/3436/3323 2977/3432/3317
f 2968/3434/3319 2969/3435/3320 2977/3432/3317
f 2968/3434/3319 2977/3432/3317 2967/3433/3318
f 1789/902/1065 1788/910/1058 2986/903/3321
f 1789/902/1065 2986/903/3321 2987/897/3324
f 2986/903/3321 2975/3437/3325 2987/897/3324
f 2986/903/3321 2976/912/3322 2975/3437/3325
f 2975/3437/3325 2976/912/3322 2971/3438/3326
f 2971/3438/3326 2976/912/3322 2970/3436/3323
f 2971/3438/3326 2970/3436/3323 2969/3435/3320
f 2973/3394/3278 2971/3438/3326 2969/3435/3320
f 2971/3438/3326 2973/3394/3278 2972/906/3327
f 2973/3394/3278 2981/908/3272 2972/906/3327
f 2972/906/3327 2981/908/3272 1717/907/944
f 2972/906/3327 1717/907/944 1718/901/938
f 92/82/87 1789/902/1065 2987/897/3324
f 2975/3437/3325 92/82/87 2987/897/3324
f 2975/3437/3325 2979/3439/3328 92/82/87
f 2980/900/3329 2979/3439/3328 2975/3437/3325
f 2980/900/3329 2975/3437/3325 2971/3438/3326
f 2971/3438/3326 2972/906/3327 2980/900/3329
f 2980/900/3329 2972/906/3327 1718/901/938
f 2980/900/3329 1718/901/938 1722/899/936
f 2979/3439/3328 2980/900/3329 1722/899/936
f 2979/3439/3328 1722/899/936 1376/229/234
f 1376/229/234 92/82/87 2979/3439/3328
f 92/82/87 1800/896/1064 1789/902/1065
f 96/81/86 1800/896/1064 92/82/87
f 3109/3440/1189 1061/3441/3330 1069/3442/3331
f 3109/3440/1189 1069/3442/3331 4582/3443/3332
f 3111/3444/3333 4582/3443/3332 1069/3442/3331
f 3111/3444/3333 1069/3442/3331 1113/3445/3334
f 1071/3446/3335 3111/3444/3333 1113/3445/3334
f 1071/3446/3335 3113/3447/3336 3111/3444/3333
f 3112/3448/3337 3113/3447/3336 1071/3446/3335
f 3112/3448/3337 1071/3446/3335 1114/3449/3338
f 3109/3440/1189 4582/3443/3332 3104/3450/1183
f 3104/3450/1183 4582/3443/3332 3110/3451/3339
f 4582/3443/3332 4583/3452/3340 3110/3451/3339
f 4582/3443/3332 3111/3444/3333 4583/3452/3340
f 3111/3444/3333 3115/3453/3341 4583/3452/3340
f 3111/3444/3333 3113/3447/3336 3115/3453/3341
f 3115/3453/3341 3113/3447/3336 3114/3454/3342
f 3113/3447/3336 4803/3455/3343 3114/3454/3342
f 3113/3447/3336 3112/3448/3337 4803/3455/3343
f 3104/3450/1183 3110/3451/3339 3103/3456/1182
f 3103/3456/1182 3110/3451/3339 4802/3457/3344
f 3117/3458/3345 4802/3457/3344 3110/3451/3339
f 3117/3458/3345 3110/3451/3339 3116/3459/3346
f 3110/3451/3339 4583/3452/3340 3116/3459/3346
f 4583/3452/3340 3115/3453/3341 3116/3459/3346
f 3115/3453/3341 3114/3454/3342 3116/3459/3346
f 4805/3460/3347 3116/3459/3346 3114/3454/3342
f 3114/3454/3342 4804/3461/3348 4805/3460/3347
f 3114/3454/3342 4803/3455/3343 4804/3461/3348
f 3093/3462/1176 3103/3456/1182 4802/3457/3344
f 3093/3462/1176 4802/3457/3344 3118/3463/3349
f 4806/3464/3350 3118/3463/3349 4802/3457/3344
f 4802/3457/3344 3117/3458/3345 4806/3464/3350
f 3117/3458/3345 4805/3460/3347 4806/3464/3350
f 4805/3460/3347 3117/3458/3345 3116/3459/3346
f 3092/3465/1170 3093/3462/1176 3118/3463/3349
f 3092/3465/1170 3118/3463/3349 4807/3466/3351
f 4808/3467/3352 4807/3466/3351 3118/3463/3349
f 3118/3463/3349 4801/3468/3353 4808/3467/3352
f 4806/3464/3350 4801/3468/3353 3118/3463/3349
f 4801/3468/3353 4806/3464/3350 4805/3460/3347
f 4801/3468/3353 4805/3460/3347 4800/3469/3354
f 4805/3460/3347 4804/3461/3348 4800/3469/3354
f 4815/3470/3355 4800/3469/3354 4804/3461/3348
f 4815/3470/3355 4804/3461/3348 3102/3471/3356
f 3102/3471/3356 4804/3461/3348 4803/3455/3343
f 3149/3472/1169 3092/3465/1170 4807/3466/3351
f 3149/3472/1169 4807/3466/3351 4791/3473/3357
f 4791/3473/3357 4807/3466/3351 4790/3474/3358
f 4807/3466/3351 4789/3475/3359 4790/3474/3358
f 4807/3466/3351 4788/3476/3360 4789/3475/3359
f 4808/3467/3352 4788/3476/3360 4807/3466/3351
f 4788/3476/3360 4808/3467/3352 4780/3477/3361
f 4780/3477/3361 4808/3467/3352 4801/3468/3353
f 4780/3477/3361 4801/3468/3353 4800/3469/3354
f 4780/3477/3361 4800/3469/3354 4781/3478/3362
f 4800/3469/3354 4815/3470/3355 4781/3478/3362
f 3158/3479/1157 3149/3472/1169 4791/3473/3357
f 3158/3479/1157 4791/3473/3357 4782/3480/3363
f 4791/3473/3357 4783/3481/3364 4782/3480/3363
f 4791/3473/3357 4790/3474/3358 4783/3481/3364
f 4784/3482/3365 4783/3481/3364 4790/3474/3358
f 4790/3474/3358 4789/3475/3359 4784/3482/3365
f 4784/3482/3365 4789/3475/3359 4785/3483/3366
f 4785/3483/3366 4789/3475/3359 4788/3476/3360
f 4785/3483/3366 4788/3476/3360 4780/3477/3361
f 4781/3478/3362 4785/3483/3366 4780/3477/3361
f 4781/3478/3362 4786/3484/3367 4785/3483/3366
f 4786/3484/3367 4781/3478/3362 4787/3485/3368
f 4787/3485/3368 4781/3478/3362 4815/3470/3355
f 4799/3486/3369 3158/3479/1157 4782/3480/3363
f 4799/3486/3369 4782/3480/3363 4798/3487/3370
f 4782/3480/3363 4797/3488/3371 4798/3487/3370
f 4782/3480/3363 4783/3481/3364 4797/3488/3371
f 4784/3482/3365 4797/3488/3371 4783/3481/3364
f 4797/3488/3371 4784/3482/3365 4796/3489/3372
f 4795/3490/3373 4796/3489/3372 4784/3482/3365
f 4786/3484/3367 4795/3490/3373 4784/3482/3365
f 4786/3484/3367 4784/3482/3365 4785/3483/3366
f 3158/3479/1157 4799/3486/3369 3141/3491/1156
f 3141/3491/1156 4799/3486/3369 3138/3492/3374
f 4861/3493/3375 3138/3492/3374 4799/3486/3369
f 4861/3493/3375 4799/3486/3369 4798/3487/3370
f 4862/3494/3376 4861/3493/3375 4798/3487/3370
f 4796/3489/3372 4862/3494/3376 4798/3487/3370
f 4796/3489/3372 4798/3487/3370 4797/3488/3371
f 3120/3495/3377 3141/3491/1156 3138/3492/3374
f 3120/3495/3377 3138/3492/3374 4863/3496/3378
f 4863/3496/3378 3138/3492/3374 4861/3493/3375
f 4863/3496/3378 4861/3493/3375 3142/3497/3379
f 3133/3498/3380 3142/3497/3379 4861/3493/3375
f 4862/3494/3376 3133/3498/3380 4861/3493/3375
f 3140/3499/3381 3133/3498/3380 4862/3494/3376
f 3139/3500/3382 3140/3499/3381 4862/3494/3376
f 3139/3500/3382 4862/3494/3376 4796/3489/3372
f 3120/3495/3377 3137/3501/1152 3141/3491/1156
f 3120/3495/3377 3131/3502/3383 3137/3501/1152
f 3131/3502/3383 3120/3495/3377 4860/3503/3384
f 4860/3503/3384 3120/3495/3377 4863/3496/3378
f 4863/3496/3378 3136/3504/3385 4860/3503/3384
f 4863/3496/3378 3134/3505/3386 3136/3504/3385
f 3134/3505/3386 4863/3496/3378 3142/3497/3379
f 3142/3497/3379 3130/3506/3387 3134/3505/3386
f 3142/3497/3379 3132/3507/3388 3130/3506/3387
f 3133/3498/3380 3132/3507/3388 3142/3497/3379
f 3137/3501/1152 3131/3502/3383 4859/3508/3389
f 3128/3509/3390 4859/3508/3389 3131/3502/3383
f 3136/3504/3385 3128/3509/3390 3131/3502/3383
f 3136/3504/3385 3131/3502/3383 4860/3503/3384
f 3137/3501/1152 4859/3508/3389 3086/3510/1146
f 4859/3508/3389 3135/3511/3391 3086/3510/1146
f 4859/3508/3389 3126/3512/3392 3135/3511/3391
f 4859/3508/3389 3122/3513/3393 3126/3512/3392
f 4859/3508/3389 3128/3509/3390 3122/3513/3393
f 3128/3509/3390 3129/3514/3394 3122/3513/3393
f 3128/3509/3390 3125/3515/3395 3129/3514/3394
f 3136/3504/3385 3125/3515/3395 3128/3509/3390
f 3136/3504/3385 3127/3516/3396 3125/3515/3395
f 3127/3516/3396 3136/3504/3385 3134/3505/3386
f 3135/3511/3391 3124/3517/1141 3086/3510/1146
f 3123/3518/3397 3124/3517/1141 3135/3511/3391
f 3123/3518/3397 3135/3511/3391 3119/3519/3398
f 3119/3519/3398 3135/3511/3391 3126/3512/3392
f 3122/3513/3393 3119/3519/3398 3126/3512/3392
f 3121/3520/3399 3119/3519/3398 3122/3513/3393
f 3121/3520/3399 3122/3513/3393 4856/3521/3400
f 3122/3513/3393 3129/3514/3394 4856/3521/3400
f 3129/3514/3394 4857/3522/3401 4856/3521/3400
f 3125/3515/3395 4857/3522/3401 3129/3514/3394
f 3125/3515/3395 4858/3523/3402 4857/3522/3401
f 3127/3516/3396 4858/3523/3402 3125/3515/3395
f 3123/3518/3397 1798/3524/1140 3124/3517/1141
f 1801/3525/1128 1798/3524/1140 3123/3518/3397
f 1801/3525/1128 3123/3518/3397 1809/3526/1123
f 1814/3527/1116 1809/3526/1123 3123/3518/3397
f 1814/3527/1116 3123/3518/3397 3121/3520/3399
f 3123/3518/3397 3119/3519/3398 3121/3520/3399
f 1814/3527/1116 3121/3520/3399 4856/3521/3400
f 1814/3527/1116 4856/3521/3400 1815/3528/1110
f 1815/3528/1110 4856/3521/3400 3082/3529/3403
f 3082/3529/3403 4856/3521/3400 3081/3530/3404
f 4857/3522/3401 3081/3530/3404 4856/3521/3400
f 3083/3531/3405 3081/3530/3404 4857/3522/3401
f 4858/3523/3402 3083/3531/3405 4857/3522/3401
f 4858/3523/3402 3059/3532/3406 3083/3531/3405
f 3080/3533/3407 3059/3532/3406 4858/3523/3402
f 3127/3516/3396 3080/3533/3407 4858/3523/3402
f 3134/3505/3386 3080/3533/3407 3127/3516/3396
f 1815/3528/1110 3082/3529/3403 1821/3534/1103
f 1827/3535/1102 1821/3534/1103 3082/3529/3403
f 1827/3535/1102 3082/3529/3403 1820/3536/1101
f 1820/3536/1101 3082/3529/3403 3060/3537/3408
f 3082/3529/3403 3081/3530/3404 3060/3537/3408
f 943/3538/3409 3060/3537/3408 3081/3530/3404
f 3081/3530/3404 3061/3539/3410 943/3538/3409
f 3081/3530/3404 3083/3531/3405 3061/3539/3410
f 3059/3532/3406 3061/3539/3410 3083/3531/3405
f 3059/3532/3406 3062/3540/3411 3061/3539/3410
f 940/3541/3412 3062/3540/3411 3059/3532/3406
f 3080/3533/3407 940/3541/3412 3059/3532/3406
f 940/3541/3412 3080/3533/3407 942/3542/3413
f 3134/3505/3386 942/3542/3413 3080/3533/3407
f 1820/3536/1101 3060/3537/3408 944/3543/1094
f 944/3543/1094 3060/3537/3408 943/3538/3409
f 944/3543/1094 943/3538/3409 945/3544/1093
f 946/3545/3414 945/3544/1093 943/3538/3409
f 946/3545/3414 943/3538/3409 3061/3539/3410
f 3061/3539/3410 947/3546/3415 946/3545/3414
f 947/3546/3415 3061/3539/3410 3062/3540/3411
f 947/3546/3415 3062/3540/3411 939/3547/3416
f 939/3547/3416 3062/3540/3411 941/3548/3417
f 940/3541/3412 941/3548/3417 3062/3540/3411
f 942/3542/3413 941/3548/3417 940/3541/3412
f 945/3544/1093 946/3545/3414 3078/3549/3418
f 3079/3550/3419 3078/3549/3418 946/3545/3414
f 947/3546/3415 3079/3550/3419 946/3545/3414
f 947/3546/3415 3076/3551/3420 3079/3550/3419
f 939/3547/3416 3076/3551/3420 947/3546/3415
f 939/3547/3416 3077/3552/3421 3076/3551/3420
f 3074/3553/3422 3077/3552/3421 939/3547/3416
f 939/3547/3416 941/3548/3417 3074/3553/3422
f 945/3544/1093 3078/3549/3418 1824/3554/1086
f 1824/3554/1086 3078/3549/3418 3075/3555/3423
f 3078/3549/3418 3073/3556/3424 3075/3555/3423
f 3078/3549/3418 3079/3550/3419 3073/3556/3424
f 3070/3557/3425 3073/3556/3424 3079/3550/3419
f 3070/3557/3425 3079/3550/3419 3076/3551/3420
f 3076/3551/3420 3068/3558/3426 3070/3557/3425
f 3077/3552/3421 3068/3558/3426 3076/3551/3420
f 3077/3552/3421 3069/3559/3427 3068/3558/3426
f 3067/3560/3428 3069/3559/3427 3077/3552/3421
f 3074/3553/3422 3067/3560/3428 3077/3552/3421
f 1824/3554/1086 3075/3555/3423 1826/3561/1085
f 1826/3561/1085 3075/3555/3423 3064/3562/3429
f 3075/3555/3423 3066/3563/3430 3064/3562/3429
f 3075/3555/3423 3073/3556/3424 3066/3563/3430
f 3073/3556/3424 3065/3564/3431 3066/3563/3430
f 3073/3556/3424 3071/3565/3432 3065/3564/3431
f 3071/3565/3432 3073/3556/3424 3072/3566/3433
f 3070/3557/3425 3072/3566/3433 3073/3556/3424
f 3072/3566/3433 3070/3557/3425 3068/3558/3426
f 3072/3566/3433 3068/3558/3426 3063/3567/3434
f 3063/3567/3434 3068/3558/3426 3069/3559/3427
f 1826/3561/1085 3064/3562/3429 1817/3568/1079
f 3064/3562/3429 1224/3569/1080 1817/3568/1079
f 3064/3562/3429 1226/3570/3435 1224/3569/1080
f 3066/3563/3430 1226/3570/3435 3064/3562/3429
f 3066/3563/3430 1213/3571/3436 1226/3570/3435
f 3066/3563/3430 1212/3572/3437 1213/3571/3436
f 3066/3563/3430 3065/3564/3431 1212/3572/3437
f 1211/3573/3438 1212/3572/3437 3065/3564/3431
f 3058/3574/3439 1211/3573/3438 3065/3564/3431
f 3071/3565/3432 3058/3574/3439 3065/3564/3431
f 3071/3565/3432 3046/3575/3440 3058/3574/3439
f 3071/3565/3432 3063/3567/3434 3046/3575/3440
f 3071/3565/3432 3072/3566/3433 3063/3567/3434
f 3058/3574/3439 1214/3576/3441 1211/3573/3438
f 3057/3577/3442 1214/3576/3441 3058/3574/3439
f 3058/3574/3439 3049/3578/3443 3057/3577/3442
f 3058/3574/3439 3046/3575/3440 3049/3578/3443
f 3046/3575/3440 3056/3579/3444 3049/3578/3443
f 3046/3575/3440 3063/3567/3434 3056/3579/3444
f 3063/3567/3434 3069/3559/3427 3056/3579/3444
f 3055/3580/3445 3056/3579/3444 3069/3559/3427
f 3067/3560/3428 3055/3580/3445 3069/3559/3427
f 3057/3577/3442 1205/3581/3446 1214/3576/3441
f 1205/3581/3446 3057/3577/3442 3051/3582/3447
f 3051/3582/3447 3057/3577/3442 3049/3578/3443
f 3049/3578/3443 3055/3580/3445 3051/3582/3447
f 3049/3578/3443 3056/3579/3444 3055/3580/3445
f 1205/3581/3446 3051/3582/3447 1204/3583/3448
f 3047/3584/3449 1204/3583/3448 3051/3582/3447
f 3048/3585/3450 3047/3584/3449 3051/3582/3447
f 3055/3580/3445 3048/3585/3450 3051/3582/3447
f 3055/3580/3445 3050/3586/3451 3048/3585/3450
f 3055/3580/3445 3053/3587/3452 3050/3586/3451
f 3055/3580/3445 3067/3560/3428 3053/3587/3452
f 3067/3560/3428 3054/3588/3453 3053/3587/3452
f 3067/3560/3428 3045/3589/3454 3054/3588/3453
f 3045/3589/3454 3067/3560/3428 3074/3553/3422
f 3047/3584/3449 1202/3590/3455 1204/3583/3448
f 1202/3590/3455 3047/3584/3449 3407/3591/3456
f 3048/3585/3450 3407/3591/3456 3047/3584/3449
f 3048/3585/3450 3043/3592/3457 3407/3591/3456
f 3043/3592/3457 3048/3585/3450 3050/3586/3451
f 3053/3587/3452 3043/3592/3457 3050/3586/3451
f 3039/3593/3458 3043/3592/3457 3053/3587/3452
f 3042/3594/3459 3039/3593/3458 3053/3587/3452
f 3042/3594/3459 3053/3587/3452 3054/3588/3453
f 3040/3595/3460 3042/3594/3459 3054/3588/3453
f 3040/3595/3460 3054/3588/3453 3041/3596/3461
f 3041/3596/3461 3054/3588/3453 3045/3589/3454
f 1202/3590/3455 3407/3591/3456 1135/3597/3462
f 1136/3598/3463 1135/3597/3462 3407/3591/3456
f 925/3599/3464 1136/3598/3463 3407/3591/3456
f 925/3599/3464 3407/3591/3456 3043/3592/3457
f 3039/3593/3458 925/3599/3464 3043/3592/3457
f 3034/3600/3465 925/3599/3464 3039/3593/3458
f 3036/3601/3466 3034/3600/3465 3039/3593/3458
f 3036/3601/3466 3039/3593/3458 3042/3594/3459
f 3033/3602/3467 3036/3601/3466 3042/3594/3459
f 3033/3602/3467 3042/3594/3459 3040/3595/3460
f 3032/3603/3468 3033/3602/3467 3040/3595/3460
f 3044/3604/3469 3032/3603/3468 3040/3595/3460
f 3041/3596/3461 3044/3604/3469 3040/3595/3460
f 1136/3598/3463 925/3599/3464 916/3605/3470
f 3034/3600/3465 916/3605/3470 925/3599/3464
f 916/3605/3470 3034/3600/3465 3028/3606/3471
f 3034/3600/3465 3029/3607/3472 3028/3606/3471
f 3034/3600/3465 3036/3601/3466 3029/3607/3472
f 3033/3602/3467 3029/3607/3472 3036/3601/3466
f 3033/3602/3467 921/3608/3473 3029/3607/3472
f 3033/3602/3467 3021/3609/3474 921/3608/3473
f 3033/3602/3467 3038/3610/3475 3021/3609/3474
f 3033/3602/3467 3032/3603/3468 3038/3610/3475
f 1136/3598/3463 916/3605/3470 1301/3611/3476
f 916/3605/3470 1297/3612/3477 1301/3611/3476
f 916/3605/3470 917/3613/3478 1297/3612/3477
f 916/3605/3470 3028/3606/3471 917/3613/3478
f 917/3613/3478 3028/3606/3471 923/3614/3479
f 3029/3607/3472 923/3614/3479 3028/3606/3471
f 3029/3607/3472 921/3608/3473 923/3614/3479
f 921/3608/3473 922/3615/3480 923/3614/3479
f 921/3608/3473 919/3616/3481 922/3615/3480
f 919/3616/3481 921/3608/3473 920/3617/3482
f 920/3617/3482 921/3608/3473 3021/3609/3474
f 920/3617/3482 3021/3609/3474 3019/3618/3483
f 3038/3610/3475 3019/3618/3483 3021/3609/3474
f 917/3613/3478 1296/3619/3484 1297/3612/3477
f 915/3620/3485 1296/3619/3484 917/3613/3478
f 923/3614/3479 915/3620/3485 917/3613/3478
f 923/3614/3479 922/3615/3480 915/3620/3485
f 922/3615/3480 918/3621/3486 915/3620/3485
f 922/3615/3480 3022/3622/3487 918/3621/3486
f 3022/3622/3487 922/3615/3480 919/3616/3481
f 919/3616/3481 3026/3623/3488 3022/3622/3487
f 919/3616/3481 924/3624/3489 3026/3623/3488
f 920/3617/3482 924/3624/3489 919/3616/3481
f 920/3617/3482 3035/3625/3490 924/3624/3489
f 3035/3625/3490 920/3617/3482 3019/3618/3483
f 915/3620/3485 1300/3626/3491 1296/3619/3484
f 1300/3626/3491 915/3620/3485 918/3621/3486
f 1300/3626/3491 918/3621/3486 1288/3627/3492
f 918/3621/3486 1283/3628/3493 1288/3627/3492
f 918/3621/3486 3027/3629/3494 1283/3628/3493
f 3026/3623/3488 3027/3629/3494 918/3621/3486
f 3026/3623/3488 918/3621/3486 3022/3622/3487
f 3027/3629/3494 1281/3630/3495 1283/3628/3493
f 1281/3630/3495 3027/3629/3494 3025/3631/3496
f 3025/3631/3496 3027/3629/3494 3023/3632/3497
f 3023/3632/3497 3027/3629/3494 3026/3623/3488
f 3023/3632/3497 3026/3623/3488 3024/3633/3498
f 3024/3633/3498 3026/3623/3488 924/3624/3489
f 3024/3633/3498 924/3624/3489 3017/3634/3499
f 3035/3625/3490 3017/3634/3499 924/3624/3489
f 3035/3625/3490 3018/3635/3500 3017/3634/3499
f 3031/3636/3501 3018/3635/3500 3035/3625/3490
f 3035/3625/3490 3019/3618/3483 3031/3636/3501
f 1281/3630/3495 3025/3631/3496 1268/3637/3502
f 1268/3637/3502 3025/3631/3496 3016/3638/3503
f 3015/3639/3504 3016/3638/3503 3025/3631/3496
f 3015/3639/3504 3025/3631/3496 3023/3632/3497
f 3015/3639/3504 3023/3632/3497 3024/3633/3498
f 3013/3640/3505 3015/3639/3504 3024/3633/3498
f 3013/3640/3505 3024/3633/3498 3017/3634/3499
f 3018/3635/3500 3013/3640/3505 3017/3634/3499
f 3018/3635/3500 3014/3641/3506 3013/3640/3505
f 3012/3642/3507 3014/3641/3506 3018/3635/3500
f 3031/3636/3501 3012/3642/3507 3018/3635/3500
f 1268/3637/3502 3016/3638/3503 1269/3643/3508
f 1269/3643/3508 3016/3638/3503 3010/3644/3509
f 3016/3638/3503 3009/3645/3510 3010/3644/3509
f 3016/3638/3503 3006/3646/3511 3009/3645/3510
f 3006/3646/3511 3016/3638/3503 3015/3639/3504
f 3013/3640/3505 3006/3646/3511 3015/3639/3504
f 3013/3640/3505 3008/3647/3512 3006/3646/3511
f 3007/3648/3513 3008/3647/3512 3013/3640/3505
f 3014/3641/3506 3007/3648/3513 3013/3640/3505
f 1269/3643/3508 3010/3644/3509 1271/3649/3514
f 3010/3644/3509 1262/3650/3515 1271/3649/3514
f 3010/3644/3509 3005/3651/3516 1262/3650/3515
f 3010/3644/3509 3004/3652/3517 3005/3651/3516
f 3010/3644/3509 3003/3653/3518 3004/3652/3517
f 3003/3653/3518 3010/3644/3509 3009/3645/3510
f 3009/3645/3510 3002/3654/3519 3003/3653/3518
f 3009/3645/3510 3008/3647/3512 3002/3654/3519
f 3008/3647/3512 3009/3645/3510 3006/3646/3511
f 3005/3651/3516 1150/3655/3520 1262/3650/3515
f 1150/3655/3520 3005/3651/3516 3001/3656/3521
f 3005/3651/3516 2999/3657/3522 3001/3656/3521
f 3005/3651/3516 3000/3658/3523 2999/3657/3522
f 3000/3658/3523 3005/3651/3516 3004/3652/3517
f 3004/3652/3517 2933/3659/3524 3000/3658/3523
f 3004/3652/3517 3002/3654/3519 2933/3659/3524
f 3002/3654/3519 3004/3652/3517 3003/3653/3518
f 1150/3655/3520 3001/3656/3521 1319/3660/3525
f 1148/3661/3526 1319/3660/3525 3001/3656/3521
f 1132/3662/3527 1148/3661/3526 3001/3656/3521
f 2998/3663/3528 1132/3662/3527 3001/3656/3521
f 2998/3663/3528 3001/3656/3521 2999/3657/3522
f 2997/3664/3529 2998/3663/3528 2999/3657/3522
f 3000/3658/3523 2997/3664/3529 2999/3657/3522
f 3000/3658/3523 2933/3659/3524 2997/3664/3529
f 2996/3665/3530 2997/3664/3529 2933/3659/3524
f 2996/3665/3530 2933/3659/3524 2994/3666/3531
f 2994/3666/3531 2933/3659/3524 3007/3648/3513
f 2933/3659/3524 3002/3654/3519 3007/3648/3513
f 3007/3648/3513 3002/3654/3519 3008/3647/3512
f 2998/3663/3528 2995/3667/3532 1132/3662/3527
f 2992/3668/3533 2995/3667/3532 2998/3663/3528
f 2997/3664/3529 2992/3668/3533 2998/3663/3528
f 2992/3668/3533 2997/3664/3529 2996/3665/3530
f 4815/3470/3355 2992/3668/3533 2996/3665/3530
f 4815/3470/3355 2996/3665/3530 2993/3669/3534
f 2994/3666/3531 2993/3669/3534 2996/3665/3530
f 2995/3667/3532 3112/3448/3337 1132/3662/3527
f 2995/3667/3532 4803/3455/3343 3112/3448/3337
f 3102/3471/3356 4803/3455/3343 2995/3667/3532
f 2992/3668/3533 3102/3471/3356 2995/3667/3532
f 3102/3471/3356 2992/3668/3533 4815/3470/3355
f 1114/3449/3338 1132/3662/3527 3112/3448/3337
f 4787/3485/3368 4815/3470/3355 2993/3669/3534
f 2991/3670/3535 4787/3485/3368 2993/3669/3534
f 2991/3670/3535 2993/3669/3534 2988/3671/3536
f 2994/3666/3531 2988/3671/3536 2993/3669/3534
f 2990/3672/3537 2988/3671/3536 2994/3666/3531
f 2990/3672/3537 2994/3666/3531 3014/3641/3506
f 2994/3666/3531 3007/3648/3513 3014/3641/3506
f 4787/3485/3368 2991/3670/3535 4795/3490/3373
f 3139/3500/3382 4795/3490/3373 2991/3670/3535
f 3139/3500/3382 2991/3670/3535 2989/3673/3538
f 2989/3673/3538 2991/3670/3535 2988/3671/3536
f 2989/3673/3538 2988/3671/3536 2990/3672/3537
f 3011/3674/3539 2989/3673/3538 2990/3672/3537
f 3011/3674/3539 2990/3672/3537 3012/3642/3507
f 3012/3642/3507 2990/3672/3537 3014/3641/3506
f 4787/3485/3368 4795/3490/3373 4786/3484/3367
f 4795/3490/3373 3139/3500/3382 4796/3489/3372
f 3012/3642/3507 3031/3636/3501 3011/3674/3539
f 3020/3675/3540 3011/3674/3539 3031/3636/3501
f 3031/3636/3501 3132/3507/3388 3020/3675/3540
f 3031/3636/3501 3030/3676/3541 3132/3507/3388
f 3031/3636/3501 3019/3618/3483 3030/3676/3541
f 3038/3610/3475 3030/3676/3541 3019/3618/3483
f 3037/3677/3542 3030/3676/3541 3038/3610/3475
f 3037/3677/3542 3038/3610/3475 3032/3603/3468
f 3020/3675/3540 3140/3499/3381 3011/3674/3539
f 3140/3499/3381 3020/3675/3540 3133/3498/3380
f 3132/3507/3388 3133/3498/3380 3020/3675/3540
f 3140/3499/3381 2989/3673/3538 3011/3674/3539
f 3140/3499/3381 3139/3500/3382 2989/3673/3538
f 3037/3677/3542 3132/3507/3388 3030/3676/3541
f 3130/3506/3387 3132/3507/3388 3037/3677/3542
f 3130/3506/3387 3037/3677/3542 3052/3678/3543
f 3032/3603/3468 3052/3678/3543 3037/3677/3542
f 3032/3603/3468 3044/3604/3469 3052/3678/3543
f 942/3542/3413 3052/3678/3543 3044/3604/3469
f 3041/3596/3461 942/3542/3413 3044/3604/3469
f 942/3542/3413 3041/3596/3461 941/3548/3417
f 941/3548/3417 3041/3596/3461 3045/3589/3454
f 941/3548/3417 3045/3589/3454 3074/3553/3422
f 3134/3505/3386 3130/3506/3387 3052/3678/3543
f 942/3542/3413 3134/3505/3386 3052/3678/3543
f 3109/1154/1189 95/85/90 1061/3679/3330
f 3109/1154/1189 94/86/91 95/85/90
f 40/44/49 44/43/48 101/91/96
f 40/44/49 101/91/96 3200/3680/3544
f 3200/3680/3544 101/91/96 3213/3681/3545
f 3213/3681/3545 101/91/96 3165/3682/3546
f 101/91/96 42/47/52 3165/3682/3546
f 42/47/52 3161/3683/3547 3165/3682/3546
f 97/87/92 3161/3683/3547 42/47/52
f 97/87/92 3160/3684/3548 3161/3683/3547
f 97/87/92 1864/1222/1257 3160/3684/3548
f 3200/3680/3544 3213/3681/3545 3191/3685/3549
f 3191/3685/3549 3213/3681/3545 3190/3686/3550
f 3195/3687/3551 3190/3686/3550 3213/3681/3545
f 3195/3687/3551 3213/3681/3545 3214/3688/3552
f 3213/3681/3545 3165/3682/3546 3214/3688/3552
f 3215/3689/3553 3214/3688/3552 3165/3682/3546
f 3215/3689/3553 3165/3682/3546 3161/3683/3547
f 3206/3690/3554 3215/3689/3553 3161/3683/3547
f 3206/3690/3554 3161/3683/3547 3160/3684/3548
f 3191/3685/3549 3190/3686/3550 3189/3691/3555
f 3189/3691/3555 3190/3686/3550 3184/3692/3556
f 3194/3693/3557 3184/3692/3556 3190/3686/3550
f 3194/3693/3557 3190/3686/3550 3195/3687/3551
f 3194/3693/3557 3195/3687/3551 3219/3694/3558
f 3195/3687/3551 3215/3689/3553 3219/3694/3558
f 3195/3687/3551 3214/3688/3552 3215/3689/3553
f 3189/3691/3555 3184/3692/3556 3183/1211/3559
f 3182/3695/3560 3183/1211/3559 3184/3692/3556
f 3184/3692/3556 3193/3696/3561 3182/3695/3560
f 3184/3692/3556 3194/3693/3557 3193/3696/3561
f 3194/3693/3557 3198/3697/3562 3193/3696/3561
f 3194/3693/3557 3219/3694/3558 3198/3697/3562
f 3208/3698/3563 3198/3697/3562 3219/3694/3558
f 3208/3698/3563 3219/3694/3558 3217/3699/3564
f 3217/3699/3564 3219/3694/3558 3215/3689/3553
f 3217/3699/3564 3215/3689/3553 3206/3690/3554
f 3182/3695/3560 3180/1181/3565 3183/1211/3559
f 3180/1181/3565 3182/3695/3560 3247/3700/3566
f 3247/3700/3566 3182/3695/3560 3250/3701/3567
f 3182/3695/3560 3192/3702/3568 3250/3701/3567
f 3182/3695/3560 3193/3696/3561 3192/3702/3568
f 3193/3696/3561 3199/3703/3569 3192/3702/3568
f 3193/3696/3561 3198/3697/3562 3199/3703/3569
f 3199/3703/3569 3198/3697/3562 3197/3704/3570
f 3198/3697/3562 3208/3698/3563 3197/3704/3570
f 3180/1181/3565 3247/3700/3566 3174/1180/3571
f 3243/1174/3572 3174/1180/3571 3247/3700/3566
f 3268/3705/3573 3243/1174/3572 3247/3700/3566
f 3268/3705/3573 3247/3700/3566 3250/3701/3567
f 3268/3705/3573 3250/3701/3567 3275/3706/3574
f 3245/1078/3575 3275/3706/3574 3250/3701/3567
f 3245/1078/3575 3250/3701/3567 3282/3707/3576
f 3192/3702/3568 3282/3707/3576 3250/3701/3567
f 3192/3702/3568 3199/3703/3569 3282/3707/3576
f 3180/1181/3565 3174/1180/3571 3181/1187/3577
f 3174/1180/3571 3175/1186/3578 3181/1187/3577
f 3174/1180/3571 3210/3708/3579 3175/1186/3578
f 3210/3708/3579 3174/1180/3571 3243/1174/3572
f 3221/3709/3580 3210/3708/3579 3243/1174/3572
f 3243/1174/3572 3188/1173/3581 3221/3709/3580
f 3243/1174/3572 3269/3710/3582 3188/1173/3581
f 3268/3705/3573 3269/3710/3582 3243/1174/3572
f 3268/3705/3573 3266/3711/3583 3269/3710/3582
f 3256/3712/3584 3266/3711/3583 3268/3705/3573
f 3256/3712/3584 3268/3705/3573 3275/3706/3574
f 3175/1186/3578 3210/3708/3579 3169/3713/3585
f 3221/3709/3580 3169/3713/3585 3210/3708/3579
f 3172/1184/3586 3169/3713/3585 3221/3709/3580
f 3221/3709/3580 3171/1177/3587 3172/1184/3586
f 3221/3709/3580 3188/1173/3581 3171/1177/3587
f 3187/3714/3588 3171/1177/3587 3188/1173/3581
f 3187/3714/3588 3188/1173/3581 3258/1171/3589
f 3258/1171/3589 3188/1173/3581 3269/3710/3582
f 3262/3715/3590 3258/1171/3589 3269/3710/3582
f 3262/3715/3590 3269/3710/3582 3266/3711/3583
f 3175/1186/3578 3169/3713/3585 3176/3716/3591
f 3177/3717/3592 3176/3716/3591 3169/3713/3585
f 3179/3718/3593 3177/3717/3592 3169/3713/3585
f 3179/3718/3593 3169/3713/3585 3172/1184/3586
f 3172/1184/3586 3173/1183/3594 3179/3718/3593
f 3172/1184/3586 3171/1177/3587 3173/1183/3594
f 3171/1177/3587 3170/1176/3595 3173/1183/3594
f 3171/1177/3587 3187/3714/3588 3170/1176/3595
f 3187/3714/3588 3186/1168/3596 3170/1176/3595
f 3187/3714/3588 1624/3719/3597 3186/1168/3596
f 3258/1171/3589 1624/3719/3597 3187/3714/3588
f 3258/1171/3589 1623/3720/3598 1624/3719/3597
f 3262/3715/3590 1623/3720/3598 3258/1171/3589
f 1622/3721/3599 1623/3720/3598 3262/3715/3590
f 1622/3721/3599 3262/3715/3590 1621/3722/3600
f 3262/3715/3590 3266/3711/3583 1621/3722/3600
f 3274/3723/3601 1621/3722/3600 3266/3711/3583
f 3274/3723/3601 3266/3711/3583 3256/3712/3584
f 1614/1127/3602 3186/1168/3596 1624/3719/3597
f 1614/1127/3602 1624/3719/3597 1613/1116/3603
f 1623/3720/3598 1613/1116/3603 1624/3719/3597
f 1623/3720/3598 1622/3721/3599 1613/1116/3603
f 1622/3721/3599 1612/3724/3604 1613/1116/3603
f 1622/3721/3599 1618/3725/3605 1612/3724/3604
f 1621/3722/3600 1618/3725/3605 1622/3721/3599
f 1621/3722/3600 1620/1096/3606 1618/3725/3605
f 1621/3722/3600 3274/3723/3601 1620/1096/3606
f 1614/1127/3602 3185/1133/3607 3186/1168/3596
f 1614/1127/3602 1607/1126/3608 3185/1133/3607
f 1614/1127/3602 1605/1120/3609 1607/1126/3608
f 1613/1116/3603 1605/1120/3609 1614/1127/3602
f 1613/1116/3603 1612/3724/3604 1605/1120/3609
f 1612/3724/3604 1604/3726/3610 1605/1120/3609
f 1612/3724/3604 1611/3727/3611 1604/3726/3610
f 1612/3724/3604 1610/3728/3612 1611/3727/3611
f 1612/3724/3604 1618/3725/3605 1610/3728/3612
f 1618/3725/3605 1617/3729/3613 1610/3728/3612
f 1617/3729/3613 1618/3725/3605 1620/1096/3606
f 1607/1126/3608 1608/1132/3614 3185/1133/3607
f 1607/1126/3608 1601/3730/3615 1608/1132/3614
f 1601/3730/3615 1607/1126/3608 1600/3731/3616
f 1600/3731/3616 1607/1126/3608 1605/1120/3609
f 1600/3731/3616 1605/1120/3609 1604/3726/3610
f 1599/1112/3617 1600/3731/3616 1604/3726/3610
f 1603/3732/3618 1599/1112/3617 1604/3726/3610
f 1603/3732/3618 1604/3726/3610 1610/3728/3612
f 1610/3728/3612 1604/3726/3610 1611/3727/3611
f 1602/1131/3619 1608/1132/3614 1601/3730/3615
f 1602/1131/3619 1601/3730/3615 1597/3733/3620
f 1596/3734/3621 1597/3733/3620 1601/3730/3615
f 1601/3730/3615 1600/3731/3616 1596/3734/3621
f 1595/1118/3622 1596/3734/3621 1600/3731/3616
f 1599/1112/3617 1595/1118/3622 1600/3731/3616
f 1104/1117/3623 1595/1118/3622 1599/1112/3617
f 1105/1111/3624 1104/1117/3623 1599/1112/3617
f 1105/1111/3624 1599/1112/3617 1603/3732/3618
f 1602/1131/3619 1597/3733/3620 1598/3735/3625
f 1598/3735/3625 1597/3733/3620 1591/3736/3626
f 1590/3737/3627 1591/3736/3626 1597/3733/3620
f 1596/3734/3621 1590/3737/3627 1597/3733/3620
f 1589/3738/3628 1590/3737/3627 1596/3734/3621
f 1595/1118/3622 1589/3738/3628 1596/3734/3621
f 1089/3739/3629 1589/3738/3628 1595/1118/3622
f 1089/3739/3629 1595/1118/3622 1108/1121/3630
f 1104/1117/3623 1108/1121/3630 1595/1118/3622
f 1598/3735/3625 1591/3736/3626 1592/3740/3631
f 1588/1145/3632 1592/3740/3631 1591/3736/3626
f 1591/3736/3626 3231/3741/3633 1588/1145/3632
f 1590/3737/3627 3231/3741/3633 1591/3736/3626
f 1590/3737/3627 1586/3742/3634 3231/3741/3633
f 1590/3737/3627 1584/3743/3635 1586/3742/3634
f 1589/3738/3628 1584/3743/3635 1590/3737/3627
f 1125/3744/3636 1584/3743/3635 1589/3738/3628
f 1125/3744/3636 1589/3738/3628 1089/3739/3629
f 1588/1145/3632 1585/1155/3637 1592/3740/3631
f 1588/1145/3632 3235/1156/3638 1585/1155/3637
f 1588/1145/3632 3232/1153/3639 3235/1156/3638
f 3232/1153/3639 1588/1145/3632 3231/3741/3633
f 3232/1153/3639 3231/3741/3633 3226/3745/3640
f 3231/3741/3633 1586/3742/3634 3226/3745/3640
f 1586/3742/3634 1593/3746/3641 3226/3745/3640
f 1586/3742/3634 1584/3743/3635 1593/3746/3641
f 1584/3743/3635 1126/3747/3642 1593/3746/3641
f 1584/3743/3635 1125/3744/3636 1126/3747/3642
f 3232/1153/3639 3227/1157/3643 3235/1156/3638
f 3232/1153/3639 3228/1152/3644 3227/1157/3643
f 3228/1152/3644 3232/1153/3639 3226/3745/3640
f 3228/1152/3644 3226/3745/3640 3225/3748/3645
f 3225/3748/3645 3226/3745/3640 3240/3749/3646
f 3240/3749/3646 3226/3745/3640 1593/3746/3641
f 3240/3749/3646 1593/3746/3641 1587/3750/3647
f 1593/3746/3641 1124/3751/3648 1587/3750/3647
f 1593/3746/3641 1126/3747/3642 1124/3751/3648
f 3228/1152/3644 3233/1158/3649 3227/1157/3643
f 3228/1152/3644 3229/3752/3650 3233/1158/3649
f 3228/1152/3644 3240/3749/3646 3229/3752/3650
f 3228/1152/3644 3225/3748/3645 3240/3749/3646
f 3229/3752/3650 3230/1159/3651 3233/1158/3649
f 3230/1159/3651 3229/3752/3650 3234/3753/3652
f 3229/3752/3650 1594/3754/3653 3234/3753/3652
f 3229/3752/3650 3240/3749/3646 1594/3754/3653
f 1594/3754/3653 3240/3749/3646 1587/3750/3647
f 95/85/90 1594/3754/3653 1587/3750/3647
f 95/85/90 1587/3750/3647 1121/3755/3654
f 1587/3750/3647 1117/3756/3655 1121/3755/3654
f 1587/3750/3647 1124/3751/3648 1117/3756/3655
f 3230/1159/3651 3234/3753/3652 3241/3757/3656
f 3241/3757/3656 3234/3753/3652 3239/3758/3657
f 3238/3759/3658 3239/3758/3657 3234/3753/3652
f 3238/3759/3658 3234/3753/3652 1594/3754/3653
f 98/84/89 3238/3759/3658 1594/3754/3653
f 95/85/90 98/84/89 1594/3754/3653
f 3241/3757/3656 3239/3758/3657 3237/1163/3659
f 1856/1164/1199 3237/1163/3659 3239/3758/3657
f 98/84/89 1856/1164/1199 3239/3758/3657
f 98/84/89 3239/3758/3657 3238/3759/3658
f 1856/1164/1199 3236/1165/1200 3237/1163/3659
f 95/85/90 1121/3755/3654 1061/3679/3330
f 1603/3732/3618 1099/3760/3660 1105/1111/3624
f 1603/3732/3618 1112/3761/3661 1099/3760/3660
f 1603/3732/3618 1609/1099/3662 1112/3761/3661
f 1610/3728/3612 1609/1099/3662 1603/3732/3618
f 1610/3728/3612 1617/3729/3613 1609/1099/3662
f 1609/1099/3662 1617/3729/3613 1616/3762/3663
f 1617/3729/3613 1620/1096/3606 1616/3762/3663
f 1620/1096/3606 1619/3763/3664 1616/3762/3663
f 1620/1096/3606 3274/3723/3601 1619/3763/3664
f 1101/1093/3665 1112/3761/3661 1609/1099/3662
f 1101/1093/3665 1609/1099/3662 1615/1094/3666
f 1609/1099/3662 1616/3762/3663 1615/1094/3666
f 1615/1094/3666 1616/3762/3663 1619/3763/3664
f 1615/1094/3666 1619/3763/3664 1625/1089/3667
f 1625/1089/3667 1619/3763/3664 3276/3764/3668
f 3274/3723/3601 3276/3764/3668 1619/3763/3664
f 3274/3723/3601 3256/3712/3584 3276/3764/3668
f 3259/3765/3669 3276/3764/3668 3256/3712/3584
f 1101/1093/3665 1615/1094/3666 1625/1089/3667
f 1101/1093/3665 1625/1089/3667 1100/1088/3670
f 1100/1088/3670 1625/1089/3667 3267/1082/3671
f 1625/1089/3667 3276/3764/3668 3267/1082/3671
f 3263/1076/3672 3267/1082/3671 3276/3764/3668
f 3263/1076/3672 3276/3764/3668 3259/3765/3669
f 3264/1069/3673 3263/1076/3672 3259/3765/3669
f 3264/1069/3673 3259/3765/3669 3265/1077/3674
f 3259/3765/3669 3275/3706/3574 3265/1077/3674
f 3275/3706/3574 3259/3765/3669 3256/3712/3584
f 1100/1088/3670 3267/1082/3671 1244/3766/3675
f 3263/1076/3672 1244/3766/3675 3267/1082/3671
f 1243/1075/3676 1244/3766/3675 3263/1076/3672
f 1243/1075/3676 3263/1076/3672 3264/1069/3673
f 1252/3767/3677 1243/1075/3676 3264/1069/3673
f 1252/3767/3677 3264/1069/3673 3249/3768/3678
f 3264/1069/3673 3246/1070/3679 3249/3768/3678
f 3264/1069/3673 3265/1077/3674 3246/1070/3679
f 3246/1070/3679 3265/1077/3674 3245/1078/3575
f 3275/3706/3574 3245/1078/3575 3265/1077/3674
f 1238/1066/3680 1252/3767/3677 3249/3768/3678
f 1238/1066/3680 3249/3768/3678 3252/1060/3681
f 3249/3768/3678 3248/3769/3682 3252/1060/3681
f 3248/3769/3682 3249/3768/3678 3244/3770/3683
f 3244/3770/3683 3249/3768/3678 3246/1070/3679
f 3244/3770/3683 3246/1070/3679 3242/3771/3684
f 3246/1070/3679 3245/1078/3575 3242/3771/3684
f 1606/3772/3685 3242/3771/3684 3245/1078/3575
f 3282/3707/3576 1606/3772/3685 3245/1078/3575
f 1232/3773/3686 1238/1066/3680 3252/1060/3681
f 1232/3773/3686 3252/1060/3681 3283/3774/3687
f 3248/3769/3682 3283/3774/3687 3252/1060/3681
f 3248/3769/3682 3281/3775/3688 3283/3774/3687
f 3281/3775/3688 3248/3769/3682 3273/3776/3689
f 3248/3769/3682 3244/3770/3683 3273/3776/3689
f 3244/3770/3683 3280/1073/3690 3273/3776/3689
f 3244/3770/3683 3270/3777/3691 3280/1073/3690
f 3270/3777/3691 3244/3770/3683 3242/3771/3684
f 3270/3777/3691 3242/3771/3684 3279/3778/3692
f 1606/3772/3685 3279/3778/3692 3242/3771/3684
f 1189/3779/3693 1232/3773/3686 3283/3774/3687
f 1189/3779/3693 3283/3774/3687 3277/3780/3694
f 3281/3775/3688 3277/3780/3694 3283/3774/3687
f 3281/3775/3688 3272/3781/3695 3277/3780/3694
f 3278/3782/3696 3272/3781/3695 3281/3775/3688
f 3281/3775/3688 3273/3776/3689 3278/3782/3696
f 3271/3783/3697 3278/3782/3696 3273/3776/3689
f 3280/1073/3690 3271/3783/3697 3273/3776/3689
f 3224/3784/3698 3271/3783/3697 3280/1073/3690
f 3224/3784/3698 3280/1073/3690 3270/3777/3691
f 3270/3777/3691 3222/3785/3699 3224/3784/3698
f 3270/3777/3691 3279/3778/3692 3222/3785/3699
f 3277/3780/3694 1188/3786/3700 1189/3779/3693
f 3277/3780/3694 3223/3787/3701 1188/3786/3700
f 3272/3781/3695 3223/3787/3701 3277/3780/3694
f 3272/3781/3695 3212/3788/3702 3223/3787/3701
f 3212/3788/3702 3272/3781/3695 99/90/95
f 102/88/93 99/90/95 3272/3781/3695
f 3272/3781/3695 3211/3789/3703 102/88/93
f 3278/3782/3696 3211/3789/3703 3272/3781/3695
f 3223/3787/3701 1231/3790/3704 1188/3786/3700
f 3223/3787/3701 3212/3788/3702 1231/3790/3704
f 3212/3788/3702 1230/3791/3705 1231/3790/3704
f 3212/3788/3702 3178/3792/3706 1230/3791/3705
f 3178/3792/3706 1224/1045/1080 1230/3791/3705
f 3178/3792/3706 1563/230/235 1224/1045/1080
f 99/90/95 1563/230/235 3178/3792/3706
f 3212/3788/3702 99/90/95 3178/3792/3706
f 1867/1223/1258 1861/1225/1260 3163/3793/3707
f 1867/1223/1258 3163/3793/3707 3218/3794/3708
f 3201/3795/3709 3218/3794/3708 3163/3793/3707
f 3162/3796/3710 3201/3795/3709 3163/3793/3707
f 3162/3796/3710 3163/3793/3707 1794/1042/1077
f 1794/1042/1077 3163/3793/3707 1861/1225/1260
f 1864/1222/1257 1867/1223/1258 3218/3794/3708
f 1864/1222/1257 3218/3794/3708 3160/3684/3548
f 3202/3797/3711 3160/3684/3548 3218/3794/3708
f 3201/3795/3709 3202/3797/3711 3218/3794/3708
f 3203/3798/3712 3202/3797/3711 3201/3795/3709
f 3196/3799/3713 3203/3798/3712 3201/3795/3709
f 3196/3799/3713 3201/3795/3709 3162/3796/3710
f 3196/3799/3713 3162/3796/3710 102/88/93
f 3162/3796/3710 1794/1042/1077 102/88/93
f 3202/3797/3711 3206/3690/3554 3160/3684/3548
f 3207/3800/3714 3206/3690/3554 3202/3797/3711
f 3203/3798/3712 3207/3800/3714 3202/3797/3711
f 3209/3801/3715 3207/3800/3714 3203/3798/3712
f 3204/3802/3716 3209/3801/3715 3203/3798/3712
f 3204/3802/3716 3203/3798/3712 3196/3799/3713
f 3204/3802/3716 3196/3799/3713 3211/3789/3703
f 3196/3799/3713 102/88/93 3211/3789/3703
f 3207/3800/3714 3217/3699/3564 3206/3690/3554
f 3217/3699/3564 3207/3800/3714 3208/3698/3563
f 3209/3801/3715 3208/3698/3563 3207/3800/3714
f 3208/3698/3563 3209/3801/3715 3197/3704/3570
f 3222/3785/3699 3197/3704/3570 3209/3801/3715
f 3222/3785/3699 3209/3801/3715 3224/3784/3698
f 3205/3803/3717 3224/3784/3698 3209/3801/3715
f 3205/3803/3717 3209/3801/3715 3204/3802/3716
f 3205/3803/3717 3204/3802/3716 3278/3782/3696
f 3204/3802/3716 3211/3789/3703 3278/3782/3696
f 3197/3704/3570 3222/3785/3699 3220/3804/3718
f 3216/3805/3719 3220/3804/3718 3222/3785/3699
f 3216/3805/3719 3222/3785/3699 3279/3778/3692
f 3279/3778/3692 1606/3772/3685 3216/3805/3719
f 3216/3805/3719 1606/3772/3685 3282/3707/3576
f 3282/3707/3576 3220/3804/3718 3216/3805/3719
f 3282/3707/3576 3199/3703/3569 3220/3804/3718
f 3199/3703/3569 3197/3704/3570 3220/3804/3718
f 3271/3783/3697 3205/3803/3717 3278/3782/3696
f 3205/3803/3717 3271/3783/3697 3224/3784/3698
f 1860/1272/1290 1911/1273/1291 1912/1274/1292
f 1912/1274/1292 1849/3806/1282 1860/1272/1290
f 1912/1274/1292 1847/3807/1283 1849/3806/1282
f 1847/3807/1283 1912/1274/1292 1916/1275/1293
f 1847/3807/1283 1916/1275/1293 1848/3808/1284
f 1848/3808/1284 1916/1275/1293 1915/1276/1294
f 1843/3809/1281 1860/1272/1290 1849/3806/1282
f 1860/1272/1290 1843/3809/1281 1845/3810/1280
f 1860/1272/1290 1845/3810/1280 50/52/57
f 50/52/57 1845/3810/1280 107/96/101
f 1848/3808/1284 1915/1276/1294 1852/3811/1285
f 1915/1276/1294 1850/3812/1286 1852/3811/1285
f 1851/3813/1287 1850/3812/1286 1915/1276/1294
f 114/97/102 1858/3814/1289 112/98/103
f 112/98/103 1858/3814/1289 1853/3815/1288
f 112/98/103 1853/3815/1288 1851/3813/1287
f 1851/3813/1287 1915/1276/1294 112/98/103
f 1910/1277/1295 112/98/103 1915/1276/1294
f 1910/1277/1295 1914/1278/1296 112/98/103
f 1862/1279/1297 111/99/104 112/98/103
f 1862/1279/1297 1874/1280/1298 111/99/104
f 1830/1237/1272 2200/1308/1326 1846/1238/1273
f 1830/1237/1272 3288/3816/3720 2200/1308/1326
f 2200/1308/1326 3288/3816/3720 3255/3817/3721
f 2200/1308/1326 3255/3817/3721 2201/1307/1325
f 3255/3817/3721 3257/3818/3722 2201/1307/1325
f 2201/1307/1325 3257/3818/3722 3287/3819/3723
f 2201/1307/1325 3287/3819/3723 2204/1304/1322
f 3287/3819/3723 3253/3820/3724 2204/1304/1322
f 3253/3820/3724 3289/3821/3725 2204/1304/1322
f 3253/3820/3724 3254/3822/3726 3289/3821/3725
f 3289/3821/3725 3254/3822/3726 56/58/63
f 56/58/63 3254/3822/3726 3286/3823/3727
f 2201/1307/1325 2204/1304/1322 2203/1305/1323
f 2201/1307/1325 2203/1305/1323 2202/1306/1324
f 61/56/61 56/58/63 3286/3823/3727
f 61/56/61 3286/3823/3727 3251/3824/3728
f 60/60/65 61/56/61 3251/3824/3728
f 60/60/65 3251/3824/3728 3260/3825/3729
f 60/60/65 3260/3825/3729 113/100/105
f 56/58/63 2205/1303/1321 3289/3821/3725
f 2205/1303/1321 2204/1304/1322 3289/3821/3725
f 1886/3826/1308 1830/1270/1272 114/1271/102
f 1886/3826/1308 3288/1269/3720 1830/1270/1272
f 1886/3826/1308 3255/1267/3721 3288/1269/3720
f 1886/3826/1308 1877/3827/1307 3255/1267/3721
f 3255/1267/3721 1877/3827/1307 1873/3828/1301
f 3255/1267/3721 1873/3828/1301 3257/1265/3722
f 1873/3828/1301 3287/1263/3723 3257/1265/3722
f 1873/3828/1301 1880/3829/1302 3287/1263/3723
f 3287/1263/3723 1880/3829/1302 1928/3830/1303
f 3287/1263/3723 1928/3830/1303 3253/3831/3724
f 1928/3830/1303 1924/3832/1304 3253/3831/3724
f 3254/3833/3726 3253/3831/3724 1924/3832/1304
f 1924/3832/1304 1878/3834/1305 3254/3833/3726
f 1878/3834/1305 3286/1254/3727 3254/3833/3726
f 1878/3834/1305 1925/3835/1309 3286/1254/3727
f 3251/1252/3728 3286/1254/3727 1925/3835/1309
f 3251/1252/3728 1925/3835/1309 1929/3836/1312
f 3260/1250/3729 3251/1252/3728 1929/3836/1312
f 3260/1250/3729 1929/3836/1312 1930/3837/1313
f 1930/3837/1313 113/3838/105 3260/1250/3729
f 1930/3837/1313 1879/3839/238 113/3838/105
f 1879/3839/238 1922/1246/1314 113/3838/105
f 1879/3839/238 1920/1247/1318 1922/1246/1314
f 3331/3840/3730 3351/3841/3731 3341/3842/3732
f 3351/3841/3731 3348/3843/3733 3341/3842/3732
f 3351/3841/3731 3353/3844/3734 3348/3843/3733
f 3353/3844/3734 3354/3845/3735 3348/3843/3733
f 3353/3844/3734 3352/3846/3736 3354/3845/3735
f 3352/3846/3736 3353/3844/3734 3349/3847/3737
f 3346/3848/689 3349/3847/3737 3353/3844/3734
f 3346/3848/689 3353/3844/3734 3342/3849/688
f 3353/3844/3734 3338/1381/687 3342/3849/688
f 3353/3844/3734 3351/3841/3731 3338/1381/687
f 3357/3850/3738 3348/3843/3733 3354/3845/3735
f 3357/3850/3738 3354/3845/3735 3358/3851/3739
f 3354/3845/3735 3355/3852/3740 3358/3851/3739
f 3354/3845/3735 3352/3846/3736 3355/3852/3740
f 3355/3852/3740 3352/3846/3736 3356/3853/3741
f 3350/3854/3742 3356/3853/3741 3352/3846/3736
f 3350/3854/3742 3352/3846/3736 3347/3855/3743
f 3352/3846/3736 3349/3847/3737 3347/3855/3743
f 3357/3850/3738 3321/3856/3744 3348/3843/3733
f 3357/3850/3738 3325/3857/3745 3321/3856/3744
f 3361/3858/3746 3325/3857/3745 3357/3850/3738
f 3361/3858/3746 3357/3850/3738 3358/3851/3739
f 3362/3859/3747 3361/3858/3746 3358/3851/3739
f 3356/3853/3741 3362/3859/3747 3358/3851/3739
f 3356/3853/3741 3358/3851/3739 3355/3852/3740
f 3341/3842/3732 3348/3843/3733 3321/3856/3744
f 3341/3842/3732 3321/3856/3744 3359/3860/3748
f 3319/3861/3749 3359/3860/3748 3321/3856/3744
f 3321/3856/3744 3324/3862/3750 3319/3861/3749
f 3321/3856/3744 3325/3857/3745 3324/3862/3750
f 3366/3863/3751 3324/3862/3750 3325/3857/3745
f 3366/3863/3751 3325/3857/3745 3361/3858/3746
f 3367/3864/3752 3366/3863/3751 3361/3858/3746
f 3362/3859/3747 3367/3864/3752 3361/3858/3746
f 3359/3860/3748 3368/3865/3753 3341/3842/3732
f 3359/3860/3748 3363/3866/3754 3368/3865/3753
f 3320/3867/3755 3363/3866/3754 3359/3860/3748
f 3320/3867/3755 3359/3860/3748 3318/3868/3756
f 3318/3868/3756 3359/3860/3748 3319/3861/3749
f 3319/3861/3749 3317/3869/3757 3318/3868/3756
f 3319/3861/3749 3324/3862/3750 3317/3869/3757
f 3317/3869/3757 3324/3862/3750 3323/1464/3758
f 3366/3863/3751 3323/1464/3758 3324/3862/3750
f 3331/3840/3730 3341/3842/3732 3368/3865/3753
f 3368/3865/3753 3371/1353/3759 3331/3840/3730
f 3368/3865/3753 3372/3870/3760 3371/1353/3759
f 3372/3870/3760 3368/3865/3753 3363/3866/3754
f 3372/3870/3760 3363/3866/3754 3311/3871/3761
f 3316/3872/3762 3311/3871/3761 3363/3866/3754
f 3316/3872/3762 3363/3866/3754 3320/3867/3755
f 3322/3873/3763 3316/3872/3762 3320/3867/3755
f 3322/3873/3763 3320/3867/3755 3330/3874/3764
f 3337/3875/3765 3330/3874/3764 3320/3867/3755
f 3318/3868/3756 3337/3875/3765 3320/3867/3755
f 3311/3871/3761 3373/3876/684 3372/3870/3760
f 3311/3871/3761 3369/3877/683 3373/3876/684
f 3311/3871/3761 3302/1360/682 3369/3877/683
f 3311/3871/3761 3316/3872/3762 3302/1360/682
f 3316/3872/3762 3296/1362/678 3302/1360/682
f 3296/1362/678 3316/3872/3762 3322/3873/3763
f 3296/1362/678 3322/3873/3763 3301/3878/681
f 3330/3874/3764 3301/3878/681 3322/3873/3763
f 3372/3870/3760 3373/3876/684 3329/1355/685
f 3372/3870/3760 3329/1355/685 3371/1353/3759
f 4476/1354/686 3371/1353/3759 3329/1355/685
f 4476/1354/686 3331/3840/3730 3371/1353/3759
f 3351/3841/3731 3331/3840/3730 4476/1354/686
f 3351/3841/3731 4476/1354/686 3338/1381/687
f 3330/3874/3764 3336/3879/671 3301/3878/681
f 3315/3880/667 3336/3879/671 3330/3874/3764
f 3330/3874/3764 3326/3881/3766 3315/3880/667
f 3330/3874/3764 3327/3882/3767 3326/3881/3766
f 3337/3875/3765 3327/3882/3767 3330/3874/3764
f 3327/3882/3767 3337/3875/3765 3328/3883/3768
f 3337/3875/3765 3335/3884/3769 3328/3883/3768
f 3335/3884/3769 3337/3875/3765 3318/3868/3756
f 3335/3884/3769 3318/3868/3756 3317/3869/3757
f 3326/3881/3766 3300/3885/666 3315/3880/667
f 3326/3881/3766 3314/3886/3770 3300/3885/666
f 3314/3886/3770 3326/3881/3766 3313/1446/3771
f 3313/1446/3771 3326/3881/3766 3327/3882/3767
f 3313/1446/3771 3327/3882/3767 3312/3887/3772
f 3327/3882/3767 3332/3888/3773 3312/3887/3772
f 3332/3888/3773 3327/3882/3767 3328/3883/3768
f 3328/3883/3768 3333/3889/3774 3332/3888/3773
f 3334/3890/3775 3333/3889/3774 3328/3883/3768
f 3334/3890/3775 3328/3883/3768 3335/3884/3769
f 3335/3884/3769 3317/3869/3757 3334/3890/3775
f 1374/3891/665 3300/3885/666 3314/3886/3770
f 1374/3891/665 3314/3886/3770 3339/3892/3776
f 3339/3892/3776 3314/3886/3770 3340/3893/3777
f 3314/3886/3770 3313/1446/3771 3340/3893/3777
f 3340/3893/3777 3313/1446/3771 3344/3894/3778
f 3344/3894/3778 3313/1446/3771 3312/3887/3772
f 3344/3894/3778 3312/3887/3772 3345/1448/3779
f 3374/3895/3780 3345/1448/3779 3312/3887/3772
f 3312/3887/3772 3332/3888/3773 3374/3895/3780
f 3332/3888/3773 3333/3889/3774 3374/3895/3780
f 3343/3896/3781 3374/3895/3780 3333/3889/3774
f 3343/3896/3781 3333/3889/3774 3334/3890/3775
f 120/115/117 1374/3891/665 3339/3892/3776
f 120/115/117 3339/3892/3776 3365/3897/3782
f 3365/3897/3782 3339/3892/3776 3370/1437/3783
f 3339/3892/3776 3340/3893/3777 3370/1437/3783
f 3370/1437/3783 3340/3893/3777 3364/1434/3784
f 3360/3898/3785 3364/1434/3784 3340/3893/3777
f 3340/3893/3777 3344/3894/3778 3360/3898/3785
f 3360/3898/3785 3344/3894/3778 3345/1448/3779
f 3365/3897/3782 123/116/119 120/115/117
f 3310/3899/3786 123/116/119 3365/3897/3782
f 3310/3899/3786 3365/3897/3782 3306/3900/3787
f 3365/3897/3782 3370/1437/3783 3306/3900/3787
f 3309/3901/3788 3306/3900/3787 3370/1437/3783
f 3309/3901/3788 3370/1437/3783 3364/1434/3784
f 3303/3902/3789 3309/3901/3788 3364/1434/3784
f 3360/3898/3785 3303/3902/3789 3364/1434/3784
f 3304/3903/3790 3303/3902/3789 3360/3898/3785
f 3304/3903/3790 3360/3898/3785 3305/3904/3791
f 3360/3898/3785 3345/1448/3779 3305/3904/3791
f 3310/3899/3786 127/114/118 123/116/119
f 3307/3905/3792 127/114/118 3310/3899/3786
f 3310/3899/3786 3308/3906/3793 3307/3905/3792
f 3310/3899/3786 3306/3900/3787 3308/3906/3793
f 4434/3907/3794 3308/3906/3793 3306/3900/3787
f 3306/3900/3787 3309/3901/3788 4434/3907/3794
f 4438/3908/3795 4434/3907/3794 3309/3901/3788
f 3303/3902/3789 4438/3908/3795 3309/3901/3788
f 3303/3902/3789 3304/3903/3790 4438/3908/3795
f 3307/3905/3792 4439/3909/670 127/114/118
f 4440/3910/3796 4439/3909/670 3307/3905/3792
f 4441/3911/3797 4440/3910/3796 3307/3905/3792
f 4441/3911/3797 3307/3905/3792 3308/3906/3793
f 3308/3906/3793 4435/3912/3798 4441/3911/3797
f 4435/3912/3798 3308/3906/3793 4434/3907/3794
f 4436/3913/3799 4435/3912/3798 4434/3907/3794
f 4436/3913/3799 4434/3907/3794 4438/3908/3795
f 4436/3913/3799 4438/3908/3795 4437/3914/3800
f 4438/3908/3795 3304/3903/3790 4437/3914/3800
f 4440/3910/3796 3297/3915/677 4439/3909/670
f 4484/3916/3801 3297/3915/677 4440/3910/3796
f 4446/3917/3802 4484/3916/3801 4440/3910/3796
f 4446/3917/3802 4440/3910/3796 4441/3911/3797
f 4441/3911/3797 4442/3918/3803 4446/3917/3802
f 4442/3918/3803 4441/3911/3797 4435/3912/3798
f 4442/3918/3803 4435/3912/3798 4436/3913/3799
f 4436/3913/3799 4443/1415/3804 4442/3918/3803
f 4436/3913/3799 4444/1423/3805 4443/1415/3804
f 4436/3913/3799 4437/3914/3800 4444/1423/3805
f 4444/1423/3805 4437/3914/3800 4445/1424/3806
f 4445/1424/3806 4437/3914/3800 3304/3903/3790
f 4484/3916/3801 3298/3919/676 3297/3915/677
f 3298/3919/676 4484/3916/3801 4451/3920/3807
f 4451/3920/3807 4484/3916/3801 4446/3917/3802
f 4451/3920/3807 4446/3917/3802 4452/1406/3808
f 4447/3921/3809 4452/1406/3808 4446/3917/3802
f 4447/3921/3809 4446/3917/3802 4442/3918/3803
f 4443/1415/3804 4447/3921/3809 4442/3918/3803
f 4443/1415/3804 4448/3922/3810 4447/3921/3809
f 4443/1415/3804 4449/3923/3811 4448/3922/3810
f 4443/1415/3804 4450/3924/3812 4449/3923/3811
f 4443/1415/3804 4444/1423/3805 4450/3924/3812
f 4444/1423/3805 4445/1424/3806 4450/3924/3812
f 3298/3919/676 4451/3920/3807 3299/3925/675
f 4457/3926/692 3299/3925/675 4451/3920/3807
f 4457/3926/692 4451/3920/3807 4458/3927/3813
f 4458/3927/3813 4451/3920/3807 4452/1406/3808
f 4458/3927/3813 4452/1406/3808 4453/3928/3814
f 4447/3921/3809 4453/3928/3814 4452/1406/3808
f 4447/3921/3809 4454/3929/3815 4453/3928/3814
f 4454/3929/3815 4447/3921/3809 4448/3922/3810
f 4455/3930/3816 4454/3929/3815 4448/3922/3810
f 4455/3930/3816 4448/3922/3810 4449/3923/3811
f 4455/3930/3816 4449/3923/3811 4456/1410/3817
f 4462/3931/3818 4456/1410/3817 4449/3923/3811
f 4449/3923/3811 4450/3924/3812 4462/3931/3818
f 4462/3931/3818 4450/3924/3812 4445/1424/3806
f 4458/3927/3813 4463/3932/3819 4457/3926/692
f 4453/3928/3814 4463/3932/3819 4458/3927/3813
f 4459/3933/3820 4463/3932/3819 4453/3928/3814
f 4454/3929/3815 4459/3933/3820 4453/3928/3814
f 4454/3929/3815 4455/3930/3816 4459/3933/3820
f 4459/3933/3820 4455/3930/3816 3350/3854/3742
f 3350/3854/3742 4455/3930/3816 4456/1410/3817
f 3350/3854/3742 4456/1410/3817 4460/3934/3821
f 4460/3934/3821 4456/1410/3817 4461/3935/3822
f 4462/3931/3818 4461/3935/3822 4456/1410/3817
f 4467/3936/3823 4461/3935/3822 4462/3931/3818
f 4462/3931/3818 4445/1424/3806 4467/3936/3823
f 4457/3926/692 4463/3932/3819 4466/3937/690
f 4463/3932/3819 4468/3938/3824 4466/3937/690
f 4459/3933/3820 4468/3938/3824 4463/3932/3819
f 4468/3938/3824 4459/3933/3820 3347/3855/3743
f 4459/3933/3820 3350/3854/3742 3347/3855/3743
f 3349/3847/3737 4466/3937/690 4468/3938/3824
f 4468/3938/3824 3347/3855/3743 3349/3847/3737
f 3349/3847/3737 3346/3848/689 4466/3937/690
f 4460/3934/3821 3356/3853/3741 3350/3854/3742
f 4460/3934/3821 3362/3859/3747 3356/3853/3741
f 4464/3939/3825 3362/3859/3747 4460/3934/3821
f 4460/3934/3821 4461/3935/3822 4464/3939/3825
f 4471/3940/3826 4464/3939/3825 4461/3935/3822
f 4467/3936/3823 4471/3940/3826 4461/3935/3822
f 4472/1460/3827 4471/3940/3826 4467/3936/3823
f 4473/3941/3828 4472/1460/3827 4467/3936/3823
f 4473/3941/3828 4467/3936/3823 4445/1424/3806
f 4445/1424/3806 3304/3903/3790 4473/3941/3828
f 4464/3939/3825 3367/3864/3752 3362/3859/3747
f 3367/3864/3752 4464/3939/3825 4474/3942/3829
f 4471/3940/3826 4474/3942/3829 4464/3939/3825
f 4475/3943/3830 4474/3942/3829 4471/3940/3826
f 4475/3943/3830 4471/3940/3826 4469/3944/3831
f 4469/3944/3831 4471/3940/3826 4472/1460/3827
f 4469/3944/3831 4472/1460/3827 4470/3945/3832
f 4470/3945/3832 4472/1460/3827 4473/3941/3828
f 4473/3941/3828 3305/3904/3791 4470/3945/3832
f 4473/3941/3828 3304/3903/3790 3305/3904/3791
f 4474/3942/3829 4465/3946/3833 3367/3864/3752
f 4474/3942/3829 4475/3943/3830 4465/3946/3833
f 4475/3943/3830 4477/3947/3834 4465/3946/3833
f 3334/3890/3775 4477/3947/3834 4475/3943/3830
f 3343/3896/3781 3334/3890/3775 4475/3943/3830
f 4469/3944/3831 3343/3896/3781 4475/3943/3830
f 4469/3944/3831 4478/3948/3835 3343/3896/3781
f 4469/3944/3831 4470/3945/3832 4478/3948/3835
f 4470/3945/3832 3345/1448/3779 4478/3948/3835
f 4470/3945/3832 3305/3904/3791 3345/1448/3779
f 3367/3864/3752 4465/3946/3833 3366/3863/3751
f 3366/3863/3751 4465/3946/3833 3323/1464/3758
f 3323/1464/3758 4465/3946/3833 4477/3947/3834
f 3317/3869/3757 3323/1464/3758 4477/3947/3834
f 3334/3890/3775 3317/3869/3757 4477/3947/3834
f 3374/3895/3780 4478/3948/3835 3345/1448/3779
f 3343/3896/3781 4478/3948/3835 3374/3895/3780
f 2208/1580/1588 159/140/143 2214/1573/1581
f 2208/1580/1588 2267/1587/1595 159/140/143
f 2058/3949/1567 159/140/143 2049/1620/1558
f 2058/3949/1567 2214/1573/1581 159/140/143
f 2057/1564/1566 2214/1573/1581 2058/3949/1567
f 2057/1564/1566 2211/1565/1573 2214/1573/1581
f 156/137/140 2246/235/240 2055/1558/1564
f 156/137/140 2055/1558/1564 2053/3950/1562
f 2053/3950/1562 152/138/141 156/137/140
f 2053/3950/1562 2050/1618/1560 152/138/141
f 3425/17/17 1965/3951/1896 2301/18/18
f 3425/17/17 3427/3952/3836 1965/3951/1896
f 3429/3953/3837 3427/3952/3836 3425/17/17
f 3426/3954/3838 3429/3953/3837 3425/17/17
f 4404/3955/3839 3429/3953/3837 3426/3954/3838
f 3426/3954/3838 4403/3956/3840 4404/3955/3839
f 3430/3957/3841 4403/3956/3840 3426/3954/3838
f 3426/3954/3838 2309/24/3842 3430/3957/3841
f 3429/3953/3837 3428/3958/3843 3427/3952/3836
f 3604/3959/3844 3428/3958/3843 3429/3953/3837
f 3604/3959/3844 3429/3953/3837 4402/153/3845
f 4404/3955/3839 4402/153/3845 3429/3953/3837
f 4404/3955/3839 168/154/157 4402/153/3845
f 4404/3955/3839 4400/3960/3846 168/154/157
f 4400/3960/3846 4404/3955/3839 4403/3956/3840
f 4400/3960/3846 4403/3956/3840 4390/3961/3847
f 3418/3962/3848 4390/3961/3847 4403/3956/3840
f 3434/3963/3849 3418/3962/3848 4403/3956/3840
f 3434/3963/3849 4403/3956/3840 3430/3957/3841
f 3433/3964/3850 3434/3963/3849 3430/3957/3841
f 4402/153/3845 168/154/157 3604/3959/3844
f 3434/3963/3849 3433/3964/3850 3435/3965/3851
f 3434/3963/3849 3435/3965/3851 3432/3966/3852
f 3435/3965/3851 3438/3967/3853 3432/3966/3852
f 3435/3965/3851 3439/3968/3854 3438/3967/3853
f 3440/3969/3855 3438/3967/3853 3439/3968/3854
f 3440/3969/3855 3439/3968/3854 3441/22/22
f 3434/3963/3849 3432/3966/3852 3418/3962/3848
f 3481/3970/3856 3418/3962/3848 3432/3966/3852
f 3480/3971/3857 3481/3970/3856 3432/3966/3852
f 3480/3971/3857 3432/3966/3852 3431/3972/3858
f 3432/3966/3852 3438/3967/3853 3431/3972/3858
f 3437/3973/3859 3431/3972/3858 3438/3967/3853
f 3437/3973/3859 3438/3967/3853 4388/3974/3860
f 3443/3975/3861 4388/3974/3860 3438/3967/3853
f 3438/3967/3853 3440/3969/3855 3443/3975/3861
f 3481/3970/3856 3424/3976/3862 3418/3962/3848
f 3475/3977/3863 3424/3976/3862 3481/3970/3856
f 3475/3977/3863 3481/3970/3856 3473/3978/3864
f 3481/3970/3856 3480/3971/3857 3473/3978/3864
f 3480/3971/3857 1759/3979/3865 3473/3978/3864
f 1759/3979/3865 3480/3971/3857 3431/3972/3858
f 1759/3979/3865 3431/3972/3858 3437/3973/3859
f 3437/3973/3859 1752/3980/3866 1759/3979/3865
f 3437/3973/3859 3436/3981/3867 1752/3980/3866
f 3436/3981/3867 3437/3973/3859 4388/3974/3860
f 3418/3962/3848 3424/3976/3862 4390/3961/3847
f 3424/3976/3862 3475/3977/3863 4390/3961/3847
f 4399/3982/3868 4390/3961/3847 3475/3977/3863
f 4401/3983/3869 4399/3982/3868 3475/3977/3863
f 3475/3977/3863 3476/3984/3870 4401/3983/3869
f 3474/3985/3871 3476/3984/3870 3475/3977/3863
f 3474/3985/3871 3475/3977/3863 3473/3978/3864
f 3473/3978/3864 3470/3986/3872 3474/3985/3871
f 3473/3978/3864 3472/3987/3873 3470/3986/3872
f 3473/3978/3864 1759/3979/3865 3472/3987/3873
f 1752/3980/3866 3472/3987/3873 1759/3979/3865
f 4399/3982/3868 4400/3960/3846 4390/3961/3847
f 170/156/159 4400/3960/3846 4399/3982/3868
f 173/158/161 170/156/159 4399/3982/3868
f 173/158/161 4399/3982/3868 4401/3983/3869
f 4396/3988/3874 173/158/161 4401/3983/3869
f 4401/3983/3869 4398/3989/3875 4396/3988/3874
f 4401/3983/3869 3476/3984/3870 4398/3989/3875
f 3477/3990/3876 4398/3989/3875 3476/3984/3870
f 3477/3990/3876 4397/3991/3877 4398/3989/3875
f 170/156/159 168/154/157 4400/3960/3846
f 3489/3992/3878 173/158/161 4396/3988/3874
f 3489/3992/3878 4396/3988/3874 1763/3993/3879
f 4398/3989/3875 1763/3993/3879 4396/3988/3874
f 4397/3991/3877 1763/3993/3879 4398/3989/3875
f 4397/3991/3877 4385/3994/3880 1763/3993/3879
f 4397/3991/3877 3471/3995/3881 4385/3994/3880
f 4397/3991/3877 3477/3990/3876 3471/3995/3881
f 3477/3990/3876 3470/3986/3872 3471/3995/3881
f 3501/3996/3882 3489/3992/3878 1763/3993/3879
f 4394/3997/3883 3501/3996/3882 1763/3993/3879
f 4395/3998/3884 4394/3997/3883 1763/3993/3879
f 4395/3998/3884 1763/3993/3879 4385/3994/3880
f 4385/3994/3880 3469/3999/3885 4395/3998/3884
f 4385/3994/3880 3471/3995/3881 3469/3999/3885
f 4394/3997/3883 3496/4000/3886 3501/3996/3882
f 4393/4001/3887 3496/4000/3886 4394/3997/3883
f 1755/4002/3888 4393/4001/3887 4394/3997/3883
f 4394/3997/3883 4395/3998/3884 1755/4002/3888
f 4395/3998/3884 3478/4003/3889 1755/4002/3888
f 4395/3998/3884 3469/3999/3885 3478/4003/3889
f 3472/3987/3873 3478/4003/3889 3469/3999/3885
f 3469/3999/3885 3470/3986/3872 3472/3987/3873
f 3469/3999/3885 3471/3995/3881 3470/3986/3872
f 4389/4004/3890 3496/4000/3886 4393/4001/3887
f 4393/4001/3887 1755/4002/3888 4389/4004/3890
f 1755/4002/3888 1753/4005/3891 4389/4004/3890
f 3482/4006/3892 1753/4005/3891 1755/4002/3888
f 3482/4006/3892 1755/4002/3888 3478/4003/3889
f 3478/4003/3889 3479/4007/3893 3482/4006/3892
f 3478/4003/3889 3472/3987/3873 3479/4007/3893
f 3472/3987/3873 1752/3980/3866 3479/4007/3893
f 4389/4004/3890 3514/4008/3894 3496/4000/3886
f 3514/4008/3894 4389/4004/3890 4391/4009/3895
f 4389/4004/3890 4405/4010/3896 4391/4009/3895
f 4389/4004/3890 1753/4005/3891 4405/4010/3896
f 4406/4011/3897 4405/4010/3896 1753/4005/3891
f 4406/4011/3897 1753/4005/3891 1762/4012/3898
f 1753/4005/3891 1761/4013/3899 1762/4012/3898
f 3482/4006/3892 1761/4013/3899 1753/4005/3891
f 1754/4014/3900 1761/4013/3899 3482/4006/3892
f 1761/4013/3899 1754/4014/3900 1765/4015/3901
f 3514/4008/3894 4391/4009/3895 3513/4016/3902
f 3513/4016/3902 4391/4009/3895 4407/4017/3903
f 4408/4018/3904 4407/4017/3903 4391/4009/3895
f 4405/4010/3896 4408/4018/3904 4391/4009/3895
f 4408/4018/3904 4405/4010/3896 4412/4019/3905
f 4412/4019/3905 4405/4010/3896 4406/4011/3897
f 4412/4019/3905 4406/4011/3897 1757/4020/3906
f 1757/4020/3906 4406/4011/3897 1762/4012/3898
f 1757/4020/3906 1762/4012/3898 1765/4015/3901
f 1761/4013/3899 1765/4015/3901 1762/4012/3898
f 3513/4016/3902 4407/4017/3903 3512/4021/3907
f 2361/4022/1821 3512/4021/3907 4407/4017/3903
f 2361/4022/1821 4407/4017/3903 2362/4023/1814
f 2362/4023/1814 4407/4017/3903 4408/4018/3904
f 2362/4023/1814 4408/4018/3904 2375/4024/1809
f 2375/4024/1809 4408/4018/3904 4409/4025/3908
f 4408/4018/3904 4412/4019/3905 4409/4025/3908
f 4410/4026/3909 4409/4025/3908 4412/4019/3905
f 1757/4020/3906 4410/4026/3909 4412/4019/3905
f 4411/4027/3910 4410/4026/3909 1757/4020/3906
f 1758/4028/3911 4411/4027/3910 1757/4020/3906
f 1758/4028/3911 1757/4020/3906 1765/4015/3901
f 2375/4024/1809 4409/4025/3908 2357/4029/1802
f 4413/4030/3912 2357/4029/1802 4409/4025/3908
f 4410/4026/3909 4413/4030/3912 4409/4025/3908
f 4413/4030/3912 4410/4026/3909 4414/4031/3913
f 4410/4026/3909 4415/4032/3914 4414/4031/3913
f 4411/4027/3910 4415/4032/3914 4410/4026/3909
f 4416/4033/3915 4415/4032/3914 4411/4027/3910
f 4411/4027/3910 1760/4034/3916 4416/4033/3915
f 4411/4027/3910 1758/4028/3911 1760/4034/3916
f 1760/4034/3916 1758/4028/3911 1765/4015/3901
f 1760/4034/3916 1765/4015/3901 3479/4007/3893
f 1754/4014/3900 3479/4007/3893 1765/4015/3901
f 4413/4030/3912 2360/4035/1795 2357/4029/1802
f 4413/4030/3912 4414/4031/3913 2360/4035/1795
f 2360/4035/1795 4414/4031/3913 4418/4036/3917
f 4419/4037/3918 4418/4036/3917 4414/4031/3913
f 4415/4032/3914 4419/4037/3918 4414/4031/3913
f 4415/4032/3914 4416/4033/3915 4419/4037/3918
f 4419/4037/3918 4416/4033/3915 4420/4038/3919
f 4421/4039/3920 4420/4038/3919 4416/4033/3915
f 4416/4033/3915 4417/4040/3921 4421/4039/3920
f 4416/4033/3915 1760/4034/3916 4417/4040/3921
f 1760/4034/3916 1756/4041/3922 4417/4040/3921
f 1760/4034/3916 3479/4007/3893 1756/4041/3922
f 3479/4007/3893 1752/3980/3866 1756/4041/3922
f 2360/4035/1795 4418/4036/3917 4424/4042/1794
f 4425/4043/1783 4424/4042/1794 4418/4036/3917
f 4425/4043/1783 4418/4036/3917 4426/4044/3923
f 4418/4036/3917 4419/4037/3918 4426/4044/3923
f 4427/4045/3924 4426/4044/3923 4419/4037/3918
f 4419/4037/3918 4420/4038/3919 4427/4045/3924
f 4428/4046/3925 4427/4045/3924 4420/4038/3919
f 4428/4046/3925 4420/4038/3919 4429/4047/3926
f 4422/4048/3927 4429/4047/3926 4420/4038/3919
f 4422/4048/3927 4420/4038/3919 4421/4039/3920
f 4422/4048/3927 4421/4039/3920 4417/4040/3921
f 4417/4040/3921 4423/4049/3928 4422/4048/3927
f 4423/4049/3928 4417/4040/3921 1756/4041/3922
f 1752/3980/3866 4423/4049/3928 1756/4041/3922
f 1752/3980/3866 3436/3981/3867 4423/4049/3928
f 4426/4044/3923 4430/4050/1782 4425/4043/1783
f 4426/4044/3923 4427/4045/3924 4430/4050/1782
f 2276/4051/1776 4430/4050/1782 4427/4045/3924
f 2276/4051/1776 4427/4045/3924 4428/4046/3925
f 4428/4046/3925 2319/4052/1769 2276/4051/1776
f 4428/4046/3925 4392/4053/3929 2319/4052/1769
f 4392/4053/3929 4428/4046/3925 4429/4047/3926
f 4392/4053/3929 4429/4047/3926 4431/4054/3930
f 4432/4055/3931 4431/4054/3930 4429/4047/3926
f 4422/4048/3927 4432/4055/3931 4429/4047/3926
f 4373/4056/3932 4432/4055/3931 4422/4048/3927
f 4373/4056/3932 4422/4048/3927 4423/4049/3928
f 4423/4049/3928 4382/4057/3933 4373/4056/3932
f 4423/4049/3928 3436/3981/3867 4382/4057/3933
f 3436/3981/3867 4388/3974/3860 4382/4057/3933
f 4392/4053/3929 2312/4058/1762 2319/4052/1769
f 4392/4053/3929 4433/4059/3934 2312/4058/1762
f 4431/4054/3930 4433/4059/3934 4392/4053/3929
f 4372/4060/3935 4433/4059/3934 4431/4054/3930
f 4372/4060/3935 4431/4054/3930 4378/4061/3936
f 4378/4061/3936 4431/4054/3930 4377/4062/3937
f 4432/4055/3931 4377/4062/3937 4431/4054/3930
f 4432/4055/3931 4376/4063/3938 4377/4062/3937
f 4373/4056/3932 4376/4063/3938 4432/4055/3931
f 4372/4060/3935 2312/4058/1762 4433/4059/3934
f 4372/4060/3935 2286/4064/1756 2312/4058/1762
f 4369/4065/3939 2286/4064/1756 4372/4060/3935
f 4378/4061/3936 4369/4065/3939 4372/4060/3935
f 4378/4061/3936 4371/4066/3940 4369/4065/3939
f 4370/4067/3941 4371/4066/3940 4378/4061/3936
f 4378/4061/3936 4376/4063/3938 4370/4067/3941
f 4377/4062/3937 4376/4063/3938 4378/4061/3936
f 2286/4064/1756 4369/4065/3939 4374/4068/3942
f 4371/4066/3940 4374/4068/3942 4369/4065/3939
f 4371/4066/3940 4370/4067/3941 4374/4068/3942
f 4375/4069/3943 4374/4068/3942 4370/4067/3941
f 4381/4070/3944 4375/4069/3943 4370/4067/3941
f 4381/4070/3944 4370/4067/3941 4373/4056/3932
f 4373/4056/3932 4370/4067/3941 4376/4063/3938
f 2286/4064/1756 4374/4068/3942 2315/4071/1755
f 2315/4071/1755 4374/4068/3942 4379/4072/3945
f 4375/4069/3943 4379/4072/3945 4374/4068/3942
f 4375/4069/3943 4380/4073/3946 4379/4072/3945
f 4384/4074/3947 4380/4073/3946 4375/4069/3943
f 4384/4074/3947 4375/4069/3943 4381/4070/3944
f 4384/4074/3947 4381/4070/3944 4387/4075/3948
f 4388/3974/3860 4387/4075/3948 4381/4070/3944
f 4388/3974/3860 4381/4070/3944 4382/4057/3933
f 4373/4056/3932 4382/4057/3933 4381/4070/3944
f 2315/4071/1755 4379/4072/3945 2285/4076/1750
f 4379/4072/3945 2284/4077/1744 2285/4076/1750
f 2284/4077/1744 4379/4072/3945 4383/4078/3949
f 4386/4079/3950 4383/4078/3949 4379/4072/3945
f 4386/4079/3950 4379/4072/3945 1764/4080/3951
f 1764/4080/3951 4379/4072/3945 4380/4073/3946
f 4380/4073/3946 3442/4081/3952 1764/4080/3951
f 4380/4073/3946 4384/4074/3947 3442/4081/3952
f 4387/4075/3948 3442/4081/3952 4384/4074/3947
f 4387/4075/3948 3443/3975/3861 3442/4081/3952
f 3443/3975/3861 4387/4075/3948 4388/3974/3860
f 4383/4078/3949 2274/4082/1737 2284/4077/1744
f 4383/4078/3949 2280/4083/1730 2274/4082/1737
f 4386/4079/3950 2280/4083/1730 4383/4078/3949
f 4386/4079/3950 2281/4084/1723 2280/4083/1730
f 2287/21/21 2281/4084/1723 4386/4079/3950
f 2287/21/21 4386/4079/3950 3441/22/22
f 3442/4081/3952 3441/22/22 4386/4079/3950
f 3442/4081/3952 4386/4079/3950 1764/4080/3951
f 3441/22/22 3442/4081/3952 3440/3969/3855
f 3442/4081/3952 3443/3975/3861 3440/3969/3855
f 1754/4014/3900 3482/4006/3892 3479/4007/3893
f 3477/3990/3876 3474/3985/3871 3470/3986/3872
f 3474/3985/3871 3477/3990/3876 3476/3984/3870
f 2309/24/3842 3433/3964/3850 3430/3957/3841
f 2309/24/3842 2302/4085/359 3433/3964/3850
f 3435/3965/3851 3433/3964/3850 2302/4085/359
f 3435/3965/3851 2302/4085/359 2295/4086/356
f 2295/4086/356 3439/3968/3854 3435/3965/3851
f 2300/20/20 3439/3968/3854 2295/4086/356
f 2300/20/20 3441/22/22 3439/3968/3854
f 3425/17/17 2304/19/19 3426/3954/3838
f 3426/3954/3838 2304/19/19 2309/24/3842
f 3492/3999/3953 3466/3986/3954 3463/3995/3955
f 3492/3999/3953 3490/4087/3956 3466/3986/3954
f 3484/4003/3957 3490/4087/3956 3492/3999/3953
f 3497/3998/3958 3484/4003/3957 3492/3999/3953
f 3462/3994/3959 3497/3998/3958 3492/3999/3953
f 3462/3994/3959 3492/3999/3953 3463/3995/3955
f 3576/4088/3960 3466/3986/3954 3490/4087/3956
f 3576/4088/3960 3490/4087/3956 3485/4089/3961
f 3484/4003/3957 3485/4089/3961 3490/4087/3956
f 3483/4090/3962 3485/4089/3961 3484/4003/3957
f 3495/4091/3963 3483/4090/3962 3484/4003/3957
f 3495/4091/3963 3484/4003/3957 3486/4092/3964
f 3497/3998/3958 3486/4092/3964 3484/4003/3957
f 3467/3985/3965 3466/3986/3954 3576/4088/3960
f 3467/3985/3965 3576/4088/3960 3585/4093/3966
f 3576/4088/3960 3586/3970/3967 3585/4093/3966
f 3576/4088/3960 3578/4094/3968 3586/3970/3967
f 3576/4088/3960 3583/4095/3969 3578/4094/3968
f 3576/4088/3960 3485/4089/3961 3583/4095/3969
f 3485/4089/3961 3537/4096/3970 3583/4095/3969
f 3485/4089/3961 3468/4097/3971 3537/4096/3970
f 3466/3986/3954 3467/3985/3965 3465/3990/3972
f 3467/3985/3965 3464/4098/3973 3465/3990/3972
f 3467/3985/3965 3585/4093/3966 3464/4098/3973
f 3464/4098/3973 3585/4093/3966 3590/4099/3974
f 3590/4099/3974 3585/4093/3966 3589/4100/3975
f 3589/4100/3975 3585/4093/3966 3586/3970/3967
f 3591/3962/3976 3589/4100/3975 3586/3970/3967
f 3591/3962/3976 3586/3970/3967 3584/4101/3977
f 3578/4094/3968 3584/4101/3977 3586/3970/3967
f 3578/4094/3968 3579/4102/3978 3584/4101/3977
f 3579/4102/3978 3578/4094/3968 3583/4095/3969
f 3460/4103/3979 3464/4098/3973 3590/4099/3974
f 3491/4104/3980 3460/4103/3979 3590/4099/3974
f 3491/4104/3980 3590/4099/3974 3588/4105/3981
f 3588/4105/3981 3590/4099/3974 3598/4106/3982
f 3590/4099/3974 3589/4100/3975 3598/4106/3982
f 3598/4106/3982 3589/4100/3975 3597/4107/3983
f 3591/3962/3976 3597/4107/3983 3589/4100/3975
f 3460/4103/3979 3461/3991/3984 3464/4098/3973
f 3494/4108/3985 3461/3991/3984 3460/4103/3979
f 3460/4103/3979 3491/4104/3980 3494/4108/3985
f 3489/3992/3878 3494/4108/3985 3491/4104/3980
f 3588/4105/3981 3489/3992/3878 3491/4104/3980
f 3588/4105/3981 173/158/161 3489/3992/3878
f 173/158/161 3588/4105/3981 169/157/160
f 3588/4105/3981 3598/4106/3982 169/157/160
f 3600/3960/3986 169/157/160 3598/4106/3982
f 3598/4106/3982 3597/4107/3983 3600/3960/3986
f 3465/3990/3972 3464/4098/3973 3461/3991/3984
f 3461/3991/3984 3463/3995/3955 3465/3990/3972
f 3461/3991/3984 3462/3994/3959 3463/3995/3955
f 3494/4108/3985 3462/3994/3959 3461/3991/3984
f 3497/3998/3958 3462/3994/3959 3494/4108/3985
f 3497/3998/3958 3494/4108/3985 3487/4109/3987
f 3501/3996/3882 3487/4109/3987 3494/4108/3985
f 3494/4108/3985 3489/3992/3878 3501/3996/3882
f 3466/3986/3954 3465/3990/3972 3463/3995/3955
f 3501/3996/3882 3496/4000/3886 3487/4109/3987
f 3496/4000/3886 3488/4001/3988 3487/4109/3987
f 3499/4110/3989 3488/4001/3988 3496/4000/3886
f 3499/4110/3989 3496/4000/3886 3514/4008/3894
f 3508/4111/3990 3499/4110/3989 3514/4008/3894
f 3508/4111/3990 3514/4008/3894 3513/4016/3902
f 3513/4016/3902 3509/4017/3991 3508/4111/3990
f 3513/4016/3902 3512/4021/3907 3509/4017/3991
f 3487/4109/3987 3488/4001/3988 3495/4091/3963
f 3499/4110/3989 3495/4091/3963 3488/4001/3988
f 3507/4112/3992 3495/4091/3963 3499/4110/3989
f 3507/4112/3992 3499/4110/3989 3511/4113/3993
f 3511/4113/3993 3499/4110/3989 3508/4111/3990
f 3508/4111/3990 3498/4011/3994 3511/4113/3993
f 3508/4111/3990 3523/4114/3995 3498/4011/3994
f 3509/4017/3991 3523/4114/3995 3508/4111/3990
f 3486/4092/3964 3487/4109/3987 3495/4091/3963
f 3487/4109/3987 3486/4092/3964 3497/3998/3958
f 3507/4112/3992 3511/4113/3993 3498/4011/3994
f 3507/4112/3992 3498/4011/3994 3510/4012/3996
f 3504/4115/3997 3510/4012/3996 3498/4011/3994
f 3515/4019/3998 3504/4115/3997 3498/4011/3994
f 3515/4019/3998 3498/4011/3994 3523/4114/3995
f 3523/4114/3995 3516/4116/3999 3515/4019/3998
f 3516/4116/3999 3523/4114/3995 3522/4117/4000
f 3502/4023/4001 3522/4117/4000 3523/4114/3995
f 3502/4023/4001 3523/4114/3995 3509/4017/3991
f 3510/4012/3996 3483/4090/3962 3507/4112/3992
f 3503/4015/4002 3483/4090/3962 3510/4012/3996
f 3504/4115/3997 3503/4015/4002 3510/4012/3996
f 3504/4115/3997 3518/4118/4003 3503/4015/4002
f 3504/4115/3997 3524/4119/4004 3518/4118/4003
f 3524/4119/4004 3504/4115/3997 3515/4019/3998
f 3524/4119/4004 3515/4019/3998 3519/4120/4005
f 3519/4120/4005 3515/4019/3998 3516/4116/3999
f 3507/4112/3992 3483/4090/3962 3495/4091/3963
f 2361/4022/1821 3502/4023/4001 3509/4017/3991
f 2361/4022/1821 3509/4017/3991 3512/4021/3907
f 3493/4121/4006 3516/4116/3999 3522/4117/4000
f 3493/4121/4006 3505/4122/4007 3516/4116/3999
f 3506/4123/4008 3505/4122/4007 3493/4121/4006
f 3521/4042/4009 3506/4123/4008 3493/4121/4006
f 3521/4042/4009 3520/4124/4010 3506/4123/4008
f 3520/4124/4010 3521/4042/4009 3529/4043/4011
f 3519/4120/4005 3516/4116/3999 3505/4122/4007
f 3505/4122/4007 3506/4123/4008 3519/4120/4005
f 3519/4120/4005 3506/4123/4008 3520/4124/4010
f 3519/4120/4005 3520/4124/4010 3530/4125/4012
f 3528/4126/4013 3530/4125/4012 3520/4124/4010
f 3520/4124/4010 3529/4043/4011 3528/4126/4013
f 3529/4043/4011 3525/4127/4014 3528/4126/4013
f 3529/4043/4011 3526/4050/4015 3525/4127/4014
f 3525/4127/4014 3526/4050/4015 3531/4128/4016
f 3525/4127/4014 3531/4128/4016 3536/4129/4017
f 3536/4129/4017 3531/4128/4016 2378/4052/1901
f 3519/4120/4005 3530/4125/4012 3517/4027/4018
f 3533/4130/4019 3517/4027/4018 3530/4125/4012
f 3530/4125/4012 3540/4131/4020 3533/4130/4019
f 3530/4125/4012 3534/4132/4021 3540/4131/4020
f 3534/4132/4021 3530/4125/4012 3535/4133/4022
f 3535/4133/4022 3530/4125/4012 3528/4126/4013
f 3519/4120/4005 3517/4027/4018 3524/4119/4004
f 3518/4118/4003 3524/4119/4004 3517/4027/4018
f 3533/4130/4019 3518/4118/4003 3517/4027/4018
f 3532/4134/4023 3518/4118/4003 3533/4130/4019
f 3532/4134/4023 3533/4130/4019 3540/4131/4020
f 3532/4134/4023 3540/4131/4020 3537/4096/3970
f 3547/4135/4024 3537/4096/3970 3540/4131/4020
f 3547/4135/4024 3540/4131/4020 3544/4136/4025
f 3544/4136/4025 3540/4131/4020 3534/4132/4021
f 3535/4133/4022 3544/4136/4025 3534/4132/4021
f 3532/4134/4023 3503/4015/4002 3518/4118/4003
f 3500/4014/4026 3503/4015/4002 3532/4134/4023
f 3500/4014/4026 3532/4134/4023 3468/4097/3971
f 3537/4096/3970 3468/4097/3971 3532/4134/4023
f 3503/4015/4002 3500/4014/4026 3483/4090/3962
f 3483/4090/3962 3500/4014/4026 3468/4097/3971
f 3483/4090/3962 3468/4097/3971 3485/4089/3961
f 3600/3960/3986 167/155/158 169/157/160
f 167/155/158 3600/3960/3986 3601/4137/4027
f 3601/4137/4027 3600/3960/3986 3597/4107/3983
f 3599/4138/4028 3601/4137/4027 3597/4107/3983
f 3591/3962/3976 3599/4138/4028 3597/4107/3983
f 3592/3963/4029 3599/4138/4028 3591/3962/3976
f 3584/4101/3977 3592/3963/4029 3591/3962/3976
f 167/155/158 3601/4137/4027 171/153/156
f 3602/4139/4030 171/153/156 3601/4137/4027
f 3602/4139/4030 3601/4137/4027 3599/4138/4028
f 3602/4139/4030 3599/4138/4028 3594/26/28
f 3592/3963/4029 3594/26/28 3599/4138/4028
f 3593/3964/4031 3594/26/28 3592/3963/4029
f 3592/3963/4029 3587/3965/4032 3593/3964/4031
f 3592/3963/4029 3584/4101/3977 3587/3965/4032
f 3577/4140/4033 3587/3965/4032 3584/4101/3977
f 3584/4101/3977 3579/4102/3978 3577/4140/4033
f 3602/4139/4030 3603/3953/4034 171/153/156
f 3603/3953/4034 3602/4139/4030 3595/25/27
f 3594/26/28 3595/25/27 3602/4139/4030
f 3604/3959/3844 171/153/156 3603/3953/4034
f 3604/3959/3844 3603/3953/4034 3428/3958/3843
f 3603/3953/4034 3427/3952/3836 3428/3958/3843
f 3603/3953/4034 3596/17/29 3427/3952/3836
f 3603/3953/4034 3595/25/27 3596/17/29
f 171/153/156 3604/3959/3844 168/154/157
f 3596/17/29 1965/3951/1896 3427/3952/3836
f 3596/17/29 1960/18/31 1965/3951/1896
f 3577/4140/4033 3580/3968/4035 3587/3965/4032
f 3580/3968/4035 3577/4140/4033 3570/4141/4036
f 3581/3974/4037 3570/4141/4036 3577/4140/4033
f 3577/4140/4033 3582/3973/4038 3581/3974/4037
f 3577/4140/4033 3579/4102/3978 3582/3973/4038
f 3582/3973/4038 3579/4102/3978 3583/4095/3969
f 3582/3973/4038 3583/4095/3969 3538/4142/4039
f 3583/4095/3969 3537/4096/3970 3538/4142/4039
f 3580/3968/4035 3570/4141/4036 3571/23/24
f 3571/23/24 3570/4141/4036 3573/4143/4040
f 3573/4143/4040 3570/4141/4036 3574/4144/4041
f 3575/4075/4042 3574/4144/4041 3570/4141/4036
f 3581/3974/4037 3575/4075/4042 3570/4141/4036
f 3581/3974/4037 3566/4070/4043 3575/4075/4042
f 3581/3974/4037 3554/4057/4044 3566/4070/4043
f 3549/3981/4045 3554/4057/4044 3581/3974/4037
f 3549/3981/4045 3581/3974/4037 3582/3973/4038
f 3573/4143/4040 3572/4145/4046 3571/23/24
f 3573/4143/4040 3568/4146/4047 3572/4145/4046
f 3568/4146/4047 3573/4143/4040 3574/4144/4041
f 3574/4144/4041 3565/4147/4048 3568/4146/4047
f 3574/4144/4041 3567/4074/4049 3565/4147/4048
f 3575/4075/4042 3567/4074/4049 3574/4144/4041
f 3566/4070/4043 3567/4074/4049 3575/4075/4042
f 3572/4145/4046 1986/21/25 3571/23/24
f 3572/4145/4046 1995/4084/4050 1986/21/25
f 3572/4145/4046 2004/4148/4051 1995/4084/4050
f 2004/4148/4051 3572/4145/4046 3569/4078/4052
f 3568/4146/4047 3569/4078/4052 3572/4145/4046
f 3568/4146/4047 3564/4149/4053 3569/4078/4052
f 3565/4147/4048 3564/4149/4053 3568/4146/4047
f 3565/4147/4048 3563/4150/4054 3564/4149/4053
f 3563/4150/4054 3565/4147/4048 3562/4151/4055
f 3567/4074/4049 3562/4151/4055 3565/4147/4048
f 3567/4074/4049 3561/4152/4056 3562/4151/4055
f 3566/4070/4043 3561/4152/4056 3567/4074/4049
f 1998/4153/4057 2004/4148/4051 3569/4078/4052
f 2007/4154/4058 1998/4153/4057 3569/4078/4052
f 2007/4154/4058 3569/4078/4052 3564/4149/4053
f 3564/4149/4053 2015/4155/4059 2007/4154/4058
f 3564/4149/4053 3563/4150/4054 2015/4155/4059
f 3563/4150/4054 3559/4156/4060 2015/4155/4059
f 3560/4157/4061 3559/4156/4060 3563/4150/4054
f 3560/4157/4061 3563/4150/4054 3557/4158/4062
f 3558/4159/4063 3557/4158/4062 3563/4150/4054
f 3558/4159/4063 3563/4150/4054 3562/4151/4055
f 3558/4159/4063 3562/4151/4055 3561/4152/4056
f 3558/4159/4063 3561/4152/4056 3556/4160/4064
f 3556/4160/4064 3561/4152/4056 3566/4070/4043
f 3566/4070/4043 3555/4161/4065 3556/4160/4064
f 3566/4070/4043 3554/4057/4044 3555/4161/4065
f 3554/4057/4044 3547/4135/4024 3555/4161/4065
f 3554/4057/4044 3549/3981/4045 3547/4135/4024
f 3553/4162/4066 3560/4157/4061 3557/4158/4062
f 3553/4162/4066 3557/4158/4062 3550/4163/4067
f 3557/4158/4062 3558/4159/4063 3550/4163/4067
f 3550/4163/4067 3558/4159/4063 3552/4164/4068
f 3556/4160/4064 3552/4164/4068 3558/4159/4063
f 3551/4165/4069 3552/4164/4068 3556/4160/4064
f 3551/4165/4069 3556/4160/4064 3555/4161/4065
f 3555/4161/4065 3547/4135/4024 3551/4165/4069
f 3551/4165/4069 3547/4135/4024 3548/4166/4070
f 3548/4166/4070 3547/4135/4024 3544/4136/4025
f 3550/4163/4067 3546/4167/4071 3553/4162/4066
f 3546/4167/4071 3550/4163/4067 3552/4164/4068
f 3546/4167/4071 3552/4164/4068 3545/4168/4072
f 3543/4169/4073 3545/4168/4072 3552/4164/4068
f 3543/4169/4073 3552/4164/4068 3551/4165/4069
f 3551/4165/4069 3548/4166/4070 3543/4169/4073
f 3548/4166/4070 3544/4136/4025 3543/4169/4073
f 3539/4170/4074 3543/4169/4073 3544/4136/4025
f 3544/4136/4025 3535/4133/4022 3539/4170/4074
f 3542/4171/1899 3553/4162/4066 3546/4167/4071
f 3542/4171/1899 3546/4167/4071 3545/4168/4072
f 3541/4172/4075 3542/4171/1899 3545/4168/4072
f 3539/4170/4074 3541/4172/4075 3545/4168/4072
f 3543/4169/4073 3539/4170/4074 3545/4168/4072
f 3542/4171/1899 3541/4172/4075 2378/4052/1901
f 3536/4129/4017 2378/4052/1901 3541/4172/4075
f 3541/4172/4075 3539/4170/4074 3536/4129/4017
f 3536/4129/4017 3539/4170/4074 3535/4133/4022
f 3536/4129/4017 3535/4133/4022 3527/4173/4076
f 3535/4133/4022 3528/4126/4013 3527/4173/4076
f 3528/4126/4013 3525/4127/4014 3527/4173/4076
f 3527/4173/4076 3525/4127/4014 3536/4129/4017
f 3582/3973/4038 3538/4142/4039 3549/3981/4045
f 3547/4135/4024 3549/3981/4045 3538/4142/4039
f 3537/4096/3970 3547/4135/4024 3538/4142/4039
f 1985/20/23 3580/3968/4035 3571/23/24
f 1985/20/23 1988/4174/4077 3580/3968/4035
f 3587/3965/4032 3580/3968/4035 1988/4174/4077
f 1971/4085/4078 3587/3965/4032 1988/4174/4077
f 1971/4085/4078 3593/3964/4031 3587/3965/4032
f 1976/24/26 3593/3964/4031 1971/4085/4078
f 1976/24/26 3594/26/28 3593/3964/4031
f 1976/24/26 1966/27/30 3595/25/27
f 3596/17/29 3595/25/27 1966/27/30
f 3652/1821/1815 3502/1820/4001 2361/1827/1821
f 3652/1821/1815 3651/4175/4079 3502/1820/4001
f 3679/4176/4080 3651/4175/4079 3652/1821/1815
f 3679/4176/4080 3652/1821/1815 3416/1822/1816
f 3683/4177/4081 3679/4176/4080 3416/1822/1816
f 3683/4177/4081 3416/1822/1816 3421/1823/1817
f 3421/1823/1817 3661/4178/4082 3683/4177/4081
f 3423/1824/1818 3661/4178/4082 3421/1823/1817
f 3502/1820/4001 3651/4175/4079 3654/4179/4083
f 3651/4175/4079 3673/4180/4084 3654/4179/4083
f 3651/4175/4079 3679/4176/4080 3673/4180/4084
f 3679/4176/4080 3682/4181/4085 3673/4180/4084
f 3679/4176/4080 3683/4177/4081 3682/4181/4085
f 3682/4181/4085 3683/4177/4081 3661/4178/4082
f 3668/4182/4086 3682/4181/4085 3661/4178/4082
f 3680/4183/4087 3668/4182/4086 3661/4178/4082
f 3423/1824/1818 3680/4183/4087 3661/4178/4082
f 3423/1824/1818 3667/4184/4088 3680/4183/4087
f 3423/1824/1818 3412/1828/1822 3667/4184/4088
f 3502/1820/4001 3654/4179/4083 3522/4185/4000
f 3654/4179/4083 3493/4186/4006 3522/4185/4000
f 3654/4179/4083 3676/4187/4089 3493/4186/4006
f 3676/4187/4089 3654/4179/4083 3673/4180/4084
f 3676/4187/4089 3673/4180/4084 3674/4188/4090
f 3673/4180/4084 3670/4189/4091 3674/4188/4090
f 3673/4180/4084 3671/4190/4092 3670/4189/4091
f 3671/4190/4092 3673/4180/4084 3682/4181/4085
f 3682/4181/4085 3678/1806/4093 3671/4190/4092
f 3682/4181/4085 3668/4182/4086 3678/1806/4093
f 3676/4187/4089 3521/1800/4009 3493/4186/4006
f 3676/4187/4089 3675/1795/4094 3521/1800/4009
f 3675/1795/4094 3676/4187/4089 3674/4188/4090
f 3675/1795/4094 3674/4188/4090 3646/1796/4095
f 3645/4191/4096 3646/1796/4095 3674/4188/4090
f 3645/4191/4096 3674/4188/4090 3670/4189/4091
f 3648/4192/4097 3645/4191/4096 3670/4189/4091
f 3678/1806/4093 3648/4192/4097 3670/4189/4091
f 3678/1806/4093 3670/4189/4091 3671/4190/4092
f 3675/1795/4094 3529/1789/4011 3521/1800/4009
f 3675/1795/4094 3650/1790/4098 3529/1789/4011
f 3650/1790/4098 3675/1795/4094 3646/1796/4095
f 3650/1790/4098 3646/1796/4095 3644/1791/4099
f 3644/1791/4099 3646/1796/4095 3637/4193/4100
f 3645/4191/4096 3637/4193/4100 3646/1796/4095
f 3637/4193/4100 3645/4191/4096 3648/4192/4097
f 3648/4192/4097 3631/4194/4101 3637/4193/4100
f 3631/4194/4101 3648/4192/4097 3605/4195/4102
f 3605/4195/4102 3648/4192/4097 3606/1807/4103
f 3678/1806/4093 3606/1807/4103 3648/4192/4097
f 3529/1789/4011 3650/1790/4098 3647/1783/4104
f 3643/1784/4105 3647/1783/4104 3650/1790/4098
f 3643/1784/4105 3650/1790/4098 3644/1791/4099
f 3633/4196/4106 3643/1784/4105 3644/1791/4099
f 3644/1791/4099 3637/4193/4100 3633/4196/4106
f 3633/4196/4106 3637/4193/4100 3631/4194/4101
f 3633/4196/4106 3631/4194/4101 3641/4197/4107
f 3631/4194/4101 3629/4198/4108 3641/4197/4107
f 3629/4198/4108 3631/4194/4101 3624/4199/4109
f 3624/4199/4109 3631/4194/4101 3605/4195/4102
f 3606/1807/4103 3624/4199/4109 3605/4195/4102
f 3529/1789/4011 3647/1783/4104 3526/1788/4015
f 3647/1783/4104 3531/4200/4016 3526/1788/4015
f 3647/1783/4104 3636/4201/4110 3531/4200/4016
f 3647/1783/4104 3635/4202/4111 3636/4201/4110
f 3647/1783/4104 3643/1784/4105 3635/4202/4111
f 3635/4202/4111 3643/1784/4105 3634/4203/4112
f 3633/4196/4106 3634/4203/4112 3643/1784/4105
f 3640/4204/4113 3634/4203/4112 3633/4196/4106
f 3641/4197/4107 3640/4204/4113 3633/4196/4106
f 3641/4197/4107 3632/4205/4114 3640/4204/4113
f 3630/4206/4115 3632/4205/4114 3641/4197/4107
f 3630/4206/4115 3641/4197/4107 3629/4198/4108
f 3629/4198/4108 3624/4199/4109 3630/4206/4115
f 3636/4201/4110 2378/1775/1901 3531/4200/4016
f 3636/4201/4110 2379/1906/1900 2378/1775/1901
f 3636/4201/4110 3638/4207/4116 2379/1906/1900
f 3636/4201/4110 3635/4202/4111 3638/4207/4116
f 3638/4207/4116 3635/4202/4111 3639/4208/4117
f 3635/4202/4111 3634/4203/4112 3639/4208/4117
f 3639/4208/4117 3634/4203/4112 3640/4204/4113
f 3632/4205/4114 3639/4208/4117 3640/4204/4113
f 3642/4209/4118 3639/4208/4117 3632/4205/4114
f 3642/4209/4118 3632/4205/4114 3628/4210/4119
f 3625/4211/4120 3628/4210/4119 3632/4205/4114
f 3632/4205/4114 3630/4206/4115 3625/4211/4120
f 2379/1906/1900 3638/4207/4116 3718/4212/4121
f 3718/4212/4121 3638/4207/4116 3642/4209/4118
f 3639/4208/4117 3642/4209/4118 3638/4207/4116
f 2374/1905/1898 2379/1906/1900 3718/4212/4121
f 2374/1905/1898 3718/4212/4121 3717/4213/4122
f 3722/4214/4123 3717/4213/4122 3718/4212/4121
f 3722/4214/4123 3718/4212/4121 3642/4209/4118
f 3628/4210/4119 3722/4214/4123 3642/4209/4118
f 3722/4214/4123 3628/4210/4119 3623/4215/4124
f 3621/4216/4125 3623/4215/4124 3628/4210/4119
f 3628/4210/4119 3618/4217/4126 3621/4216/4125
f 3625/4211/4120 3618/4217/4126 3628/4210/4119
f 2374/1905/1898 3717/4213/4122 3716/1759/4127
f 3721/4218/4128 3716/1759/4127 3717/4213/4122
f 3717/4213/4122 3722/4214/4123 3721/4218/4128
f 3722/4214/4123 3623/4215/4124 3721/4218/4128
f 3623/4215/4124 2008/4219/4129 3721/4218/4128
f 3723/4220/4130 2008/4219/4129 3623/4215/4124
f 3620/4221/4131 3723/4220/4130 3623/4215/4124
f 3620/4221/4131 3623/4215/4124 3621/4216/4125
f 2374/1905/1898 3716/1759/4127 3692/1763/4132
f 2028/1758/4133 3692/1763/4132 3716/1759/4127
f 2028/1758/4133 3716/1759/4127 3688/4222/4134
f 3716/1759/4127 3720/4223/4135 3688/4222/4134
f 3716/1759/4127 3721/4218/4128 3720/4223/4135
f 2008/4219/4129 3720/4223/4135 3721/4218/4128
f 2008/4219/4129 3723/4220/4130 3720/4223/4135
f 3726/4224/4136 3720/4223/4135 3723/4220/4130
f 3617/4225/4137 3726/4224/4136 3723/4220/4130
f 3617/4225/4137 3723/4220/4130 3620/4221/4131
f 3553/4226/4066 2374/1905/1898 3692/1763/4132
f 3553/4226/4066 3692/1763/4132 3560/4227/4061
f 2028/1758/4133 3560/4227/4061 3692/1763/4132
f 2028/1758/4133 3559/4228/4060 3560/4227/4061
f 2028/1758/4133 3719/1757/4138 3559/4228/4060
f 2028/1758/4133 3688/4222/4134 3719/1757/4138
f 3719/1757/4138 3688/4222/4134 3724/4229/4139
f 3720/4223/4135 3724/4229/4139 3688/4222/4134
f 3720/4223/4135 3725/4230/4140 3724/4229/4139
f 3726/4224/4136 3725/4230/4140 3720/4223/4135
f 2374/1905/1898 3553/4226/4066 3542/1768/1899
f 3719/1757/4138 2015/4231/4059 3559/4228/4060
f 3719/1757/4138 3714/4232/4141 2015/4231/4059
f 3719/1757/4138 3724/4229/4139 3714/4232/4141
f 3728/1745/4142 3714/4232/4141 3724/4229/4139
f 3725/4230/4140 3728/1745/4142 3724/4229/4139
f 3725/4230/4140 3727/4233/4143 3728/1745/4142
f 3725/4230/4140 2009/4234/4144 3727/4233/4143
f 3725/4230/4140 2002/4235/4145 2009/4234/4144
f 3726/4224/4136 2002/4235/4145 3725/4230/4140
f 3714/4232/4141 2007/4236/4058 2015/4231/4059
f 3714/4232/4141 2014/4237/4146 2007/4236/4058
f 3728/1745/4142 2014/4237/4146 3714/4232/4141
f 3728/1745/4142 3727/4233/4143 2014/4237/4146
f 3729/1737/4147 2014/4237/4146 3727/4233/4143
f 3729/1737/4147 3727/4233/4143 3730/4238/4148
f 3727/4233/4143 2009/4234/4144 3730/4238/4148
f 2009/4234/4144 1993/4239/4149 3730/4238/4148
f 1993/4239/4149 2009/4234/4144 1992/1732/4150
f 1992/1732/4150 2009/4234/4144 2002/4235/4145
f 1998/4240/4057 2007/4236/4058 2014/4237/4146
f 1998/4240/4057 2014/4237/4146 3729/1737/4147
f 3729/1737/4147 2004/4241/4051 1998/4240/4057
f 3729/1737/4147 2003/4242/4151 2004/4241/4051
f 3729/1737/4147 3730/4238/4148 2003/4242/4151
f 2003/4242/4151 3730/4238/4148 1993/4239/4149
f 1993/4239/4149 1991/1722/4152 2003/4242/4151
f 1993/4239/4149 1990/1723/4153 1991/1722/4152
f 1993/4239/4149 1992/1732/4150 1990/1723/4153
f 1989/4243/4154 1990/1723/4153 1992/1732/4150
f 1997/4244/4155 1989/4243/4154 1992/1732/4150
f 1997/4244/4155 1992/1732/4150 1996/4245/4156
f 1992/1732/4150 2002/4235/4145 1996/4245/4156
f 2003/4242/4151 1995/1729/4050 2004/4241/4051
f 1995/1729/4050 2003/4242/4151 1991/1722/4152
f 1995/1729/4050 1991/1722/4152 1986/1728/25
f 1991/1722/4152 1985/1721/23 1986/1728/25
f 1991/1722/4152 1984/4246/4157 1985/1721/23
f 1991/1722/4152 1989/4243/4154 1984/4246/4157
f 1991/1722/4152 1990/1723/4153 1989/4243/4154
f 1988/4247/344 1985/1721/23 1984/4246/4157
f 1978/4248/4158 1988/4247/344 1984/4246/4157
f 3621/4216/4125 3618/4217/4126 3625/4211/4120
f 3625/4211/4120 3626/4249/4159 3621/4216/4125
f 3626/4249/4159 3625/4211/4120 3630/4206/4115
f 3626/4249/4159 3630/4206/4115 3627/4250/4160
f 3630/4206/4115 3622/4251/4161 3627/4250/4160
f 3622/4251/4161 3630/4206/4115 3624/4199/4109
f 3622/4251/4161 3624/4199/4109 3655/4252/4162
f 3606/1807/4103 3655/4252/4162 3624/4199/4109
f 3620/4221/4131 3621/4216/4125 3626/4249/4159
f 3626/4249/4159 3619/1894/4163 3620/4221/4131
f 3619/1894/4163 3626/4249/4159 3627/4250/4160
f 3627/4250/4160 3616/4253/4164 3619/1894/4163
f 3627/4250/4160 3615/1887/4165 3616/4253/4164
f 3614/1888/4166 3615/1887/4165 3627/4250/4160
f 3613/4254/4167 3614/1888/4166 3627/4250/4160
f 3627/4250/4160 3622/4251/4161 3613/4254/4167
f 3662/4255/4168 3613/4254/4167 3622/4251/4161
f 3655/4252/4162 3662/4255/4168 3622/4251/4161
f 3677/1837/4169 3662/4255/4168 3655/4252/4162
f 3619/1894/4163 3616/4253/4164 3620/4221/4131
f 3617/4225/4137 3620/4221/4131 3616/4253/4164
f 3611/4256/4170 3617/4225/4137 3616/4253/4164
f 3615/1887/4165 3611/4256/4170 3616/4253/4164
f 3615/1887/4165 3609/1886/4171 3611/4256/4170
f 3615/1887/4165 3610/4257/4172 3609/1886/4171
f 3615/1887/4165 3614/1888/4166 3610/4257/4172
f 3610/4257/4172 3614/1888/4166 3613/4254/4167
f 3610/4257/4172 3613/4254/4167 2016/4258/4173
f 2016/4258/4173 3613/4254/4167 3662/4255/4168
f 3687/1836/4174 2016/4258/4173 3662/4255/4168
f 3677/1837/4169 3687/1836/4174 3662/4255/4168
f 3677/1837/4169 3681/4259/4175 3687/1836/4174
f 3681/4259/4175 3677/1837/4169 3655/4252/4162
f 3611/4256/4170 1996/4245/4156 3617/4225/4137
f 3611/4256/4170 1983/4260/4176 1996/4245/4156
f 3609/1886/4171 1983/4260/4176 3611/4256/4170
f 3609/1886/4171 3608/4261/4177 1983/4260/4176
f 3609/1886/4171 2017/4262/4178 3608/4261/4177
f 3609/1886/4171 3610/4257/4172 2017/4262/4178
f 2017/4262/4178 3610/4257/4172 2016/4258/4173
f 3617/4225/4137 1996/4245/4156 3612/4263/4179
f 1996/4245/4156 2002/4235/4145 3612/4263/4179
f 3612/4263/4179 2002/4235/4145 3726/4224/4136
f 3617/4225/4137 3612/4263/4179 3726/4224/4136
f 1983/4260/4176 1997/4244/4155 1996/4245/4156
f 1997/4244/4155 1983/4260/4176 1977/1734/4180
f 1972/4264/4181 1977/1734/4180 1983/4260/4176
f 3607/4265/4182 1972/4264/4181 1983/4260/4176
f 1983/4260/4176 3608/4261/4177 3607/4265/4182
f 3607/4265/4182 3608/4261/4177 2017/4262/4178
f 3607/4265/4182 2017/4262/4178 2018/119/4183
f 2011/4266/4184 2018/119/4183 2017/4262/4178
f 2016/4258/4173 2011/4266/4184 2017/4262/4178
f 1997/4244/4155 1977/1734/4180 1989/4243/4154
f 1979/4267/4185 1989/4243/4154 1977/1734/4180
f 1979/4267/4185 1977/1734/4180 1980/4268/4186
f 1972/4264/4181 1980/4268/4186 1977/1734/4180
f 1972/4264/4181 1961/4269/4187 1980/4268/4186
f 1972/4264/4181 1953/4270/4188 1961/4269/4187
f 1953/4270/4188 1972/4264/4181 1954/1859/4189
f 3607/4265/4182 1954/1859/4189 1972/4264/4181
f 2018/119/4183 1954/1859/4189 3607/4265/4182
f 2018/119/4183 2005/4271/4190 1954/1859/4189
f 2018/119/4183 2011/4266/4184 2005/4271/4190
f 1984/4246/4157 1989/4243/4154 1979/4267/4185
f 1979/4267/4185 1978/4248/4158 1984/4246/4157
f 1978/4248/4158 1979/4267/4185 1994/1725/4191
f 1980/4268/4186 1994/1725/4191 1979/4267/4185
f 1980/4268/4186 1961/4269/4187 1994/1725/4191
f 1987/1726/4192 1994/1725/4191 1961/4269/4187
f 1987/1726/4192 1961/4269/4187 1973/4272/4193
f 1961/4269/4187 1953/4270/4188 1973/4272/4193
f 1957/1870/4194 1973/4272/4193 1953/4270/4188
f 1950/4273/4195 1957/1870/4194 1953/4270/4188
f 1954/1859/4189 1950/4273/4195 1953/4270/4188
f 1954/1859/4189 2005/4271/4190 1950/4273/4195
f 2006/4274/4196 1950/4273/4195 2005/4271/4190
f 2006/4274/4196 2005/4271/4190 2011/4266/4184
f 1987/1726/4192 1978/4248/4158 1994/1725/4191
f 1987/1726/4192 1982/4275/4197 1978/4248/4158
f 1982/4275/4197 1987/1726/4192 1969/4276/4198
f 1981/4277/4199 1969/4276/4198 1987/1726/4192
f 1981/4277/4199 1987/1726/4192 1973/4272/4193
f 1959/1874/4200 1981/4277/4199 1973/4272/4193
f 1959/1874/4200 1973/4272/4193 1957/1870/4194
f 1962/1869/4201 1959/1874/4200 1957/1870/4194
f 1962/1869/4201 1957/1870/4194 1949/4278/4202
f 1950/4273/4195 1949/4278/4202 1957/1870/4194
f 1950/4273/4195 2006/4274/4196 1949/4278/4202
f 2031/4279/4203 1969/4276/4198 1981/4277/4199
f 1981/4277/4199 2032/1878/4204 2031/4279/4203
f 1955/4280/4205 2032/1878/4204 1981/4277/4199
f 1981/4277/4199 1959/1874/4200 1955/4280/4205
f 1959/1874/4200 1963/1868/4206 1955/4280/4205
f 1959/1874/4200 1962/1869/4201 1963/1868/4206
f 1948/4281/4207 1963/1868/4206 1962/1869/4201
f 1949/4278/4202 1948/4281/4207 1962/1869/4201
f 1949/4278/4202 2006/4274/4196 1948/4281/4207
f 2031/4279/4203 1975/1884/4208 1969/4276/4198
f 2031/4279/4203 1958/1885/1879 1975/1884/4208
f 2031/4279/4203 1964/1882/1876 1958/1885/1879
f 1964/1882/1876 2031/4279/4203 2032/1878/4204
f 1964/1882/1876 2032/1878/4204 2034/1881/1875
f 2033/1877/1871 2034/1881/1875 2032/1878/4204
f 2033/1877/1871 2032/1878/4204 1955/4280/4205
f 1974/1872/1866 2033/1877/1871 1955/4280/4205
f 1974/1872/1866 1955/4280/4205 1967/1867/4209
f 1967/1867/4209 1955/4280/4205 1963/1868/4206
f 1951/4282/4210 1967/1867/4209 1963/1868/4206
f 1951/4282/4210 1963/1868/4206 1948/4281/4207
f 1999/1861/4211 1951/4282/4210 1948/4281/4207
f 1999/1861/4211 1948/4281/4207 2000/4283/4212
f 2001/4284/4213 2000/4283/4212 1948/4281/4207
f 2001/4284/4213 1948/4281/4207 2006/4274/4196
f 1967/1867/4209 1956/1866/1860 1974/1872/1866
f 1967/1867/4209 1951/4282/4210 1956/1866/1860
f 1951/4282/4210 1952/1865/1859 1956/1866/1860
f 1951/4282/4210 1999/1861/4211 1952/1865/1859
f 2012/1855/1849 1952/1865/1859 1999/1861/4211
f 2012/1855/1849 1999/1861/4211 2013/1856/4214
f 2013/1856/4214 1999/1861/4211 2000/4283/4212
f 2000/4283/4212 2021/4285/4215 2013/1856/4214
f 2001/4284/4213 2021/4285/4215 2000/4283/4212
f 2001/4284/4213 2010/4286/4216 2021/4285/4215
f 2006/4274/4196 2010/4286/4216 2001/4284/4213
f 2010/4286/4216 2006/4274/4196 2011/4266/4184
f 2011/4266/4184 2027/4287/4217 2010/4286/4216
f 2016/4258/4173 2027/4287/4217 2011/4266/4184
f 2012/1855/1849 2013/1856/4214 2019/4288/4218
f 2021/4285/4215 2019/4288/4218 2013/1856/4214
f 2021/4285/4215 2020/4289/4219 2019/4288/4218
f 2020/4289/4219 2021/4285/4215 2026/4290/4220
f 2027/4287/4217 2026/4290/4220 2021/4285/4215
f 2027/4287/4217 2021/4285/4215 2010/4286/4216
f 2019/4288/4218 2023/1840/1834 2012/1855/1849
f 2023/1840/1834 2019/4288/4218 2024/1841/4221
f 2025/1842/4222 2024/1841/4221 2019/4288/4218
f 2025/1842/4222 2019/4288/4218 2020/4289/4219
f 2022/4291/4223 2025/1842/4222 2020/4289/4219
f 2022/4291/4223 2020/4289/4219 2026/4290/4220
f 2026/4290/4220 2027/4287/4217 2022/4291/4223
f 2016/4258/4173 2022/4291/4223 2027/4287/4217
f 2016/4258/4173 3686/4292/4224 2022/4291/4223
f 3687/1836/4174 3686/4292/4224 2016/4258/4173
f 3687/1836/4174 3660/4293/4225 3686/4292/4224
f 3660/4293/4225 3687/1836/4174 3681/4259/4175
f 2023/1840/1834 2024/1841/4221 2029/1833/4226
f 2030/1834/4227 2029/1833/4226 2024/1841/4221
f 2030/1834/4227 2024/1841/4221 2025/1842/4222
f 3686/4292/4224 2030/1834/4227 2025/1842/4222
f 3686/4292/4224 2025/1842/4222 2022/4291/4223
f 2023/1840/1834 2029/1833/4226 3400/1839/1833
f 3412/1828/1822 3400/1839/1833 2029/1833/4226
f 3412/1828/1822 2029/1833/4226 3667/4184/4088
f 3667/4184/4088 2029/1833/4226 2030/1834/4227
f 2030/1834/4227 3660/4293/4225 3667/4184/4088
f 2030/1834/4227 3686/4292/4224 3660/4293/4225
f 3667/4184/4088 3660/4293/4225 3680/4183/4087
f 3680/4183/4087 3660/4293/4225 3668/4182/4086
f 3668/4182/4086 3660/4293/4225 3684/4294/4228
f 3660/4293/4225 3681/4259/4175 3684/4294/4228
f 3681/4259/4175 3655/4252/4162 3684/4294/4228
f 3656/1814/4229 3684/4294/4228 3655/4252/4162
f 3656/1814/4229 3672/1813/4230 3684/4294/4228
f 3672/1813/4230 3656/1814/4229 3678/1806/4093
f 3678/1806/4093 3656/1814/4229 3606/1807/4103
f 3655/4252/4162 3606/1807/4103 3656/1814/4229
f 3668/4182/4086 3684/4294/4228 3672/1813/4230
f 3672/1813/4230 3678/1806/4093 3668/4182/4086
f 1968/1904/1897 1975/1884/4208 1958/1885/1879
f 1968/1904/1897 1970/1901/350 1975/1884/4208
f 1970/1901/350 1968/1904/1897 1965/1903/1896
f 1970/1901/350 1965/1903/1896 1960/1902/31
f 1970/1901/350 1960/1902/31 1966/4295/30
f 1970/1901/350 1966/4295/30 1982/4275/4197
f 1966/4295/30 1976/1899/26 1982/4275/4197
f 1970/1901/350 1969/4276/4198 1975/1884/4208
f 1970/1901/350 1982/4275/4197 1969/4276/4198
f 1978/4248/4158 1982/4275/4197 1976/1899/26
f 1978/4248/4158 1976/1899/26 1971/1898/347
f 1978/4248/4158 1971/1898/347 1988/4247/344
f 3691/4296/4231 3695/4297/4232 3690/4298/4233
f 3691/4296/4231 3697/4299/4234 3695/4297/4232
f 3775/4300/4235 3697/4299/4234 3691/4296/4231
f 3665/4301/4236 3695/4297/4232 3697/4299/4234
f 3665/4301/4236 3697/4299/4234 3709/4302/4237
f 3709/4302/4237 3697/4299/4234 3669/4303/4238
f 3775/4300/4235 3669/4303/4238 3697/4299/4234
f 3659/4304/4239 3665/4301/4236 3709/4302/4237
f 3707/4305/4240 3659/4304/4239 3709/4302/4237
f 3709/4302/4237 3706/4306/4241 3707/4305/4240
f 3711/4307/4242 3706/4306/4241 3709/4302/4237
f 3711/4307/4242 3709/4302/4237 3669/4303/4238
f 3711/4307/4242 3669/4303/4238 3657/4308/4243
f 3669/4303/4238 3775/4300/4235 3657/4308/4243
f 3659/4304/4239 3693/4309/4244 3665/4301/4236
f 3653/4310/4245 3693/4309/4244 3659/4304/4239
f 3707/4305/4240 3653/4310/4245 3659/4304/4239
f 3653/4310/4245 3707/4305/4240 3649/4311/4246
f 3707/4305/4240 3705/4312/4247 3649/4311/4246
f 3707/4305/4240 3706/4306/4241 3705/4312/4247
f 3706/4306/4241 3658/4313/4248 3705/4312/4247
f 3706/4306/4241 3664/4314/4249 3658/4313/4248
f 3664/4314/4249 3706/4306/4241 3663/4315/4250
f 3711/4307/4242 3663/4315/4250 3706/4306/4241
f 3653/4310/4245 3689/4316/4251 3693/4309/4244
f 3653/4310/4245 3666/4317/4252 3689/4316/4251
f 3653/4310/4245 3701/4318/4253 3666/4317/4252
f 3701/4318/4253 3702/4319/4254 3666/4317/4252
f 3701/4318/4253 3703/4320/4255 3702/4319/4254
f 3704/4321/4256 3702/4319/4254 3703/4320/4255
f 3704/4321/4256 3696/4322/4257 3702/4319/4254
f 3758/4323/4258 3696/4322/4257 3704/4321/4256
f 3758/4323/4258 3762/4324/4259 3696/4322/4257
f 3758/4323/4258 3752/4325/4260 3762/4324/4259
f 3758/4323/4258 3748/4326/4261 3752/4325/4260
f 3748/4326/4261 3758/4323/4258 3747/4327/4262
f 3758/4323/4258 3746/4328/4263 3747/4327/4262
f 3758/4323/4258 3704/4321/4256 3746/4328/4263
f 3703/4320/4255 3746/4328/4263 3704/4321/4256
f 3649/4311/4246 3746/4328/4263 3703/4320/4255
f 3649/4311/4246 3703/4320/4255 3701/4318/4253
f 3748/4326/4261 3783/4329/4264 3752/4325/4260
f 3748/4326/4261 3742/4330/4265 3783/4329/4264
f 3741/4331/4266 3742/4330/4265 3748/4326/4261
f 3748/4326/4261 3747/4327/4262 3741/4331/4266
f 3747/4327/4262 3740/4332/4267 3741/4331/4266
f 3747/4327/4262 3713/4333/4268 3740/4332/4267
f 3713/4333/4268 3747/4327/4262 3746/4328/4263
f 3746/4328/4263 3700/4334/4269 3713/4333/4268
f 3746/4328/4263 3649/4311/4246 3700/4334/4269
f 3649/4311/4246 3705/4312/4247 3700/4334/4269
f 3759/4335/4270 3783/4329/4264 3742/4330/4265
f 3742/4330/4265 3784/4336/4271 3759/4335/4270
f 3742/4330/4265 3743/4337/4272 3784/4336/4271
f 3742/4330/4265 3740/4332/4267 3743/4337/4272
f 3740/4332/4267 3742/4330/4265 3741/4331/4266
f 3759/4335/4270 3753/4338/4273 3783/4329/4264
f 3749/4339/4274 3753/4338/4273 3759/4335/4270
f 3763/4340/4275 3749/4339/4274 3759/4335/4270
f 3763/4340/4275 3759/4335/4270 3784/4336/4271
f 3763/4340/4275 3784/4336/4271 3757/4341/4276
f 3757/4341/4276 3784/4336/4271 3743/4337/4272
f 3749/4339/4274 3731/4342/4277 3753/4338/4273
f 3653/4310/4245 3649/4311/4246 3701/4318/4253
f 3711/4307/4242 3708/4343/4278 3663/4315/4250
f 3711/4307/4242 3712/4344/4279 3708/4343/4278
f 3711/4307/4242 3732/4345/4280 3712/4344/4279
f 3711/4307/4242 3657/4308/4243 3732/4345/4280
f 3657/4308/4243 3754/4346/4281 3732/4345/4280
f 3657/4308/4243 3775/4300/4235 3754/4346/4281
f 3710/4347/4282 3712/4344/4279 3732/4345/4280
f 3732/4345/4280 3733/4348/4283 3710/4347/4282
f 3732/4345/4280 3771/4349/4284 3733/4348/4283
f 3771/4349/4284 3732/4345/4280 3754/4346/4281
f 3771/4349/4284 3754/4346/4281 3755/4350/4285
f 3755/4350/4285 3754/4346/4281 3775/4300/4235
f 3770/4351/4286 3755/4350/4285 3775/4300/4235
f 3770/4351/4286 3775/4300/4235 3769/4352/4287
f 3691/4296/4231 3769/4352/4287 3775/4300/4235
f 3774/4353/4288 3733/4348/4283 3771/4349/4284
f 3735/4354/4289 3774/4353/4288 3771/4349/4284
f 3770/4351/4286 3735/4354/4289 3771/4349/4284
f 3755/4350/4285 3770/4351/4286 3771/4349/4284
f 3735/4354/4289 3773/4355/4290 3774/4353/4288
f 3768/4356/4291 3773/4355/4290 3735/4354/4289
f 3768/4356/4291 3735/4354/4289 3761/4357/4292
f 3744/4358/4293 3761/4357/4292 3735/4354/4289
f 3744/4358/4293 3735/4354/4289 3770/4351/4286
f 3770/4351/4286 3769/4352/4287 3744/4358/4293
f 3736/4359/4294 3744/4358/4293 3769/4352/4287
f 3769/4352/4287 3763/4340/4275 3736/4359/4294
f 3749/4339/4274 3763/4340/4275 3769/4352/4287
f 3691/4296/4231 3749/4339/4274 3769/4352/4287
f 3731/4360/4277 3749/4339/4274 3691/4296/4231
f 3690/4361/4233 3731/4360/4277 3691/4296/4231
f 3768/4356/4291 3761/4357/4292 3738/4362/4295
f 3739/4363/4296 3738/4362/4295 3761/4357/4292
f 3756/4364/4297 3739/4363/4296 3761/4357/4292
f 3756/4364/4297 3761/4357/4292 3736/4359/4294
f 3761/4357/4292 3744/4358/4293 3736/4359/4294
f 3739/4363/4296 3734/4365/4298 3738/4362/4295
f 3734/4365/4298 3739/4363/4296 3737/4366/4299
f 3743/4337/4272 3737/4366/4299 3739/4363/4296
f 3757/4341/4276 3743/4337/4272 3739/4363/4296
f 3739/4363/4296 3756/4364/4297 3757/4341/4276
f 3756/4364/4297 3763/4340/4275 3757/4341/4276
f 3763/4340/4275 3756/4364/4297 3736/4359/4294
f 3743/4337/4272 3745/4367/4300 3737/4366/4299
f 3743/4337/4272 3751/4368/4301 3745/4367/4300
f 3743/4337/4272 3740/4332/4267 3751/4368/4301
f 3685/4369/4302 3751/4368/4301 3740/4332/4267
f 3740/4332/4267 3715/4370/4303 3685/4369/4302
f 3740/4332/4267 3713/4333/4268 3715/4370/4303
f 3694/4371/4304 3715/4370/4303 3713/4333/4268
f 3700/4334/4269 3694/4371/4304 3713/4333/4268
f 3700/4334/4269 3698/4372/4305 3694/4371/4304
f 3699/4373/4306 3698/4372/4305 3700/4334/4269
f 3699/4373/4306 3700/4334/4269 3705/4312/4247
f 3699/4373/4306 3705/4312/4247 3658/4313/4248
f 3789/4374/4307 3787/4375/4308 3750/4342/4309
f 3789/4374/4307 3804/4376/4310 3787/4375/4308
f 3791/4377/4311 3804/4376/4310 3789/4374/4307
f 3798/4329/4312 3787/4375/4308 3804/4376/4310
f 3798/4329/4312 3804/4376/4310 3814/4378/4313
f 3804/4376/4310 3820/4379/4314 3814/4378/4313
f 3791/4377/4311 3820/4379/4314 3804/4376/4310
f 3820/4379/4314 3791/4377/4311 3793/4380/4315
f 3793/4380/4315 3791/4377/4311 3795/4381/4316
f 3795/4381/4316 3791/4377/4311 3841/4382/4317
f 3842/4383/4318 3841/4382/4317 3791/4377/4311
f 3789/4374/4307 3842/4383/4318 3791/4377/4311
f 3803/4384/4319 3798/4329/4312 3814/4378/4313
f 3831/4385/4320 3803/4384/4319 3814/4378/4313
f 3807/4386/4321 3831/4385/4320 3814/4378/4313
f 3813/4387/4322 3807/4386/4321 3814/4378/4313
f 3813/4387/4322 3814/4378/4313 3820/4379/4314
f 3793/4380/4315 3813/4387/4322 3820/4379/4314
f 3793/4380/4315 3794/4388/4323 3813/4387/4322
f 3793/4380/4315 3795/4381/4316 3794/4388/4323
f 3795/4381/4316 3801/4389/4324 3794/4388/4323
f 3795/4381/4316 3841/4382/4317 3801/4389/4324
f 3803/4384/4319 3792/4325/4325 3798/4329/4312
f 3833/4390/4326 3792/4325/4325 3803/4384/4319
f 3831/4385/4320 3833/4390/4326 3803/4384/4319
f 3833/4390/4326 3831/4385/4320 3810/4391/4327
f 3824/4392/4328 3810/4391/4327 3831/4385/4320
f 3824/4392/4328 3831/4385/4320 3807/4386/4321
f 3807/4386/4321 3802/4370/4329 3824/4392/4328
f 3807/4386/4321 3797/4369/4330 3802/4370/4329
f 3797/4369/4330 3807/4386/4321 3796/4368/4331
f 3813/4387/4322 3796/4368/4331 3807/4386/4321
f 3833/4390/4326 3790/4324/4332 3792/4325/4325
f 3786/4322/4333 3790/4324/4332 3833/4390/4326
f 3786/4322/4333 3833/4390/4326 3826/4393/4334
f 4091/4319/4335 3786/4322/4333 3826/4393/4334
f 4091/4319/4335 3826/4393/4334 3827/4394/4336
f 3811/4395/4337 4091/4319/4335 3827/4394/4336
f 3811/4395/4337 3846/4317/4338 4091/4319/4335
f 3839/4396/4339 3846/4317/4338 3811/4395/4337
f 3839/4396/4339 3845/4316/4340 3846/4317/4338
f 3848/4309/4341 3845/4316/4340 3839/4396/4339
f 3848/4309/4341 3839/4396/4339 3828/4397/4342
f 3834/4398/4343 3828/4397/4342 3839/4396/4339
f 3839/4396/4339 3811/4395/4337 3834/4398/4343
f 3810/4391/4327 3834/4398/4343 3811/4395/4337
f 3810/4391/4327 3811/4395/4337 3827/4394/4336
f 3810/4391/4327 3827/4394/4336 3826/4393/4334
f 3833/4390/4326 3810/4391/4327 3826/4393/4334
f 3812/4301/4344 3848/4309/4341 3828/4397/4342
f 3812/4301/4344 3828/4397/4342 3805/4399/4345
f 3805/4399/4345 3828/4397/4342 3809/4400/4346
f 3834/4398/4343 3809/4400/4346 3828/4397/4342
f 3809/4400/4346 3834/4398/4343 3816/4312/4347
f 3834/4398/4343 3825/4401/4348 3816/4312/4347
f 3834/4398/4343 3810/4391/4327 3825/4401/4348
f 3810/4391/4327 3824/4392/4328 3825/4401/4348
f 3815/4371/4349 3825/4401/4348 3824/4392/4328
f 3815/4371/4349 3824/4392/4328 3802/4370/4329
f 3812/4301/4344 3805/4399/4345 3832/4402/4350
f 3805/4399/4345 3838/4403/4351 3832/4402/4350
f 3806/4404/4352 3838/4403/4351 3805/4399/4345
f 3806/4404/4352 3805/4399/4345 3821/4405/4353
f 3821/4405/4353 3805/4399/4345 3809/4400/4346
f 3809/4400/4346 3816/4312/4347 3821/4405/4353
f 3823/4313/4354 3821/4405/4353 3816/4312/4347
f 3816/4312/4347 3830/4373/4355 3823/4313/4354
f 3830/4373/4355 3816/4312/4347 3825/4401/4348
f 3812/4301/4344 3832/4402/4350 3822/4406/4356
f 3777/4407/4357 3822/4406/4356 3832/4402/4350
f 3777/4407/4357 3779/4298/4358 3822/4406/4356
f 3830/4373/4355 3825/4401/4348 3808/4372/4359
f 3815/4371/4349 3808/4372/4359 3825/4401/4348
f 3823/4313/4354 3782/4314/4360 3821/4405/4353
f 3821/4405/4353 3782/4314/4360 3772/4315/4361
f 3772/4315/4361 3806/4404/4352 3821/4405/4353
f 3772/4315/4361 3764/4343/4362 3806/4404/4352
f 3806/4404/4352 3764/4343/4362 3760/4344/4363
f 3806/4404/4352 3760/4344/4363 3766/4408/4364
f 3767/4347/4365 3766/4408/4364 3760/4344/4363
f 3766/4408/4364 3767/4347/4365 3776/4348/4366
f 3766/4408/4364 3776/4348/4366 3781/4409/4367
f 3819/4353/4368 3781/4409/4367 3776/4348/4366
f 3819/4353/4368 3844/4410/4369 3781/4409/4367
f 3819/4353/4368 3818/4355/4370 3844/4410/4369
f 3778/4411/4371 3806/4404/4352 3766/4408/4364
f 3778/4411/4371 3766/4408/4364 3765/4412/4372
f 3765/4412/4372 3766/4408/4364 3781/4409/4367
f 3765/4412/4372 3781/4409/4367 3780/4413/4373
f 3844/4410/4369 3780/4413/4373 3781/4409/4367
f 3844/4410/4369 3841/4382/4317 3780/4413/4373
f 3841/4382/4317 3844/4410/4369 3801/4389/4324
f 3843/4356/4374 3801/4389/4324 3844/4410/4369
f 3843/4356/4374 3844/4410/4369 3818/4355/4370
f 3778/4411/4371 3838/4403/4351 3806/4404/4352
f 3838/4403/4351 3778/4411/4371 3785/4414/4375
f 3778/4411/4371 3765/4412/4372 3785/4414/4375
f 3765/4412/4372 3780/4413/4373 3785/4414/4375
f 3842/4383/4318 3785/4414/4375 3780/4413/4373
f 3841/4382/4317 3842/4383/4318 3780/4413/4373
f 3832/4402/4350 3838/4403/4351 3785/4414/4375
f 3832/4402/4350 3785/4414/4375 3777/4407/4357
f 3777/4407/4357 3785/4414/4375 3842/4383/4318
f 3777/4407/4357 3842/4383/4318 3789/4374/4307
f 3777/4407/4357 3789/4374/4307 3779/4415/4358
f 3789/4374/4307 3750/4416/4309 3779/4415/4358
f 3801/4389/4324 3843/4356/4374 3800/4362/4376
f 3800/4362/4376 3794/4388/4323 3801/4389/4324
f 3800/4362/4376 3788/4365/4377 3794/4388/4323
f 3794/4388/4323 3788/4365/4377 3799/4366/4378
f 3799/4366/4378 3813/4387/4322 3794/4388/4323
f 3799/4366/4378 3817/4367/4379 3813/4387/4322
f 3813/4387/4322 3817/4367/4379 3796/4368/4331
f 3849/2137/2132 3829/4417/2127 3840/2138/2128
f 3849/2137/2132 3835/4418/4380 3829/4417/2127
f 3853/2106/2108 2423/2107/2109 3852/4419/4381
f 3851/2108/2110 3853/2106/2108 3852/4419/4381
f 3851/2108/2110 3852/4419/4381 3856/4420/4382
f 3852/4419/4381 2422/2123/2125 3856/4420/4382
f 3852/4419/4381 2417/2119/2121 2422/2123/2125
f 2417/2119/2121 3852/4419/4381 2423/2107/2109
f 2417/2119/2121 2423/2107/2109 2332/2120/2122
f 2070/1517/1528 2332/2120/2122 2423/2107/2109
f 2424/2105/2107 2070/1517/1528 2423/2107/2109
f 3855/4421/4383 3856/4420/4382 2422/2123/2125
f 3855/4421/4383 2422/2123/2125 3835/4418/4380
f 3849/2137/2132 3855/4421/4383 3835/4418/4380
f 3849/2137/2132 3854/2114/2116 3855/4421/4383
f 3850/2136/2131 3854/2114/2116 3849/2137/2132
f 3854/2114/2116 3850/2136/2131 3836/2140/2133
f 3854/2114/2116 3836/2140/2133 3847/2115/2117
f 2324/2116/2118 3847/2115/2117 3836/2140/2133
f 2324/2116/2118 3836/2140/2133 3837/2141/2134
f 2338/4422/4384 2324/2116/2118 3837/2141/2134
f 2338/4422/4384 2330/2117/2119 2324/2116/2118
f 2330/2117/2119 2338/4422/4384 2073/1512/1523
f 2330/2117/2119 2073/1512/1523 2419/2102/2104
f 2419/2102/2104 2073/1512/1523 2069/1515/1526
f 2069/1515/1526 2416/2103/2105 2419/2102/2104
f 2424/2105/2107 2416/2103/2105 2069/1515/1526
f 2424/2105/2107 2069/1515/1526 2070/1517/1528
f 3835/4418/4380 2418/2124/2126 3829/4417/2127
f 3835/4418/4380 2422/2123/2125 2418/2124/2126
f 3856/4420/4382 3857/2111/2113 3851/2108/2110
f 3856/4420/4382 3855/4421/4383 3857/2111/2113
f 3858/2110/2112 3855/4421/4383 3854/2114/2116
f 3858/2110/2112 3857/2111/2113 3855/4421/4383
f 2338/4422/4384 2074/1513/1524 2073/1512/1523
f 2338/4422/4384 3859/4423/2130 2074/1513/1524
f 2419/2102/2104 2323/2112/2114 2330/2117/2119
f 2419/2102/2104 2415/2101/2103 2323/2112/2114
f 3859/4423/2130 3837/2141/2134 3860/2139/2129
f 3859/4423/2130 2338/4422/4384 3837/2141/2134
f 2331/2118/2120 2070/1517/1528 2071/1516/1527
f 2331/2118/2120 2332/2120/2122 2070/1517/1528
f 3863/2189/2172 2329/2191/2155 2325/4424/2142
f 3862/4425/2141 3863/2189/2172 2325/4424/2142
f 3864/2188/2139 3863/2189/2172 3862/4425/2141
f 3864/2188/2139 3861/2187/2171 3863/2189/2172
f 2327/2184/2170 3861/2187/2171 3864/2188/2139
f 2327/2184/2170 3864/2188/2139 2328/4426/2135
f 2326/4427/2137 2327/2184/2170 2328/4426/2135
f 2326/4427/2137 3865/2185/2153 2327/2184/2170
f 2339/4428/4385 2341/4429/4386 3874/4430/4387
f 2339/4428/4385 3874/4430/4387 3873/4431/4388
f 2342/4432/4389 2339/4428/4385 3873/4431/4388
f 3881/4433/4390 2342/4432/4389 3873/4431/4388
f 3881/4433/4390 2344/4434/4391 2342/4432/4389
f 3881/4433/4390 3884/4435/4392 2344/4434/4391
f 3881/4433/4390 3882/4436/4393 3884/4435/4392
f 3884/4435/4392 3882/4436/4393 3883/4437/4394
f 149/136/139 3883/4437/4394 3882/4436/4393
f 149/136/139 189/173/179 3883/4437/4394
f 149/136/139 2460/2246/2226 143/131/134
f 149/136/139 3882/4436/4393 2460/2246/2226
f 3882/4436/4393 2455/2247/2227 2460/2246/2226
f 3882/4436/4393 3881/4433/4390 2455/2247/2227
f 3873/4431/4388 2455/2247/2227 3881/4433/4390
f 3873/4431/4388 3880/2248/2228 2455/2247/2227
f 3874/4430/4387 3880/2248/2228 3873/4431/4388
f 3874/4430/4387 3877/2249/2229 3880/2248/2228
f 2341/4429/4386 3877/2249/2229 3874/4430/4387
f 2341/4429/4386 3879/2251/2231 3877/2249/2229
f 2341/4429/4386 2340/2254/2234 3879/2251/2231
f 2341/4429/4386 2339/4428/4385 2340/2254/2234
f 2340/2254/2234 2339/4428/4385 2342/4432/4389
f 2340/2254/2234 2342/4432/4389 2347/2264/2244
f 2344/4434/4391 2347/2264/2244 2342/4432/4389
f 2344/4434/4391 2345/2265/2245 2347/2264/2244
f 2448/2267/2247 2345/2265/2245 2344/4434/4391
f 2448/2267/2247 2344/4434/4391 3884/4435/4392
f 2346/2269/2249 2448/2267/2247 3884/4435/4392
f 2346/2269/2249 3884/4435/4392 3883/4437/4394
f 189/173/179 2346/2269/2249 3883/4437/4394
f 189/173/179 153/135/138 2346/2269/2249
f 3934/4438/4395 3875/4439/4396 3890/4440/4397
f 3934/4438/4395 3951/4441/4398 3875/4439/4396
f 3934/4438/4395 2065/1521/1532 3951/4441/4398
f 3934/4438/4395 2064/1522/1533 2065/1521/1532
f 2064/1522/1533 3934/4438/4395 3932/4442/4399
f 3934/4438/4395 3890/4440/4397 3932/4442/4399
f 3875/4439/4396 3951/4441/4398 3937/4443/4400
f 3937/4443/4400 3951/4441/4398 2065/1521/1532
f 3937/4443/4400 2065/1521/1532 2066/1520/1531
f 3937/4443/4400 2066/1520/1531 2067/1519/1530
f 3937/4443/4400 2067/1519/1530 3929/4444/4401
f 3929/4444/4401 2067/1519/1530 2059/1518/1529
f 3875/4439/4396 3937/4443/4400 3935/4445/4402
f 3935/4445/4402 3937/4443/4400 3929/4444/4401
f 3935/4445/4402 3929/4444/4401 3950/4446/4403
f 3950/4446/4403 3929/4444/4401 3952/4447/4404
f 3929/4444/4401 2059/1518/1529 3952/4447/4404
f 2059/1518/1529 3930/4448/4405 3952/4447/4404
f 2059/1518/1529 2060/1526/1537 3930/4448/4405
f 2060/1526/1537 3927/4449/4406 3930/4448/4405
f 2060/1526/1537 2061/1525/1536 3927/4449/4406
f 3950/4446/4403 3936/4450/4407 3935/4445/4402
f 3950/4446/4403 3953/4451/4408 3936/4450/4407
f 3891/4452/4409 3953/4451/4408 3950/4446/4403
f 3891/4452/4409 3950/4446/4403 3899/4453/4410
f 3891/4452/4409 3899/4453/4410 3898/4454/4411
f 3899/4453/4410 3897/4455/4412 3898/4454/4411
f 3875/4439/4396 3935/4445/4402 3936/4450/4407
f 3875/4439/4396 3936/4450/4407 3887/4456/4413
f 3886/4457/4414 3887/4456/4413 3936/4450/4407
f 3936/4450/4407 4337/4458/4415 3886/4457/4414
f 3953/4451/4408 4337/4458/4415 3936/4450/4407
f 2441/2233/2213 4337/4458/4415 3953/4451/4408
f 3953/4451/4408 4570/2232/2212 2441/2233/2213
f 3953/4451/4408 4573/4459/4416 4570/2232/2212
f 3953/4451/4408 3891/4452/4409 4573/4459/4416
f 3875/4439/4396 3887/4456/4413 3896/4460/4417
f 3875/4439/4396 3896/4460/4417 3890/4440/4397
f 3890/4440/4397 3896/4460/4417 3888/4461/4418
f 3892/4462/4419 3890/4440/4397 3888/4461/4418
f 3892/4462/4419 3888/4461/4418 3893/4463/4420
f 3888/4461/4418 4890/4464/4421 3893/4463/4420
f 3888/4461/4418 3896/4460/4417 4890/4464/4421
f 3892/4462/4419 3932/4442/4399 3890/4440/4397
f 3892/4462/4419 3931/4465/4422 3932/4442/4399
f 3931/4465/4422 3892/4462/4419 3894/4466/4423
f 3892/4462/4419 3895/4467/4424 3894/4466/4423
f 3892/4462/4419 3893/4463/4420 3895/4467/4424
f 3893/4463/4420 4571/4468/4425 3895/4467/4424
f 3893/4463/4420 4890/4464/4421 4571/4468/4425
f 4888/2221/2201 4571/4468/4425 4890/4464/4421
f 4890/4464/4421 2432/2223/2203 4888/2221/2201
f 2432/2223/2203 4890/4464/4421 3896/4460/4417
f 2063/1523/1534 3932/4442/4399 3931/4465/4422
f 2063/1523/1534 3931/4465/4422 2062/1524/1535
f 2062/1524/1535 3931/4465/4422 3928/4469/4426
f 3894/4466/4423 3928/4469/4426 3931/4465/4422
f 2063/1523/1534 2064/1522/1533 3932/4442/4399
f 2061/1525/1536 2062/1524/1535 3928/4469/4426
f 2061/1525/1536 3928/4469/4426 3927/4449/4406
f 3928/4469/4426 3897/4455/4412 3927/4449/4406
f 3928/4469/4426 3894/4466/4423 3897/4455/4412
f 3897/4455/4412 3930/4448/4405 3927/4449/4406
f 3930/4448/4405 3897/4455/4412 3899/4453/4410
f 3899/4453/4410 3952/4447/4404 3930/4448/4405
f 3899/4453/4410 3950/4446/4403 3952/4447/4404
f 2432/2223/2203 3896/4460/4417 2446/2239/2219
f 3896/4460/4417 2447/2235/2215 2446/2239/2219
f 3896/4460/4417 3887/4456/4413 2447/2235/2215
f 2447/2235/2215 3887/4456/4413 3886/4457/4414
f 2450/2234/2214 2447/2235/2215 3886/4457/4414
f 2450/2234/2214 3886/4457/4414 4337/4458/4415
f 2450/2234/2214 4337/4458/4415 2441/2233/2213
f 2438/2219/2199 4571/4468/4425 4888/2221/2201
f 2438/2219/2199 4889/4470/4427 4571/4468/4425
f 4889/4470/4427 2438/2219/2199 2433/2217/2197
f 2433/2217/2197 4887/4471/4428 4889/4470/4427
f 150/132/135 4887/4471/4428 2433/2217/2197
f 150/132/135 4572/4472/4429 4887/4471/4428
f 4886/2237/2217 4572/4472/4429 150/132/135
f 3895/4467/4424 4571/4468/4425 4889/4470/4427
f 4889/4470/4427 3889/4473/4430 3895/4467/4424
f 3889/4473/4430 4889/4470/4427 4887/4471/4428
f 4887/4471/4428 3898/4454/4411 3889/4473/4430
f 4887/4471/4428 4572/4472/4429 3898/4454/4411
f 3891/4452/4409 3898/4454/4411 4572/4472/4429
f 3891/4452/4409 4572/4472/4429 4573/4459/4416
f 4573/4459/4416 4572/4472/4429 4886/2237/2217
f 4573/4459/4416 4886/2237/2217 4570/2232/2212
f 3894/4466/4423 3895/4467/4424 3889/4473/4430
f 3897/4455/4412 3894/4466/4423 3889/4473/4430
f 3897/4455/4412 3889/4473/4430 3898/4454/4411
f 188/175/181 3919/4474/4431 187/176/182
f 188/175/181 3926/4475/4432 3919/4474/4431
f 3926/4475/4432 188/175/181 3910/4476/4433
f 3910/4476/4433 3909/4477/4434 3926/4475/4432
f 3907/4478/4435 3909/4477/4434 3910/4476/4433
f 3907/4478/4435 3913/4479/4436 3909/4477/4434
f 3913/4479/4436 3907/4478/4435 3971/4480/4437
f 3919/4474/4431 3926/4475/4432 3922/4481/4438
f 3914/4482/4439 3922/4481/4438 3926/4475/4432
f 3914/4482/4439 3926/4475/4432 3909/4477/4434
f 3914/4482/4439 3909/4477/4434 492/4483/4440
f 486/4484/4441 492/4483/4440 3909/4477/4434
f 486/4484/4441 3909/4477/4434 3913/4479/4436
f 486/4484/4441 3913/4479/4436 3911/4485/4442
f 482/4486/4443 3919/4474/4431 3922/4481/4438
f 3922/4481/4438 3914/4482/4439 482/4486/4443
f 3914/4482/4439 492/4483/4440 482/4486/4443
f 482/4486/4443 624/4487/4444 3919/4474/4431
f 3920/4488/4445 3919/4474/4431 624/4487/4444
f 627/4489/4446 3920/4488/4445 624/4487/4444
f 627/4489/4446 3921/4490/4447 3920/4488/4445
f 627/4489/4446 3925/4491/4448 3921/4490/4447
f 627/4489/4446 622/4492/4449 3925/4491/4448
f 622/4492/4449 3924/4493/4450 3925/4491/4448
f 622/4492/4449 623/4494/4451 3924/4493/4450
f 1748/4495/4452 3924/4493/4450 623/4494/4451
f 596/4496/4453 1748/4495/4452 623/4494/4451
f 596/4496/4453 1751/4497/4454 1748/4495/4452
f 596/4496/4453 1747/4498/4455 1751/4497/4454
f 596/4496/4453 589/4499/4456 1747/4498/4455
f 589/4499/4456 1746/4500/4457 1747/4498/4455
f 589/4499/4456 593/4501/4458 1746/4500/4457
f 597/4502/4459 1746/4500/4457 593/4501/4458
f 1751/4497/4454 1747/4498/4455 1748/4495/4452
f 221/201/207 1748/4495/4452 1747/4498/4455
f 225/199/205 221/201/207 1747/4498/4455
f 225/199/205 1747/4498/4455 1743/4503/4460
f 1747/4498/4455 1746/4500/4457 1743/4503/4460
f 1745/4504/4461 1743/4503/4460 1746/4500/4457
f 597/4502/4459 1745/4504/4461 1746/4500/4457
f 586/4505/4462 1745/4504/4461 597/4502/4459
f 1749/4506/4463 1748/4495/4452 221/201/207
f 1750/4507/4464 1749/4506/4463 221/201/207
f 1750/4507/4464 221/201/207 222/200/206
f 1750/4507/4464 222/200/206 4001/4508/4465
f 222/200/206 3992/4509/4466 4001/4508/4465
f 222/200/206 1744/4510/4467 3992/4509/4466
f 225/199/205 1744/4510/4467 222/200/206
f 1749/4506/4463 3924/4493/4450 1748/4495/4452
f 3924/4493/4450 1749/4506/4463 4010/4511/4468
f 4010/4511/4468 1749/4506/4463 4009/4512/4469
f 1750/4507/4464 4009/4512/4469 1749/4506/4463
f 4009/4512/4469 1750/4507/4464 4006/4513/4470
f 1750/4507/4464 4001/4508/4465 4006/4513/4470
f 4001/4508/4465 4005/4514/4471 4006/4513/4470
f 4001/4508/4465 4002/4515/4472 4005/4514/4471
f 3992/4509/4466 4002/4515/4472 4001/4508/4465
f 3924/4493/4450 4010/4511/4468 3925/4491/4448
f 3925/4491/4448 4010/4511/4468 4012/4516/4473
f 3925/4491/4448 4012/4516/4473 3921/4490/4447
f 4012/4516/4473 3920/4488/4445 3921/4490/4447
f 4012/4516/4473 187/176/182 3920/4488/4445
f 187/176/182 4012/4516/4473 3990/4517/4474
f 3990/4517/4474 4012/4516/4473 4010/4511/4468
f 3990/4517/4474 4010/4511/4468 4011/4518/4475
f 4010/4511/4468 4008/4519/4476 4011/4518/4475
f 4010/4511/4468 4009/4512/4469 4008/4519/4476
f 4009/4512/4469 4006/4513/4470 4008/4519/4476
f 187/176/182 3919/4474/4431 3920/4488/4445
f 486/4484/4441 3911/4485/4442 493/4520/4477
f 487/4521/4478 493/4520/4477 3911/4485/4442
f 487/4521/4478 3911/4485/4442 3974/4522/4479
f 616/4523/4480 487/4521/4478 3974/4522/4479
f 616/4523/4480 3974/4522/4479 4024/4524/4481
f 4024/4524/4481 3974/4522/4479 4020/4525/4482
f 4023/4526/4483 4020/4525/4482 3974/4522/4479
f 3974/4522/4479 3971/4480/4437 4023/4526/4483
f 3974/4522/4479 3911/4485/4442 3971/4480/4437
f 3913/4479/4436 3971/4480/4437 3911/4485/4442
f 501/4527/4484 616/4523/4480 4024/4524/4481
f 501/4527/4484 4024/4524/4481 4022/4528/4485
f 4022/4528/4485 4024/4524/4481 4020/4525/4482
f 4022/4528/4485 4020/4525/4482 4021/4529/4486
f 3972/4530/4487 4021/4529/4486 4020/4525/4482
f 4023/4526/4483 3972/4530/4487 4020/4525/4482
f 3972/4530/4487 4023/4526/4483 3970/4531/4488
f 3970/4531/4488 4023/4526/4483 3973/4532/4489
f 3973/4532/4489 4023/4526/4483 3971/4480/4437
f 488/4533/4490 501/4527/4484 4022/4528/4485
f 488/4533/4490 4022/4528/4485 3998/4534/4491
f 3985/4535/4492 3998/4534/4491 4022/4528/4485
f 3985/4535/4492 4022/4528/4485 4021/4529/4486
f 3985/4535/4492 4021/4529/4486 3975/4536/4493
f 3972/4530/4487 3975/4536/4493 4021/4529/4486
f 3972/4530/4487 3966/4537/4494 3975/4536/4493
f 3972/4530/4487 3970/4531/4488 3966/4537/4494
f 3966/4537/4494 3970/4531/4488 3963/4538/4495
f 3970/4531/4488 3973/4532/4489 3963/4538/4495
f 587/4539/4496 488/4533/4490 3998/4534/4491
f 587/4539/4496 3998/4534/4491 4015/4540/4497
f 4015/4540/4497 3998/4534/4491 3985/4535/4492
f 4013/4541/4498 4015/4540/4497 3985/4535/4492
f 3975/4536/4493 4013/4541/4498 3985/4535/4492
f 4013/4541/4498 3975/4536/4493 3969/4542/4499
f 3975/4536/4493 3966/4537/4494 3969/4542/4499
f 3969/4542/4499 3966/4537/4494 3967/4543/4500
f 3966/4537/4494 3963/4538/4495 3967/4543/4500
f 3967/4543/4500 3963/4538/4495 3965/4544/4501
f 3973/4532/4489 3965/4544/4501 3963/4538/4495
f 587/4539/4496 4015/4540/4497 4018/4545/4502
f 587/4539/4496 4018/4545/4502 591/4546/4503
f 4018/4545/4502 4019/4547/4504 591/4546/4503
f 4019/4547/4504 617/4548/4505 591/4546/4503
f 4019/4547/4504 4026/4549/4506 617/4548/4505
f 4026/4549/4506 4019/4547/4504 4017/4550/4507
f 4018/4545/4502 4017/4550/4507 4019/4547/4504
f 4016/4551/4508 4017/4550/4507 4018/4545/4502
f 4014/4552/4509 4016/4551/4508 4018/4545/4502
f 4014/4552/4509 4018/4545/4502 4015/4540/4497
f 4013/4541/4498 4014/4552/4509 4015/4540/4497
f 4026/4549/4506 620/4553/4510 617/4548/4505
f 4026/4549/4506 1735/4554/4511 620/4553/4510
f 4017/4550/4507 1735/4554/4511 4026/4549/4506
f 3991/4555/4512 1735/4554/4511 4017/4550/4507
f 4016/4551/4508 3991/4555/4512 4017/4550/4507
f 585/4556/4513 620/4553/4510 1735/4554/4511
f 585/4556/4513 1735/4554/4511 1738/4557/4514
f 586/4505/4462 585/4556/4513 1738/4557/4514
f 586/4505/4462 1738/4557/4514 1740/4558/4515
f 586/4505/4462 1740/4558/4515 1745/4504/4461
f 1745/4504/4461 1740/4558/4515 1741/4559/4516
f 1739/4560/4517 1741/4559/4516 1740/4558/4515
f 1739/4560/4517 1740/4558/4515 1738/4557/4514
f 1739/4560/4517 1738/4557/4514 1736/4561/4518
f 1735/4554/4511 1736/4561/4518 1738/4557/4514
f 1735/4554/4511 1737/4562/4519 1736/4561/4518
f 1737/4562/4519 1735/4554/4511 3991/4555/4512
f 1745/4504/4461 1741/4559/4516 1743/4503/4460
f 1742/4563/4520 1743/4503/4460 1741/4559/4516
f 1739/4560/4517 1742/4563/4520 1741/4559/4516
f 1742/4563/4520 225/199/205 1743/4503/4460
f 1744/4510/4467 225/199/205 1742/4563/4520
f 1744/4510/4467 1742/4563/4520 3999/4564/4521
f 1739/4560/4517 3999/4564/4521 1742/4563/4520
f 1739/4560/4517 3982/4565/4522 3999/4564/4521
f 1736/4561/4518 3982/4565/4522 1739/4560/4517
f 1736/4561/4518 3995/4566/4523 3982/4565/4522
f 1736/4561/4518 1737/4562/4519 3995/4566/4523
f 1744/4510/4467 3999/4564/4521 3992/4509/4466
f 3999/4564/4521 3993/4567/4524 3992/4509/4466
f 3999/4564/4521 4000/4568/4525 3993/4567/4524
f 3982/4565/4522 4000/4568/4525 3999/4564/4521
f 3982/4565/4522 3997/4569/4526 4000/4568/4525
f 3984/4570/4527 3997/4569/4526 3982/4565/4522
f 3984/4570/4527 3982/4565/4522 3995/4566/4523
f 3984/4570/4527 3995/4566/4523 3996/4571/4528
f 3981/4572/4529 3996/4571/4528 3995/4566/4523
f 1737/4562/4519 3981/4572/4529 3995/4566/4523
f 3992/4509/4466 3993/4567/4524 4002/4515/4472
f 4002/4515/4472 3993/4567/4524 3989/4573/4530
f 3988/4574/4531 3989/4573/4530 3993/4567/4524
f 3988/4574/4531 3993/4567/4524 4000/4568/4525
f 4000/4568/4525 3997/4569/4526 3988/4574/4531
f 219/4575/4532 3988/4574/4531 3997/4569/4526
f 3984/4570/4527 219/4575/4532 3997/4569/4526
f 3984/4570/4527 4025/4576/4533 219/4575/4532
f 4025/4576/4533 3984/4570/4527 3996/4571/4528
f 4002/4515/4472 3989/4573/4530 3901/4577/4534
f 3989/4573/4530 220/196/202 3901/4577/4534
f 3989/4573/4530 3988/4574/4531 220/196/202
f 219/4575/4532 220/196/202 3988/4574/4531
f 217/197/203 220/196/202 219/4575/4532
f 4002/4515/4472 3901/4577/4534 3900/4578/4535
f 3900/4578/4535 3901/4577/4534 594/4579/4536
f 594/4579/4536 3901/4577/4534 216/198/204
f 4005/4514/4471 4002/4515/4472 3900/4578/4535
f 4005/4514/4471 3900/4578/4535 3912/4580/4537
f 3900/4578/4535 590/4581/4538 3912/4580/4537
f 3900/4578/4535 594/4579/4536 590/4581/4538
f 4004/4582/4539 4005/4514/4471 3912/4580/4537
f 4004/4582/4539 3912/4580/4537 3917/4583/4540
f 621/4584/4541 3917/4583/4540 3912/4580/4537
f 621/4584/4541 3912/4580/4537 590/4581/4538
f 4004/4582/4539 4007/4585/4542 4005/4514/4471
f 4003/4586/4543 4007/4585/4542 4004/4582/4539
f 4003/4586/4543 4004/4582/4539 3917/4583/4540
f 4003/4586/4543 3917/4583/4540 3905/4587/4544
f 621/4584/4541 3905/4587/4544 3917/4583/4540
f 621/4584/4541 629/4588/4545 3905/4587/4544
f 629/4588/4545 3918/4589/4546 3905/4587/4544
f 625/4590/4547 3918/4589/4546 629/4588/4545
f 4006/4513/4470 4005/4514/4471 4007/4585/4542
f 4006/4513/4470 4007/4585/4542 4008/4519/4476
f 4008/4519/4476 4007/4585/4542 4003/4586/4543
f 4008/4519/4476 4003/4586/4543 4011/4518/4475
f 4003/4586/4543 3990/4517/4474 4011/4518/4475
f 4003/4586/4543 3916/4591/4548 3990/4517/4474
f 4003/4586/4543 3918/4589/4546 3916/4591/4548
f 4003/4586/4543 3905/4587/4544 3918/4589/4546
f 3990/4517/4474 3916/4591/4548 3903/4592/4549
f 3903/4592/4549 3916/4591/4548 3918/4589/4546
f 3903/4592/4549 3918/4589/4546 3902/4593/4550
f 625/4590/4547 3902/4593/4550 3918/4589/4546
f 3943/4594/4551 3902/4593/4550 625/4590/4547
f 3943/4594/4551 625/4590/4547 483/4595/4552
f 3906/4596/4553 3943/4594/4551 483/4595/4552
f 3906/4596/4553 483/4595/4552 228/4597/4554
f 228/4597/4554 483/4595/4552 3948/4598/4555
f 3990/4517/4474 3903/4592/4549 3915/4599/4556
f 3903/4592/4549 230/4600/4557 3915/4599/4556
f 230/4600/4557 3923/4601/4558 3915/4599/4556
f 3946/4602/4559 3923/4601/4558 230/4600/4557
f 3906/4596/4553 3946/4602/4559 230/4600/4557
f 3946/4602/4559 3906/4596/4553 228/4597/4554
f 3955/4603/4560 3946/4602/4559 228/4597/4554
f 3955/4603/4560 228/4597/4554 3947/4604/4561
f 228/4597/4554 3948/4598/4555 3947/4604/4561
f 187/176/182 3990/4517/4474 3915/4599/4556
f 192/174/180 187/176/182 3915/4599/4556
f 3915/4599/4556 3923/4601/4558 192/174/180
f 3904/4605/4562 192/174/180 3923/4601/4558
f 3945/4606/4563 3904/4605/4562 3923/4601/4558
f 3946/4602/4559 3945/4606/4563 3923/4601/4558
f 3946/4602/4559 3955/4603/4560 3945/4606/4563
f 3945/4606/4563 3955/4603/4560 3949/4607/4564
f 3955/4603/4560 3947/4604/4561 3949/4607/4564
f 3949/4607/4564 3947/4604/4561 3948/4598/4555
f 3904/4605/4562 188/175/181 192/174/180
f 3910/4476/4433 188/175/181 3904/4605/4562
f 3910/4476/4433 3904/4605/4562 3944/4608/4565
f 3945/4606/4563 3944/4608/4565 3904/4605/4562
f 3945/4606/4563 3907/4478/4435 3944/4608/4565
f 3945/4606/4563 229/4609/4566 3907/4478/4435
f 3945/4606/4563 3949/4607/4564 229/4609/4566
f 3949/4607/4564 3962/4610/4567 229/4609/4566
f 3949/4607/4564 3938/4611/4568 3962/4610/4567
f 3938/4611/4568 3973/4532/4489 3962/4610/4567
f 3938/4611/4568 3964/4612/4569 3973/4532/4489
f 3907/4478/4435 3910/4476/4433 3944/4608/4565
f 3901/4577/4534 220/196/202 216/198/204
f 3973/4532/4489 3964/4612/4569 3965/4544/4501
f 3965/4544/4501 3964/4612/4569 3978/4613/4570
f 3978/4613/4570 3964/4612/4569 582/4614/4571
f 3938/4611/4568 582/4614/4571 3964/4612/4569
f 3938/4611/4568 485/4615/4572 582/4614/4571
f 3949/4607/4564 485/4615/4572 3938/4611/4568
f 3949/4607/4564 3908/4616/4573 485/4615/4572
f 3949/4607/4564 3948/4598/4555 3908/4616/4573
f 3965/4544/4501 3978/4613/4570 3958/4617/4574
f 3958/4617/4574 3978/4613/4570 3956/4618/4575
f 3978/4613/4570 582/4614/4571 3956/4618/4575
f 499/4619/4576 3956/4618/4575 582/4614/4571
f 3942/4620/4577 3956/4618/4575 499/4619/4576
f 3942/4620/4577 499/4619/4576 619/4621/4578
f 619/4621/4578 3933/4622/4579 3942/4620/4577
f 619/4621/4578 578/4623/4580 3933/4622/4579
f 3965/4544/4501 3958/4617/4574 3959/4624/4581
f 3959/4624/4581 3958/4617/4574 3941/4625/4582
f 3942/4620/4577 3941/4625/4582 3958/4617/4574
f 3958/4617/4574 3956/4618/4575 3942/4620/4577
f 3967/4543/4500 3965/4544/4501 3959/4624/4581
f 3959/4624/4581 3968/4626/4583 3967/4543/4500
f 3959/4624/4581 3957/4627/4584 3968/4626/4583
f 3941/4625/4582 3957/4627/4584 3959/4624/4581
f 3941/4625/4582 3961/4628/4585 3957/4627/4584
f 3941/4625/4582 3940/4629/4586 3961/4628/4585
f 3941/4625/4582 3954/4630/4587 3940/4629/4586
f 3941/4625/4582 3933/4622/4579 3954/4630/4587
f 3942/4620/4577 3933/4622/4579 3941/4625/4582
f 3969/4542/4499 3967/4543/4500 3968/4626/4583
f 4014/4552/4509 3969/4542/4499 3968/4626/4583
f 4014/4552/4509 3968/4626/4583 3994/4631/4588
f 3968/4626/4583 3961/4628/4585 3994/4631/4588
f 3968/4626/4583 3957/4627/4584 3961/4628/4585
f 4014/4552/4509 4013/4541/4498 3969/4542/4499
f 4016/4551/4508 4014/4552/4509 3994/4631/4588
f 4016/4551/4508 3994/4631/4588 3960/4632/4589
f 3994/4631/4588 3980/4633/4590 3960/4632/4589
f 3994/4631/4588 3961/4628/4585 3980/4633/4590
f 3939/4634/4591 3980/4633/4590 3961/4628/4585
f 3939/4634/4591 3961/4628/4585 3940/4629/4586
f 3954/4630/4587 3939/4634/4591 3940/4629/4586
f 3954/4630/4587 3979/4635/4592 3939/4634/4591
f 592/4636/4593 3979/4635/4592 3954/4630/4587
f 592/4636/4593 3954/4630/4587 578/4623/4580
f 3954/4630/4587 3933/4622/4579 578/4623/4580
f 3960/4632/4589 3983/4637/4594 4016/4551/4508
f 3983/4637/4594 3960/4632/4589 3981/4572/4529
f 3960/4632/4589 3977/4638/4595 3981/4572/4529
f 3960/4632/4589 3980/4633/4590 3977/4638/4595
f 3991/4555/4512 4016/4551/4508 3983/4637/4594
f 3986/4639/4596 3991/4555/4512 3983/4637/4594
f 3983/4637/4594 3981/4572/4529 3986/4639/4596
f 1737/4562/4519 3986/4639/4596 3981/4572/4529
f 1737/4562/4519 3991/4555/4512 3986/4639/4596
f 485/4615/4572 3908/4616/4573 490/4640/4597
f 490/4640/4597 3908/4616/4573 3948/4598/4555
f 490/4640/4597 3948/4598/4555 484/4641/4598
f 484/4641/4598 3948/4598/4555 483/4595/4552
f 3973/4532/4489 3971/4480/4437 3962/4610/4567
f 3971/4480/4437 229/4609/4566 3962/4610/4567
f 3971/4480/4437 3907/4478/4435 229/4609/4566
f 230/4600/4557 3943/4594/4551 3906/4596/4553
f 230/4600/4557 3902/4593/4550 3943/4594/4551
f 3902/4593/4550 230/4600/4557 3903/4592/4549
f 3981/4572/4529 3977/4638/4595 3996/4571/4528
f 3996/4571/4528 3977/4638/4595 3987/4642/4599
f 3987/4642/4599 3977/4638/4595 3976/4643/4600
f 3977/4638/4595 3980/4633/4590 3976/4643/4600
f 3939/4634/4591 3976/4643/4600 3980/4633/4590
f 3979/4635/4592 3976/4643/4600 3939/4634/4591
f 3979/4635/4592 3987/4642/4599 3976/4643/4600
f 592/4636/4593 3987/4642/4599 3979/4635/4592
f 592/4636/4593 618/4644/4601 3987/4642/4599
f 3996/4571/4528 3987/4642/4599 4025/4576/4533
f 618/4644/4601 4025/4576/4533 3987/4642/4599
f 618/4644/4601 588/4645/4602 4025/4576/4533
f 219/4575/4532 4025/4576/4533 588/4645/4602
f 219/4575/4532 588/4645/4602 217/197/203
f 191/178/184 195/177/183 3450/4646/4603
f 4285/4647/4604 3450/4646/4603 195/177/183
f 4285/4647/4604 195/177/183 4281/4648/4605
f 4278/4575/4606 4281/4648/4605 195/177/183
f 190/179/185 4278/4575/4606 195/177/183
f 4031/4649/4607 3450/4646/4603 4285/4647/4604
f 4031/4649/4607 4285/4647/4604 4286/4650/4608
f 4286/4650/4608 4285/4647/4604 4281/4648/4605
f 4286/4650/4608 4281/4648/4605 4282/4651/4609
f 4280/4652/4610 4282/4651/4609 4281/4648/4605
f 4278/4575/4606 4280/4652/4610 4281/4648/4605
f 4031/4649/4607 3456/4653/4611 3450/4646/4603
f 4032/4654/4612 3456/4653/4611 4031/4649/4607
f 686/4655/4613 3450/4646/4603 3456/4653/4611
f 3456/4653/4611 729/4656/4614 686/4655/4613
f 3456/4653/4611 3455/4657/4615 729/4656/4614
f 4032/4654/4612 3455/4657/4615 3456/4653/4611
f 686/4655/4613 191/178/184 3450/4646/4603
f 690/4658/4616 729/4656/4614 3455/4657/4615
f 690/4658/4616 3455/4657/4615 3453/4659/4617
f 3454/4660/4618 3453/4659/4617 3455/4657/4615
f 3454/4660/4618 3455/4657/4615 4032/4654/4612
f 3454/4660/4618 4032/4654/4612 4033/4661/4619
f 4033/4661/4619 4032/4654/4612 205/4662/4620
f 4032/4654/4612 4052/4663/4621 205/4662/4620
f 4032/4654/4612 4031/4649/4607 4052/4663/4621
f 4031/4649/4607 4051/4664/4622 4052/4663/4621
f 3452/4587/4623 690/4658/4616 3453/4659/4617
f 4034/4665/4624 3452/4587/4623 3453/4659/4617
f 4034/4665/4624 3453/4659/4617 3454/4660/4618
f 3454/4660/4618 4033/4661/4619 4034/4665/4624
f 4034/4665/4624 4033/4661/4619 4039/4666/4625
f 4033/4661/4619 205/4662/4620 4039/4666/4625
f 205/4662/4620 4042/4667/4626 4039/4666/4625
f 205/4662/4620 4043/4668/4627 4042/4667/4626
f 4052/4663/4621 4043/4668/4627 205/4662/4620
f 4052/4663/4621 2753/239/244 4043/4668/4627
f 4051/4664/4622 2753/239/244 4052/4663/4621
f 3452/4587/4623 769/4669/4628 690/4658/4616
f 200/4589/4629 769/4669/4628 3452/4587/4623
f 200/4589/4629 3452/4587/4623 4034/4665/4624
f 200/4589/4629 4034/4665/4624 3447/4670/4630
f 4034/4665/4624 4050/4517/4631 3447/4670/4630
f 4034/4665/4624 4038/4518/4632 4050/4517/4631
f 4034/4665/4624 4039/4666/4625 4038/4518/4632
f 4039/4666/4625 4041/4671/4633 4038/4518/4632
f 4039/4666/4625 4042/4667/4626 4041/4671/4633
f 4042/4667/4626 4044/4672/4634 4041/4671/4633
f 4044/4672/4634 4042/4667/4626 4043/4668/4627
f 762/4673/4635 769/4669/4628 200/4589/4629
f 762/4673/4635 200/4589/4629 199/4674/4636
f 4321/4675/4637 199/4674/4636 200/4589/4629
f 4321/4675/4637 200/4589/4629 3447/4670/4630
f 4321/4675/4637 3447/4670/4630 4050/4517/4631
f 4321/4675/4637 4050/4517/4631 4322/4676/4638
f 4050/4517/4631 193/182/188 4322/4676/4638
f 4050/4517/4631 4030/4677/4639 193/182/188
f 4041/4671/4633 4030/4677/4639 4050/4517/4631
f 4041/4671/4633 4050/4517/4631 4038/4518/4632
f 762/4673/4635 199/4674/4636 4311/4678/4640
f 4311/4678/4640 199/4674/4636 4316/4679/4641
f 4321/4675/4637 4316/4679/4641 199/4674/4636
f 762/4673/4635 4311/4678/4640 760/4680/4642
f 760/4680/4642 4311/4678/4640 4310/4681/4643
f 4311/4678/4640 4316/4679/4641 4310/4681/4643
f 4313/4682/4644 4310/4681/4643 4316/4679/4641
f 4315/4683/4645 4313/4682/4644 4316/4679/4641
f 760/4680/4642 4310/4681/4643 4309/4597/4646
f 4305/4684/4647 760/4680/4642 4309/4597/4646
f 4305/4684/4647 4309/4597/4646 4303/4685/4648
f 4302/4686/4649 4305/4684/4647 4303/4685/4648
f 4312/4687/4650 4302/4686/4649 4303/4685/4648
f 4309/4597/4646 4312/4687/4650 4303/4685/4648
f 4309/4597/4646 4313/4682/4644 4312/4687/4650
f 4310/4681/4643 4313/4682/4644 4309/4597/4646
f 4302/4686/4649 4301/4616/4651 4305/4684/4647
f 626/4688/4652 4301/4616/4651 4302/4686/4649
f 626/4688/4652 4302/4686/4649 4307/4689/4653
f 546/4690/4654 626/4688/4652 4307/4689/4653
f 691/4691/4655 4301/4616/4651 626/4688/4652
f 4301/4616/4651 691/4691/4655 4305/4684/4647
f 691/4691/4655 768/4692/4656 4305/4684/4647
f 4305/4684/4647 768/4692/4656 760/4680/4642
f 194/181/187 4322/4676/4638 193/182/188
f 194/181/187 4315/4683/4645 4322/4676/4638
f 4319/4693/4657 4315/4683/4645 194/181/187
f 4319/4693/4657 194/181/187 198/180/186
f 4319/4693/4657 198/180/186 1734/4694/4658
f 4319/4693/4657 1734/4694/4658 4318/4695/4659
f 4318/4695/4659 1734/4694/4658 3444/4696/4660
f 4316/4679/4641 4322/4676/4638 4315/4683/4645
f 4321/4675/4637 4322/4676/4638 4316/4679/4641
f 2753/239/244 2754/238/243 4043/4668/4627
f 4044/4672/4634 4043/4668/4627 2754/238/243
f 4044/4672/4634 2754/238/243 4040/4697/4661
f 4053/4698/4662 4040/4697/4661 2754/238/243
f 4053/4698/4662 2754/238/243 2752/237/242
f 4053/4698/4662 2752/237/242 4047/4699/4663
f 4047/4699/4663 2752/237/242 4049/4700/4664
f 4035/4701/4665 4049/4700/4664 2752/237/242
f 2752/237/242 2753/239/244 4035/4701/4665
f 4051/4664/4622 4035/4701/4665 2753/239/244
f 4040/4697/4661 4036/4702/4666 4044/4672/4634
f 4036/4702/4666 4041/4671/4633 4044/4672/4634
f 4036/4702/4666 4037/4703/4667 4041/4671/4633
f 4030/4677/4639 4041/4671/4633 4037/4703/4667
f 4030/4677/4639 4037/4703/4667 206/4704/4668
f 4029/4705/4669 4030/4677/4639 206/4704/4668
f 4029/4705/4669 193/182/188 4030/4677/4639
f 193/182/188 4029/4705/4669 3446/4706/4670
f 198/180/186 193/182/188 3446/4706/4670
f 198/180/186 3446/4706/4670 201/4707/4671
f 4028/4708/4672 201/4707/4671 3446/4706/4670
f 761/4709/4673 4028/4708/4672 3446/4706/4670
f 761/4709/4673 3446/4706/4670 754/4710/4674
f 4029/4705/4669 754/4710/4674 3446/4706/4670
f 4029/4705/4669 204/4489/4675 754/4710/4674
f 4029/4705/4669 206/4704/4668 204/4489/4675
f 198/180/186 201/4707/4671 1734/4694/4658
f 201/4707/4671 4027/4711/4676 1734/4694/4658
f 3445/4712/4677 4027/4711/4676 201/4707/4671
f 201/4707/4671 4028/4708/4672 3445/4712/4677
f 4028/4708/4672 761/4709/4673 3445/4712/4677
f 3445/4712/4677 761/4709/4673 773/4713/4678
f 3445/4712/4677 773/4713/4678 4027/4711/4676
f 595/4484/4679 4027/4711/4676 773/4713/4678
f 595/4484/4679 1733/4714/4680 4027/4711/4676
f 1732/4715/4681 1733/4714/4680 595/4484/4679
f 1732/4715/4681 595/4484/4679 538/4520/4682
f 3444/4696/4660 1734/4694/4658 4027/4711/4676
f 4027/4711/4676 1733/4714/4680 3444/4696/4660
f 1733/4714/4680 3448/4716/4683 3444/4696/4660
f 1733/4714/4680 1732/4715/4681 3448/4716/4683
f 3449/4717/4684 3448/4716/4683 1732/4715/4681
f 3449/4717/4684 4245/4718/4685 3448/4716/4683
f 3459/4719/4686 4245/4718/4685 3449/4717/4684
f 3449/4717/4684 3458/4720/4687 3459/4719/4686
f 598/4721/4688 3458/4720/4687 3449/4717/4684
f 598/4721/4688 3449/4717/4684 540/4521/4689
f 540/4521/4689 3449/4717/4684 1732/4715/4681
f 540/4521/4689 1732/4715/4681 538/4520/4682
f 3459/4719/4686 4249/4722/4690 4245/4718/4685
f 4249/4722/4690 3459/4719/4686 4297/4723/4691
f 3459/4719/4686 3457/4724/4692 4297/4723/4691
f 3459/4719/4686 3458/4720/4687 3457/4724/4692
f 535/4725/4693 3457/4724/4692 3458/4720/4687
f 535/4725/4693 3458/4720/4687 598/4721/4688
f 4245/4718/4685 4249/4722/4690 4246/4726/4694
f 4249/4722/4690 4248/4727/4695 4246/4726/4694
f 4249/4722/4690 4254/4728/4696 4248/4727/4695
f 4249/4722/4690 4297/4723/4691 4254/4728/4696
f 4254/4728/4696 4297/4723/4691 4296/4729/4697
f 4296/4729/4697 4297/4723/4691 3457/4724/4692
f 4296/4729/4697 3457/4724/4692 3451/4730/4698
f 545/4731/4699 3451/4730/4698 3457/4724/4692
f 545/4731/4699 3457/4724/4692 535/4725/4693
f 4306/4532/4700 4245/4718/4685 4246/4726/4694
f 4306/4532/4700 4246/4726/4694 4247/4732/4701
f 4247/4732/4701 4246/4726/4694 4248/4727/4695
f 4247/4732/4701 4248/4727/4695 4252/4733/4702
f 4253/4734/4703 4252/4733/4702 4248/4727/4695
f 4248/4727/4695 4254/4728/4696 4253/4734/4703
f 4253/4734/4703 4254/4728/4696 4260/4735/4704
f 4254/4728/4696 4296/4729/4697 4260/4735/4704
f 4295/4736/4705 4260/4735/4704 4296/4729/4697
f 4295/4736/4705 4296/4729/4697 3451/4730/4698
f 3448/4716/4683 4245/4718/4685 4306/4532/4700
f 3448/4716/4683 4306/4532/4700 4323/4610/4706
f 4307/4689/4653 4323/4610/4706 4306/4532/4700
f 4307/4689/4653 4306/4532/4700 4250/4737/4707
f 4251/4738/4708 4250/4737/4707 4306/4532/4700
f 4251/4738/4708 4306/4532/4700 4247/4732/4701
f 4252/4733/4702 4251/4738/4708 4247/4732/4701
f 4252/4733/4702 4257/4739/4709 4251/4738/4708
f 4257/4739/4709 4252/4733/4702 4258/4740/4710
f 4253/4734/4703 4258/4740/4710 4252/4733/4702
f 4258/4740/4710 4253/4734/4703 4259/4741/4711
f 4253/4734/4703 4260/4735/4704 4259/4741/4711
f 4295/4736/4705 4259/4741/4711 4260/4735/4704
f 4294/4742/4712 4259/4741/4711 4295/4736/4705
f 4302/4686/4649 4323/4610/4706 4307/4689/4653
f 4302/4686/4649 4317/4609/4713 4323/4610/4706
f 4302/4686/4649 4314/4743/4714 4317/4609/4713
f 4302/4686/4649 4312/4687/4650 4314/4743/4714
f 4313/4682/4644 4314/4743/4714 4312/4687/4650
f 4313/4682/4644 4315/4683/4645 4314/4743/4714
f 4319/4693/4657 4314/4743/4714 4315/4683/4645
f 4319/4693/4657 4318/4695/4659 4314/4743/4714
f 4317/4609/4713 3448/4716/4683 4323/4610/4706
f 4317/4609/4713 3444/4696/4660 3448/4716/4683
f 4314/4743/4714 3444/4696/4660 4317/4609/4713
f 4314/4743/4714 4318/4695/4659 3444/4696/4660
f 4294/4742/4712 4293/4744/4715 4259/4741/4711
f 4266/4745/4716 4259/4741/4711 4293/4744/4715
f 4266/4745/4716 4293/4744/4715 4292/4746/4717
f 4291/4747/4718 4292/4746/4717 4293/4744/4715
f 4291/4747/4718 4293/4744/4715 4059/4748/4719
f 4290/4749/4720 4291/4747/4718 4059/4748/4719
f 4290/4749/4720 4059/4748/4719 4288/4750/4721
f 4258/4740/4710 4259/4741/4711 4266/4745/4716
f 4265/4751/4722 4258/4740/4710 4266/4745/4716
f 4272/4752/4723 4265/4751/4722 4266/4745/4716
f 4272/4752/4723 4266/4745/4716 4292/4746/4717
f 4274/4753/4724 4272/4752/4723 4292/4746/4717
f 4274/4753/4724 4292/4746/4717 4289/4754/4725
f 4291/4747/4718 4289/4754/4725 4292/4746/4717
f 4291/4747/4718 4290/4749/4720 4289/4754/4725
f 4289/4754/4725 4290/4749/4720 4288/4750/4721
f 4289/4754/4725 4288/4750/4721 4284/4755/4726
f 4060/4756/4727 4284/4755/4726 4288/4750/4721
f 4265/4751/4722 4264/4757/4728 4258/4740/4710
f 4265/4751/4722 4263/4758/4729 4264/4757/4728
f 4265/4751/4722 4269/4759/4730 4263/4758/4729
f 4271/4760/4731 4269/4759/4730 4265/4751/4722
f 4271/4760/4731 4265/4751/4722 4272/4752/4723
f 4272/4752/4723 4273/4761/4732 4271/4760/4731
f 4273/4761/4732 4272/4752/4723 4274/4753/4724
f 4257/4739/4709 4258/4740/4710 4264/4757/4728
f 4264/4757/4728 4263/4758/4729 4257/4739/4709
f 4256/4762/4733 4257/4739/4709 4263/4758/4729
f 4262/4763/4734 4256/4762/4733 4263/4758/4729
f 4262/4763/4734 4263/4758/4729 4267/4764/4735
f 4268/4765/4736 4267/4764/4735 4263/4758/4729
f 4268/4765/4736 4263/4758/4729 4269/4759/4730
f 4268/4765/4736 4269/4759/4730 4271/4760/4731
f 4268/4765/4736 4271/4760/4731 4270/4766/4737
f 4270/4766/4737 4271/4760/4731 4273/4761/4732
f 4270/4766/4737 4273/4761/4732 4275/4767/4738
f 4275/4767/4738 4273/4761/4732 4274/4753/4724
f 4251/4738/4708 4257/4739/4709 4256/4762/4733
f 4251/4738/4708 4256/4762/4733 4255/4768/4739
f 4256/4762/4733 4261/4769/4740 4255/4768/4739
f 4256/4762/4733 4262/4763/4734 4261/4769/4740
f 549/4770/4741 4261/4769/4740 4262/4763/4734
f 549/4770/4741 4262/4763/4734 539/4771/4742
f 539/4771/4742 4262/4763/4734 4267/4764/4735
f 4267/4764/4735 544/4772/4743 539/4771/4742
f 544/4772/4743 4267/4764/4735 4268/4765/4736
f 733/4773/4744 544/4772/4743 4268/4765/4736
f 733/4773/4744 4268/4765/4736 4270/4766/4737
f 4275/4767/4738 733/4773/4744 4270/4766/4737
f 4250/4737/4707 4251/4738/4708 4255/4768/4739
f 4255/4768/4739 546/4690/4654 4250/4737/4707
f 4255/4768/4739 4261/4769/4740 546/4690/4654
f 549/4770/4741 546/4690/4654 4261/4769/4740
f 546/4690/4654 4307/4689/4653 4250/4737/4707
f 4275/4767/4738 728/4774/4745 733/4773/4744
f 4276/4775/4746 728/4774/4745 4275/4767/4738
f 4277/4776/4747 4276/4775/4746 4275/4767/4738
f 4277/4776/4747 4275/4767/4738 4274/4753/4724
f 4277/4776/4747 4274/4753/4724 4289/4754/4725
f 4277/4776/4747 4289/4754/4725 4284/4755/4726
f 4276/4775/4746 695/4777/4748 728/4774/4745
f 695/4777/4748 4276/4775/4746 4278/4575/4606
f 4278/4575/4606 4276/4775/4746 4279/4778/4749
f 4276/4775/4746 4277/4776/4747 4279/4778/4749
f 695/4777/4748 4278/4575/4606 190/179/185
f 4278/4575/4606 4279/4778/4749 4280/4652/4610
f 4284/4755/4726 4279/4778/4749 4277/4776/4747
f 4279/4778/4749 4284/4755/4726 4283/4565/4750
f 4060/4756/4727 4283/4565/4750 4284/4755/4726
f 4060/4756/4727 4057/4779/4751 4283/4565/4750
f 4287/4780/4752 4283/4565/4750 4057/4779/4751
f 4287/4780/4752 4057/4779/4751 4049/4700/4664
f 4287/4780/4752 4049/4700/4664 4035/4701/4665
f 4287/4780/4752 4035/4701/4665 4051/4664/4622
f 4279/4778/4749 4283/4565/4750 4280/4652/4610
f 4282/4651/4609 4280/4652/4610 4283/4565/4750
f 4282/4651/4609 4283/4565/4750 4287/4780/4752
f 4286/4650/4608 4282/4651/4609 4287/4780/4752
f 4286/4650/4608 4287/4780/4752 4051/4664/4622
f 4031/4649/4607 4286/4650/4608 4051/4664/4622
f 628/4781/4753 3451/4730/4698 545/4731/4699
f 628/4781/4753 4295/4736/4705 3451/4730/4698
f 4294/4742/4712 4295/4736/4705 628/4781/4753
f 4294/4742/4712 628/4781/4753 630/4782/4754
f 4294/4742/4712 630/4782/4754 4299/4783/4755
f 4299/4783/4755 630/4782/4754 732/4784/4756
f 4299/4783/4755 732/4784/4756 4300/4785/4757
f 4300/4785/4757 732/4784/4756 731/4786/4758
f 4300/4785/4757 731/4786/4758 4061/4787/4759
f 694/4556/4760 4061/4787/4759 731/4786/4758
f 4299/4783/4755 4298/4788/4761 4294/4742/4712
f 4298/4788/4761 4299/4783/4755 4300/4785/4757
f 4300/4785/4757 4061/4787/4759 4298/4788/4761
f 4298/4788/4761 4061/4787/4759 4059/4748/4719
f 4288/4750/4721 4059/4748/4719 4061/4787/4759
f 4060/4756/4727 4288/4750/4721 4061/4787/4759
f 4060/4756/4727 4061/4787/4759 4054/4789/4762
f 4054/4789/4762 4057/4779/4751 4060/4756/4727
f 4054/4789/4762 4056/4790/4763 4057/4779/4751
f 4293/4744/4715 4294/4742/4712 4298/4788/4761
f 4293/4744/4715 4298/4788/4761 4059/4748/4719
f 694/4556/4760 4054/4789/4762 4061/4787/4759
f 796/4505/4764 4054/4789/4762 694/4556/4760
f 796/4505/4764 4056/4790/4763 4054/4789/4762
f 4056/4790/4763 796/4505/4764 783/4791/4765
f 4056/4790/4763 783/4791/4765 4048/4792/4766
f 4048/4792/4766 783/4791/4765 782/4793/4767
f 782/4793/4767 4046/4794/4768 4048/4792/4766
f 4055/4795/4769 4046/4794/4768 782/4793/4767
f 4055/4795/4769 782/4793/4767 689/4796/4770
f 4055/4795/4769 689/4796/4770 4053/4698/4662
f 730/4797/4771 4053/4698/4662 689/4796/4770
f 4056/4790/4763 4048/4792/4766 4058/4798/4772
f 4046/4794/4768 4058/4798/4772 4048/4792/4766
f 4046/4794/4768 4047/4699/4663 4058/4798/4772
f 4047/4699/4663 4046/4794/4768 4055/4795/4769
f 4053/4698/4662 4047/4699/4663 4055/4795/4769
f 4058/4798/4772 4057/4779/4751 4056/4790/4763
f 4058/4798/4772 4049/4700/4664 4057/4779/4751
f 4047/4699/4663 4049/4700/4664 4058/4798/4772
f 204/4489/4675 206/4704/4668 4037/4703/4667
f 204/4489/4675 4037/4703/4667 687/4492/4773
f 687/4492/4773 4037/4703/4667 4036/4702/4666
f 687/4492/4773 4036/4702/4666 767/4799/4774
f 4040/4697/4661 767/4799/4774 4036/4702/4666
f 4040/4697/4661 730/4797/4771 767/4799/4774
f 4040/4697/4661 4045/4800/4775 730/4797/4771
f 730/4797/4771 4045/4800/4775 4053/4698/4662
f 4045/4800/4775 4040/4697/4661 4053/4698/4662
f 2626/29/33 4336/30/35 4334/2711/2686
f 2626/29/33 4334/2711/2686 2566/4801/2544
f 4335/2709/2684 2566/4801/2544 4334/2711/2686
f 4335/2709/2684 2699/4802/2542 2566/4801/2544
f 2697/4803/2540 2699/4802/2542 4335/2709/2684
f 2697/4803/2540 4335/2709/2684 4333/2704/2681
f 2696/2702/2538 2697/4803/2540 4333/2704/2681
f 2681/2517/2522 2787/2718/2690 2786/2715/2687
f 2680/2515/2520 2681/2517/2522 2786/2715/2687
f 223/204/210 2787/2718/2690 227/202/208
f 2681/2517/2522 227/202/208 2787/2718/2690
f 5163/42/47 4123/31/36 4119/33/38
f 5163/42/47 4119/33/38 458/2412/351
f 458/2412/351 5169/2345/2326 5163/42/47
f 5153/38/43 4124/39/44 5154/2335/2316
f 5157/2336/2317 5154/2335/2316 4124/39/44
f 35/2419/2397 32/2422/2400 31/2612/2616
f 35/2419/2397 31/2612/2616 30/2421/2399
f 174/159/162 136/123/126 131/125/128
f 136/123/126 174/159/162 569/4804/4776
f 569/4804/4776 174/159/162 172/160/163
f 172/160/163 577/4805/4777 569/4804/4776
f 172/160/163 571/4806/4778 577/4805/4777
f 571/4806/4778 172/160/163 2383/1510/2002
f 2388/2001/2003 2383/1510/2002 172/160/163
f 2388/2001/2003 172/160/163 131/125/128
f 136/123/126 569/4804/4776 568/4807/4779
f 568/4807/4779 132/124/127 136/123/126
f 568/4807/4779 579/4808/4780 132/124/127
f 568/4807/4779 580/4809/4781 579/4808/4780
f 580/4809/4781 581/4810/4782 579/4808/4780
f 581/4810/4782 580/4809/4781 583/4811/4783
f 581/4810/4782 583/4811/4783 584/4812/4784
f 175/162/165 584/4812/4784 583/4811/4783
f 175/162/165 583/4811/4783 615/4813/4785
f 132/124/127 579/4808/4780 4965/4814/4786
f 581/4810/4782 4965/4814/4786 579/4808/4780
f 581/4810/4782 4964/4815/4787 4965/4814/4786
f 584/4812/4784 4964/4815/4787 581/4810/4782
f 584/4812/4784 4963/4816/4788 4964/4815/4787
f 584/4812/4784 4972/2037/4789 4963/4816/4788
f 584/4812/4784 175/162/165 4972/2037/4789
f 4971/4817/4790 4972/2037/4789 175/162/165
f 4971/4817/4790 175/162/165 128/122/125
f 132/124/127 4965/4814/4786 4966/4818/4791
f 4952/4819/4792 4966/4818/4791 4965/4814/4786
f 4952/4819/4792 4965/4814/4786 4953/2040/4793
f 4953/2040/4793 4965/4814/4786 4964/4815/4787
f 4953/2040/4793 4964/4815/4787 4954/4820/4794
f 4954/4820/4794 4964/4815/4787 4963/4816/4788
f 4954/4820/4794 4963/4816/4788 4955/4821/4795
f 4963/4816/4788 4958/2066/4796 4955/4821/4795
f 4963/4816/4788 4972/2037/4789 4958/2066/4796
f 132/124/127 4966/4818/4791 4967/4822/4797
f 4924/4823/4798 4967/4822/4797 4966/4818/4791
f 4924/4823/4798 4966/4818/4791 4952/4819/4792
f 132/124/127 4967/4822/4797 131/125/128
f 2388/2001/2003 131/125/128 4967/4822/4797
f 4923/4824/4799 2388/2001/2003 4967/4822/4797
f 4923/4824/4799 4967/4822/4797 4924/4823/4798
f 4923/4824/4799 2385/2002/2004 2388/2001/2003
f 4923/4824/4799 4914/4825/4800 2385/2002/2004
f 4920/4826/4801 2385/2002/2004 4914/4825/4800
f 4920/4826/4801 2386/2003/2005 2385/2002/2004
f 4968/4827/4802 2386/2003/2005 4920/4826/4801
f 4968/4827/4802 4920/4826/4801 4922/2017/4803
f 4969/4828/4804 4968/4827/4802 4922/2017/4803
f 4969/4828/4804 4922/2017/4803 4866/4829/4805
f 4970/4830/4806 4969/4828/4804 4866/4829/4805
f 4970/4830/4806 4866/4829/4805 4913/2064/4807
f 576/4831/4808 2386/2003/2005 4968/4827/4802
f 576/4831/4808 4968/4827/4802 4969/4828/4804
f 576/4831/4808 4969/4828/4804 495/4832/4809
f 642/4833/4810 495/4832/4809 4969/4828/4804
f 642/4833/4810 4969/4828/4804 4970/4830/4806
f 641/4834/4811 642/4833/4810 4970/4830/4806
f 641/4834/4811 4970/4830/4806 4951/4835/4812
f 4951/4835/4812 4970/4830/4806 4913/2064/4807
f 4951/4835/4812 4913/2064/4807 4912/4836/4813
f 4919/4837/4814 4951/4835/4812 4912/4836/4813
f 576/4831/4808 571/4806/4778 2386/2003/2005
f 576/4831/4808 577/4805/4777 571/4806/4778
f 576/4831/4808 500/4838/4815 577/4805/4777
f 500/4838/4815 576/4831/4808 495/4832/4809
f 496/4839/4816 500/4838/4815 495/4832/4809
f 496/4839/4816 495/4832/4809 642/4833/4810
f 642/4833/4810 497/4840/4817 496/4839/4816
f 642/4833/4810 641/4834/4811 497/4840/4817
f 571/4806/4778 2383/1510/2002 2386/2003/2005
f 4972/2037/4789 4959/4841/4818 4958/2066/4796
f 4972/2037/4789 4971/4817/4790 4959/4841/4818
f 4971/4817/4790 4957/2054/4819 4959/4841/4818
f 4971/4817/4790 4960/2047/4820 4957/2054/4819
f 4971/4817/4790 128/122/125 4960/2047/4820
f 129/121/124 4960/2047/4820 128/122/125
f 4960/2047/4820 4956/4842/4821 4957/2054/4819
f 4960/2047/4820 4961/4843/4822 4956/4842/4821
f 129/121/124 4961/4843/4822 4960/2047/4820
f 129/121/124 4962/4844/4823 4961/4843/4822
f 129/121/124 476/4845/4824 4962/4844/4823
f 477/4846/4825 476/4845/4824 129/121/124
f 133/120/123 477/4846/4825 129/121/124
f 133/120/123 489/4847/4826 477/4846/4825
f 489/4847/4826 133/120/123 128/122/125
f 4956/4842/4821 4961/4843/4822 4962/4844/4823
f 4956/4842/4821 4962/4844/4823 4947/4848/4827
f 4947/4848/4827 4962/4844/4823 4949/4849/4828
f 476/4845/4824 4949/4849/4828 4962/4844/4823
f 476/4845/4824 479/4850/4829 4949/4849/4828
f 478/4851/4830 479/4850/4829 476/4845/4824
f 477/4846/4825 478/4851/4830 476/4845/4824
f 4947/4848/4827 4949/4849/4828 4908/2058/4831
f 4925/4852/4832 4908/2058/4831 4949/4849/4828
f 4925/4852/4832 4949/4849/4828 4948/4853/4833
f 479/4850/4829 4948/4853/4833 4949/4849/4828
f 479/4850/4829 481/4854/4834 4948/4853/4833
f 479/4850/4829 480/4855/4835 481/4854/4834
f 479/4850/4829 478/4851/4830 480/4855/4835
f 4925/4852/4832 4948/4853/4833 4950/4856/4836
f 481/4854/4834 4950/4856/4836 4948/4853/4833
f 481/4854/4834 498/4857/4837 4950/4856/4836
f 480/4855/4835 498/4857/4837 481/4854/4834
f 498/4857/4837 480/4855/4835 497/4840/4817
f 498/4857/4837 497/4840/4817 641/4834/4811
f 641/4834/4811 4950/4856/4836 498/4857/4837
f 641/4834/4811 4951/4835/4812 4950/4856/4836
f 4919/4837/4814 4950/4856/4836 4951/4835/4812
f 4925/4852/4832 4950/4856/4836 4919/4837/4814
f 128/122/125 178/161/164 489/4847/4826
f 178/161/164 615/4813/4785 489/4847/4826
f 615/4813/4785 178/161/164 175/162/165
f 887/4858/4838 314/572/591 1026/452/582
f 1026/452/582 1033/559/574 887/4858/4838
f 1033/559/574 886/4859/4839 887/4858/4838
f 886/4859/4839 1033/559/574 1022/553/568
f 886/4859/4839 1022/553/568 885/4860/4840
f 885/4860/4840 1022/553/568 1127/545/560
f 887/4858/4838 342/4861/3181 314/572/591
f 334/4862/3178 342/4861/3181 887/4858/4838
f 334/4862/3178 887/4858/4838 883/437/4841
f 886/4859/4839 883/437/4841 887/4858/4838
f 886/4859/4839 884/4863/4842 883/437/4841
f 885/4860/4840 884/4863/4842 886/4859/4839
f 885/4860/4840 854/422/4843 884/4863/4842
f 854/422/4843 885/4860/4840 861/4864/4844
f 885/4860/4840 1127/545/560 861/4864/4844
f 861/4864/4844 1127/545/560 1128/546/561
f 861/4864/4844 1128/546/561 860/4865/4845
f 860/4865/4845 1128/546/561 1078/538/553
f 883/437/4841 846/4866/4846 334/4862/3178
f 883/437/4841 845/4867/4847 846/4866/4846
f 884/4863/4842 845/4867/4847 883/437/4841
f 884/4863/4842 853/4868/4848 845/4867/4847
f 854/422/4843 853/4868/4848 884/4863/4842
f 854/422/4843 852/414/4849 853/4868/4848
f 854/422/4843 868/4869/4850 852/414/4849
f 854/422/4843 861/4864/4844 868/4869/4850
f 868/4869/4850 861/4864/4844 860/4865/4845
f 846/4866/4846 376/4870/3177 334/4862/3178
f 376/4870/3177 846/4866/4846 844/4871/4851
f 843/4872/4852 844/4871/4851 846/4866/4846
f 843/4872/4852 846/4866/4846 842/4873/4853
f 845/4867/4847 842/4873/4853 846/4866/4846
f 841/4874/4854 842/4873/4853 845/4867/4847
f 841/4874/4854 845/4867/4847 853/4868/4848
f 841/4874/4854 853/4868/4848 852/414/4849
f 844/4871/4851 383/4875/3176 376/4870/3177
f 840/4876/4855 383/4875/3176 844/4871/4851
f 840/4876/4855 844/4871/4851 843/4872/4852
f 840/4876/4855 843/4872/4852 839/4877/4856
f 843/4872/4852 837/4878/4857 839/4877/4856
f 843/4872/4852 847/4879/4858 837/4878/4857
f 842/4873/4853 847/4879/4858 843/4872/4852
f 842/4873/4853 841/4874/4854 847/4879/4858
f 841/4874/4854 836/4880/4859 847/4879/4858
f 841/4874/4854 848/4881/4860 836/4880/4859
f 841/4874/4854 852/414/4849 848/4881/4860
f 383/4875/3176 840/4876/4855 81/443/73
f 840/4876/4855 855/441/454 81/443/73
f 840/4876/4855 839/4877/4856 855/441/454
f 839/4877/4856 856/439/452 855/441/454
f 856/439/452 839/4877/4856 857/4882/4861
f 837/4878/4857 857/4882/4861 839/4877/4856
f 837/4878/4857 858/4883/4862 857/4882/4861
f 858/4883/4862 837/4878/4857 847/4879/4858
f 858/4883/4862 847/4879/4858 836/4880/4859
f 859/4884/4863 858/4883/4862 836/4880/4859
f 859/4884/4863 836/4880/4859 870/4885/4864
f 848/4881/4860 870/4885/4864 836/4880/4859
f 871/4886/4865 870/4885/4864 848/4881/4860
f 848/4881/4860 872/4887/4866 871/4886/4865
f 848/4881/4860 852/414/4849 872/4887/4866
f 856/439/452 857/4882/4861 892/438/451
f 857/4882/4861 899/431/444 892/438/451
f 858/4883/4862 899/431/444 857/4882/4861
f 898/430/443 899/431/444 858/4883/4862
f 898/430/443 858/4883/4862 859/4884/4863
f 859/4884/4863 904/423/436 898/430/443
f 869/416/429 904/423/436 859/4884/4863
f 869/416/429 859/4884/4863 867/4888/4867
f 867/4888/4867 859/4884/4863 870/4885/4864
f 871/4886/4865 867/4888/4867 870/4885/4864
f 867/4888/4867 871/4886/4865 865/4889/4868
f 865/4889/4868 871/4886/4865 872/4887/4866
f 872/4887/4866 866/4890/4869 865/4889/4868
f 872/4887/4866 4772/407/4870 866/4890/4869
f 852/414/4849 4772/407/4870 872/4887/4866
f 852/414/4849 868/4869/4850 4772/407/4870
f 868/4869/4850 860/4865/4845 4772/407/4870
f 927/409/422 869/416/429 867/4888/4867
f 927/409/422 867/4888/4867 850/4891/4871
f 867/4888/4867 865/4889/4868 850/4891/4871
f 863/4892/4872 850/4891/4871 865/4889/4868
f 864/4893/4873 863/4892/4872 865/4889/4868
f 864/4893/4873 865/4889/4868 866/4890/4869
f 4774/4894/4874 864/4893/4873 866/4890/4869
f 860/4865/4845 4774/4894/4874 866/4890/4869
f 860/4865/4845 866/4890/4869 4772/407/4870
f 850/4891/4871 4773/4895/4875 927/409/422
f 863/4892/4872 4773/4895/4875 850/4891/4871
f 4773/4895/4875 863/4892/4872 4771/4896/4876
f 863/4892/4872 851/4897/4877 4771/4896/4876
f 863/4892/4872 864/4893/4873 851/4897/4877
f 864/4893/4873 849/4898/4878 851/4897/4877
f 864/4893/4873 4774/4894/4874 849/4898/4878
f 1078/538/553 849/4898/4878 4774/4894/4874
f 860/4865/4845 1078/538/553 4774/4894/4874
f 927/409/422 4773/4895/4875 833/403/416
f 834/396/409 833/403/416 4773/4895/4875
f 834/396/409 4773/4895/4875 835/4899/4879
f 4773/4895/4875 4771/4896/4876 835/4899/4879
f 838/4900/4880 835/4899/4879 4771/4896/4876
f 838/4900/4880 4771/4896/4876 4770/4901/4881
f 4770/4901/4881 4771/4896/4876 851/4897/4877
f 4770/4901/4881 851/4897/4877 4769/4902/4882
f 4769/4902/4882 851/4897/4877 849/4898/4878
f 4769/4902/4882 849/4898/4878 4779/4903/4883
f 4779/4903/4883 849/4898/4878 1073/539/554
f 849/4898/4878 1078/538/553 1073/539/554
f 957/389/402 834/396/409 835/4899/4879
f 957/389/402 835/4899/4879 838/4900/4880
f 960/378/391 957/389/402 838/4900/4880
f 960/378/391 838/4900/4880 4775/4904/4884
f 838/4900/4880 4776/4905/4885 4775/4904/4884
f 838/4900/4880 4770/4901/4881 4776/4905/4885
f 4770/4901/4881 4777/4906/4886 4776/4905/4885
f 4769/4902/4882 4777/4906/4886 4770/4901/4881
f 4769/4902/4882 4778/4907/4887 4777/4906/4886
f 4779/4903/4883 4778/4907/4887 4769/4902/4882
f 4779/4903/4883 1077/532/547 4778/4907/4887
f 1082/531/546 1077/532/547 4779/4903/4883
f 1082/531/546 4779/4903/4883 1073/539/554
f 4775/4904/4884 962/377/390 960/378/391
f 4775/4904/4884 862/4908/4888 962/377/390
f 4776/4905/4885 862/4908/4888 4775/4904/4884
f 4776/4905/4885 826/4909/4889 862/4908/4888
f 4776/4905/4885 4777/4906/4886 826/4909/4889
f 4777/4906/4886 827/4910/4890 826/4909/4889
f 4778/4907/4887 827/4910/4890 4777/4906/4886
f 4778/4907/4887 1077/532/547 827/4910/4890
f 1084/525/540 827/4910/4890 1077/532/547
f 821/4911/4891 827/4910/4890 1084/525/540
f 821/4911/4891 1084/525/540 1083/526/541
f 825/373/386 962/377/390 862/4908/4888
f 825/373/386 862/4908/4888 814/4912/4892
f 826/4909/4889 814/4912/4892 862/4908/4888
f 826/4909/4889 821/4911/4891 814/4912/4892
f 821/4911/4891 826/4909/4889 827/4910/4890
f 813/4913/4893 825/373/386 814/4912/4892
f 814/4912/4892 812/4914/4894 813/4913/4893
f 821/4911/4891 812/4914/4894 814/4912/4892
f 821/4911/4891 1083/526/541 812/4914/4894
f 746/4915/4895 812/4914/4894 1083/526/541
f 746/4915/4895 1083/526/541 1097/517/532
f 1097/517/532 744/4916/4896 746/4915/4895
f 295/518/533 744/4916/4896 1097/517/532
f 300/4917/3094 744/4916/4896 295/518/533
f 825/373/386 813/4913/4893 819/352/365
f 813/4913/4893 299/353/366 819/352/365
f 299/353/366 813/4913/4893 817/4918/4897
f 812/4914/4894 817/4918/4897 813/4913/4893
f 812/4914/4894 746/4915/4895 817/4918/4897
f 818/4919/4898 817/4918/4897 746/4915/4895
f 818/4919/4898 746/4915/4895 744/4916/4896
f 300/4917/3094 818/4919/4898 744/4916/4896
f 300/4917/3094 299/353/366 818/4919/4898
f 299/353/366 817/4918/4897 818/4919/4898
f 3696/4920/4257 3762/4921/4259 4098/4922/4899
f 3702/4923/4254 3696/4920/4257 4098/4922/4899
f 3666/4924/4252 3702/4923/4254 4098/4922/4899
f 3689/4925/4251 3666/4924/4252 4098/4922/4899
f 3693/4926/4244 3689/4925/4251 4098/4922/4899
f 3665/4927/4236 3693/4926/4244 4098/4922/4899
f 3695/4928/4232 3665/4927/4236 4098/4922/4899
f 3690/4929/4233 3695/4928/4232 4098/4922/4899
f 3731/4930/4277 3690/4929/4233 4098/4922/4899
f 3753/4931/4273 3731/4930/4277 4098/4922/4899
f 3783/4932/4264 3753/4931/4273 4098/4922/4899
f 3752/4933/4260 3783/4932/4264 4098/4922/4899
f 3762/4921/4259 3752/4933/4260 4098/4922/4899
f 3846/4934/4338 4097/4922/4900 4091/4935/4335
f 4091/4935/4335 4097/4922/4900 3786/4936/4333
f 3786/4936/4333 4097/4922/4900 3790/4937/4332
f 3790/4937/4332 4097/4922/4900 3792/4938/4325
f 3792/4938/4325 4097/4922/4900 3798/4939/4312
f 3798/4939/4312 4097/4922/4900 3787/4940/4308
f 3787/4940/4308 4097/4922/4900 3750/4941/4309
f 3750/4941/4309 4097/4922/4900 3779/4942/4358
f 3779/4942/4358 4097/4922/4900 3822/4943/4356
f 3822/4943/4356 4097/4922/4900 3812/4944/4344
f 3812/4944/4344 4097/4922/4900 3848/4945/4341
f 3848/4945/4341 4097/4922/4900 3845/4946/4340
f 3845/4946/4340 4097/4922/4900 3846/4934/4338
f 4835/4947/4901 4833/1942/1937 4737/1926/1921
f 4736/1927/1922 4835/4947/4901 4737/1926/1921
f 4736/1927/1922 4735/4948/4902 4835/4947/4901
f 4734/1928/1923 4735/4948/4902 4736/1927/1922
f 4730/4949/4903 4735/4948/4902 4734/1928/1923
f 4730/4949/4903 4734/1928/1923 4733/1918/1913
f 4733/1918/1913 4763/1919/1914 4730/4949/4903
f 4836/1941/1936 4833/1942/1937 4835/4947/4901
f 4836/1941/1936 4835/4947/4901 4834/4950/4904
f 4834/4950/4904 4831/1956/1951 4836/1941/1936
f 4832/1954/1949 4831/1956/1951 4834/4950/4904
f 4832/1954/1949 4834/4950/4904 4830/4951/4905
f 4830/4951/4905 4829/1953/1948 4832/1954/1949
f 4829/1953/1948 4830/4951/4905 4827/4952/4906
f 4829/1953/1948 4827/4952/4906 4828/1951/1946
f 4826/1950/1945 4828/1951/1946 4827/4952/4906
f 4826/1950/1945 4827/4952/4906 4825/4953/4907
f 4825/4953/4907 4816/1955/1950 4826/1950/1945
f 4818/4954/4908 4816/1955/1950 4825/4953/4907
f 4818/4954/4908 4817/1937/1932 4816/1955/1950
f 4819/4955/4909 4817/1937/1932 4818/4954/4908
f 4819/4955/4909 4820/1925/1920 4817/1937/1932
f 4819/4955/4909 4821/1929/1924 4820/1925/1920
f 4819/4955/4909 4822/4956/4910 4821/1929/1924
f 4821/1929/1924 4822/4956/4910 4731/1930/1925
f 4822/4956/4910 4767/1931/1926 4731/1930/1925
f 4822/4956/4910 4732/4957/4911 4767/1931/1926
f 4768/1932/1927 4767/1931/1926 4732/4957/4911
f 4765/4958/4912 4768/1932/1927 4732/4957/4911
f 4765/4958/4912 4766/1920/1915 4768/1932/1927
f 4765/4958/4912 4763/1919/1914 4766/1920/1915
f 4765/4958/4912 4730/4949/4903 4763/1919/1914
f 4895/4959/4913 4838/1971/1970 4894/1983/1982
f 4895/4959/4913 4894/1983/1982 4892/4960/4914
f 4892/4960/4914 4894/1983/1982 4891/1982/1981
f 4891/1982/1981 4900/4961/4915 4892/4960/4914
f 4891/1982/1981 4893/1976/1975 4900/4961/4915
f 4900/4961/4915 4893/1976/1975 4899/2000/2001
f 4901/1998/1999 4900/4961/4915 4899/2000/2001
f 4838/1971/1970 4895/4959/4913 4837/1970/1969
f 4839/1969/1968 4837/1970/1969 4895/4959/4913
f 4839/1969/1968 4895/4959/4913 4840/4962/4916
f 4839/1969/1968 4840/4962/4916 4841/1932/1967
f 4843/4963/4917 4841/1932/1967 4840/4962/4916
f 4843/4963/4917 4842/1972/1971 4841/1932/1967
f 4844/1973/1972 4842/1972/1971 4843/4963/4917
f 4844/1973/1972 4843/4963/4917 4845/4964/4918
f 4845/4964/4918 4846/1974/1973 4844/1973/1972
f 4846/1974/1973 4845/4964/4918 4847/4965/4919
f 4846/1974/1973 4847/4965/4919 4848/1975/1974
f 4850/1979/1978 4848/1975/1974 4847/4965/4919
f 4850/1979/1978 4847/4965/4919 4849/4966/4920
f 4852/1981/1980 4850/1979/1978 4849/4966/4920
f 4852/1981/1980 4849/4966/4920 4851/4967/4921
f 4851/4967/4921 4853/1984/1984 4852/1981/1980
f 4853/1984/1984 4851/4967/4921 4824/4952/4922
f 4853/1984/1984 4824/4952/4922 4854/1951/1986
f 4824/4952/4922 4855/1987/1988 4854/1951/1986
f 4824/4952/4922 4823/4968/4923 4855/1987/1988
f 4823/4968/4923 4897/1989/1990 4855/1987/1988
f 4897/1989/1990 4823/4968/4923 4898/4950/4924
f 4897/1989/1990 4898/4950/4924 4896/1999/2000
f 4898/4950/4924 4901/1998/1999 4896/1999/2000
f 4901/1998/1999 4898/4950/4924 4900/4961/4915
f 4926/4969/4925 4910/4970/4926 4927/4971/4927
f 4926/4969/4925 4927/4971/4927 4867/4972/4928
f 4916/4973/4929 4867/4972/4928 4927/4971/4927
f 4873/4974/4930 4916/4973/4929 4927/4971/4927
f 4873/4974/4930 4927/4971/4927 4921/4975/4931
f 4910/4970/4926 4921/4975/4931 4927/4971/4927
f 4910/4970/4926 4909/4976/4932 4921/4975/4931
f 4878/4977/4933 4921/4975/4931 4909/4976/4932
f 4878/4977/4933 4909/4976/4932 5137/4978/4934
f 5140/4979/4935 4926/4969/4925 4867/4972/4928
f 5140/4979/4935 4867/4972/4928 4865/4980/4936
f 4867/4972/4928 4864/4981/4937 4865/4980/4936
f 4867/4972/4928 4916/4973/4929 4864/4981/4937
f 4864/4981/4937 4916/4973/4929 4874/4982/4938
f 4916/4973/4929 4873/4974/4930 4874/4982/4938
f 4880/4983/4939 4874/4982/4938 4873/4974/4930
f 4880/4983/4939 4873/4974/4930 4872/4984/4940
f 4872/4984/4940 4873/4974/4930 4921/4975/4931
f 4872/4984/4940 4921/4975/4931 4878/4977/4933
f 4865/4980/4936 4973/2074/4941 5140/4979/4935
f 4973/2074/4941 4865/4980/4936 4881/4985/4942
f 4973/2074/4941 4881/4985/4942 4917/4986/4943
f 4881/4985/4942 4915/4987/4944 4917/4986/4943
f 4915/4987/4944 4881/4985/4942 4883/4988/4945
f 4973/2074/4941 615/4813/4785 5140/4979/4935
f 489/4847/4826 615/4813/4785 4973/2074/4941
f 489/4847/4826 4973/2074/4941 4917/4986/4943
f 4917/4986/4943 477/4846/4825 489/4847/4826
f 477/4846/4825 4917/4986/4943 4915/4987/4944
f 477/4846/4825 4915/4987/4944 478/4851/4830
f 4915/4987/4944 5139/4989/4946 478/4851/4830
f 5140/4979/4935 615/4813/4785 583/4811/4783
f 4926/4969/4925 5140/4979/4935 583/4811/4783
f 4926/4969/4925 583/4811/4783 580/4809/4781
f 568/4807/4779 4926/4969/4925 580/4809/4781
f 568/4807/4779 4910/4970/4926 4926/4969/4925
f 569/4804/4776 4910/4970/4926 568/4807/4779
f 569/4804/4776 4909/4976/4932 4910/4970/4926
f 577/4805/4777 4909/4976/4932 569/4804/4776
f 577/4805/4777 5137/4978/4934 4909/4976/4932
f 5137/4978/4934 577/4805/4777 500/4838/4815
f 5138/4990/4947 5137/4978/4934 500/4838/4815
f 496/4839/4816 5138/4990/4947 500/4838/4815
f 496/4839/4816 4911/2078/4948 5138/4990/4947
f 4911/2078/4948 496/4839/4816 497/4840/4817
f 497/4840/4817 4918/4991/4949 4911/2078/4948
f 497/4840/4817 480/4855/4835 4918/4991/4949
f 5138/4990/4947 4878/4977/4933 5137/4978/4934
f 5138/4990/4947 4876/4992/4950 4878/4977/4933
f 4876/4992/4950 5138/4990/4947 4911/2078/4948
f 4876/4992/4950 4911/2078/4948 4869/4993/4951
f 4918/4991/4949 4869/4993/4951 4911/2078/4948
f 4918/4991/4949 4883/4988/4945 4869/4993/4951
f 4883/4988/4945 4918/4991/4949 5139/4989/4946
f 4915/4987/4944 4883/4988/4945 5139/4989/4946
f 4877/4994/4952 4878/4977/4933 4876/4992/4950
f 4870/4995/4953 4877/4994/4952 4876/4992/4950
f 4869/4993/4951 4870/4995/4953 4876/4992/4950
f 4869/4993/4951 4868/4996/4954 4870/4995/4953
f 4868/4996/4954 4869/4993/4951 4883/4988/4945
f 4877/4994/4952 4872/4984/4940 4878/4977/4933
f 4877/4994/4952 4871/4997/4955 4872/4984/4940
f 4870/4995/4953 4871/4997/4955 4877/4994/4952
f 4870/4995/4953 4868/4996/4954 4871/4997/4955
f 4880/4983/4939 4871/4997/4955 4868/4996/4954
f 4868/4996/4954 4882/4998/4956 4880/4983/4939
f 4883/4988/4945 4882/4998/4956 4868/4996/4954
f 4883/4988/4945 4881/4985/4942 4882/4998/4956
f 4879/4999/4957 4882/4998/4956 4881/4985/4942
f 4879/4999/4957 4881/4985/4942 4865/4980/4936
f 4880/4983/4939 4872/4984/4940 4871/4997/4955
f 4864/4981/4937 4879/4999/4957 4865/4980/4936
f 4864/4981/4937 4875/5000/4958 4879/4999/4957
f 4864/4981/4937 4874/4982/4938 4875/5000/4958
f 4880/4983/4939 4875/5000/4958 4874/4982/4938
f 4879/4999/4957 4875/5000/4958 4880/4983/4939
f 4879/4999/4957 4880/4983/4939 4882/4998/4956
f 5139/4989/4946 4918/4991/4949 480/4855/4835
f 5139/4989/4946 480/4855/4835 478/4851/4830
f 2118/5001/1481 4947/4848/4827 2099/5002/1479
f 2101/5003/1498 2099/5002/1479 4947/4848/4827
f 2101/5003/1498 4947/4848/4827 4908/2058/4831
f 2101/5003/1498 4908/2058/4831 4925/4852/4832
f 2101/5003/1498 4925/4852/4832 2100/5004/1497
f 2102/5005/1496 2100/5004/1497 4925/4852/4832
f 2102/5005/1496 4925/4852/4832 4919/4837/4814
f 2103/5006/1495 2102/5005/1496 4919/4837/4814
f 2103/5006/1495 4919/4837/4814 4912/4836/4813
f 2103/5006/1495 4912/4836/4813 4913/2064/4807
f 2103/5006/1495 4913/2064/4807 2104/5007/1494
f 2104/5007/1494 4913/2064/4807 4866/4829/4805
f 2104/5007/1494 4866/4829/4805 2105/5008/1493
f 2105/5008/1493 4866/4829/4805 4922/2017/4803
f 2105/5008/1493 4922/2017/4803 2106/5009/1492
f 2106/5009/1492 4922/2017/4803 4920/4826/4801
f 2106/5009/1492 4920/4826/4801 2107/5010/1491
f 2108/5011/1490 2107/5010/1491 4920/4826/4801
f 2108/5011/1490 4920/4826/4801 4914/4825/4800
f 2109/5012/1489 2108/5011/1490 4914/4825/4800
f 2109/5012/1489 4914/4825/4800 4923/4824/4799
f 2110/5013/1488 2109/5012/1489 4923/4824/4799
f 2110/5013/1488 4923/4824/4799 4924/4823/4798
f 2110/5013/1488 4924/4823/4798 4952/4819/4792
f 2110/5013/1488 4952/4819/4792 2111/5014/1487
f 2112/5015/1486 2111/5014/1487 4952/4819/4792
f 2112/5015/1486 4952/4819/4792 4953/2040/4793
f 2113/5016/1485 2112/5015/1486 4953/2040/4793
f 2113/5016/1485 4953/2040/4793 4954/4820/4794
f 2114/5017/1484 2113/5016/1485 4954/4820/4794
f 2114/5017/1484 4954/4820/4794 4955/4821/4795
f 2114/5017/1484 4955/4821/4795 4958/2066/4796
f 2114/5017/1484 4958/2066/4796 2115/5018/1483
f 2115/5018/1483 4958/2066/4796 4959/4841/4818
f 2115/5018/1483 4959/4841/4818 2116/5019/1482
f 2116/5019/1482 4959/4841/4818 4957/2054/4819
f 2116/5019/1482 4957/2054/4819 2117/5020/1480
f 2117/5020/1480 4957/2054/4819 4956/4842/4821
f 2117/5020/1480 4956/4842/4821 2118/5001/1481
f 2118/5001/1481 4956/4842/4821 4947/4848/4827
f 2093/5016/1505 4366/2040/2042 2092/5015/1506
f 2092/5015/1506 4366/2040/2042 4365/2067/2069
f 2092/5015/1506 4365/2067/2069 2091/5014/1507
f 2091/5014/1507 4365/2067/2069 4364/2024/2026
f 2091/5014/1507 4364/2024/2026 2090/5013/1508
f 4364/2024/2026 2089/5012/1509 2090/5013/1508
f 4364/2024/2026 4363/2025/2027 2089/5012/1509
f 2089/5012/1509 4363/2025/2027 4362/2069/2071
f 2089/5012/1509 4362/2069/2071 2088/5011/1510
f 4362/2069/2071 2087/5010/1511 2088/5011/1510
f 4362/2069/2071 4361/2022/2024 2087/5010/1511
f 4361/2022/2024 2086/5009/1512 2087/5010/1511
f 4361/2022/2024 4360/2017/2019 2086/5009/1512
f 4360/2017/2019 2085/5008/1513 2086/5009/1512
f 4360/2017/2019 4359/2018/2020 2085/5008/1513
f 4359/2018/2020 2084/5007/1514 2085/5008/1513
f 4359/2018/2020 4358/2064/2066 2084/5007/1514
f 4358/2064/2066 2083/5006/1515 2084/5007/1514
f 4358/2064/2066 4357/2063/2065 2083/5006/1515
f 2083/5006/1515 4357/2063/2065 4356/2061/2063
f 2083/5006/1515 4356/2061/2063 2082/5005/1516
f 2082/5005/1516 4356/2061/2063 4355/2057/2059
f 2082/5005/1516 4355/2057/2059 2081/5004/1517
f 4355/2057/2059 2080/5003/1518 2081/5004/1517
f 4355/2057/2059 4354/2058/2060 2080/5003/1518
f 2080/5003/1518 4354/2058/2060 4353/2052/2054
f 2080/5003/1518 4353/2052/2054 2079/5002/1499
f 2079/5002/1499 4353/2052/2054 4352/2053/2055
f 2079/5002/1499 4352/2053/2055 2098/5001/1500
f 4352/2053/2055 2097/5020/1501 2098/5001/1500
f 4352/2053/2055 4351/2054/2056 2097/5020/1501
f 4351/2054/2056 2096/5019/1502 2097/5020/1501
f 4351/2054/2056 4350/2065/2067 2096/5019/1502
f 2096/5019/1502 4350/2065/2067 4349/2066/2068
f 2096/5019/1502 4349/2066/2068 2095/5018/1503
f 2095/5018/1503 4349/2066/2068 4368/2038/2040
f 2095/5018/1503 4368/2038/2040 2094/5017/1504
f 2094/5017/1504 4368/2038/2040 4367/2039/2041
f 2094/5017/1504 4367/2039/2041 2093/5016/1505
f 2093/5016/1505 4367/2039/2041 4366/2040/2042
f 562/5021/4959 424/5022/4960 4884/5023/4961
f 562/5021/4959 4884/5023/4961 564/5024/4962
f 4884/5023/4961 563/5025/4963 564/5024/4962
f 4884/5023/4961 4581/5026/4964 563/5025/4963
f 563/5025/4963 4581/5026/4964 4580/5027/4965
f 422/5028/4966 424/5022/4960 562/5021/4959
f 422/5028/4966 562/5021/4959 561/5029/4967
f 420/5030/4968 422/5028/4966 561/5029/4967
f 420/5030/4968 561/5029/4967 426/5031/4969
f 404/5032/4970 420/5030/4968 426/5031/4969
f 404/5032/4970 426/5031/4969 433/5033/4971
f 435/5034/4972 404/5032/4970 433/5033/4971
f 435/5034/4972 311/5035/4973 404/5032/4970
f 438/5036/4974 311/5035/4973 435/5034/4972
f 438/5036/4974 355/5037/4975 311/5035/4973
f 353/5038/4976 355/5037/4975 438/5036/4974
f 353/5038/4976 438/5036/4974 439/5039/4977
f 233/5040/4978 353/5038/4976 439/5039/4977
f 233/5040/4978 439/5039/4977 574/5041/4979
f 234/5042/4980 233/5040/4978 574/5041/4979
f 234/5042/4980 574/5041/4979 575/5043/4981
f 108/5044/4982 234/5042/4980 575/5043/4981
f 108/5044/4982 575/5043/4981 599/5045/4983
f 4578/5046/4984 108/5044/4982 599/5045/4983
f 4578/5046/4984 599/5045/4983 600/5047/4985
f 573/5048/4986 4578/5046/4984 600/5047/4985
f 573/5048/4986 4576/5049/4987 4578/5046/4984
f 572/5050/4988 4576/5049/4987 573/5048/4986
f 572/5050/4988 4575/5051/4989 4576/5049/4987
f 570/5052/4990 4575/5051/4989 572/5050/4988
f 570/5052/4990 4885/5053/4991 4575/5051/4989
f 567/5054/4992 4885/5053/4991 570/5052/4990
f 567/5054/4992 4577/5055/4993 4885/5053/4991
f 558/5056/4994 4577/5055/4993 567/5054/4992
f 558/5056/4994 4574/5057/4995 4577/5055/4993
f 558/5056/4994 4579/5058/4996 4574/5057/4995
f 558/5056/4994 566/5059/4997 4579/5058/4996
f 566/5059/4997 4580/5027/4965 4579/5058/4996
f 566/5059/4997 565/5060/4998 4580/5027/4965
f 563/5025/4963 4580/5027/4965 565/5060/4998
f 424/5022/4960 423/5061/4999 513/5062/5000
f 424/5022/4960 513/5062/5000 4884/5023/4961
f 4884/5023/4961 513/5062/5000 494/5063/5001
f 4884/5023/4961 494/5063/5001 4581/5026/4964
f 4581/5026/4964 494/5063/5001 554/5064/5002
f 4581/5026/4964 554/5064/5002 4580/5027/4965
f 4580/5027/4965 554/5064/5002 518/5065/5003
f 427/5066/5004 423/5061/4999 424/5022/4960
f 427/5066/5004 424/5022/4960 422/5028/4966
f 421/5067/5005 427/5066/5004 422/5028/4966
f 421/5067/5005 422/5028/4966 420/5030/4968
f 312/5068/5006 421/5067/5005 420/5030/4968
f 312/5068/5006 420/5030/4968 404/5032/4970
f 405/5069/5007 312/5068/5006 404/5032/4970
f 405/5069/5007 404/5032/4970 311/5035/4973
f 313/5070/5008 405/5069/5007 311/5035/4973
f 313/5070/5008 311/5035/4973 355/5037/4975
f 354/5071/5009 313/5070/5008 355/5037/4975
f 354/5071/5009 355/5037/4975 353/5038/4976
f 231/5072/5010 354/5071/5009 353/5038/4976
f 231/5072/5010 353/5038/4976 233/5040/4978
f 231/5072/5010 233/5040/4978 234/5042/4980
f 231/5072/5010 234/5042/4980 232/5073/5011
f 108/5044/4982 232/5073/5011 234/5042/4980
f 108/5044/4982 109/5074/5012 232/5073/5011
f 110/5075/5013 109/5074/5012 108/5044/4982
f 110/5075/5013 108/5044/4982 4578/5046/4984
f 4576/5049/4987 110/5075/5013 4578/5046/4984
f 4576/5049/4987 638/5076/5014 110/5075/5013
f 4576/5049/4987 635/5077/5015 638/5076/5014
f 4576/5049/4987 4575/5051/4989 635/5077/5015
f 4885/5053/4991 635/5077/5015 4575/5051/4989
f 4885/5053/4991 613/5078/5016 635/5077/5015
f 4577/5055/4993 613/5078/5016 4885/5053/4991
f 4577/5055/4993 504/5079/5017 613/5078/5016
f 4574/5057/4995 504/5079/5017 4577/5055/4993
f 4574/5057/4995 551/5080/5018 504/5079/5017
f 4579/5058/4996 551/5080/5018 4574/5057/4995
f 4579/5058/4996 518/5065/5003 551/5080/5018
f 4580/5027/4965 518/5065/5003 4579/5058/4996
f 528/5081/5019 426/5031/4969 561/5029/4967
f 515/5082/5020 528/5081/5019 561/5029/4967
f 515/5082/5020 561/5029/4967 562/5021/4959
f 564/5024/4962 515/5082/5020 562/5021/4959
f 564/5024/4962 526/5083/5021 515/5082/5020
f 510/5084/5022 526/5083/5021 564/5024/4962
f 510/5084/5022 564/5024/4962 563/5025/4963
f 528/5081/5019 425/5085/5023 426/5031/4969
f 434/5086/5024 426/5031/4969 425/5085/5023
f 434/5086/5024 433/5033/4971 426/5031/4969
f 434/5086/5024 435/5034/4972 433/5033/4971
f 434/5086/5024 437/5087/5025 435/5034/4972
f 437/5087/5025 438/5036/4974 435/5034/4972
f 437/5087/5025 436/5088/5026 438/5036/4974
f 450/5089/5027 438/5036/4974 436/5088/5026
f 450/5089/5027 439/5039/4977 438/5036/4974
f 440/5090/5028 439/5039/4977 450/5089/5027
f 440/5090/5028 574/5041/4979 439/5039/4977
f 574/5041/4979 440/5090/5028 543/5091/5029
f 574/5041/4979 543/5091/5029 575/5043/4981
f 543/5091/5029 599/5045/4983 575/5043/4981
f 543/5091/5029 560/5092/5030 599/5045/4983
f 599/5045/4983 560/5092/5030 547/5093/5031
f 599/5045/4983 547/5093/5031 600/5047/4985
f 573/5048/4986 600/5047/4985 547/5093/5031
f 573/5048/4986 547/5093/5031 541/5094/5032
f 573/5048/4986 541/5094/5032 537/5095/5033
f 573/5048/4986 537/5095/5033 572/5050/4988
f 570/5052/4990 572/5050/4988 537/5095/5033
f 570/5052/4990 537/5095/5033 536/5096/5034
f 567/5054/4992 570/5052/4990 536/5096/5034
f 567/5054/4992 536/5096/5034 533/5097/5035
f 533/5097/5035 558/5056/4994 567/5054/4992
f 533/5097/5035 531/5098/5036 558/5056/4994
f 558/5056/4994 531/5098/5036 524/5099/5037
f 558/5056/4994 524/5099/5037 566/5059/4997
f 566/5059/4997 524/5099/5037 519/5100/5038
f 566/5059/4997 519/5100/5038 565/5060/4998
f 565/5060/4998 519/5100/5038 510/5084/5022
f 565/5060/4998 510/5084/5022 563/5025/4963
f 5090/2261/2241 560/5092/5030 543/5091/5029
f 529/2260/2240 5090/2261/2241 543/5091/5029
f 529/2260/2240 543/5091/5029 440/5090/5028
f 450/5089/5027 529/2260/2240 440/5090/5028
f 450/5089/5027 550/2259/2239 529/2260/2240
f 436/5088/5026 550/2259/2239 450/5089/5027
f 5090/2261/2241 559/2262/2242 560/5092/5030
f 559/2262/2242 547/5093/5031 560/5092/5030
f 559/2262/2242 637/2250/2230 547/5093/5031
f 548/2252/2232 547/5093/5031 637/2250/2230
f 548/2252/2232 541/5094/5032 547/5093/5031
f 541/5094/5032 548/2252/2232 542/2253/2233
f 541/5094/5032 542/2253/2233 537/5095/5033
f 537/5095/5033 542/2253/2233 534/2263/2243
f 537/5095/5033 534/2263/2243 536/5096/5034
f 533/5097/5035 536/5096/5034 534/2263/2243
f 533/5097/5035 534/2263/2243 532/2266/2246
f 531/5098/5036 533/5097/5035 532/2266/2246
f 531/5098/5036 532/2266/2246 525/2268/2248
f 524/5099/5037 531/5098/5036 525/2268/2248
f 524/5099/5037 525/2268/2248 520/2270/2250
f 519/5100/5038 524/5099/5037 520/2270/2250
f 519/5100/5038 520/2270/2250 514/2271/2251
f 510/5084/5022 519/5100/5038 514/2271/2251
f 510/5084/5022 514/2271/2251 530/2272/2252
f 526/5083/5021 510/5084/5022 530/2272/2252
f 526/5083/5021 530/2272/2252 522/2275/2255
f 515/5082/5020 526/5083/5021 522/2275/2255
f 515/5082/5020 522/2275/2255 521/2273/2253
f 515/5082/5020 521/2273/2253 511/2274/2254
f 515/5082/5020 511/2274/2254 528/5081/5019
f 528/5081/5019 511/2274/2254 527/2255/2235
f 528/5081/5019 527/2255/2235 425/5085/5023
f 425/5085/5023 527/2255/2235 523/2256/2236
f 425/5085/5023 523/2256/2236 434/5086/5024
f 434/5086/5024 523/2256/2236 516/2257/2237
f 434/5086/5024 516/2257/2237 437/5087/5025
f 437/5087/5025 516/2257/2237 517/2258/2238
f 437/5087/5025 517/2258/2238 436/5088/5026
f 436/5088/5026 517/2258/2238 550/2259/2239
f 553/5101/1543 614/5102/1542 504/5079/5017
f 504/5079/5017 551/5080/5018 553/5101/1543
f 551/5080/5018 552/5103/1544 553/5101/1543
f 551/5080/5018 518/5065/5003 552/5103/1544
f 518/5065/5003 502/5104/1545 552/5103/1544
f 518/5065/5003 554/5064/5002 502/5104/1545
f 494/5063/5001 502/5104/1545 554/5064/5002
f 491/5105/1546 502/5104/1545 494/5063/5001
f 555/5106/1547 491/5105/1546 494/5063/5001
f 494/5063/5001 513/5062/5000 555/5106/1547
f 512/5107/1548 555/5106/1547 513/5062/5000
f 512/5107/1548 513/5062/5000 423/5061/4999
f 512/5107/1548 423/5061/4999 427/5066/5004
f 512/5107/1548 427/5066/5004 506/5108/1549
f 427/5066/5004 421/5067/5005 506/5108/1549
f 506/5108/1549 421/5067/5005 503/5109/1550
f 503/5109/1550 421/5067/5005 556/5110/1551
f 421/5067/5005 312/5068/5006 556/5110/1551
f 405/5069/5007 556/5110/1551 312/5068/5006
f 405/5069/5007 508/5111/1552 556/5110/1551
f 313/5070/5008 508/5111/1552 405/5069/5007
f 313/5070/5008 507/5112/1553 508/5111/1552
f 636/5113/1554 507/5112/1553 313/5070/5008
f 636/5113/1554 313/5070/5008 354/5071/5009
f 636/5113/1554 354/5071/5009 231/5072/5010
f 636/5113/1554 231/5072/5010 557/5114/1555
f 231/5072/5010 232/5073/5011 557/5114/1555
f 557/5114/1555 232/5073/5011 509/5115/1556
f 232/5073/5011 634/5116/1557 509/5115/1556
f 232/5073/5011 109/5074/5012 634/5116/1557
f 110/5075/5013 634/5116/1557 109/5074/5012
f 110/5075/5013 633/5117/1538 634/5116/1557
f 110/5075/5013 505/5118/1539 633/5117/1538
f 110/5075/5013 638/5076/5014 505/5118/1539
f 638/5076/5014 632/5119/1540 505/5118/1539
f 638/5076/5014 635/5077/5015 632/5119/1540
f 613/5078/5016 632/5119/1540 635/5077/5015
f 631/5120/1541 632/5119/1540 613/5078/5016
f 613/5078/5016 614/5102/1542 631/5120/1541
f 613/5078/5016 504/5079/5017 614/5102/1542
f 482/5121/4443 625/5122/4547 624/5123/4444
f 627/5124/4446 624/5123/4444 625/5122/4547
f 627/5124/4446 625/5122/4547 629/5125/4545
f 629/5125/4545 622/5126/4449 627/5124/4446
f 622/5126/4449 629/5125/4545 621/5127/4541
f 622/5126/4449 621/5127/4541 623/5128/4451
f 596/5129/4453 623/5128/4451 621/5127/4541
f 596/5129/4453 621/5127/4541 590/5130/4538
f 589/5131/4456 596/5129/4453 590/5130/4538
f 589/5131/4456 590/5130/4538 594/5132/4536
f 594/5132/4536 593/5133/4458 589/5131/4456
f 216/5134/204 593/5133/4458 594/5132/4536
f 216/5134/204 597/5135/4459 593/5133/4458
f 217/5136/203 597/5135/4459 216/5134/204
f 217/5136/203 586/5137/4462 597/5135/4459
f 585/5138/4513 586/5137/4462 217/5136/203
f 585/5138/4513 217/5136/203 588/5139/4602
f 588/5139/4602 620/5140/4510 585/5138/4513
f 588/5139/4602 618/5141/4601 620/5140/4510
f 618/5141/4601 617/5142/4505 620/5140/4510
f 618/5141/4601 592/5143/4593 617/5142/4505
f 592/5143/4593 591/5144/4503 617/5142/4505
f 592/5143/4593 587/5145/4496 591/5144/4503
f 592/5143/4593 578/5146/4580 587/5145/4496
f 578/5146/4580 488/5147/4490 587/5145/4496
f 619/5148/4578 488/5147/4490 578/5146/4580
f 619/5148/4578 501/5149/4484 488/5147/4490
f 501/5149/4484 619/5148/4578 499/5150/4576
f 501/5149/4484 499/5150/4576 616/5151/4480
f 616/5151/4480 499/5150/4576 582/5152/4571
f 616/5151/4480 582/5152/4571 487/5153/4478
f 582/5152/4571 493/5154/4477 487/5153/4478
f 582/5152/4571 485/5155/4572 493/5154/4477
f 486/5156/4441 493/5154/4477 485/5155/4572
f 486/5156/4441 485/5155/4572 490/5157/4597
f 490/5157/4597 492/5158/4440 486/5156/4441
f 490/5157/4597 484/5159/4598 492/5158/4440
f 484/5159/4598 482/5121/4443 492/5158/4440
f 483/5160/4552 482/5121/4443 484/5159/4598
f 482/5121/4443 483/5160/4552 625/5122/4547
f 691/5161/4655 595/5156/4679 773/5162/4678
f 691/5161/4655 773/5162/4678 768/5163/4656
f 768/5163/4656 773/5162/4678 761/5164/4673
f 761/5164/4673 760/5165/4642 768/5163/4656
f 762/5166/4635 760/5165/4642 761/5164/4673
f 762/5166/4635 761/5164/4673 754/5167/4674
f 204/5124/4675 762/5166/4635 754/5167/4674
f 595/5156/4679 691/5161/4655 626/5155/4652
f 595/5156/4679 626/5155/4652 538/5154/4682
f 546/5152/4654 538/5154/4682 626/5155/4652
f 546/5152/4654 540/5153/4689 538/5154/4682
f 546/5152/4654 598/5168/4688 540/5153/4689
f 546/5152/4654 549/5169/4741 598/5168/4688
f 549/5169/4741 535/5170/4693 598/5168/4688
f 549/5169/4741 539/5171/4742 535/5170/4693
f 545/5172/4699 535/5170/4693 539/5171/4742
f 545/5172/4699 539/5171/4742 544/5173/4743
f 628/5174/4753 545/5172/4699 544/5173/4743
f 733/5175/4744 628/5174/4753 544/5173/4743
f 733/5175/4744 630/5176/4754 628/5174/4753
f 733/5175/4744 732/5177/4756 630/5176/4754
f 728/5178/4745 732/5177/4756 733/5175/4744
f 728/5178/4745 731/5179/4758 732/5177/4756
f 695/5180/4748 731/5179/4758 728/5178/4745
f 695/5180/4748 694/5138/4760 731/5179/4758
f 694/5138/4760 695/5180/4748 190/5181/185
f 694/5138/4760 190/5181/185 796/5137/4764
f 783/5182/4765 796/5137/4764 190/5181/185
f 191/5183/184 783/5182/4765 190/5181/185
f 191/5183/184 782/5184/4767 783/5182/4765
f 191/5183/184 689/5185/4770 782/5184/4767
f 191/5183/184 686/5186/4613 689/5185/4770
f 686/5186/4613 730/5187/4771 689/5185/4770
f 686/5186/4613 729/5188/4614 730/5187/4771
f 730/5187/4771 729/5188/4614 690/5189/4616
f 730/5187/4771 690/5189/4616 767/5190/4774
f 690/5189/4616 687/5126/4773 767/5190/4774
f 690/5189/4616 769/5191/4628 687/5126/4773
f 769/5191/4628 204/5124/4675 687/5126/4773
f 204/5124/4675 769/5191/4628 762/5166/4635
f 1071/3446/3335 1113/3445/3334 1070/5192/5039
f 1071/3446/3335 1070/5192/5039 1064/3447/5040
f 1064/3447/5040 1070/5192/5039 1063/3453/5041
f 1063/3453/5041 1070/5192/5039 1123/5193/5042
f 1123/5193/5042 1070/5192/5039 1122/3443/5043
f 1069/3442/3331 1122/3443/5043 1070/5192/5039
f 1069/3442/3331 1070/5192/5039 1113/3445/3334
f 1114/3449/3338 1071/3446/3335 1064/3447/5040
f 1062/3455/5044 1114/3449/3338 1064/3447/5040
f 1062/3455/5044 1064/3447/5040 1120/5194/5045
f 1120/5194/5045 1064/3447/5040 1063/3453/5041
f 1120/5194/5045 1063/3453/5041 1119/5195/5046
f 1119/5195/5046 1063/3453/5041 1123/5193/5042
f 1119/5195/5046 1123/5193/5042 1118/5196/5047
f 1123/5193/5042 1122/3443/5043 1118/5196/5047
f 1118/5196/5047 1122/3443/5043 1121/5197/3654
f 1122/3443/5043 1061/3441/3330 1121/5197/3654
f 1122/3443/5043 1069/3442/3331 1061/3441/3330
f 1321/5198/5048 1114/3449/3338 1062/3455/5044
f 1147/5199/5049 1321/5198/5048 1062/3455/5044
f 1147/5199/5049 1062/3455/5044 1257/5200/5050
f 1257/5200/5050 1062/3455/5044 1120/5194/5045
f 1257/5200/5050 1120/5194/5045 1201/5201/5051
f 1119/5195/5046 1201/5201/5051 1120/5194/5045
f 1119/5195/5046 1184/5202/5052 1201/5201/5051
f 1118/5196/5047 1184/5202/5052 1119/5195/5046
f 1321/5198/5048 1132/3662/3527 1114/3449/3338
f 1148/3661/3526 1132/3662/3527 1321/5198/5048
f 1141/5203/5053 1148/3661/3526 1321/5198/5048
f 1141/5203/5053 1321/5198/5048 1147/5199/5049
f 1140/5204/5054 1141/5203/5053 1147/5199/5049
f 1140/5204/5054 1147/5199/5049 1146/5205/5055
f 1146/5205/5055 1147/5199/5049 1257/5200/5050
f 1146/5205/5055 1257/5200/5050 1249/5206/5056
f 1249/5206/5056 1257/5200/5050 1201/5201/5051
f 1207/5207/5057 1249/5206/5056 1201/5201/5051
f 1201/5201/5051 1184/5202/5052 1207/5207/5057
f 1207/5207/5057 1184/5202/5052 1185/5208/5058
f 1118/5196/5047 1185/5208/5058 1184/5202/5052
f 1319/3660/3525 1148/3661/3526 1141/5203/5053
f 1319/3660/3525 1141/5203/5053 1149/5209/5059
f 1149/5209/5059 1141/5203/5053 1140/5204/5054
f 1149/5209/5059 1140/5204/5054 1139/5210/5060
f 1140/5204/5054 1144/5211/5061 1139/5210/5060
f 1145/5212/5062 1144/5211/5061 1140/5204/5054
f 1145/5212/5062 1140/5204/5054 1146/5205/5055
f 1145/5212/5062 1146/5205/5055 1154/5213/5063
f 1154/5213/5063 1146/5205/5055 1249/5206/5056
f 1150/3655/3520 1319/3660/3525 1149/5209/5059
f 1150/3655/3520 1149/5209/5059 1142/5214/5064
f 1139/5210/5060 1142/5214/5064 1149/5209/5059
f 1134/5215/5065 1142/5214/5064 1139/5210/5060
f 1134/5215/5065 1139/5210/5060 1318/5216/5066
f 1139/5210/5060 1133/5217/5067 1318/5216/5066
f 1133/5217/5067 1139/5210/5060 1144/5211/5061
f 1262/3650/3515 1150/3655/3520 1142/5214/5064
f 1262/3650/3515 1142/5214/5064 1134/5215/5065
f 1262/3650/3515 1134/5215/5065 1280/5218/5068
f 1318/5216/5066 1280/5218/5068 1134/5215/5065
f 1280/5218/5068 1318/5216/5066 1251/5219/5069
f 1251/5219/5069 1318/5216/5066 1133/5217/5067
f 1251/5219/5069 1133/5217/5067 1282/5220/5070
f 1282/5220/5070 1133/5217/5067 1138/5221/5071
f 1133/5217/5067 1144/5211/5061 1138/5221/5071
f 1262/3650/3515 1280/5218/5068 1276/5222/5072
f 1280/5218/5068 1254/5223/5073 1276/5222/5072
f 1280/5218/5068 1250/5224/5074 1254/5223/5073
f 1280/5218/5068 1251/5219/5069 1250/5224/5074
f 1261/5225/5075 1250/5224/5074 1251/5219/5069
f 1261/5225/5075 1251/5219/5069 1255/5226/5076
f 1282/5220/5070 1255/5226/5076 1251/5219/5069
f 1262/3650/3515 1276/5222/5072 1271/3649/3514
f 1269/3643/3508 1271/3649/3514 1276/5222/5072
f 1269/3643/3508 1276/5222/5072 1273/5227/5077
f 1254/5223/5073 1273/5227/5077 1276/5222/5072
f 1254/5223/5073 1261/5225/5075 1273/5227/5077
f 1250/5224/5074 1261/5225/5075 1254/5223/5073
f 1273/5227/5077 1268/3637/3502 1269/3643/3508
f 1268/3637/3502 1273/5227/5077 1261/5225/5075
f 1268/3637/3502 1261/5225/5075 1256/5228/5078
f 1256/5228/5078 1261/5225/5075 1255/5226/5076
f 1256/5228/5078 1255/5226/5076 1278/5229/5079
f 1279/5230/5080 1278/5229/5079 1255/5226/5076
f 1255/5226/5076 1272/5231/5081 1279/5230/5080
f 1255/5226/5076 1263/5232/5082 1272/5231/5081
f 1282/5220/5070 1263/5232/5082 1255/5226/5076
f 1281/3630/3495 1268/3637/3502 1256/5228/5078
f 1281/3630/3495 1256/5228/5078 1277/5233/5083
f 1278/5229/5079 1277/5233/5083 1256/5228/5078
f 1277/5233/5083 1278/5229/5079 1279/5230/5080
f 1277/5233/5083 1279/5230/5080 1287/5234/5084
f 1287/5234/5084 1279/5230/5080 1285/5235/5085
f 1272/5231/5081 1285/5235/5085 1279/5230/5080
f 1272/5231/5081 1286/5236/5086 1285/5235/5085
f 1292/5237/5087 1286/5236/5086 1272/5231/5081
f 1292/5237/5087 1272/5231/5081 1293/5238/5088
f 1263/5232/5082 1293/5238/5088 1272/5231/5081
f 1283/3628/3493 1281/3630/3495 1277/5233/5083
f 1283/3628/3493 1277/5233/5083 1287/5234/5084
f 1288/3627/3492 1283/3628/3493 1287/5234/5084
f 1288/3627/3492 1287/5234/5084 1289/5239/5089
f 1287/5234/5084 1285/5235/5085 1289/5239/5089
f 1289/5239/5089 1285/5235/5085 1332/5240/5090
f 1286/5236/5086 1332/5240/5090 1285/5235/5085
f 1290/5241/5091 1332/5240/5090 1286/5236/5086
f 1291/5242/5092 1290/5241/5091 1286/5236/5086
f 1291/5242/5092 1286/5236/5086 1292/5237/5087
f 1292/5237/5087 1299/5243/5093 1291/5242/5092
f 1292/5237/5087 1305/5244/5094 1299/5243/5093
f 1293/5238/5088 1305/5244/5094 1292/5237/5087
f 1300/3626/3491 1288/3627/3492 1289/5239/5089
f 1300/3626/3491 1289/5239/5089 1333/5245/5095
f 1289/5239/5089 1332/5240/5090 1333/5245/5095
f 1315/3614/5096 1333/5245/5095 1332/5240/5090
f 1290/5241/5091 1315/3614/5096 1332/5240/5090
f 1315/3614/5096 1290/5241/5091 1294/5246/5097
f 1290/5241/5091 1295/5247/5098 1294/5246/5097
f 1290/5241/5091 1291/5242/5092 1295/5247/5098
f 1295/5247/5098 1291/5242/5092 1299/5243/5093
f 1333/5245/5095 1309/5248/5099 1300/3626/3491
f 1315/3614/5096 1309/5248/5099 1333/5245/5095
f 1309/5248/5099 1315/3614/5096 1304/5249/5100
f 1315/3614/5096 1294/5246/5097 1304/5249/5100
f 1307/5250/5101 1304/5249/5100 1294/5246/5097
f 1307/5250/5101 1294/5246/5097 1308/5251/5102
f 1295/5247/5098 1308/5251/5102 1294/5246/5097
f 1300/3626/3491 1309/5248/5099 1296/3619/3484
f 1297/3612/3477 1296/3619/3484 1309/5248/5099
f 1297/3612/3477 1309/5248/5099 1298/5252/5103
f 1309/5248/5099 1304/5249/5100 1298/5252/5103
f 1137/5253/5104 1298/5252/5103 1304/5249/5100
f 1137/5253/5104 1304/5249/5100 1307/5250/5101
f 1137/5253/5104 1307/5250/5101 1302/5254/5105
f 1307/5250/5101 1303/5255/5106 1302/5254/5105
f 1308/5251/5102 1303/5255/5106 1307/5250/5101
f 1308/5251/5102 1306/5256/5107 1303/5255/5106
f 1295/5247/5098 1306/5256/5107 1308/5251/5102
f 1301/3611/3476 1297/3612/3477 1298/5252/5103
f 1301/3611/3476 1298/5252/5103 1137/5253/5104
f 1136/3598/3463 1301/3611/3476 1137/5253/5104
f 1136/3598/3463 1137/5253/5104 1130/5257/5108
f 1137/5253/5104 1302/5254/5105 1130/5257/5108
f 1135/3597/3462 1130/5257/5108 1302/5254/5105
f 1135/3597/3462 1302/5254/5105 1143/5258/5109
f 1303/5255/5106 1143/5258/5109 1302/5254/5105
f 1303/5255/5106 1316/5259/5110 1143/5258/5109
f 1306/5256/5107 1316/5259/5110 1303/5255/5106
f 1306/5256/5107 1317/5260/5111 1316/5259/5110
f 1310/5261/5112 1317/5260/5111 1306/5256/5107
f 1295/5247/5098 1310/5261/5112 1306/5256/5107
f 1130/5257/5108 1135/3597/3462 1136/3598/3463
f 1118/5196/5047 1121/5197/3654 1117/5262/3655
f 1185/5208/5058 1118/5196/5047 1117/5262/3655
f 1124/5263/3648 1185/5208/5058 1117/5262/3655
f 1124/5263/3648 1191/5264/5113 1185/5208/5058
f 1126/5265/3642 1191/5264/5113 1124/5263/3648
f 1126/5265/3642 1198/5266/5114 1191/5264/5113
f 1198/5266/5114 1126/5265/3642 1125/5267/3636
f 1198/5266/5114 1125/5267/3636 1181/5268/5115
f 1125/5267/3636 1182/5269/5116 1181/5268/5115
f 1125/5267/3636 1089/5270/3629 1182/5269/5116
f 1185/5208/5058 1191/5264/5113 1200/5271/5117
f 1191/5264/5113 1264/5272/5118 1200/5271/5117
f 1264/5272/5118 1191/5264/5113 1198/5266/5114
f 1264/5272/5118 1198/5266/5114 1199/5273/5119
f 1198/5266/5114 1192/5274/5120 1199/5273/5119
f 1198/5266/5114 1181/5268/5115 1192/5274/5120
f 1181/5268/5115 1193/3481/5121 1192/5274/5120
f 1193/3481/5121 1181/5268/5115 1182/5269/5116
f 1185/5208/5058 1200/5271/5117 1207/5207/5057
f 1207/5207/5057 1200/5271/5117 1249/5206/5056
f 1200/5271/5117 1247/5275/5122 1249/5206/5056
f 1200/5271/5117 1264/5272/5118 1247/5275/5122
f 1247/5275/5122 1264/5272/5118 1265/5276/5123
f 1199/5273/5119 1265/5276/5123 1264/5272/5118
f 1192/5274/5120 1265/5276/5123 1199/5273/5119
f 1192/5274/5120 1165/5277/5124 1265/5276/5123
f 1165/5277/5124 1192/5274/5120 1193/3481/5121
f 1165/5277/5124 1193/3481/5121 1171/5278/5125
f 1183/5279/5126 1171/5278/5125 1193/3481/5121
f 1193/3481/5121 1182/5269/5116 1183/5279/5126
f 1247/5275/5122 1154/5213/5063 1249/5206/5056
f 1154/5213/5063 1247/5275/5122 1246/5280/5127
f 1247/5275/5122 1265/5276/5123 1246/5280/5127
f 1165/5277/5124 1246/5280/5127 1265/5276/5123
f 1166/5281/5128 1246/5280/5127 1165/5277/5124
f 1166/5281/5128 1165/5277/5124 1159/5282/5129
f 1164/5283/5130 1159/5282/5129 1165/5277/5124
f 1171/5278/5125 1164/5283/5130 1165/5277/5124
f 1164/5283/5130 1171/5278/5125 1170/5284/5131
f 1183/5279/5126 1170/5284/5131 1171/5278/5125
f 1312/5285/5132 1170/5284/5131 1183/5279/5126
f 1312/5285/5132 1183/5279/5126 1182/5269/5116
f 1154/5213/5063 1246/5280/5127 1166/5281/5128
f 1166/5281/5128 1153/5286/5133 1154/5213/5063
f 1166/5281/5128 1160/5287/5134 1153/5286/5133
f 1159/5282/5129 1160/5287/5134 1166/5281/5128
f 1159/5282/5129 1151/5288/5135 1160/5287/5134
f 1151/5288/5135 1159/5282/5129 1158/5289/5136
f 1164/5283/5130 1158/5289/5136 1159/5282/5129
f 1163/5290/5137 1158/5289/5136 1164/5283/5130
f 1164/5283/5130 1170/5284/5131 1163/5290/5137
f 1163/5290/5137 1170/5284/5131 1169/5291/5138
f 1312/5285/5132 1169/5291/5138 1170/5284/5131
f 1154/5213/5063 1153/5286/5133 1145/5212/5062
f 1153/5286/5133 1144/5211/5061 1145/5212/5062
f 1153/5286/5133 1152/5292/5139 1144/5211/5061
f 1160/5287/5134 1152/5292/5139 1153/5286/5133
f 1151/5288/5135 1152/5292/5139 1160/5287/5134
f 1151/5288/5135 1138/5221/5071 1152/5292/5139
f 1151/5288/5135 1131/5293/5140 1138/5221/5071
f 1151/5288/5135 1156/5294/5141 1131/5293/5140
f 1157/5295/5142 1156/5294/5141 1151/5288/5135
f 1151/5288/5135 1158/5289/5136 1157/5295/5142
f 1157/5295/5142 1158/5289/5136 1162/5296/5143
f 1163/5290/5137 1162/5296/5143 1158/5289/5136
f 1152/5292/5139 1138/5221/5071 1144/5211/5061
f 1282/5220/5070 1138/5221/5071 1131/5293/5140
f 1282/5220/5070 1131/5293/5140 1263/5232/5082
f 1131/5293/5140 1155/5297/5144 1263/5232/5082
f 1131/5293/5140 1156/5294/5141 1155/5297/5144
f 1156/5294/5141 1161/5298/5145 1155/5297/5144
f 1156/5294/5141 1157/5295/5142 1161/5298/5145
f 1157/5295/5142 1162/5296/5143 1161/5298/5145
f 1167/5299/5146 1161/5298/5145 1162/5296/5143
f 1168/5300/5147 1167/5299/5146 1162/5296/5143
f 1168/5300/5147 1162/5296/5143 1163/5290/5137
f 1163/5290/5137 1169/5291/5138 1168/5300/5147
f 1263/5232/5082 1155/5297/5144 1293/5238/5088
f 1161/5298/5145 1293/5238/5088 1155/5297/5144
f 1161/5298/5145 1167/5299/5146 1293/5238/5088
f 1293/5238/5088 1167/5299/5146 1305/5244/5094
f 1172/5301/5148 1305/5244/5094 1167/5299/5146
f 1167/5299/5146 1173/5302/5149 1172/5301/5148
f 1167/5299/5146 1168/5300/5147 1173/5302/5149
f 1168/5300/5147 1174/5303/5150 1173/5302/5149
f 1168/5300/5147 1169/5291/5138 1174/5303/5150
f 1169/5291/5138 1175/5304/5151 1174/5303/5150
f 1169/5291/5138 1176/5305/5152 1175/5304/5151
f 1312/5285/5132 1176/5305/5152 1169/5291/5138
f 1172/5301/5148 1299/5243/5093 1305/5244/5094
f 1172/5301/5148 1313/5306/5153 1299/5243/5093
f 1173/5302/5149 1313/5306/5153 1172/5301/5148
f 1173/5302/5149 1314/5307/5154 1313/5306/5153
f 1174/5303/5150 1314/5307/5154 1173/5302/5149
f 1174/5303/5150 1267/5308/5155 1314/5307/5154
f 1267/5308/5155 1174/5303/5150 1175/5304/5151
f 1175/5304/5151 1320/5309/5156 1267/5308/5155
f 1175/5304/5151 1322/5310/5157 1320/5309/5156
f 1322/5310/5157 1175/5304/5151 1323/5311/5158
f 1176/5305/5152 1323/5311/5158 1175/5304/5151
f 1311/5312/5159 1299/5243/5093 1313/5306/5153
f 1314/5307/5154 1311/5312/5159 1313/5306/5153
f 1314/5307/5154 1324/5313/5160 1311/5312/5159
f 1324/5313/5160 1314/5307/5154 1325/5314/5161
f 1314/5307/5154 1267/5308/5155 1325/5314/5161
f 1267/5308/5155 1260/5315/5162 1325/5314/5161
f 1267/5308/5155 1320/5309/5156 1260/5315/5162
f 1320/5309/5156 1259/5316/5163 1260/5315/5162
f 1320/5309/5156 1327/5317/5164 1259/5316/5163
f 1322/5310/5157 1327/5317/5164 1320/5309/5156
f 1295/5247/5098 1299/5243/5093 1311/5312/5159
f 1295/5247/5098 1311/5312/5159 1310/5261/5112
f 1310/5261/5112 1311/5312/5159 1324/5313/5160
f 1328/5318/5165 1310/5261/5112 1324/5313/5160
f 1328/5318/5165 1324/5313/5160 1325/5314/5161
f 1325/5314/5161 1329/5319/5166 1328/5318/5165
f 1325/5314/5161 1260/5315/5162 1329/5319/5166
f 1260/5315/5162 1240/5320/5167 1329/5319/5166
f 1260/5315/5162 1259/5316/5163 1240/5320/5167
f 1259/5316/5163 1253/5321/5168 1240/5320/5167
f 1259/5316/5163 1258/5322/5169 1253/5321/5168
f 1327/5317/5164 1258/5322/5169 1259/5316/5163
f 1310/5261/5112 1328/5318/5165 1317/5260/5111
f 1328/5318/5165 1266/3589/5170 1317/5260/5111
f 1266/3589/5170 1328/5318/5165 1180/5323/5171
f 1180/5323/5171 1328/5318/5165 1329/5319/5166
f 1329/5319/5166 1330/5324/5172 1180/5323/5171
f 1329/5319/5166 1240/5320/5167 1330/5324/5172
f 1240/5320/5167 1241/5325/5173 1330/5324/5172
f 1240/5320/5167 1253/5321/5168 1241/5325/5173
f 1253/5321/5168 1326/5326/5174 1241/5325/5173
f 1179/5327/5175 1326/5326/5174 1253/5321/5168
f 1258/5322/5169 1179/5327/5175 1253/5321/5168
f 1190/5328/5176 1317/5260/5111 1266/3589/5170
f 1266/3589/5170 1331/5329/5177 1190/5328/5176
f 1266/3589/5170 1180/5323/5171 1331/5329/5177
f 1235/5330/5178 1331/5329/5177 1180/5323/5171
f 1235/5330/5178 1180/5323/5171 1330/5324/5172
f 1234/5331/5179 1235/5330/5178 1330/5324/5172
f 1234/5331/5179 1330/5324/5172 1241/5325/5173
f 1177/5332/5180 1234/5331/5179 1241/5325/5173
f 1177/5332/5180 1241/5325/5173 1326/5326/5174
f 1189/5333/3693 1177/5332/5180 1326/5326/5174
f 1189/5333/3693 1326/5326/5174 1179/5327/5175
f 1190/5328/5176 1316/5259/5110 1317/5260/5111
f 1197/5334/5181 1316/5259/5110 1190/5328/5176
f 1190/5328/5176 1217/5335/5182 1197/5334/5181
f 1190/5328/5176 1223/5336/5183 1217/5335/5182
f 1331/5329/5177 1223/5336/5183 1190/5328/5176
f 1331/5329/5177 1235/5330/5178 1223/5336/5183
f 1235/5330/5178 1229/5337/5184 1223/5336/5183
f 1235/5330/5178 1234/5331/5179 1229/5337/5184
f 1234/5331/5179 1178/5338/5185 1229/5337/5184
f 1234/5331/5179 1177/5332/5180 1178/5338/5185
f 1178/5338/5185 1177/5332/5180 1188/5339/3700
f 1189/5333/3693 1188/5339/3700 1177/5332/5180
f 1197/5334/5181 1186/5340/5186 1316/5259/5110
f 1196/5341/5187 1186/5340/5186 1197/5334/5181
f 1216/5342/5188 1196/5341/5187 1197/5334/5181
f 1216/5342/5188 1197/5334/5181 1222/5343/5189
f 1197/5334/5181 1217/5335/5182 1222/5343/5189
f 1228/5344/5190 1222/5343/5189 1217/5335/5182
f 1228/5344/5190 1217/5335/5182 1187/5345/5191
f 1223/5336/5183 1187/5345/5191 1217/5335/5182
f 1223/5336/5183 1229/5337/5184 1187/5345/5191
f 1316/5259/5110 1186/5340/5186 1143/5258/5109
f 1143/5258/5109 1186/5340/5186 1194/5346/5192
f 1196/5341/5187 1194/5346/5192 1186/5340/5186
f 1194/5346/5192 1196/5341/5187 1195/5347/5193
f 1206/5348/5194 1195/5347/5193 1196/5341/5187
f 1206/5348/5194 1196/5341/5187 1216/5342/5188
f 1216/5342/5188 1215/5349/5195 1206/5348/5194
f 1215/5349/5195 1216/5342/5188 1221/5350/5196
f 1221/5350/5196 1216/5342/5188 1222/5343/5189
f 1221/5350/5196 1222/5343/5189 1228/5344/5190
f 1143/5258/5109 1194/5346/5192 1135/3597/3462
f 1135/3597/3462 1194/5346/5192 1202/3590/3455
f 1194/5346/5192 1195/5347/5193 1202/3590/3455
f 1202/3590/3455 1195/5347/5193 1204/3583/3448
f 1205/3581/3446 1204/3583/3448 1195/5347/5193
f 1205/3581/3446 1195/5347/5193 1206/5348/5194
f 1205/3581/3446 1206/5348/5194 1215/5349/5195
f 1205/3581/3446 1215/5349/5195 1214/3576/3441
f 1215/5349/5195 1220/5351/5197 1214/3576/3441
f 1215/5349/5195 1203/5352/5198 1220/5351/5197
f 1215/5349/5195 1221/5350/5196 1203/5352/5198
f 1208/5353/5199 1203/5352/5198 1221/5350/5196
f 1208/5353/5199 1221/5350/5196 1209/5354/5200
f 1228/5344/5190 1209/5354/5200 1221/5350/5196
f 1228/5344/5190 1210/5355/5201 1209/5354/5200
f 1228/5344/5190 1187/5345/5191 1210/5355/5201
f 1220/5351/5197 1211/3573/3438 1214/3576/3441
f 1212/3572/3437 1211/3573/3438 1220/5351/5197
f 1212/3572/3437 1220/5351/5197 1208/5353/5199
f 1203/5352/5198 1208/5353/5199 1220/5351/5197
f 1213/3571/3436 1212/3572/3437 1208/5353/5199
f 1219/5356/5202 1213/3571/3436 1208/5353/5199
f 1219/5356/5202 1208/5353/5199 1209/5354/5200
f 1225/5357/5203 1219/5356/5202 1209/5354/5200
f 1225/5357/5203 1209/5354/5200 1210/5355/5201
f 1229/5337/5184 1225/5357/5203 1210/5355/5201
f 1229/5337/5184 1210/5355/5201 1187/5345/5191
f 1226/3570/3435 1213/3571/3436 1219/5356/5202
f 1226/3570/3435 1219/5356/5202 1227/5358/5204
f 1218/5359/5205 1227/5358/5204 1219/5356/5202
f 1218/5359/5205 1219/5356/5202 1225/5357/5203
f 1225/5357/5203 1178/5338/5185 1218/5359/5205
f 1229/5337/5184 1178/5338/5185 1225/5357/5203
f 1224/3569/1080 1226/3570/3435 1227/5358/5204
f 1224/3569/1080 1227/5358/5204 1230/5360/3705
f 1231/5361/3704 1230/5360/3705 1227/5358/5204
f 1231/5361/3704 1227/5358/5204 1218/5359/5205
f 1188/5339/3700 1231/5361/3704 1218/5359/5205
f 1188/5339/3700 1218/5359/5205 1178/5338/5185
f 1189/5333/3693 1179/5327/5175 1232/5362/3686
f 1179/5327/5175 1233/5363/5206 1232/5362/3686
f 1258/5322/5169 1233/5363/5206 1179/5327/5175
f 1239/5364/5207 1233/5363/5206 1258/5322/5169
f 1236/5365/5208 1239/5364/5207 1258/5322/5169
f 1327/5317/5164 1236/5365/5208 1258/5322/5169
f 1237/5366/5209 1236/5365/5208 1327/5317/5164
f 1322/5310/5157 1237/5366/5209 1327/5317/5164
f 1238/3536/3680 1232/5362/3686 1233/5363/5206
f 1238/3536/3680 1233/5363/5206 1242/3529/5210
f 1233/5363/5206 1239/5364/5207 1242/3529/5210
f 1242/3529/5210 1239/5364/5207 1243/3528/3676
f 1239/5364/5207 1244/5367/3675 1243/3528/3676
f 1239/5364/5207 1245/5368/5211 1244/5367/3675
f 1248/5369/5212 1245/5368/5211 1239/5364/5207
f 1248/5369/5212 1239/5364/5207 1236/5365/5208
f 1237/5366/5209 1248/5369/5212 1236/5365/5208
f 1242/3529/5210 1252/5370/3677 1238/3536/3680
f 1242/3529/5210 1243/3528/3676 1252/5370/3677
f 1108/5371/3630 1182/5269/5116 1089/5270/3629
f 1108/5371/3630 1312/5285/5132 1182/5269/5116
f 1109/5372/5213 1312/5285/5132 1108/5371/3630
f 1104/5373/3623 1109/5372/5213 1108/5371/3630
f 1104/5373/3623 1103/5374/5214 1109/5372/5213
f 1104/5373/3623 1110/5375/5215 1103/5374/5214
f 1104/5373/3623 1105/5376/3624 1110/5375/5215
f 1099/5377/3660 1110/5375/5215 1105/5376/3624
f 1109/5372/5213 1176/5305/5152 1312/5285/5132
f 1096/5378/5216 1176/5305/5152 1109/5372/5213
f 1103/5374/5214 1096/5378/5216 1109/5372/5213
f 1103/5374/5214 1323/5311/5158 1096/5378/5216
f 1103/5374/5214 1322/5310/5157 1323/5311/5158
f 1103/5374/5214 1237/5366/5209 1322/5310/5157
f 1237/5366/5209 1103/5374/5214 1102/5379/5217
f 1102/5379/5217 1103/5374/5214 1110/5375/5215
f 1176/5305/5152 1096/5378/5216 1323/5311/5158
f 1102/5379/5217 1248/5369/5212 1237/5366/5209
f 1102/5379/5217 1116/5380/5218 1248/5369/5212
f 1110/5375/5215 1116/5380/5218 1102/5379/5217
f 1110/5375/5215 1111/5381/5219 1116/5380/5218
f 1099/5377/3660 1111/5381/5219 1110/5375/5215
f 1111/5381/5219 1099/5377/3660 1112/5382/3661
f 1112/5382/3661 1106/3518/5220 1111/5381/5219
f 1106/3518/5220 1112/5382/3661 1101/3525/3665
f 1106/3518/5220 1101/3525/3665 1100/3526/3670
f 1244/5367/3675 1106/3518/5220 1100/3526/3670
f 1248/5369/5212 1116/5380/5218 1098/5383/5221
f 1098/5383/5221 1116/5380/5218 1111/5381/5219
f 1098/5383/5221 1111/5381/5219 1106/3518/5220
f 1098/5383/5221 1106/3518/5220 1245/5368/5211
f 1244/5367/3675 1245/5368/5211 1106/3518/5220
f 1248/5369/5212 1098/5383/5221 1245/5368/5211
