# Blender 4.5.3 LTS
# www.blender.org
mtllib NosrogHelmet.mtl
o stalker_monolith4nosorog.ogf_00.001
v 0.015983 -0.458143 3.559492
v 0.745270 -3.480320 -3.936293
v 0.015983 -1.931487 3.054177
v 0.531345 -0.456626 3.469590
v -2.278842 0.028124 -0.380413
v 1.202290 -2.791908 -3.627303
v -0.781372 -1.979055 3.385222
v -0.713305 -3.480320 -3.936293
v 2.310807 0.028124 -0.380413
v 0.015983 -4.078853 -3.471056
v 0.015983 -4.137955 -3.587261
v 2.252464 -0.949706 1.678733
v 1.036985 -2.310015 -4.841084
v 0.823061 -1.675097 -5.333200
v -0.460485 4.062431 -1.610515
v -0.275732 -4.042432 -3.497907
v 0.015983 -4.079347 -3.370045
v -2.094088 2.244455 0.819842
v 2.126052 2.244455 0.819842
v 0.307698 -4.042432 -3.497907
v -0.791095 -1.675097 -5.333200
v -2.220500 -0.949706 1.678733
v 0.492450 4.062431 -1.610515
v 0.297974 -1.411743 -5.533404
v 2.252464 1.094263 -1.149199
v -2.220500 1.094263 -1.149199
v -0.353523 1.337303 -4.027686
v -2.181602 -2.350899 -1.661888
v -0.266009 -1.411743 -5.533404
v 2.213568 -2.350899 -1.661888
v -2.026022 -1.428999 -1.134481
v 2.057986 -1.428999 -1.134481
v 2.310807 0.778280 3.061674
v 1.163394 2.974119 2.436153
v -1.005019 -2.310015 -4.841084
v -0.499381 -0.456626 3.469590
v 1.795444 2.752794 -1.810430
v 0.015983 4.162191 -3.181713
v -1.131429 2.974119 2.436153
v -1.763478 2.752794 -1.810430
v -0.577171 1.836669 3.381845
v -1.812099 2.542988 2.073478
v -0.518828 3.219244 2.675587
v -1.160601 1.642621 3.169848
v -1.744030 1.388415 2.830566
v 1.192567 1.642621 3.169848
v -1.005019 -0.500600 3.306664
v 1.775997 1.388415 2.830566
v -1.549554 -3.154378 -3.022481
v 1.036985 -0.500600 3.306664
v -1.471764 -2.781801 -3.516377
v 0.745270 -1.955259 2.900040
v -1.462040 -3.003745 -3.287522
v 1.610691 -0.638988 2.852387
v -2.152431 -2.972027 -2.405280
v 1.280081 -2.056267 2.429986
v -2.269118 -1.977693 -2.896148
v -2.356632 -2.105033 -3.015283
v -2.084365 -1.936691 -3.192749
v -2.444145 -2.254765 -2.739132
v -2.366357 -2.134913 -2.596640
v -1.753755 -2.297051 -3.631294
v -1.850992 -1.997348 -3.432142
v -1.423144 -2.426441 -3.559503
v -1.306459 -2.705523 -3.424678
v -1.296735 -2.946614 -3.193507
v -1.714859 -3.207010 -2.746884
v -1.578725 -3.155440 -2.607346
v -2.998406 -0.488566 0.344062
v -3.134538 -0.514795 0.268746
v -0.402142 1.338340 -4.655943
v -2.988682 -1.064744 -0.012198
v -1.053639 1.354519 -4.478420
v -1.763478 1.057287 -4.117057
v -2.239947 1.027912 -3.586320
v -1.734308 1.916560 -4.064360
v -1.520382 2.819302 -3.960853
v -2.288566 1.964446 -3.430846
v 1.834339 3.507643 -3.225622
v 2.203844 2.930971 -3.267770
v 2.709484 2.093235 -2.549163
v 2.670590 1.307302 -2.756581
v 1.056433 1.923695 -4.412924
v -2.123260 2.152108 -0.514912
v 0.015983 1.814944 3.462992
v 0.015983 4.416440 0.679526
v 0.015983 3.409292 2.843205
v 0.015983 4.191828 -1.682310
v -0.450762 4.214258 0.591903
v -2.755309 3.601660 0.475600
v -1.617621 4.302095 1.557068
v -2.201051 3.965460 1.485767
v -2.356632 4.149592 0.521237
v -1.705135 4.587826 0.535334
v 0.015983 4.945146 0.727495
v 2.320531 1.964446 -3.430846
v 2.262188 1.027912 -3.586320
v -0.392418 1.021482 -4.617454
v -0.966125 1.042103 -4.283461
v -1.024467 1.026993 -4.449881
v -1.675963 1.058782 -3.993868
v -2.541384 0.949430 -2.847744
v -2.278842 1.381710 -3.539535
v -2.502490 0.808858 -2.258623
v -2.560832 0.620749 -1.977814
v -2.696966 0.818453 -2.259794
v -2.774758 0.312392 -1.738481
v -2.745585 0.630376 -1.978984
v -2.171880 2.930971 -3.267770
v -2.677518 2.093235 -2.549163
v -2.871995 1.187421 -2.046602
v -2.901167 2.256403 -1.503406
v 0.015983 4.908471 -1.062684
v -2.726140 3.585624 -0.341253
v -2.978957 2.410930 -0.658510
v 0.015983 5.028180 -0.067736
v -2.803928 -0.737522 2.303526
v -2.765032 -2.381701 1.841361
v -2.181602 -2.306457 2.348198
v -1.510659 -2.176627 2.814739
v -2.298290 -0.748687 2.820837
v 0.015983 -0.717444 3.804094
v 0.015983 0.433899 4.079307
v -2.278842 0.778280 3.061674
v -1.588450 0.920788 3.560327
v -1.646792 2.538317 3.195700
v 0.015983 2.751067 3.506357
v -2.745585 1.356618 2.374559
v -1.763478 3.150498 2.773659
v -2.298290 2.738578 2.408661
v -2.026022 3.647443 2.152499
v 0.015983 1.036613 -4.451043
v 0.463279 3.279151 -2.962319
v 0.015983 1.334267 -4.060953
v 1.192567 3.230549 -2.642374
v 1.095328 2.164164 -3.477521
v 1.669034 2.098839 -2.807826
v 2.057986 1.552809 -1.765689
v 2.320531 0.422423 -0.529252
v 2.155226 -1.182808 -1.523299
v 2.252464 -0.634907 -1.051436
v 2.057986 -1.682643 -1.574778
v 1.989920 -2.158334 -1.359985
v 2.417770 0.454109 0.779238
v 2.233016 -0.770463 -0.406846
v 1.659310 -2.208309 1.719363
v 2.019092 -2.465236 -0.784356
v 2.349702 -1.065881 1.042284
v 2.242741 -1.330068 -0.047275
v 1.980196 -2.426991 0.489682
v 0.015983 -1.995735 3.308725
v -3.270672 1.594073 -0.458377
v -3.270672 1.475837 -0.477677
v -3.270672 1.363102 -0.542507
v -3.270672 1.804901 -0.596148
v -3.270672 1.861989 -0.715245
v -3.270672 1.877700 -0.862961
v -3.270672 1.715931 -0.506829
v -3.270672 1.527454 -1.190578
v -3.270672 1.415216 -1.143301
v -3.173434 1.475837 -0.477677
v -3.173434 1.594073 -0.458377
v -3.173434 1.715931 -0.506829
v -3.270672 1.836762 -0.992591
v -3.270672 1.758417 -1.106450
v -3.270672 1.655338 -1.172460
v 2.865066 -1.855963 -2.305228
v 2.680313 -1.855963 -2.305228
v 2.534456 -2.591972 -1.856957
v 3.156781 -2.661971 -0.278156
v 3.030370 -2.797941 -0.171904
v 3.117885 -1.617393 -2.031353
v 3.302639 -1.312158 -1.451508
v 2.796998 -0.193123 -1.531297
v 3.078989 -0.320009 -1.112091
v 2.194121 1.159905 3.093861
v 2.777550 1.356618 2.374559
v 2.087159 1.300918 3.043089
v 1.552348 1.035519 3.434238
v 2.962303 2.469338 1.050520
v 2.680313 3.457475 1.345556
v 2.787274 3.601660 0.475600
v 2.233016 3.965460 1.485767
v 2.388598 4.149592 0.521237
v 2.758102 3.585624 -0.341253
v -3.066472 0.088924 -1.206606
v -3.037300 1.683419 0.629980
v -2.930338 2.469338 1.050520
v -2.998406 2.451249 0.211476
v -3.270672 1.369003 0.802757
v -3.066472 1.483319 0.138320
v -2.833101 -1.855963 -2.305228
v -2.687243 -2.591972 -1.856957
v -2.648346 -1.855963 -2.305228
v -2.502490 -2.591972 -1.856957
v -2.687243 -2.801270 -1.595991
v -2.502490 -2.859982 -1.173851
v -2.696966 -2.826716 -0.168417
v -2.667794 -2.859982 -1.173851
v -2.871995 -2.824616 -1.211800
v -2.910890 -2.720203 0.682306
v -2.940062 -2.298793 1.685503
v -2.784480 -2.118866 2.168386
v 0.015983 2.149057 -3.857029
v 3.020647 -1.064744 -0.012198
v 3.069265 -1.054105 -0.002260
v 3.205399 1.285740 -0.645278
v 3.302639 1.285740 -0.645278
v 3.205399 1.363102 -0.542507
v 3.302639 1.363102 -0.542507
v 3.205399 1.475837 -0.477677
v 3.302639 1.475837 -0.477677
v 3.205399 1.594073 -0.458377
v 3.302639 1.594073 -0.458377
v 3.302639 1.715931 -0.506829
v 3.302639 1.804901 -0.596148
v 3.302639 1.861989 -0.715245
v 3.302639 1.877700 -0.862961
v 3.302639 1.836762 -0.992591
v 3.302639 1.415216 -1.143301
v 3.302639 1.527454 -1.190578
v 3.302639 1.655338 -1.172460
v 3.302639 1.758417 -1.106450
v 3.302639 1.316671 -1.052827
v 3.302639 1.260556 -0.922637
v 3.302639 1.243826 -0.786005
v -3.173434 1.260556 -0.922637
v -3.270672 1.316671 -1.052827
v -3.173434 1.316671 -1.052827
v -3.173434 1.415216 -1.143301
v -3.173434 1.527454 -1.190578
v -3.173434 1.655338 -1.172460
v -3.173434 1.758417 -1.106450
v -3.173434 1.804901 -0.596148
v -3.173434 1.363102 -0.542507
v 2.719209 -2.591972 -1.856957
v 3.506838 -0.641066 -0.691755
v 2.728932 -2.826716 -0.168417
v 2.942856 -2.720203 0.682306
v 2.796998 -2.381701 1.841361
v 2.972028 -2.298793 1.685503
v 2.816447 -2.118866 2.168386
v 2.330255 -2.070973 2.588777
v 2.330255 -0.748687 2.820837
v 1.688481 -0.753311 3.303717
v 1.649586 -2.001736 3.029062
v 0.813337 -1.979055 3.385222
v 3.497114 -0.025946 -0.228048
v 3.302639 1.369003 0.802757
v 3.312362 1.250278 0.245131
v 3.458219 0.872673 0.044203
v -1.637069 2.098839 -2.807826
v -2.288566 0.422423 -0.529252
v -2.026022 1.552809 -1.765689
v -1.957957 -2.158334 -1.359985
v -2.220500 -0.634907 -1.051436
v -2.123260 -1.182808 -1.523299
v -2.026022 -1.682643 -1.574778
v -2.385804 0.454109 0.779238
v -1.627345 -2.208309 1.719363
v -2.201051 -0.770463 -0.406846
v -2.317737 -1.065881 1.042284
v -2.210775 -1.330068 -0.047275
v -2.026022 -2.498181 -0.185879
v -1.948231 -2.426991 0.489682
v -0.732753 -2.032646 3.223480
v -0.713305 -1.955259 2.900040
v 3.147058 0.744696 0.878548
v 0.385488 1.337303 -4.027686
v 0.385488 1.037589 -4.439950
v 2.126052 1.026353 -3.496405
v 2.087159 1.130322 -2.353742
v 1.756549 1.298250 -3.069552
v 2.408047 0.957552 -2.758989
v 2.534456 0.808858 -2.258623
v 2.213568 0.928591 -1.903011
v 2.592798 0.620749 -1.977814
v 2.524731 -0.786506 -1.436830
v 2.310807 0.657091 -1.578430
v 2.553903 -2.805315 -1.640381
v 2.524731 -2.859982 -1.173851
v 0.754994 -2.032646 3.223480
v 2.252464 -2.581433 -1.420789
v -3.270672 1.243826 -0.786005
v -3.270672 1.260556 -0.922637
v -3.270672 1.285740 -0.645278
v -3.173434 1.285740 -0.645278
v -3.173434 1.861989 -0.715245
v -3.173434 1.877700 -0.862961
v -3.173434 1.836762 -0.992591
v -3.173434 1.243826 -0.786005
v 3.205399 1.415216 -1.143301
v 3.205399 1.316671 -1.052827
v 3.205399 1.655338 -1.172460
v -0.353523 -3.947343 -4.160021
v -0.567448 -3.661230 -4.004071
v -0.450762 -3.793130 -4.279686
v -0.567448 -3.442855 -4.165182
v -0.450762 -3.243678 -4.323973
v -0.441038 -3.611144 -4.413933
v -0.353523 -3.456995 -4.533594
v -0.178494 -3.347765 -4.614170
v -0.236837 -3.098087 -4.431365
v 0.015983 -3.052078 -4.459376
v 0.015983 -3.311359 -4.640998
v 0.268802 -3.098087 -4.431365
v 0.210459 -3.347765 -4.614170
v 0.482726 -3.243678 -4.323973
v 0.473003 -3.611144 -4.413933
v 0.385488 -3.456995 -4.533594
v 0.599412 -3.442855 -4.165182
v -0.888334 4.828677 -1.512871
v 0.015983 4.943433 -1.638962
v 0.015983 4.924707 -1.524519
v 0.920300 4.828677 -1.512871
v 0.015983 4.874732 -1.753984
v 1.688481 4.532976 -1.454525
v 0.385488 -3.947343 -4.160021
v 0.492450 -3.870020 -3.844130
v 0.220183 -4.066118 -4.078290
v 0.278526 -4.006011 -3.737879
v 0.015983 -4.060596 -3.697613
v 0.015983 -4.101495 -4.040339
v -2.191327 4.022459 -1.515922
v -0.246561 -4.006011 -3.737879
v 0.473003 -3.793130 -4.279686
v -0.460485 -3.870020 -3.844130
v 0.599412 -3.661230 -4.004071
v -2.521938 -2.660748 -1.545766
v -2.512212 -2.830596 -1.491485
v -0.703581 -3.406284 -1.948762
v -0.353523 -3.372889 -2.008891
v 3.205399 1.877700 -0.862961
v 3.205399 1.861989 -0.715245
v 3.205399 1.527454 -1.190578
v 3.205399 1.804901 -0.596148
v 3.205399 1.243826 -0.786005
v 3.205399 1.715931 -0.506829
v 3.205399 1.260556 -0.922637
v -3.144264 -0.305872 -1.169897
v -2.473318 -0.670609 -2.617401
v -2.259395 -0.575584 -2.640138
v -1.860716 -0.782765 -2.996357
v -1.442592 -1.685311 -4.378561
v 0.015983 -3.525009 -2.080160
v -0.372971 -3.499757 -2.015932
v 0.015983 -3.406749 -2.060877
v -0.684133 -3.246546 -1.900848
v -0.936953 -3.096932 -1.750766
v -2.055192 -2.853888 -1.320415
v -2.006574 -2.677438 -1.409133
v -2.259395 -2.658255 -1.411456
v -2.278842 -2.838711 -1.367119
v -3.241501 0.571554 -0.704382
v -2.910890 -1.251948 -2.176666
v -2.726140 -1.251948 -2.176666
v -3.222053 1.383272 -0.107521
v 3.244295 2.122339 -0.735636
v -2.803928 -0.863829 -1.539592
v -2.988682 -0.863829 -1.539592
v -3.056749 0.571554 -0.704382
v -2.648346 -1.855963 -2.305228
v -2.502490 -2.591972 -1.856957
v -2.687243 -2.591972 -1.856957
v 3.069265 0.138938 -0.977133
v 3.166505 -0.305872 -1.169897
v -2.833101 -1.855963 -2.305228
v 3.254018 0.138938 -0.977133
v 3.030370 -0.305872 -1.169897
v 3.020647 -0.863829 -1.539592
v 2.758102 -1.251948 -2.176666
v 2.942856 -1.251948 -2.176666
v 2.981751 -0.615599 -1.906229
v 1.892682 -0.782765 -2.996357
v 1.542624 -0.867662 -3.288895
v 2.796998 -0.339063 -2.175336
v 1.610691 -1.176900 -3.913117
v 2.563627 -1.145682 -2.929855
v 1.474558 -1.685311 -4.378561
v -0.956401 -3.606784 -2.978749
v -0.567448 -3.662378 -3.162691
v 0.832784 -0.694191 -3.837116
v 1.270356 -1.095468 -4.192182
v 0.881404 -0.922590 -4.426290
v 2.728932 1.281012 -3.045024
v 2.972028 1.489710 -2.352500
v 1.212013 -0.851423 -3.537616
v 2.845617 1.111658 -2.665534
v 3.244295 1.658242 -0.073606
v 3.244295 2.117811 -0.892106
v 3.244295 1.515201 -0.045012
v 3.244295 2.047076 -1.029328
v 3.254018 1.383272 -0.107521
v 3.263742 0.571554 -0.704382
v 3.108162 1.713020 -1.818795
v 3.166505 0.785519 -1.661320
v 2.942856 0.722902 -2.349134
v 0.015983 -0.372638 -4.571575
v 0.015983 -0.206838 -4.457111
v 0.122945 -0.224047 -4.432597
v -0.090980 -0.224047 -4.432597
v -0.324351 -0.407052 -4.309420
v -0.314628 -0.711268 -4.665064
v -0.849438 -0.922590 -4.426290
v -0.538276 -0.545028 -4.012249
v -0.586895 -0.807846 -4.552388
v -0.479933 -0.401988 -4.253954
v -0.664686 -0.468707 -4.133690
v -0.586895 -0.486460 -4.008163
v -1.073087 -0.657771 -3.863973
v -1.782926 -0.713983 -3.307536
v -1.734308 -0.678166 -3.233373
v -1.938508 -0.518435 -2.972356
v -2.687243 0.360035 -2.495756
v 2.835895 -0.863829 -1.539592
v -1.627345 -0.577430 -3.514807
v -1.316182 -0.559237 -3.741342
v -0.703581 -0.357020 -4.079933
v -0.975848 -0.479372 -3.930491
v -2.152431 -0.312692 -2.952485
v -0.139599 -0.128524 -4.343230
v -0.528552 -0.225062 -4.230574
v -2.220500 -0.496702 -2.840404
v -2.405251 -0.027108 -2.695521
v -1.782926 1.379267 -4.100069
v 0.015983 0.937550 -4.685781
v -1.870440 -0.497639 -3.277726
v -2.521938 -0.131278 -2.559490
v -0.411866 0.941609 -4.641398
v -1.073087 0.957770 -4.463914
v 0.434107 1.338340 -4.655943
v 1.085604 1.354519 -4.478420
v 0.443831 0.941609 -4.641398
v 2.621970 1.315913 -2.981959
v 2.670590 0.824604 -2.832571
v 0.015983 1.335386 -4.689220
v 2.699760 0.626410 -2.662712
v 2.787274 1.489710 -2.352500
v -2.395527 -0.045369 -2.468974
v -2.619177 -0.194035 -2.181734
v 2.719209 0.360035 -2.495756
v 2.281636 0.980873 -3.569397
v 0.511898 -0.401988 -4.253954
v 0.735546 -0.357020 -4.079933
v 0.560517 -0.225062 -4.230574
v 0.015983 0.098952 -4.404509
v -0.110427 0.080763 -4.391074
v -0.246561 0.005926 -4.359544
v 0.171564 -0.128524 -4.343230
v -2.667794 0.626410 -2.662712
v -0.052084 -0.014305 -4.368331
v 0.278526 0.005926 -4.359544
v 0.084049 -0.014305 -4.368331
v 1.105052 -0.657771 -3.863973
v 1.348147 -0.559237 -3.741342
v 1.007813 -0.479372 -3.930491
v 1.902407 -0.497639 -3.277726
v 1.649586 -0.577430 -3.514807
v 2.184396 -0.312692 -2.952485
v 1.814891 -0.713983 -3.307536
v -2.609452 0.340312 -2.605540
v 0.015983 0.052979 -4.376495
v 2.252464 -0.496702 -2.840404
v 2.553903 -0.131278 -2.559490
v -3.037300 1.383272 -0.107521
v 2.641417 0.340312 -2.605540
v -2.901167 1.724675 -1.797783
v -3.037300 0.138938 -0.977133
v 2.437216 -0.027108 -2.695521
v -3.027576 2.047076 -1.029328
v -2.998406 -0.305872 -1.169897
v -2.755309 1.489710 -2.352500
v -2.638624 0.824604 -2.832571
v -3.027576 2.122339 -0.735636
v -2.590005 1.315913 -2.981959
v -3.027576 2.117811 -0.892106
v -3.027576 1.515201 -0.045012
v -3.027576 1.658242 -0.073606
v -0.567448 -0.333853 -3.611675
v -0.304904 -0.193824 -3.886662
v -0.567448 -0.808443 -3.812027
v -0.713305 -1.734842 -4.709035
v -0.295180 -1.629134 -4.934985
v 0.015983 -1.620559 -4.947247
v -0.197942 -0.000193 -3.999901
v 0.015983 -0.535412 -4.226544
v -0.100703 0.111054 -4.058257
v -0.159046 -0.572813 -4.210792
v -0.995296 -3.371301 -2.738162
v -1.199496 -1.878444 -4.153210
v -1.102258 -0.941391 -3.459389
v -1.627345 -1.969017 -3.547743
v -1.141154 -0.314655 -3.400882
v -1.432869 -0.289915 -3.235639
v -1.607898 -3.078185 -2.291449
v -1.656516 -1.056694 -3.019175
v -1.753755 -0.322813 -3.063416
v -2.016297 -0.444131 -2.689756
v -2.181602 -2.788056 -1.878001
v -2.152431 -1.971127 -2.930589
v 1.814891 1.379267 -4.100069
v 1.834339 0.982457 -4.085549
v 1.105052 0.957770 -4.463914
v -2.152431 -1.194280 -2.609905
v 2.038538 -2.677438 -1.409133
v 0.968918 -3.096932 -1.750766
v 0.716098 -3.246546 -1.900848
v 0.385488 -3.372889 -2.008891
v 0.745270 -1.734842 -4.709035
v 1.134223 -0.941391 -3.459389
v 0.015983 -3.682101 -3.059347
v -2.531661 -0.119158 -2.639478
v -2.269118 -0.401144 -2.964165
v -2.288566 -0.431954 -2.982867
v 0.434107 -3.623486 -3.055255
v 1.688481 -1.056694 -3.019175
v 2.184396 -1.971127 -2.930589
v -2.580280 -0.115592 -2.707221
v 1.785718 -0.322813 -3.063416
v 1.231462 -1.878444 -4.153210
v 2.291360 -2.658255 -1.411456
v -0.402142 -3.623486 -3.055255
v 0.336869 -0.193824 -3.886662
v 1.464834 -0.289915 -3.235639
v 2.213568 -2.788056 -1.878001
v 0.404936 -3.499757 -2.015932
v 1.027261 -3.371301 -2.738162
v 2.184396 -1.194280 -2.609905
v 2.553903 -2.660748 -1.545766
v 0.599412 -0.808443 -3.812027
v 1.659310 -1.969017 -3.547743
v 2.048263 -0.444131 -2.689756
v 1.639863 -3.078185 -2.291449
v 0.599412 -0.333853 -3.611675
v -3.212330 1.515201 -0.045012
v -3.076196 1.713020 -1.818795
v -3.212330 1.658242 -0.073606
v -3.212330 2.117811 -0.892106
v -3.212330 2.047076 -1.029328
v -3.212330 2.122339 -0.735636
v -3.037300 0.021769 -1.624675
v -3.222053 0.138938 -0.977133
v -1.170325 -2.791908 -3.627303
v -0.936953 -2.846460 -3.800137
v -1.131429 -2.156392 -4.646635
v -2.765032 -0.928416 -2.462709
v -0.936953 -2.972285 -4.009191
v -0.703581 -3.580424 -3.542788
v -0.800819 -3.353437 -3.716156
v -0.654962 -3.843895 -2.703218
v -0.353523 -3.888370 -2.765109
v -0.800819 -3.226615 -3.496006
v 0.015983 -3.844353 -3.028447
v -0.314628 -3.807968 -3.055285
v 0.015983 -3.890387 -2.787307
v 0.015983 -3.970145 -3.237495
v -0.567448 -3.789185 -3.382843
v -0.314628 -3.933821 -3.264336
v 2.796998 -0.928416 -2.462709
v 3.069265 0.021769 -1.624675
v 0.667479 -1.097896 -4.965819
v -2.755309 0.323131 -2.581013
v -2.220500 -0.455736 -2.923885
v -2.745585 0.317538 -2.535467
v -2.794204 0.883212 -2.828488
v -2.658072 1.049051 -3.140240
v -2.609452 1.093522 -3.078342
v -2.755309 0.908432 -2.764234
v -2.803928 0.638069 -2.641683
v -2.803928 0.643097 -2.586206
v -2.784480 0.320095 -2.614297
v -2.842824 0.636009 -2.663877
v 0.327145 -1.629134 -4.934985
v 0.191011 -0.572813 -4.210792
v 0.229907 -0.000193 -3.999901
v 0.132669 0.111054 -4.058257
v 0.375764 -3.888370 -2.765109
v 0.336869 -3.807968 -3.055285
v 0.336869 -3.933821 -3.264336
v 0.735546 -3.406284 -1.948762
v 0.686927 -3.843895 -2.703218
v 0.599412 -3.789185 -3.382843
v 0.725822 -3.580424 -3.542788
v 0.599412 -3.662378 -3.162691
v 0.988366 -3.606784 -2.978749
v 0.725822 -3.453612 -3.322629
v 0.832784 -3.226615 -3.496006
v 0.677203 -1.339509 -5.272986
v 0.832784 -3.353437 -3.716156
v 0.920300 -1.503257 -5.152149
v 0.677203 -1.203994 -5.065102
v 0.015983 -0.952288 -5.073246
v 0.015983 -0.657653 -4.716455
v 0.336869 -0.988698 -5.046393
v 0.015983 -1.203457 -5.379230
v 0.327145 -1.103429 -5.133392
v 0.015983 -1.076639 -5.159090
v 0.327145 -1.230301 -5.353542
v -0.295180 -1.230301 -5.353542
v -0.295180 -1.103429 -5.133392
v -0.635515 -1.097896 -4.965819
v -0.304904 -0.988698 -5.046393
v -0.645238 -1.203994 -5.065102
v -0.888334 -1.503257 -5.152149
v -0.645238 -1.339509 -5.272986
v -1.073087 -1.793436 -4.926242
v -1.131429 -2.019964 -4.427655
v -1.073087 -1.656979 -4.707274
v -0.888334 -1.376424 -4.932010
v -1.248115 -1.438622 -4.655286
v -0.917505 -1.214690 -4.861910
v 0.949470 -1.214690 -4.861910
v 0.920300 -1.376424 -4.932010
v 1.280081 -1.438622 -4.655286
v 1.105052 -1.656979 -4.707274
v 1.163394 -2.019964 -4.427655
v 1.105052 -1.793436 -4.926242
v 1.163394 -2.156392 -4.646635
v 0.968918 -2.972285 -4.009191
v 0.968918 -2.846460 -3.800137
v -1.802374 0.982457 -4.085549
v 2.933132 1.724675 -1.797783
v 3.078989 0.571554 -0.704382
v 3.059542 2.047076 -1.029328
v 3.059542 2.117811 -0.892106
v 3.069265 1.383272 -0.107521
v 3.059542 2.122339 -0.735636
v 3.059542 1.515201 -0.045012
v 3.059542 1.658242 -0.073606
v 0.015983 1.060896 -4.824147
v 1.173118 -0.314655 -3.400882
v 0.015983 1.055338 -4.778599
v 1.989920 -0.598730 -3.321546
v 2.009367 -0.629572 -3.340218
v -1.957957 -0.598730 -3.321546
v -0.723029 -0.402975 -4.265059
v -0.664686 -0.445955 -4.203743
v -1.977403 -0.629572 -3.340218
v -1.082810 1.135193 -4.541522
v -1.092534 1.073517 -4.578913
v -0.411866 1.128620 -4.720199
v 0.015983 1.105363 -4.762236
v 0.463279 1.056340 -4.767507
v 0.998090 -0.603701 -4.016333
v 2.563627 -0.119158 -2.639478
v 1.357871 -0.699774 -3.791578
v 2.301082 -0.401144 -2.964165
v 2.631694 1.093522 -3.078342
v 0.463279 1.061912 -4.813057
v 2.660863 1.052088 -3.106964
v 1.124499 1.073517 -4.578913
v 1.114775 1.135193 -4.541522
v 1.134223 1.079078 -4.624460
v 1.863511 1.159884 -4.163175
v 2.388598 1.099684 -3.651120
v 1.902407 1.106822 -4.212812
v 2.874789 0.636009 -2.663877
v 2.690036 1.049051 -3.140240
v 2.826169 0.883212 -2.828488
v 2.339979 1.152706 -3.601480
v 2.787274 0.908432 -2.764234
v 2.835895 0.638069 -2.641683
v 2.816447 0.320095 -2.614297
v 2.777550 0.317538 -2.535467
v 2.612244 -0.115592 -2.707221
v 2.252464 -0.455736 -2.923885
v 2.835895 0.643097 -2.586206
v 1.746823 -0.721017 -3.598317
v 1.416214 -0.698261 -3.881503
v 2.787274 0.323131 -2.581013
v 1.056433 -0.583960 -4.119693
v 1.056433 -0.560721 -4.077651
v 1.688481 -0.723531 -3.519493
v -1.656516 -0.723531 -3.519493
v 1.960748 -0.632114 -3.261404
v 1.192567 -0.368249 -3.562631
v 0.628584 -0.337858 -3.869173
v -0.363247 -0.261508 -3.990609
v -0.285456 -0.163915 -4.092175
v -1.792649 -0.408679 -3.153932
v 0.443831 -0.437876 -4.114993
v 2.310807 1.381710 -3.539535
v 1.892682 1.357516 -4.232037
v 0.463279 1.313628 -4.821168
v 1.124499 1.330819 -4.632577
v 0.015983 1.312644 -4.832271
v -0.207665 -0.066819 -4.518971
v -0.236837 -0.032412 -4.568017
v 0.015983 0.050941 -4.611803
v -0.071532 0.007972 -4.550504
v 0.015983 0.016598 -4.562756
v 0.015983 0.027723 -4.653838
v 0.696651 -0.468707 -4.133690
v -0.236837 -0.046109 -4.611238
v 1.688481 -0.895461 -3.487415
v 2.719209 -0.224315 -2.514546
v 2.884513 0.301373 -2.286743
v 2.952580 0.290262 -2.408772
v 2.281636 -0.575584 -2.640138
v 2.408047 -0.598319 -2.783192
v 2.009367 -0.818135 -3.171532
v 0.356317 -0.407052 -4.309420
v 0.434107 -0.430734 -4.463582
v 0.657756 -3.766415 -3.879127
v 0.307698 -4.101566 -3.614110
v 0.657756 -3.707296 -3.762930
v 0.978641 -1.476502 -5.177831
v 2.320531 1.441369 -0.002401
v -0.402142 2.140431 -3.844779
v 0.015983 3.386289 -3.065070
v -1.063362 2.164164 -3.477521
v -1.160601 3.230549 -2.642374
v -2.132985 1.075101 2.161974
v 2.164949 1.075101 2.161974
v 0.434107 2.140431 -3.844779
v 0.609136 1.836669 3.381845
v 0.550793 3.219244 2.675587
v 0.482726 4.214258 0.591903
v 1.231462 3.956977 0.645577
v 1.250908 3.840984 -1.269561
v 1.882959 3.255079 -0.772210
v 1.882959 3.378725 0.693343
v 2.155226 2.152108 -0.514912
v -2.327460 0.701180 1.467085
v -2.298290 1.566060 1.048018
v -2.288566 1.441369 -0.002401
v 2.359427 0.701180 1.467085
v 2.330255 1.566060 1.048018
v -0.431314 3.279151 -2.962319
v 1.766273 -0.678166 -3.233373
v 0.015983 -0.171965 -4.607183
v -0.110427 0.019137 -4.641576
v -0.129875 -0.214895 -4.545869
v -2.376080 -0.598319 -2.783192
v -0.431314 1.313628 -4.821168
v -0.431314 0.955807 -4.699215
v 0.132669 0.019137 -4.641576
v 2.320531 -0.431954 -2.982867
v -1.092534 0.972898 -4.510613
v -2.658072 0.327684 -2.637657
v -1.005019 -0.497035 -4.018075
v 1.367595 -0.595146 -3.815489
v 1.688481 -0.620967 -3.565590
v 1.941302 -0.531521 -3.329707
v 2.738656 0.623392 -2.695984
v 2.223292 -0.345533 -2.993354
v -0.538276 -0.233166 -4.319318
v 0.142392 0.080763 -4.391074
v 0.570241 -0.233166 -4.319318
v 2.583074 0.943426 -3.127408
v 2.709484 0.813950 -2.842493
v 0.754994 -0.375681 -4.178632
v -1.909337 -0.531521 -3.329707
v -0.120151 0.063057 -4.478649
v 0.152116 0.063057 -4.478649
v 0.015983 0.089897 -4.504364
v 0.288250 -0.003147 -4.459408
v 0.239631 -0.066819 -4.518971
v 0.492450 -0.286185 -4.368960
v 0.696651 -0.445955 -4.203743
v 2.680313 -1.855963 -2.305228
v 2.534456 -2.591972 -1.856957
v 2.865066 -1.855963 -2.305228
v 2.719209 -2.591972 -1.856957
v -2.696966 1.281012 -3.045024
v -2.881720 1.095976 -2.730927
v -2.813653 1.111658 -2.665534
v -2.910890 0.722902 -2.349134
v -2.969234 0.722440 -2.461240
v -2.852547 0.301373 -2.286743
v -2.920614 0.290262 -2.408772
v -2.687243 -0.224315 -2.514546
v -2.599727 -0.213200 -2.392521
v 3.409601 0.892435 -0.059129
v 0.015983 1.020430 -4.628543
v 0.424383 1.021482 -4.617454
v 1.795444 1.057287 -4.117057
v 1.056433 1.026993 -4.449881
v -1.578725 -2.530568 -3.636596
v -2.434423 -2.487291 -2.520222
v 0.015983 -1.383870 -5.547999
v -0.266009 -1.468824 -5.627424
v 0.015983 -1.442038 -5.653108
v 0.015983 -1.266671 -5.539809
v 2.690036 0.327684 -2.637657
v 1.863511 0.997639 -4.132248
v 0.346593 -1.194921 -5.391493
v 0.443831 1.128620 -4.720199
v 0.015983 0.952721 -4.732502
v 1.231462 -2.138207 -4.660069
v -1.131429 -1.765623 -4.940854
v -0.995296 -2.980889 -3.996936
v 0.356317 -3.969126 -3.226392
v -0.606343 -3.824619 -3.344884
v -0.334076 -3.969126 -3.226392
v 0.638308 -3.824619 -3.344884
v 3.545732 -0.698719 -0.471643
v 2.077433 -2.377199 2.210980
v 3.098437 -2.569563 0.630368
v 0.015983 -1.835032 3.580862
v 0.015983 -1.931552 3.480406
v 0.881404 -0.736156 3.705415
v 3.176229 -0.654498 1.721401
v 3.477665 0.819172 0.095577
v 0.823061 0.885880 3.710397
v 0.920300 0.491062 3.960207
v 0.015983 0.719061 4.011046
v 0.881404 0.794345 3.878531
v 0.015983 0.836323 3.806132
v 2.806723 0.886048 2.431690
v -1.724583 1.298250 -3.069552
v -2.181602 0.928591 -1.903011
v -0.868885 1.342839 -3.860101
v -2.580280 -0.202639 -1.530128
v -2.278842 0.657091 -1.578430
v -2.570558 -0.602041 -1.436785
v -2.288566 0.353801 -1.283633
v -1.987128 -2.465236 -0.784356
v -2.521938 -2.805315 -1.640381
v -2.220500 -2.581433 -1.420789
v -2.376080 0.957552 -2.758989
v -2.055192 1.130322 -2.353742
v -2.094088 1.026353 -3.496405
v -2.045470 -2.377199 2.210980
v -1.248115 -2.056267 2.429986
v 3.098437 0.788162 0.929348
v 3.360982 -1.307123 -1.396035
v 3.059542 0.760403 0.943938
v 2.972028 -0.982836 0.033953
v 3.244295 -1.264164 -1.457342
v 3.049818 -0.067002 0.494784
v 3.020647 -0.488566 0.344062
v 3.185952 -0.072033 0.439327
v 3.360982 0.853522 -0.166585
v 1.503729 -2.781801 -3.516377
v 0.959194 3.383946 2.992081
v 1.494005 -3.003745 -3.287522
v 2.213568 -2.306457 2.348198
v 2.573351 -2.826716 -0.168417
v 2.699760 -2.859982 -1.173851
v 2.388598 4.210825 -0.192835
v 2.651142 1.612405 2.197685
v 2.835895 -0.863321 -1.640610
v 2.835895 -0.737522 2.303526
v 2.719209 -2.801270 -1.595991
v 2.583074 -2.699465 0.590069
v 2.427493 -2.705551 0.523493
v 3.185952 -1.762998 -1.923949
v 3.098437 0.480645 -1.276603
v 2.612244 -0.202639 -1.530128
v 3.117885 -2.069811 1.534312
v 2.602522 -0.602041 -1.436785
v 3.429047 -1.485579 -1.329505
v 3.137333 1.005714 -0.308431
v 3.030370 2.451249 0.211476
v 3.390153 -1.269257 -1.299696
v 2.903958 -2.824616 -1.211800
v 2.796998 -0.602041 -1.436785
v 3.215123 -1.183351 -1.422288
v 3.215123 0.195522 -0.782101
v 2.952580 1.727300 1.219118
v 3.098437 1.483319 0.138320
v 2.116330 1.813495 2.913560
v 3.069265 1.683419 0.629980
v 2.233016 2.359411 2.723891
v 2.573351 2.178555 2.229897
v 2.330255 2.738578 2.408661
v -0.849438 4.687700 -1.675200
v 1.552348 2.819302 -3.960853
v 1.007813 2.743038 -4.265645
v -0.800819 4.557806 -2.141742
v -0.849438 -0.736156 3.705415
v -2.094088 3.875484 -2.171076
v -1.588450 4.441001 -1.611606
v -1.228667 3.875620 -3.236652
v -1.510659 4.307106 -2.122530
v -0.528552 3.374301 -4.050667
v -0.479933 2.719277 -4.419790
v -2.473318 3.268933 -2.220797
v -1.802374 3.507643 -3.225622
v -3.066472 0.788162 0.929348
v -3.115091 0.744696 0.878548
v -3.445701 0.819172 0.095577
v 1.027261 3.231229 -4.022072
v 0.015983 4.760478 -1.728904
v 0.015983 2.752662 -4.479931
v 0.463279 1.924735 -4.614962
v 0.511898 2.719277 -4.419790
v 1.610691 -2.530568 -3.636596
v 1.338424 -2.705523 -3.424678
v -3.047023 -1.054105 -0.002260
v 1.455110 -2.426441 -3.559503
v -3.474873 -0.641066 -0.691755
v 1.328700 -2.946614 -3.193507
v 1.844064 -3.085238 -2.369104
v 1.746823 -3.207010 -2.746884
v -3.465148 -0.025946 -0.228048
v -3.426253 0.872673 0.044203
v -0.849438 4.734682 -1.479027
v 0.015983 4.810485 -1.499435
v -3.329015 0.853522 -0.166585
v 2.223292 4.022459 -1.515922
v 0.871679 4.687700 -1.675200
v -3.338739 0.043834 -0.528154
v 1.620415 4.441001 -1.611606
v -3.270672 -1.312158 -1.451508
v -3.348464 -0.527791 -0.941048
v -3.455424 0.731657 0.094989
v -0.431314 1.924735 -4.614962
v -3.183159 -1.183351 -1.422288
v -2.239947 4.105854 -1.133464
v -1.734308 4.642457 -0.144288
v -2.210775 4.053787 -1.385139
v -2.628898 3.445201 -1.243951
v -2.356632 4.210825 -0.192835
v -0.907782 4.842024 0.661499
v -0.898058 4.917448 -0.110375
v -2.444145 3.165239 1.975495
v -1.607898 4.466758 -1.435276
v -0.936953 4.523474 1.642350
v -0.868885 4.826603 -1.108827
v 0.015983 4.611926 1.654057
v -2.541384 2.178555 2.229897
v -2.201051 2.359411 2.723891
v -2.998406 1.383998 1.821637
v -1.578725 1.852870 3.346219
v 0.015983 4.172048 2.369216
v -2.084365 1.813495 2.913560
v -0.927228 3.383946 2.992081
v -0.829991 1.898324 3.632330
v -2.774758 0.886048 2.431690
v -0.888334 0.491062 3.960207
v -3.115091 0.895725 1.791177
v -2.541384 -2.826716 -0.168417
v -0.800819 -1.881523 3.496778
v -0.849438 0.794345 3.878531
v -2.551109 -2.699465 0.590069
v -3.008128 -2.672939 -1.252659
v 0.832784 4.557806 -2.141742
v 1.260633 3.875620 -3.236652
v 2.126052 3.875484 -2.171076
v 1.698206 4.528881 -1.072673
v 2.242741 4.053787 -1.385139
v 2.933132 2.256403 -1.503406
v 1.639863 4.466758 -1.435276
v 1.960748 -3.137788 -2.519746
v 1.785718 -2.297051 -3.631294
v 2.388598 -2.105033 -3.015283
v 2.476113 -2.254765 -2.739132
v 2.378876 -2.376058 -2.365472
v 2.388598 -2.134913 -2.596640
v 2.301082 -1.977693 -2.896148
v 2.223292 -2.062050 -3.289685
v 2.116330 -1.936691 -3.192749
v 2.009367 -2.130253 -3.505735
v 1.882959 -1.997348 -3.432142
v 3.370703 0.043834 -0.528154
v 3.380429 -0.527791 -0.941048
v 3.166505 -0.514795 0.268746
v 1.445386 3.949696 2.272850
v 1.795444 3.150498 2.773659
v 1.678757 2.538317 3.195700
v 2.476113 3.165239 1.975495
v 2.048263 3.647443 2.152499
v 2.845617 2.373755 1.600524
v 0.968918 4.074004 2.358695
v 1.737101 4.587826 0.535334
v 0.968918 4.523474 1.642350
v 0.939747 4.842024 0.661499
v 1.649586 4.302095 1.557068
v -3.377635 0.892435 -0.059129
v -3.037300 0.903289 -1.541017
v -3.280395 1.250278 0.245131
v 0.920300 4.917448 -0.110375
v -3.504044 -0.065417 -0.021361
v -3.358186 -1.269257 -1.299696
v -3.085919 -1.617393 -2.031353
v -3.397083 -1.485579 -1.329505
v -1.656516 -0.895461 -3.487415
v -0.402142 -0.430734 -4.463582
v -1.987128 -0.818135 -3.171532
v -1.520382 -0.867662 -3.288895
v -0.645238 -0.584446 -4.231791
v -0.800819 -0.694191 -3.837116
v -1.180049 -0.851423 -3.537616
v -0.917505 -0.741162 -4.033307
v 2.913683 1.095976 -2.730927
v 3.001199 0.722440 -2.461240
v -1.977403 -2.130253 -3.505735
v -2.327460 -2.738489 -2.399979
v -2.191327 -2.062050 -3.289685
v -0.188218 -4.066118 -4.078290
v -0.907782 -3.062246 -4.144093
v -1.092534 -2.228150 -4.794964
v 2.631694 -0.213200 -2.392521
v 1.338424 -0.880240 -3.747247
v 0.161840 -0.214895 -4.545869
v 0.531345 -3.965546 -3.720358
v 0.531345 -3.896842 -3.605328
v 0.570241 -0.545028 -4.012249
v 0.677203 -0.584446 -4.231791
v -0.946676 -1.476502 -5.177831
v 0.988366 -1.955652 -5.108448
v -0.956401 -2.013781 -5.213554
v -1.005019 -2.368155 -4.946210
v 0.988366 -2.013781 -5.213554
v 1.036985 -2.368155 -4.946210
v -0.509105 -3.896842 -3.605328
v -0.625790 -3.707296 -3.762930
v 2.758102 -1.251948 -2.176666
v 2.942856 -1.251948 -2.176666
v -2.726140 -1.251948 -2.176666
v -2.910890 -1.251948 -2.176666
v -0.577171 -1.569411 -5.559129
v -0.791095 -1.732221 -5.427200
v -0.713305 -3.538399 -4.041400
v -0.577171 -1.511317 -5.454024
v -0.839715 -3.166856 -4.333288
v -0.839715 -3.107733 -4.217087
v 0.609136 -1.569411 -5.559129
v 0.609136 -1.511317 -5.454024
v 0.823061 -1.732221 -5.427200
v -0.956401 -1.955652 -5.108448
v 0.745270 -3.538399 -4.041400
v 0.871679 -3.166856 -4.333288
v 0.871679 -3.107733 -4.217087
v 1.766273 1.916560 -4.064360
v -1.617621 -2.001736 3.029062
v -1.588450 -2.116467 2.942041
v -2.298290 -2.070973 2.588777
v 3.040095 -2.672939 -1.252659
v 1.620415 0.920788 3.560327
v 1.678757 0.587654 3.634426
v -0.353523 1.037589 -4.439950
v 0.278526 -4.090426 -3.705200
v 0.492450 -3.964055 -3.810269
v -0.742477 -1.793865 -5.464583
v -0.625790 -3.766415 -3.879127
v -0.567448 -3.772445 -3.945694
v 0.998090 1.042103 -4.283461
v 1.707929 1.058782 -3.993868
v -1.938508 -3.137788 -2.519746
v -1.199496 -2.138207 -4.660069
v -0.849438 -3.380259 -3.690475
v -1.850992 3.378725 0.693343
v -2.395527 -2.705551 0.523493
v -3.212330 -1.264164 -1.457342
v -2.590005 0.312392 -1.738481
v -2.765032 -0.602041 -1.436785
v -2.765032 -0.193123 -1.531297
v 0.015983 1.937900 -4.683852
v -2.035746 -0.781971 2.241628
v 2.145502 1.921309 1.644221
v -2.239947 -2.655126 -2.230646
v -2.045470 -2.898223 -2.234782
v -1.617621 -2.173762 -3.556543
v 2.067712 -0.781971 2.241628
v -3.153988 -0.072033 0.439327
v -1.393973 -3.103845 -2.894006
v -3.017854 -0.067002 0.494784
v -0.509105 -3.965546 -3.720358
v -2.113536 1.921309 1.644221
v 3.487391 0.731657 0.094989
v -0.995296 3.231229 -4.022072
v 3.010923 2.410930 -0.658510
v -0.975848 2.743038 -4.265645
v -0.645238 4.092969 -3.195742
v -2.638624 1.307302 -2.756581
v -2.162156 1.159905 3.093861
v -2.055192 1.300918 3.043089
v -1.413421 3.949696 2.272850
v 1.455110 1.369572 -3.459552
v 0.900851 1.342839 -3.860101
v 2.320531 0.353801 -1.283633
v 2.281636 -0.160289 -1.064183
v 2.621970 0.312392 -1.738481
v 2.427493 -1.198872 -1.913903
v 2.291360 -1.831766 -2.038979
v 2.057986 -2.498181 -0.185879
v 1.542624 -2.176627 2.814739
v 3.205399 1.836762 -0.992591
v 3.205399 1.758417 -1.106450
v -0.878610 4.858042 -1.617375
v -0.878610 4.781703 -1.709056
v -1.627345 4.506226 -1.641947
v -1.656516 4.534507 -1.544448
v -1.656516 4.532976 -1.454525
v 1.688481 4.534507 -1.544448
v 0.910576 4.781703 -1.709056
v 1.659310 4.506226 -1.641947
v 0.910576 4.858042 -1.617375
v -0.985572 -3.297125 -1.816200
v -2.278842 -3.054965 -1.610063
v 1.007813 -3.297125 -1.816200
v -0.936953 -3.737794 -2.603925
v 2.310807 -3.054965 -1.610063
v 2.544179 -2.830596 -1.491485
v 2.087159 -2.853888 -1.320415
v 2.310807 -2.838711 -1.367119
v -3.134538 0.785519 -1.661320
v -2.940062 1.489710 -2.352500
v -2.959510 0.362942 -2.036250
v -2.765032 -0.339063 -2.175336
v -2.949785 -0.615599 -1.906229
v -2.162156 -0.900031 -3.004551
v -2.531661 -1.145682 -2.929855
v -1.238392 -1.095468 -4.192182
v -1.578725 -1.176900 -3.913117
v -0.703581 -3.453612 -3.322629
v 2.991475 0.362942 -2.036250
v 2.194121 -0.900031 -3.004551
v 2.505283 -0.670609 -2.617401
v 0.618860 -0.807846 -4.552388
v 0.346593 -0.711268 -4.665064
v 2.651142 -0.194035 -2.181734
v 2.427493 -0.045369 -2.468974
v 2.534456 0.933813 -3.126246
v -2.502490 0.933813 -3.126246
v -2.249670 0.980873 -3.569397
v 0.015983 0.146409 -4.096206
v -1.831546 1.159884 -4.163175
v -1.102258 1.079078 -4.624460
v -0.431314 1.056340 -4.767507
v -0.431314 1.061912 -4.813057
v -1.870440 1.106822 -4.212812
v -2.308014 1.152706 -3.601480
v -2.356632 1.099684 -3.651120
v -2.628898 1.052088 -3.106964
v 0.968918 -3.737794 -2.603925
v 0.560517 -0.252843 -4.429091
v 0.268802 -0.046109 -4.611238
v 0.268802 -0.032412 -4.568017
v -0.528552 -0.276067 -4.471125
v -1.364802 -0.676024 -3.850540
v -0.732753 -0.425237 -4.296003
v -1.384248 -0.698261 -3.881503
v -0.596619 -0.337858 -3.869173
v -1.160601 -0.368249 -3.562631
v -1.014743 -0.656297 -3.740785
v -0.411866 -0.437876 -4.114993
v -1.695412 -0.690200 -3.579638
v -1.714859 -0.721017 -3.598317
v 1.727377 -0.690200 -3.579638
v -1.034191 -0.583960 -4.119693
v -1.928783 -0.632114 -3.261404
v 1.396767 -0.676024 -3.850540
v 0.764718 -0.425237 -4.296003
v 0.754994 -0.402975 -4.265059
v 0.560517 -0.276067 -4.471125
v -0.966125 -0.603701 -4.016333
v -1.024467 -0.560721 -4.077651
v -1.325906 -0.699774 -3.791578
v 0.618860 -0.486460 -4.008163
v 1.046709 -0.656297 -3.740785
v -1.471764 -0.359674 -3.361788
v 2.408047 1.353414 -3.637063
v -2.376080 1.353414 -3.637063
v -1.860716 1.357516 -4.232037
v -1.092534 1.330819 -4.632577
v -0.470209 -0.286185 -4.368960
v -0.528552 -0.252843 -4.429091
v 0.103497 0.007972 -4.550504
v 0.132669 0.032759 -4.598368
v 0.395212 -0.261508 -3.990609
v 0.317421 -0.163915 -4.092175
v 1.970472 -0.518435 -2.972356
v 1.503729 -0.359674 -3.361788
v 1.814891 -0.408679 -3.153932
v -1.306459 -0.880240 -3.747247
v 0.949470 -0.741162 -4.033307
v -2.298290 0.998064 -3.593911
v -2.551109 0.943426 -3.127408
v -1.841268 0.997639 -4.132248
v -2.677518 0.813950 -2.842493
v -2.191327 -0.345533 -2.993354
v -2.716413 0.623392 -2.695984
v -2.453871 -0.049378 -2.726473
v -1.335630 -0.595146 -3.815489
v -1.656516 -0.620967 -3.565590
v 1.036985 -0.497035 -4.018075
v 0.453555 0.955807 -4.699215
v 2.485836 -0.049378 -2.726473
v -0.256285 -0.003147 -4.459408
v 0.297974 -1.468824 -5.627424
v 0.015983 -1.168081 -5.417168
v -0.285456 -1.293461 -5.514121
v 0.317421 -1.293461 -5.514121
v 0.657756 -1.402663 -5.433563
v 0.716098 -1.304133 -5.310927
v 1.163394 -1.765623 -4.940854
v 1.027261 -2.980889 -3.996936
v 1.124499 0.972898 -4.510613
v 0.706375 -3.688602 -3.664256
v 0.881404 -3.380259 -3.690475
v 1.581519 -3.154378 -3.022481
v 3.516562 0.824153 0.364157
v 3.147058 0.895725 1.791177
v 3.536012 -0.065417 -0.021361
v -1.423144 1.369572 -3.459552
v -2.803928 -0.863321 -1.640610
v -2.249670 -0.160289 -1.064183
v -2.395527 -1.198872 -1.913903
v -2.492766 -0.786506 -1.436830
v -2.259395 -1.831766 -2.038979
v -0.625790 -1.402663 -5.433563
v -0.684133 -1.304133 -5.310927
v -0.314628 -1.194921 -5.391493
v -0.859162 -1.565402 -5.301632
v 1.620415 -2.116467 2.942041
v 0.832784 -1.881523 3.496778
v 3.098437 0.088924 -1.206606
v 2.806723 0.312392 -1.738481
v 3.030370 1.383998 1.821637
v 1.542624 4.307106 -2.122530
v -1.024467 1.923695 -4.412924
v -0.936953 4.074004 2.358695
v -1.656516 -0.753311 3.303717
v -1.646792 0.587654 3.634426
v 0.677203 4.092969 -3.195742
v 1.649586 -2.173762 -3.556543
v -1.034191 -1.865140 -5.074572
v 1.425938 -3.103845 -2.894006
v 1.610691 -3.155440 -2.607346
v 0.881404 4.734682 -1.479027
v -3.027576 0.760403 0.943938
v -2.940062 -0.982836 0.033953
v -3.329015 -1.307123 -1.396035
v -1.666239 4.528881 -1.072673
v -2.813653 2.373755 1.600524
v -2.648346 3.457475 1.345556
v -0.868885 2.704550 3.422282
v 0.015983 3.478471 3.070337
v -2.619177 1.612405 2.197685
v -2.920614 1.727300 1.219118
v -0.791095 0.885880 3.710397
v -1.520382 1.035519 3.434238
v 0.015983 1.923087 3.797577
v -3.124816 -2.661971 -0.278156
v -3.066472 -2.569563 0.630368
v 2.660863 3.445201 -1.243951
v 2.505283 3.268933 -2.220797
v 2.728932 0.818453 -2.259794
v -2.998406 -2.797941 -0.171904
v 2.903958 1.187421 -2.046602
v 3.069265 0.903289 -1.541017
v -3.085919 -2.069811 1.534312
v 2.184396 -2.972027 -2.405280
v 2.077433 -2.898223 -2.234782
v 2.359427 -2.738489 -2.399979
v 2.271911 -2.655126 -2.230646
v 2.466388 -2.487291 -2.520222
v 0.900851 2.704550 3.422282
v 1.766273 4.642457 -0.144288
v 1.610691 1.852870 3.346219
v 0.861956 1.898324 3.632330
v 0.900851 4.826603 -1.108827
v -3.183159 0.195522 -0.782101
v -3.105368 1.005714 -0.308431
v -3.484596 0.824153 0.364157
v -3.513766 -0.698719 -0.471643
v -3.153988 -1.762998 -1.923949
v 2.777550 0.630376 -1.978984
v -3.144264 -0.654498 1.721401
v -3.066472 0.480645 -1.276603
v 2.573351 0.949430 -2.847744
v -3.047023 -0.320009 -1.112091
v 0.015983 -1.521896 -5.677074
v -0.246561 -4.090426 -3.705200
v -0.275732 -4.101566 -3.614110
v -0.781372 -3.182520 -4.398670
v -0.742477 -3.616812 -3.515925
v -0.771648 -3.453008 -3.849877
v 0.978641 -2.393428 -5.010434
v 0.930023 -2.057236 -5.264348
v 0.278526 -1.548718 -5.651385
v 0.579965 -1.639674 -5.584253
v 0.813337 -3.182520 -4.398670
v 0.686927 -3.555096 -4.117890
v 0.599412 -3.772445 -3.945694
v -0.548000 -1.639674 -5.584253
v -0.898058 -2.057236 -5.264348
v -0.654962 -3.555096 -4.117890
v 0.774441 -1.793865 -5.464583
v -0.246561 -1.548718 -5.651385
v 0.015983 -4.117202 -3.679499
v -0.946676 -2.393428 -5.010434
v -0.460485 -3.964055 -3.810269
v 0.939747 -3.062246 -4.144093
v 0.579965 -3.897353 -3.504305
v -0.674410 -3.688602 -3.664256
v -0.548000 -3.897353 -3.504305
v 0.015983 -4.005597 -3.199533
v 0.327145 -4.042940 -3.396905
v -0.304904 -4.042940 -3.396905
v 0.803613 -3.453008 -3.849877
v 0.774441 -3.616812 -3.515925
v -0.723029 -0.375681 -4.178632
v 2.320531 0.998064 -3.593911
v 1.066157 -1.865140 -5.074572
v 1.844064 2.542988 2.073478
v -1.812099 -3.085238 -2.369104
v 0.891127 -1.565402 -5.301632
v -2.356632 -2.376058 -2.365472
v 2.271911 4.105854 -1.133464
v 0.015983 3.451155 -4.059993
v 0.550793 3.374301 -4.050667
v 0.015983 4.635676 -2.139976
v -1.199496 3.956977 0.645577
v -1.218944 3.840984 -1.269561
v -1.850992 3.255079 -0.772210
v -0.100703 0.032759 -4.598368
v 1.124499 -2.228150 -4.794964
v -1.578725 -0.638988 2.852387
vn -0.2635 -0.7492 -0.6077
vn 0.1701 -0.9287 -0.3295
vn -0.3694 -0.8794 -0.3004
vn -0.3727 -0.3736 -0.8494
vn -0.8443 -0.2029 -0.4960
vn -0.3986 -0.9165 0.0342
vn -0.6786 -0.7335 0.0398
vn -0.9509 -0.3078 -0.0320
vn 0.3584 -0.4831 -0.7988
vn -0.9690 0.2450 0.0307
vn -0.9188 0.1271 0.3738
vn -0.7993 -0.2560 0.5436
vn -0.8092 -0.4714 0.3505
vn -0.9028 0.4009 0.1557
vn -0.5371 -0.6065 0.5862
vn -0.2061 -0.8570 0.4724
vn 0.1293 -0.9657 0.2254
vn 0.3797 -0.9217 -0.0792
vn 0.5330 -0.7131 -0.4553
vn 0.5754 -0.3705 -0.7291
vn 0.4668 -0.0367 -0.8836
vn 0.1894 0.3498 -0.9175
vn -0.1491 0.2507 -0.9565
vn -0.1762 0.6115 -0.7714
vn -0.6264 0.0912 -0.7742
vn -0.5135 0.7389 -0.4364
vn -0.7125 0.4003 -0.5763
vn -0.7868 0.6109 -0.0875
vn 0.0952 0.5055 -0.8575
vn -0.0522 0.5136 -0.8565
vn -0.0246 0.4820 -0.8758
vn 0.2502 0.4497 -0.8574
vn 0.3616 0.4034 -0.8405
vn 0.3587 0.3707 -0.8567
vn 0.3904 0.3970 -0.8306
vn 0.4515 0.3961 -0.7995
vn 0.5113 0.3735 -0.7740
vn 0.5274 0.3267 -0.7843
vn 0.3766 0.5352 0.7561
vn 0.5194 0.8270 0.2152
vn -0.6533 -0.5906 -0.4737
vn -0.0000 -0.5202 -0.8541
vn 0.6491 0.5934 0.4760
vn -0.3766 0.5352 0.7561
vn -0.0000 -0.0001 1.0000
vn -0.0005 -0.9696 -0.2447
vn 0.1465 -0.9627 -0.2273
vn -0.0003 -0.4842 -0.8749
vn 0.4659 -0.3267 -0.8223
vn 0.3143 -0.9422 -0.1160
vn 0.7632 -0.4208 -0.4903
vn 0.4027 -0.9152 0.0162
vn 0.9406 -0.2203 -0.2583
vn 0.5129 -0.8576 0.0386
vn 0.9696 -0.2287 -0.0871
vn 0.8496 -0.5275 -0.0017
vn 0.9893 0.1312 0.0643
vn 0.9069 -0.4213 0.0054
vn 0.9779 0.1945 -0.0761
vn 0.9935 0.0965 0.0596
vn 0.9885 0.1494 0.0227
vn 0.9536 0.1809 -0.2405
vn 0.9999 0.0114 -0.0003
vn 0.9965 0.0701 0.0445
vn 0.9632 0.0006 -0.2687
vn 0.8928 0.2698 -0.3608
vn 0.8613 0.2071 -0.4641
vn 0.9805 -0.0170 -0.1958
vn 0.9813 -0.1717 -0.0866
vn 0.9893 -0.1368 0.0510
vn 0.9991 -0.0011 0.0421
vn 0.6976 0.1960 -0.6892
vn 0.9233 -0.0721 -0.3773
vn 0.9353 -0.2589 -0.2412
vn 0.9606 -0.2715 -0.0597
vn 0.9750 -0.2033 0.0899
vn 0.9861 -0.1497 0.0724
vn 0.4586 0.1270 -0.8795
vn 0.7611 -0.1365 -0.6342
vn 0.8129 -0.3935 -0.4293
vn 0.8551 -0.4927 -0.1614
vn 0.2300 0.1190 -0.9659
vn 0.4817 -0.2296 -0.8457
vn 0.5520 -0.5775 -0.6015
vn 0.5280 -0.8274 -0.1916
vn 0.8497 -0.5108 0.1308
vn -0.0000 0.1436 -0.9896
vn -0.0000 -0.2266 -0.9740
vn 0.3091 -0.2847 -0.9074
vn 0.3753 -0.6486 -0.6622
vn 0.3529 -0.9262 -0.1325
vn 0.5789 -0.7906 0.1996
vn 0.8961 -0.3546 0.2671
vn -0.0000 -0.7737 -0.6336
vn -0.0000 -0.9860 -0.1667
vn -0.0000 -0.9534 0.3016
vn 0.3183 -0.8980 0.3037
vn 0.5998 -0.6238 0.5012
vn 0.8524 -0.3077 0.4227
vn 0.9555 -0.2404 0.1709
vn 0.2885 -0.6908 0.6631
vn 0.5507 -0.3992 0.7331
vn 0.5821 -0.6286 0.5157
vn 0.6800 -0.6823 0.2685
vn 0.7935 -0.6045 0.0708
vn 0.8413 -0.5306 -0.1036
vn -0.0000 -0.7218 0.6921
vn -0.0000 -0.4096 0.9122
vn 0.2521 -0.3876 0.8867
vn 0.3494 -0.5855 0.7315
vn 0.2916 -0.8618 0.4151
vn 0.4562 -0.8677 0.1973
vn 0.5142 -0.8577 0.0066
vn 0.5838 -0.7821 -0.2178
vn 0.1391 -0.5526 0.8217
vn 0.1704 -0.8144 0.5548
vn -0.0000 -0.6493 0.7605
vn 0.0685 -0.8024 0.5929
vn -0.0000 -0.7950 0.6066
vn 0.6762 -0.6151 -0.4055
vn 0.8722 -0.4064 -0.2722
vn 0.9453 -0.1665 -0.2804
vn 0.7831 -0.3755 -0.4957
vn 0.8175 -0.1630 -0.5524
vn 0.7113 0.1098 -0.6942
vn 0.5339 0.5332 -0.6562
vn 0.8238 0.4128 -0.3886
vn 0.9210 0.0903 -0.3789
vn 0.9555 -0.1924 -0.2237
vn 0.3549 0.6208 -0.6991
vn 0.5878 0.5302 -0.6111
vn 0.7204 -0.0159 -0.6934
vn 0.8060 -0.3470 -0.4796
vn 0.7451 -0.6060 -0.2787
vn 0.6294 -0.7751 -0.0557
vn 0.5533 -0.8326 0.0240
vn 0.4917 0.4588 -0.7401
vn 0.5664 -0.0600 -0.8220
vn 0.4917 0.4587 -0.7401
vn 0.6676 -0.4631 -0.5830
vn 0.6979 -0.6547 -0.2905
vn -0.0864 0.5054 -0.8586
vn 0.0290 0.4840 -0.8746
vn 0.0613 0.5173 -0.8536
vn -0.2364 0.4488 -0.8618
vn -0.3477 0.4055 -0.8454
vn -0.3506 0.3738 -0.8587
vn -0.3899 0.3993 -0.8298
vn -0.4515 0.3961 -0.7995
vn -0.5113 0.3735 -0.7740
vn -0.5274 0.3267 -0.7843
vn -0.0685 -0.8024 0.5929
vn -0.1391 -0.5526 0.8217
vn -0.1704 -0.8144 0.5548
vn -0.3494 -0.5855 0.7315
vn -0.2914 -0.8620 0.4149
vn -0.5821 -0.6286 0.5158
vn -0.4562 -0.8677 0.1973
vn -0.2521 -0.3876 0.8867
vn -0.5507 -0.3992 0.7331
vn -0.8524 -0.3077 0.4227
vn -0.6800 -0.6823 0.2685
vn -0.5142 -0.8577 0.0066
vn -0.7934 -0.6045 0.0709
vn -0.5838 -0.7821 -0.2178
vn -0.2885 -0.6908 0.6631
vn -0.5998 -0.6238 0.5012
vn -0.8960 -0.3546 0.2671
vn -0.9555 -0.2404 0.1709
vn -0.3183 -0.8980 0.3037
vn -0.5789 -0.7906 0.1996
vn -0.8497 -0.5108 0.1308
vn -0.9750 -0.2033 0.0899
vn -0.9861 -0.1497 0.0725
vn -0.8413 -0.5306 -0.1036
vn -0.3529 -0.9262 -0.1325
vn -0.5280 -0.8274 -0.1916
vn -0.8551 -0.4927 -0.1614
vn -0.9606 -0.2715 -0.0597
vn -0.9893 -0.1368 0.0511
vn -0.3753 -0.6486 -0.6622
vn -0.5520 -0.5775 -0.6015
vn -0.8129 -0.3935 -0.4293
vn -0.9353 -0.2589 -0.2412
vn -0.9813 -0.1717 -0.0866
vn -0.3091 -0.2847 -0.9074
vn -0.4817 -0.2296 -0.8457
vn -0.7611 -0.1365 -0.6342
vn -0.9233 -0.0721 -0.3773
vn -0.9805 -0.0170 -0.1958
vn -0.9999 0.0114 -0.0003
vn -0.2300 0.1190 -0.9659
vn -0.4586 0.1270 -0.8795
vn -0.6976 0.1960 -0.6891
vn -0.8613 0.2071 -0.4641
vn -0.9536 0.1809 -0.2405
vn -0.4652 -0.3257 -0.8231
vn -0.7632 -0.4208 -0.4903
vn -0.9406 -0.2203 -0.2583
vn -0.9779 0.1945 -0.0760
vn -0.9935 0.0965 0.0596
vn -0.9965 0.0701 0.0445
vn -0.9991 -0.0011 0.0421
vn -0.9696 -0.2287 -0.0871
vn -0.9893 0.1312 0.0643
vn -0.9885 0.1494 0.0227
vn -0.8928 0.2698 -0.3608
vn -0.9632 0.0006 -0.2687
vn -0.9453 -0.1665 -0.2804
vn -0.8722 -0.4064 -0.2722
vn -0.8496 -0.5275 -0.0017
vn -0.9081 -0.4188 0.0055
vn -0.9555 -0.1924 -0.2237
vn -0.9210 0.0903 -0.3789
vn -0.8238 0.4128 -0.3886
vn -0.5129 -0.8576 0.0386
vn -0.5548 -0.8316 0.0259
vn -0.6359 -0.7694 -0.0604
vn -0.4027 -0.9152 0.0162
vn -0.3145 -0.9418 -0.1187
vn -0.1471 -0.9618 -0.2307
vn -0.6762 -0.6151 -0.4055
vn -0.7831 -0.3755 -0.4957
vn -0.8175 -0.1630 -0.5524
vn -0.7113 0.1098 -0.6942
vn -0.5339 0.5332 -0.6562
vn -0.3549 0.6208 -0.6991
vn -0.5878 0.5302 -0.6111
vn -0.4917 0.4588 -0.7401
vn -0.7204 -0.0159 -0.6934
vn -0.5664 -0.0600 -0.8220
vn -0.6675 -0.4630 -0.5831
vn -0.8060 -0.3470 -0.4796
vn -0.6676 -0.4631 -0.5830
vn -0.7467 -0.6027 -0.2814
vn -0.6992 -0.6504 -0.2967
vn -1.0000 -0.0000 -0.0000
vn -0.0000 -0.1611 0.9869
vn -0.0000 -0.2775 0.9607
vn -0.0000 -0.2776 0.9607
vn -0.0000 -0.3917 0.9201
vn -0.0000 -0.6097 0.7927
vn -0.0000 -0.7116 0.7026
vn -0.0000 -0.8642 0.5031
vn -0.0000 -0.9181 0.3963
vn -0.0000 -0.9883 0.1526
vn -0.0000 -0.9999 0.0144
vn -0.0000 -0.9766 -0.2149
vn -0.0000 -0.9517 -0.3072
vn -0.0000 -0.8544 -0.5196
vn -0.0000 -0.7721 -0.6355
vn -0.0000 -0.5879 -0.8089
vn -0.0000 -0.4907 -0.8713
vn -0.0000 -0.3882 -0.9216
vn -0.0000 0.3695 0.9292
vn -0.0000 0.4916 0.8708
vn -0.0000 0.6067 0.7949
vn -0.0000 0.7827 0.6223
vn -0.0000 0.8480 0.5301
vn -0.0000 0.9448 0.3276
vn -0.0000 0.9761 0.2174
vn -0.0000 0.9995 -0.0305
vn -0.0000 0.9857 -0.1686
vn -0.0000 0.9193 -0.3936
vn -0.0000 0.8756 -0.4830
vn -0.0000 0.7420 -0.6704
vn -0.0000 0.6455 -0.7638
vn -0.0000 0.4147 -0.9100
vn -0.0000 0.2790 -0.9603
vn -0.0000 0.1403 -0.9901
vn -0.0000 0.2789 -0.9603
vn 1.0000 -0.0000 -0.0000
vn -0.0000 0.9764 0.2158
vn -0.3539 0.8559 0.3771
vn -0.4414 0.5848 0.6806
vn -0.8366 -0.4039 0.3701
vn -0.4946 -0.1556 0.8551
vn -0.3479 -0.8541 0.3866
vn -0.5099 -0.7380 -0.4420
vn -0.6697 -0.5436 -0.5059
vn -0.6206 -0.5603 -0.5485
vn -0.7955 -0.2948 -0.5295
vn -0.2679 0.3086 0.9127
vn -0.3420 -0.2690 0.9004
vn 0.0548 -0.1770 0.9827
vn 0.1125 -0.6403 0.7599
vn -0.2964 -0.9330 0.2042
vn 0.2171 0.3901 0.8948
vn 0.3437 -0.1405 0.9285
vn 0.2679 -0.3250 0.9070
vn 0.0490 -0.6083 0.7922
vn -0.2508 -0.9680 0.0114
vn -0.6474 -0.7554 -0.1013
vn -0.8301 -0.5367 -0.1511
vn -0.8271 -0.5030 -0.2507
vn 0.1670 -0.1542 0.9738
vn 0.0564 -0.5600 0.8265
vn -0.0461 -0.9831 0.1773
vn -0.3083 -0.9508 0.0304
vn -0.7023 -0.6142 0.3599
vn -0.9085 -0.3621 0.2086
vn -0.9513 -0.2670 0.1538
vn -0.0000 -0.1184 0.9930
vn -0.0001 -0.7143 0.6999
vn 0.0005 -1.0000 0.0009
vn 0.0017 -0.9546 0.2979
vn -0.2948 -0.8180 0.4938
vn 0.0020 -0.8568 0.5156
vn -0.9697 -0.2102 0.1244
vn -0.9025 -0.3924 -0.1775
vn -0.8952 -0.2789 -0.3476
vn -0.7659 -0.1000 -0.6351
vn -0.7542 0.2841 -0.5920
vn -0.9372 0.0182 -0.3483
vn -0.9966 -0.0703 0.0427
vn -0.9713 0.2020 -0.1259
vn -0.8560 -0.0247 -0.5164
vn -0.7418 0.1379 -0.6562
vn -0.6270 0.6816 -0.3772
vn -0.4889 0.7091 -0.5080
vn -0.8212 0.4918 -0.2894
vn -0.7187 0.3405 -0.6062
vn -0.5910 0.5475 -0.5924
vn -0.5351 0.7654 -0.3576
vn -0.5519 0.7934 -0.2568
vn -0.4351 0.8449 -0.3110
vn -0.5630 0.7000 -0.4393
vn -0.4751 0.6461 -0.5974
vn -0.4318 0.6909 -0.5798
vn -0.5244 0.7259 -0.4451
vn -0.6202 0.7338 -0.2773
vn -0.2695 0.8256 -0.4956
vn -0.2322 0.7407 -0.6304
vn -0.2733 0.6805 -0.6799
vn -0.3440 0.6858 -0.6413
vn -0.6029 0.5730 -0.5551
vn -0.0000 0.8665 -0.4992
vn -0.0000 0.6915 -0.7223
vn -0.0000 0.7228 -0.6911
vn -0.0000 0.6250 -0.7806
vn -0.0000 0.5383 -0.8428
vn -0.4483 0.4169 -0.7907
vn -0.0000 0.5681 -0.8229
vn -0.2828 0.8426 -0.4584
vn -0.3652 0.7065 -0.6062
vn -0.5682 0.4144 -0.7109
vn -0.8340 0.2230 -0.5046
vn -0.9507 0.0370 -0.3080
vn -0.9848 -0.0763 -0.1560
vn -0.2692 0.7355 -0.6218
vn -0.2939 0.5779 -0.7614
vn -0.7505 -0.0089 -0.6608
vn -0.8414 0.0709 -0.5358
vn -0.9461 -0.0737 -0.3153
vn -0.9689 -0.0727 -0.2364
vn -0.9106 -0.1851 -0.3696
vn -0.9718 -0.0503 -0.2304
vn -0.9766 -0.0554 -0.2078
vn -0.9061 -0.2785 -0.3185
vn -0.9418 -0.0960 -0.3221
vn -0.9526 -0.0281 -0.3030
vn -0.9848 0.0156 -0.1731
vn -0.9956 0.0180 -0.0917
vn -0.9444 -0.0462 -0.3255
vn -0.9472 -0.0552 -0.3159
vn -0.9996 0.0126 -0.0255
vn -0.9991 0.0396 0.0180
vn -0.9994 0.0293 0.0158
vn 0.2919 -0.8195 0.4933
vn 0.3018 -0.9528 0.0321
vn 0.7006 -0.6156 0.3608
vn 0.6516 -0.7509 -0.1076
vn 0.9125 -0.3544 0.2041
vn 0.8256 -0.5439 -0.1503
vn 0.9449 -0.2836 0.1634
vn 0.0446 -0.9831 0.1773
vn 0.2481 -0.9687 0.0114
vn 0.5081 -0.7384 -0.4434
vn 0.8229 -0.5108 -0.2489
vn 0.9697 -0.2102 0.1244
vn 0.9025 -0.3924 -0.1775
vn 0.9966 -0.0703 0.0427
vn -0.0567 -0.5600 0.8265
vn -0.0501 -0.6083 0.7921
vn 0.2970 -0.9327 0.2045
vn -0.1670 -0.1542 0.9738
vn -0.2739 -0.3209 0.9066
vn -0.1162 -0.6371 0.7620
vn 0.3477 -0.8541 0.3868
vn 0.8366 -0.4039 0.3701
vn 0.6697 -0.5436 -0.5059
vn 0.6206 -0.5603 -0.5485
vn -0.3473 -0.1318 0.9284
vn -0.0556 -0.1747 0.9831
vn 0.3420 -0.2690 0.9004
vn 0.4946 -0.1556 0.8551
vn 0.4414 0.5848 0.6806
vn 0.3538 0.8559 0.3771
vn -0.2171 0.3901 0.8948
vn 0.2679 0.3086 0.9127
vn 0.8952 -0.2789 -0.3476
vn 0.9713 0.2020 -0.1259
vn 0.8560 -0.0247 -0.5164
vn 0.8212 0.4918 -0.2894
vn 0.7187 0.3405 -0.6062
vn 0.5630 0.7000 -0.4393
vn 0.7659 -0.1000 -0.6351
vn 0.7419 0.1379 -0.6562
vn 0.5910 0.5475 -0.5924
vn 0.4751 0.6461 -0.5974
vn 0.2695 0.8256 -0.4956
vn 0.2322 0.7407 -0.6304
vn 0.7955 -0.2948 -0.5295
vn 0.7542 0.2841 -0.5920
vn 0.4893 0.7097 -0.5068
vn 0.6270 0.6816 -0.3772
vn 0.5351 0.7654 -0.3575
vn 0.4318 0.6909 -0.5798
vn 0.9372 0.0182 -0.3483
vn 0.8340 0.2230 -0.5046
vn 0.5653 0.4173 -0.7116
vn 0.3624 0.7083 -0.6057
vn 0.2829 0.8426 -0.4583
vn 0.4368 0.8448 -0.3091
vn 0.5519 0.7934 -0.2568
vn 0.9518 0.0377 -0.3043
vn 0.8414 0.0709 -0.5358
vn 0.7492 -0.0080 -0.6623
vn 0.2872 0.5836 -0.7596
vn 0.2688 0.7347 -0.6229
vn 0.9858 -0.0705 -0.1523
vn 0.9706 -0.0789 -0.2275
vn 0.9468 -0.0787 -0.3121
vn 0.9106 -0.1851 -0.3696
vn 0.9061 -0.2785 -0.3184
vn 0.9418 -0.0960 -0.3221
vn 0.9727 -0.0481 -0.2272
vn 0.9526 -0.0281 -0.3030
vn 0.9444 -0.0463 -0.3255
vn 0.9776 -0.0584 -0.2022
vn 0.9961 0.0185 -0.0866
vn 0.9855 0.0142 -0.1689
vn 0.9996 0.0098 -0.0261
vn 0.9992 0.0357 0.0152
vn 0.9994 0.0293 0.0158
vn 0.9472 -0.0552 -0.3159
vn 0.6202 0.7338 -0.2773
vn 0.5244 0.7259 -0.4451
vn 0.2733 0.6805 -0.6799
vn 0.6029 0.5730 -0.5551
vn 0.3440 0.6858 -0.6413
vn 0.4483 0.4169 -0.7907
vn -0.9997 -0.0216 -0.0151
vn -0.9994 -0.0260 -0.0228
vn -0.9997 -0.0216 -0.0099
vn -0.9999 -0.0107 0.0024
vn -0.9986 -0.0002 0.0533
vn -0.9916 0.0070 0.1289
vn -0.9810 0.0531 0.1868
vn -0.9789 0.0162 0.2036
vn -0.9803 -0.0157 0.1971
vn -0.9202 0.1734 0.3509
vn -0.9818 0.0323 0.1871
vn -0.9541 0.0178 0.2989
vn -0.9183 0.0137 0.3957
vn -0.8804 0.0280 0.4734
vn -0.8335 0.0156 0.5523
vn -0.9387 0.1313 0.3187
vn -0.8777 0.1434 0.4573
vn -0.6665 0.1497 0.7303
vn -0.7418 -0.0499 0.6687
vn -0.6515 0.0340 0.7579
vn -0.6543 -0.1409 0.7430
vn -0.6635 -0.1081 0.7403
vn -0.6395 0.1304 0.7577
vn -0.9626 -0.0057 0.2710
vn -0.5247 0.0354 0.8505
vn -0.5895 -0.2577 0.7656
vn -0.4169 -0.0588 0.9070
vn -0.5771 -0.2189 0.7868
vn -0.6642 -0.4358 0.6074
vn -0.7807 -0.2133 0.5874
vn -0.4918 -0.4117 0.7673
vn -0.5592 -0.2038 0.8036
vn -0.7625 0.1190 0.6360
vn -0.7482 0.0577 0.6610
vn -0.5300 0.1996 0.8242
vn -0.4056 -0.0826 0.9103
vn -0.0000 -0.1808 0.9835
vn -0.0000 -0.3153 0.9490
vn -0.4778 -0.1395 0.8673
vn -0.7576 0.1626 0.6321
vn -0.5008 0.8575 0.1176
vn -0.5071 0.8485 0.1515
vn -0.3142 0.9368 0.1540
vn -0.0000 0.8400 0.5425
vn -0.6624 0.2036 0.7209
vn -0.4397 0.8801 0.1791
vn -0.1954 0.9375 -0.2880
vn -0.2932 0.9141 -0.2801
vn -0.3053 0.9193 -0.2483
vn -0.7418 -0.0499 0.6688
vn -0.0000 -0.1878 0.9822
vn -0.1684 0.9568 -0.2370
vn -0.0000 0.9681 -0.2506
vn -0.0966 0.9629 -0.2518
vn -0.3355 0.9419 -0.0172
vn -0.4721 0.7177 0.5118
vn -0.7941 0.0061 0.6077
vn -0.6172 0.0030 0.7868
vn -0.6193 -0.0016 0.7852
vn -0.3958 0.0142 0.9182
vn -0.3297 0.0205 0.9439
vn -0.2094 0.0285 0.9774
vn -0.1493 0.0239 0.9885
vn -0.0000 0.0214 0.9998
vn -0.0000 0.0086 1.0000
vn -0.0000 -0.7449 0.6672
vn 0.0532 -0.9423 0.3305
vn -0.0000 -0.9926 -0.1211
vn -0.0323 -0.9921 -0.1214
vn -0.0689 -0.9915 -0.1107
vn 0.1607 -0.8747 0.4573
vn 0.3036 -0.8850 0.3529
vn -0.2111 -0.9464 -0.2444
vn -0.0899 -0.9758 -0.1995
vn -0.0733 -0.9790 -0.1903
vn -0.0000 -0.9984 -0.0565
vn -0.2662 -0.9311 -0.2493
vn 0.4140 -0.8859 0.2092
vn 0.5839 -0.8056 0.1003
vn -0.1100 -0.9080 -0.4042
vn 0.6995 -0.6545 -0.2869
vn 0.0352 -0.6779 -0.7343
vn 0.8505 -0.1814 -0.4937
vn 0.7057 -0.1786 -0.6857
vn 0.2756 -0.9487 -0.1551
vn 0.4832 -0.3122 -0.8179
vn 0.6591 0.1327 -0.7403
vn 0.9079 0.2389 -0.3443
vn 0.1348 0.1156 -0.9841
vn 0.5918 0.6062 -0.5313
vn -0.0445 0.4632 -0.8851
vn 0.3458 0.8506 -0.3960
vn -0.1116 0.7456 -0.6570
vn 0.1421 0.9361 -0.3219
vn -0.3089 0.7787 -0.5461
vn -0.0841 0.9611 -0.2630
vn -0.4613 0.7338 -0.4988
vn -0.1802 0.9836 0.0005
vn -0.5369 0.7182 -0.4426
vn -0.3203 0.9413 0.1065
vn -0.5955 0.5685 -0.5677
vn -0.4011 0.8802 0.2539
vn -0.7047 0.5050 -0.4983
vn -0.4530 0.7882 -0.4165
vn -0.5141 0.8009 -0.3069
vn -0.6253 0.7220 -0.2961
vn -0.7066 0.6343 -0.3136
vn -0.5273 0.8287 0.1875
vn -0.4627 0.6545 -0.5980
vn -0.3945 0.6451 -0.6544
vn -0.2932 0.6242 -0.7242
vn -0.6127 0.7373 -0.2846
vn -0.4619 0.8756 0.1412
vn -0.4964 0.8667 0.0487
vn -0.6442 0.7494 -0.1533
vn -0.3147 0.9004 -0.3005
vn -0.2662 0.9220 0.2812
vn -0.2802 0.9524 -0.1198
vn 0.0016 0.9961 0.0885
vn -0.0000 0.9906 -0.1364
vn 0.0046 0.8753 -0.4835
vn -0.0532 -0.9423 0.3305
vn 0.0323 -0.9921 -0.1214
vn 0.0689 -0.9915 -0.1107
vn -0.1607 -0.8747 0.4573
vn -0.3036 -0.8850 0.3529
vn 0.2058 -0.9500 -0.2349
vn 0.2647 -0.9314 -0.2498
vn -0.4140 -0.8859 0.2092
vn -0.5506 -0.8320 0.0676
vn -0.2756 -0.9487 -0.1551
vn -0.6783 -0.6703 -0.3009
vn 0.0874 -0.9763 -0.1980
vn 0.0734 -0.9795 -0.1875
vn 0.1557 -0.8913 -0.4259
vn -0.0427 -0.6839 -0.7284
vn -0.8505 -0.1814 -0.4937
vn -0.4833 -0.3122 -0.8179
vn -0.6591 0.1327 -0.7403
vn -0.9079 0.2390 -0.3443
vn -0.5918 0.6062 -0.5313
vn -0.7031 -0.1837 -0.6870
vn -0.1420 0.1213 -0.9824
vn 0.0445 0.4632 -0.8851
vn -0.3458 0.8506 -0.3960
vn 0.1116 0.7456 -0.6570
vn -0.1421 0.9361 -0.3219
vn 0.3089 0.7787 -0.5461
vn 0.0840 0.9611 -0.2630
vn 0.4613 0.7338 -0.4988
vn 0.1868 0.9823 -0.0159
vn 0.4502 0.7887 -0.4185
vn 0.4627 0.6545 -0.5980
vn 0.3945 0.6451 -0.6544
vn 0.2932 0.6242 -0.7242
vn 0.5369 0.7182 -0.4426
vn 0.3414 0.9369 0.0746
vn 0.5362 0.7596 -0.3680
vn 0.5989 0.5674 -0.5652
vn 0.3993 0.8806 0.2553
vn 0.6977 0.4978 -0.5152
vn 0.6455 0.7461 -0.1633
vn 0.5250 0.8288 0.1935
vn 0.4981 0.8654 0.0537
vn 0.4610 0.8792 0.1200
vn 0.6045 0.7433 -0.2865
vn 0.7066 0.6343 -0.3136
vn 0.2725 0.9273 0.2565
vn 0.3112 0.8899 -0.3334
vn 0.2802 0.9524 -0.1198
vn 0.6372 0.6978 -0.3271
vn -0.0000 0.9996 -0.0289
vn -0.0000 0.9844 -0.1759
vn -0.0000 0.9467 -0.3222
vn -0.0000 0.9001 -0.4356
vn -0.0049 0.9109 -0.4126
vn -0.0098 0.9211 -0.3892
vn -0.0098 0.9210 -0.3894
vn -0.0326 0.9387 -0.3431
vn -0.0000 0.9444 -0.3288
vn -0.1356 0.9672 -0.2150
vn -0.2226 0.9659 -0.1323
vn -0.2316 0.9704 -0.0683
vn -0.1752 0.9809 -0.0843
vn -0.0862 0.9880 -0.1282
vn -0.0777 0.9900 -0.1173
vn -0.0276 0.9892 -0.1439
vn -0.0280 0.9890 -0.1450
vn -0.0096 0.9887 -0.1494
vn -0.0087 0.9892 -0.1464
vn -0.0000 0.9883 -0.1523
vn -0.0000 0.9876 -0.1570
vn 0.0049 0.9109 -0.4126
vn 0.0098 0.9211 -0.3892
vn 0.0098 0.9210 -0.3894
vn 0.0327 0.9387 -0.3431
vn 0.1356 0.9672 -0.2150
vn 0.2226 0.9659 -0.1323
vn 0.2316 0.9704 -0.0683
vn 0.1752 0.9809 -0.0843
vn 0.0862 0.9880 -0.1283
vn 0.0777 0.9900 -0.1173
vn 0.0276 0.9892 -0.1438
vn 0.0280 0.9890 -0.1450
vn 0.0096 0.9887 -0.1495
vn 0.0087 0.9892 -0.1464
vn -0.0000 -0.8540 0.5203
vn -0.0000 -0.7698 0.6383
vn -0.0000 -0.6671 0.7450
vn -0.0000 -0.5025 0.8646
vn -0.0000 -0.4508 0.8926
vn -0.0000 -0.4440 0.8960
vn -0.0000 -0.4894 0.8721
vn -0.0000 -0.5633 0.8262
vn -0.0000 -0.5631 0.8264
vn -0.0000 -0.5399 0.8418
vn -0.0000 -0.4849 0.8746
vn -0.0000 -0.2304 0.9731
vn -0.0000 -0.0126 0.9999
vn -0.0000 0.4310 0.9023
vn -0.0000 0.6527 0.7577
vn -0.0000 0.8188 0.5740
vn 0.6060 -0.0902 0.7904
vn -0.8529 0.3931 -0.3436
vn -0.8161 -0.1455 -0.5593
vn -0.0000 -0.2082 0.9781
vn 0.3766 0.5352 0.7562
vn -0.8161 -0.1454 -0.5593
vn -0.0000 0.5202 0.8541
vn -0.0000 -0.5399 0.8417
vn -0.6059 -0.0902 0.7904
vn 0.8161 -0.1455 -0.5593
vn -0.3767 0.5352 0.7561
vn -0.3766 0.5352 0.7562
vn 0.6491 0.5935 0.4759
vn -0.0000 -0.0000 1.0000
vn -0.9413 0.2972 -0.1599
vn -0.6337 0.6579 0.4070
vn -0.8787 0.3849 -0.2824
vn -0.9933 0.1152 -0.0061
vn -0.8726 0.1457 0.4662
vn -0.9729 -0.2285 -0.0345
vn -0.7962 -0.3229 0.5116
vn -0.8764 -0.4788 -0.0517
vn -0.5636 -0.6602 0.4965
vn -0.6654 -0.7460 -0.0269
vn -0.3302 -0.8527 0.4049
vn -0.1484 -0.9451 0.2910
vn -0.5174 -0.8354 -0.1855
vn 0.0236 -0.9899 0.1394
vn -0.4157 -0.8399 -0.3491
vn -0.1396 -0.9223 -0.3605
vn 0.2638 -0.9646 0.0063
vn 0.0652 -0.8909 -0.4496
vn -0.3532 -0.6397 -0.6827
vn -0.5436 -0.5941 -0.5929
vn -0.7134 -0.4715 -0.5184
vn 0.4347 -0.8995 -0.0444
vn 0.1696 -0.8734 -0.4564
vn 0.4646 -0.8829 -0.0678
vn 0.5091 -0.8482 -0.1463
vn 0.0185 -0.6993 -0.7146
vn 0.1589 -0.7878 -0.5951
vn 0.3307 -0.9247 -0.1883
vn -0.0000 -0.9844 -0.1757
vn 0.0004 -0.5323 -0.8466
vn -0.1449 -0.3796 -0.9137
vn -0.2318 -0.3312 -0.9146
vn -0.3550 -0.4630 -0.8121
vn -0.2549 -0.5638 -0.7856
vn -0.0923 -0.2352 -0.9676
vn 0.0031 -0.2275 -0.9738
vn -0.7816 -0.3131 -0.5395
vn -0.7869 -0.2450 -0.5664
vn -0.7897 -0.2411 -0.5642
vn -0.8442 -0.1795 -0.5051
vn -0.8700 -0.1452 -0.4712
vn -0.8751 -0.0221 -0.4834
vn -0.8361 -0.0044 -0.5485
vn -0.7929 -0.0268 -0.6087
vn -0.6225 -0.0260 -0.7822
vn -0.6248 -0.0356 -0.7799
vn -0.4043 -0.0269 -0.9142
vn -0.3378 -0.0208 -0.9410
vn -0.1916 -0.0281 -0.9811
vn -0.1090 -0.0321 -0.9935
vn -0.0000 -0.0322 -0.9995
vn -0.0000 -0.0323 -0.9995
vn 0.1090 -0.0320 -0.9935
vn 0.1916 -0.0281 -0.9811
vn 0.3378 -0.0208 -0.9410
vn 0.4043 -0.0269 -0.9142
vn 0.6225 -0.0260 -0.7822
vn 0.6248 -0.0356 -0.7799
vn 0.7929 -0.0268 -0.6087
vn 0.8361 -0.0045 -0.5485
vn 0.8751 -0.0221 -0.4834
vn 0.8787 0.3849 -0.2824
vn 0.9413 0.2972 -0.1599
vn 0.8700 -0.1452 -0.4712
vn 0.9933 0.1152 -0.0061
vn 0.8442 -0.1795 -0.5051
vn 0.9729 -0.2285 -0.0345
vn 0.7896 -0.2411 -0.5642
vn 0.8764 -0.4788 -0.0517
vn 0.7869 -0.2450 -0.5664
vn 0.6615 -0.7495 -0.0251
vn 0.7789 -0.3255 -0.5361
vn 0.5126 -0.8397 -0.1791
vn 0.7133 -0.4852 -0.5057
vn 0.4162 -0.8418 -0.3438
vn 0.5436 -0.5941 -0.5929
vn 0.1396 -0.9220 -0.3612
vn 0.3539 -0.6358 -0.6859
vn 0.6337 0.6579 0.4070
vn 0.8726 0.1457 0.4662
vn 0.7962 -0.3229 0.5116
vn 0.5574 -0.6616 0.5016
vn 0.3177 -0.8520 0.4161
vn 0.1484 -0.9452 0.2908
vn -0.0236 -0.9901 0.1384
vn -0.2644 -0.9644 0.0059
vn -0.0637 -0.8892 -0.4530
vn -0.4347 -0.8995 -0.0444
vn -0.1677 -0.8735 -0.4571
vn -0.4646 -0.8829 -0.0678
vn -0.5091 -0.8482 -0.1463
vn 0.2595 -0.5577 -0.7884
vn 0.3567 -0.4636 -0.8111
vn -0.0185 -0.6993 -0.7146
vn 0.2318 -0.3312 -0.9146
vn -0.1589 -0.7878 -0.5951
vn 0.1438 -0.3774 -0.9148
vn -0.3307 -0.9248 -0.1883
vn 0.0937 -0.2315 -0.9683
vn -0.0000 0.2082 -0.9781
vn 0.6059 -0.0902 0.7904
vn 0.3767 0.5352 0.7561
vn -0.6060 -0.0902 0.7904
vn 0.1458 0.8146 -0.5614
vn -0.0000 0.8096 -0.5870
vn 0.1725 0.7255 -0.6663
vn 0.5710 0.5329 -0.6245
vn 0.2920 0.2324 -0.9277
vn -0.0000 0.2147 -0.9767
vn 0.0063 -0.2767 -0.9609
vn 0.4514 -0.2844 -0.8458
vn 0.0102 -0.4967 -0.8679
vn 0.7518 0.1604 -0.6396
vn 0.8918 -0.1318 -0.4329
vn 0.6401 -0.3364 -0.6907
vn 0.5317 -0.5434 -0.6497
vn 0.0350 -0.7635 -0.6449
vn 0.5838 -0.6652 -0.4656
vn -0.0311 -0.9362 -0.3501
vn 0.7412 0.3190 -0.5906
vn 0.8925 0.1837 -0.4120
vn 0.9565 -0.0330 -0.2899
vn 0.9626 -0.0599 -0.2643
vn 0.9446 -0.0860 -0.3168
vn 0.8245 0.3659 -0.4316
vn 0.8404 0.3019 -0.4501
vn 0.7812 0.4641 -0.4175
vn 0.8110 0.2156 -0.5439
vn 0.7135 0.4564 -0.5316
vn 0.8584 -0.0750 -0.5075
vn 0.8102 0.3130 -0.4955
vn 0.9784 -0.0594 -0.1981
vn 0.9478 0.1384 -0.2874
vn 0.7584 -0.1698 -0.6293
vn 0.7310 -0.4920 -0.4729
vn 0.8065 -0.5160 -0.2885
vn 0.8569 -0.5153 -0.0133
vn 0.8904 -0.4339 0.1374
vn 0.9990 -0.0136 -0.0420
vn 0.9856 0.0555 -0.1596
vn 0.9813 0.1118 -0.1567
vn 0.3118 -0.8935 -0.3231
vn 0.4431 -0.8904 -0.1043
vn 0.5090 -0.8584 0.0633
vn 0.3486 -0.9118 0.2169
vn 0.7673 -0.5528 0.3250
vn 0.9342 -0.1909 0.3015
vn 0.0647 -0.9973 -0.0350
vn 0.0456 -0.9956 0.0816
vn 0.0023 -0.9790 0.2037
vn 0.3496 -0.8548 0.3836
vn 0.6968 -0.4493 0.5590
vn 0.0182 -0.9972 -0.0727
vn -0.0081 -0.9950 0.0996
vn -0.0361 -0.9840 0.1744
vn 0.0935 -0.9561 0.2778
vn 0.2342 -0.8728 0.4283
vn 0.0832 -0.8626 -0.4990
vn 0.0924 -0.7437 -0.6621
vn -0.0000 -0.7124 -0.7018
vn 0.0734 -0.9176 0.3906
vn 0.1977 -0.8236 0.5316
vn 0.5312 -0.4376 0.7255
vn 0.7949 -0.0720 0.6025
vn 0.9451 -0.0502 0.3230
vn 0.0070 -0.9378 0.3471
vn 0.1152 -0.8321 0.5425
vn 0.4345 -0.4413 0.7851
vn 0.6635 -0.1269 0.7373
vn 0.8264 0.0547 0.5604
vn 0.0099 -0.8573 0.5148
vn 0.2309 -0.4981 0.8358
vn 0.5045 -0.1960 0.8409
vn 0.5051 0.0168 0.8629
vn 0.6977 0.0765 0.7123
vn -0.0064 -0.9367 0.3502
vn -0.0000 -0.3831 0.9237
vn 0.2488 -0.2033 0.9470
vn 0.2345 0.0799 0.9688
vn 0.1575 0.6278 0.7623
vn 0.3369 0.5580 0.7584
vn 0.5552 0.4139 0.7214
vn -0.0000 -0.2144 0.9767
vn -0.0000 -0.0706 0.9975
vn -0.0003 0.5632 0.8263
vn -0.0005 0.6055 0.7958
vn 0.1501 0.5032 0.8510
vn 0.3343 0.4033 0.8518
vn 0.5926 0.3647 0.7182
vn 0.7149 0.4393 0.5440
vn 0.8506 0.3987 0.3428
vn 0.9340 0.1161 0.3379
vn 0.2694 0.1678 0.9483
vn 0.5260 0.1092 0.8434
vn 0.7411 0.0945 0.6648
vn 0.8183 0.3305 0.4703
vn 0.9140 0.3344 0.2297
vn 0.8936 0.4359 0.1072
vn -0.0000 0.1373 0.9905
vn -0.0000 0.3673 0.9301
vn 0.2012 0.4041 0.8923
vn 0.4925 0.2801 0.8240
vn 0.7503 0.2052 0.6285
vn 0.8530 0.1273 0.5061
vn -0.0000 0.6107 0.7919
vn 0.2665 0.5735 0.7746
vn 0.5465 0.4699 0.6932
vn 0.7837 0.2921 0.5482
vn 0.9237 0.1391 0.3569
vn 0.1819 0.7440 0.6430
vn 0.3674 0.7085 0.6026
vn 0.6004 0.5698 0.5611
vn 0.7942 0.3657 0.4853
vn 0.8701 0.3994 0.2886
vn 0.9786 0.1303 0.1594
vn -0.0000 0.8077 0.5895
vn 0.2068 0.8712 0.4453
vn 0.4109 0.8250 0.3881
vn 0.6407 0.6751 0.3658
vn 0.7068 0.6888 0.1613
vn 0.9175 0.3920 0.0672
vn -0.0000 0.9200 0.3919
vn 0.2078 0.9544 0.2146
vn 0.4540 0.8759 0.1633
vn 0.6965 0.7162 -0.0430
vn 0.9197 0.3799 -0.0993
vn 0.9896 0.1432 0.0149
vn -0.0000 0.9749 0.2227
vn 0.0004 0.9996 0.0265
vn 0.2321 0.9724 -0.0249
vn 0.4430 0.8962 -0.0251
vn 0.4703 0.8654 -0.1731
vn 0.7399 0.6457 -0.1890
vn 0.8928 0.4082 -0.1904
vn 0.9859 0.1505 -0.0733
vn 0.0001 0.9896 -0.1440
vn 0.2181 0.9581 -0.1858
vn -0.0000 0.9727 -0.2322
vn 0.2146 0.9452 -0.2460
vn 0.4193 0.8784 -0.2293
vn 0.7078 0.6677 -0.2306
vn 0.7695 0.5898 -0.2450
vn 0.8645 0.4087 -0.2927
vn 0.9658 0.1726 -0.1935
vn 0.8980 0.3174 -0.3047
vn 0.9505 0.2785 -0.1381
vn 0.6323 0.6963 -0.3397
vn 0.6082 0.5812 -0.5407
vn 0.7953 0.3268 -0.5106
vn 0.9350 0.1417 -0.3251
vn 0.4887 0.8262 -0.2804
vn 0.4105 0.8461 -0.3401
vn 0.3656 0.7695 -0.5237
vn 0.3583 0.5511 -0.7536
vn 0.5586 0.3209 -0.7649
vn 0.8240 0.1453 -0.5476
vn 0.9278 -0.0663 -0.3670
vn 0.2504 0.9264 -0.2813
vn 0.2027 0.9141 -0.3511
vn 0.1478 0.8318 -0.5350
vn 0.1814 0.5925 -0.7849
vn 0.3194 0.3372 -0.8856
vn 0.3765 0.1723 -0.9102
vn 0.6007 0.1521 -0.7849
vn 0.0003 0.9589 -0.2836
vn -0.0000 0.9276 -0.3735
vn -0.0000 0.8506 -0.5258
vn 0.0007 0.6917 -0.7222
vn 0.0002 0.3722 -0.9281
vn 0.2250 0.3176 -0.9211
vn -0.2024 0.9137 -0.3525
vn -0.1476 0.8322 -0.5346
vn -0.1823 0.5921 -0.7850
vn -0.2512 0.9253 -0.2841
vn -0.4111 0.8453 -0.3414
vn -0.3664 0.7693 -0.5234
vn -0.3599 0.5505 -0.7533
vn -0.3202 0.3364 -0.8856
vn -0.2251 0.3166 -0.9214
vn -0.4899 0.8255 -0.2804
vn -0.6323 0.6963 -0.3397
vn -0.6082 0.5812 -0.5407
vn -0.5586 0.3209 -0.7649
vn -0.3765 0.1723 -0.9102
vn -0.2244 0.1537 -0.9623
vn -0.7695 0.5898 -0.2450
vn -0.8645 0.4087 -0.2927
vn -0.7953 0.3268 -0.5106
vn -0.8240 0.1453 -0.5476
vn -0.6007 0.1521 -0.7849
vn -0.3704 0.1013 -0.9233
vn -0.8928 0.4082 -0.1904
vn -0.9658 0.1726 -0.1935
vn -0.9350 0.1417 -0.3251
vn -0.9278 -0.0663 -0.3670
vn -0.8405 0.0173 -0.5416
vn -0.6102 0.1074 -0.7850
vn -0.7078 0.6677 -0.2306
vn -0.7399 0.6457 -0.1890
vn -0.9197 0.3799 -0.0993
vn -0.9859 0.1505 -0.0733
vn -0.9626 -0.0599 -0.2642
vn -0.9446 -0.0860 -0.3168
vn -0.4707 0.8650 -0.1736
vn -0.6965 0.7162 -0.0430
vn -0.9175 0.3920 0.0672
vn -0.9896 0.1432 0.0148
vn -0.9505 0.2785 -0.1381
vn -0.8980 0.3174 -0.3047
vn -0.4192 0.8785 -0.2293
vn -0.2180 0.9579 -0.1865
vn -0.2327 0.9722 -0.0248
vn -0.4445 0.8954 -0.0252
vn -0.4544 0.8756 0.1638
vn -0.7068 0.6888 0.1613
vn -0.2146 0.9452 -0.2460
vn -0.2077 0.9542 0.2153
vn -0.2068 0.8712 0.4453
vn -0.4100 0.8258 0.3871
vn -0.6423 0.6749 0.3632
vn -0.8701 0.3994 0.2886
vn -0.1819 0.7440 0.6430
vn -0.3653 0.7090 0.6032
vn -0.6019 0.5690 0.5603
vn -0.7971 0.3635 0.4822
vn -0.9237 0.1391 0.3569
vn -0.9786 0.1303 0.1595
vn -0.2665 0.5735 0.7746
vn -0.5453 0.4688 0.6948
vn -0.7845 0.2898 0.5483
vn -0.8530 0.1274 0.5061
vn -0.8183 0.3305 0.4703
vn -0.9140 0.3344 0.2297
vn -0.2012 0.4041 0.8923
vn -0.4925 0.2801 0.8240
vn -0.7503 0.2052 0.6285
vn -0.7411 0.0945 0.6648
vn -0.2694 0.1678 0.9483
vn -0.5260 0.1092 0.8434
vn -0.1286 0.5719 0.8102
vn -0.3343 0.4033 0.8518
vn -0.5926 0.3647 0.7182
vn -0.7149 0.4393 0.5440
vn -0.8506 0.3987 0.3428
vn -0.1653 0.0416 -0.9854
vn -0.0000 0.1048 -0.9945
vn 0.2244 0.1537 -0.9623
vn 0.3704 0.1013 -0.9233
vn -0.0000 0.0089 -1.0000
vn 0.1653 0.0418 -0.9854
vn 0.6102 0.1074 -0.7849
vn 0.8393 0.0100 -0.5435
vn 0.4736 -0.8177 -0.3272
vn -0.1293 -0.9800 -0.1513
vn -0.0484 -0.9974 -0.0532
vn 0.6448 -0.5735 -0.5053
vn 0.6632 -0.0023 -0.7484
vn 0.3700 -0.7251 -0.5808
vn 0.3807 -0.0682 -0.9222
vn 0.2146 -0.7685 -0.6028
vn 0.2003 -0.1184 -0.9725
vn 0.0765 -0.7867 -0.6126
vn -0.0000 -0.1562 -0.9877
vn -0.0000 -0.9388 -0.3446
vn -0.0766 -0.7867 -0.6126
vn -0.2003 -0.1184 -0.9725
vn -0.2146 -0.7685 -0.6028
vn -0.3807 -0.0682 -0.9222
vn -0.3685 -0.7246 -0.5824
vn -0.6607 0.0050 -0.7507
vn -0.6499 -0.5652 -0.5081
vn -0.4769 -0.8161 -0.3263
vn -0.5838 -0.6652 -0.4656
vn 0.0311 -0.9362 -0.3501
vn -0.0350 -0.7635 -0.6449
vn -0.5317 -0.5434 -0.6497
vn -0.0102 -0.4967 -0.8679
vn -0.6401 -0.3364 -0.6907
vn -0.4514 -0.2844 -0.8458
vn -0.0063 -0.2767 -0.9609
vn -0.2921 0.2324 -0.9277
vn -0.1725 0.7255 -0.6663
vn -0.9565 -0.0330 -0.2899
vn -0.8918 -0.1318 -0.4329
vn -0.7518 0.1604 -0.6396
vn -0.5710 0.5329 -0.6245
vn -0.1458 0.8146 -0.5614
vn -0.8925 0.1837 -0.4120
vn -0.7412 0.3190 -0.5906
vn -0.8245 0.3659 -0.4316
vn -0.8404 0.3019 -0.4501
vn -0.7812 0.4641 -0.4175
vn -0.8110 0.2156 -0.5439
vn -0.7584 -0.1698 -0.6293
vn -0.7592 0.3914 -0.5201
vn -0.8850 0.2418 -0.3978
vn -0.7308 0.5340 -0.4252
vn -0.8222 0.5128 -0.2471
vn -0.9107 0.3698 -0.1839
vn -0.9846 0.1744 0.0093
vn -0.9762 0.1618 -0.1445
vn -0.9846 0.0916 -0.1492
vn -0.9994 0.0267 -0.0229
vn -0.9813 0.1118 -0.1567
vn -0.9369 0.3491 0.0177
vn -0.8936 0.4359 0.1072
vn -0.9340 0.1161 0.3379
vn -0.9451 -0.0502 0.3230
vn -0.9990 -0.0136 -0.0420
vn -0.9856 0.0555 -0.1596
vn -0.9478 0.1384 -0.2874
vn -0.8387 0.0758 0.5392
vn -0.7936 -0.0749 0.6037
vn -0.9342 -0.1909 0.3015
vn -0.8904 -0.4339 0.1374
vn -0.9784 -0.0594 -0.1981
vn -0.8102 0.3131 -0.4955
vn -0.5552 0.4139 0.7214
vn -0.7007 0.0554 0.7113
vn -0.6392 -0.1430 0.7556
vn -0.5312 -0.4376 0.7255
vn -0.6968 -0.4493 0.5590
vn -0.7673 -0.5528 0.3250
vn -0.3369 0.5580 0.7584
vn -0.5051 0.0168 0.8629
vn -0.5045 -0.1960 0.8409
vn -0.4345 -0.4413 0.7851
vn -0.1978 -0.8235 0.5317
vn -0.2342 -0.8728 0.4283
vn -0.1873 0.5627 0.8052
vn -0.2345 0.0799 0.9688
vn -0.2488 -0.2033 0.9470
vn -0.2309 -0.4982 0.8358
vn -0.1152 -0.8322 0.5424
vn -0.0072 -0.9379 0.3470
vn -0.0736 -0.9177 0.3905
vn -0.0099 -0.8574 0.5146
vn 0.0063 -0.9367 0.3502
vn -0.0936 -0.9561 0.2779
vn -0.0023 -0.9790 0.2037
vn -0.3496 -0.8548 0.3836
vn -0.3486 -0.9118 0.2169
vn 0.0361 -0.9840 0.1744
vn 0.0081 -0.9950 0.0996
vn -0.0456 -0.9956 0.0816
vn -0.0647 -0.9973 -0.0350
vn -0.4431 -0.8904 -0.1043
vn -0.5090 -0.8585 0.0632
vn -0.8569 -0.5153 -0.0133
vn -0.0183 -0.9972 -0.0731
vn -0.3119 -0.8935 -0.3232
vn -0.8065 -0.5160 -0.2885
vn -0.0833 -0.8624 -0.4993
vn -0.0924 -0.7437 -0.6621
vn -0.8584 -0.0750 -0.5075
vn -0.7135 0.4564 -0.5316
vn -0.7310 -0.4920 -0.4729
vn -0.0116 -0.9994 0.0314
vn -0.0134 -0.9962 0.0863
vn -0.0050 -0.9960 0.0894
vn -0.0000 -0.9959 0.0908
vn 0.0050 -0.9960 0.0894
vn 0.0134 -0.9962 0.0863
vn 0.0116 -0.9994 0.0314
vn 0.0476 -0.9974 -0.0536
vn 0.1293 -0.9800 -0.1513
vn 0.7592 0.3914 -0.5201
vn 0.7308 0.5340 -0.4252
vn 0.8222 0.5128 -0.2471
vn 0.9369 0.3491 0.0177
vn 0.8850 0.2419 -0.3978
vn 0.9846 0.1744 0.0093
vn 0.9994 0.0267 -0.0229
vn 0.9846 0.0916 -0.1492
vn 0.9107 0.3698 -0.1839
vn 0.9762 0.1618 -0.1444
vn -0.8172 -0.5489 0.1757
vn -0.5232 -0.8493 0.0708
vn -0.8872 -0.4053 0.2205
vn -0.9527 -0.1355 0.2719
vn -0.9498 -0.1451 0.2772
vn -0.9426 -0.1975 0.2692
vn -0.9299 -0.2757 0.2433
vn -0.9840 0.0328 0.1753
vn -0.9843 -0.0453 0.1706
vn -0.8454 0.5305 0.0616
vn -0.7695 0.6378 0.0311
vn -0.6358 0.7718 -0.0081
vn 0.8172 -0.5489 0.1758
vn 0.8872 -0.4053 0.2205
vn 0.5232 -0.8493 0.0708
vn 0.9520 -0.1424 0.2709
vn 0.9481 -0.1536 0.2785
vn 0.9408 -0.2013 0.2727
vn 0.9296 -0.2728 0.2479
vn 0.9835 0.0364 0.1770
vn 0.9843 -0.0453 0.1706
vn 0.8454 0.5305 0.0616
vn 0.7695 0.6379 0.0310
vn 0.6357 0.7719 -0.0081
vn -0.3674 -0.9087 -0.1981
vn -0.2955 -0.7325 -0.6133
vn -0.0000 -0.7875 -0.6163
vn -0.5450 -0.4324 -0.7184
vn -0.7372 -0.5501 -0.3923
vn -0.5662 -0.1468 -0.8111
vn -0.3428 0.0313 -0.9389
vn -0.0000 0.2038 -0.9790
vn 0.3428 0.0313 -0.9389
vn 0.5662 -0.1468 -0.8111
vn 0.5392 -0.4415 -0.7172
vn 0.2986 -0.7271 -0.6183
vn 0.7287 -0.5556 -0.4004
vn 0.3674 -0.9087 -0.1981
vn 0.3713 -0.8797 -0.2972
vn -0.1701 -0.9287 -0.3295
vn 0.2635 -0.7492 -0.6077
vn 0.3727 -0.3736 -0.8494
vn -0.3584 -0.4831 -0.7989
vn 0.8441 -0.2041 -0.4958
vn 0.6264 0.0912 -0.7742
vn 0.1491 0.2507 -0.9565
vn 0.3959 -0.9178 0.0312
vn 0.6754 -0.7367 0.0335
vn 0.9547 -0.2966 -0.0226
vn 0.9635 0.2625 0.0528
vn 0.9028 0.1600 0.3991
vn 0.8866 0.4220 0.1895
vn 0.7838 0.6165 -0.0745
vn 0.8092 -0.4714 0.3505
vn 0.7984 -0.2422 0.5513
vn 0.5371 -0.6065 0.5862
vn 0.2066 -0.8600 0.4666
vn -0.1298 -0.9656 0.2255
vn -0.3797 -0.9217 -0.0792
vn -0.5330 -0.7131 -0.4553
vn -0.5755 -0.3705 -0.7291
vn -0.4668 -0.0367 -0.8836
vn -0.1894 0.3498 -0.9175
vn 0.1762 0.6115 -0.7714
vn 0.5135 0.7389 -0.4364
vn 0.7125 0.4003 -0.5763
vn -0.3201 0.3972 -0.8601
vn 0.0661 -0.3628 -0.9295
vn -0.5483 0.4419 -0.7100
vn -0.0868 0.1049 -0.9907
vn -0.2284 0.9460 -0.2301
vn -0.5356 0.8340 -0.1325
vn -0.6100 0.7282 0.3126
vn -0.3548 0.6943 0.6262
vn -0.0532 0.2686 0.9618
vn -0.0083 -0.2963 -0.9551
vn 0.0001 0.3276 -0.9448
vn -0.0000 0.9824 -0.1870
vn -0.0000 0.7282 0.6854
vn -0.1811 0.7295 0.6596
vn -0.0254 0.2878 0.9574
vn -0.0000 0.2145 0.9767
vn 0.0254 0.2878 0.9574
vn 0.0003 -0.2144 -0.9767
vn 0.0089 -0.2959 -0.9552
vn 0.0871 0.1052 -0.9906
vn 0.2284 0.9460 -0.2301
vn 0.1811 0.7295 0.6596
vn 0.0532 0.2686 0.9618
vn 0.3547 0.6943 0.6262
vn 0.6100 0.7282 0.3126
vn -0.0656 -0.3620 -0.9299
vn 0.3201 0.3972 -0.8601
vn 0.5356 0.8340 -0.1325
vn 0.5483 0.4419 -0.7100
vn 0.1496 -0.9767 -0.1540
vn 0.3172 -0.9199 -0.2306
vn -0.2957 -0.9552 0.0119
vn 0.0717 -0.9854 -0.1547
vn -0.0641 0.9855 -0.1569
vn 0.1536 0.9669 -0.2035
vn 0.0391 0.9826 -0.1817
vn 0.6240 0.7227 -0.2971
vn 0.6560 0.7032 -0.2740
vn 0.8832 0.3344 -0.3289
vn 0.8929 0.2559 -0.3704
vn 0.8989 0.2030 -0.3882
vn 0.8986 0.1755 -0.4021
vn 0.9121 0.0782 -0.4024
vn 0.8779 -0.2629 -0.4003
vn 0.8448 -0.3648 -0.3914
vn -0.1496 -0.9767 -0.1540
vn 0.2957 -0.9552 0.0119
vn -0.3172 -0.9199 -0.2306
vn -0.0717 -0.9854 -0.1547
vn 0.0641 0.9855 -0.1569
vn -0.0522 0.9813 -0.1851
vn -0.1608 0.9653 -0.2060
vn -0.6233 0.7226 -0.2989
vn -0.6509 0.7064 -0.2781
vn -0.8798 0.3411 -0.3310
vn -0.8914 0.2609 -0.3706
vn -0.8989 0.2030 -0.3882
vn -0.8986 0.1755 -0.4021
vn -0.9121 0.0782 -0.4024
vn -0.8779 -0.2628 -0.4003
vn -0.8448 -0.3648 -0.3914
vn 0.4056 -0.0826 0.9103
vn 0.5300 0.1996 0.8242
vn -0.0000 0.6543 0.7562
vn -0.4770 0.7082 0.5204
vn -0.0000 0.9246 -0.3810
vn -0.6714 0.6454 -0.3643
vn -0.6357 0.6638 0.3940
vn -0.8125 0.5349 -0.2318
vn -0.8306 0.5170 -0.2067
vn -0.5948 0.7870 -0.1641
vn 0.2316 0.4129 0.8808
vn 0.2715 0.5805 0.7676
vn -0.4133 0.8998 -0.1398
vn 0.1399 0.8479 0.5114
vn -0.6611 0.7471 -0.0692
vn -0.6860 0.6582 -0.3101
vn -0.4814 0.7397 -0.4702
vn -0.1988 0.9754 -0.0952
vn -0.3013 0.7947 -0.5269
vn -0.1388 0.9281 -0.3455
vn -0.4417 0.6014 -0.6658
vn -0.3057 0.8374 -0.4532
vn -0.6541 0.5223 -0.5471
vn -0.4459 0.6429 -0.6228
vn -0.4991 0.6332 -0.5916
vn -0.5566 0.7088 -0.4334
vn -0.3651 0.8080 -0.4625
vn -0.4127 0.7380 -0.5339
vn 0.4461 0.8431 0.3003
vn 0.6633 0.7457 0.0628
vn 0.2933 0.5463 -0.7846
vn 0.8871 0.4488 0.1076
vn 0.9382 0.3334 0.0934
vn 0.7686 0.2241 0.5992
vn 0.8079 0.2695 0.5241
vn 0.7213 0.1251 0.6812
vn 0.7712 0.0979 0.6291
vn 0.7536 0.1715 0.6346
vn 0.6121 0.3663 0.7008
vn 0.5091 0.3447 0.7887
vn 0.5236 -0.0403 0.8510
vn 0.5857 -0.1065 0.8035
vn 0.3821 0.1017 0.9185
vn 0.1129 0.2402 0.9641
vn 0.0056 0.3325 0.9431
vn -0.0000 0.5204 0.8540
vn -0.0056 0.3325 0.9431
vn 0.4771 0.7082 0.5204
vn -0.1129 0.2402 0.9641
vn 0.6357 0.6638 0.3940
vn -0.3821 0.1017 0.9185
vn -0.2316 0.4129 0.8808
vn -0.5857 -0.1065 0.8035
vn -0.2715 0.5805 0.7676
vn -0.5236 -0.0403 0.8510
vn -0.1399 0.8479 0.5114
vn -0.5173 0.3272 0.7908
vn -0.4522 0.8367 0.3089
vn -0.6162 0.3356 0.7125
vn -0.7491 0.1688 0.6405
vn -0.6633 0.7457 0.0628
vn -0.7710 0.0980 0.6292
vn -0.7213 0.1251 0.6812
vn -0.8871 0.4488 0.1076
vn -0.7686 0.2241 0.5992
vn -0.9382 0.3334 0.0934
vn -0.8079 0.2695 0.5241
vn 0.9994 -0.0260 -0.0228
vn 0.9997 -0.0216 -0.0151
vn 0.9997 -0.0235 -0.0113
vn 0.9999 -0.0107 0.0024
vn 0.9986 -0.0048 0.0522
vn 0.9912 0.0055 0.1320
vn 0.9808 0.0472 0.1893
vn 0.9784 0.0176 0.2061
vn 0.9794 -0.0111 0.2014
vn 0.9202 0.1734 0.3509
vn 0.9387 0.1313 0.3187
vn 0.8777 0.1434 0.4573
vn 0.9626 -0.0057 0.2710
vn 0.7418 -0.0499 0.6688
vn 0.9818 0.0323 0.1871
vn 0.9541 0.0178 0.2989
vn 0.9183 0.0137 0.3957
vn 0.8804 0.0280 0.4733
vn 0.8335 0.0156 0.5522
vn 0.7941 0.0061 0.6077
vn 0.6173 0.0030 0.7867
vn 0.6193 -0.0016 0.7852
vn 0.3958 0.0142 0.9182
vn 0.3297 0.0205 0.9439
vn 0.2094 0.0285 0.9774
vn 0.1493 0.0239 0.9885
vn 0.6665 0.1497 0.7303
vn 0.6515 0.0340 0.7579
vn 0.6543 -0.1409 0.7430
vn 0.6624 0.2036 0.7209
vn 0.7576 0.1626 0.6321
vn 0.4397 0.8801 0.1791
vn 0.4721 0.7177 0.5118
vn 0.4737 0.7168 0.5117
vn 0.3355 0.9419 -0.0172
vn 0.0966 0.9629 -0.2518
vn 0.6635 -0.1081 0.7403
vn 0.7625 0.1190 0.6360
vn 0.5008 0.8575 0.1176
vn 0.1953 0.9375 -0.2880
vn 0.6395 0.1304 0.7577
vn 0.5247 0.0354 0.8505
vn 0.5895 -0.2577 0.7656
vn 0.7482 0.0577 0.6610
vn 0.5071 0.8485 0.1515
vn 0.2932 0.9141 -0.2801
vn 0.4170 -0.0588 0.9070
vn 0.5771 -0.2189 0.7868
vn 0.6642 -0.4358 0.6074
vn 0.4918 -0.4116 0.7673
vn 0.7807 -0.2133 0.5874
vn 0.5592 -0.2038 0.8036
vn 0.4778 -0.1395 0.8673
vn 0.3053 0.9193 -0.2483
vn 0.3142 0.9368 0.1540
vn 0.1684 0.9568 -0.2370
vn -0.2933 0.5463 -0.7846
vn 0.3641 0.8036 -0.4707
vn 0.4006 0.7462 -0.5318
vn 0.4432 0.6485 -0.6189
vn 0.4991 0.6332 -0.5916
vn 0.4132 0.8998 -0.1397
vn 0.6516 0.5212 -0.5511
vn 0.4450 0.6029 -0.6622
vn 0.3013 0.7947 -0.5269
vn 0.4814 0.7397 -0.4702
vn 0.5733 0.6787 -0.4590
vn 0.3120 0.8318 -0.4592
vn 0.1388 0.9281 -0.3455
vn 0.5948 0.7870 -0.1641
vn 0.6861 0.6582 -0.3101
vn 0.8306 0.5170 -0.2068
vn 0.6611 0.7471 -0.0692
vn 0.8125 0.5349 -0.2318
vn 0.6714 0.6454 -0.3643
vn 0.1988 0.9754 -0.0952
vn 0.0499 -0.9654 -0.2561
vn -0.0000 -0.9511 -0.3088
vn 0.0004 -0.6639 -0.7478
vn 0.1638 -0.6620 -0.7314
vn 0.1144 -0.9625 -0.2458
vn 0.3125 -0.6628 -0.6805
vn 0.1710 -0.9612 -0.2164
vn 0.5154 -0.6521 -0.5560
vn 0.2452 -0.9444 -0.2193
vn 0.5444 -0.7220 -0.4270
vn 0.2041 -0.9342 -0.2925
vn 0.5570 -0.6664 -0.4957
vn -0.2804 -0.7996 -0.5311
vn 0.4922 -0.5681 -0.6596
vn 0.2864 -0.4321 -0.8552
vn -0.6116 -0.2365 -0.7550
vn 0.1077 -0.0693 -0.9918
vn -0.4579 0.2641 -0.8489
vn 0.2111 0.3346 -0.9184
vn -0.2369 0.5731 -0.7845
vn -0.0395 0.7589 -0.6500
vn 0.5225 0.3974 -0.7543
vn 0.1041 0.8525 -0.5122
vn 0.5724 0.3776 -0.7279
vn 0.2461 0.8444 -0.4759
vn 0.5878 0.3509 -0.7289
vn 0.3623 0.8590 -0.3618
vn 0.5590 0.4417 -0.7018
vn 0.3826 0.9120 -0.1480
vn 0.5620 0.6399 -0.5241
vn 0.4955 0.8671 -0.0506
vn 0.6747 0.4479 -0.5867
vn 0.6213 0.7835 -0.0111
vn 0.7224 0.4522 -0.5230
vn 0.5557 0.8303 -0.0418
vn 0.5921 0.5690 -0.5708
vn 0.3686 0.8351 -0.4084
vn 0.3346 0.9302 -0.1509
vn -0.0000 0.9907 -0.1360
vn -0.0000 0.8243 -0.5662
vn -0.0486 -0.9668 -0.2508
vn -0.1644 -0.6618 -0.7314
vn -0.1138 -0.9637 -0.2415
vn -0.3122 -0.6622 -0.6812
vn -0.1592 -0.9661 -0.2032
vn -0.5149 -0.6504 -0.5584
vn -0.2136 -0.9570 -0.1963
vn -0.5453 -0.7234 -0.4235
vn -0.1918 -0.9392 -0.2847
vn -0.5513 -0.6717 -0.4950
vn 0.2576 -0.8037 -0.5364
vn -0.4838 -0.5768 -0.6582
vn -0.3218 -0.4255 -0.8458
vn 0.5553 -0.2483 -0.7937
vn -0.1236 -0.0750 -0.9895
vn 0.4578 0.2640 -0.8489
vn -0.2111 0.3346 -0.9184
vn 0.2369 0.5731 -0.7845
vn 0.0395 0.7589 -0.6500
vn -0.5225 0.3974 -0.7543
vn -0.1053 0.8528 -0.5115
vn -0.5753 0.3729 -0.7280
vn -0.2591 0.8303 -0.4935
vn -0.5896 0.3385 -0.7333
vn -0.3677 0.8509 -0.3751
vn -0.5589 0.4418 -0.7017
vn -0.3826 0.9120 -0.1480
vn -0.5621 0.6399 -0.5241
vn -0.4955 0.8671 -0.0506
vn -0.6747 0.4479 -0.5867
vn -0.6213 0.7835 -0.0111
vn -0.7266 0.4628 -0.5079
vn -0.5557 0.8303 -0.0418
vn -0.5911 0.5773 -0.5633
vn -0.3686 0.8351 -0.4084
vn -0.3346 0.9302 -0.1509
vn -0.0003 0.7285 0.6850
vn -0.0004 0.7309 0.6825
vn 0.0461 0.7164 0.6962
vn 0.0480 0.7189 0.6935
vn 0.0801 0.6934 0.7161
vn 0.0516 0.6587 0.7507
vn 0.0304 0.6243 0.7806
vn 0.0182 0.6072 0.7943
vn 0.0452 0.6139 0.7881
vn 0.0689 0.6235 0.7788
vn 0.0554 0.6230 0.7802
vn 0.0714 0.6242 0.7780
vn 0.0295 0.6184 0.7853
vn 0.0325 0.6071 0.7939
vn 0.0539 0.5946 0.8022
vn 0.0392 0.6082 0.7928
vn -0.0241 0.6407 0.7675
vn -0.0382 0.6474 0.7612
vn -0.0620 0.6764 0.7339
vn -0.0698 0.6985 0.7122
vn -0.0405 0.7158 0.6971
vn -0.0251 0.7253 0.6879
vn -0.0000 0.7306 0.6828
vn -0.0000 0.7314 0.6820
vn -0.0455 0.7167 0.6959
vn -0.0474 0.7190 0.6933
vn -0.0790 0.6939 0.7158
vn -0.0515 0.6593 0.7502
vn -0.0309 0.6246 0.7803
vn -0.0182 0.6080 0.7937
vn -0.0448 0.6143 0.7878
vn -0.0685 0.6240 0.7785
vn -0.0554 0.6230 0.7802
vn -0.0714 0.6242 0.7780
vn -0.0296 0.6184 0.7853
vn -0.0326 0.6071 0.7939
vn -0.0539 0.5946 0.8022
vn -0.0392 0.6082 0.7928
vn 0.0241 0.6407 0.7674
vn 0.0382 0.6474 0.7612
vn 0.0620 0.6764 0.7339
vn 0.0698 0.6985 0.7122
vn 0.0405 0.7158 0.6971
vn 0.0251 0.7253 0.6879
vn 0.0014 -0.9925 0.1223
vn 0.3278 -0.9372 0.1190
vn 0.0019 -0.9217 0.3880
vn 0.4092 -0.8688 0.2788
vn 0.6277 -0.7778 -0.0312
vn 0.6759 -0.7367 0.0205
vn 0.2949 -0.9350 0.1971
vn -0.0000 -0.9731 0.2303
vn -0.0000 -0.8913 0.4534
vn 0.4749 -0.7758 0.4155
vn 0.7355 -0.6773 0.0200
vn 0.7860 -0.5879 -0.1911
vn 0.8693 -0.4920 -0.0475
vn 0.8137 -0.5044 0.2891
vn 0.8365 -0.5298 -0.1403
vn 0.8096 -0.5201 -0.2720
vn 0.9211 -0.3847 -0.0597
vn 0.9364 -0.3112 0.1622
vn 0.8492 -0.4858 -0.2070
vn 0.8086 -0.4868 -0.3304
vn 0.9140 -0.3797 -0.1432
vn 0.9612 -0.2428 0.1307
vn 0.8430 -0.4557 -0.2859
vn 0.7943 -0.3752 -0.4778
vn 0.9256 -0.2830 -0.2514
vn 0.9804 -0.1749 0.0911
vn 0.8335 -0.3508 -0.4269
vn 0.8378 -0.1433 -0.5269
vn 0.7508 -0.1642 -0.6398
vn 0.9013 -0.0783 -0.4261
vn 0.9998 0.0165 -0.0091
vn 0.7528 0.1452 -0.6421
vn 0.6318 0.0954 -0.7692
vn 0.7879 0.1655 -0.5932
vn 0.9463 0.2800 -0.1615
vn 0.5402 0.4881 -0.6855
vn 0.4438 0.3773 -0.8129
vn 0.5185 0.3475 -0.7813
vn 0.7740 0.5462 -0.3202
vn 0.2754 0.7020 -0.6568
vn 0.2205 0.4562 -0.8621
vn 0.2398 0.5202 -0.8197
vn 0.4856 0.7588 -0.4341
vn -0.0000 0.7729 -0.6345
vn -0.0000 0.3549 -0.9349
vn -0.0000 0.6678 -0.7444
vn 0.2016 0.8441 -0.4968
vn -0.0000 0.8750 -0.4842
vn -0.2016 0.8441 -0.4968
vn -0.2398 0.5202 -0.8197
vn -0.4856 0.7588 -0.4341
vn -0.5185 0.3475 -0.7813
vn -0.7740 0.5462 -0.3202
vn -0.7879 0.1655 -0.5932
vn -0.9463 0.2800 -0.1615
vn -0.2205 0.4562 -0.8621
vn -0.4438 0.3773 -0.8129
vn -0.6318 0.0954 -0.7692
vn -0.7508 -0.1642 -0.6398
vn -0.9013 -0.0783 -0.4261
vn -0.9998 0.0165 -0.0091
vn -0.2754 0.7020 -0.6568
vn -0.5402 0.4881 -0.6855
vn -0.7528 0.1452 -0.6421
vn -0.8378 -0.1433 -0.5269
vn -0.7943 -0.3752 -0.4778
vn -0.9256 -0.2830 -0.2514
vn -0.9804 -0.1749 0.0911
vn -0.9140 -0.3797 -0.1432
vn -0.9612 -0.2428 0.1307
vn -0.9211 -0.3847 -0.0597
vn -0.9400 -0.3024 0.1577
vn -0.8335 -0.3508 -0.4269
vn -0.8430 -0.4557 -0.2859
vn -0.8086 -0.4868 -0.3304
vn -0.8096 -0.5201 -0.2720
vn -0.8758 -0.4796 -0.0540
vn -0.8221 -0.4937 0.2834
vn -0.6805 -0.7323 0.0248
vn -0.4626 -0.7815 0.4186
vn -0.8492 -0.4858 -0.2070
vn -0.8365 -0.5298 -0.1403
vn -0.7930 -0.5807 -0.1840
vn -0.6429 -0.7657 -0.0170
vn -0.3276 -0.9378 0.1148
vn -0.2857 -0.9394 0.1894
vn -0.7384 -0.6742 0.0175
vn -0.4179 -0.8658 0.2751
vn 0.8947 -0.0104 -0.4466
vn 0.9069 -0.3351 -0.2556
vn 0.6978 0.3048 -0.6482
vn 0.3453 0.5051 -0.7910
vn -0.0000 0.5737 -0.8190
vn -0.3453 0.5051 -0.7910
vn -0.6978 0.3048 -0.6482
vn -0.8947 -0.0104 -0.4466
vn -0.9162 -0.3146 -0.2484
vn -0.7091 -0.7036 -0.0461
vn -0.3278 -0.9391 0.1036
vn -0.0000 -0.9930 0.1185
vn 0.3278 -0.9391 0.1036
vn 0.7123 -0.6998 -0.0548
vn -0.0000 -0.9822 -0.1877
vn -0.2605 -0.9447 -0.1990
vn -0.0896 -0.7731 -0.6279
vn -0.0000 -0.8427 -0.5384
vn -0.0000 -0.3450 -0.9386
vn -0.1151 -0.1016 -0.9881
vn -0.2073 -0.2473 -0.9465
vn -0.1965 -0.6296 -0.7517
vn -0.4525 -0.6425 -0.6184
vn -0.4043 -0.6524 -0.6410
vn -0.4228 -0.7463 -0.5142
vn -0.4938 -0.8226 -0.2820
vn 0.0928 -0.7742 -0.6260
vn 0.1151 -0.1016 -0.9881
vn -0.0000 0.2747 -0.9615
vn -0.2214 0.2323 -0.9471
vn -0.4705 0.1166 -0.8747
vn -0.4016 -0.2697 -0.8752
vn 0.2671 -0.9425 -0.2008
vn 0.5130 -0.8209 -0.2509
vn 0.4381 -0.7523 -0.4920
vn 0.4043 -0.6524 -0.6410
vn 0.4525 -0.6425 -0.6184
vn 0.1965 -0.6296 -0.7517
vn 0.2073 -0.2473 -0.9465
vn 0.6365 -0.6449 -0.4231
vn 0.6792 -0.5882 -0.4390
vn 0.7016 -0.5451 -0.4590
vn 0.6161 -0.4889 -0.6176
vn 0.4640 -0.3965 -0.7922
vn 0.4016 -0.2697 -0.8752
vn 0.4705 0.1166 -0.8747
vn 0.2214 0.2323 -0.9471
vn 0.7486 -0.4159 -0.5164
vn 0.7415 -0.2587 -0.6190
vn 0.6577 -0.0612 -0.7508
vn -0.6577 -0.0612 -0.7508
vn -0.4640 -0.3965 -0.7922
vn -0.6161 -0.4888 -0.6176
vn -0.7016 -0.5451 -0.4590
vn -0.6792 -0.5882 -0.4390
vn -0.7416 -0.2587 -0.6190
vn -0.7486 -0.4159 -0.5164
vn -0.6260 -0.6427 -0.4416
vt 0.503418 0.900391
vt 0.484863 0.899414
vt 0.468262 0.907227
vt 0.530762 0.923828
vt 0.500977 0.979980
vt 0.456055 0.921387
vt 0.451660 0.938965
vt 0.466309 0.971680
vt 0.520020 0.908691
vt 0.482422 0.979980
vt 0.458008 0.982422
vt 0.441895 0.963379
vt 0.455078 0.957031
vt 0.479492 0.992676
vt 0.437988 0.938477
vt 0.443359 0.914551
vt 0.459961 0.896484
vt 0.481934 0.886230
vt 0.507324 0.886230
vt 0.529297 0.898438
vt 0.542969 0.918457
vt 0.547363 0.941895
vt 0.534180 0.941406
vt 0.541992 0.964844
vt 0.529785 0.958984
vt 0.525879 0.983887
vt 0.517578 0.972656
vt 0.502930 0.993164
vt 0.842285 0.480469
vt 0.839355 0.476074
vt 0.836426 0.477051
vt 0.833496 0.508789
vt 0.841797 0.511230
vt 0.833008 0.534668
vt 0.840332 0.535156
vt 0.836914 0.583008
vt 0.842285 0.584961
vt 0.839844 0.586426
vt 0.924805 0.444336
vt 0.971680 0.424316
vt 0.963867 0.416016
vt 0.921875 0.434082
vt 0.415039 0.920410
vt 0.395508 0.961426
vt 0.425293 0.923828
vt 0.403320 0.969238
vt 0.955566 0.752930
vt 0.929688 0.729492
vt 0.947754 0.760742
vt 0.918457 0.738281
vt 0.901367 0.699219
vt 0.887695 0.716797
vt 0.877441 0.673828
vt 0.855957 0.694336
vt 0.814941 0.639160
vt 0.807617 0.663086
vt 0.782715 0.649414
vt 0.766113 0.702637
vt 0.760742 0.643066
vt 0.798340 0.732910
vt 0.741211 0.719727
vt 0.730957 0.678223
vt 0.817383 0.749023
vt 0.762695 0.790039
vt 0.727539 0.755371
vt 0.704590 0.736328
vt 0.714355 0.714355
vt 0.833984 0.765625
vt 0.781250 0.809082
vt 0.756836 0.836914
vt 0.723145 0.822266
vt 0.715820 0.770996
vt 0.857422 0.784180
vt 0.797852 0.833008
vt 0.771484 0.857910
vt 0.742676 0.862305
vt 0.699219 0.848145
vt 0.684082 0.796387
vt 0.880859 0.803711
vt 0.815918 0.855957
vt 0.778320 0.887207
vt 0.729004 0.903809
vt 0.899902 0.815918
vt 0.831543 0.877930
vt 0.790039 0.918457
vt 0.723633 0.936035
vt 0.684570 0.893066
vt 0.919922 0.827148
vt 0.867676 0.916016
vt 0.847168 0.899414
vt 0.802246 0.944336
vt 0.720703 0.968750
vt 0.663086 0.922852
vt 0.650391 0.871094
vt 0.812500 0.968750
vt 0.722168 0.991699
vt 0.634766 0.972168
vt 0.643066 0.951172
vt 0.616699 0.898438
vt 0.611328 0.844238
vt 0.655273 0.815430
vt 0.591309 0.919922
vt 0.577148 0.858398
vt 0.575195 0.813965
vt 0.597168 0.804199
vt 0.632324 0.791504
vt 0.653809 0.782227
vt 0.578613 0.937012
vt 0.533691 0.887695
vt 0.548340 0.874512
vt 0.544434 0.828125
vt 0.559570 0.786621
vt 0.585938 0.776367
vt 0.618164 0.770508
vt 0.639648 0.764648
vt 0.521973 0.843750
vt 0.529785 0.807617
vt 0.508301 0.855957
vt 0.505859 0.826660
vt 0.493164 0.839844
vt 0.652832 0.757324
vt 0.670898 0.770508
vt 0.687500 0.758301
vt 0.666504 0.746094
vt 0.682129 0.725586
vt 0.691406 0.708008
vt 0.696289 0.699707
vt 0.712402 0.680176
vt 0.721680 0.660645
vt 0.736816 0.646484
vt 0.680176 0.693359
vt 0.696289 0.671875
vt 0.707520 0.646484
vt 0.729004 0.632324
vt 0.740234 0.625977
vt 0.753418 0.609863
vt 0.791992 0.622070
vt 0.679688 0.664062
vt 0.690918 0.636230
vt 0.722656 0.613770
vt 0.734375 0.607422
vt 0.408203 0.353027
vt 0.416504 0.349609
vt 0.398926 0.353027
vt 0.422852 0.343262
vt 0.426270 0.334961
vt 0.380859 0.325684
vt 0.408203 0.307617
vt 0.416504 0.311035
vt 0.422852 0.317383
vt 0.426270 0.325684
vt 0.380859 0.334961
vt 0.384277 0.343262
vt 0.390625 0.349609
vt 0.384277 0.317383
vt 0.390625 0.311035
vt 0.398926 0.307617
vt 0.468262 0.296387
vt 0.459473 0.296387
vt 0.468262 0.302734
vt 0.459473 0.302734
vt 0.450684 0.296387
vt 0.450684 0.302734
vt 0.441895 0.296387
vt 0.441895 0.302734
vt 0.432617 0.296387
vt 0.432617 0.302734
vt 0.423828 0.296387
vt 0.423828 0.302734
vt 0.415039 0.296387
vt 0.415039 0.302734
vt 0.406250 0.296387
vt 0.406250 0.302734
vt 0.397461 0.296387
vt 0.397461 0.302734
vt 0.027832 0.308105
vt 0.038086 0.303223
vt 0.020996 0.291016
vt 0.031738 0.288574
vt 0.026367 0.282715
vt 0.031250 0.268555
vt 0.097656 0.205566
vt 0.135254 0.245117
vt 0.065430 0.337402
vt 0.009277 0.278320
vt 0.018555 0.273438
vt 0.014648 0.263672
vt 0.036133 0.205078
vt 0.079590 0.199707
vt 0.004395 0.263672
vt 0.024414 0.203613
vt 0.033691 0.187988
vt 0.042969 0.189453
vt 0.085938 0.185059
vt 0.111816 0.186035
vt 0.120117 0.200684
vt 0.129883 0.213867
vt 0.041016 0.169434
vt 0.048340 0.170410
vt 0.089844 0.168457
vt 0.105469 0.166992
vt 0.124023 0.180664
vt 0.130859 0.193848
vt 0.139648 0.206543
vt 0.043945 0.148926
vt 0.050781 0.148926
vt 0.090332 0.147949
vt 0.102051 0.147461
vt 0.119141 0.163574
vt 0.115234 0.145020
vt 0.155273 0.226562
vt 0.145996 0.234863
vt 0.183105 0.275879
vt 0.179688 0.300781
vt 0.108887 0.360352
vt 0.070312 0.369629
vt 0.191406 0.266602
vt 0.209961 0.280762
vt 0.203125 0.291016
vt 0.199219 0.305664
vt 0.193848 0.333008
vt 0.171387 0.335449
vt 0.227051 0.290527
vt 0.222168 0.301270
vt 0.221680 0.310547
vt 0.218262 0.335449
vt 0.209961 0.363281
vt 0.186035 0.363770
vt 0.241699 0.296387
vt 0.238281 0.307617
vt 0.237793 0.314453
vt 0.234375 0.338379
vt 0.227539 0.365234
vt 0.259277 0.301758
vt 0.256348 0.312988
vt 0.254883 0.319824
vt 0.250000 0.341309
vt 0.245605 0.363281
vt 0.274414 0.305664
vt 0.271973 0.316406
vt 0.270508 0.323242
vt 0.266602 0.344238
vt 0.265625 0.360352
vt 0.259766 0.369629
vt 0.265137 0.369629
vt 0.166016 0.368164
vt 0.129883 0.370605
vt 0.110352 0.389648
vt 0.090332 0.379883
vt 0.070801 0.405273
vt 0.050293 0.398926
vt 0.145508 0.376953
vt 0.122559 0.393066
vt 0.105957 0.416504
vt 0.090820 0.414551
vt 0.068848 0.441895
vt 0.043457 0.432617
vt 0.092773 0.453613
vt 0.081055 0.480957
vt 0.041992 0.457520
vt 0.104492 0.446777
vt 0.112305 0.467773
vt 0.123535 0.506348
vt 0.102539 0.524902
vt 0.036621 0.482910
vt 0.132324 0.482910
vt 0.152832 0.486328
vt 0.072754 0.552246
vt 0.022949 0.531250
vt 0.022461 0.538574
vt 0.025879 0.544922
vt 0.068359 0.557129
vt 0.061035 0.559570
vt 0.508301 0.082031
vt 0.518066 0.121094
vt 0.501953 0.077637
vt 0.494629 0.077148
vt 0.514648 0.127930
vt 0.508301 0.131836
vt 0.442383 0.083496
vt 0.476562 0.157715
vt 0.453125 0.176758
vt 0.415039 0.084961
vt 0.394043 0.156738
vt 0.403809 0.170410
vt 0.410156 0.182129
vt 0.431152 0.200195
vt 0.408691 0.198730
vt 0.420898 0.230469
vt 0.389160 0.082520
vt 0.370605 0.132324
vt 0.368164 0.152344
vt 0.320801 0.101074
vt 0.338379 0.162598
vt 0.305664 0.135742
vt 0.296875 0.168457
vt 0.333008 0.186035
vt 0.354004 0.085938
vt 0.325195 0.203125
vt 0.283691 0.202637
vt 0.314941 0.217773
vt 0.296875 0.245605
vt 0.271973 0.234375
vt 0.290039 0.266113
vt 0.262695 0.265137
vt 0.292969 0.278809
vt 0.244141 0.156738
vt 0.229980 0.186523
vt 0.217285 0.214844
vt 0.208496 0.234863
vt 0.199219 0.247070
vt 0.259766 0.274902
vt 0.294434 0.287598
vt 0.263672 0.123047
vt 0.201172 0.087891
vt 0.169922 0.113281
vt 0.142090 0.133789
vt 0.122070 0.142090
vt 0.287598 0.091797
vt 0.232910 0.063965
vt 0.222656 0.041016
vt 0.162109 0.066406
vt 0.148438 0.077148
vt 0.292480 0.293945
vt 0.131348 0.086426
vt 0.111328 0.093262
vt 0.235840 0.040527
vt 0.250488 0.045898
vt 0.253418 0.061035
vt 0.400391 0.222656
vt 0.404297 0.264648
vt 0.385254 0.253418
vt 0.364746 0.291992
vt 0.384277 0.302246
vt 0.348145 0.324219
vt 0.367676 0.334473
vt 0.337402 0.345215
vt 0.356934 0.354980
vt 0.540527 0.021973
vt 0.518555 0.021973
vt 0.540527 0.027344
vt 0.518555 0.027344
vt 0.484375 0.027344
vt 0.484375 0.021973
vt 0.441406 0.021973
vt 0.441406 0.018555
vt 0.484375 0.018555
vt 0.518555 0.018555
vt 0.540527 0.018555
vt 0.408203 0.018555
vt 0.408203 0.021973
vt 0.388672 0.021973
vt 0.388672 0.018555
vt 0.371094 0.021973
vt 0.371094 0.018555
vt 0.356445 0.021973
vt 0.356445 0.018555
vt 0.388672 0.027344
vt 0.356445 0.027344
vt 0.339355 0.027344
vt 0.339355 0.021973
vt 0.339355 0.018555
vt 0.313965 0.021973
vt 0.313965 0.018555
vt 0.289062 0.021973
vt 0.288574 0.018555
vt 0.266602 0.021973
vt 0.266602 0.018555
vt 0.248047 0.021973
vt 0.248047 0.018555
vt 0.232422 0.021973
vt 0.232422 0.018555
vt 0.210449 0.021973
vt 0.210449 0.018555
vt 0.190918 0.021973
vt 0.190918 0.018555
vt 0.232422 0.027344
vt 0.210449 0.027344
vt 0.190918 0.027344
vt 0.176758 0.027344
vt 0.176758 0.021973
vt 0.248047 0.027344
vt 0.266602 0.027344
vt 0.288574 0.027344
vt 0.313965 0.027344
vt 0.155762 0.027344
vt 0.155762 0.021973
vt 0.155762 0.018555
vt 0.176758 0.018555
vt 0.147461 0.027344
vt 0.147461 0.021973
vt 0.147461 0.018555
vt 0.141113 0.021973
vt 0.141113 0.018555
vt 0.141113 0.027344
vt 0.286621 0.045410
vt 0.286621 0.037598
vt 0.293945 0.045410
vt 0.293945 0.037598
vt 0.300781 0.045410
vt 0.300781 0.037598
vt 0.341309 0.045410
vt 0.341309 0.037598
vt 0.369629 0.045410
vt 0.369629 0.037598
vt 0.402832 0.037598
vt 0.402832 0.045410
vt 0.433594 0.037598
vt 0.433594 0.045410
vt 0.471191 0.037598
vt 0.471191 0.045410
vt 0.509277 0.045410
vt 0.508789 0.037598
vt 0.544434 0.037598
vt 0.544434 0.045410
vt 0.565918 0.045410
vt 0.565918 0.037598
vt 0.340820 0.037598
vt 0.376465 0.037598
vt 0.340820 0.045410
vt 0.376465 0.045410
vt 0.411133 0.037598
vt 0.411133 0.045410
vt 0.436035 0.037598
vt 0.436035 0.045410
vt 0.462402 0.037598
vt 0.462402 0.045410
vt 0.512695 0.045410
vt 0.512695 0.037598
vt 0.520020 0.045410
vt 0.520020 0.037598
vt 0.527344 0.045410
vt 0.527344 0.037598
vt 0.566406 0.045410
vt 0.566406 0.037598
vt 0.308105 0.045410
vt 0.308105 0.037598
vt 0.263672 0.045410
vt 0.263672 0.037598
vt 0.784668 0.020996
vt 0.784668 0.025391
vt 0.806152 0.020996
vt 0.765625 0.020996
vt 0.765625 0.027344
vt 0.744141 0.020996
vt 0.744141 0.028320
vt 0.722656 0.020996
vt 0.722656 0.029297
vt 0.697754 0.020996
vt 0.697754 0.030273
vt 0.671875 0.030273
vt 0.671875 0.020996
vt 0.651855 0.030273
vt 0.651855 0.020996
vt 0.632324 0.020996
vt 0.632324 0.030273
vt 0.610352 0.020996
vt 0.632324 0.004395
vt 0.651855 0.004395
vt 0.671875 0.004395
vt 0.610352 0.030273
vt 0.593750 0.020996
vt 0.593750 0.030273
vt 0.578613 0.030273
vt 0.578613 0.020996
vt 0.562500 0.020996
vt 0.562500 0.030273
vt 0.557129 0.030273
vt 0.554688 0.020996
vt 0.562500 0.004395
vt 0.579102 0.004395
vt 0.593750 0.004395
vt 0.610352 0.004395
vt 0.555664 0.004395
vt 0.550293 0.004395
vt 0.697754 0.004395
vt 0.722656 0.004395
vt 0.743652 0.004395
vt 0.765625 0.004395
vt 0.784668 0.004395
vt 0.806152 0.004395
vt 0.836426 0.020996
vt 0.836426 0.004395
vt 0.877930 0.020996
vt 0.877930 0.004395
vt 0.927734 0.004395
vt 0.927734 0.020996
vt 0.967773 0.004395
vt 0.967773 0.020996
vt 0.993652 0.004395
vt 0.993652 0.020996
vt 0.890137 0.431152
vt 0.887695 0.441895
vt 0.413574 0.888672
vt 0.423828 0.886719
vt 0.403320 0.857910
vt 0.391602 0.858887
vt 0.399414 0.838379
vt 0.411133 0.835938
vt 0.409180 0.812012
vt 0.397949 0.811523
vt 0.412109 0.780762
vt 0.370605 0.823730
vt 0.370117 0.798340
vt 0.401367 0.778320
vt 0.408691 0.755859
vt 0.419434 0.760254
vt 0.418945 0.738770
vt 0.429688 0.744629
vt 0.353027 0.840332
vt 0.346680 0.795898
vt 0.369141 0.774414
vt 0.375977 0.747070
vt 0.396484 0.722168
vt 0.378418 0.876953
vt 0.378418 0.882324
vt 0.399902 0.905762
vt 0.375977 0.885254
vt 0.393555 0.912109
vt 0.371582 0.885254
vt 0.366699 0.894531
vt 0.367676 0.882812
vt 0.362305 0.956543
vt 0.318848 0.953125
vt 0.278320 0.946777
vt 0.328125 0.851074
vt 0.338379 0.848633
vt 0.317383 0.813477
vt 0.381836 0.971680
vt 0.361816 0.967285
vt 0.313965 0.962402
vt 0.274902 0.957520
vt 0.234375 0.933105
vt 0.241699 0.920410
vt 0.361816 0.978516
vt 0.312012 0.979004
vt 0.271484 0.977539
vt 0.225098 0.939941
vt 0.211914 0.926270
vt 0.363770 0.988281
vt 0.310547 0.988281
vt 0.271484 0.987305
vt 0.188965 0.960449
vt 0.187500 0.950195
vt 0.388184 0.979980
vt 0.142090 0.956055
vt 0.141602 0.947754
vt 0.182129 0.932617
vt 0.199219 0.859863
vt 0.229004 0.853027
vt 0.089844 0.959473
vt 0.088379 0.949707
vt 0.139648 0.939453
vt 0.164062 0.864746
vt 0.187500 0.779785
vt 0.041016 0.961426
vt 0.086426 0.941895
vt 0.123535 0.870117
vt 0.109375 0.798340
vt 0.150391 0.786621
vt 0.044922 0.970703
vt 0.038086 0.953613
vt 0.073242 0.875977
vt 0.065430 0.805176
vt 0.063965 0.787598
vt 0.107422 0.779785
vt 0.144531 0.766602
vt 0.020996 0.883301
vt 0.011230 0.809082
vt 0.011719 0.790527
vt 0.013184 0.778320
vt 0.062500 0.777344
vt 0.106445 0.770996
vt 0.141113 0.757324
vt 0.187988 0.755859
vt 0.214355 0.753418
vt 0.219727 0.777344
vt 0.070312 0.719238
vt 0.113281 0.727051
vt 0.146973 0.729980
vt 0.189453 0.739746
vt 0.235840 0.729004
vt 0.260254 0.749023
vt 0.019531 0.710449
vt 0.033203 0.657715
vt 0.083008 0.674805
vt 0.123047 0.691895
vt 0.157227 0.702148
vt 0.185059 0.710938
vt 0.052734 0.608398
vt 0.103027 0.636230
vt 0.142090 0.660645
vt 0.170898 0.683105
vt 0.214355 0.699219
vt 0.128418 0.595703
vt 0.147949 0.612305
vt 0.171387 0.636719
vt 0.189453 0.661621
vt 0.215332 0.645996
vt 0.238281 0.691406
vt 0.085449 0.559082
vt 0.155273 0.564453
vt 0.179688 0.592773
vt 0.198730 0.619141
vt 0.235840 0.603027
vt 0.249023 0.632324
vt 0.117676 0.523438
vt 0.192871 0.532227
vt 0.219238 0.567871
vt 0.263672 0.589844
vt 0.281738 0.621582
vt 0.274414 0.684570
vt 0.159668 0.489746
vt 0.196289 0.466309
vt 0.225098 0.512207
vt 0.247070 0.555176
vt 0.289551 0.537598
vt 0.306152 0.574707
vt 0.322754 0.614258
vt 0.312500 0.677246
vt 0.246094 0.442383
vt 0.270996 0.491211
vt 0.268555 0.433594
vt 0.290039 0.483398
vt 0.307129 0.529785
vt 0.318359 0.571777
vt 0.326172 0.570801
vt 0.369141 0.608887
vt 0.352539 0.673828
vt 0.315918 0.754395
vt 0.289062 0.733887
vt 0.359375 0.572266
vt 0.415039 0.573730
vt 0.421387 0.607910
vt 0.402344 0.665039
vt 0.335938 0.524414
vt 0.363770 0.527344
vt 0.422363 0.537109
vt 0.469727 0.555664
vt 0.462891 0.589844
vt 0.446289 0.651855
vt 0.429199 0.700684
vt 0.357910 0.471191
vt 0.386719 0.474609
vt 0.437988 0.497559
vt 0.482910 0.530762
vt 0.491211 0.574707
vt 0.517090 0.610840
vt 0.483398 0.633789
vt 0.408203 0.411621
vt 0.422852 0.426758
vt 0.461914 0.466309
vt 0.502930 0.507324
vt 0.532227 0.536621
vt 0.513672 0.557617
vt 0.473633 0.390625
vt 0.494629 0.441895
vt 0.526367 0.487793
vt 0.471191 0.361816
vt 0.527344 0.369629
vt 0.535156 0.428223
vt 0.552246 0.475586
vt 0.570801 0.497070
vt 0.552734 0.519043
vt 0.525391 0.341797
vt 0.572266 0.367188
vt 0.572266 0.421875
vt 0.586914 0.469727
vt 0.605957 0.524414
vt 0.583496 0.549316
vt 0.572754 0.333496
vt 0.609375 0.377441
vt 0.606445 0.429199
vt 0.649902 0.455566
vt 0.630371 0.491699
vt 0.632812 0.543945
vt 0.616699 0.332031
vt 0.675293 0.363770
vt 0.664551 0.412598
vt 0.699707 0.440430
vt 0.675781 0.475586
vt 0.655762 0.506836
vt 0.573730 0.326172
vt 0.577148 0.313965
vt 0.625488 0.291504
vt 0.680176 0.324219
vt 0.748535 0.389648
vt 0.722656 0.409180
vt 0.540039 0.296387
vt 0.593750 0.272461
vt 0.637207 0.259277
vt 0.688965 0.286621
vt 0.737793 0.302734
vt 0.757812 0.330078
vt 0.531738 0.313477
vt 0.494141 0.276367
vt 0.517090 0.231445
vt 0.559570 0.254883
vt 0.573242 0.228027
vt 0.607910 0.245605
vt 0.485352 0.294922
vt 0.435547 0.271973
vt 0.445801 0.250000
vt 0.471680 0.201660
vt 0.538086 0.200195
vt 0.496582 0.166504
vt 0.532227 0.125977
vt 0.571777 0.164062
vt 0.599609 0.189453
vt 0.625488 0.208984
vt 0.651855 0.226562
vt 0.568848 0.094727
vt 0.604492 0.138672
vt 0.620605 0.158691
vt 0.644043 0.182617
vt 0.668945 0.201660
vt 0.706055 0.227539
vt 0.696777 0.250977
vt 0.620117 0.064453
vt 0.646484 0.115234
vt 0.669434 0.154785
vt 0.690918 0.183594
vt 0.718750 0.198730
vt 0.747559 0.204590
vt 0.735352 0.250000
vt 0.685547 0.096680
vt 0.701172 0.136719
vt 0.710938 0.171387
vt 0.739258 0.161621
vt 0.669922 0.046387
vt 0.730957 0.085449
vt 0.737305 0.128418
vt 0.723633 0.035156
vt 0.790039 0.080078
vt 0.781738 0.123047
vt 0.767090 0.157227
vt 0.764160 0.203125
vt 0.760254 0.229492
vt 0.792480 0.031250
vt 0.610352 0.570801
vt 0.564941 0.569824
vt 0.542969 0.589355
vt 0.535645 0.637695
vt 0.590820 0.595703
vt 0.563965 0.616699
vt 0.498047 0.659180
vt 0.465332 0.678223
vt 0.444824 0.716309
vt 0.451172 0.724609
vt 0.483398 0.698730
vt 0.477539 0.691406
vt 0.507324 0.672363
vt 0.544922 0.651367
vt 0.573242 0.630859
vt 0.601562 0.606934
vt 0.624512 0.580566
vt 0.646484 0.553223
vt 0.668457 0.516602
vt 0.688965 0.487793
vt 0.714844 0.456055
vt 0.738281 0.431641
vt 0.743652 0.442383
vt 0.760254 0.432617
vt 0.756348 0.421875
vt 0.781250 0.426270
vt 0.778809 0.415527
vt 0.812988 0.413086
vt 0.812988 0.424316
vt 0.839844 0.415527
vt 0.836426 0.427246
vt 0.858887 0.420410
vt 0.776367 0.383301
vt 0.800293 0.385254
vt 0.826172 0.386719
vt 0.860352 0.408691
vt 0.798828 0.361816
vt 0.843262 0.370117
vt 0.879395 0.395996
vt 0.884766 0.395996
vt 0.907715 0.418457
vt 0.770996 0.321777
vt 0.811523 0.348145
vt 0.770996 0.316406
vt 0.754883 0.300293
vt 0.773438 0.311523
vt 0.779297 0.299316
vt 0.776855 0.310547
vt 0.781250 0.311523
vt 0.821289 0.323730
vt 0.817383 0.333496
vt 0.732910 0.277832
vt 0.754395 0.274902
vt 0.784180 0.235840
vt 0.860352 0.247559
vt 0.855469 0.345215
vt 0.852539 0.355469
vt 0.885742 0.385742
vt 0.788086 0.204102
vt 0.868652 0.217773
vt 0.928223 0.262207
vt 0.953613 0.299805
vt 0.897461 0.385254
vt 0.888184 0.390137
vt 0.776367 0.160645
vt 0.795898 0.167480
vt 0.874512 0.183594
vt 0.942383 0.203613
vt 0.935059 0.232910
vt 0.940918 0.255371
vt 0.791016 0.124512
vt 0.809082 0.126953
vt 0.881348 0.143555
vt 0.950684 0.162109
vt 0.958984 0.164062
vt 0.959961 0.209961
vt 0.800293 0.081543
vt 0.817871 0.083496
vt 0.888672 0.093750
vt 0.955078 0.109375
vt 0.962891 0.111816
vt 0.972168 0.113281
vt 0.967285 0.164551
vt 0.805176 0.030273
vt 0.823730 0.030273
vt 0.897949 0.042480
vt 0.968262 0.062012
vt 0.976074 0.064941
vt 0.985352 0.068848
vt 0.970215 0.211426
vt 0.984375 0.293945
vt 0.948242 0.246582
vt 0.964355 0.296387
vt 0.994141 0.293945
vt 0.993652 0.333008
vt 0.984375 0.333984
vt 0.982422 0.383301
vt 0.971191 0.382812
vt 0.967285 0.335449
vt 0.958008 0.339844
vt 0.992188 0.385742
vt 0.974609 0.402832
vt 0.959961 0.383301
vt 0.982910 0.409668
vt 0.914062 0.412109
vt 0.888184 0.394043
vt 0.511719 0.678711
vt 0.549805 0.658691
vt 0.578613 0.638184
vt 0.606934 0.611816
vt 0.631348 0.585938
vt 0.653320 0.558105
vt 0.674805 0.521484
vt 0.695801 0.493652
vt 0.723145 0.462891
vt 0.307129 0.767090
vt 0.301758 0.767090
vt 0.285645 0.750488
vt 0.263672 0.728027
vt 0.332520 0.808105
vt 0.284180 0.774902
vt 0.307617 0.816895
vt 0.296387 0.776855
vt 0.296875 0.769043
vt 0.295410 0.772461
vt 0.733398 0.496582
vt 0.762695 0.538574
vt 0.760742 0.543945
vt 0.700195 0.533691
vt 0.727051 0.577637
vt 0.682129 0.548828
vt 0.706543 0.607422
vt 0.662109 0.572266
vt 0.678711 0.640625
vt 0.675293 0.644043
vt 0.658691 0.576172
vt 0.671875 0.645996
vt 0.894531 0.916504
vt 0.881348 0.926758
vt 0.911133 0.912598
vt 0.874512 0.958984
vt 0.874512 0.941895
vt 0.881836 0.974121
vt 0.895020 0.984375
vt 0.911133 0.987793
vt 0.926758 0.984375
vt 0.939941 0.974121
vt 0.947266 0.958984
vt 0.940430 0.926758
vt 0.947266 0.941895
vt 0.927246 0.916504
vt 0.330566 0.463379
vt 0.327148 0.460449
vt 0.304688 0.493652
vt 0.357422 0.430664
vt 0.361816 0.433594
vt 0.333008 0.467285
vt 0.309570 0.499023
vt 0.335938 0.470215
vt 0.339844 0.473145
vt 0.353027 0.426758
vt 0.388672 0.392090
vt 0.393555 0.396484
vt 0.397949 0.400391
vt 0.365234 0.437500
vt 0.369629 0.440918
vt 0.402344 0.404297
vt 0.435547 0.368164
vt 0.384277 0.387695
vt 0.419922 0.353027
vt 0.423828 0.356934
vt 0.427246 0.361328
vt 0.431641 0.363770
vt 0.464355 0.334961
vt 0.461426 0.331543
vt 0.487305 0.302246
vt 0.450684 0.323730
vt 0.454102 0.326660
vt 0.458008 0.329102
vt 0.481934 0.297852
vt 0.776367 0.443359
vt 0.820312 0.456543
vt 0.775391 0.440918
vt 0.825195 0.453125
vt 0.824707 0.600586
vt 0.825195 0.596680
vt 0.770020 0.555176
vt 0.771973 0.553223
vt 0.823730 0.591797
vt 0.817383 0.546875
vt 0.775391 0.520996
vt 0.812500 0.507324
vt 0.778809 0.495605
vt 0.815918 0.463867
vt 0.778320 0.447266
vt 0.817871 0.459473
vt 0.305664 0.362305
vt 0.307617 0.357422
vt 0.291992 0.357910
vt 0.292969 0.351562
vt 0.310547 0.350586
vt 0.294922 0.343750
vt 0.304688 0.338379
vt 0.314941 0.328613
vt 0.320801 0.331543
vt 0.325195 0.321777
vt 0.317871 0.319336
vt 0.332031 0.296875
vt 0.297852 0.330566
vt 0.304688 0.330566
vt 0.308594 0.315918
vt 0.297363 0.309570
vt 0.314453 0.282715
vt 0.307129 0.278320
vt 0.318359 0.264160
vt 0.312012 0.261230
vt 0.327148 0.247559
vt 0.337891 0.256348
vt 0.326660 0.294922
vt 0.321289 0.244141
vt 0.333984 0.222656
vt 0.336426 0.237793
vt 0.341797 0.257324
vt 0.346680 0.224609
vt 0.347168 0.194336
vt 0.355469 0.199219
vt 0.367676 0.173340
vt 0.372559 0.179199
vt 0.385254 0.166016
vt 0.365234 0.203613
vt 0.357910 0.227539
vt 0.353027 0.253418
vt 0.346191 0.269531
vt 0.341309 0.287598
vt 0.336914 0.306152
vt 0.331543 0.323242
vt 0.328125 0.337402
vt 0.318359 0.355469
vt 0.312012 0.361328
vt 0.306641 0.364746
vt 0.518555 0.008301
vt 0.540527 0.008301
vt 0.540527 0.011719
vt 0.518555 0.011719
vt 0.484375 0.008301
vt 0.484375 0.011719
vt 0.441406 0.008301
vt 0.441406 0.011719
vt 0.408203 0.008301
vt 0.408203 0.011719
vt 0.388672 0.008301
vt 0.388672 0.011719
vt 0.371094 0.008301
vt 0.371094 0.011719
vt 0.356445 0.011719
vt 0.356445 0.008301
vt 0.339355 0.011719
vt 0.339355 0.008301
vt 0.313965 0.011719
vt 0.313965 0.008301
vt 0.289062 0.008301
vt 0.288574 0.011719
vt 0.266602 0.008301
vt 0.266602 0.011719
vt 0.248047 0.008301
vt 0.248047 0.011719
vt 0.232422 0.008301
vt 0.232422 0.011719
vt 0.210449 0.008301
vt 0.210449 0.011719
vt 0.190918 0.008301
vt 0.190918 0.011719
vt 0.176758 0.008301
vt 0.176758 0.011719
vt 0.155762 0.008301
vt 0.155762 0.011719
vt 0.147461 0.011719
vt 0.147461 0.008301
vt 0.141113 0.008301
vt 0.141113 0.011719
vt 0.916016 0.670898
vt 0.916016 0.667480
vt 0.937012 0.665039
vt 0.938477 0.667969
vt 0.956055 0.656250
vt 0.953613 0.653320
vt 0.965332 0.639648
vt 0.962402 0.637207
vt 0.971680 0.621582
vt 0.968750 0.619629
vt 0.981445 0.590332
vt 0.978027 0.589355
vt 0.990234 0.525391
vt 0.994629 0.524414
vt 0.986328 0.497070
vt 0.990723 0.495117
vt 0.974609 0.474609
vt 0.978027 0.471680
vt 0.961426 0.458496
vt 0.958984 0.461426
vt 0.937988 0.450195
vt 0.936523 0.453125
vt 0.916016 0.447754
vt 0.916016 0.451172
vt 0.979492 0.988770
vt 0.979492 0.967773
vt 0.990723 0.988770
vt 0.990723 0.967773
vt 0.979492 0.946777
vt 0.971191 0.946777
vt 0.971191 0.967773
vt 0.971191 0.988770
vt 0.963379 0.988770
vt 0.963379 0.967773
vt 0.990723 0.946777
vt 0.979492 0.927246
vt 0.971191 0.927246
vt 0.963379 0.946777
vt 0.990723 0.927246
vt 0.979492 0.906738
vt 0.971191 0.906738
vt 0.963379 0.927246
vt 0.990723 0.906738
vt 0.979492 0.872559
vt 0.971191 0.872559
vt 0.963379 0.906738
vt 0.990723 0.872070
vt 0.979492 0.795898
vt 0.971191 0.795898
vt 0.963379 0.872559
vt 0.990723 0.795898
vt 0.990723 0.766113
vt 0.979492 0.766113
vt 0.971191 0.766113
vt 0.963379 0.795898
vt 0.990723 0.738770
vt 0.979492 0.738770
vt 0.971191 0.738770
vt 0.963379 0.766113
vt 0.990723 0.716309
vt 0.979492 0.716309
vt 0.971191 0.716309
vt 0.963379 0.738770
vt 0.990723 0.689941
vt 0.979492 0.689941
vt 0.971191 0.689941
vt 0.963379 0.716309
vt 0.990723 0.667480
vt 0.979492 0.667480
vt 0.971191 0.667480
vt 0.963379 0.689941
vt 0.963379 0.667480
vt 0.957031 0.960449
vt 0.957520 0.939453
vt 0.947754 0.979492
vt 0.931152 0.992676
vt 0.911133 0.997559
vt 0.890625 0.992676
vt 0.874023 0.979492
vt 0.864746 0.960449
vt 0.864258 0.939453
vt 0.873535 0.919922
vt 0.890137 0.906738
vt 0.911133 0.901855
vt 0.931641 0.906738
vt 0.948242 0.919922
vt 0.918457 0.663086
vt 0.937500 0.660156
vt 0.935547 0.655762
vt 0.918457 0.658203
vt 0.918457 0.460938
vt 0.936035 0.463867
vt 0.955078 0.470215
vt 0.969727 0.588379
vt 0.961426 0.617188
vt 0.955566 0.633789
vt 0.948242 0.647461
vt 0.952637 0.650879
vt 0.901855 0.655762
vt 0.900879 0.463867
vt 0.918457 0.455078
vt 0.937988 0.458496
vt 0.958008 0.465820
vt 0.967773 0.481934
vt 0.899414 0.660156
vt 0.884766 0.650879
vt 0.888672 0.647461
vt 0.881836 0.633789
vt 0.875977 0.617188
vt 0.867676 0.588379
vt 0.882324 0.470215
vt 0.876953 0.635742
vt 0.871094 0.618652
vt 0.862305 0.589844
vt 0.856934 0.527344
vt 0.860352 0.501953
vt 0.869629 0.481934
vt 0.879395 0.465820
vt 0.899414 0.458496
vt 0.851562 0.527832
vt 0.854980 0.500488
vt 0.865234 0.478516
vt 0.972168 0.478516
vt 0.977051 0.501953
vt 0.980469 0.527344
vt 0.974609 0.589844
vt 0.966309 0.618652
vt 0.982422 0.500488
vt 0.985840 0.527832
vt 0.960449 0.635742
s 1
usemtl act\metro\act_diger_slemnew_3
f 53/1/1 49/2/2 67/3/3
f 67/3/3 779/4/4 53/1/1
f 58/5/5 779/4/4 67/3/3
f 58/5/5 67/3/3 1042/6/6
f 58/5/5 1042/6/6 55/7/7
f 55/7/7 780/8/8 58/5/5
f 779/4/4 51/9/9 53/1/1
f 780/8/8 60/10/10 58/5/5
f 60/10/10 780/8/8 1303/11/11
f 1303/11/11 780/8/8 1054/12/12
f 780/8/8 990/13/13 1054/12/12
f 990/13/13 780/8/8 55/7/7
f 61/14/14 60/10/10 1303/11/11
f 1054/12/12 990/13/13 1055/15/15
f 990/13/13 55/7/7 1055/15/15
f 1055/15/15 55/7/7 1301/16/16
f 55/7/7 1042/6/6 1301/16/16
f 1301/16/16 1042/6/6 68/17/17
f 1042/6/6 67/3/3 68/17/17
f 68/17/17 67/3/3 1059/18/18
f 67/3/3 49/2/2 1059/18/18
f 1059/18/18 49/2/2 66/19/19
f 49/2/2 53/1/1 66/19/19
f 53/1/1 51/9/9 66/19/19
f 51/9/9 65/20/20 66/19/19
f 65/20/20 51/9/9 64/21/21
f 51/9/9 779/4/4 64/21/21
f 64/21/21 779/4/4 1056/22/22
f 779/4/4 62/23/23 1056/22/22
f 1056/22/22 62/23/23 63/24/24
f 62/23/23 989/25/25 63/24/24
f 63/24/24 989/25/25 59/26/26
f 989/25/25 991/27/27 59/26/26
f 991/27/27 989/25/25 58/5/5
f 991/27/27 58/5/5 59/26/26
f 58/5/5 57/28/28 59/26/26
f 58/5/5 60/10/10 57/28/28
f 60/10/10 61/14/14 57/28/28
f 58/5/5 989/25/25 779/4/4
f 989/25/25 62/23/23 779/4/4
f 1226/29/29 72/30/30 891/31/31
f 891/31/31 70/32/32 1226/29/29
f 70/32/32 69/33/33 1226/29/29
f 70/32/32 1058/34/34 69/33/33
f 1058/34/34 1060/35/35 69/33/33
f 1060/35/35 1058/34/34 882/36/36
f 1225/37/37 1060/35/35 882/36/36
f 882/36/36 881/38/38 1225/37/37
f 194/39/39 195/40/40 193/41/41
f 192/42/42 194/39/39 193/41/41
f 167/43/42 236/44/43 168/45/44
f 236/44/43 169/46/45 168/45/44
f 151/47/46 266/48/47 3/49/48
f 266/48/47 267/50/49 3/49/48
f 266/48/47 120/51/50 267/50/49
f 120/51/50 825/52/51 267/50/49
f 120/51/50 824/53/52 825/52/51
f 824/53/52 260/54/53 825/52/51
f 824/53/52 1046/55/54 260/54/53
f 1046/55/54 265/56/55 260/54/53
f 264/57/56 265/56/55 1046/55/54
f 263/58/57 265/56/55 264/57/56
f 263/58/57 264/57/56 818/59/58
f 263/58/57 262/60/59 265/56/55
f 261/61/60 262/60/59 263/58/57
f 31/62/61 261/61/60 263/58/57
f 31/62/61 263/58/57 818/59/58
f 262/60/59 260/54/53 265/56/55
f 22/63/62 260/54/53 262/60/59
f 22/63/62 262/60/59 259/64/63
f 261/61/60 259/64/63 262/60/59
f 5/65/64 259/64/63 261/61/60
f 5/65/64 261/61/60 1201/66/65
f 261/61/60 256/67/66 1201/66/65
f 31/62/61 256/67/66 261/61/60
f 22/63/62 1052/68/67 260/54/53
f 22/63/62 724/69/68 1052/68/67
f 22/63/62 259/64/63 724/69/68
f 724/69/68 259/64/63 725/70/69
f 726/71/70 725/70/69 259/64/63
f 253/72/71 726/71/70 259/64/63
f 5/65/64 253/72/71 259/64/63
f 5/65/64 1201/66/65 253/72/71
f 1052/68/67 825/52/51 260/54/53
f 1313/73/72 825/52/51 1052/68/67
f 713/74/73 1313/73/72 1052/68/67
f 713/74/73 1052/68/67 724/69/68
f 713/74/73 724/69/68 725/70/69
f 713/74/73 725/70/69 1062/75/74
f 18/76/75 1062/75/74 725/70/69
f 18/76/75 725/70/69 726/71/70
f 18/76/75 726/71/70 84/77/76
f 26/78/77 84/77/76 726/71/70
f 26/78/77 726/71/70 253/72/71
f 1313/73/72 267/50/49 825/52/51
f 1313/73/72 47/79/78 267/50/49
f 1313/73/72 45/80/79 47/79/78
f 713/74/73 45/80/79 1313/73/72
f 713/74/73 1062/75/74 45/80/79
f 1062/75/74 42/81/80 45/80/79
f 18/76/75 42/81/80 1062/75/74
f 18/76/75 1045/82/81 42/81/80
f 18/76/75 84/77/76 1045/82/81
f 36/83/82 267/50/49 47/79/78
f 36/83/82 47/79/78 44/84/83
f 44/84/83 47/79/78 45/80/79
f 44/84/83 45/80/79 42/81/80
f 39/85/84 44/84/83 42/81/80
f 39/85/84 42/81/80 1045/82/81
f 39/85/84 1045/82/81 1308/86/85
f 1045/82/81 1310/87/86 1308/86/85
f 1045/82/81 84/77/76 1310/87/86
f 36/83/82 3/49/48 267/50/49
f 36/83/82 1/88/87 3/49/48
f 36/83/82 85/89/88 1/88/87
f 36/83/82 41/90/89 85/89/88
f 36/83/82 44/84/83 41/90/89
f 39/85/84 41/90/89 44/84/83
f 39/85/84 43/91/90 41/90/89
f 39/85/84 1308/86/85 43/91/90
f 89/92/91 43/91/90 1308/86/85
f 89/92/91 1308/86/85 1309/93/92
f 1309/93/92 1308/86/85 1310/87/86
f 40/94/93 1309/93/92 1310/87/86
f 40/94/93 1310/87/86 84/77/76
f 43/91/90 85/89/88 41/90/89
f 43/91/90 87/95/94 85/89/88
f 89/92/91 87/95/94 43/91/90
f 89/92/91 86/96/95 87/95/94
f 89/92/91 88/97/96 86/96/95
f 15/98/97 88/97/96 89/92/91
f 15/98/97 89/92/91 1309/93/92
f 15/98/97 1309/93/92 712/99/98
f 40/94/93 712/99/98 1309/93/92
f 40/94/93 252/100/99 712/99/98
f 40/94/93 254/101/100 252/100/99
f 40/94/93 84/77/76 254/101/100
f 26/78/77 254/101/100 84/77/76
f 15/98/97 729/102/101 88/97/96
f 15/98/97 712/99/98 729/102/101
f 711/103/102 729/102/101 712/99/98
f 711/103/102 712/99/98 252/100/99
f 711/103/102 252/100/99 1199/104/103
f 252/100/99 811/105/104 1199/104/103
f 252/100/99 822/106/105 811/105/104
f 254/101/100 822/106/105 252/100/99
f 254/101/100 812/107/106 822/106/105
f 26/78/77 812/107/106 254/101/100
f 729/102/101 710/108/107 88/97/96
f 729/102/101 204/109/108 710/108/107
f 729/102/101 709/110/109 204/109/108
f 711/103/102 709/110/109 729/102/101
f 711/103/102 813/111/110 709/110/109
f 711/103/102 1199/104/103 813/111/110
f 813/111/110 1199/104/103 101/112/111
f 101/112/111 1199/104/103 823/113/112
f 1199/104/103 811/105/104 823/113/112
f 823/113/112 811/105/104 821/114/113
f 811/105/104 822/106/105 821/114/113
f 821/114/113 822/106/105 104/115/114
f 822/106/105 812/107/106 104/115/114
f 27/116/115 204/109/108 709/110/109
f 27/116/115 709/110/109 813/111/110
f 27/116/115 813/111/110 99/117/116
f 99/117/116 813/111/110 101/112/111
f 27/116/115 134/118/117 204/109/108
f 27/116/115 1034/119/118 134/118/117
f 27/116/115 99/117/116 1034/119/118
f 132/120/119 134/118/117 1034/119/118
f 104/115/114 812/107/106 105/121/120
f 812/107/106 815/122/121 105/121/120
f 26/78/77 815/122/121 812/107/106
f 26/78/77 817/123/122 815/122/121
f 26/78/77 253/72/71 817/123/122
f 253/72/71 1201/66/65 817/123/122
f 105/121/120 815/122/121 1048/124/123
f 815/122/121 817/123/122 1048/124/123
f 1048/124/123 817/123/122 814/125/124
f 817/123/122 1201/66/65 814/125/124
f 814/125/124 1201/66/65 816/126/125
f 256/67/66 816/126/125 1201/66/65
f 256/67/66 1203/127/126 816/126/125
f 257/128/127 1203/127/126 256/67/66
f 31/62/61 257/128/127 256/67/66
f 31/62/61 258/129/128 257/128/127
f 31/62/61 255/130/129 258/129/128
f 31/62/61 818/59/58 255/130/129
f 816/126/125 1203/127/126 1200/131/130
f 1200/131/130 1203/127/126 1202/132/131
f 257/128/127 1202/132/131 1203/127/126
f 257/128/127 258/129/128 1202/132/131
f 258/129/128 1204/133/132 1202/132/131
f 28/134/133 1204/133/132 258/129/128
f 28/134/133 258/129/128 255/130/129
f 28/134/133 255/130/129 820/135/134
f 255/130/129 818/59/58 820/135/134
f 818/59/58 197/136/135 820/135/134
f 197/136/135 818/59/58 934/137/136
f 818/59/58 264/57/56 934/137/136
f 356/138/137 1200/131/130 1202/132/131
f 356/138/137 1202/132/131 1204/133/132
f 194/139/138 356/138/139 1204/133/132
f 194/139/138 1204/133/132 195/140/140
f 28/134/133 195/140/140 1204/133/132
f 28/134/133 820/135/134 195/140/140
f 819/141/141 195/140/140 820/135/134
f 820/135/134 197/136/135 819/141/141
f 934/137/136 264/57/56 1046/55/54
f 829/29/142 206/31/143 205/30/144
f 206/31/143 829/29/142 959/32/145
f 829/29/142 832/33/146 959/32/145
f 959/32/145 832/33/146 833/34/147
f 832/33/146 831/35/148 833/34/147
f 268/36/149 833/34/147 831/35/148
f 828/37/150 268/36/149 831/35/148
f 268/36/149 828/37/150 826/38/151
f 132/120/119 270/119/152 134/118/117
f 270/119/152 269/116/153 134/118/117
f 270/119/152 1040/117/154 269/116/153
f 1040/117/154 1073/111/155 269/116/153
f 1040/117/154 1041/112/156 1073/111/155
f 1041/112/156 1072/104/157 1073/111/155
f 1041/112/156 271/113/158 1072/104/157
f 134/118/117 269/116/153 204/109/108
f 715/110/159 204/109/108 269/116/153
f 715/110/159 269/116/153 1073/111/155
f 715/110/159 1073/111/155 136/103/160
f 136/103/160 1073/111/155 1072/104/157
f 137/100/161 136/103/160 1072/104/157
f 137/100/161 1072/104/157 273/105/162
f 271/113/158 273/105/162 1072/104/157
f 271/113/158 274/114/163 273/105/162
f 274/114/163 272/106/164 273/105/162
f 274/114/163 275/115/165 272/106/164
f 715/110/159 133/102/166 204/109/108
f 715/110/159 136/103/160 133/102/166
f 133/102/166 136/103/160 135/99/167
f 137/100/161 135/99/167 136/103/160
f 37/94/168 135/99/167 137/100/161
f 37/94/168 137/100/161 138/101/169
f 138/101/169 137/100/161 272/106/164
f 137/100/161 273/105/162 272/106/164
f 133/102/166 710/108/107 204/109/108
f 133/102/166 88/97/96 710/108/107
f 23/98/170 88/97/96 133/102/166
f 23/98/170 133/102/166 135/99/167
f 23/98/170 135/99/167 720/93/171
f 37/94/168 720/93/171 135/99/167
f 37/94/168 721/87/172 720/93/171
f 37/94/168 723/77/173 721/87/172
f 37/94/168 138/101/169 723/77/173
f 25/78/174 723/77/173 138/101/169
f 25/78/174 138/101/169 276/107/175
f 138/101/169 272/106/164 276/107/175
f 23/98/170 718/92/176 88/97/96
f 23/98/170 720/93/171 718/92/176
f 718/92/176 720/93/171 719/86/177
f 720/93/171 721/87/172 719/86/177
f 722/82/178 719/86/177 721/87/172
f 722/82/178 721/87/172 723/77/173
f 19/76/179 722/82/178 723/77/173
f 19/76/179 723/77/173 708/71/180
f 25/78/174 708/71/180 723/77/173
f 718/92/176 86/96/95 88/97/96
f 718/92/176 87/95/94 86/96/95
f 718/92/176 717/91/181 87/95/94
f 718/92/176 719/86/177 717/91/181
f 34/85/182 717/91/181 719/86/177
f 34/85/182 719/86/177 722/82/178
f 34/85/182 722/82/178 1300/81/183
f 19/76/179 1300/81/183 722/82/178
f 19/76/179 1053/75/184 1300/81/183
f 19/76/179 728/70/185 1053/75/184
f 19/76/179 708/71/180 728/70/185
f 717/91/181 85/89/88 87/95/94
f 717/91/181 716/90/186 85/89/88
f 34/85/182 716/90/186 717/91/181
f 34/85/182 46/84/187 716/90/186
f 34/85/182 1300/81/183 46/84/187
f 46/84/187 1300/81/183 48/80/188
f 1053/75/184 48/80/188 1300/81/183
f 714/74/189 48/80/188 1053/75/184
f 714/74/189 1053/75/184 728/70/185
f 714/74/189 728/70/185 727/69/190
f 727/69/190 728/70/185 144/64/191
f 708/71/180 144/64/191 728/70/185
f 4/83/192 85/89/88 716/90/186
f 4/83/192 716/90/186 46/84/187
f 4/83/192 46/84/187 50/79/193
f 46/84/187 48/80/188 50/79/193
f 54/73/194 50/79/193 48/80/188
f 714/74/189 54/73/194 48/80/188
f 714/74/189 1057/68/195 54/73/194
f 714/74/189 727/69/190 1057/68/195
f 12/63/196 1057/68/195 727/69/190
f 12/63/196 727/69/190 144/64/191
f 4/83/192 1/88/87 85/89/88
f 4/83/192 3/49/48 1/88/87
f 4/83/192 52/50/197 3/49/48
f 4/83/192 50/79/193 52/50/197
f 54/73/194 52/50/197 50/79/193
f 54/73/194 56/52/198 52/50/197
f 54/73/194 1057/68/195 56/52/198
f 1057/68/195 146/54/199 56/52/198
f 12/63/196 146/54/199 1057/68/195
f 12/63/196 148/60/200 146/54/199
f 12/63/196 144/64/191 148/60/200
f 145/61/201 148/60/200 144/64/191
f 9/65/202 145/61/201 144/64/191
f 9/65/202 144/64/191 139/72/203
f 139/72/203 144/64/191 708/71/180
f 25/78/174 139/72/203 708/71/180
f 148/60/200 150/56/204 146/54/199
f 149/58/205 150/56/204 148/60/200
f 145/61/201 149/58/205 148/60/200
f 32/62/206 149/58/205 145/61/201
f 32/62/206 145/61/201 141/67/207
f 145/61/201 1075/66/208 141/67/207
f 9/65/202 1075/66/208 145/61/201
f 9/65/202 139/72/203 1075/66/208
f 139/72/203 1074/123/209 1075/66/208
f 25/78/174 1074/123/209 139/72/203
f 25/78/174 279/122/210 1074/123/209
f 25/78/174 276/107/175 279/122/210
f 149/58/205 1079/57/211 150/56/204
f 149/58/205 147/59/212 1079/57/211
f 32/62/206 147/59/212 149/58/205
f 32/62/206 143/130/213 147/59/212
f 32/62/206 142/129/214 143/130/213
f 32/62/206 140/128/215 142/129/214
f 32/62/206 141/67/207 140/128/215
f 847/55/216 150/56/204 1079/57/211
f 839/137/217 847/55/216 1079/57/211
f 839/137/217 1079/57/211 147/59/212
f 281/136/218 839/137/217 147/59/212
f 146/54/199 150/56/204 847/55/216
f 798/53/219 146/54/199 847/55/216
f 56/52/198 146/54/199 798/53/219
f 1080/51/220 56/52/198 798/53/219
f 52/50/197 56/52/198 1080/51/220
f 282/48/221 52/50/197 1080/51/220
f 3/49/48 52/50/197 282/48/221
f 151/47/46 3/49/48 282/48/221
f 275/115/165 276/107/175 272/106/164
f 275/115/165 277/121/222 276/107/175
f 277/121/222 279/122/210 276/107/175
f 277/121/222 1076/124/223 279/122/210
f 1076/124/223 1074/123/209 279/122/210
f 1076/124/223 850/125/224 1074/123/209
f 850/125/224 1075/66/208 1074/123/209
f 850/125/224 852/126/225 1075/66/208
f 141/67/207 1075/66/208 852/126/225
f 141/67/207 852/126/225 278/127/226
f 852/126/225 843/131/227 278/127/226
f 1077/132/228 278/127/226 843/131/227
f 371/138/229 1077/132/228 843/131/227
f 1078/133/230 1077/132/228 371/138/229
f 168/139/231 1078/133/230 371/138/229
f 168/139/231 169/140/232 1078/133/230
f 141/67/207 278/127/226 140/128/215
f 140/128/215 278/127/226 1077/132/228
f 142/129/214 140/128/215 1077/132/228
f 142/129/214 1077/132/228 1078/133/230
f 30/134/233 142/129/214 1078/133/230
f 30/134/233 1078/133/230 169/140/234
f 30/134/233 169/140/234 283/135/235
f 280/141/236 283/135/235 169/140/234
f 283/135/235 280/141/236 281/136/218
f 147/59/212 283/135/235 281/136/218
f 143/130/213 283/135/235 147/59/212
f 30/134/233 143/130/213 142/129/214
f 30/134/233 283/135/235 143/130/213
f 154/142/237 153/143/237 286/144/237
f 286/144/237 153/143/237 152/145/237
f 152/145/237 158/146/237 286/144/237
f 160/147/237 286/144/237 158/146/237
f 164/148/237 160/147/237 158/146/237
f 157/149/237 164/148/237 158/146/237
f 158/146/237 156/150/237 157/149/237
f 155/151/237 156/150/237 158/146/237
f 286/144/237 160/147/237 228/152/237
f 286/144/237 228/152/237 285/153/237
f 285/153/237 284/154/237 286/144/237
f 159/155/237 160/147/237 164/148/237
f 164/148/237 166/156/237 159/155/237
f 165/157/237 166/156/237 164/148/237
f 152/158/238 153/159/239 162/160/238
f 153/159/240 161/161/241 162/160/238
f 153/159/240 154/162/242 161/161/241
f 154/162/242 235/163/243 161/161/241
f 154/162/242 286/164/244 235/163/243
f 286/164/244 287/165/245 235/163/243
f 286/164/244 284/166/246 287/165/245
f 284/166/246 291/167/247 287/165/245
f 284/166/246 285/168/248 291/167/247
f 285/168/248 227/169/249 291/167/247
f 285/168/248 228/170/250 227/169/249
f 228/170/250 229/171/251 227/169/249
f 228/170/250 160/172/252 229/171/251
f 160/172/252 230/173/253 229/171/251
f 160/172/252 159/174/254 230/173/253
f 159/174/254 231/175/254 230/173/253
f 152/174/255 162/175/255 163/173/256
f 158/172/257 152/174/255 163/173/256
f 158/172/257 163/173/256 234/171/258
f 155/170/259 158/172/257 234/171/258
f 155/170/259 234/171/258 288/169/260
f 156/168/261 155/170/259 288/169/260
f 156/168/261 288/169/260 289/167/262
f 157/166/263 156/168/261 289/167/262
f 157/166/263 289/167/262 290/165/264
f 164/164/265 157/166/263 290/165/264
f 164/164/265 290/165/264 233/163/266
f 165/162/267 164/164/265 233/163/266
f 165/162/267 233/163/266 232/161/268
f 166/159/269 165/162/267 232/161/268
f 166/159/269 232/161/268 231/160/270
f 159/158/270 166/159/271 231/160/270
f 208/144/272 226/154/272 225/153/272
f 224/152/272 208/144/272 225/153/272
f 224/152/272 220/147/272 208/144/272
f 215/146/272 208/144/272 220/147/272
f 219/148/272 215/146/272 220/147/272
f 219/148/272 220/147/272 221/155/272
f 221/155/272 222/156/272 219/148/272
f 219/148/272 222/156/272 223/157/272
f 208/144/272 215/146/272 214/145/272
f 214/145/272 212/143/272 208/144/272
f 208/144/272 212/143/272 210/142/272
f 215/146/272 219/148/272 218/149/272
f 218/149/272 217/150/272 215/146/272
f 215/146/272 217/150/272 216/151/272
f 214/158/238 213/160/238 212/159/240
f 213/160/238 211/161/241 212/159/240
f 212/159/240 211/161/241 210/162/242
f 211/161/241 209/163/243 210/162/242
f 210/162/242 209/163/243 208/164/244
f 209/163/243 207/165/245 208/164/244
f 208/164/244 207/165/245 226/166/246
f 207/165/245 337/167/247 226/166/246
f 226/166/246 337/167/247 225/168/248
f 337/167/247 339/169/249 225/168/248
f 225/168/248 339/169/249 224/170/250
f 339/169/249 293/171/251 224/170/250
f 224/170/250 293/171/251 220/172/252
f 293/171/251 292/173/253 220/172/252
f 220/172/252 292/173/253 221/174/254
f 292/173/253 335/175/254 221/174/254
f 338/173/256 213/175/255 214/174/255
f 215/172/257 338/173/256 214/174/255
f 336/171/258 338/173/256 215/172/257
f 216/170/259 336/171/258 215/172/257
f 334/169/260 336/171/258 216/170/259
f 217/168/261 334/169/260 216/170/259
f 333/167/262 334/169/260 217/168/261
f 218/166/263 333/167/262 217/168/261
f 1081/165/264 333/167/262 218/166/263
f 219/164/265 1081/165/264 218/166/263
f 1082/163/266 1081/165/264 219/164/265
f 223/162/267 1082/163/266 219/164/265
f 294/161/268 1082/163/266 223/162/267
f 222/159/269 294/161/268 223/162/267
f 335/160/270 294/161/268 222/159/269
f 221/158/270 335/160/270 222/159/269
f 195/176/273 193/177/274 329/178/275
f 193/177/274 196/179/276 329/178/275
f 330/180/277 329/178/275 196/179/276
f 196/179/276 1093/181/278 330/180/277
f 1093/181/278 196/179/276 380/182/279
f 380/182/279 196/179/276 193/177/280
f 380/182/279 193/177/280 543/183/281
f 193/177/280 192/184/282 543/183/281
f 352/185/283 329/178/275 330/180/277
f 353/186/284 352/185/283 330/180/277
f 330/180/277 1093/181/278 353/186/284
f 353/186/284 1093/181/278 350/187/285
f 1093/181/278 1092/188/286 350/187/285
f 1095/189/287 1092/188/286 1093/181/278
f 1095/189/287 1093/181/278 380/182/279
f 353/186/284 350/187/285 352/185/283
f 350/187/285 351/190/288 352/185/283
f 351/190/288 350/187/285 349/191/289
f 350/187/285 1092/188/286 349/191/289
f 349/191/289 1092/188/286 348/192/290
f 1092/188/286 331/193/291 348/192/290
f 1092/188/286 1095/189/287 331/193/291
f 1095/189/287 550/194/292 331/193/291
f 1095/189/287 380/182/279 550/194/292
f 380/182/279 381/195/293 550/194/292
f 380/182/279 1109/196/294 381/195/293
f 552/197/295 1109/196/294 380/182/279
f 543/183/281 552/197/295 380/182/279
f 348/192/290 331/193/291 332/198/296
f 331/193/291 346/199/297 332/198/296
f 331/193/291 550/194/292 346/199/297
f 550/194/292 551/200/298 346/199/297
f 551/200/298 550/194/292 554/201/299
f 550/194/292 381/195/293 554/201/299
f 554/201/299 381/195/293 557/202/300
f 557/202/300 381/195/293 548/203/301
f 381/195/293 1109/196/294 548/203/301
f 548/203/301 1109/196/294 549/204/302
f 1109/196/294 552/197/295 549/204/302
f 332/198/296 346/199/297 347/205/303
f 346/199/297 345/206/304 347/205/303
f 345/206/304 346/199/297 551/200/298
f 555/207/305 345/206/304 551/200/298
f 555/207/305 551/200/298 554/201/299
f 553/208/306 555/207/305 554/201/299
f 553/208/306 554/201/299 558/209/307
f 558/209/307 554/201/299 557/202/300
f 556/210/308 553/208/306 558/209/307
f 549/204/302 552/197/295 547/211/309
f 552/197/295 544/212/310 547/211/309
f 544/212/310 552/197/295 543/183/281
f 607/213/311 544/212/310 543/183/281
f 344/214/312 607/213/311 543/183/281
f 543/183/281 192/184/282 344/214/312
f 344/214/312 192/184/282 1106/215/313
f 1106/215/313 192/184/282 355/216/314
f 547/211/309 544/212/310 545/217/315
f 544/212/310 607/213/311 545/217/315
f 545/217/315 607/213/311 606/218/316
f 607/213/311 608/219/317 606/218/316
f 607/213/311 344/214/312 608/219/317
f 344/214/312 610/220/318 608/219/317
f 1107/221/319 610/220/318 344/214/312
f 1108/222/320 1107/221/319 344/214/312
f 344/214/312 1106/215/313 1108/222/320
f 606/218/316 608/219/317 604/223/321
f 608/219/317 609/224/322 604/223/321
f 609/224/322 608/219/317 610/220/318
f 611/225/323 609/224/322 610/220/318
f 611/225/323 610/220/318 1107/221/319
f 404/226/324 611/225/323 1107/221/319
f 984/227/325 404/226/324 1107/221/319
f 985/228/326 984/227/325 1107/221/319
f 985/228/326 1107/221/319 1108/222/320
f 604/223/321 609/224/322 605/229/327
f 609/224/322 603/230/328 605/229/327
f 603/230/328 609/224/322 611/225/323
f 601/231/329 603/230/328 611/225/323
f 611/225/323 404/226/324 601/231/329
f 404/226/324 406/232/330 601/231/329
f 406/232/330 404/226/324 405/233/331
f 404/226/324 984/227/325 405/233/331
f 605/229/327 603/230/328 599/234/332
f 603/230/328 600/235/333 599/234/332
f 603/230/328 601/231/329 600/235/333
f 601/231/329 602/236/334 600/235/333
f 602/236/334 601/231/329 406/232/330
f 403/237/335 602/236/334 406/232/330
f 403/237/335 406/232/330 402/238/336
f 406/232/330 405/233/331 402/238/336
f 599/234/332 600/235/333 595/239/337
f 600/235/333 597/240/338 595/239/337
f 600/235/333 602/236/334 597/240/338
f 602/236/334 592/241/339 597/240/338
f 602/236/334 403/237/335 592/241/339
f 403/237/335 593/242/340 592/241/339
f 593/242/340 403/237/335 398/243/341
f 403/237/335 402/238/336 398/243/341
f 402/238/336 401/244/342 398/243/341
f 399/245/343 398/243/341 401/244/342
f 982/246/344 985/228/326 1108/222/320
f 1108/222/320 1105/247/345 982/246/344
f 1106/215/313 1105/247/345 1108/222/320
f 1105/247/345 1106/215/313 341/248/346
f 1106/215/313 546/249/347 341/248/346
f 546/249/347 1106/215/313 355/216/314
f 1104/250/348 546/249/347 355/216/314
f 360/251/349 1104/250/348 355/216/314
f 1105/247/345 343/252/350 982/246/344
f 343/252/350 1105/247/345 342/253/351
f 1105/247/345 341/248/346 342/253/351
f 342/253/351 341/248/346 773/254/352
f 341/248/346 1103/255/353 773/254/352
f 341/248/346 546/249/347 1103/255/353
f 546/249/347 1104/250/348 1103/255/353
f 1103/255/353 1104/250/348 541/256/354
f 1104/250/348 340/257/355 541/256/354
f 340/257/355 1104/250/348 360/251/349
f 773/254/352 1103/255/353 1102/258/356
f 1103/255/353 541/256/354 1102/258/356
f 1102/258/356 541/256/354 1100/259/357
f 541/256/354 542/260/358 1100/259/357
f 542/260/358 541/256/354 340/257/355
f 770/261/359 773/254/352 1102/258/356
f 770/261/359 1102/258/356 768/262/360
f 1102/258/356 1100/259/357 768/262/360
f 768/262/360 1100/259/357 1101/263/361
f 1101/263/361 1100/259/357 536/264/362
f 1100/259/357 354/265/363 536/264/362
f 542/260/358 354/265/363 1100/259/357
f 767/266/364 768/262/360 1101/263/361
f 765/267/365 767/266/364 1101/263/361
f 536/264/362 354/265/363 539/268/366
f 354/265/363 357/269/367 539/268/366
f 539/268/366 357/269/367 535/270/368
f 537/271/237 539/268/366 535/270/368
f 538/272/237 539/268/366 537/271/237
f 540/273/237 538/272/237 537/271/237
f 556/210/308 579/209/369 553/208/306
f 579/209/369 578/201/370 553/208/306
f 579/209/369 582/202/371 578/201/370
f 582/202/371 584/195/372 578/201/370
f 582/202/371 583/203/373 584/195/372
f 583/203/373 586/196/374 584/195/372
f 583/203/373 589/204/375 586/196/374
f 553/208/306 578/201/370 555/207/305
f 578/201/370 577/200/376 555/207/305
f 581/194/377 577/200/376 578/201/370
f 584/195/372 581/194/377 578/201/370
f 584/195/372 585/182/378 581/194/377
f 584/195/372 586/196/374 585/182/378
f 586/196/374 587/197/379 585/182/378
f 589/204/375 587/197/379 586/196/374
f 589/204/375 619/211/380 587/197/379
f 619/211/380 620/212/381 587/197/379
f 619/211/380 618/217/382 620/212/381
f 555/207/305 577/200/376 345/206/304
f 577/200/376 526/199/383 345/206/304
f 577/200/376 581/194/377 526/199/383
f 581/194/377 580/193/384 526/199/383
f 580/193/384 581/194/377 1129/189/385
f 585/182/378 1129/189/385 581/194/377
f 347/205/303 345/206/304 526/199/383
f 508/198/386 347/205/303 526/199/383
f 508/198/386 526/199/383 580/193/384
f 507/192/387 508/198/386 580/193/384
f 507/192/387 580/193/384 1094/188/388
f 1094/188/388 580/193/384 1129/189/385
f 1096/181/389 1094/188/388 1129/189/385
f 1096/181/389 1129/189/385 585/182/378
f 845/179/390 1096/181/389 585/182/378
f 236/177/391 845/179/390 585/182/378
f 6/183/392 236/177/391 585/182/378
f 6/183/392 585/182/378 587/197/379
f 506/191/393 507/192/387 1094/188/388
f 506/191/393 1094/188/388 1098/187/394
f 1098/187/394 1094/188/388 1096/181/389
f 1098/187/394 1096/181/389 1099/186/395
f 1099/186/395 1096/181/389 1097/180/396
f 1097/180/396 1096/181/389 845/179/390
f 845/179/390 529/178/397 1097/180/396
f 529/178/397 845/179/390 236/177/398
f 529/178/397 236/177/398 169/176/273
f 505/190/399 506/191/393 1098/187/394
f 505/190/399 1098/187/394 521/185/400
f 1098/187/394 1099/186/395 521/185/400
f 1099/186/395 1097/180/396 521/185/400
f 1097/180/396 529/178/397 521/185/400
f 6/183/392 587/197/379 620/212/381
f 6/183/392 620/212/381 616/213/401
f 618/217/382 616/213/401 620/212/381
f 618/217/382 617/218/402 616/213/401
f 617/218/402 615/219/403 616/213/401
f 617/218/402 590/223/404 615/219/403
f 590/223/404 613/224/405 615/219/403
f 590/223/404 588/229/406 613/224/405
f 6/183/392 616/213/401 379/214/407
f 379/214/407 616/213/401 615/219/403
f 614/220/408 379/214/407 615/219/403
f 615/219/403 613/224/405 614/220/408
f 613/224/405 612/225/409 614/220/408
f 613/224/405 591/230/410 612/225/409
f 588/229/406 591/230/410 613/224/405
f 588/229/406 598/234/411 591/230/410
f 598/234/411 596/235/412 591/230/410
f 598/234/411 595/239/337 596/235/412
f 6/183/392 379/214/407 167/184/413
f 378/215/414 167/184/413 379/214/407
f 378/215/414 379/214/407 377/222/415
f 377/222/415 379/214/407 383/221/416
f 379/214/407 614/220/408 383/221/416
f 614/220/408 612/225/409 383/221/416
f 612/225/409 384/226/417 383/221/416
f 612/225/409 561/231/418 384/226/417
f 591/230/410 561/231/418 612/225/409
f 561/231/418 591/230/410 596/235/412
f 6/183/392 167/184/413 236/177/391
f 167/184/413 378/215/414 372/216/419
f 378/215/414 559/249/420 372/216/419
f 559/249/420 378/215/414 1112/248/421
f 378/215/414 1111/247/422 1112/248/421
f 1111/247/422 378/215/414 377/222/415
f 1111/247/422 377/222/415 375/246/423
f 387/228/424 375/246/423 377/222/415
f 383/221/416 387/228/424 377/222/415
f 382/227/425 387/228/424 383/221/416
f 384/226/417 382/227/425 383/221/416
f 559/249/420 373/250/426 372/216/419
f 376/255/427 373/250/426 559/249/420
f 1112/248/421 376/255/427 559/249/420
f 995/254/428 376/255/427 1112/248/421
f 699/253/429 995/254/428 1112/248/421
f 699/253/429 1112/248/421 1111/247/422
f 374/252/430 699/253/429 1111/247/422
f 374/252/430 1111/247/422 375/246/423
f 373/250/426 370/251/431 372/216/419
f 370/251/431 373/250/426 366/257/432
f 366/257/432 373/250/426 560/256/433
f 373/250/426 376/255/427 560/256/433
f 1110/258/434 560/256/433 376/255/427
f 995/254/428 1110/258/434 376/255/427
f 1110/258/434 995/254/428 697/261/435
f 397/262/436 1110/258/434 697/261/435
f 397/262/436 396/259/437 1110/258/434
f 396/259/437 397/262/436 386/263/438
f 397/262/436 388/266/439 386/263/438
f 366/257/432 560/256/433 368/260/440
f 396/259/437 368/260/440 560/256/433
f 396/259/437 560/256/433 1110/258/434
f 396/259/437 394/265/441 368/260/440
f 395/264/442 394/265/441 396/259/437
f 395/264/442 396/259/437 386/263/438
f 392/268/443 394/265/441 395/264/442
f 392/268/443 393/269/444 394/265/441
f 391/270/445 393/269/444 392/268/443
f 391/270/445 392/268/443 389/271/272
f 389/271/272 392/268/443 390/272/272
f 389/271/272 390/272/272 358/273/272
f 386/263/438 388/266/439 385/267/446
f 382/227/425 384/226/417 1000/233/447
f 384/226/417 1113/232/448 1000/233/447
f 561/231/418 1113/232/448 384/226/417
f 561/231/418 594/236/449 1113/232/448
f 594/236/449 561/231/418 596/235/412
f 594/236/449 596/235/412 597/240/338
f 595/239/337 597/240/338 596/235/412
f 1000/233/447 1113/232/448 702/238/450
f 1113/232/448 1114/237/451 702/238/450
f 594/236/449 1114/237/451 1113/232/448
f 594/236/449 592/241/339 1114/237/451
f 592/241/339 594/236/449 597/240/338
f 702/238/450 1114/237/451 398/243/341
f 1114/237/451 593/242/340 398/243/341
f 592/241/339 593/242/340 1114/237/451
f 398/243/341 400/244/452 702/238/450
f 400/244/452 398/243/341 399/245/343
f 629/274/237 627/275/453 628/276/454
f 627/275/453 626/277/455 628/276/454
f 627/275/453 625/278/456 626/277/455
f 625/278/456 624/279/457 626/277/455
f 626/277/455 624/279/457 623/280/458
f 624/279/457 622/281/459 623/280/458
f 622/281/459 438/282/460 623/280/458
f 438/282/460 365/283/461 623/280/458
f 365/283/461 438/282/460 441/284/462
f 438/282/460 437/285/463 441/284/462
f 438/282/460 435/286/464 437/285/463
f 434/287/465 435/286/464 438/282/460
f 434/287/465 1117/288/466 435/286/464
f 1117/288/466 434/287/465 682/289/467
f 369/290/468 365/283/461 441/284/462
f 369/290/468 441/284/462 1115/291/469
f 1115/291/469 441/284/462 1116/292/470
f 1115/291/469 1116/292/470 371/293/471
f 371/293/471 1116/292/470 532/294/472
f 528/295/473 371/293/471 532/294/472
f 516/296/474 528/295/473 532/294/472
f 519/297/475 516/296/474 532/294/472
f 369/290/468 1115/291/469 415/298/476
f 1115/291/469 371/293/471 415/298/476
f 516/296/474 519/297/475 524/299/477
f 516/296/474 524/299/477 510/300/478
f 510/300/478 524/299/477 631/301/479
f 631/301/479 534/302/480 510/300/478
f 534/302/480 530/303/481 510/300/478
f 534/302/480 523/304/482 530/303/481
f 523/304/482 574/305/483 530/303/481
f 574/305/483 523/304/482 575/306/484
f 516/296/474 510/300/478 531/307/485
f 510/300/478 520/308/486 531/307/485
f 510/300/478 530/303/481 520/308/486
f 530/303/481 509/309/487 520/308/486
f 573/310/488 509/309/487 530/303/481
f 574/305/483 573/310/488 530/303/481
f 484/311/489 573/310/488 574/305/483
f 486/312/490 484/311/489 574/305/483
f 486/312/490 574/305/483 575/306/484
f 576/313/491 486/312/490 575/306/484
f 516/296/474 531/307/485 517/314/492
f 531/307/485 533/315/493 517/314/492
f 527/316/494 533/315/493 531/307/485
f 520/308/486 527/316/494 531/307/485
f 515/317/495 527/316/494 520/308/486
f 509/309/487 515/317/495 520/308/486
f 511/318/496 515/317/495 509/309/487
f 573/310/488 511/318/496 509/309/487
f 528/295/473 516/296/474 517/314/492
f 528/295/473 517/314/492 168/319/497
f 168/319/497 517/314/492 525/320/498
f 533/315/493 525/320/498 517/314/492
f 525/320/498 533/315/493 505/321/499
f 505/321/499 533/315/493 506/322/500
f 533/315/493 527/316/494 506/322/500
f 527/316/494 507/323/501 506/322/500
f 515/317/495 507/323/501 527/316/494
f 371/293/502 528/295/473 168/319/497
f 511/318/496 573/310/488 484/311/489
f 486/312/490 576/313/491 1120/324/503
f 515/317/495 508/325/504 507/323/501
f 508/325/504 515/317/495 347/326/505
f 515/317/495 511/318/496 347/326/505
f 521/327/506 525/320/498 505/321/499
f 525/320/498 521/327/506 529/328/507
f 525/320/498 529/328/507 169/329/508
f 169/329/508 168/319/497 525/320/498
f 442/330/509 1117/288/466 682/289/467
f 442/330/509 682/289/467 501/331/510
f 502/332/511 442/330/509 501/331/510
f 502/332/511 501/331/510 503/333/512
f 501/331/510 432/334/513 503/333/512
f 503/333/512 432/334/513 433/335/514
f 432/334/513 431/336/515 433/335/514
f 433/335/514 431/336/515 426/337/516
f 431/336/515 436/338/517 426/337/516
f 632/339/518 1123/340/519 630/341/520
f 1123/340/519 1124/342/521 630/341/520
f 1122/343/522 1124/342/521 1123/340/519
f 640/344/523 1122/343/522 1123/340/519
f 640/344/523 1125/345/524 1122/343/522
f 1121/346/525 1125/345/524 640/344/523
f 639/347/526 1121/346/525 640/344/523
f 639/347/526 640/344/523 1123/340/519
f 641/348/527 639/347/526 1123/340/519
f 641/348/527 1123/340/519 632/339/518
f 642/349/528 641/348/527 632/339/518
f 1121/346/525 1126/350/529 1125/345/524
f 1126/350/529 1127/351/530 1125/345/524
f 1128/352/531 1127/351/530 1126/350/529
f 567/353/532 1128/352/531 1126/350/529
f 565/354/533 1128/352/531 567/353/532
f 568/355/534 565/354/533 567/353/532
f 569/356/535 565/354/533 568/355/534
f 570/357/536 569/356/535 568/355/534
f 1128/352/531 566/358/537 1127/351/530
f 1128/352/531 565/354/533 566/358/537
f 569/356/535 572/359/538 565/354/533
f 571/360/539 572/359/538 569/356/535
f 562/361/540 571/360/539 569/356/535
f 562/361/540 569/356/535 570/357/536
f 564/362/541 562/361/540 570/357/536
f 518/363/542 562/361/540 564/362/541
f 512/364/543 518/363/542 564/362/541
f 513/365/544 518/363/542 512/364/543
f 563/366/545 513/365/544 512/364/543
f 571/360/539 562/361/540 518/363/542
f 513/365/544 563/366/545 635/367/546
f 563/366/545 1145/368/547 635/367/546
f 635/367/546 1145/368/547 1141/369/548
f 1145/368/547 674/370/549 1141/369/548
f 1141/369/548 674/370/549 1134/371/550
f 674/370/549 1152/372/551 1134/371/550
f 1134/371/550 1152/372/551 1151/373/552
f 1152/372/551 1150/374/553 1151/373/552
f 1151/373/552 1150/374/553 636/375/554
f 1150/374/553 637/376/555 636/375/554
f 1141/369/548 1134/371/550 1136/377/556
f 1136/377/556 1134/371/550 1144/378/557
f 1134/371/550 1151/373/552 1144/378/557
f 1144/378/557 1151/373/552 1135/379/558
f 1151/373/552 636/375/554 1135/379/558
f 1135/379/558 636/375/554 1133/380/559
f 636/375/554 1161/381/560 1133/380/559
f 1142/382/561 1141/369/548 1136/377/556
f 1141/369/548 1142/382/561 638/383/562
f 635/367/546 1141/369/548 638/383/562
f 635/367/546 638/383/562 514/384/563
f 513/365/544 635/367/546 514/384/563
f 514/384/563 518/385/542 513/365/544
f 1133/380/559 1161/381/560 694/386/564
f 1161/381/560 688/387/565 694/386/564
f 688/387/565 1161/381/560 687/388/566
f 1161/381/560 1160/389/567 687/388/566
f 1160/389/567 1161/381/560 636/375/554
f 637/376/555 1160/389/567 636/375/554
f 694/386/564 688/387/565 732/390/568
f 688/387/565 1311/391/569 732/390/568
f 688/387/565 687/388/566 1311/391/569
f 687/388/566 690/392/570 1311/391/569
f 1311/391/569 690/392/570 689/393/571
f 690/392/570 691/394/572 689/393/571
f 732/390/568 1311/391/569 689/393/571
f 692/395/573 732/390/568 689/393/571
f 632/339/518 630/341/520 643/340/574
f 630/341/520 649/342/575 643/340/574
f 649/342/575 653/343/576 643/340/574
f 653/343/576 651/344/577 643/340/574
f 651/344/577 653/343/576 656/345/578
f 651/344/577 656/345/578 654/346/579
f 654/346/579 656/345/578 660/350/580
f 656/345/578 655/351/581 660/350/580
f 655/351/581 650/352/582 660/350/580
f 658/358/583 650/352/582 655/351/581
f 650/352/582 658/358/583 659/354/584
f 652/347/585 651/344/577 654/346/579
f 643/340/574 651/344/577 652/347/585
f 788/348/586 643/340/574 652/347/585
f 632/339/518 643/340/574 788/348/586
f 642/349/528 632/339/518 788/348/586
f 650/352/582 648/353/587 660/350/580
f 650/352/582 659/354/584 648/353/587
f 659/354/584 661/355/588 648/353/587
f 659/354/584 662/356/589 661/355/588
f 657/359/590 662/356/589 659/354/584
f 662/356/589 657/359/590 663/360/591
f 670/361/592 662/356/589 663/360/591
f 665/363/593 670/361/592 663/360/591
f 662/356/589 667/357/594 661/355/588
f 662/356/589 670/361/592 667/357/594
f 670/361/592 664/362/595 667/357/594
f 670/361/592 665/363/593 664/362/595
f 665/363/593 645/364/596 664/362/595
f 665/363/593 647/365/597 645/364/596
f 647/365/597 666/366/598 645/364/596
f 647/365/597 633/367/599 666/366/598
f 633/367/599 675/368/600 666/366/598
f 633/367/599 1143/369/601 675/368/600
f 1143/369/601 673/370/602 675/368/600
f 1143/369/601 1146/371/603 673/370/602
f 669/377/604 1146/371/603 1143/369/601
f 668/382/605 669/377/604 1143/369/601
f 668/382/605 1143/369/601 634/383/606
f 1143/369/601 633/367/599 634/383/606
f 634/383/606 633/367/599 738/384/607
f 633/367/599 647/365/597 738/384/607
f 1146/371/603 646/372/608 673/370/602
f 1146/371/603 672/373/609 646/372/608
f 671/378/610 672/373/609 1146/371/603
f 669/377/604 671/378/610 1146/371/603
f 672/373/609 644/374/611 646/372/608
f 672/373/609 1148/375/612 644/374/611
f 1148/375/612 760/376/613 644/374/611
f 759/389/614 760/376/613 1148/375/612
f 1130/381/615 759/389/614 1148/375/612
f 758/388/616 759/389/614 1130/381/615
f 1132/387/617 758/388/616 1130/381/615
f 1132/387/617 1130/381/615 1131/386/618
f 1130/381/615 1149/380/619 1131/386/618
f 1149/380/619 1130/381/615 1148/375/612
f 1132/387/617 1163/391/620 758/388/616
f 737/390/621 1163/391/620 1132/387/617
f 1131/386/618 737/390/621 1132/387/617
f 1163/391/620 1162/392/622 758/388/616
f 1163/391/620 689/393/571 1162/392/622
f 689/393/571 1163/391/620 737/390/621
f 692/395/573 689/393/571 737/390/621
f 689/393/571 691/394/572 1162/392/622
f 665/385/593 738/384/607 647/365/597
f 671/378/610 1147/379/623 672/373/609
f 1147/379/623 1148/375/612 672/373/609
f 1147/379/623 1149/380/619 1148/375/612
f 540/396/624 474/397/624 538/398/625
f 474/397/624 476/399/626 538/398/625
f 538/398/625 476/399/626 539/400/627
f 476/399/626 470/401/628 539/400/627
f 539/400/627 470/401/628 536/402/629
f 470/401/628 467/403/630 536/402/629
f 536/402/629 467/403/630 1101/404/631
f 467/403/630 472/405/632 1101/404/631
f 475/406/633 1101/404/631 472/405/632
f 475/406/633 765/407/634 1101/404/631
f 475/406/633 103/408/635 765/407/634
f 103/408/635 1157/409/636 765/407/634
f 103/408/635 425/410/637 1157/409/636
f 425/410/637 1158/411/638 1157/409/636
f 1159/412/639 1158/411/638 425/410/637
f 73/413/640 1159/412/639 425/410/637
f 73/413/640 71/414/641 1159/412/639
f 71/414/641 735/415/642 1159/412/639
f 686/416/643 735/415/642 71/414/641
f 436/417/644 686/416/643 71/414/641
f 358/396/624 390/398/625 627/397/624
f 390/398/625 625/399/626 627/397/624
f 390/398/625 392/400/627 625/399/626
f 392/400/627 624/401/645 625/399/626
f 624/401/645 392/400/627 395/402/646
f 622/403/647 624/401/645 395/402/646
f 622/403/647 395/402/646 386/404/648
f 438/405/632 622/403/647 386/404/648
f 438/405/632 386/404/648 434/406/649
f 386/404/648 385/407/650 434/406/649
f 434/406/649 385/407/650 682/408/651
f 385/407/650 1156/409/652 682/408/651
f 682/408/651 1156/409/652 501/410/653
f 1156/409/652 683/411/654 501/410/653
f 683/411/654 685/412/655 501/410/653
f 685/412/655 432/413/656 501/410/653
f 432/413/656 685/412/655 431/414/657
f 685/412/655 684/415/658 431/414/657
f 684/415/658 686/416/643 431/414/657
f 686/416/643 436/417/644 431/414/657
f 356/418/659 359/419/660 355/420/659
f 359/419/660 360/421/661 355/420/659
f 359/419/660 471/422/662 360/421/661
f 471/422/662 340/423/663 360/421/661
f 471/422/662 468/424/664 340/423/663
f 468/424/664 542/425/665 340/423/663
f 542/425/665 468/424/664 361/426/666
f 354/427/667 542/425/665 361/426/666
f 354/427/667 361/426/666 357/428/668
f 361/426/666 465/429/669 357/428/668
f 357/428/668 465/429/669 535/430/670
f 465/429/669 477/431/671 535/430/670
f 535/430/670 477/431/671 537/432/672
f 477/431/671 478/433/673 537/432/672
f 537/432/672 478/433/673 540/434/674
f 478/433/673 474/435/674 540/434/674
f 356/418/675 355/420/676 192/436/677
f 194/437/678 356/418/675 192/436/677
f 362/437/679 367/436/680 364/438/41
f 363/439/681 362/437/679 364/438/41
f 358/434/674 627/435/674 629/433/673
f 389/432/672 358/434/674 629/433/673
f 389/432/672 629/433/673 628/431/671
f 391/430/670 389/432/672 628/431/671
f 391/430/670 628/431/671 626/429/669
f 393/428/682 391/430/670 626/429/669
f 393/428/682 626/429/669 623/426/667
f 394/427/666 393/428/682 623/426/667
f 394/427/666 623/426/667 368/425/665
f 623/426/667 365/424/664 368/425/665
f 368/425/665 365/424/664 366/423/663
f 365/424/664 369/422/662 366/423/663
f 366/423/663 369/422/662 370/421/661
f 369/422/662 415/419/660 370/421/661
f 370/421/661 415/419/660 372/420/659
f 415/419/660 371/418/659 372/420/659
f 372/420/678 371/418/683 167/436/684
f 371/418/683 168/437/685 167/436/684
f 763/436/681 761/437/686 764/438/687
f 761/437/686 762/439/688 764/438/687
f 766/440/689 767/441/690 765/442/691
f 767/441/690 766/440/689 769/443/692
f 768/444/693 767/441/690 769/443/692
f 768/444/693 769/443/692 771/445/694
f 770/446/695 768/444/693 771/445/694
f 770/446/695 771/445/694 772/447/696
f 773/448/697 770/446/695 772/447/696
f 773/448/697 772/447/696 734/449/698
f 342/450/699 773/448/697 734/449/698
f 343/451/700 342/450/699 734/449/698
f 981/452/701 343/451/700 734/449/698
f 982/453/702 343/451/700 981/452/701
f 979/454/703 982/453/702 981/452/701
f 982/453/702 979/454/703 1169/455/704
f 985/456/705 982/453/702 1169/455/704
f 985/456/705 1169/455/704 986/457/706
f 1169/455/704 1136/458/707 986/457/706
f 1142/459/708 1136/458/707 1169/455/704
f 979/454/703 1142/459/708 1169/455/704
f 638/460/709 1142/459/708 979/454/703
f 981/452/701 638/460/709 979/454/703
f 984/461/710 985/456/705 986/457/706
f 984/461/710 986/457/706 983/462/711
f 405/463/712 984/461/710 983/462/711
f 402/464/713 405/463/712 983/462/711
f 980/465/714 402/464/713 983/462/711
f 980/465/714 733/466/715 402/464/713
f 733/466/715 401/467/716 402/464/713
f 401/467/716 733/466/715 399/468/717
f 733/466/715 731/469/718 399/468/717
f 731/469/718 733/466/715 694/470/719
f 1133/471/720 694/470/719 733/466/715
f 980/465/714 1133/471/720 733/466/715
f 1135/472/721 1133/471/720 980/465/714
f 983/462/711 1135/472/721 980/465/714
f 1144/473/722 1135/472/721 983/462/711
f 986/457/706 1144/473/722 983/462/711
f 732/474/723 731/469/718 694/470/719
f 692/475/724 731/469/718 732/474/723
f 1136/458/707 1144/473/722 986/457/706
f 514/476/725 638/460/709 981/452/701
f 734/449/698 514/476/725 981/452/701
f 518/477/726 514/476/725 734/449/698
f 772/447/696 518/477/726 734/449/698
f 571/478/727 518/477/726 772/447/696
f 771/445/694 571/478/727 772/447/696
f 572/479/728 571/478/727 771/445/694
f 769/443/692 572/479/728 771/445/694
f 565/480/729 572/479/728 769/443/692
f 766/440/689 565/480/729 769/443/692
f 566/481/730 565/480/729 766/440/689
f 765/442/691 566/481/730 766/440/689
f 765/442/691 1157/482/731 566/481/730
f 1157/482/731 1127/483/732 566/481/730
f 1157/482/731 1158/484/733 1127/483/732
f 1158/484/733 1125/485/734 1127/483/732
f 1122/486/735 1125/485/734 1158/484/733
f 1159/487/736 1122/486/735 1158/484/733
f 1124/488/737 1122/486/735 1159/487/736
f 735/489/738 1124/488/737 1159/487/736
f 630/490/739 1124/488/737 735/489/738
f 686/491/740 630/490/739 735/489/738
f 630/490/739 686/491/740 684/489/741
f 649/488/742 630/490/739 684/489/741
f 649/488/742 684/489/741 685/487/743
f 653/486/744 649/488/742 685/487/743
f 653/486/744 685/487/743 683/484/745
f 656/485/746 653/486/744 683/484/745
f 655/483/747 656/485/746 683/484/745
f 1156/482/748 655/483/747 683/484/745
f 658/481/749 655/483/747 1156/482/748
f 385/442/750 658/481/749 1156/482/748
f 658/481/749 385/442/750 987/440/751
f 659/480/752 658/481/749 987/440/751
f 659/480/752 987/440/751 988/443/753
f 657/479/754 659/480/752 988/443/753
f 988/443/753 698/445/755 657/479/754
f 698/445/755 663/478/756 657/479/754
f 698/445/755 696/447/757 663/478/756
f 696/447/757 665/477/758 663/478/756
f 696/447/757 700/449/759 665/477/758
f 700/449/759 738/476/760 665/477/758
f 700/449/759 701/452/761 738/476/760
f 701/452/761 634/460/762 738/476/760
f 701/452/761 695/454/763 634/460/762
f 695/454/763 668/459/764 634/460/762
f 695/454/763 996/455/765 668/459/764
f 996/455/765 669/458/766 668/459/764
f 385/442/750 388/441/767 987/440/751
f 988/443/753 987/440/751 388/441/767
f 397/444/768 988/443/753 388/441/767
f 988/443/753 397/444/768 698/445/755
f 397/444/768 697/446/769 698/445/755
f 698/445/755 697/446/769 696/447/757
f 697/446/769 995/448/770 696/447/757
f 696/447/757 995/448/770 700/449/759
f 995/448/770 699/450/771 700/449/759
f 700/449/759 699/450/771 374/451/772
f 701/452/761 700/449/759 374/451/772
f 701/452/761 374/451/772 375/453/773
f 695/454/763 701/452/761 375/453/773
f 695/454/763 375/453/773 996/455/765
f 375/453/773 387/456/774 996/455/765
f 996/455/765 387/456/774 1170/457/775
f 387/456/774 382/461/776 1170/457/775
f 1170/457/775 382/461/776 1001/462/777
f 382/461/776 1000/463/778 1001/462/777
f 1001/462/777 1000/463/778 702/464/779
f 996/455/765 1170/457/775 669/458/766
f 1170/457/775 671/473/780 669/458/766
f 1170/457/775 1001/462/777 671/473/780
f 1001/462/777 1147/472/781 671/473/780
f 1001/462/777 703/465/782 1147/472/781
f 703/465/782 1149/471/783 1147/472/781
f 703/465/782 997/466/784 1149/471/783
f 997/466/784 1131/470/785 1149/471/783
f 703/465/782 1001/462/777 702/464/779
f 997/466/784 703/465/782 702/464/779
f 400/467/786 997/466/784 702/464/779
f 400/467/786 399/468/717 997/466/784
f 399/468/717 731/469/718 997/466/784
f 1131/470/785 997/466/784 731/469/718
f 1131/470/785 731/469/718 737/474/787
f 737/474/787 731/469/718 692/475/724
f 1013/492/788 1012/493/789 367/42/677
f 1012/493/789 362/39/790 367/42/677
f 1011/494/788 763/43/684 1010/495/791
f 763/43/684 761/45/44 1010/495/791
f 372/494/792 371/495/793 843/496/794
f 370/497/795 372/494/792 843/496/794
f 370/497/795 843/496/794 858/498/796
f 843/496/794 852/499/797 858/498/796
f 858/498/796 852/499/797 850/500/798
f 174/501/799 858/498/796 850/500/798
f 174/501/799 850/500/798 1076/502/800
f 858/498/796 175/503/801 370/497/795
f 858/498/796 174/501/799 175/503/801
f 174/501/799 1211/504/802 175/503/801
f 1211/504/802 174/501/799 1212/505/803
f 1212/505/803 174/501/799 1076/502/800
f 1212/505/803 1076/502/800 1262/506/804
f 1076/502/800 277/507/805 1262/506/804
f 1262/506/804 277/507/805 1242/508/806
f 277/507/805 275/509/807 1242/508/806
f 175/503/801 958/510/808 370/497/795
f 958/510/808 175/503/801 860/511/809
f 1211/504/802 860/511/809 175/503/801
f 860/511/809 1211/504/802 849/512/810
f 849/512/810 1211/504/802 1212/505/803
f 1245/513/811 849/512/810 1212/505/803
f 1262/506/804 1245/513/811 1212/505/803
f 1244/514/812 1245/513/811 1262/506/804
f 1242/508/806 1244/514/812 1262/506/804
f 958/510/808 859/515/813 370/497/795
f 859/515/813 372/494/814 370/497/795
f 830/516/815 372/494/814 859/515/813
f 172/517/816 372/494/814 830/516/815
f 172/517/816 830/516/815 173/518/817
f 173/518/817 848/519/818 172/517/816
f 173/518/817 827/520/819 848/519/818
f 827/520/819 853/521/820 848/519/818
f 856/522/821 853/521/820 827/520/819
f 167/43/822 372/494/814 172/517/816
f 167/43/822 172/517/816 848/519/818
f 167/43/822 848/519/818 236/44/823
f 848/519/818 1031/523/824 236/44/823
f 848/519/818 853/521/820 1031/523/824
f 853/521/820 170/524/825 1031/523/824
f 853/521/820 799/525/826 170/524/825
f 853/521/820 797/526/827 799/525/826
f 797/526/827 853/521/820 856/522/821
f 237/527/828 797/526/827 856/522/821
f 237/527/828 248/528/829 797/526/827
f 236/44/823 1031/523/824 845/529/830
f 1031/523/824 857/530/831 845/529/830
f 1031/523/824 170/524/825 857/530/831
f 170/524/825 171/531/832 857/530/831
f 170/524/825 799/525/826 171/531/832
f 799/525/826 239/532/833 171/531/832
f 239/532/833 799/525/826 241/533/834
f 241/533/834 799/525/826 851/534/835
f 799/525/826 797/526/827 851/534/835
f 857/530/831 840/535/836 845/529/830
f 238/536/837 840/535/836 857/530/831
f 171/531/832 238/536/837 857/530/831
f 238/536/837 171/531/832 239/532/833
f 846/537/838 238/536/837 239/532/833
f 846/537/838 239/532/833 240/538/839
f 240/538/839 239/532/833 241/533/834
f 241/533/834 242/539/840 240/538/839
f 851/534/835 242/539/840 241/533/834
f 840/535/836 281/540/841 845/529/830
f 839/541/842 281/540/841 840/535/836
f 238/536/837 839/541/842 840/535/836
f 238/536/837 846/537/838 839/541/842
f 846/537/838 847/542/843 839/541/842
f 798/543/844 847/542/843 846/537/838
f 838/544/845 798/543/844 846/537/838
f 838/544/845 846/537/838 240/538/839
f 240/538/839 242/539/840 838/544/845
f 281/540/841 280/545/846 845/529/830
f 845/529/830 280/545/846 236/44/847
f 280/545/846 169/46/848 236/44/847
f 1080/546/849 798/543/844 838/544/845
f 1209/547/850 1080/546/849 838/544/845
f 838/544/845 243/548/851 1209/547/850
f 242/539/840 243/548/851 838/544/845
f 242/539/840 844/549/852 243/548/851
f 242/539/840 851/534/835 844/549/852
f 851/534/835 803/550/853 844/549/852
f 851/534/835 797/526/827 803/550/853
f 282/551/854 1080/546/849 1209/547/850
f 247/552/855 282/551/854 1209/547/850
f 1209/547/850 246/553/856 247/552/855
f 243/548/851 246/553/856 1209/547/850
f 246/553/856 243/548/851 244/554/857
f 844/549/852 244/554/857 243/548/851
f 244/554/857 844/549/852 810/555/858
f 844/549/852 803/550/853 810/555/858
f 247/552/855 801/556/859 282/551/854
f 247/552/855 1210/557/860 801/556/859
f 246/553/856 1210/557/860 247/552/855
f 246/553/856 245/558/861 1210/557/860
f 245/558/861 246/553/856 244/554/857
f 1033/559/862 245/558/861 244/554/857
f 33/560/863 1033/559/862 244/554/857
f 33/560/863 244/554/857 810/555/858
f 801/556/859 151/561/864 282/551/854
f 1210/557/860 800/562/865 801/556/859
f 800/562/865 1210/557/860 802/563/866
f 245/558/861 802/563/866 1210/557/860
f 245/558/861 1033/559/862 802/563/866
f 1033/559/862 806/564/867 802/563/866
f 806/564/867 1033/559/862 808/565/868
f 1033/559/862 1032/566/869 808/565/868
f 33/560/863 1032/566/869 1033/559/862
f 33/560/863 176/567/870 1032/566/869
f 33/560/863 810/555/858 176/567/870
f 122/568/871 800/562/865 802/563/866
f 122/568/871 802/563/866 123/569/872
f 802/563/866 806/564/867 123/569/872
f 123/569/872 806/564/867 807/570/873
f 806/564/867 808/565/868 807/570/873
f 809/571/874 807/570/873 808/565/868
f 805/572/875 809/571/874 808/565/868
f 805/572/875 808/565/868 1032/566/869
f 179/573/876 805/572/875 1032/566/869
f 179/573/876 1032/566/869 176/567/870
f 178/574/877 179/573/876 176/567/870
f 178/574/877 176/567/870 177/575/878
f 810/555/858 177/575/878 176/567/870
f 177/575/878 810/555/858 1213/576/879
f 810/555/858 1197/577/880 1213/576/879
f 803/550/853 1197/577/880 810/555/858
f 805/572/875 179/573/876 1255/578/881
f 179/573/876 1254/579/882 1255/578/881
f 1254/579/882 179/573/876 178/574/877
f 863/580/883 1254/579/882 178/574/877
f 863/580/883 178/574/877 842/581/884
f 842/581/884 178/574/877 177/575/878
f 177/575/878 1213/576/879 842/581/884
f 1213/576/879 861/582/885 842/581/884
f 249/583/886 861/582/885 1213/576/879
f 249/583/886 1213/576/879 1197/577/880
f 805/572/875 1255/578/881 1237/584/887
f 1237/584/887 1255/578/881 127/585/888
f 1255/578/881 1252/586/889 127/585/888
f 1252/586/889 1255/578/881 962/587/890
f 1255/578/881 1254/579/882 962/587/890
f 1254/579/882 863/580/883 962/587/890
f 863/580/883 865/588/891 962/587/890
f 866/589/892 865/588/891 863/580/883
f 842/581/884 866/589/892 863/580/883
f 809/571/874 805/572/875 1237/584/887
f 127/585/888 1252/586/889 1232/590/893
f 1252/586/889 836/591/894 1232/590/893
f 836/591/894 1252/586/889 962/587/890
f 961/592/895 836/591/894 962/587/890
f 961/592/895 962/587/890 865/588/891
f 867/593/896 961/592/895 865/588/891
f 867/593/896 865/588/891 866/589/892
f 866/589/892 965/594/897 867/593/896
f 965/594/897 866/589/892 842/581/884
f 861/582/885 965/594/897 842/581/884
f 1232/590/893 836/591/894 966/595/898
f 966/595/898 836/591/894 960/596/899
f 960/596/899 836/591/894 961/592/895
f 964/597/900 960/596/899 961/592/895
f 964/597/900 961/592/895 867/593/896
f 963/598/901 964/597/900 867/593/896
f 965/594/897 963/598/901 867/593/896
f 181/599/902 963/598/901 965/594/897
f 180/600/903 181/599/902 965/594/897
f 180/600/903 965/594/897 861/582/885
f 927/601/904 1232/590/893 966/595/898
f 927/601/904 966/595/898 968/602/905
f 968/602/905 966/595/898 960/596/899
f 970/603/906 968/602/905 960/596/899
f 970/603/906 960/596/899 964/597/900
f 183/604/907 970/603/906 964/597/900
f 183/604/907 964/597/900 963/598/901
f 181/599/902 183/604/907 963/598/901
f 184/605/908 183/604/907 181/599/902
f 182/606/909 184/605/908 181/599/902
f 182/606/909 181/599/902 180/600/903
f 922/607/910 927/601/904 968/602/905
f 922/607/910 968/602/905 969/608/911
f 969/608/911 968/602/905 970/603/906
f 967/609/912 969/608/911 970/603/906
f 967/609/912 970/603/906 183/604/907
f 184/605/908 967/609/912 183/604/907
f 184/605/908 841/610/913 967/609/912
f 841/610/913 184/605/908 182/606/909
f 185/611/914 841/610/913 182/606/909
f 185/611/914 182/606/909 855/612/915
f 855/612/915 182/606/909 180/600/903
f 95/613/916 922/607/910 969/608/911
f 95/613/916 969/608/911 116/614/917
f 969/608/911 974/615/918 116/614/917
f 974/615/918 969/608/911 967/609/912
f 1253/616/919 974/615/918 967/609/912
f 841/610/913 1253/616/919 967/609/912
f 942/617/920 1253/616/919 841/610/913
f 1304/618/921 942/617/920 841/610/913
f 1304/618/921 841/610/913 185/611/914
f 1240/619/922 1304/618/921 185/611/914
f 1240/619/922 185/611/914 1065/620/923
f 1065/620/923 185/611/914 855/612/915
f 116/614/917 974/615/918 113/621/924
f 974/615/918 1256/622/925 113/621/924
f 942/617/920 1256/622/925 974/615/918
f 1253/616/919 942/617/920 974/615/918
f 113/621/924 1256/622/925 900/623/926
f 1256/622/925 1224/624/927 900/623/926
f 945/625/928 1224/624/927 1256/622/925
f 942/617/920 945/625/928 1256/622/925
f 945/625/928 942/617/920 943/626/929
f 942/617/920 1304/618/921 943/626/929
f 1240/619/922 943/626/929 1304/618/921
f 943/626/929 1240/619/922 902/627/930
f 902/627/930 1240/619/922 1241/628/931
f 1241/628/931 1240/619/922 944/629/932
f 944/629/932 1240/619/922 1065/620/923
f 1065/620/923 1245/513/811 944/629/932
f 1065/620/923 854/630/933 1245/513/811
f 854/630/933 1065/620/923 862/631/934
f 1065/620/923 855/612/915 862/631/934
f 902/627/930 1241/628/931 941/632/935
f 79/633/936 941/632/935 1241/628/931
f 80/634/937 79/633/936 1241/628/931
f 80/634/937 1241/628/931 81/635/938
f 81/635/938 1241/628/931 944/629/932
f 944/629/932 1244/514/812 81/635/938
f 944/629/932 1245/513/811 1244/514/812
f 905/636/939 902/627/930 941/632/935
f 1214/637/940 905/636/939 941/632/935
f 940/638/941 1214/637/940 941/632/935
f 79/633/936 940/638/941 941/632/935
f 884/639/942 940/638/941 79/633/936
f 884/639/942 79/633/936 869/640/943
f 80/634/937 869/640/943 79/633/936
f 869/640/943 80/634/937 96/641/944
f 96/641/944 80/634/937 81/635/938
f 81/635/938 82/642/945 96/641/944
f 1244/514/812 82/642/945 81/635/938
f 82/642/945 1244/514/812 1242/508/806
f 903/643/946 905/636/939 1214/637/940
f 939/644/947 903/643/946 1214/637/940
f 939/644/947 1214/637/940 940/638/941
f 1219/645/948 939/644/947 940/638/941
f 1306/646/949 1219/645/948 940/638/941
f 884/639/942 1306/646/949 940/638/941
f 1306/646/949 884/639/942 870/647/950
f 870/647/950 884/639/942 869/640/943
f 83/648/951 870/647/950 869/640/943
f 1027/649/952 83/648/951 869/640/943
f 1027/649/952 869/640/943 96/641/944
f 885/650/953 903/643/946 939/644/947
f 1307/651/954 885/650/953 939/644/947
f 1307/651/954 939/644/947 1219/645/948
f 38/652/955 1307/651/954 1219/645/948
f 38/652/955 1219/645/948 1305/653/956
f 1219/645/948 1306/646/949 1305/653/956
f 1305/653/956 1306/646/949 886/654/957
f 1306/646/949 888/655/958 886/654/957
f 888/655/958 1306/646/949 870/647/950
f 870/647/950 83/648/951 888/655/958
f 1307/651/954 871/656/959 885/650/953
f 1067/657/960 871/656/959 1307/651/954
f 38/652/955 1067/657/960 1307/651/954
f 38/652/955 1305/653/956 1067/657/960
f 1305/653/956 877/658/961 1067/657/960
f 1305/653/956 886/654/957 877/658/961
f 871/656/959 868/659/962 885/650/953
f 871/656/959 876/660/963 868/659/962
f 875/661/964 876/660/963 871/656/959
f 1067/657/960 875/661/964 871/656/959
f 875/661/964 1067/657/960 877/658/961
f 1064/662/965 875/661/964 877/658/961
f 1066/663/966 1064/662/965 877/658/961
f 878/664/967 1066/663/966 877/658/961
f 886/654/957 878/664/967 877/658/961
f 876/660/963 874/665/968 868/659/962
f 876/660/963 873/666/969 874/665/968
f 873/666/969 876/660/963 875/661/964
f 880/667/970 873/666/969 875/661/964
f 1064/662/965 880/667/970 875/661/964
f 1064/662/965 77/668/971 880/667/970
f 1066/663/966 77/668/971 1064/662/965
f 77/668/971 1066/663/966 1215/669/972
f 1066/663/966 878/664/967 1215/669/972
f 878/664/967 909/670/973 1215/669/972
f 909/670/973 878/664/967 886/654/957
f 873/666/969 324/671/974 874/665/968
f 324/671/974 873/666/969 879/672/975
f 879/672/975 873/666/969 880/667/970
f 109/673/976 879/672/975 880/667/970
f 109/673/976 880/667/970 77/668/971
f 78/674/977 109/673/976 77/668/971
f 76/675/978 78/674/977 77/668/971
f 76/675/978 77/668/971 1215/669/972
f 76/675/978 1215/669/972 73/676/979
f 1215/669/972 909/670/973 73/676/979
f 324/671/974 879/672/975 914/677/980
f 112/678/981 914/677/980 879/672/975
f 110/679/982 112/678/981 879/672/975
f 110/679/982 879/672/975 109/673/976
f 78/674/977 110/679/982 109/673/976
f 110/679/982 78/674/977 1068/680/983
f 78/674/977 103/681/984 1068/680/983
f 78/674/977 76/675/978 103/681/984
f 76/675/978 425/682/985 103/681/984
f 425/682/985 76/675/978 73/676/979
f 913/683/986 324/671/974 914/677/980
f 914/677/980 911/684/987 913/683/986
f 914/677/980 114/685/988 911/684/987
f 115/686/989 114/685/988 914/677/980
f 112/678/981 115/686/989 914/677/980
f 115/686/989 112/678/981 972/687/990
f 112/678/981 111/688/991 972/687/990
f 112/678/981 110/679/982 111/688/991
f 110/679/982 1068/680/983 111/688/991
f 913/683/986 911/684/987 1228/689/992
f 911/684/987 915/690/993 1228/689/992
f 114/685/988 915/690/993 911/684/987
f 114/685/988 90/691/994 915/690/993
f 189/692/995 90/691/994 114/685/988
f 115/686/989 189/692/995 114/685/988
f 191/693/996 189/692/995 115/686/989
f 1258/694/997 191/693/996 115/686/989
f 115/686/989 972/687/990 1258/694/997
f 919/695/998 913/683/986 1228/689/992
f 1228/689/992 921/696/999 919/695/998
f 917/697/1000 921/696/999 1228/689/992
f 912/698/1001 917/697/1000 1228/689/992
f 915/690/993 912/698/1001 1228/689/992
f 94/699/1002 912/698/1001 915/690/993
f 93/700/1003 94/699/1002 915/690/993
f 90/691/994 93/700/1003 915/690/993
f 921/696/999 899/701/1004 919/695/998
f 900/702/926 899/701/1004 921/696/999
f 113/703/924 900/702/926 921/696/999
f 113/703/924 921/696/999 917/697/1000
f 116/704/917 113/703/924 917/697/1000
f 116/704/917 917/697/1000 916/705/1005
f 94/699/1002 916/705/1005 917/697/1000
f 912/698/1001 94/699/1002 917/697/1000
f 95/706/916 116/704/917 916/705/1005
f 95/706/916 916/705/1005 922/707/910
f 916/705/1005 920/708/1006 922/707/910
f 91/709/1007 920/708/1006 916/705/1005
f 94/699/1002 91/709/1007 916/705/1005
f 92/710/1008 91/709/1007 94/699/1002
f 93/700/1003 92/710/1008 94/699/1002
f 1230/711/1009 92/710/1008 93/700/1003
f 90/691/994 1230/711/1009 93/700/1003
f 922/707/910 920/708/1006 927/712/904
f 920/708/1006 1216/713/1010 927/712/904
f 1071/714/1011 1216/713/1010 920/708/1006
f 91/709/1007 1071/714/1011 920/708/1006
f 131/715/1012 1071/714/1011 91/709/1007
f 92/710/1008 131/715/1012 91/709/1007
f 918/716/1013 131/715/1012 92/710/1008
f 1230/711/1009 918/716/1013 92/710/1008
f 1229/717/1014 918/716/1013 1230/711/1009
f 188/718/1015 1229/717/1014 1230/711/1009
f 188/718/1015 1230/711/1009 90/691/994
f 189/692/995 188/718/1015 90/691/994
f 927/712/904 1216/713/1010 1232/719/893
f 1216/713/1010 929/720/1016 1232/719/893
f 1216/713/1010 1071/714/1011 929/720/1016
f 129/721/1017 929/720/1016 1071/714/1011
f 131/715/1012 129/721/1017 1071/714/1011
f 130/722/1018 129/721/1017 131/715/1012
f 918/716/1013 130/722/1018 131/715/1012
f 130/722/1018 918/716/1013 1229/717/1014
f 923/723/1019 130/722/1018 1229/717/1014
f 1233/724/1020 923/723/1019 1229/717/1014
f 1234/725/1021 1233/724/1020 1229/717/1014
f 1234/725/1021 1229/717/1014 188/718/1015
f 1232/719/893 929/720/1016 1231/726/1022
f 126/727/1023 1231/726/1022 929/720/1016
f 129/721/1017 126/727/1023 929/720/1016
f 924/728/1024 126/727/1023 129/721/1017
f 130/722/1018 924/728/1024 129/721/1017
f 130/722/1018 923/723/1019 924/728/1024
f 928/729/1025 924/728/1024 923/723/1019
f 1233/724/1020 928/729/1025 923/723/1019
f 127/730/888 1232/719/893 1231/726/1022
f 127/730/888 1231/726/1022 930/731/1026
f 1231/726/1022 126/727/1023 930/731/1026
f 126/727/1023 926/732/1027 930/731/1026
f 926/732/1027 126/727/1023 928/729/1025
f 126/727/1023 924/728/1024 928/729/1025
f 1237/733/887 127/730/888 930/731/1026
f 1237/733/887 930/731/1026 1235/734/1028
f 1235/734/1028 930/731/1026 1236/735/1029
f 930/731/1026 926/732/1027 1236/735/1029
f 1070/736/1030 1236/735/1029 926/732/1027
f 928/729/1025 1070/736/1030 926/732/1027
f 928/729/1025 1233/724/1020 1070/736/1030
f 1233/724/1020 128/737/1031 1070/736/1030
f 128/737/1031 1233/724/1020 925/738/1032
f 925/738/1032 1233/724/1020 1234/725/1021
f 809/739/874 1237/733/887 1235/734/1028
f 909/670/973 71/740/1033 73/676/979
f 71/740/1033 909/670/973 1051/741/1034
f 1051/741/1034 909/670/973 886/654/957
f 1051/741/1034 886/654/957 887/742/1035
f 886/654/957 888/655/958 887/742/1035
f 83/648/951 887/742/1035 888/655/958
f 83/648/951 432/743/1036 887/742/1035
f 432/743/1036 83/648/951 1027/649/952
f 436/744/1037 71/740/1033 1051/741/1034
f 436/744/1037 1051/741/1034 431/745/1038
f 1051/741/1034 887/742/1035 431/745/1038
f 432/743/1036 431/745/1038 887/742/1035
f 501/746/1039 432/743/1036 1027/649/952
f 682/747/1040 501/746/1039 1027/649/952
f 96/641/944 682/747/1040 1027/649/952
f 82/642/945 682/747/1040 96/641/944
f 682/747/1040 82/642/945 1265/748/1041
f 1265/748/1041 82/642/945 1242/508/806
f 1242/508/806 275/509/807 1265/748/1041
f 275/509/807 274/749/1042 1265/748/1041
f 1265/748/1041 274/749/1042 271/750/1043
f 97/751/1044 682/747/1040 1265/748/1041
f 682/747/1040 97/751/1044 501/746/1045
f 97/751/1044 777/752/1046 501/746/1045
f 432/743/1047 501/746/1045 777/752/1046
f 778/753/1048 432/743/1047 777/752/1046
f 431/745/1049 432/743/1047 778/753/1048
f 776/754/1050 431/745/1049 778/753/1048
f 431/745/1049 776/754/1050 436/744/1051
f 776/754/1050 775/755/1052 436/744/1051
f 436/744/1051 775/755/1052 98/756/1053
f 71/740/1054 436/744/1051 98/756/1053
f 98/756/1053 100/757/1055 71/740/1054
f 100/757/1055 73/676/1056 71/740/1054
f 100/757/1055 74/758/1057 73/676/1056
f 74/758/1057 425/682/1058 73/676/1056
f 425/682/1058 74/758/1057 75/759/1059
f 103/681/984 425/682/1058 75/759/1059
f 75/759/1059 102/760/1060 103/681/984
f 102/760/1060 1068/680/983 103/681/984
f 102/760/1060 106/761/1061 1068/680/983
f 106/761/1061 102/760/1060 104/762/1062
f 106/761/1061 104/762/1062 105/763/1063
f 108/764/1064 106/761/1061 105/763/1063
f 108/764/1064 105/763/1063 1048/765/1065
f 106/761/1061 111/688/991 1068/680/983
f 106/761/1061 108/764/1064 111/688/991
f 108/764/1064 972/687/990 111/688/991
f 108/764/1064 107/766/1066 972/687/990
f 107/766/1066 108/764/1064 1048/765/1065
f 107/766/1066 1048/765/1065 1050/767/1067
f 1048/765/1065 814/768/1068 1050/767/1067
f 1050/767/1067 814/768/1068 1049/769/1069
f 814/768/1068 816/770/797 1049/769/1069
f 1049/769/1069 816/770/797 1200/771/1070
f 107/766/1066 1264/772/1071 972/687/990
f 1264/772/1071 107/766/1066 186/773/1072
f 107/766/1066 1050/767/1067 186/773/1072
f 1266/774/1073 186/773/1072 1050/767/1067
f 1049/769/1069 1266/774/1073 1050/767/1067
f 1049/769/1069 360/775/1074 1266/774/1073
f 360/775/1074 1049/769/1069 1200/771/1070
f 360/775/1074 1200/771/1070 355/492/1075
f 1200/771/1070 356/493/793 355/492/1075
f 1258/694/997 972/687/990 1264/772/1071
f 1257/776/1076 1258/694/997 1264/772/1071
f 1257/776/1076 1264/772/1071 186/773/1072
f 186/773/1072 1266/774/1073 1257/776/1076
f 907/777/1077 1257/776/1076 1266/774/1073
f 360/775/1074 907/777/1077 1266/774/1073
f 907/777/1077 360/775/1074 910/778/1078
f 910/778/1078 360/775/1074 355/492/1079
f 1047/779/1080 910/778/1078 355/492/1079
f 977/780/1081 1047/779/1080 355/492/1079
f 192/42/1082 977/780/1081 355/492/1079
f 1258/694/997 1257/776/1076 901/781/1083
f 1257/776/1076 904/782/1084 901/781/1083
f 904/782/1084 1257/776/1076 907/777/1077
f 1258/694/997 901/781/1083 971/783/1085
f 971/783/1085 973/784/1086 1258/694/997
f 973/784/1086 971/783/1085 898/785/1087
f 1259/786/1088 973/784/1086 898/785/1087
f 898/785/1087 883/787/1089 1259/786/1088
f 883/787/1089 908/788/1090 1259/786/1088
f 1259/786/1088 908/788/1090 975/789/1091
f 908/788/1090 897/790/1092 975/789/1091
f 973/784/1086 191/693/996 1258/694/997
f 973/784/1086 187/791/1093 191/693/996
f 973/784/1086 190/792/1094 187/791/1093
f 973/784/1086 1259/786/1088 190/792/1094
f 1259/786/1088 933/793/1095 190/792/1094
f 1259/786/1088 1263/794/1096 933/793/1095
f 1259/786/1088 975/789/1091 1263/794/1096
f 975/789/1091 1260/795/1097 1263/794/1096
f 1260/795/1097 975/789/1091 897/790/1092
f 893/796/1098 1260/795/1097 897/790/1092
f 893/796/1098 976/797/1099 1260/795/1097
f 191/693/996 187/791/1093 189/692/995
f 187/791/1093 188/718/1015 189/692/995
f 187/791/1093 1234/725/1021 188/718/1015
f 190/792/1094 1234/725/1021 187/791/1093
f 190/792/1094 925/738/1032 1234/725/1021
f 933/793/1095 925/738/1032 190/792/1094
f 925/738/1032 933/793/1095 931/798/1100
f 931/798/1100 933/793/1095 1263/794/1096
f 117/799/1101 931/798/1100 1263/794/1096
f 117/799/1101 1263/794/1096 1246/800/1102
f 1246/800/1102 1263/794/1096 1260/795/1097
f 1239/801/1103 1246/800/1102 1260/795/1097
f 978/802/1104 1239/801/1103 1260/795/1097
f 976/797/1099 978/802/1104 1260/795/1097
f 976/797/1099 1227/803/1105 978/802/1104
f 128/737/1031 925/738/1032 931/798/1100
f 1069/804/1106 128/737/1031 931/798/1100
f 124/805/1107 1069/804/1106 931/798/1100
f 124/805/1107 931/798/1100 117/799/1101
f 121/806/1108 124/805/1107 117/799/1101
f 1030/807/1109 121/806/1108 117/799/1101
f 203/808/1110 1030/807/1109 117/799/1101
f 203/808/1110 117/799/1101 1246/800/1102
f 1246/800/1102 202/809/1111 203/808/1110
f 202/809/1111 1246/800/1102 1239/801/1103
f 128/737/1031 1069/804/1106 1070/736/1030
f 1070/736/1030 1069/804/1106 1236/735/1029
f 1069/804/1106 125/810/1112 1236/735/1029
f 125/810/1112 1069/804/1106 124/805/1107
f 1218/811/1113 125/810/1112 124/805/1107
f 124/805/1107 121/806/1108 1218/811/1113
f 121/806/1108 1217/812/1114 1218/811/1113
f 1217/812/1114 121/806/1108 1028/813/1115
f 121/806/1108 1030/807/1109 1028/813/1115
f 1029/814/1116 1028/813/1115 1030/807/1109
f 119/815/1117 1029/814/1116 1030/807/1109
f 119/815/1117 1030/807/1109 203/808/1110
f 1236/735/1029 125/810/1112 1235/734/1028
f 125/810/1112 936/816/1118 1235/734/1028
f 936/816/1118 125/810/1112 1218/811/1113
f 932/817/1119 936/816/1118 1218/811/1113
f 872/818/1120 932/817/1119 1218/811/1113
f 1217/812/1114 872/818/1120 1218/811/1113
f 935/819/1121 872/818/1120 1217/812/1114
f 1028/813/1115 935/819/1121 1217/812/1114
f 7/820/1122 935/819/1121 1028/813/1115
f 7/820/1122 1028/813/1115 1029/814/1116
f 7/820/1122 1029/814/1116 266/821/1123
f 1029/814/1116 120/822/1124 266/821/1123
f 1029/814/1116 119/815/1117 120/822/1124
f 807/823/873 936/816/1118 932/817/1119
f 123/824/872 807/823/873 932/817/1119
f 123/824/872 932/817/1119 872/818/1120
f 122/825/871 123/824/872 872/818/1120
f 122/825/871 872/818/1120 800/826/865
f 872/818/1120 935/819/1121 800/826/865
f 801/827/1125 800/826/865 935/819/1121
f 7/820/1122 801/827/1125 935/819/1121
f 7/820/1122 266/821/1123 801/827/1125
f 266/821/1123 151/828/1126 801/827/1125
f 1235/734/1028 936/816/1118 807/823/873
f 809/739/874 1235/734/1028 807/823/873
f 119/815/1117 824/829/1127 120/822/1124
f 119/815/1117 937/830/1128 824/829/1127
f 119/815/1117 118/831/1129 937/830/1128
f 118/831/1129 119/815/1117 203/808/1110
f 202/809/1111 118/831/1129 203/808/1110
f 118/831/1129 202/809/1111 201/832/1130
f 202/809/1111 1239/801/1103 201/832/1130
f 937/830/1128 1046/833/1131 824/829/1127
f 934/834/1132 1046/833/1131 937/830/1128
f 198/835/1133 934/834/1132 937/830/1128
f 937/830/1128 201/832/1130 198/835/1133
f 118/831/1129 201/832/1130 937/830/1128
f 198/835/1133 199/836/1134 934/834/1132
f 200/837/1135 199/836/1134 198/835/1133
f 1243/838/1136 200/837/1135 198/835/1133
f 201/832/1130 1243/838/1136 198/835/1133
f 1243/838/1136 201/832/1130 1239/801/1103
f 1238/839/1137 1243/838/1136 1239/801/1103
f 978/802/1104 1238/839/1137 1239/801/1103
f 199/836/1134 197/840/1138 934/834/1132
f 199/836/1134 196/841/1139 197/840/1138
f 200/837/1135 196/841/1139 199/836/1134
f 196/841/1139 200/837/1135 938/842/1140
f 938/842/1140 200/837/1135 1238/839/1137
f 200/837/1135 1243/838/1136 1238/839/1137
f 196/841/1139 819/843/1141 197/840/1138
f 196/841/1139 193/41/1142 819/843/1141
f 193/41/1142 195/40/848 819/843/1141
f 938/842/1140 1238/839/1137 978/802/1104
f 1261/844/1143 938/842/1140 978/802/1104
f 1227/803/1105 1261/844/1143 978/802/1104
f 906/845/1144 1261/844/1143 1227/803/1105
f 906/845/1144 977/780/1081 1261/844/1143
f 977/780/1081 906/845/1144 1047/779/1080
f 193/41/1145 938/842/1140 1261/844/1143
f 192/42/1082 193/41/1145 1261/844/1143
f 192/42/1082 1261/844/1143 977/780/1081
f 193/41/1145 196/841/1139 938/842/1140
f 97/751/1044 1265/748/1041 271/750/1043
f 97/751/1044 271/750/1043 777/752/1046
f 271/750/1043 1041/846/1146 777/752/1046
f 777/752/1046 1041/846/1146 778/753/1048
f 1041/846/1146 1040/847/1147 778/753/1048
f 778/753/1048 1040/847/1147 776/754/1050
f 1040/847/1147 270/848/1148 776/754/1050
f 776/754/1050 270/848/1148 775/755/1052
f 270/848/1148 132/849/1149 775/755/1052
f 775/755/1052 132/849/1149 1034/850/1150
f 98/756/1053 775/755/1052 1034/850/1150
f 98/756/1053 1034/850/1150 99/851/1151
f 100/757/1055 98/756/1053 99/851/1151
f 100/757/1055 99/851/1151 101/852/1152
f 74/758/1057 100/757/1055 101/852/1152
f 74/758/1057 101/852/1152 823/853/1153
f 75/759/1059 74/758/1057 823/853/1153
f 75/759/1059 823/853/1153 102/760/1060
f 823/853/1153 821/854/1154 102/760/1060
f 102/760/1060 821/854/1154 104/762/1062
f 854/630/933 849/512/810 1245/513/811
f 860/511/809 849/512/810 854/630/933
f 854/630/933 834/855/1155 860/511/809
f 854/630/933 774/856/1156 834/855/1155
f 774/856/1156 854/630/933 250/857/1157
f 250/857/1157 854/630/933 862/631/934
f 250/857/1157 862/631/934 864/858/1158
f 862/631/934 855/612/915 864/858/1158
f 855/612/915 180/600/903 864/858/1158
f 834/855/1155 957/859/1159 860/511/809
f 957/859/1159 958/510/808 860/511/809
f 864/858/1158 180/600/903 861/582/885
f 864/858/1158 861/582/885 249/583/886
f 250/857/1157 864/858/1158 249/583/886
f 250/857/1157 249/583/886 1196/860/1160
f 1196/860/1160 249/583/886 1197/577/880
f 1196/860/1160 1197/577/880 803/550/853
f 1196/860/1160 803/550/853 1198/861/1161
f 1198/861/1161 803/550/853 797/526/827
f 248/528/829 1198/861/1161 797/526/827
f 1198/861/1161 248/528/829 1063/862/1162
f 1196/860/1160 251/863/1163 250/857/1157
f 251/863/1163 1196/860/1160 804/864/1164
f 804/864/1164 1196/860/1160 1063/862/1162
f 1196/860/1160 1198/861/1161 1063/862/1162
f 250/857/1157 251/863/1163 774/856/1156
f 1225/865/1165 971/866/1166 901/867/1167
f 1225/865/1165 901/867/1167 1060/868/1168
f 901/867/1167 904/869/1169 1060/868/1168
f 1060/868/1168 904/869/1169 69/870/1170
f 904/869/1169 907/871/1171 69/870/1170
f 1226/872/1172 69/870/1170 907/871/1171
f 910/873/1173 1226/872/1172 907/871/1171
f 1226/872/1172 910/873/1173 1047/874/1174
f 72/875/1175 1226/872/1172 1047/874/1174
f 906/876/1176 72/875/1175 1047/874/1174
f 828/865/1177 834/867/1178 774/866/1179
f 828/865/1177 831/868/1180 834/867/1178
f 831/868/1180 957/869/1181 834/867/1178
f 831/868/1180 832/870/1182 957/869/1181
f 832/870/1182 958/871/1183 957/869/1181
f 958/871/1183 832/870/1182 829/872/1184
f 859/873/1185 958/871/1183 829/872/1184
f 829/872/1184 830/874/1186 859/873/1185
f 830/874/1186 829/872/1184 205/875/1187
f 173/876/1188 830/874/1186 205/875/1187
f 992/877/1189 295/878/1190 323/879/1191
f 323/879/1191 295/878/1190 300/880/1192
f 295/878/1190 297/881/1193 300/880/1192
f 323/879/1191 300/880/1192 301/882/1194
f 301/882/1194 302/883/1195 323/879/1191
f 302/883/1195 305/884/1196 323/879/1191
f 323/879/1191 305/884/1196 307/885/1197
f 323/879/1191 307/885/1197 310/886/1198
f 310/886/1198 309/887/1199 323/879/1191
f 318/888/1200 323/879/1191 309/887/1199
f 326/889/1201 318/888/1200 309/887/1199
f 323/879/1191 318/888/1200 320/890/1202
f 896/3/1203 1195/2/1204 837/1/1205
f 889/4/1206 896/3/1203 837/1/1205
f 835/9/1207 889/4/1206 837/1/1205
f 896/3/1203 889/4/1206 948/5/1208
f 955/25/1209 948/5/1208 889/4/1206
f 947/23/1210 955/25/1209 889/4/1206
f 946/6/1211 896/3/1203 948/5/1208
f 946/6/1211 948/5/1208 1247/7/1212
f 1251/8/1213 1247/7/1212 948/5/1208
f 949/10/1214 1251/8/1213 948/5/1208
f 950/11/1215 1251/8/1213 949/10/1214
f 951/14/1216 950/11/1215 949/10/1214
f 951/14/1216 949/10/1214 952/28/1217
f 949/10/1214 948/5/1208 952/28/1217
f 1247/7/1212 1251/8/1213 1249/13/1218
f 1250/12/1219 1249/13/1218 1251/8/1213
f 950/11/1215 1250/12/1219 1251/8/1213
f 1250/12/1219 1248/15/1220 1249/13/1218
f 1248/15/1220 1247/7/1212 1249/13/1218
f 1248/15/1220 895/16/1221 1247/7/1212
f 895/16/1221 946/6/1211 1247/7/1212
f 895/16/1221 1223/17/1222 946/6/1211
f 1223/17/1222 896/3/1203 946/6/1211
f 1223/17/1222 1222/18/1223 896/3/1203
f 1222/18/1223 1195/2/1204 896/3/1203
f 1222/18/1223 894/19/1224 1195/2/1204
f 894/19/1224 837/1/1205 1195/2/1204
f 835/9/1207 837/1/1205 894/19/1224
f 890/20/1225 835/9/1207 894/19/1224
f 890/20/1225 892/21/1226 835/9/1207
f 892/21/1226 889/4/1206 835/9/1207
f 892/21/1226 1220/22/1227 889/4/1206
f 1220/22/1227 947/23/1210 889/4/1206
f 1220/22/1227 956/24/1228 947/23/1210
f 956/24/1228 955/25/1209 947/23/1210
f 956/24/1228 954/26/1229 955/25/1209
f 954/26/1229 953/27/1230 955/25/1209
f 948/5/1208 953/27/1230 954/26/1229
f 952/28/1217 948/5/1208 954/26/1229
f 948/5/1208 955/25/1209 953/27/1230
f 1085/891/1231 874/892/1232 324/893/1233
f 874/892/1232 1085/891/1231 1084/894/1234
f 1084/894/1234 1085/891/1231 1083/895/1235
f 1085/891/1231 1086/896/1236 1083/895/1235
f 324/893/1233 1086/896/1236 1085/891/1231
f 324/893/1233 913/897/1237 1086/896/1236
f 913/897/1237 1087/898/1238 1086/896/1236
f 1087/898/1238 913/897/1237 919/899/1239
f 868/900/1240 874/892/1232 1084/894/1234
f 868/900/1240 1084/894/1234 316/901/1241
f 316/901/1241 1084/894/1234 1083/895/1235
f 313/902/1242 316/901/1241 1083/895/1235
f 314/903/1243 313/902/1242 1083/895/1235
f 312/904/1244 314/903/1243 1083/895/1235
f 1083/895/1235 1086/896/1236 312/904/1244
f 1086/896/1236 1087/898/1238 312/904/1244
f 312/904/1244 1087/898/1238 919/899/1239
f 899/905/1245 312/904/1244 919/899/1239
f 314/903/1243 312/904/1244 899/905/1245
f 900/906/1246 314/903/1243 899/905/1245
f 900/906/1246 1224/907/1247 314/903/1243
f 885/908/1248 868/900/1240 316/901/1241
f 885/908/1248 316/901/1241 903/909/1249
f 316/901/1241 1089/910/1250 903/909/1249
f 1091/911/1251 1089/910/1250 316/901/1241
f 313/902/1242 1091/911/1251 316/901/1241
f 1091/911/1251 313/902/1242 314/903/1243
f 315/912/1252 1091/911/1251 314/903/1243
f 1224/907/1247 315/912/1252 314/903/1243
f 1224/907/1247 945/913/1253 315/912/1252
f 945/913/1253 317/914/1254 315/912/1252
f 317/914/1254 945/913/1253 943/915/1255
f 903/909/1249 1089/910/1250 905/916/1256
f 1089/910/1250 1090/917/1257 905/916/1256
f 1089/910/1250 1091/911/1251 1090/917/1257
f 1091/911/1251 1088/918/1258 1090/917/1257
f 1091/911/1251 315/912/1252 1088/918/1258
f 315/912/1252 317/914/1254 1088/918/1258
f 943/915/1255 1088/918/1258 317/914/1254
f 902/919/1259 1088/918/1258 943/915/1255
f 902/919/1259 1090/917/1257 1088/918/1258
f 1090/917/1257 902/919/1259 905/916/1256
f 881/920/1260 898/921/1261 1225/922/1262
f 898/921/1261 971/923/1263 1225/922/1262
f 906/924/1264 1227/925/1265 72/926/1266
f 1227/925/1265 891/927/1267 72/926/1266
f 891/927/1267 1227/925/1265 976/928/1268
f 976/928/1268 893/929/1269 891/927/1267
f 893/929/1269 70/930/1270 891/927/1267
f 893/929/1269 897/931/1271 70/930/1270
f 897/931/1271 1058/932/1272 70/930/1270
f 897/931/1271 908/933/1273 1058/932/1272
f 908/933/1273 882/934/1274 1058/932/1272
f 882/934/1274 908/933/1273 883/935/1275
f 883/935/1275 898/921/1261 882/934/1274
f 898/921/1261 881/920/1260 882/934/1274
f 826/920/1276 828/922/1277 251/921/1278
f 828/922/1277 774/923/1279 251/921/1278
f 173/924/1280 205/926/1281 827/925/1282
f 205/926/1281 206/927/1283 827/925/1282
f 206/927/1283 856/928/1284 827/925/1282
f 856/928/1284 206/927/1283 237/929/1285
f 206/927/1283 959/930/1286 237/929/1285
f 237/929/1285 959/930/1286 248/931/1287
f 959/930/1286 833/932/1288 248/931/1287
f 248/931/1287 833/932/1288 1063/933/1289
f 833/932/1288 268/934/1290 1063/933/1289
f 268/934/1290 804/935/1291 1063/933/1289
f 804/935/1291 268/934/1290 251/921/1278
f 268/934/1290 826/920/1276 251/921/1278
f 484/311/489 483/310/1292 511/318/496
f 511/318/496 483/310/1292 482/309/1293
f 462/936/1294 451/937/1295 1120/938/1296
f 451/937/1295 487/939/1297 1120/938/1296
f 451/937/1295 421/940/1298 487/939/1297
f 421/940/1298 485/941/1299 487/939/1297
f 421/940/1298 679/942/1300 485/941/1299
f 421/940/1298 1140/943/1301 679/942/1300
f 1140/943/1301 421/940/1298 407/944/1302
f 1140/943/1301 407/944/1302 408/945/1303
f 409/946/1304 1140/943/1301 408/945/1303
f 408/945/1303 410/947/1305 409/946/1304
f 485/941/1299 679/942/1300 480/948/1306
f 679/942/1300 678/949/1307 480/948/1306
f 1140/943/1301 678/949/1307 679/942/1300
f 1137/950/1308 678/949/1307 1140/943/1301
f 409/946/1304 1137/950/1308 1140/943/1301
f 678/949/1307 1137/950/1308 480/948/1306
f 1137/950/1308 479/951/1309 480/948/1306
f 479/951/1309 1137/950/1308 1138/952/1310
f 493/953/1311 479/951/1309 1138/952/1310
f 1138/952/1310 1155/954/1312 493/953/1311
f 1155/954/1312 494/955/1313 493/953/1311
f 494/955/1313 1155/954/1312 680/956/1314
f 680/956/1314 1155/954/1312 412/957/1315
f 412/957/1315 1155/954/1312 1139/958/1316
f 1155/954/1312 1138/952/1310 1139/958/1316
f 1138/952/1310 1137/950/1308 1139/958/1316
f 1137/950/1308 409/946/1304 1139/958/1316
f 410/947/1305 1139/958/1316 409/946/1304
f 497/959/1317 494/955/1313 680/956/1314
f 680/956/1314 498/960/1318 497/959/1317
f 413/961/1319 498/960/1318 680/956/1314
f 413/961/1319 680/956/1314 412/957/1315
f 412/957/1315 1139/958/1316 410/947/1305
f 411/962/1320 412/957/1315 410/947/1305
f 413/961/1319 412/957/1315 411/962/1320
f 423/963/1321 413/961/1319 411/962/1320
f 413/961/1319 423/963/1321 498/960/1318
f 439/964/1322 498/960/1318 423/963/1321
f 428/965/1323 439/964/1322 423/963/1321
f 439/964/1322 428/965/1323 414/966/1324
f 461/967/1325 450/968/1326 414/966/1324
f 414/966/1324 428/965/1323 461/967/1325
f 428/965/1323 424/969/1327 461/967/1325
f 428/965/1323 423/963/1321 424/969/1327
f 423/963/1321 420/970/1328 424/969/1327
f 420/970/1328 423/963/1321 427/971/1329
f 423/963/1321 411/962/1320 427/971/1329
f 416/972/1330 427/971/1329 411/962/1320
f 416/972/1330 411/962/1320 417/973/1331
f 411/962/1320 410/947/1305 417/973/1331
f 419/974/1332 417/973/1331 410/947/1305
f 410/947/1305 408/945/1303 419/974/1332
f 408/945/1303 418/975/1333 419/974/1332
f 407/944/1302 418/975/1333 408/945/1303
f 422/976/1334 418/975/1333 407/944/1302
f 407/944/1302 421/940/1298 422/976/1334
f 421/940/1298 448/977/1335 422/976/1334
f 451/937/1295 448/977/1335 421/940/1298
f 447/978/1336 448/977/1335 451/937/1295
f 451/937/1295 462/936/1294 447/978/1336
f 462/936/1294 446/979/1337 447/978/1336
f 446/979/1337 462/936/1294 748/978/1338
f 462/936/1294 453/937/1339 748/978/1338
f 453/937/1339 452/977/1340 748/978/1338
f 449/940/1341 452/977/1340 453/937/1339
f 452/977/1340 449/940/1341 445/976/1342
f 449/940/1341 443/944/1343 445/976/1342
f 443/944/1343 444/975/1344 445/976/1342
f 693/945/1345 444/975/1344 443/944/1343
f 444/975/1344 693/945/1345 456/974/1346
f 693/945/1345 454/947/1347 456/974/1346
f 454/947/1347 455/973/1348 456/974/1346
f 455/973/1348 454/947/1347 460/962/1349
f 458/972/1350 455/973/1348 460/962/1349
f 460/962/1349 457/971/1351 458/972/1350
f 457/971/1351 460/962/1349 463/963/1352
f 459/970/1353 457/971/1351 463/963/1352
f 459/970/1353 463/963/1352 469/969/1354
f 463/963/1352 464/965/1355 469/969/1354
f 469/969/1354 464/965/1355 466/967/1356
f 464/965/1355 441/966/1357 466/967/1356
f 441/966/1357 437/968/1358 466/967/1356
f 477/276/1359 474/275/1360 478/274/272
f 477/276/1359 465/277/1361 474/275/1360
f 465/277/1361 476/278/1362 474/275/1360
f 465/277/1361 470/279/1363 476/278/1362
f 470/279/1363 465/277/1361 361/280/1364
f 467/281/1365 470/279/1363 361/280/1364
f 472/282/1366 467/281/1365 361/280/1364
f 468/283/1367 472/282/1366 361/280/1364
f 472/282/1366 468/283/1367 414/284/1368
f 468/283/1367 471/290/1369 414/284/1368
f 440/291/1370 414/284/1368 471/290/1369
f 359/298/1371 440/291/1370 471/290/1369
f 359/298/1371 356/293/1372 440/291/1370
f 414/284/1368 450/285/1373 472/282/1366
f 450/285/1373 473/286/1374 472/282/1366
f 472/282/1366 473/286/1374 475/287/1375
f 473/286/1374 1118/288/1376 475/287/1375
f 103/289/1377 475/287/1375 1118/288/1376
f 1119/330/1378 103/289/1377 1118/288/1376
f 425/331/1379 103/289/1377 1119/330/1378
f 621/332/1380 425/331/1379 1119/330/1378
f 425/331/1379 621/332/1380 430/333/1381
f 73/334/1382 425/331/1379 430/333/1381
f 73/334/1382 430/333/1381 429/335/1383
f 71/336/1384 73/334/1382 429/335/1383
f 71/336/1384 429/335/1383 426/337/516
f 436/338/517 71/336/1384 426/337/516
f 439/292/1385 414/284/1368 440/291/1370
f 356/293/1372 439/292/1385 440/291/1370
f 439/292/1385 356/293/1372 498/294/1386
f 356/293/1372 504/295/1387 498/294/1386
f 504/295/1387 356/293/1372 194/319/1388
f 500/314/1389 504/295/1387 194/319/1388
f 499/320/1390 500/314/1389 194/319/1388
f 195/329/1391 499/320/1390 194/319/1388
f 195/329/1392 329/328/1393 499/320/1390
f 329/328/1393 352/327/1394 499/320/1390
f 504/295/1387 496/296/1395 498/294/1386
f 504/295/1387 500/314/1389 496/296/1395
f 500/314/1389 492/307/1396 496/296/1395
f 495/315/1397 492/307/1396 500/314/1389
f 499/320/1390 495/315/1397 500/314/1389
f 495/315/1397 499/320/1390 351/321/1398
f 499/320/1390 352/327/1394 351/321/1398
f 496/296/1395 497/297/1399 498/294/1386
f 494/299/1400 497/297/1399 496/296/1395
f 491/300/1401 494/299/1400 496/296/1395
f 496/296/1395 492/307/1396 491/300/1401
f 492/307/1396 490/308/1402 491/300/1401
f 489/316/1403 490/308/1402 492/307/1396
f 495/315/1397 489/316/1403 492/307/1396
f 489/316/1403 495/315/1397 349/322/1404
f 495/315/1397 351/321/1398 349/322/1404
f 493/301/1405 494/299/1400 491/300/1401
f 493/301/1405 491/300/1401 479/302/1406
f 491/300/1401 481/303/1407 479/302/1406
f 491/300/1401 490/308/1402 481/303/1407
f 490/308/1402 482/309/1293 481/303/1407
f 482/309/1293 483/310/1292 481/303/1407
f 483/310/1292 488/305/1408 481/303/1407
f 483/310/1292 484/311/489 488/305/1408
f 484/311/489 486/312/490 488/305/1408
f 479/302/1406 481/303/1407 480/304/1409
f 481/303/1407 488/305/1408 480/304/1409
f 485/306/1410 480/304/1409 488/305/1408
f 488/305/1408 486/312/490 485/306/1410
f 486/312/490 487/313/1411 485/306/1410
f 1120/324/503 487/313/1411 486/312/490
f 349/322/1404 348/323/1412 489/316/1403
f 489/316/1403 348/323/1412 522/317/1413
f 348/323/1412 332/325/1414 522/317/1413
f 522/317/1413 332/325/1414 347/326/505
f 511/318/496 522/317/1413 347/326/505
f 522/317/1413 511/318/496 482/309/1293
f 522/317/1413 482/309/1293 490/308/1402
f 489/316/1403 522/317/1413 490/308/1402
f 441/966/1357 464/965/1355 1116/964/1415
f 464/965/1355 463/963/1352 1116/964/1415
f 463/963/1352 532/960/1416 1116/964/1415
f 532/960/1416 463/963/1352 1166/961/1417
f 463/963/1352 460/962/1349 1166/961/1417
f 460/962/1349 730/957/1418 1166/961/1417
f 460/962/1349 454/947/1347 730/957/1418
f 454/947/1347 1154/958/1419 730/957/1418
f 1153/946/1420 1154/958/1419 454/947/1347
f 693/945/1345 1153/946/1420 454/947/1347
f 1168/956/1421 532/960/1416 1166/961/1417
f 730/957/1418 1168/956/1421 1166/961/1417
f 730/957/1418 1167/954/1422 1168/956/1421
f 1167/954/1422 730/957/1418 1154/958/1419
f 676/952/1423 1167/954/1422 1154/958/1419
f 676/952/1423 1154/958/1419 677/950/1424
f 1154/958/1419 1153/946/1420 677/950/1424
f 519/959/1425 532/960/1416 1168/956/1421
f 524/955/1426 519/959/1425 1168/956/1421
f 1167/954/1422 524/955/1426 1168/956/1421
f 524/955/1426 1167/954/1422 631/953/1427
f 1167/954/1422 676/952/1423 631/953/1427
f 1153/946/1420 681/943/1428 677/950/1424
f 681/943/1428 1164/949/1429 677/950/1424
f 1165/942/1430 1164/949/1429 681/943/1428
f 1165/942/1430 681/943/1428 449/940/1341
f 443/944/1343 449/940/1341 681/943/1428
f 443/944/1343 681/943/1428 693/945/1345
f 681/943/1428 1153/946/1420 693/945/1345
f 1164/949/1429 523/948/1431 677/950/1424
f 523/948/1431 1164/949/1429 1165/942/1430
f 575/941/1432 523/948/1431 1165/942/1430
f 575/941/1432 1165/942/1430 449/940/1341
f 575/941/1432 449/940/1341 576/939/1433
f 449/940/1341 453/937/1339 576/939/1433
f 576/939/1433 453/937/1339 1120/938/1296
f 453/937/1339 462/936/1294 1120/938/1296
f 523/948/1431 534/951/1434 677/950/1424
f 677/950/1424 534/951/1434 676/952/1423
f 534/951/1434 631/953/1427 676/952/1423
f 433/980/1435 426/981/1436 789/982/1437
f 1181/983/1438 433/980/1435 789/982/1437
f 503/984/1439 433/980/1435 1181/983/1438
f 1192/985/1440 503/984/1439 1181/983/1438
f 502/986/1441 503/984/1439 1192/985/1440
f 786/987/1442 502/986/1441 1192/985/1440
f 442/988/1443 502/986/1441 786/987/1442
f 1298/989/1444 442/988/1443 786/987/1442
f 1117/990/1445 442/988/1443 1298/989/1444
f 750/991/1446 1117/990/1445 1298/989/1444
f 435/992/1447 1117/990/1445 750/991/1446
f 751/993/1448 435/992/1447 750/991/1446
f 435/992/1447 751/993/1448 745/994/1449
f 437/995/1450 435/992/1447 745/994/1449
f 745/994/1449 785/996/1451 437/995/1450
f 785/996/1451 466/997/1452 437/995/1450
f 785/996/1451 1182/998/1453 466/997/1452
f 1182/998/1453 469/999/1454 466/997/1452
f 459/1000/1455 469/999/1454 1182/998/1453
f 746/1001/1456 459/1000/1455 1182/998/1453
f 457/1002/1457 459/1000/1455 746/1001/1456
f 744/1003/1458 457/1002/1457 746/1001/1456
f 458/1004/1459 457/1002/1457 744/1003/1458
f 743/1005/1460 458/1004/1459 744/1003/1458
f 455/1006/1461 458/1004/1459 743/1005/1460
f 742/1007/1462 455/1006/1461 743/1005/1460
f 456/1008/1463 455/1006/1461 742/1007/1462
f 1180/1009/1464 456/1008/1463 742/1007/1462
f 444/1010/1465 456/1008/1463 1180/1009/1464
f 752/1011/1466 444/1010/1465 1180/1009/1464
f 445/1012/1467 444/1010/1465 752/1011/1466
f 749/1013/1468 445/1012/1467 752/1011/1466
f 452/1014/1469 445/1012/1467 749/1013/1468
f 757/1015/1470 452/1014/1469 749/1013/1468
f 757/1015/1470 755/1016/1471 452/1014/1469
f 755/1016/1471 757/1015/1470 758/388/616
f 758/388/616 757/1015/1470 759/389/614
f 757/1015/1470 749/1013/1468 759/389/614
f 759/389/614 749/1013/1468 760/376/613
f 749/1013/1468 752/1011/1466 760/376/613
f 755/1016/1471 748/1017/1472 452/1014/1469
f 446/1018/1473 748/1017/1472 755/1016/1471
f 756/1019/1474 446/1018/1473 755/1016/1471
f 756/1019/1474 755/1016/1471 1162/392/622
f 1162/392/622 755/1016/1471 758/388/616
f 691/394/572 756/1019/1474 1162/392/622
f 760/376/613 752/1011/1466 644/374/611
f 752/1011/1466 1180/1009/1464 644/374/611
f 644/374/611 1180/1009/1464 742/1007/1462
f 646/372/608 644/374/611 742/1007/1462
f 646/372/608 742/1007/1462 743/1005/1460
f 673/370/602 646/372/608 743/1005/1460
f 673/370/602 743/1005/1460 744/1003/1458
f 675/368/600 673/370/602 744/1003/1458
f 675/368/600 744/1003/1458 746/1001/1456
f 666/366/598 675/368/600 746/1001/1456
f 666/366/598 746/1001/1456 1182/998/1453
f 645/364/596 666/366/598 1182/998/1453
f 645/364/596 1182/998/1453 785/996/1451
f 664/362/595 645/364/596 785/996/1451
f 664/362/595 785/996/1451 745/994/1449
f 667/357/594 664/362/595 745/994/1449
f 667/357/594 745/994/1449 661/355/588
f 745/994/1449 751/993/1448 661/355/588
f 661/355/588 751/993/1448 648/353/587
f 751/993/1448 750/991/1446 648/353/587
f 648/353/587 750/991/1446 660/350/580
f 750/991/1446 1298/989/1444 660/350/580
f 1298/989/1444 786/987/1442 660/350/580
f 786/987/1442 654/346/579 660/350/580
f 786/987/1442 1192/985/1440 654/346/579
f 1192/985/1440 652/347/585 654/346/579
f 1192/985/1440 1181/983/1438 652/347/585
f 1181/983/1438 788/348/586 652/347/585
f 1181/983/1438 789/982/1437 788/348/586
f 789/982/1437 642/349/528 788/348/586
f 789/982/1437 426/981/1436 429/980/1475
f 736/983/1476 789/982/1437 429/980/1475
f 736/983/1476 429/980/1475 430/984/1477
f 739/985/1478 736/983/1476 430/984/1477
f 739/985/1478 430/984/1477 621/986/1479
f 1173/987/1480 739/985/1478 621/986/1479
f 1173/987/1480 621/986/1479 1119/988/1481
f 1171/989/1482 1173/987/1480 1119/988/1481
f 1171/989/1482 1119/988/1481 1118/990/1483
f 1172/991/1484 1171/989/1482 1118/990/1483
f 1172/991/1484 1118/990/1483 473/992/1485
f 1174/993/1486 1172/991/1484 473/992/1485
f 1174/993/1486 473/992/1485 1176/994/1487
f 473/992/1485 450/995/1488 1176/994/1487
f 1176/994/1487 450/995/1488 740/996/1489
f 450/995/1488 461/997/1490 740/996/1489
f 740/996/1489 461/997/1490 1177/998/1491
f 461/997/1490 424/999/1492 1177/998/1491
f 424/999/1492 420/1000/1493 1177/998/1491
f 420/1000/1493 1175/1001/1494 1177/998/1491
f 420/1000/1493 427/1002/1495 1175/1001/1494
f 427/1002/1495 753/1003/1496 1175/1001/1494
f 427/1002/1495 416/1004/1497 753/1003/1496
f 416/1004/1497 1179/1005/1498 753/1003/1496
f 416/1004/1497 417/1006/1499 1179/1005/1498
f 417/1006/1499 1178/1007/1500 1179/1005/1498
f 417/1006/1499 419/1008/1501 1178/1007/1500
f 419/1008/1501 741/1009/1502 1178/1007/1500
f 419/1008/1501 418/1010/1503 741/1009/1502
f 418/1010/1503 1297/1011/1504 741/1009/1502
f 418/1010/1503 422/1012/1505 1297/1011/1504
f 422/1012/1505 747/1013/1506 1297/1011/1504
f 747/1013/1506 422/1012/1505 448/1014/1507
f 1183/1015/1508 747/1013/1506 448/1014/1507
f 1183/1015/1508 448/1014/1507 754/1016/1509
f 448/1014/1507 447/1017/1510 754/1016/1509
f 447/1017/1510 446/1018/1473 754/1016/1509
f 446/1018/1473 756/1019/1474 754/1016/1509
f 690/392/570 754/1016/1509 756/1019/1474
f 691/394/572 690/392/570 756/1019/1474
f 1183/1015/1508 754/1016/1509 687/388/566
f 754/1016/1509 690/392/570 687/388/566
f 1183/1015/1508 687/388/566 1160/389/567
f 747/1013/1506 1183/1015/1508 1160/389/567
f 747/1013/1506 1160/389/567 637/376/555
f 1297/1011/1504 747/1013/1506 637/376/555
f 1297/1011/1504 637/376/555 1150/374/553
f 741/1009/1502 1297/1011/1504 1150/374/553
f 1178/1007/1500 741/1009/1502 1150/374/553
f 1152/372/551 1178/1007/1500 1150/374/553
f 1179/1005/1498 1178/1007/1500 1152/372/551
f 674/370/549 1179/1005/1498 1152/372/551
f 753/1003/1496 1179/1005/1498 674/370/549
f 1145/368/547 753/1003/1496 674/370/549
f 1175/1001/1494 753/1003/1496 1145/368/547
f 563/366/545 1175/1001/1494 1145/368/547
f 1177/998/1491 1175/1001/1494 563/366/545
f 512/364/543 1177/998/1491 563/366/545
f 740/996/1489 1177/998/1491 512/364/543
f 564/362/541 740/996/1489 512/364/543
f 1176/994/1487 740/996/1489 564/362/541
f 570/357/536 1176/994/1487 564/362/541
f 570/357/536 568/355/534 1176/994/1487
f 568/355/534 1174/993/1486 1176/994/1487
f 568/355/534 567/353/532 1174/993/1486
f 567/353/532 1172/991/1484 1174/993/1486
f 567/353/532 1126/350/529 1172/991/1484
f 1126/350/529 1171/989/1482 1172/991/1484
f 1173/987/1480 1171/989/1482 1126/350/529
f 1121/346/525 1173/987/1480 1126/350/529
f 739/985/1478 1173/987/1480 1121/346/525
f 639/347/526 739/985/1478 1121/346/525
f 736/983/1476 739/985/1478 639/347/526
f 641/348/527 736/983/1476 639/347/526
f 789/982/1437 736/983/1476 641/348/527
f 642/349/528 789/982/1437 641/348/527
f 1292/1020/1511 556/1021/1512 558/1022/1513
f 795/1023/1514 1292/1020/1511 558/1022/1513
f 794/1024/1515 795/1023/1514 558/1022/1513
f 557/1025/1516 794/1024/1515 558/1022/1513
f 1271/1026/1517 794/1024/1515 557/1025/1516
f 548/1027/1518 1271/1026/1517 557/1025/1516
f 1044/1028/1519 1271/1026/1517 548/1027/1518
f 549/1029/1520 1044/1028/1519 548/1027/1518
f 792/1030/1521 1044/1028/1519 549/1029/1520
f 547/1031/1522 792/1030/1521 549/1029/1520
f 792/1030/1521 547/1031/1522 545/1032/1523
f 1043/1033/1524 792/1030/1521 545/1032/1523
f 1043/1033/1524 545/1032/1523 606/1034/1525
f 791/1035/1526 1043/1033/1524 606/1034/1525
f 791/1035/1526 606/1034/1525 604/1036/1527
f 1002/1037/1528 791/1035/1526 604/1036/1527
f 1206/1038/1529 1002/1037/1528 604/1036/1527
f 605/1039/1530 1206/1038/1529 604/1036/1527
f 1207/1040/1531 1206/1038/1529 605/1039/1530
f 599/1041/1532 1207/1040/1531 605/1039/1530
f 1185/1042/1533 1207/1040/1531 599/1041/1532
f 595/1043/1534 1185/1042/1533 599/1041/1532
f 556/1021/1512 1292/1020/1511 579/1022/1535
f 1292/1020/1511 793/1023/1536 579/1022/1535
f 579/1022/1535 793/1023/1536 796/1024/1537
f 582/1025/1538 579/1022/1535 796/1024/1537
f 796/1024/1537 1296/1026/1539 582/1025/1538
f 1296/1026/1539 583/1027/1540 582/1025/1538
f 1296/1026/1539 1194/1028/1541 583/1027/1540
f 1194/1028/1541 589/1029/1542 583/1027/1540
f 1194/1028/1541 1191/1030/1543 589/1029/1542
f 1191/1030/1543 619/1031/1544 589/1029/1542
f 619/1031/1544 1191/1030/1543 618/1032/1545
f 1191/1030/1543 790/1033/1546 618/1032/1545
f 618/1032/1545 790/1033/1546 617/1034/1547
f 790/1033/1546 1190/1035/1548 617/1034/1547
f 617/1034/1547 1190/1035/1548 590/1036/1549
f 1190/1035/1548 707/1037/1550 590/1036/1549
f 590/1036/1549 707/1037/1550 1189/1038/1551
f 588/1039/1552 590/1036/1549 1189/1038/1551
f 588/1039/1552 1189/1038/1551 787/1040/1553
f 598/1041/1554 588/1039/1552 787/1040/1553
f 598/1041/1554 787/1040/1553 1185/1042/1533
f 595/1043/1534 598/1041/1554 1185/1042/1533
f 17/1044/1555 1293/1045/1556 1292/1046/1557
f 1293/1045/1556 793/1047/1558 1292/1046/1557
f 1293/1045/1556 1289/1048/1559 793/1047/1558
f 999/1049/1560 1289/1048/1559 1293/1045/1556
f 20/1050/1561 999/1049/1560 1293/1045/1556
f 20/1050/1561 1293/1045/1556 17/1044/1555
f 20/1050/1561 17/1044/1555 10/1051/1562
f 20/1050/1561 10/1051/1562 11/1052/1563
f 20/1050/1561 11/1052/1563 705/1053/1564
f 1289/1048/1559 796/1054/1565 793/1047/1558
f 1289/1048/1559 1193/1055/1566 796/1054/1565
f 999/1049/1560 1193/1055/1566 1289/1048/1559
f 706/1056/1567 1193/1055/1566 999/1049/1560
f 706/1056/1567 999/1049/1560 998/1057/1568
f 999/1049/1560 705/1053/1564 998/1057/1568
f 20/1050/1561 705/1053/1564 999/1049/1560
f 1193/1055/1566 1296/1058/1569 796/1054/1565
f 1193/1055/1566 1295/1059/1570 1296/1058/1569
f 706/1056/1567 1295/1059/1570 1193/1055/1566
f 2/1060/1571 1295/1059/1570 706/1056/1567
f 2/1060/1571 706/1056/1567 704/1061/1572
f 706/1056/1567 998/1057/1568 704/1061/1572
f 1295/1059/1570 1194/1062/1573 1296/1058/1569
f 1295/1059/1570 1288/1063/1574 1194/1062/1573
f 1026/1064/1575 1288/1063/1574 1295/1059/1570
f 2/1060/1571 1026/1064/1575 1295/1059/1570
f 2/1060/1571 1024/1065/1576 1026/1064/1575
f 2/1060/1571 704/1061/1572 1024/1065/1576
f 1288/1063/1574 1191/1066/1577 1194/1062/1573
f 1288/1063/1574 1312/1067/1578 1191/1066/1577
f 13/1068/1579 1312/1067/1578 1288/1063/1574
f 13/1068/1579 1288/1063/1574 1026/1064/1575
f 13/1068/1579 1026/1064/1575 1025/1069/1580
f 1026/1064/1575 1024/1065/1576 1025/1069/1580
f 1312/1067/1578 790/1070/1581 1191/1066/1577
f 1190/1071/1582 790/1070/1581 1312/1067/1578
f 1299/1072/1583 1190/1071/1582 1312/1067/1578
f 1003/1073/1584 1299/1072/1583 1312/1067/1578
f 13/1068/1579 1003/1073/1584 1312/1067/1578
f 13/1068/1579 1007/1074/1585 1003/1073/1584
f 13/1068/1579 1025/1069/1580 1007/1074/1585
f 707/1075/1586 1190/1071/1582 1299/1072/1583
f 1302/1076/1587 707/1075/1586 1299/1072/1583
f 14/1077/1588 1302/1076/1587 1299/1072/1583
f 14/1077/1588 1299/1072/1583 1003/1073/1584
f 14/1077/1588 1003/1073/1584 1006/1078/1589
f 1003/1073/1584 1007/1074/1585 1006/1078/1589
f 1189/1079/1590 707/1075/1586 1302/1076/1587
f 1188/1080/1591 1189/1079/1590 1302/1076/1587
f 1021/1081/1592 1188/1080/1591 1302/1076/1587
f 14/1077/1588 1021/1081/1592 1302/1076/1587
f 14/1077/1588 1022/1082/1593 1021/1081/1592
f 14/1077/1588 1006/1078/1589 1022/1082/1593
f 787/1083/1594 1189/1079/1590 1188/1080/1591
f 1187/1084/1595 787/1083/1594 1188/1080/1591
f 1021/1081/1592 1187/1084/1595 1188/1080/1591
f 24/1085/1596 1187/1084/1595 1021/1081/1592
f 24/1085/1596 1021/1081/1592 1020/1086/1597
f 1021/1081/1592 1022/1082/1593 1020/1086/1597
f 1185/1087/1598 787/1083/1594 1187/1084/1595
f 784/1088/1599 1185/1087/1598 1187/1084/1595
f 24/1085/1596 784/1088/1599 1187/1084/1595
f 24/1085/1596 781/1089/1600 784/1088/1599
f 24/1085/1596 1184/1090/1601 781/1089/1600
f 24/1085/1596 1020/1086/1597 1184/1090/1601
f 783/1091/1602 781/1089/1600 1184/1090/1601
f 781/1089/1600 783/1091/1602 782/1090/1603
f 29/1085/1604 781/1089/1600 782/1090/1603
f 29/1085/1604 782/1090/1603 1014/1086/1605
f 29/1085/1604 1014/1086/1605 1017/1081/1606
f 1017/1081/1606 1014/1086/1605 1015/1082/1607
f 21/1077/1608 1017/1081/1606 1015/1082/1607
f 21/1077/1608 1015/1082/1607 1004/1078/1609
f 29/1085/1604 784/1088/1599 781/1089/1600
f 29/1085/1604 1186/1084/1610 784/1088/1599
f 29/1085/1604 1017/1081/1606 1186/1084/1610
f 1017/1081/1606 1205/1080/1611 1186/1084/1610
f 1017/1081/1606 1208/1076/1612 1205/1080/1611
f 21/1077/1608 1208/1076/1612 1017/1081/1606
f 21/1077/1608 1221/1072/1613 1208/1076/1612
f 21/1077/1608 1023/1073/1614 1221/1072/1613
f 21/1077/1608 1004/1078/1609 1023/1073/1614
f 1023/1073/1614 1004/1078/1609 1005/1074/1615
f 1185/1087/1598 784/1088/1599 1186/1084/1610
f 1207/1083/1616 1185/1087/1598 1186/1084/1610
f 1207/1083/1616 1186/1084/1610 1205/1080/1611
f 1206/1079/1617 1207/1083/1616 1205/1080/1611
f 1206/1079/1617 1205/1080/1611 1208/1076/1612
f 1002/1075/1618 1206/1079/1617 1208/1076/1612
f 1002/1075/1618 1208/1076/1612 1221/1072/1613
f 791/1071/1619 1002/1075/1618 1221/1072/1613
f 791/1071/1619 1221/1072/1613 994/1067/1620
f 1023/1073/1614 994/1067/1620 1221/1072/1613
f 35/1068/1621 994/1067/1620 1023/1073/1614
f 35/1068/1621 1023/1073/1614 1005/1074/1615
f 35/1068/1621 1005/1074/1615 1018/1069/1622
f 35/1068/1621 1018/1069/1622 1019/1064/1623
f 1019/1064/1623 1018/1069/1622 1016/1065/1624
f 8/1060/1625 1019/1064/1623 1016/1065/1624
f 8/1060/1625 1016/1065/1624 1038/1061/1626
f 1043/1070/1627 791/1071/1619 994/1067/1620
f 792/1066/1628 1043/1070/1627 994/1067/1620
f 993/1063/1629 792/1066/1628 994/1067/1620
f 35/1068/1621 993/1063/1629 994/1067/1620
f 35/1068/1621 1019/1064/1623 993/1063/1629
f 1019/1064/1623 1272/1059/1630 993/1063/1629
f 8/1060/1625 1272/1059/1630 1019/1064/1623
f 8/1060/1625 1009/1056/1631 1272/1059/1630
f 8/1060/1625 1038/1061/1626 1009/1056/1631
f 1009/1056/1631 1038/1061/1626 1061/1057/1632
f 1009/1056/1631 1061/1057/1632 1008/1049/1633
f 1008/1049/1633 1061/1057/1632 1269/1053/1634
f 1044/1062/1635 792/1066/1628 993/1063/1629
f 1272/1059/1630 1044/1062/1635 993/1063/1629
f 1271/1058/1636 1044/1062/1635 1272/1059/1630
f 1290/1055/1637 1271/1058/1636 1272/1059/1630
f 1009/1056/1631 1290/1055/1637 1272/1059/1630
f 1009/1056/1631 1008/1049/1633 1290/1055/1637
f 1008/1049/1633 1291/1048/1638 1290/1055/1637
f 1008/1049/1633 1294/1045/1639 1291/1048/1638
f 16/1050/1640 1294/1045/1639 1008/1049/1633
f 16/1050/1640 1008/1049/1633 1269/1053/1634
f 16/1050/1640 1269/1053/1634 11/1052/1563
f 16/1050/1640 11/1052/1563 10/1051/1562
f 16/1050/1640 10/1051/1562 17/1044/1555
f 794/1054/1641 1271/1058/1636 1290/1055/1637
f 1291/1048/1638 794/1054/1641 1290/1055/1637
f 795/1047/1642 794/1054/1641 1291/1048/1638
f 1294/1045/1639 795/1047/1642 1291/1048/1638
f 1292/1046/1557 795/1047/1642 1294/1045/1639
f 17/1044/1555 1292/1046/1557 1294/1045/1639
f 16/1050/1640 17/1044/1555 1294/1045/1639
f 311/1092/1643 328/1093/1644 309/887/1199
f 311/1092/1643 309/887/1199 310/886/1198
f 308/1094/1645 311/1092/1643 310/886/1198
f 308/1094/1645 310/886/1198 307/885/1197
f 306/1095/1646 308/1094/1645 307/885/1197
f 306/1095/1646 307/885/1197 305/884/1196
f 304/1096/1647 306/1095/1646 305/884/1196
f 304/1096/1647 305/884/1196 303/1097/1648
f 305/884/1196 302/883/1195 303/1097/1648
f 303/1097/1648 302/883/1195 299/1098/1649
f 302/883/1195 301/882/1194 299/1098/1649
f 299/1098/1649 301/882/1194 298/1099/1650
f 301/882/1194 300/880/1192 298/1099/1650
f 298/1099/1650 300/880/1192 296/1100/1651
f 300/880/1192 297/881/1193 296/1100/1651
f 296/1100/1651 297/881/1193 327/1101/1652
f 297/881/1193 295/878/1190 327/1101/1652
f 295/878/1190 992/877/1189 327/1101/1652
f 992/877/1189 325/1102/1653 327/1101/1652
f 992/877/1189 323/879/1191 325/1102/1653
f 323/879/1191 322/1103/1654 325/1102/1653
f 322/1103/1654 323/879/1191 321/1104/1655
f 323/879/1191 320/890/1202 321/1104/1655
f 321/1104/1655 320/890/1202 319/1105/1656
f 320/890/1202 318/888/1200 319/1105/1656
f 319/1105/1656 318/888/1200 326/889/1201
f 328/1093/1644 319/1105/1656 326/889/1201
f 328/1093/1644 326/889/1201 309/887/1199
f 11/1106/1657 1269/1107/1658 1268/1108/1659
f 1285/1109/1660 11/1106/1657 1268/1108/1659
f 1268/1108/1659 1267/1110/1661 1285/1109/1660
f 1284/1111/1662 1267/1110/1661 1268/1108/1659
f 1268/1108/1659 1280/1112/1663 1284/1111/1662
f 1270/1113/1664 1280/1112/1663 1268/1108/1659
f 1282/1114/1665 1270/1113/1664 1268/1108/1659
f 1268/1108/1659 1039/1115/1666 1282/1114/1665
f 1287/1116/1667 1039/1115/1666 1268/1108/1659
f 1287/1116/1667 1268/1108/1659 1061/1117/1668
f 1268/1108/1659 1269/1107/1658 1061/1117/1668
f 11/1106/1657 1285/1109/1660 1035/1118/1669
f 1285/1109/1660 1267/1110/1661 1035/1118/1669
f 1035/1118/1669 1267/1110/1661 1275/1119/1670
f 1267/1110/1661 783/1120/1671 1275/1119/1670
f 1267/1110/1661 1284/1111/1662 783/1120/1671
f 1284/1111/1662 782/1121/1672 783/1120/1671
f 1284/1111/1662 1280/1112/1663 782/1121/1672
f 1280/1112/1663 1014/1122/1673 782/1121/1672
f 1280/1112/1663 1037/1123/1674 1014/1122/1673
f 1037/1123/1674 1280/1112/1663 1270/1113/1664
f 705/1124/1675 11/1106/1657 1035/1118/1669
f 998/1125/1676 705/1124/1675 1035/1118/1669
f 1036/1126/1677 998/1125/1676 1035/1118/1669
f 1035/1118/1669 1279/1127/1678 1036/1126/1677
f 1278/1128/1679 1279/1127/1678 1035/1118/1669
f 1035/1118/1669 1277/1129/1680 1278/1128/1679
f 1035/1118/1669 1276/1130/1681 1277/1129/1680
f 1275/1119/1670 1276/1130/1681 1035/1118/1669
f 704/1131/1682 998/1125/1676 1036/1126/1677
f 1279/1127/1678 704/1131/1682 1036/1126/1677
f 1024/1132/1683 704/1131/1682 1279/1127/1678
f 1278/1128/1679 1024/1132/1683 1279/1127/1678
f 1025/1133/1684 1024/1132/1683 1278/1128/1679
f 1277/1129/1680 1025/1133/1684 1278/1128/1679
f 1025/1133/1684 1277/1129/1680 1273/1134/1685
f 1277/1129/1680 1274/1135/1686 1273/1134/1685
f 1283/1136/1687 1274/1135/1686 1277/1129/1680
f 1277/1129/1680 1276/1130/1681 1283/1136/1687
f 1276/1130/1681 1020/1137/1688 1283/1136/1687
f 1184/1138/1689 1020/1137/1688 1276/1130/1681
f 1275/1119/1670 1184/1138/1689 1276/1130/1681
f 783/1120/1671 1184/1138/1689 1275/1119/1670
f 1007/1139/1690 1025/1133/1684 1273/1134/1685
f 1006/1140/1691 1007/1139/1690 1273/1134/1685
f 1274/1135/1686 1006/1140/1691 1273/1134/1685
f 1022/1141/1692 1006/1140/1691 1274/1135/1686
f 1283/1136/1687 1022/1141/1692 1274/1135/1686
f 1020/1137/1688 1022/1141/1692 1283/1136/1687
f 1037/1123/1674 1015/1142/1693 1014/1122/1673
f 1037/1123/1674 1281/1143/1694 1015/1142/1693
f 1270/1113/1664 1281/1143/1694 1037/1123/1674
f 1286/1144/1695 1281/1143/1694 1270/1113/1664
f 1270/1113/1664 1018/1145/1696 1286/1144/1695
f 1270/1113/1664 1282/1114/1665 1018/1145/1696
f 1282/1114/1665 1016/1146/1697 1018/1145/1696
f 1282/1114/1665 1039/1115/1666 1016/1146/1697
f 1281/1143/1694 1004/1147/1698 1015/1142/1693
f 1281/1143/1694 1286/1144/1695 1004/1147/1698
f 1286/1144/1695 1005/1148/1699 1004/1147/1698
f 1018/1145/1696 1005/1148/1699 1286/1144/1695
f 1039/1115/1666 1038/1149/1700 1016/1146/1697
f 1039/1115/1666 1287/1116/1667 1038/1149/1700
f 1287/1116/1667 1061/1117/1668 1038/1149/1700
