# Blender 4.5.3 LTS
# www.blender.org
mtllib EYECopHelmet2.mtl
o COP_helmet
v -5.100085 -1.107946 2.211364
v -4.986624 -1.134077 2.166920
v -4.640061 -0.872480 2.519415
v -4.555053 -0.888700 2.427652
v 4.499546 -3.185995 -2.834840
v 4.555988 -3.008550 -2.907821
v 4.813617 -1.009641 -1.059268
v 4.856113 -0.869146 -1.195219
v 4.064939 -0.872472 2.519418
v 4.524962 -1.107946 2.211361
v 4.214505 -0.746366 2.473548
v 4.569193 -0.911230 2.214334
v 4.834887 -0.925222 -0.925322
v 4.875424 -0.745115 -1.001511
v 4.897878 -0.680913 0.095318
v 4.930076 -0.483999 0.097376
v 0.988101 -1.175992 -6.637263
v -0.287562 -1.126874 -6.822242
v -0.287562 -1.023794 -6.803946
v -1.563226 -1.175992 -6.637265
v 3.944920 -2.682989 -4.699449
v 4.039801 -2.516111 -4.643836
v 3.350125 -1.840848 -5.458745
v 3.450131 -1.671155 -5.424638
v 1.626513 -1.087080 -6.441004
v 1.571987 -1.279218 -6.426495
v 1.014390 -0.979200 -6.662070
v -0.287562 -0.927984 -6.849621
v -1.589514 -0.979200 -6.662069
v -2.201636 -1.087080 -6.441001
v -2.147111 -1.279226 -6.426499
v -3.925247 -1.840856 -5.458748
v -4.025255 -1.671155 -5.424638
v -4.614923 -2.516111 -4.643836
v -4.520041 -2.682989 -4.699450
v -5.131109 -3.008550 -2.907823
v -5.074668 -3.186002 -2.834841
v -2.980211 -5.442319 0.733925
v -2.015604 -4.353521 2.690442
v -3.290212 -3.172399 1.821588
v -3.277648 -1.161481 -1.880794
v -3.254308 -2.154371 -2.539824
v -3.494199 -2.601835 2.538862
v -3.981282 -3.548025 2.361121
v -3.063616 -4.704076 3.650985
v -1.997967 -5.434667 5.018081
v -0.287562 -4.611455 3.355052
v -0.287562 -5.546827 5.496946
v 1.422847 -5.434675 5.018078
v -3.455350 -1.781736 3.161628
v -5.249372 -0.133443 -0.289177
v -5.288220 -0.953542 -0.911943
v -5.267214 -1.021116 -1.028866
v -4.953815 -3.188962 -2.775853
v -4.402870 -2.695470 -4.611093
v 1.440482 -4.353521 2.690441
v 2.488494 -4.704076 3.650985
v -0.287562 -6.390501 2.588788
v -1.759418 -6.190183 1.638301
v -2.270402 -5.978635 0.189763
v -2.933528 -4.609655 -2.278192
v -2.975874 -1.978506 -3.612206
v -1.903795 -1.762258 -4.485542
v -2.158549 -4.756864 -3.787992
v -0.287562 -4.543989 -4.386360
v -0.287562 -1.472311 -4.615546
v 1.328671 -1.762258 -4.485542
v 1.583425 -4.756864 -3.787995
v 2.400750 -1.978506 -3.612207
v 2.358405 -4.609663 -2.278194
v 2.679183 -2.154371 -2.539826
v 1.695280 -5.978628 0.189762
v 2.405088 -5.442319 0.733925
v 1.184296 -6.190183 1.638301
v -0.287562 -6.676855 1.555670
v -1.371422 -6.529348 0.855740
v 0.796301 -6.529348 0.855740
v 3.406160 -3.548025 2.361122
v 2.715091 -3.172391 1.821591
v 2.702525 -1.145696 -1.896532
v 4.378689 -3.188962 -2.775851
v 3.827745 -2.695470 -4.611093
v 2.919076 -2.601842 2.538861
v 4.674248 -0.133451 -0.289180
v 2.880227 -1.781744 3.161625
v 4.713097 -0.953550 -0.911944
v 4.692090 -1.038267 -1.022591
v -2.495674 1.934687 3.116374
v -1.842429 1.934695 3.116375
v -2.169051 2.006785 3.116372
v -1.603323 1.737688 3.116375
v -2.734778 1.737688 3.116374
v -1.515805 1.468562 3.116374
v -2.822297 1.468577 3.116377
v -1.603324 1.199450 3.116376
v -2.734777 1.199450 3.116374
v -1.842428 1.002451 3.116375
v -2.495674 1.002451 3.116376
v -2.169051 0.930338 3.116375
v 3.979931 -0.888685 2.427653
v 4.411504 -1.134069 2.166919
v 3.030843 2.159098 3.090273
v 2.946079 2.191096 3.002819
v 3.544691 1.315874 2.394904
v 3.457528 1.317484 2.305291
v -5.388741 -1.009641 -1.059267
v 4.779035 -0.718053 0.082694
v -2.258668 0.896380 -5.831088
v -2.294905 2.156695 -5.443542
v -1.655458 1.053759 -6.020106
v -4.015364 1.195948 -4.506539
v -4.019206 0.081973 -4.863254
v -4.809781 0.071826 -3.207804
v 1.662750 0.384562 -6.419356
v 1.056291 0.523890 -6.620064
v -0.287562 0.606631 -6.765411
v -1.631415 0.523890 -6.620063
v -0.287562 1.154566 -6.141248
v -2.237875 0.384570 -6.419354
v -4.021411 -0.345861 -5.433827
v -4.734073 -0.933668 -3.765749
v -5.431237 -0.869146 -1.195217
v 1.080333 1.053759 -6.020107
v 1.683545 0.896387 -5.831087
v 3.446288 -0.345861 -5.433826
v 3.444083 0.081973 -4.863252
v 4.158949 -0.933675 -3.765751
v -1.697360 2.345515 -5.612200
v -0.287562 2.477854 -5.691138
v 1.122235 2.345522 -5.612199
v 1.719781 2.156695 -5.443541
v 3.440240 1.195948 -4.506541
v 4.234658 0.071826 -3.207804
v -0.287561 -1.155324 -6.739643
v 0.957052 -1.227857 -6.455289
v -0.287562 -1.183149 -6.635656
v -3.830941 -1.873945 -5.327837
v -2.088598 -1.325063 -6.256102
v -1.532177 -1.227865 -6.455292
v 1.513474 -1.325063 -6.256099
v 3.255819 -1.873930 -5.327834
v -1.753832 2.061129 3.539444
v -2.169051 2.152796 3.539444
v -2.584270 2.061129 3.539446
v -2.888235 1.810694 3.539447
v -2.999493 1.468577 3.539447
v -2.888235 1.126459 3.539445
v -2.584270 0.876002 3.539445
v -2.169051 0.784342 3.539446
v -1.753830 0.876017 3.539446
v -1.449868 1.126459 3.539447
v -1.338610 1.468577 3.539447
v -1.449870 1.810679 3.539443
v -1.700229 3.309672 -5.186054
v -1.640537 4.200289 -4.822416
v -0.287563 3.436472 -5.226094
v -2.238845 3.978755 -4.686946
v -2.209967 4.406802 -4.440199
v -3.438404 3.900660 -3.807283
v -3.348632 4.606799 -3.425739
v -3.693977 3.056544 -4.068705
v -2.318417 3.159060 -5.034320
v 1.125104 3.309664 -5.186057
v 1.065412 4.200297 -4.822415
v -0.287563 4.361140 -4.890404
v -1.612211 4.625697 -4.585452
v -2.191388 5.025172 -4.031197
v -3.270968 5.330058 -2.975960
v -3.713158 2.613230 -4.351620
v 1.037086 4.625697 -4.585453
v -0.287562 4.779536 -4.676510
v 1.006700 5.228175 -4.184500
v 1.616263 5.025172 -4.031195
v 1.634842 4.406809 -4.440200
v 1.663720 3.978755 -4.686944
v 1.743293 3.159060 -5.034321
v -1.581826 5.228175 -4.184498
v -2.160015 5.809962 -3.378338
v -3.183307 5.969790 -2.406042
v -2.121079 6.568545 -2.590490
v -3.117869 6.524271 -0.638150
v -2.024109 7.180110 -0.661788
v -3.076019 6.297854 1.466921
v -2.035162 6.849398 1.680598
v -2.709787 5.805789 2.625778
v -2.067268 6.063685 2.889145
v -2.698070 4.804789 3.153278
v -2.106280 4.866663 3.537706
v -2.850111 3.847155 3.460914
v -1.541996 6.007617 -3.519759
v -1.503674 6.801508 -2.658546
v -1.399619 7.403765 -0.683406
v -1.418034 7.044261 1.825260
v -1.445008 6.215647 3.055865
v -1.497862 4.915690 3.791479
v -0.287563 4.968668 3.983867
v -1.535420 3.972750 4.192604
v -0.287562 4.035578 4.407351
v -1.564980 3.212008 4.420250
v -0.287562 3.222590 4.665209
v 0.989855 3.212008 4.420250
v 0.960296 3.972758 4.192606
v 1.592805 3.202555 4.147845
v -2.167929 3.202555 4.147845
v -2.140861 3.921320 3.931449
v -0.287563 6.303088 3.173959
v 0.922738 4.915690 3.791478
v 0.869883 6.215655 3.055867
v -0.287562 7.182780 1.928339
v -2.939056 3.187891 3.623338
v -2.996011 2.832880 3.732448
v -2.197116 2.852602 4.312516
v -1.599942 2.858172 4.593848
v -0.287562 2.854678 4.848560
v 1.024818 2.858172 4.593848
v 1.621992 2.852602 4.312517
v 2.420887 2.832873 3.732449
v 2.363932 3.187884 3.623338
v 1.565736 3.921320 3.931449
v 2.274986 3.847163 3.460916
v 1.531156 4.866671 3.537706
v 1.492143 6.063693 2.889145
v 0.842907 7.044261 1.825259
v -0.287563 7.551211 -0.708830
v -0.287562 6.988925 -2.706817
v -0.287563 6.191660 -3.623623
v -0.287562 5.415125 -4.284015
v 1.460035 6.849398 1.680597
v 0.824492 7.403773 -0.683404
v 0.928549 6.801508 -2.658547
v 0.966870 6.007617 -3.519760
v 1.584891 5.809969 -3.378338
v 1.448983 7.180110 -0.661789
v 1.545953 6.568545 -2.590490
v 2.122946 4.804789 3.153278
v 2.134662 5.805789 2.625780
v 2.500893 6.297862 1.466923
v 2.542743 6.524271 -0.638152
v 2.608183 5.969790 -2.406042
v 2.695842 5.330073 -2.975957
v 2.773509 4.606806 -3.425738
v 2.863279 3.900660 -3.807286
v 3.118851 3.056544 -4.068705
v 3.138033 2.613238 -4.351619
v -1.671140 2.179141 3.539444
v -2.169052 2.289065 3.539445
v -2.666963 2.179133 3.539444
v -3.031459 1.878817 3.539444
v -3.164874 1.468577 3.539446
v -3.031460 1.058321 3.539445
v -2.666962 0.758005 3.539447
v -2.169050 0.648074 3.539447
v -1.671140 0.758005 3.539446
v -1.306642 1.058321 3.539445
v -1.173228 1.468577 3.539448
v -1.306643 1.878825 3.539446
v 2.526865 0.535960 2.918902
v 2.757541 0.933970 3.198714
v 2.500177 0.523470 3.337815
v 2.742976 0.920000 2.918899
v 2.826625 1.288462 3.110771
v 2.837279 1.297137 2.918900
v 2.776271 1.596278 3.027801
v 2.787761 1.602084 2.918901
v 2.353575 2.283953 2.918900
v 2.348114 2.278636 3.039124
v 3.353208 0.294756 2.176455
v 3.353208 2.540980 2.275248
v 2.766875 0.294772 2.853333
v 3.353208 3.201251 2.522631
v 2.766875 2.540995 2.952126
v -0.287562 2.540980 2.952124
v -0.287562 0.294772 2.853333
v -3.341999 0.294756 2.853331
v -3.341999 2.540980 2.952123
v -3.928331 2.540980 2.275248
v -3.928331 3.201251 2.522631
v -3.341999 3.201258 3.257174
v -0.287562 3.132678 4.554767
v 2.766875 3.201258 3.257175
v -3.928331 0.294764 2.176455
v -4.040611 4.700251 -2.221305
v -3.924660 5.562129 -0.638553
v -4.364129 4.628893 -0.639596
v -3.737796 5.419535 1.530460
v -3.667408 5.568484 -2.033877
v -4.377062 3.741549 -2.223214
v -4.663777 3.653162 -0.670165
v -4.286556 3.828722 1.747958
v -4.401712 3.092814 1.786090
v -3.710181 3.173220 3.098829
v -3.826255 2.658022 3.165217
v -3.559360 3.772997 2.990374
v -3.289860 4.742922 2.768854
v -3.096011 5.378207 2.592529
v -4.004233 4.805163 1.639010
v -4.518183 3.043246 -2.303131
v -4.791751 2.837206 -0.718345
v -4.480087 2.570673 1.800336
v -4.639915 1.453081 2.007392
v -5.000137 1.447726 -0.681770
v -5.505199 -0.483976 0.097375
v -5.450548 -0.745122 -1.001512
v -4.733191 1.524927 -2.333625
v -4.605072 2.520129 -2.333624
v -5.144318 -0.911237 2.214334
v -4.874953 2.292765 -0.723274
v -0.065309 2.057215 4.035738
v 0.466400 1.496134 2.918800
v -0.065308 2.559184 2.918797
v 0.466400 1.496134 4.035740
v 1.004290 0.939532 3.908567
v 1.004290 0.939532 2.919861
v 1.519833 0.698458 3.794785
v 1.519834 0.698458 2.919861
v 2.359735 0.776774 3.394686
v 2.359736 0.776781 2.918802
v 2.510598 1.058588 3.266513
v 2.484029 1.034243 2.918797
v 2.562101 1.330691 3.167163
v 2.558125 1.322352 2.918800
v 2.523385 1.502535 3.116862
v 2.523386 1.502528 2.918799
v 2.121008 2.116534 3.107159
v 2.121009 2.116534 2.918799
v -5.473002 -0.680921 0.095317
v -5.354156 -0.718061 0.082694
v -5.410011 -0.925222 -0.925321
v -3.605966 2.159098 3.090274
v -4.119814 1.315890 2.394906
v -3.521203 2.191103 3.002819
v -4.032650 1.317484 2.305291
v -0.065308 1.452357 4.441418
v 0.385463 1.186190 4.441420
v 0.957145 0.659441 4.314249
v 1.511269 0.459879 4.200464
v 2.457133 0.663661 3.800364
v 2.647915 0.991770 3.606050
v 2.753204 1.330393 3.473908
v 2.718248 1.543826 3.412665
v 2.315724 2.157488 3.469522
v 2.919077 -2.884092 3.155965
v 3.199810 -3.398313 3.100120
v 2.062249 -2.669775 4.376508
v 1.315177 -1.691999 4.692640
v 0.947635 -3.267492 5.649481
v 2.488494 -4.291112 4.347456
v 1.422847 -5.021703 5.714548
v -0.287562 -5.133871 6.193413
v -1.997967 -5.021711 5.714547
v -1.522758 -3.267484 5.649481
v -3.063616 -4.291112 4.347455
v -0.287561 -3.417364 6.047479
v 0.472424 -1.513273 5.584414
v 0.176553 -0.568883 5.222330
v -0.287561 -1.381910 5.710752
v -0.287561 -0.385694 5.272279
v -0.751676 -0.568883 5.222330
v -1.047547 -1.513273 5.584414
v -1.890300 -1.692007 4.692637
v -2.637372 -2.669775 4.376509
v -3.774930 -3.398305 3.100122
v -3.494198 -2.884092 3.155965
v 3.722243 1.393916 2.344268
v 3.161198 2.306010 3.135544
v 1.680933 2.098696 4.626783
v 1.637097 1.922060 4.544345
v 1.093074 1.886729 4.851047
v 1.117385 2.065714 4.937058
v -0.287562 1.886317 5.063605
v -0.287561 2.065707 5.176641
v -1.692509 2.065714 4.937058
v -1.668198 1.886729 4.851048
v -2.256057 2.098704 4.626787
v -2.212220 1.922060 4.544347
v -3.736322 2.306010 3.135545
v -4.297368 1.393923 2.344270
v -4.789629 -0.746366 2.473547
v 3.789005 4.628901 -0.639595
v 3.801936 3.741549 -2.223217
v 3.465486 4.700236 -2.221308
v 3.092283 5.568484 -2.033876
v 3.349535 5.562129 -0.638553
v 3.162671 5.419535 1.530462
v 3.429109 4.805171 1.639012
v 3.711433 3.828730 1.747960
v 4.088655 3.653162 -0.670165
v 3.943058 3.043238 -2.303133
v 4.216627 2.837214 -0.718344
v 3.904964 2.570681 1.800337
v 4.299829 2.292765 -0.723274
v 3.826587 3.092822 1.786090
v 3.251133 2.658022 3.165218
v 3.135058 3.173228 3.098830
v 2.984236 3.773005 2.990377
v 2.714735 4.742915 2.768852
v 2.520886 5.378199 2.592526
v 4.029947 2.520129 -2.333623
v 4.158066 1.524927 -2.333626
v 4.425014 1.447726 -0.681768
v 4.064791 1.453081 2.007392
v 2.514809 2.305956 3.319377
v 2.935575 1.617823 3.238291
v 2.970925 1.252802 3.301675
v 2.846510 0.827479 3.472547
v 2.551077 0.404879 3.686713
v 1.435385 0.215579 4.046466
v 0.816331 0.457804 4.151066
v 0.249383 0.993716 4.263266
v -0.146886 1.278834 4.207908
v -2.637373 -2.373350 3.754636
v -1.890300 -1.503866 4.075700
v -0.751675 -0.380743 4.605393
v -0.287561 -0.242010 4.661277
v 0.176552 -0.380743 4.605394
v 1.315176 -1.503858 4.075704
v 2.062249 -2.373342 3.754637
v -0.509815 2.559199 2.918802
v -0.287563 2.559199 2.178272
v -0.509816 2.559199 2.178272
v -0.287562 2.559199 2.918801
v -0.065308 2.559199 2.178271
v -3.101989 0.535952 2.178373
v -3.101987 0.535952 2.918901
v -3.318100 0.920000 2.178371
v -3.318099 0.920008 2.918901
v -3.412402 1.297144 2.178373
v -3.412403 1.297137 2.918900
v -3.362883 1.602084 2.178372
v -3.362884 1.602076 2.918898
v -2.928698 2.283946 2.178371
v -2.928699 2.283953 2.918901
v -1.041524 1.496127 2.918799
v -1.041524 1.496134 2.178272
v -1.579414 0.939532 2.179332
v -1.579413 0.939532 2.919861
v -2.094957 0.698451 2.919860
v -2.094957 0.698458 2.179334
v -2.934859 0.776774 2.918800
v -2.934859 0.776766 2.178271
v -3.059152 1.034251 2.918800
v -3.059151 1.034243 2.178272
v -3.133249 1.322352 2.918800
v -3.133249 1.322352 2.178271
v -3.098508 1.502528 2.918800
v -3.098508 1.502528 2.178270
v -2.696136 2.116534 2.918799
v -2.696135 2.116534 2.178270
v -0.509815 1.452357 4.441418
v -0.824507 0.993716 4.263265
v -0.428238 1.278834 4.207908
v -0.960587 1.186190 4.441419
v -1.532267 0.659441 4.314248
v -1.391452 0.457812 4.151068
v -2.086392 0.459887 4.200466
v -2.010509 0.215579 4.046465
v -3.032258 0.663668 3.800367
v -3.126199 0.404879 3.686711
v -3.421632 0.827486 3.472548
v -3.223038 0.991770 3.606050
v -3.328328 1.330393 3.473907
v -3.546048 1.252795 3.301672
v -3.293373 1.543833 3.412667
v -3.510699 1.617815 3.238290
v -3.089932 2.305949 3.319375
v -2.890848 2.157481 3.469521
v -0.509815 2.057208 4.035740
v -0.287562 2.057208 4.035739
v -3.075299 0.523463 3.337814
v -3.332664 0.933962 3.198711
v -3.401750 1.288454 3.110771
v -3.351396 1.596285 3.027804
v -2.923240 2.278628 3.039124
v -0.287562 1.452357 4.441419
v -0.287562 1.278841 4.202135
v -1.041523 1.496127 4.035739
v -1.579413 0.939532 3.908567
v -2.094957 0.698451 3.794785
v -2.934859 0.776766 3.394685
v -3.085722 1.058573 3.266512
v -3.137224 1.330691 3.167163
v -3.098508 1.502528 3.116861
v -2.696135 2.116541 3.107160
v 3.519959 -0.393301 1.832197
v 3.380076 -1.145956 2.560336
v 3.634787 -0.948621 1.693984
v 3.230374 -0.579420 2.633123
v 2.968639 -0.791204 3.504809
v 3.050665 -1.377210 3.569416
v 2.481991 -0.901647 3.867228
v 2.522239 -1.490156 3.961230
v 1.844088 -1.313322 4.274382
v 1.774398 -0.729093 4.167920
v 1.178356 -0.843076 4.406051
v 1.136770 -0.270307 4.235906
v 0.363856 -0.128118 4.826974
v 0.340960 0.394351 4.540088
v 0.011334 -0.012578 4.865613
v 0.001766 0.506892 4.575496
v -0.287562 0.035098 4.882584
v -0.287562 0.553652 4.590672
v -0.576891 0.506899 4.575498
v -0.586458 -0.012571 4.865615
v -0.916082 0.394351 4.540089
v -0.938980 -0.128126 4.826973
v -1.711893 -0.270315 4.235904
v -1.753478 -0.843076 4.406051
v -2.349520 -0.729101 4.167919
v -2.419210 -1.313314 4.274379
v -3.057115 -0.901647 3.867227
v -3.097362 -1.490156 3.961229
v -3.625787 -1.377210 3.569415
v -3.543761 -0.791212 3.504807
v -3.955200 -1.145948 2.560336
v -3.805496 -0.579412 2.633124
v -4.095082 -0.393301 1.832199
v -4.209911 -0.948621 1.693985
v -4.292996 -0.361387 1.908195
v -4.054024 0.306284 2.045593
v -4.151104 0.312006 2.084186
v -4.194039 -0.377347 1.870196
v -4.406765 -0.901327 1.767085
v -4.392455 -1.888685 -0.120505
v -5.111573 -1.696012 0.155046
v -4.070843 -0.773244 0.088064
v -4.796993 -0.599851 0.355156
v -3.892932 -0.215383 0.504861
v -4.625842 -0.102880 0.774581
v -3.671042 0.480402 1.024698
v -4.412383 0.516932 1.297689
v -3.378559 1.505312 1.947108
v -4.079656 1.395686 2.308161
v -0.603397 0.585070 4.700334
v -0.978038 0.466609 4.653574
v -1.758410 -0.224874 4.369913
v -2.397161 -0.695135 4.304836
v -3.123142 -0.873273 3.996454
v -3.647793 -0.760129 3.600373
v -3.934425 -0.557195 2.687524
v 3.618916 -0.377340 1.870198
v 3.359302 -0.557188 2.687524
v 3.072669 -0.760122 3.600375
v 2.548018 -0.873273 3.996454
v 1.822038 -0.695127 4.304836
v 1.183287 -0.224889 4.369911
v 0.402915 0.466609 4.653574
v 0.028273 0.585070 4.700334
v -0.287562 0.633112 4.717899
v 0.368889 0.794070 4.454740
v 0.023422 0.926363 4.483989
v 1.159032 0.054614 4.274793
v 1.744484 -0.202260 4.202163
v 2.492718 -0.269170 3.891204
v 2.950385 -0.132619 3.544018
v 3.187340 0.062556 2.895715
v 3.478902 0.306284 2.045595
v -3.762462 0.062563 2.895716
v -3.525508 -0.132619 3.544019
v -3.067842 -0.269170 3.891204
v -2.319609 -0.202260 4.202163
v -1.734154 0.054606 4.274791
v -0.944012 0.794070 4.454738
v -0.598545 0.926363 4.483992
v -0.287562 0.986315 4.494120
v 3.817333 -1.888700 -0.120511
v 3.495721 -0.773260 0.088056
v 4.536450 -1.696020 0.155043
v 4.221870 -0.599859 0.355154
v 3.317808 -0.215375 0.504860
v 4.050718 -0.102888 0.774578
v 3.095917 0.480410 1.024697
v 3.837260 0.516940 1.297691
v 2.803434 1.505305 1.947107
v 3.504531 1.395686 2.308162
v 2.526864 0.535952 2.178373
v 2.742976 0.920016 2.178374
v 2.837280 1.297137 2.178371
v 2.787761 1.602084 2.178372
v 2.353576 2.283946 2.178370
v 2.456335 1.878825 3.539446
v 2.589751 1.468569 3.539444
v 2.584988 1.940020 3.159015
v 2.738307 1.468569 3.159016
v 2.584988 0.997118 3.159014
v 2.456335 1.058321 3.539446
v 2.166116 0.651995 3.159016
v 2.091837 0.758005 3.539446
v 1.593926 0.525675 3.159014
v 1.593927 0.648074 3.539445
v 1.096015 0.758005 3.539445
v 1.021735 0.652003 3.159015
v 0.731519 1.058329 3.539446
v 0.602865 0.997118 3.159015
v 0.598105 1.468569 3.539444
v 0.449548 1.468569 3.159013
v 0.602865 1.940028 3.159017
v 0.731519 1.878817 3.539445
v 1.021737 2.285143 3.159016
v 1.096015 2.179141 3.539444
v 1.593928 2.411463 3.159015
v 1.593927 2.289073 3.539446
v 2.091839 2.179141 3.539446
v 2.166117 2.285143 3.159016
v 2.159655 1.737696 3.116375
v 2.247173 1.468569 3.116374
v 2.313110 1.810686 3.539444
v 2.424369 1.468569 3.539443
v 2.313110 1.126459 3.539445
v 2.159656 1.199458 3.116376
v 2.009147 0.876009 3.539447
v 1.920550 1.002451 3.116375
v 1.593926 0.784335 3.539444
v 1.593926 0.930346 3.116375
v 1.267304 1.002451 3.116375
v 1.178707 0.876017 3.539446
v 1.028200 1.199450 3.116375
v 0.874745 1.126452 3.539444
v 0.940681 1.468569 3.116375
v 0.763487 1.468569 3.539445
v 0.874745 1.810686 3.539446
v 1.028200 1.737688 3.116374
v 1.178708 2.061129 3.539445
v 1.267305 1.934695 3.116375
v 1.593928 2.152796 3.539444
v 1.593928 2.006793 3.116373
v 1.920550 1.934695 3.116375
v 2.009147 2.061129 3.539446
v -2.139766 1.925135 4.442207
v -1.629129 1.887858 4.732255
v -0.287561 1.886973 4.936690
v 1.054004 1.887850 4.732255
v 1.564640 1.925127 4.442206
v 3.831642 -0.901327 1.767086
v 3.717873 -0.361394 1.908197
v 3.575983 0.312014 2.084189
v 1.689722 2.577845 4.636714
v 1.117386 2.565295 4.939960
v -0.287562 2.565287 5.179547
v -1.692509 2.565287 4.939959
v -2.264845 2.577845 4.636713
v 0.466400 1.496127 2.178271
v 1.004288 0.939539 2.179334
v 1.519833 0.698458 2.179334
v 2.359737 0.776774 2.178272
v 2.484029 1.034251 2.178273
v 2.558126 1.322352 2.178270
v 2.523385 1.502535 2.178272
v 2.121009 2.116541 2.178271
v -0.287562 1.069323 3.563671
v -0.606712 1.457133 4.261970
v -0.287561 1.533984 4.263443
v -0.464680 0.997301 3.575650
v -0.918350 1.306612 4.254513
v -0.641522 0.858012 3.609108
v -1.720711 0.512446 4.234069
v -1.577114 0.219790 3.461845
v -2.045680 0.252413 3.378217
v -2.233550 0.471125 4.163913
v -3.024911 0.595561 3.840961
v -2.681624 0.427699 3.104488
v -2.855773 0.593966 2.977633
v -3.413163 0.759211 3.545346
v -3.581323 0.895853 3.251096
v -2.932177 0.796671 2.789665
v -3.973592 1.291468 2.512511
v -3.267102 1.327746 2.148696
v -0.287562 -0.615720 4.472460
v 0.045465 -0.391408 5.244670
v -0.287562 -0.385694 5.272279
v -0.084603 -0.656415 4.459827
v 0.085562 -0.733831 4.470926
v 0.453384 -0.513685 5.179527
v 1.290903 -1.362913 4.696974
v 0.999151 -1.483297 3.926537
v 1.684947 -2.458219 3.777010
v 2.002831 -2.407682 4.543340
v 2.632444 -2.811712 4.235380
v 2.236085 -2.850820 3.511463
v 2.666673 -2.907751 3.239689
v 3.228703 -2.865400 3.824376
v 3.874567 -2.907522 2.694665
v 3.193461 -3.049940 2.302555
v 4.191960 -2.691053 1.869424
v 3.480028 -2.876173 1.568479
v -0.287562 1.048434 4.586116
v 0.031590 1.457133 4.261971
v 0.044338 0.987681 4.573784
v 0.343227 1.306620 4.254514
v 0.425204 0.850535 4.529259
v 1.145588 0.512438 4.234068
v 1.185765 0.090724 4.375780
v 1.658426 0.471125 4.163914
v 1.777672 -0.173208 4.303266
v 2.449787 0.595561 3.840960
v 2.538428 -0.246244 3.988168
v 3.022015 -0.108045 3.620552
v 2.838039 0.759211 3.545345
v 3.281143 0.081324 2.939176
v 3.006198 0.895853 3.251094
v 3.398467 1.291476 2.512513
v 3.576186 -1.106390 2.640027
v 3.224398 -1.364851 3.700737
v 2.625649 -1.477819 4.160171
v 1.907635 -1.295484 4.491267
v 1.252705 -0.805494 4.616379
v 0.445333 -0.056188 5.024977
v 0.042324 0.067561 5.076474
v -0.287561 0.117030 5.095357
v -0.617445 0.067553 5.076474
v -0.620590 -0.391408 5.244669
v -1.020456 -0.056188 5.024976
v -1.028507 -0.513692 5.179526
v -1.827828 -0.805486 4.616380
v -1.866026 -1.362913 4.696974
v -2.482758 -1.295484 4.491266
v -2.577953 -2.407674 4.543342
v -3.200771 -1.477804 4.160174
v -3.207567 -2.811712 4.235377
v -3.803826 -2.865400 3.824377
v -3.799521 -1.364851 3.700739
v -4.449691 -2.907514 2.694668
v -4.151310 -1.106397 2.640026
v -4.767084 -2.691061 1.869423
v -3.856264 0.081316 2.939174
v -3.597139 -0.108045 3.620552
v -3.113552 -0.246244 3.988168
v -2.352796 -0.173208 4.303264
v -1.760888 0.090724 4.375779
v -1.000327 0.850542 4.529259
v -0.619461 0.987681 4.573784
v -3.160114 1.940028 3.159017
v -2.741241 2.285136 3.159014
v -3.313431 1.468569 3.159015
v -3.160111 0.997134 3.159016
v -2.741240 0.651988 3.159016
v -2.169051 0.525675 3.159016
v -1.596861 0.652003 3.159016
v -1.177989 0.997111 3.159013
v -1.024671 1.468577 3.159016
v -1.177990 1.940028 3.159017
v -1.596862 2.285136 3.159016
v -2.169052 2.411456 3.159014
v -4.055151 -2.876157 1.568482
v -3.768583 -3.049947 2.302554
v -3.241796 -2.907751 3.239689
v -2.811207 -2.850820 3.511462
v -2.260071 -2.458211 3.777013
v -1.574275 -1.483297 3.926536
v -0.660685 -0.733831 4.470926
v -0.490520 -0.656408 4.459826
v 2.691976 1.327738 2.148694
v 2.357054 0.796671 2.789664
v 2.280648 0.593966 2.977632
v 2.106501 0.427699 3.104488
v 1.470557 0.252413 3.378217
v 1.001991 0.219790 3.461845
v 0.066400 0.858019 3.609109
v -0.110442 0.997301 3.575651
vn 0.0357 -0.8190 0.5727
vn 0.0608 -0.8292 0.5556
vn 0.2344 -0.8767 0.4201
vn 0.2606 -0.8801 0.3969
vn 0.9598 -0.2448 0.1371
vn 0.9587 -0.2471 0.1406
vn 0.9737 -0.2110 0.0864
vn 0.9731 -0.2125 0.0887
vn 0.4913 -0.2271 0.8409
vn 0.5063 -0.1267 0.8530
vn 0.4831 -0.2701 0.8328
vn 0.5031 -0.1518 0.8508
vn 0.9620 -0.2726 0.0190
vn 0.9716 -0.2348 0.0276
vn 0.9733 -0.2293 0.0104
vn 0.9775 -0.2103 0.0132
vn 0.9843 -0.1648 0.0640
vn 0.9844 -0.1636 0.0651
vn 0.9681 -0.2195 0.1207
vn 0.9688 -0.2158 0.1220
vn 0.2230 -0.1508 -0.9631
vn -0.0000 0.1748 -0.9846
vn -0.0000 -0.1608 -0.9870
vn -0.2229 -0.1509 -0.9631
vn 0.7910 -0.2756 -0.5463
vn 0.8370 -0.4118 -0.3603
vn 0.8359 -0.4141 -0.3603
vn 0.7952 -0.2715 -0.5421
vn 0.5489 -0.1616 -0.8201
vn 0.5566 -0.1580 -0.8156
vn 0.3689 -0.1707 -0.9137
vn 0.3673 -0.1733 -0.9138
vn 0.2237 -0.1513 -0.9628
vn -0.0000 -0.4027 -0.9153
vn -0.2237 -0.1512 -0.9629
vn -0.3689 -0.1706 -0.9137
vn -0.3674 -0.1732 -0.9138
vn -0.5489 -0.1617 -0.8201
vn -0.5566 -0.1580 -0.8156
vn -0.7952 -0.2715 -0.5421
vn -0.7910 -0.2756 -0.5463
vn -0.8370 -0.4118 -0.3603
vn -0.8359 -0.4141 -0.3603
vn -0.8547 -0.5125 0.0826
vn -0.5119 -0.8546 0.0872
vn -0.8761 -0.4435 -0.1893
vn -0.5311 -0.7844 0.3205
vn -0.6347 -0.7310 0.2504
vn -0.9777 -0.1876 0.0941
vn -0.3598 -0.4586 -0.8125
vn -0.1482 -0.8482 -0.5086
vn 0.0107 -0.9118 -0.4106
vn -0.0000 -0.9797 0.2004
vn -0.0000 -0.9171 -0.3987
vn -0.0107 -0.9117 -0.4106
vn -0.9041 -0.2305 0.3599
vn -0.9777 -0.1877 0.0941
vn -0.8727 -0.4204 0.2482
vn -0.8727 -0.4205 0.2482
vn -0.3862 -0.9077 0.1643
vn 0.4615 -0.8045 0.3738
vn 0.4675 -0.8839 0.0103
vn 0.5118 -0.8546 0.0872
vn 0.1482 -0.8482 -0.5086
vn -0.0000 -0.7405 0.6721
vn -0.5506 -0.7224 0.4184
vn -0.7233 -0.6834 -0.0996
vn -0.9879 -0.1369 -0.0732
vn -0.1993 -0.9315 -0.3044
vn -0.2543 -0.3645 -0.8958
vn -0.6395 -0.1979 -0.7428
vn -0.0000 -0.1630 -0.9866
vn -0.0000 -0.0744 -0.9972
vn 0.2543 -0.3645 -0.8958
vn 0.6395 -0.1979 -0.7428
vn 0.1993 -0.9315 -0.3044
vn 0.9879 -0.1369 -0.0732
vn 0.6347 -0.7311 0.2504
vn 0.7233 -0.6834 -0.0996
vn 0.8547 -0.5125 0.0826
vn 0.5506 -0.7224 0.4184
vn -0.0000 -0.9637 0.2671
vn -0.4349 -0.8847 0.1678
vn 0.4349 -0.8847 0.1678
vn 0.3598 -0.4586 -0.8125
vn 0.8761 -0.4435 -0.1893
vn 0.5269 -0.7868 0.3215
vn -0.4615 -0.8045 0.3738
vn -0.4675 -0.8839 0.0103
vn 0.9777 -0.1876 0.0941
vn 0.9041 -0.2305 0.3599
vn 0.8727 -0.4205 0.2482
vn 0.3898 -0.9062 0.1640
vn -0.0000 -0.0000 1.0000
vn -0.2606 -0.8801 0.3969
vn -0.0609 -0.8293 0.5556
vn -0.2344 -0.8767 0.4201
vn -0.0608 -0.8292 0.5556
vn -0.0357 -0.8190 0.5727
vn -0.6317 -0.6753 0.3806
vn -0.6391 -0.6724 0.3735
vn -0.6495 -0.4348 0.6238
vn -0.6471 -0.4545 0.6122
vn -0.7155 -0.1311 0.6862
vn -0.7154 -0.1310 0.6863
vn -0.7156 -0.1311 0.6861
vn -0.2521 -0.6333 0.7317
vn -0.2544 -0.6329 0.7312
vn -0.2438 -0.6337 0.7342
vn -0.2435 -0.6337 0.7343
vn 0.2043 -0.8425 0.4985
vn 0.2382 -0.9102 0.3388
vn 0.2254 -0.8487 0.4785
vn 0.2492 -0.9067 0.3403
vn 0.2382 -0.9102 0.3387
vn 0.2936 -0.9551 0.0402
vn 0.2492 -0.9067 0.3402
vn 0.2942 -0.9553 0.0289
vn 0.2745 -0.9511 -0.1415
vn 0.2758 -0.9508 -0.1413
vn -0.4918 0.4626 -0.7376
vn -0.4446 0.2865 -0.8487
vn -0.2499 0.5190 -0.8174
vn -0.7737 0.2231 -0.5930
vn -0.7889 0.3555 -0.5013
vn -0.9359 0.1600 -0.3138
vn 0.4223 0.0019 -0.9065
vn 0.2443 0.0159 -0.9696
vn 0.4620 0.3665 -0.8076
vn 0.2440 0.4144 -0.8768
vn -0.0000 0.0383 -0.9993
vn -0.0000 0.4390 -0.8985
vn -0.2440 0.4144 -0.8768
vn -0.0000 0.5477 -0.8367
vn -0.4620 0.3664 -0.8076
vn -0.7367 0.2819 -0.6146
vn -0.9345 0.1163 -0.3364
vn -0.9627 0.1398 -0.2314
vn -0.9614 0.0766 -0.2642
vn -0.9231 0.1318 -0.3614
vn -0.7868 0.0594 -0.6144
vn -0.4223 0.0019 -0.9065
vn -0.2443 0.0159 -0.9696
vn 0.2499 0.5190 -0.8174
vn 0.4918 0.4626 -0.7376
vn 0.7367 0.2819 -0.6146
vn 0.7889 0.3555 -0.5013
vn 0.9345 0.1164 -0.3364
vn -0.2239 0.3457 -0.9113
vn -0.0000 0.3754 -0.9269
vn 0.2238 0.3457 -0.9113
vn 0.4446 0.2865 -0.8487
vn 0.7737 0.2231 -0.5930
vn 0.9359 0.1600 -0.3138
vn 0.9627 0.1398 -0.2314
vn 0.9614 0.0765 -0.2641
vn 0.9230 0.1317 -0.3615
vn 0.7868 0.0594 -0.6144
vn 0.2460 -0.6333 0.7338
vn 0.2544 -0.6329 0.7313
vn 0.2437 -0.6337 0.7342
vn 0.2520 -0.6333 0.7317
vn -0.0000 -0.9458 -0.3249
vn -0.0227 -0.9511 -0.3081
vn -0.0000 -0.9465 -0.3228
vn -0.0045 -0.9653 -0.2610
vn 0.0795 -0.8722 -0.4826
vn -0.0040 -0.9654 -0.2608
vn 0.0808 -0.8645 -0.4961
vn 0.1949 -0.8384 -0.5091
vn 0.1816 -0.8456 -0.5019
vn 0.0824 -0.9413 -0.3273
vn 0.0820 -0.9412 -0.3277
vn 0.0218 -0.9508 -0.3089
vn 0.0227 -0.9511 -0.3081
vn -0.0000 -0.9455 -0.3257
vn -0.0218 -0.9508 -0.3089
vn -0.0820 -0.9412 -0.3277
vn -0.0824 -0.9413 -0.3272
vn -0.1816 -0.8457 -0.5019
vn -0.1949 -0.8384 -0.5091
vn -0.0809 -0.8645 -0.4961
vn -0.0795 -0.8722 -0.4826
vn 0.0040 -0.9654 -0.2608
vn 0.0044 -0.9653 -0.2610
vn -0.4182 -0.8426 0.3394
vn -0.0000 -0.9453 0.3262
vn -0.4046 -0.8495 0.3386
vn 0.4046 -0.8495 0.3386
vn 0.4182 -0.8426 0.3394
vn 0.7624 -0.5321 0.3683
vn 0.7728 -0.5160 0.3694
vn 0.9224 -0.0000 0.3863
vn 0.7728 0.5160 0.3694
vn 0.7624 0.5321 0.3683
vn 0.4182 0.8426 0.3394
vn 0.4046 0.8495 0.3386
vn -0.0000 0.9453 0.3262
vn -0.4046 0.8495 0.3386
vn -0.4182 0.8426 0.3394
vn -0.7624 0.5321 0.3683
vn -0.7728 0.5160 0.3694
vn -0.9224 -0.0000 0.3863
vn -0.7728 -0.5160 0.3694
vn -0.7624 -0.5321 0.3683
vn -0.1963 0.3877 -0.9006
vn -0.2200 0.4335 -0.8739
vn -0.0000 0.3953 -0.9186
vn -0.4506 0.4234 -0.7860
vn -0.4572 0.4796 -0.7489
vn -0.6979 0.3955 -0.5971
vn -0.6851 0.4189 -0.5960
vn -0.7460 0.3740 -0.5510
vn -0.4287 0.3643 -0.8267
vn 0.1963 0.3877 -0.9006
vn 0.2202 0.4336 -0.8738
vn -0.0000 0.4022 -0.9156
vn -0.2453 0.5149 -0.8214
vn -0.4472 0.5384 -0.7142
vn -0.6484 0.5055 -0.5692
vn -0.7236 0.3074 -0.6180
vn 0.2453 0.5149 -0.8214
vn -0.0000 0.5017 -0.8651
vn 0.2578 0.5874 -0.7671
vn 0.4472 0.5384 -0.7142
vn 0.4572 0.4796 -0.7489
vn 0.4506 0.4234 -0.7859
vn 0.4287 0.3643 -0.8267
vn -0.2578 0.5874 -0.7671
vn -0.4190 0.6279 -0.6559
vn -0.6194 0.6780 -0.3959
vn -0.4236 0.7876 -0.4475
vn -0.6384 0.7676 -0.0577
vn -0.4197 0.9051 -0.0674
vn -0.6363 0.7222 0.2713
vn -0.4179 0.8540 0.3099
vn -0.5516 0.5702 0.6088
vn -0.4218 0.6236 0.6582
vn -0.5275 0.3675 0.7660
vn -0.4579 0.3957 0.7961
vn -0.5474 0.3015 0.7807
vn -0.2625 0.6744 -0.6902
vn -0.2593 0.8444 -0.4689
vn -0.2356 0.9694 -0.0684
vn -0.2441 0.9040 0.3511
vn -0.2326 0.6675 0.7074
vn -0.2657 0.4364 0.8596
vn -0.0000 0.4657 0.8849
vn -0.2866 0.3334 0.8982
vn -0.0000 0.3528 0.9357
vn -0.2861 0.3674 0.8850
vn -0.0000 0.3790 0.9254
vn 0.2861 0.3674 0.8850
vn 0.2866 0.3334 0.8982
vn 0.4715 0.3367 0.8151
vn -0.4715 0.3367 0.8151
vn -0.4730 0.3127 0.8237
vn -0.0000 0.6808 0.7324
vn 0.2657 0.4364 0.8596
vn 0.2326 0.6675 0.7074
vn -0.0000 0.9277 0.3733
vn -0.5427 0.2974 0.7855
vn -0.5634 0.2549 0.7858
vn -0.4313 0.5906 0.6820
vn -0.2431 0.6307 0.7370
vn -0.0000 0.6262 0.7796
vn 0.2431 0.6307 0.7370
vn 0.4313 0.5906 0.6820
vn 0.5634 0.2549 0.7858
vn 0.5427 0.2974 0.7855
vn 0.4730 0.3127 0.8237
vn 0.5474 0.3015 0.7807
vn 0.4578 0.3957 0.7961
vn 0.4218 0.6236 0.6582
vn 0.2441 0.9040 0.3511
vn -0.0000 0.9976 -0.0685
vn -0.0000 0.8802 -0.4746
vn -0.0000 0.7017 -0.7125
vn -0.0000 0.5911 -0.8066
vn 0.4178 0.8540 0.3099
vn 0.2356 0.9694 -0.0684
vn 0.2592 0.8444 -0.4689
vn 0.2625 0.6744 -0.6902
vn 0.4190 0.6279 -0.6559
vn 0.4197 0.9052 -0.0675
vn 0.4236 0.7876 -0.4475
vn 0.5275 0.3675 0.7660
vn 0.5516 0.5702 0.6088
vn 0.6363 0.7222 0.2713
vn 0.6384 0.7676 -0.0577
vn 0.6194 0.6780 -0.3959
vn 0.6484 0.5055 -0.5692
vn 0.6851 0.4189 -0.5960
vn 0.6979 0.3955 -0.5971
vn 0.7460 0.3741 -0.5510
vn 0.7236 0.3074 -0.6180
vn 0.8654 -0.5010 0.0095
vn 0.9262 -0.3767 -0.0143
vn 0.8525 -0.5213 0.0388
vn 0.9306 -0.3658 -0.0091
vn 0.9974 -0.0639 0.0326
vn 0.9989 -0.0355 0.0298
vn 0.9349 0.3382 0.1077
vn 0.9333 0.3545 0.0568
vn 0.8431 0.5368 0.0309
vn 0.8420 0.5353 0.0667
vn 0.7555 -0.0288 0.6545
vn 0.7501 -0.1233 0.6497
vn 0.4196 -0.0399 0.9068
vn 0.7414 -0.2546 0.6209
vn 0.4353 -0.2145 0.8744
vn -0.0000 -0.5444 0.8388
vn -0.0000 -0.0439 0.9990
vn -0.4196 -0.0399 0.9068
vn -0.4353 -0.2145 0.8744
vn -0.7501 -0.1233 0.6497
vn -0.7414 -0.2546 0.6209
vn -0.3702 -0.5080 0.7777
vn -0.0000 -0.9381 0.3463
vn 0.3702 -0.5080 0.7777
vn -0.7555 -0.0288 0.6545
vn -0.8678 0.3667 -0.3354
vn -0.8436 0.5361 -0.0313
vn -0.9332 0.3587 -0.0210
vn -0.8167 0.5033 0.2825
vn -0.7923 0.5535 -0.2568
vn -0.9082 0.2684 -0.3210
vn -0.9743 0.2249 -0.0094
vn -0.9166 0.2436 0.3169
vn -0.9425 0.1614 0.2927
vn -0.7213 0.2656 0.6397
vn -0.7744 0.2581 0.5776
vn -0.6929 0.3126 0.6497
vn -0.6746 0.3539 0.6478
vn -0.6510 0.4547 0.6079
vn -0.8772 0.3577 0.3202
vn -0.9320 0.2049 -0.2989
vn -0.9882 0.1531 -0.0077
vn -0.9475 0.1677 0.2722
vn -0.9600 0.1961 0.2001
vn -0.9823 0.1869 -0.0160
vn -0.9524 0.2925 0.0856
vn -0.9645 0.2143 -0.1543
vn -0.9530 0.1782 -0.2449
vn -0.9486 0.1523 -0.2776
vn -0.9505 0.2624 0.1665
vn -0.9888 0.1490 -0.0098
vn 0.8135 0.5731 0.0994
vn 0.7991 0.6004 0.0315
vn 0.8911 0.4457 0.0856
vn 0.7227 0.6912 -0.0000
vn 0.5983 0.8013 -0.0000
vn 0.5810 0.8139 -0.0000
vn 0.2301 0.9732 -0.0000
vn 0.1714 0.9852 -0.0000
vn -0.4373 0.8993 0.0075
vn -0.5704 0.8214 -0.0000
vn -0.9247 0.3792 0.0346
vn -0.9360 0.3515 0.0168
vn -0.9996 0.0270 0.0101
vn -0.9995 0.0262 0.0150
vn -0.9267 -0.3759 -0.0000
vn -0.9255 -0.3787 0.0034
vn -0.8364 -0.5481 -0.0000
vn -0.2758 -0.9508 -0.1412
vn -0.2942 -0.9553 0.0289
vn -0.2744 -0.9512 -0.1414
vn -0.2744 -0.9511 -0.1414
vn -0.2936 -0.9551 0.0402
vn -0.2382 -0.9102 0.3387
vn -0.2493 -0.9067 0.3402
vn -0.2043 -0.8425 0.4985
vn -0.2232 -0.8491 0.4787
vn 0.6317 -0.6753 0.3806
vn 0.6495 -0.4348 0.6238
vn 0.6392 -0.6723 0.3735
vn 0.6390 -0.6724 0.3735
vn 0.6494 -0.4348 0.6238
vn 0.6470 -0.4545 0.6122
vn 0.7155 -0.1311 0.6862
vn 0.7156 -0.1311 0.6861
vn 0.4672 0.5721 0.6741
vn 0.5531 0.5594 0.6174
vn 0.5067 0.4802 0.7160
vn 0.5529 0.6156 0.5615
vn 0.5641 0.6381 0.5241
vn 0.5362 0.6777 0.5032
vn 0.2408 0.8344 0.4958
vn 0.2040 0.8496 0.4864
vn -0.2591 0.8910 0.3729
vn -0.4932 0.8001 0.3415
vn -0.7308 0.5380 0.4201
vn -0.8133 0.4249 0.3975
vn -0.8173 0.2535 0.5175
vn -0.8519 0.1373 0.5054
vn -0.8103 -0.2098 0.5471
vn -0.7892 -0.2759 0.5487
vn -0.7273 -0.5187 0.4494
vn -0.7235 -0.5015 0.4744
vn 0.8826 0.4355 0.1771
vn 0.8745 0.4610 0.1508
vn 0.8867 0.4204 0.1923
vn 0.8817 0.4386 0.1739
vn 0.7291 0.2202 0.6480
vn 0.7111 0.3700 0.5979
vn 0.5096 0.1635 0.8447
vn 0.7905 0.2786 0.5455
vn 0.7878 0.3772 0.4868
vn 0.7381 0.1953 0.6459
vn 0.5053 0.1605 0.8479
vn -0.0000 0.0847 0.9964
vn -0.5053 0.1605 0.8479
vn -0.5096 0.1635 0.8447
vn -0.7381 0.1953 0.6459
vn -0.0000 0.1155 0.9933
vn 0.4739 0.3122 0.8234
vn 0.3902 0.4337 0.8122
vn -0.0000 0.2939 0.9558
vn -0.0000 0.4172 0.9088
vn -0.3902 0.4337 0.8122
vn -0.4739 0.3122 0.8234
vn -0.7111 0.3700 0.5979
vn -0.7291 0.2202 0.6480
vn -0.7905 0.2786 0.5455
vn -0.7878 0.3772 0.4868
vn 0.2098 0.1068 0.9719
vn 0.2083 0.1066 0.9722
vn 0.3369 -0.1650 0.9270
vn 0.3263 -0.1598 0.9317
vn 0.4576 -0.5932 0.6624
vn 0.4494 -0.6021 0.6600
vn 0.5726 -0.4628 0.6768
vn 0.5760 -0.4587 0.6766
vn 0.2997 -0.4491 0.8417
vn 0.2992 -0.4502 0.8413
vn -0.0000 -0.5261 0.8504
vn -0.0000 -0.5331 0.8460
vn -0.2992 -0.4502 0.8413
vn -0.2997 -0.4491 0.8417
vn -0.5726 -0.4628 0.6768
vn -0.5760 -0.4587 0.6766
vn -0.4576 -0.5932 0.6624
vn -0.4494 -0.6021 0.6600
vn -0.3263 -0.1599 0.9317
vn -0.3369 -0.1651 0.9269
vn -0.2083 0.1066 0.9722
vn -0.2098 0.1068 0.9719
vn 0.9332 0.3587 -0.0210
vn 0.9082 0.2684 -0.3210
vn 0.8678 0.3667 -0.3354
vn 0.7923 0.5535 -0.2568
vn 0.8436 0.5361 -0.0313
vn 0.8167 0.5033 0.2825
vn 0.8772 0.3577 0.3203
vn 0.9166 0.2436 0.3169
vn 0.9743 0.2249 -0.0095
vn 0.9320 0.2049 -0.2989
vn 0.9882 0.1531 -0.0077
vn 0.9475 0.1677 0.2722
vn 0.9888 0.1490 -0.0098
vn 0.9425 0.1614 0.2927
vn 0.7744 0.2581 0.5776
vn 0.7213 0.2656 0.6397
vn 0.6929 0.3126 0.6497
vn 0.6746 0.3539 0.6478
vn 0.6510 0.4547 0.6079
vn 0.9486 0.1523 -0.2776
vn 0.9530 0.1782 -0.2449
vn 0.9823 0.1869 -0.0160
vn 0.9600 0.1961 0.2001
vn 0.9645 0.2143 -0.1542
vn 0.9524 0.2925 0.0855
vn 0.9505 0.2624 0.1665
vn -0.3199 -0.7372 -0.5952
vn -0.1605 -0.9464 -0.2801
vn -0.2739 -0.8296 -0.4866
vn -0.1160 -0.9618 -0.2481
vn -0.0268 -0.9663 -0.2559
vn -0.0000 -0.9775 -0.2111
vn -0.0000 -0.9895 -0.1443
vn 0.1605 -0.9464 -0.2801
vn 0.0268 -0.9663 -0.2559
vn 0.1159 -0.9618 -0.2481
vn 0.2739 -0.8296 -0.4866
vn 0.3199 -0.7372 -0.5952
vn -0.9688 -0.2158 0.1220
vn -0.9681 -0.2195 0.1207
vn -0.9843 -0.1648 0.0640
vn -0.9844 -0.1636 0.0651
vn -0.9775 -0.2103 0.0132
vn -0.9733 -0.2293 0.0104
vn -0.9716 -0.2348 0.0276
vn -0.9620 -0.2726 0.0190
vn 0.5015 0.2173 0.8374
vn 0.5760 0.2611 0.7746
vn 0.4905 0.2000 0.8482
vn 0.5506 0.2279 0.8031
vn 0.6278 0.1789 0.7575
vn 0.6478 0.2125 0.7316
vn 0.5985 0.0660 0.7984
vn 0.6197 0.0600 0.7826
vn 0.5969 -0.1310 0.7916
vn 0.5489 -0.1635 0.8197
vn 0.5968 -0.1310 0.7916
vn 0.1372 -0.5583 0.8182
vn 0.5488 -0.1636 0.8198
vn 0.1542 -0.5483 0.8220
vn -0.1678 -0.5335 0.8290
vn -0.1764 -0.5483 0.8175
vn -0.3605 -0.4767 0.8017
vn -0.3641 -0.5231 0.7706
vn -0.3937 -0.6666 0.6330
vn -0.4072 -0.5969 0.6914
vn 0.6922 -0.6465 -0.3207
vn 0.6906 -0.6270 -0.3605
vn 0.7317 -0.5432 -0.4118
vn 0.6906 -0.6269 -0.3606
vn 0.7573 -0.4514 -0.4720
vn 0.7887 -0.2172 -0.5752
vn 0.7787 -0.1370 -0.6123
vn 0.7686 0.2089 -0.6047
vn 0.7623 0.2697 -0.5883
vn 0.7258 0.4727 -0.4997
vn 0.7259 0.4727 -0.4997
vn 0.7623 0.2698 -0.5883
vn 0.7374 0.4707 -0.4845
vn -0.6341 0.7032 0.3216
vn -0.7153 0.6357 0.2902
vn -0.6385 0.6984 0.3235
vn -0.7523 0.5953 0.2823
vn -0.7607 0.6166 0.2028
vn -0.7573 0.6246 0.1905
vn -0.5591 0.7979 0.2251
vn -0.5637 0.7901 0.2409
vn -0.0000 0.9734 0.2289
vn -0.0000 0.9641 0.2655
vn 0.5637 0.7901 0.2409
vn 0.5591 0.7979 0.2251
vn 0.7607 0.6166 0.2028
vn 0.7573 0.6246 0.1905
vn 0.7153 0.6357 0.2902
vn 0.7523 0.5953 0.2823
vn 0.6341 0.7032 0.3216
vn 0.6384 0.6984 0.3235
vn -0.8826 0.4355 0.1771
vn -0.8867 0.4204 0.1923
vn -0.8745 0.4610 0.1508
vn -0.8817 0.4386 0.1739
vn -0.9598 -0.2448 0.1371
vn -0.9737 -0.2110 0.0864
vn -0.9587 -0.2471 0.1407
vn -0.9731 -0.2125 0.0887
vn -0.4913 -0.2271 0.8409
vn -0.4832 -0.2701 0.8328
vn -0.5063 -0.1267 0.8530
vn -0.5030 -0.1518 0.8508
vn -0.8827 -0.3472 0.3168
vn -0.8527 -0.4428 0.2773
vn -0.8853 -0.3562 0.2989
vn -0.8256 -0.4853 0.2878
vn -0.5762 -0.7030 0.4169
vn -0.4484 -0.7689 0.4559
vn -0.0000 -0.8602 0.5100
vn 0.4484 -0.7689 0.4559
vn 0.5762 -0.7030 0.4169
vn 0.8256 -0.4853 0.2878
vn 0.8527 -0.4428 0.2773
vn 0.8853 -0.3562 0.2989
vn 0.8827 -0.3472 0.3168
vn -0.0000 0.9778 0.2096
vn -0.0000 1.0000 -0.0000
vn 0.0001 0.9778 0.2096
vn -0.8715 -0.4904 -0.0000
vn -0.8654 -0.5010 0.0095
vn -0.9291 -0.3698 -0.0000
vn -0.9306 -0.3658 -0.0091
vn -0.9991 -0.0420 -0.0000
vn -0.9989 -0.0355 0.0298
vn -0.9345 0.3560 -0.0000
vn -0.9333 0.3545 0.0568
vn -0.8435 0.5371 -0.0000
vn -0.8431 0.5368 0.0309
vn -0.8944 0.4473 -0.0000
vn -0.7991 0.6004 0.0315
vn -0.8911 0.4457 0.0856
vn -0.8162 0.5778 -0.0000
vn -0.5811 0.8139 -0.0000
vn -0.5810 0.8139 -0.0000
vn -0.1714 0.9852 -0.0000
vn -0.1712 0.9852 -0.0000
vn 0.5704 0.8214 -0.0000
vn 0.5706 0.8212 -0.0000
vn 0.9360 0.3515 0.0168
vn 0.9391 0.3436 -0.0000
vn 0.9995 0.0262 0.0150
vn 0.9995 0.0306 -0.0000
vn 0.9255 -0.3787 0.0034
vn 0.9267 -0.3758 -0.0000
vn 0.8364 -0.5481 -0.0000
vn 0.3937 -0.6666 0.6329
vn 0.3605 -0.4767 0.8017
vn 0.4072 -0.5969 0.6914
vn 0.3641 -0.5231 0.7706
vn 0.1764 -0.5483 0.8174
vn 0.1678 -0.5335 0.8290
vn -0.1542 -0.5483 0.8220
vn -0.1372 -0.5583 0.8182
vn -0.5968 -0.1310 0.7916
vn -0.5489 -0.1636 0.8198
vn -0.5985 0.0660 0.7984
vn -0.6197 0.0600 0.7826
vn -0.6478 0.2125 0.7316
vn -0.6279 0.1789 0.7575
vn -0.5760 0.2610 0.7746
vn -0.5506 0.2279 0.8031
vn -0.4905 0.2000 0.8482
vn -0.5015 0.2173 0.8374
vn -0.0000 0.9121 0.4099
vn -0.8525 -0.5213 0.0388
vn -0.9262 -0.3767 -0.0143
vn -0.9974 -0.0639 0.0326
vn -0.9349 0.3382 0.1076
vn -0.8420 0.5353 0.0667
vn 0.0248 -0.7983 0.6018
vn -0.0000 -0.8096 0.5870
vn 0.0071 -0.8064 0.5913
vn -0.0000 -0.8032 0.5958
vn -0.0248 -0.7983 0.6018
vn -0.0000 -0.8095 0.5871
vn -0.0247 -0.7983 0.6018
vn -0.0071 -0.8064 0.5913
vn -0.7374 0.4707 -0.4845
vn -0.7623 0.2697 -0.5883
vn -0.7259 0.4727 -0.4997
vn -0.7686 0.2089 -0.6047
vn -0.7787 -0.1370 -0.6123
vn -0.7887 -0.2172 -0.5751
vn -0.7573 -0.4514 -0.4720
vn -0.7317 -0.5432 -0.4118
vn -0.6906 -0.6269 -0.3605
vn -0.6923 -0.6465 -0.3207
vn -0.8135 0.5731 0.0994
vn -0.7227 0.6912 -0.0000
vn -0.5983 0.8013 -0.0000
vn -0.2301 0.9732 -0.0000
vn 0.4373 0.8993 0.0076
vn 0.9247 0.3792 0.0346
vn 0.9996 0.0270 0.0102
vn 0.9267 -0.3759 -0.0000
vn -0.0000 0.5570 0.8305
vn -0.5067 0.4802 0.7160
vn -0.5531 0.5594 0.6174
vn -0.4672 0.5721 0.6741
vn -0.5529 0.6156 0.5615
vn -0.5641 0.6381 0.5241
vn -0.5362 0.6776 0.5032
vn -0.2408 0.8344 0.4958
vn -0.2039 0.8496 0.4864
vn 0.2591 0.8910 0.3729
vn 0.4932 0.8001 0.3415
vn 0.7308 0.5380 0.4201
vn 0.8133 0.4249 0.3975
vn 0.8173 0.2535 0.5175
vn 0.8519 0.1373 0.5054
vn 0.8103 -0.2098 0.5471
vn 0.7892 -0.2759 0.5487
vn 0.7273 -0.5187 0.4494
vn 0.7235 -0.5014 0.4744
vn 0.7892 -0.2760 0.5487
vn 0.9276 0.1024 0.3592
vn 0.9217 0.2009 0.3319
vn 0.9282 0.1414 0.3441
vn 0.9251 0.1779 0.3355
vn 0.8100 0.1750 0.5597
vn 0.7558 0.1807 0.6293
vn 0.5033 0.1779 0.8456
vn 0.5081 0.1696 0.8444
vn 0.4007 0.1992 0.8943
vn 0.3596 0.2287 0.9046
vn 0.4161 0.2654 0.8697
vn 0.5274 0.3035 0.7935
vn 0.4728 0.4182 0.7756
vn 0.3885 0.4571 0.8001
vn 0.1941 0.4806 0.8552
vn 0.1783 0.4828 0.8574
vn -0.0000 0.4897 0.8719
vn -0.0000 0.4905 0.8714
vn -0.1783 0.4828 0.8574
vn -0.1941 0.4806 0.8552
vn -0.3885 0.4570 0.8001
vn -0.4728 0.4182 0.7756
vn -0.5274 0.3035 0.7935
vn -0.4161 0.2654 0.8697
vn -0.3596 0.2287 0.9046
vn -0.4007 0.1992 0.8943
vn -0.5031 0.1781 0.8457
vn -0.5081 0.1696 0.8444
vn -0.7558 0.1806 0.6293
vn -0.8100 0.1750 0.5597
vn -0.9217 0.2009 0.3319
vn -0.9251 0.1779 0.3355
vn -0.9276 0.1024 0.3592
vn -0.9282 0.1414 0.3441
vn 0.2996 -0.2929 0.9080
vn 0.3330 -0.3029 0.8929
vn 0.3364 -0.3038 0.8913
vn 0.3019 -0.2905 0.9080
vn 0.2691 -0.2962 0.9164
vn 0.2770 -0.2944 0.9146
vn 0.3023 -0.2886 0.9085
vn -0.2843 0.2522 -0.9250
vn -0.2870 0.2511 -0.9244
vn -0.2249 0.4496 -0.8644
vn -0.2000 0.4820 -0.8531
vn -0.1920 0.6372 -0.7464
vn -0.1559 0.6580 -0.7367
vn -0.2546 0.6870 -0.6806
vn -0.1968 0.7134 -0.6725
vn -0.4199 0.6704 -0.6117
vn -0.3462 0.7083 -0.6152
vn 0.1459 -0.8258 0.5447
vn 0.2899 -0.7347 0.6133
vn 0.1486 -0.8198 0.5531
vn 0.2818 -0.7375 0.6138
vn 0.4879 -0.7558 0.4368
vn 0.4942 -0.7587 0.4243
vn 0.3204 -0.8875 0.3312
vn 0.3286 -0.8821 0.3375
vn -0.0678 -0.9811 0.1813
vn -0.0801 -0.9819 0.1718
vn -0.3048 -0.9519 -0.0312
vn -0.3054 -0.9520 -0.0183
vn -0.2358 -0.9603 -0.1489
vn -0.2290 -0.9615 -0.1516
vn -0.2137 -0.9658 -0.1469
vn -0.2124 -0.9660 -0.1477
vn 0.2138 -0.9658 -0.1469
vn 0.2291 -0.9615 -0.1516
vn 0.2125 -0.9659 -0.1476
vn 0.2359 -0.9603 -0.1488
vn 0.3048 -0.9519 -0.0312
vn 0.3054 -0.9520 -0.0183
vn 0.0678 -0.9811 0.1813
vn 0.0800 -0.9819 0.1718
vn -0.3204 -0.8875 0.3312
vn -0.3286 -0.8821 0.3375
vn -0.4879 -0.7558 0.4368
vn -0.4943 -0.7587 0.4243
vn -0.2899 -0.7347 0.6133
vn -0.2818 -0.7375 0.6138
vn -0.1459 -0.8258 0.5447
vn -0.1486 -0.8198 0.5531
vn -0.0000 -0.8452 0.5344
vn -0.0000 -0.8482 0.5297
vn 0.2043 0.5266 0.8252
vn 0.3801 0.5080 0.7729
vn 0.1887 0.5272 0.8285
vn 0.4680 0.4816 0.7409
vn 0.4659 0.3380 0.8177
vn 0.3544 0.3081 0.8829
vn 0.3178 0.2541 0.9135
vn 0.3631 0.2293 0.9031
vn 0.4890 0.2022 0.8485
vn 0.4952 0.1905 0.8477
vn 0.7581 0.2034 0.6196
vn 0.7969 0.1905 0.5733
vn 0.9261 0.1436 0.3488
vn 0.9211 0.1326 0.3660
vn 0.9338 0.1210 0.3368
vn 0.9401 0.1097 0.3228
vn -0.9261 0.1436 0.3488
vn -0.9338 0.1210 0.3368
vn -0.9401 0.1097 0.3228
vn -0.9211 0.1326 0.3660
vn -0.7969 0.1905 0.5733
vn -0.7581 0.2034 0.6196
vn -0.4890 0.2022 0.8485
vn -0.4952 0.1905 0.8477
vn -0.3631 0.2293 0.9031
vn -0.3178 0.2541 0.9135
vn -0.3544 0.3081 0.8829
vn -0.4659 0.3381 0.8177
vn -0.4680 0.4816 0.7409
vn -0.3801 0.5080 0.7729
vn -0.2043 0.5266 0.8252
vn -0.1887 0.5272 0.8285
vn -0.0000 0.5361 0.8442
vn -0.0000 0.5352 0.8447
vn 0.2843 0.2522 -0.9250
vn 0.2249 0.4496 -0.8644
vn 0.2870 0.2511 -0.9244
vn 0.2000 0.4820 -0.8531
vn 0.1920 0.6372 -0.7464
vn 0.1559 0.6580 -0.7367
vn 0.2546 0.6870 -0.6806
vn 0.1968 0.7134 -0.6725
vn 0.4198 0.6704 -0.6118
vn 0.4199 0.6704 -0.6117
vn 0.3462 0.7082 -0.6153
vn 0.8715 -0.4904 -0.0000
vn 0.9291 -0.3698 -0.0000
vn 0.9991 -0.0420 -0.0000
vn 0.9345 0.3560 -0.0000
vn 0.8435 0.5371 -0.0000
vn 0.7696 0.5363 0.3465
vn 0.9315 -0.0000 0.3637
vn 0.7796 0.5211 0.3475
vn 0.7796 -0.5211 0.3475
vn 0.7696 -0.5363 0.3465
vn 0.4210 -0.8492 0.3188
vn 0.4082 -0.8557 0.3181
vn -0.0000 -0.9519 0.3063
vn -0.4082 -0.8557 0.3181
vn -0.4210 -0.8492 0.3188
vn -0.7696 -0.5363 0.3466
vn -0.7796 -0.5211 0.3475
vn -0.9315 -0.0000 0.3638
vn -0.9315 -0.0000 0.3637
vn -0.7796 0.5211 0.3475
vn -0.7696 0.5363 0.3466
vn -0.4210 0.8492 0.3188
vn -0.4082 0.8557 0.3181
vn -0.0000 0.9519 0.3063
vn 0.4082 0.8557 0.3181
vn 0.4210 0.8492 0.3188
vn -0.0651 -0.9952 -0.0737
vn 0.1013 -0.9619 -0.2538
vn 0.0936 -0.9643 -0.2478
vn -0.0580 -0.9953 -0.0775
vn -0.0283 -0.9994 -0.0188
vn -0.0261 -0.9995 -0.0204
vn -0.0000 -1.0000 -0.0054
vn -0.0000 -1.0000 -0.0055
vn 0.0283 -0.9994 -0.0188
vn 0.0261 -0.9995 -0.0203
vn 0.0580 -0.9953 -0.0775
vn 0.0651 -0.9952 -0.0737
vn -0.1011 -0.9619 -0.2538
vn -0.0935 -0.9643 -0.2478
vn -0.3023 -0.2886 0.9085
vn -0.2770 -0.2944 0.9146
vn -0.3018 -0.2905 0.9080
vn -0.2691 -0.2962 0.9164
vn -0.2996 -0.2929 0.9080
vn -0.3330 -0.3029 0.8929
vn -0.3364 -0.3038 0.8914
vn 0.3551 0.7484 0.5601
vn 0.1978 0.7697 0.6070
vn -0.0000 0.7528 0.6582
vn -0.1978 0.7697 0.6070
vn -0.3552 0.7484 0.5601
vn 0.8944 0.4473 -0.0000
vn 0.8162 0.5778 -0.0000
vn 0.5811 0.8139 -0.0000
vn 0.1713 0.9852 -0.0000
vn -0.5706 0.8212 -0.0000
vn -0.9391 0.3436 -0.0000
vn -0.9995 0.0306 -0.0000
vn -0.9267 -0.3758 -0.0000
vn 0.6372 0.2011 0.7440
vn 0.6887 0.0658 0.7221
vn 0.6407 0.2007 0.7411
vn 0.7024 -0.0154 0.7116
vn 0.6710 -0.2308 0.7047
vn 0.6752 -0.2156 0.7054
vn 0.6017 -0.0342 0.7980
vn 0.5978 -0.0276 0.8012
vn 0.3230 -0.0055 0.9464
vn 0.3232 -0.0099 0.9463
vn -0.0000 -0.0058 1.0000
vn -0.3230 -0.0055 0.9464
vn -0.3232 -0.0100 0.9463
vn -0.5978 -0.0276 0.8012
vn -0.6017 -0.0342 0.7980
vn -0.6752 -0.2156 0.7054
vn -0.6710 -0.2308 0.7047
vn -0.7024 -0.0154 0.7116
vn -0.6887 0.0658 0.7221
vn -0.6407 0.2007 0.7411
vn -0.6372 0.2011 0.7440
vn -0.0000 0.8331 -0.5532
vn -0.2807 0.7509 -0.5978
vn -0.0000 0.8150 -0.5795
vn -0.4582 0.7067 -0.5391
vn -0.4066 0.6999 -0.5872
vn -0.4452 0.6652 -0.5994
vn -0.3533 0.8634 -0.3601
vn -0.2077 0.8759 -0.4356
vn 0.2028 0.9472 -0.2483
vn 0.1115 0.9698 -0.2171
vn 0.3096 0.9505 -0.0258
vn 0.4637 0.8858 -0.0172
vn 0.5998 0.7534 0.2697
vn 0.3721 0.9102 0.1817
vn 0.3297 0.9049 0.2692
vn 0.4288 0.8073 0.4055
vn 0.2044 0.8719 0.4450
vn 0.2429 0.7981 0.5514
vn 0.0758 0.9036 0.4215
vn 0.2145 0.8173 0.5348
vn -0.0000 -0.9444 0.3287
vn -0.1201 -0.9406 0.3175
vn -0.0000 -0.9610 0.2764
vn -0.2504 -0.8901 0.3809
vn -0.4358 -0.7866 0.4374
vn -0.3645 -0.8291 0.4240
vn -0.6122 -0.6959 0.3753
vn -0.6352 -0.6917 0.3436
vn -0.6066 -0.7307 0.3131
vn -0.6068 -0.7340 0.3049
vn -0.2559 -0.9502 0.1777
vn -0.2554 -0.9455 0.2022
vn -0.0022 -0.9937 0.1122
vn -0.0120 -0.9973 0.0722
vn 0.1703 -0.9854 0.0049
vn 0.1958 -0.9802 0.0292
vn 0.3404 -0.9016 -0.2668
vn 0.3442 -0.9014 -0.2626
vn 0.3809 -0.8297 -0.4080
vn 0.3792 -0.8298 -0.4094
vn -0.0000 0.5550 0.8318
vn 0.1925 0.5456 0.8156
vn -0.0000 0.5535 0.8329
vn 0.2168 0.5427 0.8114
vn 0.3594 0.5166 0.7772
vn 0.5064 0.5099 0.6953
vn 0.2754 0.3297 0.9030
vn 0.2686 0.3175 0.9094
vn 0.2779 0.2573 0.9255
vn 0.3308 0.2576 0.9079
vn 0.4629 0.1949 0.8647
vn 0.4584 0.2141 0.8626
vn 0.7261 0.2151 0.6531
vn 0.7546 0.1660 0.6349
vn 0.9016 0.1781 0.3943
vn 0.8786 0.0714 0.4722
vn 0.8923 -0.0351 0.4501
vn 0.9356 0.0478 0.3499
vn 0.9143 -0.0233 0.4043
vn 0.9458 0.0334 0.3229
vn 0.9449 0.1195 0.3047
vn 0.9503 0.0920 0.2973
vn 0.9359 0.1733 0.3068
vn 0.9412 0.1642 0.2952
vn 0.9297 0.2080 0.3039
vn 0.9194 0.1856 0.3469
vn 0.9221 0.1800 0.3424
vn 0.9012 0.1262 0.4147
vn 0.7996 0.0942 0.5932
vn 0.7369 0.0576 0.6735
vn 0.5255 0.0591 0.8487
vn 0.5355 0.0588 0.8425
vn 0.4266 0.0633 0.9022
vn 0.3524 0.0920 0.9313
vn 0.3840 0.1309 0.9140
vn 0.5262 0.1716 0.8329
vn 0.4811 0.2742 0.8327
vn 0.3790 0.3097 0.8720
vn 0.1627 0.3344 0.9283
vn 0.1511 0.3364 0.9295
vn -0.0000 0.3398 0.9405
vn -0.0000 0.3320 0.9433
vn -0.1511 0.3364 0.9295
vn -0.1627 0.3344 0.9283
vn -0.3790 0.3097 0.8720
vn -0.4811 0.2742 0.8327
vn -0.5261 0.1716 0.8329
vn -0.3840 0.1309 0.9140
vn -0.3524 0.0920 0.9313
vn -0.4266 0.0633 0.9022
vn -0.5255 0.0590 0.8487
vn -0.5355 0.0588 0.8425
vn -0.7369 0.0576 0.6735
vn -0.7996 0.0942 0.5932
vn -0.9012 0.1262 0.4147
vn -0.9221 0.1800 0.3424
vn -0.9194 0.1856 0.3469
vn -0.9359 0.1733 0.3068
vn -0.9297 0.2080 0.3039
vn -0.9412 0.1642 0.2952
vn -0.9503 0.0920 0.2973
vn -0.9449 0.1195 0.3047
vn -0.9458 0.0334 0.3229
vn -0.9356 0.0478 0.3499
vn -0.9143 -0.0233 0.4043
vn -0.8923 -0.0351 0.4501
vn -0.9016 0.1781 0.3943
vn -0.8786 0.0714 0.4722
vn -0.7546 0.1660 0.6349
vn -0.7261 0.2151 0.6531
vn -0.4629 0.1949 0.8647
vn -0.4584 0.2141 0.8626
vn -0.3308 0.2576 0.9079
vn -0.2779 0.2573 0.9255
vn -0.2686 0.3176 0.9094
vn -0.2754 0.3297 0.9030
vn -0.5064 0.5099 0.6954
vn -0.3594 0.5166 0.7772
vn -0.2168 0.5427 0.8114
vn -0.1925 0.5456 0.8156
vn -0.7796 -0.5211 0.3474
vn -0.7696 -0.5363 0.3465
vn -0.3442 -0.9014 -0.2627
vn -0.3809 -0.8297 -0.4081
vn -0.3792 -0.8298 -0.4094
vn -0.3404 -0.9016 -0.2668
vn -0.1958 -0.9802 0.0292
vn -0.1704 -0.9854 0.0049
vn 0.0022 -0.9937 0.1122
vn 0.0120 -0.9973 0.0722
vn 0.2559 -0.9502 0.1777
vn 0.2554 -0.9455 0.2022
vn 0.6066 -0.7308 0.3130
vn 0.6068 -0.7340 0.3049
vn 0.6122 -0.6959 0.3753
vn 0.6352 -0.6917 0.3436
vn 0.4358 -0.7866 0.4375
vn 0.3645 -0.8291 0.4240
vn 0.1201 -0.9406 0.3175
vn 0.2503 -0.8901 0.3809
vn -0.2145 0.8173 0.5349
vn -0.2430 0.7981 0.5514
vn -0.0758 0.9036 0.4215
vn -0.2044 0.8719 0.4450
vn -0.4288 0.8073 0.4055
vn -0.3296 0.9049 0.2692
vn -0.5998 0.7534 0.2697
vn -0.3721 0.9102 0.1817
vn -0.3096 0.9505 -0.0258
vn -0.4637 0.8858 -0.0172
vn -0.2028 0.9472 -0.2483
vn -0.1115 0.9698 -0.2171
vn 0.3533 0.8634 -0.3601
vn 0.2076 0.8759 -0.4356
vn 0.4452 0.6652 -0.5994
vn 0.4066 0.6999 -0.5872
vn 0.4582 0.7067 -0.5391
vn 0.2807 0.7509 -0.5978
vn -0.2762 0.9506 0.1414
vn -0.2489 0.9573 0.1470
vn -0.2804 0.9495 0.1410
vn -0.2546 0.9559 0.1463
vn -0.1639 0.9797 0.1151
vn -0.1634 0.9796 0.1171
vn 0.0100 0.9981 -0.0600
vn -0.0090 0.9984 -0.0553
vn 0.3694 0.9092 -0.1919
vn 0.3880 0.9019 -0.1898
vn 0.5150 0.7934 -0.3245
vn 0.5125 0.7955 -0.3233
vn 0.3573 0.8288 -0.4306
vn 0.3398 0.8305 -0.4415
vn 0.1779 0.9083 -0.3787
vn 0.1876 0.9096 -0.3706
vn -0.0000 0.9332 -0.3593
vn -0.0000 0.9314 -0.3639
vn -0.1779 0.9083 -0.3787
vn -0.1875 0.9097 -0.3706
vn -0.3573 0.8288 -0.4307
vn -0.3397 0.8305 -0.4415
vn -0.5150 0.7934 -0.3245
vn -0.5125 0.7955 -0.3233
vn -0.3694 0.9092 -0.1919
vn -0.3880 0.9019 -0.1897
vn -0.0100 0.9981 -0.0600
vn 0.0090 0.9984 -0.0553
vn 0.1640 0.9797 0.1151
vn 0.1635 0.9796 0.1171
vn 0.2546 0.9559 0.1463
vn 0.2489 0.9573 0.1470
vn 0.2805 0.9495 0.1410
vn 0.2763 0.9506 0.1414
vn -0.2757 -0.9463 -0.1687
vn -0.1414 -0.9670 -0.2122
vn -0.1509 -0.9660 -0.2098
vn -0.2640 -0.9491 -0.1716
vn -0.3708 -0.9274 -0.0493
vn -0.3548 -0.9341 -0.0390
vn -0.1710 -0.9740 0.1486
vn -0.1583 -0.9750 0.1559
vn 0.1592 -0.9331 0.3224
vn 0.1646 -0.9331 0.3199
vn 0.4815 -0.7780 0.4036
vn 0.4559 -0.7868 0.4160
vn 0.2907 -0.6440 0.7077
vn 0.3085 -0.6532 0.6915
vn 0.1693 -0.7951 0.5824
vn 0.1715 -0.7901 0.5885
vn -0.0000 -0.8287 0.5597
vn -0.0000 -0.8250 0.5651
vn -0.1693 -0.7951 0.5824
vn -0.1715 -0.7901 0.5885
vn -0.2907 -0.6440 0.7077
vn -0.3085 -0.6532 0.6915
vn -0.4815 -0.7780 0.4036
vn -0.4559 -0.7869 0.4160
vn -0.1592 -0.9331 0.3224
vn -0.1647 -0.9330 0.3199
vn 0.1583 -0.9750 0.1559
vn 0.1710 -0.9740 0.1487
vn 0.3548 -0.9341 -0.0390
vn 0.3708 -0.9274 -0.0493
vn 0.2641 -0.9491 -0.1716
vn 0.2757 -0.9463 -0.1688
vn 0.1413 -0.9670 -0.2122
vn 0.1508 -0.9660 -0.2098
vt 0.552032 0.665219
vt 0.554544 0.668222
vt 0.542558 0.681607
vt 0.545786 0.683871
vt 0.209348 0.491192
vt 0.211545 0.497131
vt 0.150892 0.558773
vt 0.155011 0.563575
vt 0.540417 0.680383
vt 0.549891 0.663995
vt 0.536846 0.675178
vt 0.543832 0.662079
vt 0.563349 0.738258
vt 0.567316 0.743230
vt 0.558626 0.740509
vt 0.560652 0.746551
vt 0.525443 0.746063
vt 0.525236 0.752428
vt 0.457127 0.739470
vt 0.457180 0.733151
vt 0.388832 0.570716
vt 0.427863 0.582912
vt 0.427645 0.586122
vt 0.276859 0.506844
vt 0.216553 0.494989
vt 0.215305 0.488874
vt 0.273521 0.512046
vt 0.307380 0.535132
vt 0.303588 0.540393
vt 0.367028 0.568739
vt 0.369315 0.562816
vt 0.387079 0.576847
vt 0.427150 0.589305
vt 0.856102 0.325344
vt 0.833806 0.325310
vt 0.841703 0.343997
vt 0.875115 0.363518
vt 0.884959 0.360972
vt 0.835452 0.350323
vt 0.833033 0.344166
vt 0.822829 0.332659
vt 0.810162 0.323013
vt 0.826126 0.309296
vt 0.806233 0.307994
vt 0.827300 0.355246
vt 0.854976 0.382094
vt 0.862345 0.376386
vt 0.862461 0.376573
vt 0.888491 0.381397
vt 0.903358 0.376117
vt 0.840208 0.300536
vt 0.849495 0.312992
vt 0.862220 0.319245
vt 0.881617 0.336894
vt 0.897853 0.359517
vt 0.911954 0.353834
vt 0.893598 0.333192
vt 0.907071 0.324345
vt 0.924292 0.344228
vt 0.849817 0.299066
vt 0.856957 0.308594
vt 0.116681 0.537615
vt 0.087197 0.537615
vt 0.101939 0.540870
vt 0.076406 0.528723
vt 0.127472 0.528724
vt 0.072456 0.516577
vt 0.131423 0.516577
vt 0.076406 0.504430
vt 0.127472 0.504430
vt 0.087197 0.495539
vt 0.116681 0.495539
vt 0.101939 0.492284
vt 0.440499 0.709337
vt 0.445078 0.711331
vt 0.469310 0.685309
vt 0.470462 0.688574
vt 0.540137 0.688105
vt 0.540105 0.684126
vt 0.207380 0.489080
vt 0.204368 0.486484
vt 0.148924 0.556662
vt 0.145941 0.554030
vt 0.563349 0.736375
vt 0.558626 0.738626
vt 0.561490 0.732855
vt 0.557647 0.734780
vt 0.525610 0.740233
vt 0.525443 0.744180
vt 0.458207 0.727502
vt 0.457180 0.731269
vt 0.341719 0.637931
vt 0.326620 0.676740
vt 0.360810 0.647991
vt 0.270744 0.635567
vt 0.282821 0.600696
vt 0.224550 0.596930
vt 0.365703 0.572502
vt 0.385754 0.580610
vt 0.356081 0.618031
vt 0.373360 0.626278
vt 0.425825 0.593068
vt 0.412860 0.640714
vt 0.401300 0.665335
vt 0.298223 0.585213
vt 0.242878 0.565417
vt 0.158694 0.565195
vt 0.215228 0.498752
vt 0.272196 0.515809
vt 0.302263 0.544156
vt 0.344340 0.687583
vt 0.385090 0.706577
vt 0.430659 0.577878
vt 0.392125 0.564590
vt 0.430842 0.576694
vt 0.217562 0.486596
vt 0.279116 0.504567
vt 0.218809 0.482817
vt 0.281034 0.501341
vt 0.309637 0.532855
vt 0.311895 0.529633
vt 0.371573 0.560538
vt 0.372943 0.556810
vt 0.391089 0.568438
vt 0.430121 0.580635
vt 0.091712 0.421514
vt 0.113538 0.426988
vt 0.102067 0.404365
vt 0.113538 0.407082
vt 0.125009 0.404365
vt 0.135365 0.421514
vt 0.133031 0.397335
vt 0.150797 0.407128
vt 0.135816 0.388321
vt 0.156228 0.388321
vt 0.150797 0.369513
vt 0.133031 0.379306
vt 0.135365 0.355128
vt 0.125009 0.372276
vt 0.113538 0.349654
vt 0.113538 0.369560
vt 0.102067 0.372276
vt 0.091712 0.355128
vt 0.094046 0.379306
vt 0.076280 0.369513
vt 0.091260 0.388321
vt 0.070848 0.388321
vt 0.076280 0.407128
vt 0.094046 0.397335
vt 0.194838 0.391554
vt 0.224865 0.395941
vt 0.207549 0.348470
vt 0.216076 0.414488
vt 0.231194 0.417484
vt 0.216606 0.461686
vt 0.242330 0.465032
vt 0.187423 0.464726
vt 0.188196 0.411225
vt 0.162268 0.384602
vt 0.174522 0.341329
vt 0.238324 0.355018
vt 0.239795 0.398695
vt 0.253666 0.423140
vt 0.269548 0.469605
vt 0.171132 0.460410
vt 0.154819 0.404016
vt 0.125459 0.466593
vt 0.253309 0.358635
vt 0.261800 0.403825
vt 0.284307 0.431995
vt 0.297065 0.475701
vt 0.316735 0.442241
vt 0.350406 0.502921
vt 0.373502 0.470199
vt 0.405032 0.543875
vt 0.431255 0.516249
vt 0.442545 0.564563
vt 0.460748 0.549930
vt 0.463082 0.594959
vt 0.483655 0.585903
vt 0.475571 0.624943
vt 0.292595 0.412522
vt 0.327019 0.424307
vt 0.384781 0.452946
vt 0.446846 0.502194
vt 0.477031 0.536948
vt 0.502293 0.576150
vt 0.535052 0.555262
vt 0.518613 0.603872
vt 0.552803 0.582929
vt 0.530554 0.625907
vt 0.566772 0.606160
vt 0.511279 0.634545
vt 0.500113 0.613633
vt 0.505861 0.514050
vt 0.472206 0.476775
vt 0.483648 0.645104
vt 0.488142 0.656078
vt 0.517384 0.645174
vt 0.536508 0.636922
vt 0.573811 0.617084
vt 0.404129 0.423364
vt 0.345243 0.390067
vt 0.308227 0.375373
vt 0.276725 0.365092
vt 0.079976 0.549138
vt 0.102449 0.554107
vt 0.083711 0.543814
vt 0.102449 0.547957
vt 0.121187 0.543814
vt 0.124922 0.549139
vt 0.134900 0.532502
vt 0.141365 0.535574
vt 0.139917 0.517058
vt 0.147382 0.517058
vt 0.141365 0.498542
vt 0.134900 0.501614
vt 0.124921 0.484978
vt 0.121187 0.490303
vt 0.102449 0.480011
vt 0.102449 0.486161
vt 0.083711 0.490303
vt 0.079976 0.484979
vt 0.069998 0.501614
vt 0.063532 0.498542
vt 0.064980 0.517058
vt 0.057516 0.517058
vt 0.063533 0.535575
vt 0.069998 0.532502
vt 0.211750 0.692715
vt 0.201812 0.677497
vt 0.197992 0.694297
vt 0.211393 0.677775
vt 0.204737 0.664888
vt 0.211331 0.664503
vt 0.207337 0.653793
vt 0.211275 0.653922
vt 0.211673 0.626513
vt 0.208035 0.626245
vt 0.763600 0.304294
vt 0.762497 0.279646
vt 0.773389 0.303442
vt 0.763117 0.272206
vt 0.772673 0.278203
vt 0.807098 0.277793
vt 0.807098 0.302856
vt 0.772963 0.270557
vt 0.807099 0.259235
vt 0.633976 0.936847
vt 0.590770 0.930144
vt 0.616980 0.959396
vt 0.539268 0.953742
vt 0.540981 0.921756
vt 0.470889 0.948630
vt 0.583454 0.959639
vt 0.595930 0.978946
vt 0.537261 0.993145
vt 0.468837 0.983147
vt 0.592294 0.898139
vt 0.543426 0.890235
vt 0.466691 0.896003
vt 0.465845 0.872914
vt 0.419394 0.879650
vt 0.417971 0.862648
vt 0.387843 0.875302
vt 0.390872 0.886981
vt 0.421762 0.899533
vt 0.396440 0.908576
vt 0.427305 0.931878
vt 0.406669 0.940118
vt 0.432201 0.953291
vt 0.427275 0.970813
vt 0.468833 0.927745
vt 0.595949 0.875993
vt 0.545981 0.864721
vt 0.465857 0.856541
vt 0.460371 0.820697
vt 0.546644 0.820923
vt 0.525236 0.756803
vt 0.560652 0.750926
vt 0.599694 0.828018
vt 0.567316 0.747606
vt 0.630626 0.784161
vt 0.672834 0.826677
vt 0.665792 0.872301
vt 0.597601 0.859535
vt 0.656152 0.885937
vt 0.647780 0.914372
vt 0.457127 0.743845
vt 0.546809 0.847661
vt 0.028880 0.593080
vt 0.058518 0.628647
vt 0.018131 0.632689
vt 0.055233 0.590849
vt 0.083053 0.592248
vt 0.085085 0.626275
vt 0.104453 0.595190
vt 0.104784 0.625363
vt 0.135307 0.609219
vt 0.134005 0.625933
vt 0.147181 0.615710
vt 0.144132 0.627305
vt 0.157202 0.621460
vt 0.154529 0.629725
vt 0.163510 0.625466
vt 0.160813 0.632027
vt 0.185806 0.638208
vt 0.183911 0.642469
vt 0.041366 0.566732
vt 0.055233 0.585709
vt 0.028880 0.587940
vt 0.058917 0.568959
vt 0.083053 0.587109
vt 0.085496 0.570023
vt 0.105295 0.573816
vt 0.104453 0.590051
vt 0.137730 0.588980
vt 0.135307 0.604079
vt 0.149673 0.598129
vt 0.147181 0.610571
vt 0.161519 0.604622
vt 0.157202 0.616321
vt 0.168809 0.608806
vt 0.163510 0.620326
vt 0.191033 0.621647
vt 0.185806 0.633069
vt 0.179846 0.785224
vt 0.187766 0.764437
vt 0.200072 0.800314
vt 0.216850 0.763762
vt 0.119859 0.792607
vt 0.091933 0.830489
vt 0.056554 0.770325
vt 0.183425 0.763817
vt 0.175506 0.784604
vt 0.130609 0.730645
vt 0.068276 0.705460
vt 0.004120 0.702078
vt 0.007734 0.768152
vt 0.046351 0.836201
vt 0.047511 0.874227
vt 0.019278 0.846102
vt 0.033172 0.884735
vt 0.537987 0.681772
vt 0.534827 0.676157
vt 0.467192 0.682956
vt 0.465289 0.677189
vt 0.438381 0.706983
vt 0.432969 0.703986
vt 0.432238 0.770679
vt 0.438509 0.771051
vt 0.437609 0.791330
vt 0.431312 0.791057
vt 0.433735 0.835832
vt 0.427023 0.835938
vt 0.912586 0.373482
vt 0.926807 0.363418
vt 0.930349 0.361343
vt 0.938010 0.354899
vt 0.192318 0.617364
vt 0.170094 0.604523
vt 0.197964 0.609827
vt 0.175617 0.596282
vt 0.167331 0.591795
vt 0.162803 0.600340
vt 0.156042 0.585581
vt 0.150958 0.593846
vt 0.139015 0.584698
vt 0.143772 0.575775
vt 0.109174 0.559674
vt 0.106580 0.569533
vt 0.088036 0.555557
vt 0.086781 0.565740
vt 0.061513 0.554964
vt 0.060202 0.564677
vt 0.042650 0.562449
vt 0.044756 0.552228
vt 0.182150 0.697197
vt 0.194137 0.693868
vt 0.187868 0.679551
vt 0.197957 0.677069
vt 0.192748 0.665249
vt 0.200882 0.664460
vt 0.194500 0.654052
vt 0.203482 0.653364
vt 0.193443 0.627263
vt 0.204181 0.625817
vt 0.177676 0.788324
vt 0.141352 0.813313
vt 0.197120 0.804419
vt 0.122030 0.796327
vt 0.094103 0.834209
vt 0.113067 0.848922
vt 0.067029 0.893699
vt 0.049681 0.877947
vt 0.052919 0.906410
vt 0.035343 0.888455
vt 0.212732 0.752965
vt 0.154272 0.706989
vt 0.184355 0.760096
vt 0.131539 0.726924
vt 0.084720 0.678416
vt 0.069206 0.701740
vt 0.015400 0.668479
vt 0.005050 0.698357
vt 0.014276 0.636116
vt 0.008192 0.661321
vt 0.016012 0.661012
vt 0.006894 0.635320
vt 0.240473 0.692695
vt 0.215604 0.692715
vt 0.240399 0.677741
vt 0.215248 0.677775
vt 0.240302 0.664499
vt 0.215185 0.664503
vt 0.240332 0.653956
vt 0.215129 0.653922
vt 0.240386 0.626543
vt 0.215528 0.626513
vt 0.019867 0.661869
vt 0.058518 0.632929
vt 0.018131 0.636972
vt 0.060516 0.658223
vt 0.086360 0.655931
vt 0.085085 0.630558
vt 0.104784 0.629646
vt 0.104754 0.655050
vt 0.134005 0.630216
vt 0.132091 0.655659
vt 0.144132 0.631588
vt 0.139993 0.656661
vt 0.154529 0.634008
vt 0.148214 0.658665
vt 0.160813 0.636310
vt 0.152577 0.660470
vt 0.183911 0.646752
vt 0.175192 0.669745
vt 0.025025 0.592223
vt 0.006894 0.631037
vt 0.014276 0.631833
vt 0.018097 0.589394
vt 0.040902 0.551371
vt 0.032015 0.557889
vt 0.038796 0.561592
vt 0.036752 0.548988
vt 0.037511 0.565875
vt 0.018097 0.584254
vt 0.025025 0.587084
vt 0.030730 0.562172
vt 0.020171 0.943855
vt 0.039567 0.971531
vt 0.012062 0.960637
vt 0.046128 0.953888
vt 0.073686 0.964885
vt 0.072424 0.984062
vt 0.093076 0.968184
vt 0.093711 0.987131
vt 0.117051 0.981373
vt 0.117924 0.962333
vt 0.138322 0.966503
vt 0.138517 0.947423
vt 0.170617 0.947406
vt 0.167121 0.928474
vt 0.181748 0.941292
vt 0.176730 0.922979
vt 0.190700 0.937044
vt 0.185149 0.919115
vt 0.010742 0.937226
vt 0.023660 0.918093
vt 0.020589 0.916771
vt 0.013759 0.938850
vt 0.002830 0.953619
vt 0.008662 0.957264
vt 0.016771 0.940482
vt 0.291972 0.725205
vt 0.279834 0.748412
vt 0.325997 0.743254
vt 0.312897 0.763339
vt 0.343537 0.760974
vt 0.326112 0.778612
vt 0.361688 0.784504
vt 0.341914 0.798985
vt 0.384301 0.823154
vt 0.363130 0.836404
vt 0.185432 0.906070
vt 0.176093 0.914999
vt 0.186927 0.910619
vt 0.173885 0.910873
vt 0.146370 0.931896
vt 0.148690 0.936121
vt 0.127168 0.950406
vt 0.125568 0.946214
vt 0.101271 0.952061
vt 0.101227 0.956571
vt 0.080076 0.953552
vt 0.081080 0.949380
vt 0.050997 0.942914
vt 0.049888 0.947348
vt 0.023586 0.937080
vt 0.022825 0.940432
vt 0.195962 0.907915
vt 0.195199 0.903159
vt 0.185432 0.903358
vt 0.172333 0.895962
vt 0.183037 0.890660
vt 0.173885 0.908161
vt 0.146452 0.919662
vt 0.146370 0.929184
vt 0.127136 0.927416
vt 0.125568 0.943502
vt 0.100651 0.929791
vt 0.101271 0.949349
vt 0.081080 0.946668
vt 0.081456 0.926209
vt 0.050997 0.940202
vt 0.059004 0.920146
vt 0.030294 0.912378
vt 0.023586 0.934368
vt 0.195199 0.900447
vt 0.192616 0.887315
vt 0.160673 0.333913
vt 0.163445 0.324842
vt 0.169806 0.339038
vt 0.173972 0.324842
vt 0.169806 0.310647
vt 0.160673 0.315772
vt 0.158018 0.299849
vt 0.152729 0.308763
vt 0.141430 0.295768
vt 0.141430 0.306078
vt 0.130130 0.308763
vt 0.124841 0.299849
vt 0.122187 0.315772
vt 0.113053 0.310648
vt 0.119415 0.324842
vt 0.108888 0.324842
vt 0.113053 0.339037
vt 0.122187 0.333913
vt 0.124841 0.349836
vt 0.130130 0.340922
vt 0.141430 0.353917
vt 0.141430 0.343606
vt 0.152729 0.340922
vt 0.158018 0.349836
vt 0.444526 0.773459
vt 0.440627 0.773405
vt 0.443611 0.793945
vt 0.439727 0.793683
vt 0.435853 0.838186
vt 0.439870 0.837791
vt 0.383069 0.752041
vt 0.402859 0.784075
vt 0.380807 0.719867
vt 0.389358 0.782610
vt 0.390751 0.803451
vt 0.405354 0.804403
vt 0.385809 0.845444
vt 0.399234 0.849058
vt 0.538630 0.661467
vt 0.461920 0.660214
vt 0.531645 0.674566
vt 0.462107 0.675598
vt 0.418497 0.699814
vt 0.429787 0.702395
vt 0.414009 0.767568
vt 0.429055 0.769088
vt 0.412400 0.787998
vt 0.428131 0.789466
vt 0.423842 0.834347
vt 0.408110 0.832870
vt 0.379566 0.962523
vt 0.355200 0.973029
vt 0.360024 0.981267
vt 0.375885 0.957271
vt 0.349918 0.965281
vt 0.370864 0.951376
vt 0.330320 0.935813
vt 0.354060 0.923874
vt 0.351405 0.916016
vt 0.325950 0.919195
vt 0.330120 0.892614
vt 0.355337 0.897648
vt 0.358397 0.890682
vt 0.336530 0.878463
vt 0.343238 0.869818
vt 0.364148 0.883755
vt 0.360449 0.846739
vt 0.380750 0.860942
vt 0.365013 0.840171
vt 0.386066 0.853484
vt 0.262173 0.993249
vt 0.286755 0.981501
vt 0.288524 0.991866
vt 0.261057 0.986842
vt 0.260333 0.981061
vt 0.282892 0.968746
vt 0.256492 0.937270
vt 0.233438 0.950823
vt 0.208807 0.918107
vt 0.230890 0.906863
vt 0.221835 0.886044
vt 0.197409 0.889471
vt 0.197784 0.863936
vt 0.222069 0.866245
vt 0.224664 0.827760
vt 0.201171 0.821325
vt 0.234465 0.802600
vt 0.213352 0.791112
vt 0.273431 0.752933
vt 0.252178 0.738305
vt 0.336390 0.984300
vt 0.350303 0.972653
vt 0.355127 0.980890
vt 0.332916 0.974263
vt 0.345021 0.964904
vt 0.328744 0.962288
vt 0.325423 0.935437
vt 0.310621 0.934365
vt 0.321053 0.918818
vt 0.300474 0.917091
vt 0.325224 0.892237
vt 0.298526 0.891070
vt 0.304615 0.872567
vt 0.331633 0.878086
vt 0.315535 0.852032
vt 0.338341 0.869441
vt 0.355553 0.846362
vt 0.328392 0.826618
vt 0.360117 0.839794
vt 0.338900 0.802374
vt 0.309218 0.817370
vt 0.323098 0.782002
vt 0.294026 0.809578
vt 0.309884 0.766729
vt 0.276821 0.751803
vt 0.237855 0.801470
vt 0.284393 0.835575
vt 0.228054 0.826630
vt 0.272260 0.868086
vt 0.225459 0.865115
vt 0.266290 0.890615
vt 0.225225 0.884914
vt 0.234280 0.905733
vt 0.267515 0.915844
vt 0.259882 0.936140
vt 0.278065 0.938314
vt 0.286282 0.967616
vt 0.301192 0.966261
vt 0.290145 0.980370
vt 0.305399 0.979300
vt 0.291914 0.990736
vt 0.307272 0.989698
vt 0.012664 0.963650
vt 0.040170 0.974544
vt 0.010245 0.970064
vt 0.037885 0.980992
vt 0.073026 0.987076
vt 0.071419 0.993953
vt 0.095268 0.997106
vt 0.094314 0.990144
vt 0.117654 0.984386
vt 0.121058 0.990709
vt 0.143220 0.975170
vt 0.138925 0.969516
vt 0.171220 0.950419
vt 0.175176 0.956530
vt 0.186049 0.950531
vt 0.182351 0.944305
vt 0.191303 0.940057
vt 0.195280 0.945880
vt 0.057799 0.916530
vt 0.030012 0.905568
vt 0.029089 0.908762
vt 0.058726 0.913348
vt 0.080250 0.922593
vt 0.081305 0.919450
vt 0.099445 0.926175
vt 0.099822 0.922821
vt 0.125931 0.923800
vt 0.125149 0.920465
vt 0.143777 0.912934
vt 0.145247 0.916046
vt 0.171127 0.892346
vt 0.169017 0.889604
vt 0.180524 0.883763
vt 0.181832 0.887044
vt 0.191410 0.883699
vt 0.190698 0.880227
s 1
usemtl cop_metal
f 1/1/1 2/2/2 3/3/3
f 3/3/3 2/2/2 4/4/4
f 5/5/5 6/6/6 7/7/7
f 7/7/7 6/6/6 8/8/8
f 9/9/9 10/10/10 11/11/11
f 11/11/11 10/10/10 12/12/12
f 7/13/13 8/14/14 13/15/15
f 13/15/15 8/14/14 14/16/16
f 13/15/15 14/16/16 15/17/17
f 15/17/17 14/16/16 16/18/18
f 12/19/19 15/17/17 16/18/18
f 10/20/20 15/17/17 12/19/19
f 17/21/21 18/22/22 19/23/23
f 20/21/24 19/23/23 18/22/22
f 21/24/25 6/25/26 5/26/27
f 22/27/28 6/25/26 21/24/25
f 21/24/25 23/28/29 22/27/28
f 22/27/28 23/28/29 24/29/30
f 23/28/29 25/30/31 24/29/30
f 26/31/32 25/30/31 23/28/29
f 26/31/32 17/21/21 25/30/31
f 25/30/31 17/21/21 27/32/33
f 17/21/21 28/33/34 27/32/33
f 28/33/34 17/21/21 19/23/23
f 19/23/23 29/32/35 28/33/34
f 20/21/24 29/32/35 19/23/23
f 20/21/24 30/30/36 29/32/35
f 31/31/37 30/30/36 20/21/24
f 32/28/38 30/30/36 31/31/37
f 33/29/39 30/30/36 32/28/38
f 32/28/38 34/27/40 33/29/39
f 35/24/41 34/27/40 32/28/38
f 35/24/41 36/25/42 34/27/40
f 37/26/43 36/25/42 35/24/41
f 38/34/44 39/35/45 40/36/46
f 41/37/47 38/34/44 40/36/46
f 42/38/48 38/34/44 41/37/47
f 43/39/49 40/36/46 44/40/50
f 39/35/45 44/40/50 40/36/46
f 45/41/51 44/40/50 39/35/45
f 39/35/45 46/42/52 45/41/51
f 47/43/53 46/42/52 39/35/45
f 48/44/54 46/42/52 47/43/53
f 47/43/53 49/42/55 48/44/54
f 50/45/56 51/46/56 43/39/57
f 43/39/57 51/46/56 52/47/58
f 43/39/49 52/47/59 40/36/46
f 40/36/46 52/47/59 53/48/60
f 40/36/46 53/48/60 41/37/47
f 53/48/60 54/49/61 41/37/47
f 54/49/61 42/38/48 41/37/47
f 54/49/61 55/50/62 42/38/48
f 56/35/63 57/41/64 49/42/55
f 56/35/63 49/42/55 47/43/53
f 47/43/53 58/51/65 56/35/63
f 39/35/45 58/51/65 47/43/53
f 59/52/66 58/51/65 39/35/45
f 59/52/66 39/35/45 38/34/44
f 60/53/67 59/52/66 38/34/44
f 38/34/44 61/54/68 60/53/67
f 42/38/48 61/54/68 38/34/44
f 62/55/69 61/54/68 42/38/48
f 42/38/48 55/50/62 62/55/69
f 62/55/69 55/50/62 63/56/70
f 64/57/71 62/55/69 63/56/70
f 65/58/72 64/57/71 63/56/70
f 65/58/72 63/56/70 66/59/73
f 65/58/72 66/59/73 67/56/74
f 65/58/72 67/56/74 68/57/75
f 68/57/75 67/56/74 69/55/76
f 64/57/71 61/54/68 62/55/69
f 68/57/75 69/55/76 70/54/77
f 70/54/77 69/55/76 71/38/78
f 71/38/78 72/53/79 70/54/77
f 71/38/78 73/34/80 72/53/79
f 73/34/80 74/52/81 72/53/79
f 74/52/81 73/34/80 56/35/63
f 56/35/63 58/51/65 74/52/81
f 58/51/65 75/60/82 74/52/81
f 58/51/65 59/52/66 75/60/82
f 75/60/82 59/52/66 76/61/83
f 76/61/83 59/52/66 60/53/67
f 72/53/79 74/52/81 77/61/84
f 74/52/81 75/60/82 77/61/84
f 57/41/64 56/35/63 78/40/85
f 78/40/85 56/35/63 79/36/86
f 56/35/63 73/34/80 79/36/86
f 80/37/87 79/36/86 73/34/80
f 80/37/87 73/34/80 71/38/78
f 81/49/88 80/37/87 71/38/78
f 71/38/78 82/50/89 81/49/88
f 69/55/76 82/50/89 71/38/78
f 69/55/76 67/56/74 82/50/89
f 83/39/90 78/40/85 79/36/86
f 83/39/90 84/46/91 85/45/91
f 86/47/92 84/46/91 83/39/90
f 83/39/90 79/36/86 86/47/92
f 79/36/86 87/48/93 86/47/92
f 79/36/86 80/37/87 87/48/93
f 87/48/93 80/37/87 81/49/88
f 88/62/94 89/63/94 90/64/94
f 88/62/94 91/65/94 89/63/94
f 92/66/94 91/65/94 88/62/94
f 91/65/94 92/66/94 93/67/94
f 93/67/94 92/66/94 94/68/94
f 94/68/94 95/69/94 93/67/94
f 96/70/94 95/69/94 94/68/94
f 95/69/94 96/70/94 97/71/94
f 97/71/94 96/70/94 98/72/94
f 97/71/94 98/72/94 99/73/94
f 100/4/95 101/2/96 9/3/97
f 9/3/97 101/2/98 10/1/99
f 102/74/100 103/75/101 104/76/102
f 104/76/102 103/75/101 105/77/103
f 105/77/103 100/78/104 104/76/102
f 104/76/102 100/78/105 9/79/106
f 37/80/107 54/81/108 106/82/109
f 106/82/109 54/81/108 53/83/110
f 7/84/111 13/85/112 87/86/113
f 87/86/113 13/85/112 86/87/114
f 13/85/115 107/88/116 86/87/117
f 15/89/118 107/88/116 13/85/115
f 15/89/118 101/90/119 107/88/116
f 10/91/120 101/90/119 15/89/118
f 108/92/121 109/93/122 110/94/123
f 109/93/122 108/92/121 111/95/124
f 111/95/124 108/92/121 112/96/125
f 112/96/125 113/97/126 111/95/124
f 25/98/127 27/99/128 114/100/129
f 114/100/129 27/99/128 115/101/130
f 27/99/128 28/102/131 115/101/130
f 115/101/130 28/102/131 116/103/132
f 116/103/132 28/102/131 117/101/133
f 117/101/133 118/104/134 116/103/132
f 110/94/123 118/104/134 117/101/133
f 119/100/135 110/94/123 117/101/133
f 108/92/121 110/94/123 119/100/135
f 119/100/135 120/105/136 108/92/121
f 108/92/121 120/105/136 112/96/125
f 112/96/125 120/105/136 121/106/137
f 121/106/137 113/97/126 112/96/125
f 121/106/137 122/107/138 113/97/126
f 122/107/138 121/106/137 36/108/139
f 36/108/139 121/106/137 34/109/140
f 121/106/137 33/110/141 34/109/140
f 120/105/136 33/110/141 121/106/137
f 33/110/141 120/105/136 30/98/142
f 30/98/142 120/105/136 119/100/135
f 119/100/135 29/99/143 30/98/142
f 117/101/133 29/99/143 119/100/135
f 117/101/133 28/102/131 29/99/143
f 116/103/132 118/104/134 115/101/130
f 115/101/130 118/104/134 123/94/144
f 115/101/130 123/94/144 114/100/129
f 114/100/129 123/94/144 124/92/145
f 114/100/129 124/92/145 125/105/146
f 125/105/146 124/92/145 126/96/147
f 126/96/147 127/106/148 125/105/146
f 110/94/123 109/93/122 128/111/149
f 110/94/123 128/111/149 118/104/134
f 118/104/134 128/111/149 129/112/150
f 129/112/150 130/111/151 118/104/134
f 118/104/134 130/111/151 123/94/144
f 130/111/151 131/93/152 123/94/144
f 123/94/144 131/93/152 124/92/145
f 132/95/153 124/92/145 131/93/152
f 126/96/147 124/92/145 132/95/153
f 132/95/153 133/97/154 126/96/147
f 126/96/147 133/97/154 127/106/148
f 127/106/148 133/97/154 8/107/155
f 8/107/155 6/108/156 127/106/148
f 127/106/148 6/108/156 22/109/157
f 22/109/157 24/110/158 127/106/148
f 127/106/148 24/110/158 125/105/146
f 25/98/127 125/105/146 24/110/158
f 114/100/129 125/105/146 25/98/127
f 87/83/159 81/81/160 7/82/161
f 7/82/161 81/81/160 5/80/162
f 134/113/163 135/114/164 136/115/165
f 37/116/166 35/117/167 54/118/168
f 54/118/168 35/117/167 55/119/169
f 35/117/167 32/120/170 55/119/169
f 55/119/169 32/120/170 137/121/171
f 32/120/170 31/122/172 137/121/171
f 137/121/171 31/122/172 138/123/173
f 31/122/172 20/124/174 138/123/173
f 138/123/173 20/124/174 139/114/175
f 20/124/174 136/115/165 139/114/175
f 20/124/174 134/113/163 136/115/165
f 18/125/176 134/113/163 20/124/174
f 17/124/177 134/113/163 18/125/176
f 17/124/177 135/114/164 134/113/163
f 17/124/177 140/123/178 135/114/164
f 26/122/179 140/123/178 17/124/177
f 26/122/179 141/121/180 140/123/178
f 23/120/181 141/121/180 26/122/179
f 23/120/181 82/119/182 141/121/180
f 21/117/183 82/119/182 23/120/181
f 21/117/183 81/118/184 82/119/182
f 5/116/185 81/118/184 21/117/183
f 142/126/186 143/127/187 89/128/188
f 89/128/188 143/127/187 90/129/187
f 90/129/187 143/127/187 88/130/189
f 88/130/189 143/127/187 144/131/190
f 88/130/189 144/131/190 92/132/191
f 92/132/191 144/131/190 145/133/192
f 92/132/191 145/133/192 94/134/193
f 94/134/193 145/133/192 146/135/193
f 146/135/193 147/136/194 94/134/193
f 94/134/193 147/136/194 96/137/195
f 147/136/194 148/138/196 96/137/195
f 96/137/195 148/138/196 98/139/197
f 148/138/196 149/140/198 98/139/197
f 98/139/197 149/140/198 99/141/198
f 99/141/198 149/140/198 97/142/199
f 97/142/199 149/140/198 150/143/200
f 97/142/199 150/143/200 95/144/201
f 95/144/201 150/143/200 151/145/202
f 95/144/201 151/145/202 93/146/203
f 93/146/203 151/145/202 152/147/203
f 152/147/203 153/148/204 93/146/203
f 93/146/203 153/148/204 91/149/205
f 153/148/204 142/126/186 91/149/205
f 91/149/205 142/126/186 89/128/188
f 154/150/206 155/151/207 156/152/208
f 154/150/206 157/153/209 155/151/207
f 158/154/210 155/151/207 157/153/209
f 158/154/210 157/153/209 159/155/211
f 160/156/212 158/154/210 159/155/211
f 159/155/211 157/153/209 161/157/213
f 157/153/209 162/158/214 161/157/213
f 162/158/214 157/153/209 154/150/206
f 154/150/206 128/159/149 162/158/214
f 154/150/206 129/160/150 128/159/149
f 156/152/208 129/160/150 154/150/206
f 163/150/215 129/160/150 156/152/208
f 156/152/208 164/151/216 163/150/215
f 165/161/217 164/151/216 156/152/208
f 156/152/208 155/151/207 165/161/217
f 166/162/218 165/161/217 155/151/207
f 166/162/218 155/151/207 158/154/210
f 158/154/210 167/163/219 166/162/218
f 167/163/219 158/154/210 160/156/212
f 168/164/220 167/163/219 160/156/212
f 130/159/151 129/160/150 163/150/215
f 161/157/213 162/158/214 169/165/221
f 162/158/214 109/166/122 169/165/221
f 162/158/214 128/159/149 109/166/122
f 169/165/221 109/166/122 111/167/124
f 170/162/222 171/168/223 172/169/224
f 172/169/224 173/163/225 170/162/222
f 170/162/222 173/163/225 174/154/226
f 174/154/226 164/151/216 170/162/222
f 175/153/227 164/151/216 174/154/226
f 175/153/227 163/150/215 164/151/216
f 176/158/228 163/150/215 175/153/227
f 163/150/215 176/158/228 130/159/151
f 130/159/151 176/158/228 131/166/152
f 165/161/217 170/162/222 164/151/216
f 171/168/223 170/162/222 165/161/217
f 171/168/223 165/161/217 166/162/218
f 177/169/229 171/168/223 166/162/218
f 166/162/218 167/163/219 177/169/229
f 178/170/230 177/169/229 167/163/219
f 178/170/230 167/163/219 168/164/220
f 168/164/220 179/171/231 178/170/230
f 178/170/230 179/171/231 180/172/232
f 179/171/231 181/173/233 180/172/232
f 180/172/232 181/173/233 182/174/234
f 183/175/235 182/174/234 181/173/233
f 184/176/236 182/174/234 183/175/235
f 185/177/237 184/176/236 183/175/235
f 186/178/238 184/176/236 185/177/237
f 185/177/237 187/179/239 186/178/238
f 186/178/238 187/179/239 188/180/240
f 187/179/239 189/181/241 188/180/240
f 190/182/242 177/169/229 178/170/230
f 180/172/232 190/182/242 178/170/230
f 191/183/243 190/182/242 180/172/232
f 182/174/234 191/183/243 180/172/232
f 192/184/244 191/183/243 182/174/234
f 184/176/236 192/184/244 182/174/234
f 193/185/245 192/184/244 184/176/236
f 184/176/236 186/178/238 193/185/245
f 193/185/245 186/178/238 194/186/246
f 186/178/238 195/187/247 194/186/246
f 196/188/248 194/186/246 195/187/247
f 197/189/249 196/188/248 195/187/247
f 198/190/250 196/188/248 197/189/249
f 197/189/249 199/191/251 198/190/250
f 198/190/250 199/191/251 200/192/252
f 200/192/252 201/191/253 198/190/250
f 198/190/250 201/191/253 202/189/254
f 201/191/253 203/193/255 202/189/254
f 197/189/249 204/193/256 199/191/251
f 205/194/257 204/193/256 197/189/249
f 195/187/247 205/194/257 197/189/249
f 188/180/240 205/194/257 195/187/247
f 188/180/240 195/187/247 186/178/238
f 206/195/258 194/186/246 196/188/248
f 198/190/250 202/189/254 196/188/248
f 196/188/248 202/189/254 207/187/259
f 208/186/260 196/188/248 207/187/259
f 206/195/258 196/188/248 208/186/260
f 206/195/258 208/186/260 209/196/261
f 206/195/258 209/196/261 194/186/246
f 194/186/246 209/196/261 193/185/245
f 188/180/240 189/181/241 205/194/257
f 189/181/241 210/197/262 205/194/257
f 205/194/257 210/197/262 204/193/256
f 211/198/263 204/193/256 210/197/262
f 212/199/264 204/193/256 211/198/263
f 204/193/256 212/199/264 199/191/251
f 199/191/251 212/199/264 213/200/265
f 199/191/251 213/200/265 200/192/252
f 200/192/252 213/200/265 214/201/266
f 214/201/266 215/200/267 200/192/252
f 200/192/252 215/200/267 201/191/253
f 215/200/267 216/199/268 201/191/253
f 201/191/253 216/199/268 203/193/255
f 217/198/269 203/193/255 216/199/268
f 218/197/270 203/193/255 217/198/269
f 203/193/255 218/197/270 219/194/271
f 219/194/271 218/197/270 220/181/272
f 219/194/271 220/181/272 221/180/273
f 202/189/254 203/193/255 219/194/271
f 219/194/271 207/187/259 202/189/254
f 221/180/273 207/187/259 219/194/271
f 222/178/274 207/187/259 221/180/273
f 208/186/260 207/187/259 222/178/274
f 222/178/274 223/185/275 208/186/260
f 209/196/261 208/186/260 223/185/275
f 223/185/275 224/202/276 209/196/261
f 209/196/261 224/202/276 193/185/245
f 193/185/245 224/202/276 192/184/244
f 225/203/277 192/184/244 224/202/276
f 191/183/243 192/184/244 225/203/277
f 226/204/278 191/183/243 225/203/277
f 190/182/242 191/183/243 226/204/278
f 227/205/279 190/182/242 226/204/278
f 177/169/229 190/182/242 227/205/279
f 227/205/279 171/168/223 177/169/229
f 172/169/224 171/168/223 227/205/279
f 228/176/280 223/185/275 222/178/274
f 223/185/275 228/176/280 229/184/281
f 229/184/281 224/202/276 223/185/275
f 224/202/276 229/184/281 225/203/277
f 225/203/277 229/184/281 230/183/282
f 225/203/277 230/183/282 226/204/278
f 226/204/278 230/183/282 231/182/283
f 231/182/283 227/205/279 226/204/278
f 172/169/224 227/205/279 231/182/283
f 231/182/283 232/170/284 172/169/224
f 172/169/224 232/170/284 173/163/225
f 229/184/281 228/176/280 233/174/285
f 229/184/281 233/174/285 230/183/282
f 230/183/282 233/174/285 234/172/286
f 230/183/282 234/172/286 231/182/283
f 231/182/283 234/172/286 232/170/284
f 221/180/273 220/181/272 235/179/287
f 221/180/273 235/179/287 222/178/274
f 222/178/274 235/179/287 236/177/288
f 236/177/288 228/176/280 222/178/274
f 237/175/289 228/176/280 236/177/288
f 237/175/289 233/174/285 228/176/280
f 238/173/290 233/174/285 237/175/289
f 233/174/285 238/173/290 234/172/286
f 234/172/286 238/173/290 239/171/291
f 234/172/286 239/171/291 232/170/284
f 232/170/284 239/171/291 240/164/292
f 240/164/292 173/163/225 232/170/284
f 241/156/293 173/163/225 240/164/292
f 241/156/293 174/154/226 173/163/225
f 242/155/294 174/154/226 241/156/293
f 242/155/294 175/153/227 174/154/226
f 243/157/295 175/153/227 242/155/294
f 243/157/295 176/158/228 175/153/227
f 244/165/296 176/158/228 243/157/295
f 244/165/296 131/166/152 176/158/228
f 132/167/153 131/166/152 244/165/296
f 245/206/94 246/207/94 142/208/94
f 142/208/94 246/207/94 143/209/94
f 143/209/94 246/207/94 144/210/94
f 144/210/94 246/207/94 247/211/94
f 144/210/94 247/211/94 145/212/94
f 145/212/94 247/211/94 248/213/94
f 145/212/94 248/213/94 146/214/94
f 146/214/94 248/213/94 249/215/94
f 249/215/94 250/216/94 146/214/94
f 146/214/94 250/216/94 147/217/94
f 250/216/94 251/218/94 147/217/94
f 147/217/94 251/218/94 148/219/94
f 251/218/94 252/220/94 148/219/94
f 148/219/94 252/220/94 149/221/94
f 149/221/94 252/220/94 150/222/94
f 150/222/94 252/220/94 253/223/94
f 150/222/94 253/223/94 151/224/94
f 151/224/94 253/223/94 254/225/94
f 151/224/94 254/225/94 152/226/94
f 152/226/94 254/225/94 255/227/94
f 255/227/94 256/228/94 152/226/94
f 152/226/94 256/228/94 153/229/94
f 256/228/94 245/206/94 153/229/94
f 153/229/94 245/206/94 142/208/94
f 257/230/297 258/231/298 259/232/299
f 260/233/300 258/231/298 257/230/297
f 258/231/298 260/233/300 261/234/301
f 261/234/301 260/233/300 262/235/302
f 261/234/301 262/235/302 263/236/303
f 263/236/303 262/235/302 264/237/304
f 264/237/304 265/238/305 263/236/303
f 263/236/303 265/238/305 266/239/306
f 267/240/307 268/241/308 269/242/309
f 268/241/308 270/243/310 271/244/311
f 269/242/309 268/241/308 271/244/311
f 272/245/312 269/242/309 271/244/311
f 273/246/313 269/242/309 272/245/312
f 273/246/313 272/245/312 274/242/314
f 274/242/314 272/245/312 275/244/315
f 275/244/315 276/241/316 274/242/314
f 275/244/315 277/243/317 276/241/316
f 278/247/318 277/243/317 275/244/315
f 272/245/312 278/247/318 275/244/315
f 279/248/319 278/247/318 272/245/312
f 272/245/312 280/247/320 279/248/319
f 271/244/311 280/247/320 272/245/312
f 271/244/311 270/243/310 280/247/320
f 274/242/314 276/241/316 281/240/321
f 160/249/212 282/250/322 168/251/220
f 283/252/323 284/253/324 285/254/325
f 283/252/323 282/250/322 284/253/324
f 286/255/326 282/250/322 283/252/323
f 286/255/326 168/251/220 282/250/322
f 179/256/231 168/251/220 286/255/326
f 179/256/231 286/255/326 181/257/233
f 181/257/233 286/255/326 283/252/323
f 181/257/233 283/252/323 183/258/235
f 287/259/327 282/250/322 160/249/212
f 282/250/322 287/259/327 284/253/324
f 284/253/324 287/259/327 288/260/328
f 289/261/329 284/253/324 288/260/328
f 289/261/329 288/260/328 290/262/330
f 290/262/330 291/263/331 289/261/329
f 291/263/331 290/262/330 292/264/332
f 211/265/263 291/263/331 292/264/332
f 210/266/262 291/263/331 211/265/263
f 210/266/262 293/267/333 291/263/331
f 189/268/241 293/267/333 210/266/262
f 189/268/241 294/269/334 293/267/333
f 187/270/239 294/269/334 189/268/241
f 187/270/239 295/271/335 294/269/334
f 185/272/237 295/271/335 187/270/239
f 185/272/237 183/258/235 295/271/335
f 295/271/335 183/258/235 285/254/325
f 183/258/235 283/252/323 285/254/325
f 294/269/334 295/271/335 296/273/336
f 296/273/336 295/271/335 285/254/325
f 285/254/325 284/253/324 296/273/336
f 296/273/336 284/253/324 289/261/329
f 296/273/336 289/261/329 294/269/334
f 294/269/334 289/261/329 293/267/333
f 289/261/329 291/263/331 293/267/333
f 287/259/327 297/274/337 288/260/328
f 288/260/328 297/274/337 298/275/338
f 290/262/330 288/260/328 298/275/338
f 290/262/330 298/275/338 299/276/339
f 292/264/332 290/262/330 299/276/339
f 300/277/340 292/264/332 299/276/339
f 300/277/340 299/276/339 301/278/341
f 302/279/342 300/277/340 301/278/341
f 301/278/341 303/280/343 302/279/342
f 304/281/344 303/280/343 301/278/341
f 304/281/344 122/282/138 303/280/343
f 122/282/138 304/281/344 113/283/126
f 113/283/126 304/281/344 111/284/124
f 111/284/124 304/281/344 169/285/221
f 305/286/345 169/285/221 304/281/344
f 161/287/213 169/285/221 305/286/345
f 297/274/337 161/287/213 305/286/345
f 159/288/211 161/287/213 297/274/337
f 297/274/337 287/259/327 159/288/211
f 159/288/211 287/259/327 160/249/212
f 306/289/346 300/277/340 302/279/342
f 299/276/339 298/275/338 307/290/347
f 301/278/341 299/276/339 307/290/347
f 307/290/347 304/281/344 301/278/341
f 305/286/345 304/281/344 307/290/347
f 298/275/338 305/286/345 307/290/347
f 297/274/337 305/286/345 298/275/338
f 308/291/348 309/292/349 310/293/350
f 311/294/351 309/292/349 308/291/348
f 311/294/351 312/295/352 309/292/349
f 309/292/349 312/295/352 313/296/353
f 312/295/352 314/297/354 313/296/353
f 313/296/353 314/297/354 315/298/355
f 314/297/354 316/299/356 315/298/355
f 315/298/355 316/299/356 317/300/357
f 316/299/356 318/301/358 317/300/357
f 317/300/357 318/301/358 319/302/359
f 320/303/360 319/302/359 318/301/358
f 321/304/361 319/302/359 320/303/360
f 322/305/362 321/304/361 320/303/360
f 323/306/363 321/304/361 322/305/362
f 322/305/362 324/307/364 323/306/363
f 323/306/363 324/307/364 325/308/364
f 1/91/365 326/89/366 2/90/367
f 2/90/368 326/89/366 327/88/369
f 326/89/366 328/85/370 327/88/369
f 327/88/369 328/85/370 52/87/371
f 106/84/372 52/87/371 328/85/370
f 53/86/373 52/87/371 106/84/372
f 329/74/374 330/76/375 331/75/376
f 331/75/377 330/76/378 332/77/379
f 330/76/378 4/78/380 332/77/379
f 3/79/381 4/78/380 330/76/378
f 333/309/382 311/310/383 308/311/384
f 334/312/385 311/310/383 333/309/382
f 311/310/383 334/312/385 312/313/386
f 312/313/386 334/312/385 335/314/387
f 336/315/388 312/313/386 335/314/387
f 314/316/389 312/313/386 336/315/388
f 336/315/388 337/317/390 314/316/389
f 314/316/389 337/317/390 316/318/391
f 338/319/392 316/318/391 337/317/390
f 318/320/393 316/318/391 338/319/392
f 339/321/394 318/320/393 338/319/392
f 320/322/395 318/320/393 339/321/394
f 340/323/396 320/322/395 339/321/394
f 322/324/397 320/322/395 340/323/396
f 341/325/398 322/324/397 340/323/396
f 324/326/399 322/324/397 341/325/398
f 342/327/400 343/328/401 83/329/402
f 83/329/402 343/328/401 78/330/403
f 344/331/404 345/332/405 346/333/406
f 344/331/404 343/334/407 342/335/408
f 347/336/409 343/334/407 344/331/404
f 344/331/404 346/333/406 347/336/409
f 347/336/409 346/333/406 348/337/410
f 348/337/410 346/333/406 349/338/411
f 350/337/412 351/333/413 352/336/414
f 350/337/412 349/338/411 351/333/413
f 351/333/413 349/338/411 353/339/415
f 349/338/411 346/333/406 353/339/415
f 354/340/416 353/339/415 346/333/406
f 346/333/406 345/332/405 354/340/416
f 345/332/405 355/341/417 354/340/416
f 354/340/416 355/341/417 356/342/418
f 356/342/418 355/341/417 357/343/419
f 358/341/420 356/342/418 357/343/419
f 359/340/421 356/342/418 358/341/420
f 360/332/422 359/340/421 358/341/420
f 360/332/422 351/333/413 359/340/421
f 361/331/423 351/333/413 360/332/422
f 352/336/414 351/333/413 361/331/423
f 361/331/423 362/334/424 352/336/414
f 363/335/425 362/334/424 361/331/423
f 351/333/413 353/339/415 359/340/421
f 359/340/421 353/339/415 356/342/418
f 356/342/418 353/339/415 354/340/416
f 9/344/426 11/345/427 104/346/428
f 104/346/428 11/345/427 364/347/429
f 104/346/428 364/347/429 102/348/430
f 102/348/430 364/347/429 365/349/431
f 365/349/431 366/350/432 102/348/430
f 102/348/430 366/350/432 367/351/433
f 367/351/433 366/350/432 368/352/434
f 368/352/434 366/350/432 369/353/435
f 368/352/434 369/353/435 370/354/436
f 370/354/436 369/353/435 371/355/437
f 371/355/437 372/353/438 370/354/436
f 370/354/436 372/353/438 373/352/439
f 372/353/438 374/350/440 373/352/439
f 373/352/439 374/350/440 375/351/441
f 375/351/441 374/350/440 329/348/442
f 329/348/442 374/350/440 376/349/443
f 376/349/443 377/347/444 329/348/442
f 329/348/442 377/347/444 330/346/445
f 378/345/446 330/346/445 377/347/444
f 3/344/447 330/346/445 378/345/446
f 379/253/448 380/259/449 381/250/450
f 382/255/451 383/252/452 381/250/450
f 381/250/450 383/252/452 379/253/448
f 383/252/452 384/254/453 379/253/448
f 379/253/448 384/254/453 385/273/454
f 386/261/455 379/253/448 385/273/454
f 387/260/456 379/253/448 386/261/455
f 387/260/456 380/259/449 379/253/448
f 387/260/456 388/274/457 380/259/449
f 389/275/458 390/276/459 391/290/460
f 392/262/461 390/276/459 389/275/458
f 390/276/459 392/262/461 393/264/462
f 393/264/462 392/262/461 394/263/463
f 393/264/462 394/263/463 217/265/269
f 217/265/269 394/263/463 218/266/270
f 394/263/463 395/267/464 218/266/270
f 395/267/464 394/263/463 386/261/455
f 395/267/464 386/261/455 396/269/465
f 396/269/465 386/261/455 385/273/454
f 385/273/454 397/271/466 396/269/465
f 384/254/453 397/271/466 385/273/454
f 384/254/453 237/258/289 397/271/466
f 384/254/453 383/252/452 237/258/289
f 237/258/289 383/252/452 238/257/290
f 382/255/451 238/257/290 383/252/452
f 239/256/291 238/257/290 382/255/451
f 382/255/451 240/251/292 239/256/291
f 386/261/455 394/263/463 392/262/461
f 392/262/461 387/260/456 386/261/455
f 389/275/458 387/260/456 392/262/461
f 389/275/458 388/274/457 387/260/456
f 388/274/457 389/275/458 398/286/467
f 398/286/467 389/275/458 391/290/460
f 391/290/460 399/281/468 398/286/467
f 400/278/469 399/281/468 391/290/460
f 390/276/459 400/278/469 391/290/460
f 401/277/470 400/278/469 390/276/459
f 401/277/470 390/276/459 393/264/462
f 381/250/450 240/251/292 382/255/451
f 240/251/292 381/250/450 241/249/293
f 241/249/293 381/250/450 380/259/449
f 241/249/293 380/259/449 242/288/294
f 242/288/294 380/259/449 388/274/457
f 388/274/457 243/287/295 242/288/294
f 398/286/467 243/287/295 388/274/457
f 398/286/467 244/285/296 243/287/295
f 399/281/468 244/285/296 398/286/467
f 399/281/468 132/284/153 244/285/296
f 133/283/154 132/284/153 399/281/468
f 8/282/155 133/283/154 399/281/468
f 399/281/468 14/280/471 8/282/155
f 399/281/468 400/278/469 14/280/471
f 14/280/471 400/278/469 16/279/472
f 401/277/470 16/279/472 400/278/469
f 12/289/473 16/279/472 401/277/470
f 82/50/474 67/56/475 141/356/476
f 141/356/476 67/56/475 140/357/477
f 67/56/475 135/358/478 140/357/477
f 67/56/475 136/359/479 135/358/478
f 66/59/480 136/359/479 67/56/475
f 66/59/480 63/56/481 136/359/479
f 63/56/481 139/358/482 136/359/479
f 63/56/481 138/357/483 139/358/482
f 137/356/484 138/357/483 63/56/481
f 55/50/485 137/356/484 63/56/481
f 1/20/486 306/19/487 326/17/488
f 326/17/488 306/19/487 302/18/489
f 302/18/489 303/16/490 326/17/488
f 326/17/488 303/16/490 328/15/491
f 303/16/490 122/14/492 328/15/491
f 328/15/491 122/14/492 106/13/493
f 341/360/494 340/361/495 402/362/496
f 402/362/496 340/361/495 403/363/497
f 340/361/495 404/364/498 403/363/497
f 339/365/499 404/364/498 340/361/495
f 339/365/499 405/366/500 404/364/498
f 338/367/501 405/366/500 339/365/499
f 338/367/501 337/368/502 405/366/500
f 405/366/500 337/368/502 406/369/503
f 337/368/504 407/370/505 406/369/506
f 336/371/507 407/370/505 337/368/504
f 336/371/507 408/372/508 407/370/505
f 335/373/509 408/372/508 336/371/507
f 335/373/509 409/374/510 408/372/508
f 334/375/511 409/374/510 335/373/509
f 334/375/511 333/376/512 409/374/510
f 409/374/510 333/376/512 410/377/513
f 406/378/514 259/379/515 405/380/516
f 405/380/516 259/379/517 258/381/518
f 405/380/516 258/381/518 404/382/519
f 404/382/519 258/381/518 261/383/520
f 404/382/519 261/383/520 403/384/521
f 403/384/521 261/383/520 263/385/522
f 403/384/521 263/385/522 402/386/523
f 402/386/524 263/385/525 266/387/526
f 363/388/527 411/389/528 43/390/529
f 361/391/530 411/389/528 363/388/527
f 360/392/531 411/389/528 361/391/530
f 412/393/532 411/389/528 360/392/531
f 360/392/531 413/394/533 412/393/532
f 358/395/534 413/394/533 360/392/531
f 358/395/534 414/396/535 413/394/533
f 357/397/536 414/396/535 358/395/534
f 357/397/536 355/395/537 414/396/535
f 414/396/535 355/395/537 415/394/538
f 355/395/537 345/392/539 415/394/538
f 415/394/538 345/392/539 416/393/540
f 345/392/539 417/389/541 416/393/540
f 344/391/542 417/389/541 345/392/539
f 344/391/542 342/388/543 417/389/541
f 417/389/541 342/388/543 83/390/544
f 363/327/545 43/329/546 362/328/547
f 362/328/547 43/329/546 44/330/548
f 37/5/549 106/7/550 36/6/551
f 36/6/551 106/7/550 122/8/552
f 3/9/553 378/11/554 1/10/555
f 1/10/555 378/11/554 306/12/556
f 44/398/557 45/399/558 362/400/559
f 362/400/559 45/399/558 352/401/560
f 45/399/558 46/402/561 352/401/560
f 352/401/560 46/402/561 350/403/562
f 46/402/561 48/404/563 350/403/562
f 350/403/562 48/404/563 349/405/563
f 349/405/563 48/404/563 348/403/564
f 348/403/564 48/404/563 49/402/565
f 348/403/564 49/402/565 347/401/566
f 347/401/566 49/402/565 57/399/567
f 347/401/566 57/399/567 343/400/568
f 343/400/568 57/399/567 78/398/569
f 418/406/570 419/407/571 420/408/571
f 421/409/570 419/407/571 418/406/570
f 421/409/570 310/406/572 419/407/571
f 419/407/571 310/406/572 422/408/571
f 423/410/573 424/411/574 425/412/575
f 425/412/575 424/411/574 426/413/576
f 425/412/575 426/413/576 427/414/577
f 427/414/577 426/413/576 428/415/578
f 427/414/577 428/415/578 429/416/579
f 429/416/579 428/415/578 430/417/580
f 429/416/579 430/417/580 431/418/581
f 431/418/581 430/417/580 432/419/582
f 420/420/583 433/421/584 418/422/585
f 434/423/586 433/421/584 420/420/583
f 435/424/587 433/421/584 434/423/586
f 436/425/588 433/421/584 435/424/587
f 435/424/587 437/426/589 436/425/588
f 438/427/590 437/426/589 435/424/587
f 438/427/590 439/428/591 437/426/589
f 440/429/592 439/428/591 438/427/590
f 440/429/592 441/430/593 439/428/591
f 442/431/594 441/430/593 440/429/592
f 442/431/594 443/432/595 441/430/593
f 444/433/596 443/432/595 442/431/594
f 444/433/596 445/434/597 443/432/595
f 446/435/598 445/434/597 444/433/596
f 446/435/598 447/436/599 445/434/597
f 448/437/599 447/436/599 446/435/598
f 449/376/600 450/374/601 451/377/602
f 452/375/603 450/374/601 449/376/600
f 453/373/604 450/374/601 452/375/603
f 454/372/605 450/374/601 453/373/604
f 455/371/606 454/372/605 453/373/604
f 456/370/607 454/372/605 455/371/606
f 455/371/606 457/368/608 456/370/607
f 456/370/607 457/368/608 458/369/609
f 457/368/608 459/366/610 458/369/609
f 460/367/611 459/366/610 457/368/608
f 461/365/612 459/366/610 460/367/611
f 462/364/613 459/366/610 461/365/612
f 463/361/614 462/364/613 461/365/612
f 464/363/615 462/364/613 463/361/614
f 463/361/614 465/362/616 464/363/615
f 466/360/617 465/362/616 463/361/614
f 467/438/618 421/439/570 418/440/570
f 468/441/618 421/439/570 467/438/618
f 468/441/618 308/438/618 421/439/570
f 421/439/570 308/438/618 310/440/572
f 469/232/619 470/231/620 424/230/574
f 424/230/574 470/231/620 426/233/576
f 471/234/621 426/233/576 470/231/620
f 428/235/578 426/233/576 471/234/621
f 472/236/622 428/235/578 471/234/621
f 430/237/580 428/235/578 472/236/622
f 430/237/580 472/236/622 432/238/582
f 432/238/582 472/236/622 473/239/623
f 451/442/624 474/443/625 449/444/626
f 475/445/627 474/443/625 451/442/624
f 475/445/627 410/442/628 474/443/625
f 474/443/629 410/442/630 333/444/631
f 473/387/632 472/385/633 465/386/634
f 465/386/634 472/385/633 464/384/635
f 472/385/633 471/383/636 464/384/635
f 464/384/635 471/383/636 462/382/637
f 471/383/636 470/381/638 462/382/637
f 462/382/637 470/381/638 459/380/639
f 470/381/638 469/379/640 459/380/639
f 459/380/639 469/379/640 458/378/641
f 418/293/585 433/292/584 467/291/642
f 467/291/642 433/292/584 476/294/643
f 476/294/643 433/292/584 477/295/644
f 477/295/644 433/292/584 436/296/588
f 477/295/644 436/296/588 478/297/645
f 478/297/645 436/296/588 437/298/589
f 478/297/645 437/298/589 479/299/646
f 479/299/646 437/298/589 439/300/591
f 479/299/646 439/300/591 480/301/647
f 480/301/647 439/300/591 441/302/593
f 441/302/593 481/303/648 480/301/647
f 443/304/595 481/303/648 441/302/593
f 443/304/595 482/305/649 481/303/648
f 445/306/597 482/305/649 443/304/595
f 482/305/649 445/306/597 483/307/599
f 483/307/599 445/306/597 447/308/599
f 449/446/650 468/447/650 467/448/650
f 474/449/650 468/447/650 449/446/650
f 474/449/650 333/446/650 468/447/650
f 468/447/650 333/446/650 308/448/650
f 467/311/651 476/310/652 449/309/653
f 449/309/653 476/310/652 452/312/654
f 477/313/655 452/312/654 476/310/652
f 453/314/656 452/312/654 477/313/655
f 477/313/655 455/315/657 453/314/656
f 478/316/658 455/315/657 477/313/655
f 478/316/658 457/317/659 455/315/657
f 479/318/660 457/317/659 478/316/658
f 479/318/660 460/319/661 457/317/659
f 480/320/662 460/319/661 479/318/660
f 480/320/662 461/321/663 460/319/661
f 481/322/664 461/321/663 480/320/662
f 481/322/664 463/323/665 461/321/663
f 482/324/666 463/323/665 481/322/664
f 482/324/666 466/325/667 463/323/665
f 483/326/668 466/325/667 482/324/669
f 484/450/670 485/451/671 486/452/672
f 487/453/673 485/451/671 484/450/670
f 487/453/673 488/454/674 485/451/671
f 485/451/671 488/454/674 489/455/675
f 488/454/674 490/456/676 489/455/675
f 489/455/675 490/456/676 491/457/677
f 490/456/676 492/458/678 491/457/677
f 493/459/679 492/458/678 490/456/676
f 493/459/679 494/460/680 492/458/678
f 495/461/681 494/460/680 493/459/679
f 495/461/681 496/462/682 494/460/680
f 497/463/683 496/462/682 495/461/681
f 497/463/683 498/464/684 496/462/682
f 499/465/685 498/464/684 497/463/683
f 499/465/685 500/466/686 498/464/684
f 501/467/687 500/466/686 499/465/685
f 502/465/688 500/466/686 501/467/687
f 503/464/689 500/466/686 502/465/688
f 504/463/690 503/464/689 502/465/688
f 505/462/691 503/464/689 504/463/690
f 506/461/692 505/462/691 504/463/690
f 507/460/693 505/462/691 506/461/692
f 508/459/694 507/460/693 506/461/692
f 509/458/695 507/460/693 508/459/694
f 510/456/696 509/458/695 508/459/694
f 511/457/697 509/458/695 510/456/696
f 510/456/696 512/455/698 511/457/697
f 513/454/699 512/455/698 510/456/696
f 513/454/699 514/451/700 512/455/698
f 515/453/701 514/451/700 513/454/699
f 515/453/701 516/450/702 514/451/700
f 514/451/700 516/450/702 517/452/703
f 518/468/704 519/469/705 520/470/706
f 521/471/707 519/469/705 518/468/704
f 522/472/708 521/471/707 518/468/704
f 517/473/709 521/471/707 522/472/708
f 516/474/710 521/471/707 517/473/709
f 523/475/711 524/476/712 525/477/713
f 525/477/713 524/476/712 526/478/714
f 525/477/713 526/478/714 527/479/715
f 527/479/715 526/478/714 528/480/716
f 527/479/715 528/480/716 529/481/717
f 529/481/717 528/480/716 530/482/718
f 529/481/717 530/482/718 531/483/719
f 531/483/719 530/482/718 532/484/720
f 533/485/721 504/486/722 502/487/723
f 534/488/724 504/486/722 533/485/721
f 535/489/725 504/486/722 534/488/724
f 506/490/726 504/486/722 535/489/725
f 535/489/725 508/491/727 506/490/726
f 536/492/728 508/491/727 535/489/725
f 537/493/729 508/491/727 536/492/728
f 510/494/730 508/491/727 537/493/729
f 537/493/729 513/495/731 510/494/730
f 538/496/732 513/495/731 537/493/729
f 539/497/733 513/495/731 538/496/732
f 515/498/734 513/495/731 539/497/733
f 521/499/735 515/498/734 539/497/733
f 516/500/736 515/498/734 521/499/735
f 540/499/737 487/498/738 484/500/739
f 541/497/740 487/498/738 540/499/737
f 541/497/740 488/495/741 487/498/738
f 542/496/742 488/495/741 541/497/740
f 542/496/742 543/493/743 488/495/741
f 488/495/741 543/493/743 490/494/744
f 543/493/743 493/491/745 490/494/744
f 544/492/746 493/491/745 543/493/743
f 544/492/746 545/489/747 493/491/745
f 493/491/745 545/489/747 495/490/748
f 545/489/747 497/486/749 495/490/748
f 546/488/750 497/486/749 545/489/747
f 546/488/750 547/485/751 497/486/749
f 497/486/749 547/485/751 499/487/752
f 547/485/751 501/501/753 499/487/752
f 548/502/754 501/501/753 547/485/751
f 533/485/721 501/501/753 548/502/754
f 502/487/723 501/501/753 533/485/721
f 547/503/755 549/504/756 550/505/757
f 546/506/758 549/504/756 547/503/755
f 546/506/758 551/507/759 549/504/756
f 545/508/760 551/507/759 546/506/758
f 545/508/760 552/509/761 551/507/759
f 544/510/762 552/509/761 545/508/760
f 544/510/762 553/511/763 552/509/761
f 543/512/764 553/511/763 544/510/762
f 542/513/765 553/511/763 543/512/764
f 554/514/766 553/511/763 542/513/765
f 541/515/767 554/514/766 542/513/765
f 555/516/768 554/514/766 541/515/767
f 541/515/767 556/517/769 555/516/768
f 540/518/770 556/517/769 541/515/767
f 539/515/771 519/517/772 521/518/773
f 557/516/774 519/517/772 539/515/771
f 539/515/771 558/514/775 557/516/774
f 538/513/776 558/514/775 539/515/771
f 558/514/775 538/513/776 559/511/777
f 559/511/777 538/513/776 537/512/778
f 536/510/779 559/511/777 537/512/778
f 560/509/780 559/511/777 536/510/779
f 535/508/781 560/509/780 536/510/779
f 561/507/782 560/509/780 535/508/781
f 534/506/783 561/507/782 535/508/781
f 562/504/784 561/507/782 534/506/783
f 533/503/785 562/504/784 534/506/783
f 563/505/786 562/504/784 533/503/785
f 548/519/787 563/505/786 533/503/785
f 564/520/788 563/505/786 548/519/787
f 548/519/787 550/505/757 564/520/788
f 547/503/755 550/505/757 548/519/787
f 565/475/789 566/477/790 567/476/791
f 567/476/791 566/477/790 568/478/792
f 566/477/790 569/479/793 568/478/792
f 568/478/792 569/479/793 570/480/794
f 569/479/793 571/481/795 570/480/794
f 570/480/794 571/481/795 572/482/796
f 571/481/795 573/483/797 572/482/796
f 572/482/796 573/483/798 574/484/799
f 575/410/800 576/412/801 257/411/297
f 257/411/297 576/412/801 260/413/300
f 576/412/801 577/414/802 260/413/300
f 260/413/300 577/414/802 262/415/302
f 577/414/802 578/416/803 262/415/302
f 262/415/302 578/416/803 264/417/304
f 578/416/803 579/418/804 264/417/304
f 264/417/304 579/418/804 265/419/305
f 580/521/805 581/522/806 582/523/807
f 582/523/807 581/522/806 583/524/806
f 583/524/806 581/522/806 584/525/808
f 584/525/808 581/522/806 585/526/809
f 584/525/808 585/526/809 586/527/810
f 586/527/810 585/526/809 587/528/811
f 586/527/810 587/528/811 588/529/812
f 588/529/812 587/528/811 589/530/812
f 589/530/812 590/531/813 588/529/812
f 588/529/812 590/531/813 591/532/814
f 590/531/813 592/533/815 591/532/814
f 591/532/814 592/533/815 593/534/816
f 592/533/815 594/535/817 593/534/816
f 593/534/816 594/535/817 595/536/818
f 595/536/818 594/535/817 596/537/819
f 596/537/819 594/535/817 597/538/820
f 596/537/819 597/538/820 598/539/821
f 598/539/821 597/538/820 599/540/822
f 598/539/821 599/540/822 600/541/823
f 600/541/823 599/540/822 601/542/823
f 601/542/823 602/543/824 600/541/823
f 600/541/823 602/543/824 603/544/825
f 602/543/824 580/521/805 603/544/825
f 603/544/825 580/521/805 582/523/807
f 604/132/205 605/134/203 606/133/204
f 606/133/204 605/134/203 607/135/203
f 605/134/203 608/136/202 607/135/203
f 609/137/201 608/136/202 605/134/203
f 609/137/201 610/138/200 608/136/202
f 611/139/199 610/138/200 609/137/201
f 611/139/199 612/140/198 610/138/200
f 613/141/198 612/140/198 611/139/199
f 613/141/198 614/142/197 612/140/198
f 612/140/198 614/142/197 615/143/196
f 614/142/197 616/144/195 615/143/196
f 615/143/196 616/144/195 617/145/194
f 616/144/195 618/146/193 617/145/194
f 617/145/194 618/146/193 619/147/193
f 618/146/193 620/148/192 619/147/193
f 621/149/191 620/148/192 618/146/193
f 621/149/191 622/126/190 620/148/192
f 623/128/189 622/126/190 621/149/191
f 623/128/189 624/127/187 622/126/190
f 625/129/187 624/127/187 623/128/189
f 625/129/187 626/130/188 624/127/187
f 624/127/187 626/130/188 627/131/186
f 626/130/188 604/132/205 627/131/186
f 627/131/186 604/132/205 606/133/204
f 606/212/94 607/214/94 580/213/94
f 580/213/94 607/214/94 581/215/94
f 607/214/94 585/216/94 581/215/94
f 608/217/94 585/216/94 607/214/94
f 608/217/94 587/218/94 585/216/94
f 610/219/94 587/218/94 608/217/94
f 610/219/94 589/220/94 587/218/94
f 612/221/94 589/220/94 610/219/94
f 612/221/94 615/222/94 589/220/94
f 589/220/94 615/222/94 590/223/94
f 615/222/94 617/224/94 590/223/94
f 590/223/94 617/224/94 592/225/94
f 617/224/94 619/226/94 592/225/94
f 592/225/94 619/226/94 594/227/94
f 619/226/94 597/228/94 594/227/94
f 620/229/94 597/228/94 619/226/94
f 620/229/94 599/206/94 597/228/94
f 622/208/94 599/206/94 620/229/94
f 622/208/94 601/207/94 599/206/94
f 624/209/94 601/207/94 622/208/94
f 624/209/94 627/210/94 601/207/94
f 601/207/94 627/210/94 602/211/94
f 627/210/94 606/212/94 602/211/94
f 602/211/94 606/212/94 580/213/94
f 628/545/826 329/74/827 331/75/828
f 375/546/829 329/74/827 628/545/826
f 629/547/830 375/546/829 628/545/826
f 373/548/831 375/546/829 629/547/830
f 629/547/830 370/549/832 373/548/831
f 630/550/833 370/549/832 629/547/830
f 630/550/833 631/547/834 370/549/832
f 370/549/832 631/547/834 368/548/835
f 368/548/835 631/547/834 367/546/836
f 367/546/836 631/547/834 632/545/837
f 367/546/836 632/545/837 102/74/838
f 102/74/838 632/545/837 103/75/839
f 484/474/840 486/473/841 540/471/842
f 486/473/841 633/472/843 540/471/842
f 540/471/842 633/472/843 634/468/844
f 634/468/844 556/469/845 540/471/842
f 635/470/846 556/469/845 634/468/844
f 218/266/270 395/267/464 220/268/272
f 395/267/464 396/269/465 220/268/272
f 220/268/272 396/269/465 235/270/287
f 396/269/465 397/271/466 235/270/287
f 235/270/287 397/271/466 236/272/288
f 397/271/466 237/258/289 236/272/288
f 614/71/94 613/73/94 611/72/94
f 609/70/94 614/71/94 611/72/94
f 616/69/94 614/71/94 609/70/94
f 609/70/94 605/68/94 616/69/94
f 616/69/94 605/68/94 618/67/94
f 604/66/94 618/67/94 605/68/94
f 621/65/94 618/67/94 604/66/94
f 604/66/94 626/62/94 621/65/94
f 621/65/94 626/62/94 623/63/94
f 626/62/94 625/64/94 623/63/94
f 217/551/269 636/552/847 393/553/462
f 216/554/268 636/552/847 217/551/269
f 216/554/268 215/555/267 636/552/847
f 636/552/847 215/555/267 637/556/848
f 214/557/266 637/556/848 215/555/267
f 638/558/849 637/556/848 214/557/266
f 214/557/266 639/556/850 638/558/849
f 213/555/265 639/556/850 214/557/266
f 213/555/265 640/552/851 639/556/850
f 212/554/264 640/552/851 213/555/265
f 212/554/264 211/551/263 640/552/851
f 640/552/851 211/551/263 292/553/332
f 309/421/349 422/420/852 310/422/350
f 641/423/853 422/420/852 309/421/349
f 641/423/853 309/421/349 642/424/854
f 642/424/854 309/421/349 313/425/353
f 315/426/355 642/424/854 313/425/353
f 643/427/855 642/424/854 315/426/355
f 315/426/355 317/428/357 643/427/855
f 643/427/855 317/428/357 644/429/856
f 319/430/359 644/429/856 317/428/357
f 645/431/857 644/429/856 319/430/359
f 321/432/361 645/431/857 319/430/359
f 646/433/858 645/431/857 321/432/361
f 323/434/363 646/433/858 321/432/361
f 647/435/859 646/433/858 323/434/363
f 325/436/364 647/435/859 323/434/363
f 648/437/364 647/435/859 325/436/364
f 12/559/860 401/560/861 11/561/862
f 11/561/862 401/560/861 364/562/863
f 401/560/861 393/563/864 364/562/863
f 364/562/863 393/563/864 365/564/865
f 636/565/866 365/564/865 393/563/864
f 366/566/867 365/564/865 636/565/866
f 636/565/866 637/567/868 366/566/867
f 366/566/867 637/567/868 369/568/869
f 637/567/868 371/569/870 369/568/869
f 638/570/870 371/569/870 637/567/868
f 639/567/871 371/569/870 638/570/870
f 372/568/872 371/569/870 639/567/871
f 639/567/871 374/566/873 372/568/872
f 640/565/874 374/566/873 639/567/871
f 640/565/874 376/564/875 374/566/873
f 292/563/876 376/564/875 640/565/874
f 292/563/876 377/562/877 376/564/875
f 300/560/878 377/562/877 292/563/876
f 377/562/877 300/560/878 378/561/879
f 378/561/879 300/560/878 306/559/880
f 649/571/881 650/572/882 651/573/883
f 652/574/884 650/572/882 649/571/881
f 652/574/884 653/575/885 650/572/882
f 654/576/886 653/575/885 652/574/884
f 654/576/886 655/577/887 653/575/885
f 656/578/888 655/577/887 654/576/886
f 657/579/889 655/577/887 656/578/888
f 658/580/890 655/577/887 657/579/889
f 657/579/889 659/581/891 658/580/890
f 660/582/892 659/581/891 657/579/889
f 661/583/893 659/581/891 660/582/892
f 662/584/894 659/581/891 661/583/893
f 661/583/893 663/585/895 662/584/894
f 664/586/896 663/585/895 661/583/893
f 664/586/896 665/587/897 663/585/895
f 666/588/898 665/587/897 664/586/896
f 666/588/898 532/589/899 665/587/897
f 531/590/900 532/589/899 666/588/898
f 667/591/901 668/592/902 669/593/903
f 670/594/904 668/592/902 667/591/901
f 670/594/904 671/595/905 668/592/902
f 668/592/902 671/595/905 672/596/906
f 671/595/905 673/597/907 672/596/906
f 674/598/908 673/597/907 671/595/905
f 674/598/908 675/599/909 673/597/907
f 673/597/907 675/599/909 676/600/910
f 675/599/909 677/601/911 676/600/910
f 678/602/912 677/601/911 675/599/909
f 678/602/912 679/603/913 677/601/911
f 677/601/911 679/603/913 680/604/914
f 679/603/913 681/605/915 680/604/914
f 682/606/916 681/605/915 679/603/913
f 682/606/916 683/607/917 681/605/915
f 684/608/918 683/607/917 682/606/916
f 684/608/918 567/609/919 683/607/917
f 565/610/920 567/609/919 684/608/918
f 685/611/921 686/612/922 651/613/923
f 687/614/924 686/612/922 685/611/921
f 686/612/922 687/614/924 688/615/925
f 688/615/925 687/614/924 689/616/926
f 689/616/926 690/617/927 688/615/925
f 691/618/928 690/617/927 689/616/926
f 690/617/927 691/618/928 692/619/929
f 692/619/929 691/618/928 693/620/930
f 692/619/929 693/620/930 694/621/931
f 694/621/931 693/620/930 695/622/932
f 695/622/932 696/623/933 694/621/931
f 694/621/931 696/623/933 697/624/934
f 696/623/933 698/625/935 697/624/934
f 697/624/934 698/625/935 699/626/936
f 699/626/936 698/625/935 700/627/937
f 700/627/937 698/625/935 635/628/938
f 700/627/937 635/628/938 574/629/939
f 574/629/939 635/628/938 572/630/940
f 634/631/941 572/630/940 635/628/938
f 570/632/942 572/630/940 634/631/941
f 633/633/943 570/632/942 634/631/941
f 568/634/944 570/632/942 633/633/943
f 633/633/943 567/635/945 568/634/944
f 683/636/946 567/635/945 633/633/943
f 701/637/947 683/636/946 633/633/943
f 681/638/948 683/636/946 701/637/947
f 701/637/947 702/639/949 681/638/948
f 681/638/948 702/639/949 680/640/950
f 702/639/949 703/641/951 680/640/950
f 680/640/950 703/641/951 677/642/952
f 677/642/952 703/641/951 676/643/953
f 676/643/953 703/641/951 704/644/954
f 704/644/954 673/645/955 676/643/953
f 705/646/956 673/645/955 704/644/954
f 673/645/955 705/646/956 672/647/957
f 672/647/957 705/646/956 706/648/958
f 706/648/958 668/649/959 672/647/957
f 707/650/960 668/649/959 706/648/958
f 668/649/959 707/650/960 669/651/961
f 669/651/961 707/650/960 708/652/962
f 708/652/962 709/650/963 669/651/961
f 669/651/961 709/650/963 710/649/964
f 711/648/965 710/649/964 709/650/963
f 712/647/966 710/649/964 711/648/965
f 711/648/965 713/646/967 712/647/966
f 712/647/966 713/646/967 714/645/968
f 715/644/969 714/645/968 713/646/967
f 716/643/970 714/645/968 715/644/969
f 715/644/969 717/641/971 716/643/970
f 716/643/970 717/641/971 718/642/972
f 717/641/971 719/640/973 718/642/972
f 720/639/974 719/640/973 717/641/971
f 719/640/973 720/639/974 721/638/975
f 721/638/975 720/639/974 722/637/976
f 722/637/976 723/636/977 721/638/975
f 522/633/978 723/636/977 722/637/976
f 522/633/978 524/635/979 723/636/977
f 526/634/980 524/635/979 522/633/978
f 522/633/978 528/632/981 526/634/980
f 518/631/982 528/632/981 522/633/978
f 528/632/981 518/631/982 530/630/983
f 530/630/983 518/631/982 520/628/984
f 530/630/983 520/628/984 532/629/985
f 532/629/985 520/628/984 665/627/986
f 724/625/987 665/627/986 520/628/984
f 663/626/988 665/627/986 724/625/987
f 663/626/988 724/625/987 662/624/989
f 662/624/989 724/625/987 725/623/990
f 662/624/989 725/623/990 659/621/991
f 659/621/991 725/623/990 726/622/992
f 727/620/993 659/621/991 726/622/992
f 658/619/994 659/621/991 727/620/993
f 727/620/993 728/618/995 658/619/994
f 658/619/994 728/618/995 655/617/996
f 728/618/995 729/616/997 655/617/996
f 655/617/996 729/616/997 653/615/998
f 729/616/997 730/614/999 653/615/998
f 653/615/998 730/614/999 650/612/1000
f 685/611/921 650/612/1000 730/614/999
f 651/613/923 650/612/1000 685/611/921
f 731/523/819 248/521/820 732/544/821
f 731/523/819 249/522/818 248/521/820
f 733/524/818 249/522/818 731/523/819
f 733/524/818 734/525/1001 249/522/818
f 249/522/818 734/525/1001 250/526/1002
f 734/525/1001 735/527/814 250/526/1002
f 250/526/1002 735/527/814 251/528/813
f 735/527/814 736/529/812 251/528/813
f 251/528/813 736/529/812 252/530/812
f 736/529/812 253/531/811 252/530/812
f 737/532/810 253/531/811 736/529/812
f 737/532/810 254/533/809 253/531/811
f 738/534/808 254/533/809 737/532/810
f 738/534/808 255/535/806 254/533/809
f 739/536/806 255/535/806 738/534/808
f 739/536/806 740/537/807 255/535/806
f 255/535/806 740/537/807 256/538/805
f 740/537/807 741/539/825 256/538/805
f 256/538/805 741/539/825 245/540/824
f 741/539/825 742/541/823 245/540/824
f 245/540/824 742/541/823 246/542/823
f 742/541/823 247/543/822 246/542/823
f 732/544/821 247/543/822 742/541/823
f 732/544/821 248/521/820 247/543/822
f 743/608/1003 524/609/1004 523/610/1005
f 723/607/1006 524/609/1004 743/608/1003
f 744/606/1007 723/607/1006 743/608/1003
f 721/605/1008 723/607/1006 744/606/1007
f 745/603/1009 721/605/1008 744/606/1007
f 719/604/1010 721/605/1008 745/603/1009
f 745/603/1009 718/601/1011 719/604/1010
f 746/602/1012 718/601/1011 745/603/1009
f 747/599/1013 718/601/1011 746/602/1012
f 716/600/1014 718/601/1011 747/599/1013
f 747/599/1013 714/597/1015 716/600/1014
f 748/598/1016 714/597/1015 747/599/1013
f 749/595/1017 714/597/1015 748/598/1016
f 712/596/1018 714/597/1015 749/595/1017
f 749/595/1017 710/592/1019 712/596/1018
f 750/594/1020 710/592/1019 749/595/1017
f 667/591/901 710/592/1019 750/594/1020
f 669/593/903 710/592/1019 667/591/901
f 573/590/1021 751/588/1022 574/589/1023
f 574/589/1023 751/588/1022 700/587/1024
f 752/586/1025 700/587/1024 751/588/1022
f 699/585/1026 700/587/1024 752/586/1025
f 752/586/1025 753/583/1027 699/585/1026
f 699/585/1026 753/583/1027 697/584/1028
f 753/583/1027 694/581/1029 697/584/1028
f 754/582/1030 694/581/1029 753/583/1027
f 754/582/1030 755/579/1031 694/581/1029
f 694/581/1029 755/579/1031 692/580/1032
f 755/579/1031 690/577/1033 692/580/1032
f 756/578/1034 690/577/1033 755/579/1031
f 756/578/1034 757/576/1035 690/577/1033
f 690/577/1033 757/576/1035 688/575/1036
f 757/576/1035 758/574/1037 688/575/1036
f 688/575/1036 758/574/1037 686/572/1038
f 758/574/1037 649/571/881 686/572/1038
f 686/572/1038 649/571/881 651/573/883
f 486/653/1039 485/654/1040 633/655/1041
f 633/655/1041 485/654/1040 701/656/1042
f 485/654/1040 489/657/1043 701/656/1042
f 701/656/1042 489/657/1043 702/658/1044
f 489/657/1043 703/659/1045 702/658/1044
f 491/660/1046 703/659/1045 489/657/1043
f 491/660/1046 492/661/1047 703/659/1045
f 703/659/1045 492/661/1047 704/662/1048
f 492/661/1047 705/663/1049 704/662/1048
f 494/664/1050 705/663/1049 492/661/1047
f 496/665/1051 705/663/1049 494/664/1050
f 706/666/1052 705/663/1049 496/665/1051
f 496/665/1051 707/667/1053 706/666/1052
f 498/668/1054 707/667/1053 496/665/1051
f 498/668/1054 500/669/1055 707/667/1053
f 707/667/1053 500/669/1055 708/670/1056
f 500/669/1055 709/667/1057 708/670/1056
f 503/668/1058 709/667/1057 500/669/1055
f 505/665/1059 709/667/1057 503/668/1058
f 711/666/1060 709/667/1057 505/665/1059
f 505/665/1059 713/663/1061 711/666/1060
f 507/664/1062 713/663/1061 505/665/1059
f 509/661/1063 713/663/1061 507/664/1062
f 715/662/1064 713/663/1061 509/661/1063
f 509/661/1063 717/659/1065 715/662/1064
f 511/660/1066 717/659/1065 509/661/1063
f 512/657/1067 717/659/1065 511/660/1066
f 720/658/1068 717/659/1065 512/657/1067
f 512/657/1067 722/656/1069 720/658/1068
f 514/654/1070 722/656/1069 512/657/1067
f 514/654/1070 522/655/1071 722/656/1069
f 517/653/1072 522/655/1071 514/654/1070
f 557/671/1073 520/672/1074 519/673/1075
f 724/674/1076 520/672/1074 557/671/1073
f 557/671/1073 558/675/1077 724/674/1076
f 724/674/1076 558/675/1077 725/676/1078
f 558/675/1077 559/677/1079 725/676/1078
f 725/676/1078 559/677/1079 726/678/1080
f 560/679/1081 726/678/1080 559/677/1079
f 727/680/1082 726/678/1080 560/679/1081
f 560/679/1081 728/681/1083 727/680/1082
f 561/682/1084 728/681/1083 560/679/1081
f 561/682/1084 562/683/1085 728/681/1083
f 728/681/1083 562/683/1085 729/684/1086
f 729/684/1086 562/683/1085 730/685/1087
f 730/685/1087 562/683/1085 563/686/1088
f 563/686/1088 564/687/1089 730/685/1087
f 730/685/1087 564/687/1089 685/688/1090
f 564/687/1089 687/685/1091 685/688/1090
f 550/686/1092 687/685/1091 564/687/1089
f 549/683/1093 687/685/1091 550/686/1092
f 689/684/1094 687/685/1091 549/683/1093
f 549/683/1093 691/681/1095 689/684/1094
f 551/682/1096 691/681/1095 549/683/1093
f 552/679/1097 691/681/1095 551/682/1096
f 693/680/1098 691/681/1095 552/679/1097
f 693/680/1098 552/679/1097 695/678/1099
f 695/678/1099 552/679/1097 553/677/1100
f 695/678/1099 553/677/1100 696/676/1101
f 696/676/1101 553/677/1100 554/675/1102
f 554/675/1102 698/674/1103 696/676/1101
f 555/671/1104 698/674/1103 554/675/1102
f 698/674/1103 555/671/1104 635/672/1105
f 635/672/1105 555/671/1104 556/673/1106
